// SPDX-License-Identifier: MIT
// Generated by tools/convert_presentation.py; do not edit.
enum { PRESENTATION_CHROMA = 0xf81f };
static const uint16_t checkers_art[6][2304] = {
 {
  0xffbb,0xee12,0xf632,0xe5d0,0xe5af,0xedf0,0xee32,0xee11,0xedaf,0xee11,0xedf0,0xedd0,0xee11,0xee11,0xee11,0xe5ae,
  0xf632,0xf631,0xf652,0xedd0,0xedf0,0xedf0,0xf631,0xedf0,0xe54d,0xedae,0xedaf,0xe52c,0xe56e,0xe58e,0xe54d,0xe56d,
  0xedaf,0xedaf,0xedf0,0xedcf,0xedd0,0xedf0,0xedd0,0xe58f,0xedaf,0xedaf,0xe5af,0xe56e,0xdd4d,0xe5af,0xedae,0xe56e,
  0xe58f,0xedaf,0xe58e,0xedd0,0xedd0,0xe58e,0xe56d,0xd4ca,0xdd2c,0xe54d,0xe58e,0xedcf,0xed8e,0xe58e,0xe5af,0xe54d,
  0xedf0,0xedaf,0xedcf,0xedaf,0xedcf,0xe58f,0xedcf,0xdd2d,0xe58e,0xe58f,0xe58e,0xe5af,0xedd0,0xedf0,0xedaf,0xee11,
  0xe58e,0xe56e,0xe58e,0xe56e,0xe58f,0xe5af,0xe5ae,0xedcf,0xe56e,0xe58e,0xe5ae,0xe5af,0xe58e,0xe56d,0xe54d,0xe56d,
  0xe5d0,0xe5b0,0xedd0,0xee11,0xe5b0,0xee11,0xedf1,0xedf0,0xedd0,0xe5af,0xe5af,0xedf0,0xedd0,0xe5d0,0xedf1,0xe58f,
  0xe56e,0xe56e,0xe56e,0xe56d,0xe52c,0xdceb,0xdd0c,0xe54c,0xe58e,0xe58f,0xe5af,0xe54d,0xe56e,0xe56e,0xe56e,0xe58e,
  0xe58f,0xe58f,0xe58f,0xedd0,0xe5af,0xe56e,0xe58f,0xe58f,0xe58f,0xe5ae,0xe58e,0xe56e,0xedf0,0xe5af,0xedd0,0xdd4e,
  0xee11,0xee11,0xe58f,0xee11,0xee11,0xedcf,0xf632,0xe5af,0xe5af,0xedaf,0xedaf,0xe58e,0xe5b0,0xe5af,0xedf0,0xedf0,
  0xedf0,0xedf0,0xedf0,0xedf0,0xe58e,0xe5af,0xe5d0,0xedd0,0xe5af,0xedcf,0xe5af,0xe58e,0xe5af,0xe56e,0xe58e,0xedae,
  0xe58e,0xe54d,0xdd2c,0xe52c,0xe54d,0xe56e,0xe58e,0xedaf,0xe56e,0xdd4e,0xdd2d,0xdd0c,0xe56e,0xe5af,0xe5af,0xe58f,
  0xe5af,0xe58e,0xe5af,0xe58f,0xe56e,0xe58f,0xedf0,0xe5af,0xedf1,0xedd0,0xedf1,0xedd0,0xe5d0,0xe5af,0xe58f,0xedf0,
  0xedd0,0xedd0,0xe5b0,0xedf0,0xee11,0xedf1,0xe56e,0xe56e,0xe56d,0xe58e,0xedd0,0xe5af,0xdd2d,0xe58f,0xe5af,0xe58e,
  0xe5af,0xe5af,0xedcf,0xe5af,0xe5af,0xe58f,0xe56e,0xedd0,0xe56e,0xe5af,0xe58f,0xe56e,0xe5af,0xdd6e,0xe58e,0xdd4d,
  0xedf1,0xe56f,0xe5af,0xedf0,0xe5af,0xedcf,0xe58e,0xdd0c,0xdd2d,0xedcf,0xe56e,0xedcf,0xe5d0,0xe5af,0xe5d0,0xe58f,
  0xe5af,0xe56e,0xe58f,0xedf0,0xee31,0xee11,0xe5d0,0xe5d0,0xe5b0,0xe5af,0xedf0,0xedcf,0xedd0,0xdd4e,0xe5d0,0xedf0,
  0xe5d0,0xe5b0,0xe58f,0xe5af,0xe58f,0xe58e,0xe58f,0xe5af,0xe5af,0xe58e,0xedd0,0xe56e,0xe58e,0xe56e,0xdd4e,0xdd4e,
  0xe5b0,0xedd0,0xf611,0xee11,0xe5b0,0xedf1,0xe5b0,0xedd0,0xee11,0xedf0,0xe5af,0xe5d0,0xe5af,0xe58f,0xe5af,0xedae,
  0xe5b0,0xdd6e,0xe5af,0xe58f,0xdd2d,0xdd0c,0xdd2c,0xdd0c,0xdd0c,0xdd0c,0xdd2d,0xe58f,0xe56e,0xdd6e,0xe56e,0xe56e,
  0xdd6e,0xdd4e,0xe56e,0xe58f,0xe5d0,0xedd0,0xe5af,0xe58f,0xedcf,0xe5d0,0xe5af,0xe58f,0xe58f,0xe56e,0xe58e,0xe56e,
  0xe5d0,0xe5d0,0xe5af,0xe58f,0xe5f1,0xedf1,0xedf0,0xedd0,0xe5af,0xe5cf,0xe5d0,0xe5af,0xe5cf,0xedd0,0xe58f,0xedcf,
  0xe5af,0xe5af,0xedd0,0xee11,0xe5b0,0xe5af,0xedd0,0xedd0,0xe5af,0xe5af,0xe5af,0xe58e,0xe58f,0xe5af,0xe58e,0xe5af,
  0xe58f,0xdd2d,0xe58e,0xe56e,0xe58e,0xe54d,0xdd4c,0xdd0c,0xdd2c,0xe54d,0xe56e,0xe56d,0xe58e,0xe58e,0xe54d,0xdd6d,
  0xe5f1,0xe58f,0xedf1,0xedd0,0xedaf,0xedd0,0xedf1,0xe58f,0xedd0,0xe5af,0xedb0,0xee11,0xe5d0,0xe5d0,0xe58f,0xe5af,
  0xee11,0xedf1,0xee11,0xe5d0,0xedd0,0xe5b0,0xe5af,0xe5d0,0xe56e,0xedaf,0xe5af,0xe5cf,0xe5af,0xe58f,0xe58f,0xe58f,
  0xe5af,0xe58f,0xe58f,0xe5af,0xedf0,0xe58f,0xedd0,0xe5af,0xe58f,0xe58f,0xdd4e,0xe56e,0xdd6d,0xe58f,0xdd4e,0xdd0c,
  0xdd6e,0xdd2c,0xdd4c,0xdcea,0xdd4c,0xdd0b,0xe58e,0xe5b0,0xe58e,0xe5b0,0xe58f,0xe5af,0xe5af,0xe56e,0xe58f,0xe56e,
  0xe5b0,0xee11,0xe5b0,0xe5af,0xe5af,0xedaf,0xedcf,0xe5cf,0xe5d0,0xe58e,0xedcf,0xe5af,0xedd0,0xe58f,0xe54e,0xedd0,
  0xe5af,0xe56e,0xe5af,0xedd0,0xe58f,0xe5cf,0xee11,0xe5d1,0xe5af,0xdd6f,0xe56e,0xdd6e,0xe5af,0xe58e,0xdd6e,0xe56e,
  0xee12,0xedd0,0xedd0,0xe5af,0xe58f,0xe5af,0xedf0,0xe58e,0xe5af,0xedf0,0xe5af,0xdd2c,0xe5d0,0xe56e,0xe56e,0xdceb,
  0xdceb,0xdceb,0xe54c,0xe56e,0xe56e,0xe56e,0xedaf,0xdd4e,0xe56e,0xe58e,0xdd2c,0xe56e,0xedae,0xe58f,0xe58e,0xedaf,
  0xe58e,0xe58e,0xe58f,0xe58e,0xe58f,0xe5d0,0xe5af,0xe56e,0xe58f,0xedd0,0xe5af,0xe58f,0xe5af,0xe58f,0xe58e,0xe5ae,
  0xee33,0xe5b0,0xedf1,0xedaf,0xe58e,0xe58e,0xee11,0xedd0,0xedd0,0xee11,0xe5d0,0xedf0,0xe5b0,0xedf1,0xe5af,0xee11,
  0xe5b0,0xedd0,0xedf0,0xe58e,0xe56e,0xe58f,0xe5af,0xe56e,0xedaf,0xedae,0xe58e,0xe58f,0xe58f,0xe58e,0xe58e,0xe56e,
  0xe58f,0xe56e,0xe58e,0xdd2d,0xdd2d,0xdd2c,0xd4ca,0xdd0c,0xdceb,0xdd2c,0xdceb,0xdd2c,0xdd4d,0xe58e,0xe5af,0xdd6d,
  0xe5d1,0xe58e,0xedaf,0xedf0,0xe58e,0xedd0,0xedb0,0xe5b0,0xedf1,0xee11,0xedf1,0xe5d0,0xe5b0,0xe5b0,0xe5d0,0xe5af,
  0xe5d0,0xedf1,0xee11,0xedf0,0xedd0,0xedf0,0xe5af,0xe5af,0xedf1,0xedaf,0xe5b0,0xe56e,0xe5af,0xe5af,0xe5af,0xe58e,
  0xe5af,0xedf0,0xe58f,0xe5af,0xe5d0,0xe5b0,0xe5d0,0xe5af,0xe58f,0xe58f,0xe5af,0xdd6e,0xdd6e,0xe58e,0xdd4d,0xdd2d,
  0xe56e,0xedcf,0xedf0,0xee11,0xe58f,0xe54d,0xe58e,0xe54e,0xedf1,0xe5af,0xe5af,0xedd0,0xedf1,0xe5af,0xe56e,0xdd4d,
  0xe5ae,0xe5af,0xe5af,0xedd0,0xe5af,0xe5af,0xe58f,0xedd0,0xedd0,0xedcf,0xe5af,0xedcf,0xedd0,0xe5af,0xedf0,0xe5af,
  0xe5af,0xe58e,0xe5af,0xe5af,0xe5d0,0xe5b0,0xe58e,0xe56e,0xdd4d,0xe58e,0xe58e,0xe5d0,0xe58f,0xe5ae,0xe56e,0xe56d,
  0xe5b0,0xe5af,0xedf0,0xedf0,0xedd0,0xe5af,0xedf0,0xe56e,0xe58e,0xe58f,0xe5af,0xedd0,0xe5af,0xe5af,0xedf0,0xe5cf,
  0xedf0,0xedf0,0xedf0,0xedf0,0xedd0,0xedcf,0xedd0,0xe5d0,0xedd0,0xedf0,0xedf0,0xe5af,0xedd0,0xe56e,0xe58e,0xe56e,
  0xe56e,0xe56e,0xe58e,0xe58e,0xe58e,0xe58e,0xedf0,0xe58f,0xe5af,0xe58f,0xedf0,0xe5af,0xe5af,0xedd0,0xedaf,0xe58e,
  0xe5b0,0xe58f,0xe5af,0xe5af,0xe58f,0xedd0,0xe5cf,0xe5d0,0xe56e,0xedf0,0xedd0,0xedcf,0xe58f,0xe58e,0xe58f,0xe58f,
  0xe5d0,0xe5d0,0xedd0,0xe5af,0xe58e,0xe58f,0xe5af,0xe58f,0xedf0,0xe5af,0xe5af,0xe5af,0xe56e,0xe58e,0xe58e,0xe58f,
  0xe58f,0xdd6e,0xdd6f,0xe5b0,0xdd6e,0xe56e,0xe5af,0xe58f,0xe56e,0xe56e,0xe58f,0xe56f,0xe56e,0xedcf,0xe56e,0xdd2d,
  0xe58f,0xe5af,0xedf0,0xedd0,0xe58f,0xe58f,0xe5af,0xe58f,0xe58f,0xe58f,0xe5b0,0xe56f,0xe5af,0xe58e,0xedd0,0xe58e,
  0xedae,0xe58f,0xe58f,0xedaf,0xe58f,0xe56e,0xe56f,0xe5af,0xe58f,0xe5af,0xe58f,0xe58f,0xe58f,0xe58f,0xdd6e,0xe56e,
  0xe5af,0xe58f,0xe58f,0xe5ae,0xe58e,0xe5af,0xe5ae,0xe58f,0xedcf,0xe56e,0xe56e,0xe56e,0xe58e,0xe58e,0xe56e,0xdd4d,
  0xe5af,0xe58e,0xe56e,0xe58e,0xe5d0,0xe58f,0xedd0,0xedd0,0xedf0,0xe58e,0xedf0,0xe5af,0xedf0,0xe56e,0xe5af,0xe58e,
  0xe5b0,0xe5b0,0xedd0,0xe5af,0xe5af,0xe5af,0xe58f,0xe58f,0xe5b0,0xedd0,0xe58f,0xe5d0,0xe5af,0xe58f,0xedf0,0xe58f,
  0xe58f,0xe58f,0xe5ae,0xe58e,0xe58f,0xe5af,0xdd6e,0xe56e,0xe56e,0xe56e,0xe58e,0xe54d,0xe58e,0xe56d,0xdd4e,0xdd4d,
  0xdd2e,0xdd4e,0xdd4d,0xe58e,0xe56d,0xe58e,0xe58e,0xe56e,0xe54d,0xdd0b,0xd4ca,0xdd0b,0xdd2d,0xe54c,0xe54d,0xe58e,
  0xe58e,0xe56d,0xe58d,0xdd4d,0xdd4d,0xe56e,0xe56e,0xdd4d,0xe58e,0xe56d,0xe56d,0xdd0c,0xdd0b,0xdd0b,0xd4ca,0xd4ca,
  0xd4ca,0xd4aa,0xd4aa,0xdceb,0xd4eb,0xdd2c,0xdd0c,0xdd4d,0xdd2c,0xdd2c,0xdd2d,0xe54c,0xdd2c,0xdd2c,0xdd0b,0xdceb,
  0xe5b0,0xedcf,0xe5af,0xe58e,0xdd4e,0xe5af,0xe58e,0xe58f,0xe58f,0xe58f,0xdd6e,0xe56e,0xe54d,0xdd6e,0xedd0,0xe5af,
  0xe58f,0xdd4e,0xe56e,0xdd6e,0xe5af,0xdd6e,0xe56f,0xe58f,0xe5af,0xe5af,0xe58f,0xdd6e,0xe56e,0xe58e,0xe58e,0xe5af,
  0xdd6e,0xedaf,0xe56e,0xe56e,0xe5d0,0xdd4d,0xdd4d,0xe56e,0xe58f,0xe58e,0xe5af,0xe56e,0xe56e,0xe54e,0xdd4e,0xdd4d,
  0xe5b0,0xe5af,0xe58e,0xedcf,0xe58f,0xe58f,0xe5d0,0xe5af,0xe5d0,0xe5d0,0xe58e,0xe56e,0xe5af,0xe5af,0xe5af,0xedf0,
  0xe5d0,0xe5d0,0xedd0,0xe5af,0xe5af,0xe5af,0xe58e,0xe5d0,0xe58e,0xe58e,0xe58e,0xe58f,0xe5af,0xe56e,0xe56e,0xdd4d,
  0xe5af,0xe5af,0xe5af,0xedae,0xdd4d,0xe58f,0xe56e,0xedd0,0xe5af,0xe56e,0xe56e,0xdd4d,0xdd6d,0xe58e,0xdd4d,0xe56d,
  0xe5d0,0xe58f,0xedd0,0xe58f,0xe5af,0xedd0,0xe56e,0xe58f,0xee11,0xedf0,0xedf1,0xe56e,0xe5af,0xe5af,0xe58f,0xe56e,
  0xedd0,0xdd6d,0xedcf,0xedcf,0xe5d0,0xe5af,0xe58f,0xe5d0,0xdd4e,0xe5cf,0xe58f,0xe5af,0xedd0,0xe5d0,0xe5af,0xe58f,
  0xe5af,0xe5af,0xe58f,0xe5cf,0xe58f,0xe5ae,0xe56e,0xe56e,0xe56d,0xe54d,0xe56e,0xe56d,0xe5af,0xdd4d,0xe54d,0xd4eb,
  0xe5b0,0xe5af,0xe5af,0xe5af,0xedd0,0xe58f,0xe5af,0xe5b0,0xe58e,0xe56d,0xe56f,0xe58f,0xedd0,0xe5af,0xdd6e,0xdd4d,
  0xe5b0,0xedf1,0xe58e,0xedf0,0xe58f,0xedf0,0xe5af,0xe5af,0xe56e,0xe56e,0xedd0,0xe56e,0xe5af,0xe58f,0xe56e,0xe58f,
  0xe56e,0xdd6e,0xdd6e,0xe58e,0xe56e,0xdd6e,0xe5ae,0xdd6e,0xe56e,0xdd4d,0xe5af,0xe5af,0xe5d0,0xedd0,0xdd4d,0xdd2d,
  0xdd6e,0xe58f,0xe58e,0xedaf,0xdceb,0xdd2c,0xdd0c,0xe52c,0xe58e,0xe56e,0xe56e,0xdd4e,0xe5af,0xe58f,0xe58e,0xe5af,
  0xdd6e,0xe58f,0xedcf,0xe58e,0xe58f,0xe58e,0xe5af,0xe58e,0xe58f,0xe5af,0xe58f,0xe5af,0xdd4e,0xe5af,0xe56e,0xe58e,
  0xe58f,0xe58f,0xe58f,0xedf0,0xe58e,0xe5af,0xe58e,0xe56e,0xe5af,0xe56e,0xe56e,0xe56e,0xe58e,0xdd4d,0xe54d,0xdd0c,
  0xedf1,0xedd0,0xedd0,0xedd1,0xe5b0,0xedd0,0xe5af,0xe58f,0xe56e,0xdd2d,0xe56e,0xe58e,0xe58e,0xe58f,0xe5af,0xedf0,
  0xe58f,0xe56e,0xdd0b,0xdd0b,0xdd0c,0xdd2d,0xdd4d,0xe58f,0xe5af,0xe56e,0xdd4d,0xdd4d,0xe56e,0xe58f,0xe58f,0xe5af,
  0xdd2d,0xe56e,0xe58f,0xe5af,0xe5b0,0xe58e,0xe56d,0xe5af,0xe5af,0xedaf,0xe5af,0xe56e,0xe58e,0xe5af,0xe54d,0xdd2c,
  0xe56e,0xe56e,0xedd0,0xe58f,0xe5ae,0xedd0,0xe5af,0xe58e,0xee11,0xe5af,0xe5d0,0xe5af,0xedd0,0xe5af,0xe5f0,0xe5af,
  0xe56e,0xe58e,0xe58e,0xe56e,0xe58f,0xe58f,0xe58f,0xe58f,0xdd6e,0xdd2d,0xdd4d,0xdd2d,0xe56e,0xdd4d,0xdd2d,0xdd2c,
  0xd4cb,0xd4aa,0xdceb,0xdd0c,0xe54d,0xdd0c,0xe54d,0xdd2c,0xdd4d,0xe58e,0xe58e,0xe56e,0xdd4d,0xdd6e,0xdd6f,0xdd6d,
  0xe5af,0xe56f,0xedaf,0xe58f,0xe58f,0xe56e,0xe58e,0xdceb,0xdceb,0xdd2c,0xe56e,0xe54d,0xe58e,0xe58e,0xe58f,0xe5af,
  0xe58f,0xe58f,0xe58f,0xedd0,0xe5af,0xe58e,0xe5af,0xdd4e,0xe56e,0xe56e,0xdd6e,0xdd6e,0xe58e,0xe58f,0xe58f,0xe56e,
  0xdd6e,0xe58f,0xdd4d,0xdd4d,0xe56e,0xe56e,0xe58e,0xe56e,0xe56e,0xe56d,0xdd0c,0xdccb,0xdd0b,0xdceb,0xdd2c,0xdd2c,
  0xe5d0,0xe5d0,0xedf1,0xedd0,0xe5d0,0xe5d0,0xe58f,0xe5d0,0xe5af,0xe58f,0xe58f,0xe5af,0xe5af,0xe56e,0xe56e,0xe56e,
  0xd4a9,0xdceb,0xdd0c,0xe5ae,0xe5af,0xe56e,0xdd2d,0xe56e,0xdd4e,0xdd6f,0xe5af,0xe5af,0xe5d0,0xe58e,0xe5af,0xe5ae,
  0xe58f,0xe58f,0xe58f,0xe58e,0xe5b0,0xe5af,0xe58f,0xe5af,0xe58e,0xe58e,0xe56e,0xe56e,0xe5ae,0xe56e,0xe54d,0xdd2d,
  0xe5af,0xedd0,0xe56e,0xe56e,0xe56e,0xe58f,0xe56e,0xe58e,0xe58e,0xe5ae,0xedaf,0xe58f,0xedf1,0xedd0,0xe58f,0xe54e,
  0xe56e,0xe58f,0xe58e,0xdd4d,0xdd4e,0xdd4d,0xdd2d,0xdceb,0xd4cb,0xd4aa,0xd4cb,0xe54d,0xe54c,0xdd4d,0xe56e,0xdd6d,
  0xe5af,0xe5af,0xdd6e,0xe56e,0xe5d0,0xe5af,0xe5f0,0xe5af,0xdd4e,0xe56e,0xe56e,0xe56e,0xe56e,0xe56e,0xdd6e,0xe56d,
  0xe58f,0xe5af,0xedf0,0xee11,0xedd0,0xe58f,0xe58f,0xe56f,0xe5af,0xe5af,0xe58f,0xe5af,0xe5d0,0xe54e,0xe56e,0xe56e,
  0xe56e,0xe56e,0xe5cf,0xe5b0,0xe56f,0xe58e,0xe5af,0xedd0,0xe56e,0xe5af,0xe56e,0xe56e,0xe56e,0xe56e,0xdd2d,0xe56e,
  0xdd2d,0xd4ec,0xdd2c,0xdd2c,0xdd0c,0xe58e,0xe58e,0xe58e,0xdd6e,0xe58f,0xdd6e,0xe54d,0xdd4e,0xe56f,0xe56d,0xdd2d,
  0xdd0c,0xd4ca,0xe56e,0xe58e,0xe5af,0xe5af,0xedf0,0xe5d0,0xedd0,0xedcf,0xe58f,0xe5d0,0xe5b0,0xe5af,0xe5af,0xe5af,
  0xe58f,0xe58f,0xedcf,0xe5af,0xe58f,0xe58e,0xe58e,0xe5b0,0xe5af,0xe58e,0xdd6d,0xe56e,0xdd4d,0xe58f,0xdd4d,0xe56e,
  0xe5cf,0xdd4e,0xdd2d,0xdd4d,0xdd0d,0xdd2c,0xd4aa,0xdd2c,0xdd0c,0xdd4e,0xe56e,0xe56d,0xe58e,0xe5af,0xe56e,0xdd2d,
  0xdd4e,0xe58e,0xe56e,0xdd2d,0xd4cb,0xdd0b,0xe58f,0xe56e,0xe58f,0xe5af,0xe58f,0xe5af,0xe5af,0xe58f,0xe5b0,0xe58f,
  0xe5af,0xedf1,0xedaf,0xe58e,0xe56e,0xe58e,0xe58f,0xe56e,0xe56e,0xedcf,0xe58f,0xe5af,0xe58f,0xe58e,0xe56e,0xe58f,
  0xe5af,0xe58f,0xdd4e,0xe58f,0xdd4e,0xe58e,0xe5af,0xdd4e,0xdd6d,0xdd2d,0xdd4e,0xdd0c,0xd4cb,0xdceb,0xdceb,0xdceb,
  0xdd4e,0xdd4e,0xe56e,0xe5cf,0xdd4e,0xdd4d,0xe54d,0xdceb,0xdd4d,0xe56e,0xe54d,0xe56e,0xe5af,0xe58e,0xe58f,0xe58f,
  0xedcf,0xe58f,0xe56e,0xedf0,0xe58e,0xe58e,0xedae,0xe54e,0xe56e,0xe56d,0xe58e,0xedcf,0xedcf,0xedd0,0xdd4e,0xe58e,
  0xdd6e,0xe58f,0xe58f,0xe5af,0xe56e,0xe5af,0xe5cf,0xe58f,0xe58e,0xe58f,0xe58f,0xdd6e,0xe58f,0xdd4d,0xe56e,0xdd4d,
  0xe58f,0xe58f,0xe56e,0xe5af,0xe56e,0xdd4d,0xdd2d,0xe54c,0xdd2c,0xdceb,0xe56d,0xe56d,0xdd2d,0xdd4d,0xdd4e,0xe5af,
  0xedf0,0xe5af,0xe58f,0xedf0,0xe5af,0xedaf,0xedcf,0xe5af,0xe56e,0xdd4d,0xe5af,0xe58f,0xe54d,0xe58e,0xe56e,0xedcf,
  0xe5b0,0xedaf,0xe58e,0xe5af,0xe56e,0xe58f,0xe5af,0xdd4e,0xe56e,0xe56e,0xe5af,0xe56e,0xe58f,0xdd6e,0xe56e,0xdd4c,
  0xdd6e,0xe5b0,0xe5af,0xe56d,0xe56e,0xe56e,0xe5af,0xdd2c,0xd4cb,0xdcaa,0xe54d,0xe56e,0xe5af,0xe56e,0xe5af,0xe54d,
  0xedcf,0xe5af,0xedcf,0xe5ae,0xe5af,0xe5af,0xe58e,0xe58e,0xe54d,0xe58e,0xe5af,0xe5af,0xe5d0,0xe5af,0xe58e,0xdd4e,
  0xe56e,0xe56e,0xdd4d,0xe58e,0xe58f,0xe5b0,0xe5af,0xe56e,0xe58f,0xedaf,0xedaf,0xe58e,0xe58f,0xe5af,0xe5af,0xdd4d,
  0xdd8f,0xe56e,0xe56e,0xe58e,0xdd4d,0xe58e,0xdd4d,0xd4ca,0xdceb,0xdd4e,0xe58f,0xe58e,0xe58f,0xe56e,0xe5af,0xe5d0,
  0xedaf,0xe56e,0xedcf,0xe5af,0xdd4d,0xe58f,0xe5af,0xe56d,0xe5af,0xe58f,0xedf1,0xedf0,0xedd0,0xdd6e,0xdd6e,0xe56e,
  0xe56e,0xe56f,0xe56e,0xdd4d,0xdd2c,0xdd6e,0xe5af,0xe5af,0xdd8f,0xe56e,0xe58f,0xdd4e,0xe56e,0xe56e,0xdd4e,0xd4aa,
  0xe58f,0xe5af,0xe56e,0xdd4e,0xdd4d,0xe56d,0xdd2c,0xdd0b,0xdd0c,0xdd2d,0xe56f,0xe58f,0xe5af,0xe58f,0xedd0,0xe5af,
  0xe56e,0xe58f,0xe58e,0xe58e,0xe56d,0xe56e,0xe5af,0xe58f,0xe58e,0xe5af,0xe58f,0xdd2c,0xe5af,0xe58f,0xdd4e,0xe56e,
  0xdd4e,0xdd4e,0xe58e,0xdd6e,0xe56d,0xe58f,0xe54d,0xe5af,0xe56f,0xe58e,0xdd4d,0xdd4e,0xdd4d,0xe56d,0xdd0c,0xd489,
  0xdd6e,0xdd6e,0xdd4e,0xe5af,0xe54d,0xdd0b,0xe56d,0xe58e,0xe5ae,0xe5af,0xedd0,0xe5cf,0xedd0,0xe5d0,0xe56e,0xedd0,
  0xe5af,0xe58f,0xe56e,0xe58e,0xe58e,0xe58f,0xedf0,0xe58e,0xe58f,0xedf0,0xe5d0,0xe5af,0xe58f,0xe58e,0xdd4d,0xe56e,
  0xe5af,0xe58e,0xe56e,0xe56e,0xdceb,0xd4cb,0xdd0b,0xdd0c,0xdd0c,0xdd2d,0xdd0c,0xdd4d,0xe58f,0xdd2d,0xdd2d,0xdd0d,
  0xdd2e,0xe54d,0xdd2c,0xdceb,0xdd4e,0xe58f,0xe58e,0xe5b0,0xe58f,0xe5af,0xe58f,0xdd8f,0xedd0,0xe58e,0xedf1,0xe58e,
  0xe56e,0xe58f,0xe5af,0xe56e,0xe58e,0xe58f,0xe58f,0xe58f,0xdd4e,0xe56e,0xdd4d,0xdd2c,0xdceb,0xdcca,0xdceb,0xdd4d,
  0xdd2c,0xe58e,0xe56e,0xe56e,0xe56e,0xe58f,0xdd6e,0xe56e,0xe58e,0xe58e,0xe56e,0xe58f,0xdd6e,0xe58f,0xe58f,0xe56d,
  0xe56f,0xe5af,0xe5d0,0xe58e,0xe56e,0xe5ae,0xe5af,0xe58e,0xe56e,0xe5af,0xe58f,0xe5af,0xedd0,0xe5b0,0xe5af,0xe5af,
  0xe58e,0xdd2d,0xe58e,0xe56e,0xe56e,0xe58e,0xe52b,0xdd0b,0xdd0d,0xdd4d,0xe56e,0xe58f,0xe56e,0xe5af,0xdd4e,0xe58e,
  0xe5af,0xe5af,0xe58f,0xe5d0,0xe58f,0xe58f,0xe5af,0xe5af,0xe56e,0xe58f,0xe58f,0xedf0,0xe56e,0xe58f,0xe5cf,0xe58e,
  0xe5d0,0xe5d0,0xedf0,0xe58e,0xe5af,0xedf0,0xe58e,0xe5af,0xe5ae,0xe58e,0xdd4d,0xe5af,0xe5cf,0xe5af,0xe58f,0xe56e,
  0xe58e,0xdd2c,0xdd6d,0xe54d,0xe58e,0xe5af,0xe5af,0xedf1,0xe5af,0xe5d0,0xe5d0,0xe5af,0xe5d0,0xedf0,0xedcf,0xe5af,
  0xe58e,0xdd6e,0xe56f,0xe5af,0xdd6e,0xe5af,0xdd2d,0xdd4d,0xdd6e,0xe5af,0xe5af,0xe5b0,0xe58f,0xe5af,0xe5af,0xdd6e,
  0xe58f,0xe58f,0xe58f,0xe5af,0xe56e,0xe56e,0xe58e,0xe58e,0xe56e,0xedd0,0xe5af,0xe5d0,0xe56e,0xdd2c,0xdd4d,0xdd0b,
  0xdd0b,0xe5af,0xedaf,0xe58e,0xe58f,0xedf0,0xe5af,0xedd0,0xe58f,0xe58f,0xdd6e,0xe56e,0xe58e,0xe56d,0xe5af,0xedd0,
  0xe5af,0xdd2d,0xe56e,0xe5af,0xe56e,0xdd6f,0xe58f,0xe56e,0xdd4d,0xe58e,0xe56e,0xdd4e,0xe56e,0xe54d,0xdd0c,0xd4ca,
  0xdd4e,0xe58e,0xedd0,0xe56e,0xe58f,0xe5b0,0xe56e,0xe58f,0xe5af,0xdd0c,0xdd2c,0xdd0b,0xe56e,0xdd2d,0xe58e,0xe5b0,
  0xe5d0,0xe5b0,0xe5af,0xe5af,0xe56e,0xe56e,0xe5af,0xdd6f,0xe58f,0xe58e,0xe5b0,0xe58f,0xdd4e,0xdd6d,0xdd2d,0xe56e,
  0xe5af,0xdd0c,0xd4cb,0xd4aa,0xdd0b,0xdd6e,0xe54e,0xe56e,0xdd4d,0xdd2c,0xe58f,0xdd4d,0xdd4d,0xdd2d,0xdd4e,0xe58f,
  0xe58f,0xdd4e,0xe5af,0xe5af,0xdd2d,0xe58e,0xdceb,0xe54d,0xdd6e,0xdd2d,0xdd6e,0xe5af,0xedd0,0xe5d0,0xe5b0,0xe56e,
  0xe5d0,0xe5af,0xedcf,0xedcf,0xe58f,0xe5af,0xe5af,0xe58f,0xe58e,0xe58e,0xdd2c,0xd4ca,0xdd0c,0xdd2d,0xd4eb,0xe58e,
  0xe5af,0xe56e,0xdd4d,0xe5af,0xe56e,0xe5af,0xe5af,0xe58f,0xe56e,0xe58f,0xe5af,0xe5d0,0xe58f,0xe58e,0xe56e,0xdd2c,
  0xd4cb,0xdd2c,0xe56e,0xe56e,0xe5b0,0xe5d0,0xe5cf,0xe5af,0xe58f,0xe58f,0xe58e,0xe5af,0xe5af,0xe58e,0xe56e,0xedcf,
  0xedaf,0xe58e,0xe5af,0xe5af,0xdd0c,0xdd0c,0xe56e,0xdd6e,0xdd0c,0xe58f,0xe5d0,0xe5d0,0xe58f,0xe5af,0xe58f,0xe58e,
  0xedcf,0xdd4e,0xe58f,0xe5af,0xe56d,0xe58f,0xe56e,0xe58f,0xe5af,0xe56e,0xe58e,0xdd6d,0xe56e,0xe5d0,0xe56f,0xdd2c,
  0xdd6e,0xe56e,0xe56e,0xe5af,0xe58f,0xe56e,0xe5af,0xe56e,0xe5b0,0xe5af,0xe58f,0xe58e,0xe56e,0xdd2d,0xe56e,0xdd0c,
  0xdceb,0xe58f,0xe58f,0xdd6e,0xdd6e,0xe590,0xe58f,0xe5b0,0xe58f,0xedf1,0xe5af,0xe56f,0xe58f,0xdd6e,0xe56e,0xe5af,
  0xe58e,0xe56e,0xdd2d,0xe56e,0xdd2c,0xdd2d,0xe58e,0xdd4d,0xe54d,0xdd2c,0xdd0b,0xdceb,0xd48a,0xd4cb,0xdcec,0xdd0c,
  0xe58f,0xdd6e,0xe58f,0xe58e,0xe5d0,0xe5af,0xe58f,0xe58f,0xe58f,0xdd2c,0xdd2c,0xe56e,0xe58f,0xe58f,0xe5af,0xedcf,
  0xedcf,0xedd0,0xe5d0,0xedd0,0xe5d0,0xe58e,0xe5ae,0xe58e,0xedd0,0xe56e,0xe56e,0xe56e,0xe58e,0xe54d,0xdd0c,0xdd0c,
  0xdceb,0xe54d,0xe58e,0xe5af,0xe58f,0xdd0d,0xe58e,0xe54e,0xe56e,0xdd4d,0xdd4d,0xe56e,0xdd4e,0xe56e,0xe58e,0xdd2c,
  0xd4cb,0xdd2d,0xdd2c,0xdd2d,0xdd6e,0xdd4e,0xe56e,0xdd4d,0xe56e,0xdd4d,0xe58f,0xe58e,0xdd4d,0xdd2d,0xe58f,0xe58e,
  0xe58e,0xdd6d,0xdd4d,0xedae,0xd4eb,0xcc8a,0xd4eb,0xdd0c,0xdd6f,0xdd4d,0xd50c,0xe58e,0xdd4d,0xe58e,0xdd2d,0xdd6e,
  0xe5ae,0xdd4d,0xdd2c,0xe54d,0xe56d,0xe54d,0xe56d,0xdd2d,0xdd0c,0xdd4d,0xe56e,0xe56d,0xdd2c,0xdd4d,0xd50c,0xbbe7,
 },
 {
  0xd5d5,0x6a05,0x61c5,0x7226,0x69e5,0x4943,0x5184,0x4943,0x5184,0x5143,0x61e5,0x61c4,0x5984,0x5163,0x69e5,0x5163,
  0x5984,0x61e5,0x61a4,0x69e5,0x7225,0x6a05,0x5963,0x5983,0x4923,0x4122,0x4123,0x4923,0x61a4,0x6a05,0x61e5,0x61c4,
  0x59a4,0x59a4,0x59a4,0x5163,0x5184,0x5143,0x4943,0x4922,0x4102,0x4922,0x4922,0x5123,0x5143,0x5163,0x5143,0x5963,
  0x59a4,0x5164,0x5164,0x5184,0x5984,0x59a4,0x59c4,0x5143,0x61e5,0x59a4,0x7225,0x6a26,0x59a4,0x61c4,0x61c4,0x6a05,
  0x59a4,0x69e5,0x61c4,0x6a05,0x6a05,0x69e4,0x61c4,0x6a05,0x61e5,0x59a4,0x61a4,0x61a4,0x61a4,0x69e5,0x61a4,0x59a4,
  0x5163,0x5983,0x61e4,0x61c4,0x59a4,0x4922,0x5983,0x69e4,0x7225,0x61c4,0x61c4,0x61c4,0x59a4,0x5163,0x59a3,0x4902,
  0x61e5,0x6a05,0x69e4,0x61c4,0x5184,0x4143,0x4943,0x59a4,0x4963,0x4123,0x4963,0x4123,0x4123,0x4943,0x59a4,0x5184,
  0x59a4,0x4122,0x5184,0x4923,0x4943,0x4123,0x5183,0x5143,0x5163,0x5163,0x4102,0x5163,0x5163,0x4943,0x4922,0x59a4,
  0x5983,0x5183,0x5143,0x61a4,0x5983,0x5163,0x5983,0x5963,0x61a4,0x61e4,0x59a4,0x5143,0x5163,0x59a4,0x5983,0x69e4,
  0x61c4,0x61e5,0x61c5,0x61e5,0x61e5,0x61e5,0x61e5,0x61e5,0x6a05,0x59a4,0x5184,0x59a4,0x5984,0x61c4,0x61c4,0x61c4,
  0x61e5,0x5163,0x5963,0x59a4,0x59a4,0x4943,0x4923,0x4923,0x59a4,0x59a4,0x59a4,0x5163,0x5163,0x4102,0x4963,0x4943,
  0x5183,0x4963,0x4122,0x5163,0x4963,0x4943,0x4943,0x4143,0x30c2,0x3902,0x4143,0x4122,0x4123,0x4963,0x4943,0x4943,
  0x4963,0x4964,0x59c5,0x5184,0x59a4,0x5184,0x4923,0x5184,0x5163,0x5184,0x61e5,0x59a4,0x59c4,0x61a4,0x5183,0x59a4,
  0x61c4,0x61a4,0x61c4,0x59a4,0x61a4,0x5983,0x61e4,0x5143,0x61c4,0x5163,0x5163,0x4943,0x5983,0x61c4,0x5163,0x5984,
  0x5983,0x5163,0x5983,0x61c4,0x61a4,0x5983,0x59c4,0x5143,0x5983,0x5984,0x5983,0x59a4,0x4923,0x5143,0x5163,0x5963,
  0x4123,0x4943,0x4123,0x59c5,0x4964,0x59a4,0x5184,0x59a4,0x5183,0x4943,0x4944,0x4122,0x4943,0x4143,0x4123,0x4123,
  0x5163,0x5184,0x4923,0x4964,0x4923,0x5184,0x4943,0x4963,0x4943,0x4943,0x5163,0x4123,0x5163,0x5184,0x4943,0x5183,
  0x5183,0x4943,0x5163,0x5163,0x5163,0x5143,0x4122,0x5983,0x59a4,0x59a4,0x5163,0x5163,0x4943,0x5183,0x5143,0x5163,
  0x61a4,0x61e5,0x61e5,0x59c4,0x61e5,0x59a4,0x59a4,0x59c4,0x5984,0x5984,0x59a4,0x5164,0x59c4,0x6a05,0x61a4,0x5984,
  0x5163,0x5184,0x4143,0x5184,0x59a4,0x4943,0x5963,0x5984,0x5163,0x5163,0x5163,0x5184,0x59a4,0x5984,0x59a4,0x59a4,
  0x5163,0x5183,0x4102,0x4122,0x4123,0x3902,0x4122,0x3902,0x3902,0x38e1,0x4102,0x4122,0x38e2,0x38e2,0x4123,0x4943,
  0x7267,0x6a05,0x59a4,0x61e4,0x61e4,0x4943,0x5143,0x61a4,0x5163,0x59a4,0x5163,0x61c4,0x6a05,0x61a4,0x59a4,0x69e5,
  0x5983,0x59a4,0x5163,0x4123,0x6a05,0x5983,0x61c4,0x61c4,0x5984,0x5143,0x6a05,0x61c4,0x59a4,0x69e4,0x5963,0x5983,
  0x61a3,0x69c4,0x61c4,0x69e4,0x5163,0x4102,0x3902,0x4923,0x4102,0x4943,0x5143,0x4102,0x5163,0x61a3,0x59a3,0x5163,
  0x4943,0x5984,0x5184,0x61e5,0x59a4,0x59a4,0x61c4,0x5184,0x5164,0x5163,0x5184,0x4943,0x4123,0x4102,0x4123,0x4102,
  0x5163,0x61a4,0x69e5,0x69e4,0x7205,0x6a05,0x61e5,0x61e4,0x61a4,0x5983,0x5963,0x69c4,0x59a3,0x5983,0x5163,0x4902,
  0x5163,0x59a4,0x5163,0x4963,0x4943,0x5163,0x5983,0x5163,0x5142,0x5163,0x61c4,0x6a05,0x69c4,0x6a05,0x5163,0x5983,
  0x51a4,0x59a4,0x4923,0x5163,0x61e5,0x5163,0x4122,0x3903,0x4143,0x59c4,0x4943,0x4943,0x4103,0x30c2,0x3902,0x3902,
  0x4964,0x4123,0x4943,0x5184,0x4943,0x3903,0x4963,0x3902,0x3902,0x4122,0x3902,0x38e2,0x4102,0x3922,0x4102,0x4963,
  0x4943,0x4102,0x3902,0x4102,0x4963,0x4902,0x5163,0x4943,0x38e2,0x38e2,0x4943,0x4943,0x4102,0x4943,0x4922,0x4942,
  0x61e5,0x61c4,0x59a4,0x5184,0x5183,0x5184,0x59c4,0x61c4,0x61c4,0x61c4,0x5984,0x61e4,0x59a4,0x61c4,0x5163,0x5163,
  0x5143,0x59a4,0x5984,0x5183,0x5143,0x4122,0x5184,0x5143,0x5983,0x59a4,0x5163,0x4943,0x4923,0x5143,0x4923,0x4923,
  0x4943,0x4943,0x4943,0x5183,0x5163,0x5163,0x4923,0x4943,0x5183,0x4943,0x4943,0x4943,0x3902,0x4143,0x4123,0x3923,
  0x61a4,0x69c4,0x61a4,0x61c4,0x69e4,0x6184,0x5963,0x5163,0x5163,0x5143,0x59a4,0x61a4,0x6183,0x59a4,0x61c4,0x59a4,
  0x4943,0x4943,0x4102,0x5183,0x5143,0x4943,0x5983,0x5163,0x5163,0x5163,0x61a4,0x5983,0x5983,0x4943,0x4922,0x5963,
  0x5963,0x61a3,0x5963,0x61a4,0x61a4,0x5983,0x69e4,0x5963,0x5983,0x5963,0x5143,0x4942,0x5963,0x5163,0x4102,0x5163,
  0x59a4,0x59a4,0x5184,0x61c4,0x59a4,0x5163,0x61c4,0x5184,0x5183,0x59a4,0x59a4,0x61e4,0x4923,0x61e5,0x5143,0x59a3,
  0x5983,0x69e4,0x5983,0x59a4,0x5983,0x5143,0x5143,0x61a4,0x5163,0x5183,0x4923,0x4122,0x5163,0x4943,0x4902,0x4122,
  0x4923,0x5163,0x5163,0x5143,0x5983,0x5163,0x5963,0x69e4,0x61a4,0x61a4,0x5163,0x5983,0x59a4,0x59a3,0x5983,0x5963,
  0x4144,0x5184,0x5184,0x5184,0x4963,0x4943,0x59a4,0x4102,0x5184,0x4102,0x4123,0x4123,0x4943,0x5184,0x5184,0x59a4,
  0x59a4,0x5163,0x3902,0x59a4,0x4943,0x5163,0x4943,0x4123,0x4943,0x5984,0x5984,0x5984,0x4102,0x38e2,0x4922,0x5143,
  0x5143,0x4122,0x4943,0x4942,0x5983,0x5983,0x61a4,0x61c4,0x61a4,0x5983,0x4923,0x4922,0x4122,0x5143,0x5142,0x5983,
  0x6a05,0x61c4,0x61c4,0x5163,0x59a4,0x5984,0x5163,0x5163,0x4943,0x5183,0x4923,0x4943,0x5143,0x5163,0x4143,0x4943,
  0x4123,0x4943,0x5184,0x4963,0x4102,0x4943,0x4943,0x4123,0x4123,0x3902,0x38e2,0x5163,0x3902,0x4102,0x4123,0x4103,
  0x4122,0x4943,0x4902,0x4922,0x4943,0x4943,0x4923,0x4922,0x4102,0x4943,0x4122,0x4102,0x4102,0x4922,0x40e2,0x4102,
  0x61c4,0x5983,0x5983,0x61a4,0x6a05,0x61a4,0x61a3,0x61a4,0x5963,0x5983,0x61a4,0x61a3,0x61a4,0x61c4,0x61c4,0x7204,
  0x69c4,0x7204,0x61a4,0x61a4,0x69c4,0x61c4,0x61c4,0x61c4,0x5983,0x4923,0x4922,0x4923,0x5163,0x38e2,0x4122,0x4102,
  0x5983,0x5143,0x5143,0x59a4,0x4922,0x5163,0x4943,0x5184,0x5163,0x4102,0x4943,0x4123,0x4102,0x3902,0x3902,0x30e2,
  0x6a26,0x5163,0x4943,0x5163,0x5984,0x5163,0x5163,0x61e5,0x61c4,0x5983,0x61e4,0x5163,0x59a3,0x59a4,0x5163,0x5983,
  0x61a4,0x61c4,0x61a4,0x5983,0x69e4,0x61c4,0x59a4,0x5143,0x5143,0x4942,0x5963,0x61c4,0x5163,0x5963,0x6183,0x69e4,
  0x7a45,0x71e4,0x69e4,0x59a3,0x59a4,0x5183,0x5983,0x6183,0x5983,0x4922,0x4102,0x38e2,0x4922,0x4102,0x38e2,0x4922,
  0x30e2,0x4943,0x4123,0x4943,0x4143,0x4123,0x51a4,0x4943,0x4963,0x4943,0x4143,0x38e2,0x5163,0x4123,0x4122,0x4943,
  0x4923,0x5184,0x4102,0x4922,0x4943,0x4943,0x5163,0x4943,0x4943,0x4943,0x4943,0x4922,0x5163,0x5163,0x5183,0x4923,
  0x5142,0x59a3,0x5963,0x5983,0x61c4,0x5162,0x59a3,0x5983,0x5963,0x5983,0x61a3,0x5963,0x5163,0x5983,0x6183,0x61c3,
  0x3922,0x4123,0x4963,0x38e2,0x4984,0x4143,0x4123,0x4102,0x4984,0x3923,0x3923,0x4123,0x4123,0x4123,0x4143,0x38e2,
  0x3923,0x3903,0x30a2,0x3902,0x3923,0x3903,0x3902,0x4963,0x4943,0x4943,0x4943,0x38e2,0x38e2,0x4963,0x4923,0x4943,
  0x4943,0x4923,0x4943,0x4123,0x4943,0x4922,0x4943,0x4102,0x4122,0x4122,0x4922,0x5163,0x4922,0x5163,0x5163,0x5163,
  0x61c4,0x5964,0x5163,0x5184,0x4943,0x4123,0x5184,0x4963,0x4963,0x5184,0x5984,0x4922,0x5183,0x4963,0x4123,0x4143,
  0x4963,0x4143,0x4123,0x4963,0x4123,0x4102,0x4143,0x4943,0x4123,0x4123,0x38e2,0x3102,0x4123,0x3902,0x30e2,0x3902,
  0x4123,0x30c2,0x3903,0x4123,0x4123,0x4102,0x4123,0x3903,0x4943,0x38e2,0x4123,0x4102,0x38e2,0x4143,0x4943,0x4122,
  0x59c5,0x5143,0x4922,0x5163,0x59a3,0x4923,0x5983,0x5163,0x4922,0x5143,0x4943,0x4922,0x5983,0x59a4,0x5983,0x5983,
  0x5984,0x5184,0x4943,0x4122,0x4102,0x38e2,0x38e2,0x38e2,0x4943,0x4123,0x4123,0x4122,0x4123,0x4943,0x4122,0x4123,
  0x3903,0x4943,0x4943,0x38e2,0x38e2,0x4122,0x30c2,0x3903,0x4123,0x3922,0x3902,0x28c2,0x28c2,0x3902,0x30e2,0x30c2,
  0x61a4,0x61e5,0x5163,0x5943,0x5163,0x4943,0x4943,0x5984,0x4923,0x5183,0x5163,0x5163,0x5142,0x5163,0x5142,0x5163,
  0x4923,0x5983,0x5163,0x5983,0x61a4,0x4922,0x4943,0x59a4,0x5163,0x5163,0x59a4,0x4943,0x59a4,0x4922,0x40e2,0x38e2,
  0x4923,0x4122,0x5163,0x59a4,0x5184,0x4943,0x4102,0x4123,0x3902,0x4943,0x4143,0x38e2,0x30c2,0x38e2,0x38c1,0x30c2,
  0x5983,0x61a4,0x61a4,0x59a4,0x4943,0x5983,0x5163,0x5984,0x59a4,0x5163,0x59a3,0x5963,0x69e4,0x61c4,0x5163,0x59a4,
  0x5984,0x59a4,0x5983,0x59a4,0x5983,0x5163,0x5143,0x4923,0x5184,0x5983,0x61a4,0x59a3,0x59a3,0x5143,0x5983,0x5183,
  0x5163,0x4922,0x5163,0x5142,0x4922,0x4922,0x4922,0x59a4,0x5163,0x5143,0x5142,0x4923,0x4943,0x5163,0x4922,0x4102,
  0x5963,0x5143,0x5143,0x5163,0x4122,0x5143,0x4143,0x4943,0x4943,0x5963,0x61c4,0x61a3,0x5163,0x5983,0x5163,0x4923,
  0x40e2,0x59a4,0x5183,0x5143,0x5143,0x4923,0x5122,0x61a3,0x5163,0x4943,0x4102,0x4122,0x5183,0x4943,0x4922,0x4102,
  0x4122,0x5143,0x4923,0x5983,0x4122,0x4922,0x59a4,0x5143,0x5963,0x5963,0x5163,0x4922,0x5163,0x4922,0x4922,0x5163,
  0x4943,0x5123,0x5163,0x5163,0x4943,0x40e2,0x5143,0x4943,0x4902,0x5142,0x5963,0x5983,0x4923,0x4943,0x5983,0x5983,
  0x5123,0x61a3,0x5983,0x5163,0x4922,0x4922,0x4963,0x3902,0x4122,0x4922,0x4942,0x4922,0x4102,0x4922,0x40e2,0x4102,
  0x4102,0x4102,0x4122,0x4943,0x38e1,0x4902,0x5163,0x5983,0x5143,0x38e1,0x4102,0x4102,0x4922,0x4942,0x4122,0x4922,
  0x4963,0x5163,0x5143,0x5143,0x5983,0x61a4,0x61a4,0x59a4,0x5163,0x59a4,0x4102,0x4922,0x4922,0x4922,0x4943,0x5163,
  0x4122,0x40e2,0x5163,0x5983,0x5983,0x4102,0x5143,0x4942,0x4102,0x4122,0x4102,0x4122,0x4922,0x5983,0x69c4,0x5983,
  0x59a3,0x5163,0x5163,0x4943,0x4922,0x5163,0x4922,0x5143,0x5983,0x5163,0x4922,0x5163,0x3902,0x4942,0x5163,0x5163,
  0x4943,0x4963,0x3902,0x3902,0x5183,0x4922,0x5143,0x61c4,0x5983,0x5163,0x5163,0x4922,0x5142,0x4922,0x59a3,0x5183,
  0x4122,0x4942,0x5983,0x5983,0x5163,0x5983,0x5963,0x5983,0x5163,0x38e2,0x38e2,0x4102,0x5983,0x5983,0x5143,0x4942,
  0x5163,0x5983,0x4942,0x5163,0x4942,0x5143,0x5163,0x4102,0x5142,0x5142,0x5122,0x5163,0x4922,0x5163,0x4922,0x5983,
  0x4122,0x5184,0x4123,0x4943,0x3902,0x3902,0x4122,0x30e2,0x4122,0x4943,0x5983,0x5963,0x5163,0x5983,0x5142,0x5143,
  0x5963,0x40e2,0x4122,0x38e2,0x38e2,0x38e2,0x4102,0x4942,0x40e1,0x4922,0x4922,0x5183,0x4102,0x4943,0x4922,0x5983,
  0x5983,0x5163,0x5143,0x5983,0x5183,0x4922,0x4922,0x38e2,0x4102,0x5163,0x5163,0x4122,0x4102,0x4922,0x5983,0x4943,
  0x4922,0x4123,0x4943,0x4102,0x4143,0x38e2,0x40e2,0x59a4,0x59a4,0x5163,0x4922,0x5163,0x5143,0x4922,0x5142,0x5142,
  0x5983,0x61a3,0x5142,0x5142,0x5163,0x5143,0x5163,0x4922,0x4943,0x4102,0x5984,0x5143,0x5143,0x5163,0x5163,0x4943,
  0x4922,0x4922,0x5142,0x5122,0x61c4,0x6183,0x5963,0x61a3,0x5983,0x4922,0x4963,0x5142,0x5163,0x5983,0x5163,0x4102,
  0x4963,0x4963,0x3923,0x4123,0x51a4,0x4943,0x5983,0x5163,0x4943,0x4943,0x5163,0x5163,0x4922,0x4922,0x40e2,0x4943,
  0x4123,0x4102,0x4102,0x4922,0x5163,0x5143,0x4942,0x4922,0x4942,0x4942,0x5163,0x4943,0x5163,0x5163,0x5963,0x5143,
  0x61a4,0x5142,0x4922,0x5983,0x4902,0x4922,0x4922,0x4943,0x4922,0x4922,0x4122,0x4922,0x4922,0x4922,0x40e2,0x5142,
  0x4922,0x5984,0x5184,0x61c4,0x5163,0x59a4,0x61c4,0x5983,0x59a3,0x4922,0x5983,0x5143,0x4942,0x5163,0x4922,0x38e1,
  0x4122,0x4102,0x4102,0x4942,0x5163,0x5163,0x5983,0x61c4,0x5143,0x4922,0x5984,0x5983,0x5983,0x61c4,0x5983,0x5143,
  0x5163,0x5143,0x5142,0x5143,0x5983,0x4902,0x5142,0x4942,0x4922,0x4902,0x59a3,0x4963,0x5983,0x5163,0x4102,0x5963,
  0x5143,0x61a4,0x69e5,0x61e4,0x5983,0x59a3,0x61c4,0x5983,0x4943,0x5143,0x4943,0x4902,0x4122,0x4943,0x40e2,0x5143,
  0x5163,0x59a4,0x5983,0x5143,0x5143,0x4922,0x4943,0x5163,0x5963,0x61c4,0x61c4,0x5963,0x59a3,0x61a3,0x5963,0x71e4,
  0x5963,0x5163,0x5143,0x4922,0x4943,0x38e1,0x5143,0x5163,0x4943,0x4122,0x40e1,0x4943,0x4942,0x4922,0x4922,0x4922,
  0x61c4,0x69e5,0x69e4,0x61c4,0x5983,0x61a4,0x69c4,0x69e4,0x61a3,0x5142,0x5983,0x4942,0x4102,0x4922,0x4102,0x4102,
  0x5142,0x5963,0x4922,0x4943,0x5163,0x5163,0x5143,0x6183,0x5963,0x61a3,0x61a4,0x61c4,0x5983,0x5983,0x61a4,0x5143,
  0x5163,0x5163,0x5183,0x5183,0x4943,0x4122,0x5183,0x5183,0x4922,0x38e1,0x38e2,0x4102,0x4102,0x38e1,0x5142,0x5163,
  0x59a4,0x61a4,0x5983,0x5183,0x5183,0x5983,0x61c4,0x6a04,0x5142,0x5122,0x59a4,0x5163,0x59a3,0x61c4,0x5983,0x5983,
  0x5983,0x5963,0x5963,0x59a4,0x5163,0x4902,0x4922,0x59a3,0x4942,0x4943,0x4922,0x5163,0x38e2,0x59a3,0x5983,0x5983,
  0x61a3,0x5983,0x5142,0x61a3,0x61a4,0x5942,0x5983,0x5983,0x6183,0x61a3,0x61a3,0x5143,0x5963,0x4942,0x4902,0x5183,
  0x59a3,0x5163,0x5143,0x5143,0x5163,0x5143,0x5163,0x5143,0x5163,0x4102,0x4923,0x4922,0x4922,0x5983,0x5942,0x5942,
  0x69e4,0x5983,0x69c4,0x69c4,0x7225,0x69e4,0x69c4,0x61c4,0x69e4,0x7225,0x69c4,0x69a3,0x61a4,0x6183,0x69e4,0x61a3,
  0x5963,0x61e4,0x5142,0x5983,0x6183,0x6183,0x5942,0x6183,0x5963,0x6183,0x6183,0x5163,0x5142,0x4922,0x4922,0x5162,
  0x61a3,0x69c4,0x61a4,0x5984,0x69c4,0x59a4,0x61a4,0x61c4,0x61c4,0x5142,0x5983,0x4942,0x5163,0x5963,0x61a3,0x61c4,
  0x69e4,0x69e4,0x61a4,0x6a04,0x71e4,0x6183,0x5983,0x61c4,0x61a3,0x61a3,0x5983,0x5163,0x69c4,0x61c4,0x6183,0x59a3,
  0x59a4,0x61c4,0x4922,0x4922,0x4122,0x3902,0x38e2,0x38e2,0x38c1,0x3902,0x30c1,0x30c1,0x38e2,0x4963,0x4122,0x4102,
  0x7225,0x6a05,0x61c4,0x61c4,0x61c4,0x61a4,0x61c4,0x61e4,0x61c4,0x61a3,0x5983,0x59a4,0x5143,0x5983,0x5984,0x5163,
  0x5983,0x5142,0x5142,0x4902,0x4102,0x38e2,0x4122,0x4122,0x38e2,0x30e2,0x38e2,0x4122,0x4102,0x4102,0x38e2,0x3902,
  0x4102,0x4102,0x4963,0x4102,0x4943,0x3902,0x5163,0x4943,0x38e2,0x4102,0x38e2,0x38e2,0x38e2,0x4102,0x4102,0x4943,
  0x4123,0x4143,0x30c2,0x3902,0x3923,0x3923,0x5183,0x4102,0x5163,0x4102,0x5184,0x4943,0x5183,0x4123,0x5163,0x5143,
  0x5163,0x5183,0x38e2,0x4943,0x4922,0x59a4,0x4922,0x5163,0x4102,0x4943,0x38e2,0x4102,0x4942,0x5143,0x61a4,0x5163,
  0x5143,0x4122,0x38e2,0x4922,0x4122,0x4942,0x4122,0x4922,0x4922,0x4922,0x5163,0x4102,0x4122,0x4102,0x40e1,0x4942,
  0x3902,0x4102,0x5163,0x5184,0x4943,0x4122,0x4943,0x4963,0x5983,0x4943,0x5163,0x4922,0x5163,0x4923,0x59a3,0x5983,
  0x4942,0x5163,0x4943,0x61c4,0x5163,0x5983,0x5183,0x5163,0x5163,0x5143,0x5163,0x5143,0x5163,0x4943,0x38e2,0x4943,
  0x59a4,0x4902,0x5163,0x5163,0x3902,0x5163,0x5163,0x5163,0x5142,0x4942,0x5983,0x5142,0x5142,0x4943,0x4942,0x40e1,
  0x5143,0x61a4,0x59a4,0x5983,0x61c4,0x5163,0x69e4,0x61a4,0x5163,0x59a3,0x61c4,0x5163,0x5142,0x5983,0x5163,0x4942,
  0x5983,0x5163,0x4922,0x4122,0x38c1,0x40e2,0x4922,0x5983,0x5983,0x5983,0x4922,0x5163,0x4943,0x4922,0x38e2,0x38c1,
  0x4122,0x4923,0x4102,0x5143,0x59a4,0x5163,0x59a3,0x59a3,0x5163,0x4102,0x4102,0x4902,0x5142,0x5142,0x4922,0x4942,
  0x5984,0x5163,0x38e2,0x4943,0x4923,0x40e2,0x4102,0x4923,0x5983,0x4922,0x5183,0x5963,0x5142,0x5983,0x5142,0x5122,
  0x5142,0x61a3,0x6163,0x6183,0x5983,0x5983,0x5983,0x4943,0x5163,0x4922,0x5143,0x5122,0x59a3,0x5983,0x5102,0x5143,
  0x5163,0x5983,0x4942,0x4922,0x4102,0x4102,0x4102,0x4942,0x5143,0x4922,0x4102,0x4102,0x4922,0x4943,0x5963,0x4942,
  0x59a4,0x5983,0x5983,0x5983,0x59a4,0x5983,0x4943,0x5183,0x5163,0x5983,0x5143,0x4943,0x4922,0x4942,0x4943,0x4122,
  0x4922,0x4943,0x4102,0x4902,0x5142,0x4102,0x4122,0x4122,0x4123,0x38e2,0x38c1,0x4102,0x3902,0x38e2,0x40e2,0x4122,
  0x4102,0x4102,0x4102,0x4942,0x4102,0x4943,0x4922,0x5143,0x4922,0x4102,0x4102,0x4922,0x4102,0x5163,0x4102,0x4102,
  0x3923,0x3902,0x4143,0x4123,0x51a4,0x38e2,0x38e2,0x4943,0x4963,0x5163,0x4943,0x38e2,0x4922,0x5183,0x5183,0x4922,
  0x5143,0x4943,0x4943,0x5143,0x5163,0x5163,0x4942,0x59a4,0x5163,0x5163,0x5163,0x4922,0x4922,0x4922,0x4943,0x4102,
  0x4922,0x4122,0x5143,0x4922,0x4942,0x4102,0x38e2,0x5143,0x4922,0x3902,0x4942,0x4922,0x4102,0x5142,0x40e2,0x4942,
  0x5984,0x59a4,0x5184,0x4123,0x4942,0x5163,0x4943,0x4122,0x4942,0x59a4,0x61c4,0x4922,0x4922,0x4102,0x4922,0x5983,
  0x5983,0x5143,0x5122,0x4942,0x5143,0x4942,0x5163,0x4942,0x5163,0x5163,0x4102,0x4102,0x4922,0x4922,0x4922,0x5143,
  0x5963,0x5163,0x61a3,0x5983,0x5983,0x5142,0x5163,0x5143,0x5163,0x4942,0x4922,0x40e2,0x4922,0x5163,0x4922,0x5142,
  0x4902,0x5183,0x5163,0x59a4,0x59a3,0x4122,0x4122,0x5163,0x3902,0x5983,0x5163,0x5142,0x5963,0x5963,0x61a4,0x5983,
  0x4102,0x4943,0x5143,0x5163,0x5142,0x4942,0x5163,0x5163,0x4122,0x4102,0x4923,0x4102,0x4922,0x4122,0x5163,0x5163,
  0x4963,0x5142,0x4943,0x4922,0x4942,0x4943,0x59a3,0x4943,0x4943,0x4102,0x3902,0x4102,0x3902,0x3902,0x38e2,0x30c1,
  0x5983,0x5184,0x4943,0x4963,0x4963,0x3902,0x4963,0x4943,0x4943,0x38c2,0x3902,0x28a1,0x30c2,0x30c2,0x3902,0x3902,
  0x38e2,0x30c2,0x3902,0x4123,0x4122,0x4102,0x4122,0x4123,0x38e2,0x4123,0x4123,0x4122,0x4102,0x4943,0x38e2,0x4943,
  0x4102,0x4122,0x4123,0x4122,0x38e2,0x4943,0x38e2,0x4143,0x4943,0x4943,0x3902,0x38e2,0x30c2,0x3902,0x4122,0x4122,
  0x3902,0x5184,0x4922,0x5163,0x5143,0x4102,0x4923,0x3902,0x38e2,0x5184,0x4943,0x5163,0x4102,0x38e2,0x40e2,0x4102,
  0x4943,0x4942,0x5143,0x4943,0x4922,0x4123,0x4922,0x5142,0x5163,0x4102,0x4102,0x4143,0x4102,0x4102,0x38e1,0x4102,
  0x4922,0x5122,0x5142,0x5983,0x4922,0x4943,0x4943,0x38e1,0x4102,0x3902,0x30e1,0x4963,0x4943,0x4102,0x4942,0x5163,
  0x69c4,0x61c4,0x61a3,0x61c3,0x5163,0x5163,0x5163,0x61c4,0x5142,0x5963,0x5963,0x61a3,0x5963,0x61a3,0x5983,0x5162,
  0x5162,0x5162,0x4922,0x4901,0x5162,0x61c3,0x4922,0x5142,0x4922,0x59a3,0x5983,0x5142,0x5962,0x5982,0x4901,0x5122,
  0x4922,0x5963,0x5142,0x5963,0x61c4,0x5983,0x5122,0x5963,0x61a3,0x59a3,0x5142,0x5963,0x5963,0x4922,0x4901,0x4902,
 },
 {
  0xf81f,0xf81f,0xf81f,0xf81f,0xf81f,0xf81f,0xf81f,0xf81f,0xf81f,0xf81f,0xf81f,0xf81f,0xf81f,0xf81f,0xf81f,0xf81f,
  0xf81f,0xf81f,0xf81f,0xf81f,0xf81f,0x88a1,0x98a2,0xa8e2,0xb0e2,0xa8e2,0x8881,0x7040,0xf81f,0xf81f,0xf81f,0xf81f,
  0xf81f,0xf81f,0xf81f,0xf81f,0xf81f,0xf81f,0xf81f,0xf81f,0xf81f,0xf81f,0xf81f,0xf81f,0xf81f,0xf81f,0xf81f,0xf81f,
  0xf81f,0xf81f,0xf81f,0xf81f,0xf81f,0xf81f,0xf81f,0xf81f,0xf81f,0xf81f,0xf81f,0xf81f,0xf81f,0xf81f,0xf81f,0xf81f,
  0xf81f,0xb923,0xb903,0xc0c2,0xc903,0xc944,0xd1c6,0xd1a6,0xc986,0xc965,0xc103,0xb8a2,0xb881,0xb881,0xb8c2,0xa0c2,
  0xf81f,0xf81f,0xf81f,0xf81f,0xf81f,0xf81f,0xf81f,0xf81f,0xf81f,0xf81f,0xf81f,0xf81f,0xf81f,0xf81f,0xf81f,0xf81f,
  0xf81f,0xf81f,0xf81f,0xf81f,0xf81f,0xf81f,0xf81f,0xf81f,0xf81f,0xf81f,0xf81f,0xf81f,0xf81f,0xf81f,0xb103,0xc061,
  0xc0c2,0xc965,0xdaca,0xdacb,0xc985,0xb8a2,0xb020,0xb061,0xa000,0xb040,0xb061,0xb040,0xb061,0xb8c2,0xc124,0xb0a2,
  0xa840,0xa840,0x7840,0xf81f,0xf81f,0xf81f,0xf81f,0xf81f,0xf81f,0xf81f,0xf81f,0xf81f,0xf81f,0xf81f,0xf81f,0xf81f,
  0xf81f,0xf81f,0xf81f,0xf81f,0xf81f,0xf81f,0xf81f,0xf81f,0xf81f,0xf81f,0xf81f,0xf81f,0xb144,0xc0c2,0xd985,0xe431,
  0xec51,0xb8e4,0xa061,0xa081,0x8800,0x7800,0x6000,0x5000,0x4800,0x5000,0x6000,0x7800,0x9000,0xa040,0x9800,0xa000,
  0xb060,0xb8a2,0xa020,0x9800,0x7040,0xf81f,0xf81f,0xf81f,0xf81f,0xf81f,0xf81f,0xf81f,0xf81f,0xf81f,0xf81f,0xf81f,
  0xf81f,0xf81f,0xf81f,0xf81f,0xf81f,0xf81f,0xf81f,0xf81f,0xf81f,0xf81f,0x9103,0xb8a2,0xc965,0xf555,0xe36d,0xa8e3,
  0x98a2,0x7040,0x3800,0x7820,0xa841,0xc986,0xe289,0xd1e8,0xd1e7,0xd1c6,0xc165,0xb081,0x8800,0x5000,0x5000,0x7000,
  0x8800,0xa000,0xa000,0xa840,0x9000,0x9020,0xf81f,0xf81f,0xf81f,0xf81f,0xf81f,0xf81f,0xf81f,0xf81f,0xf81f,0xf81f,
  0xf81f,0xf81f,0xf81f,0xf81f,0xf81f,0xf81f,0xf81f,0xf81f,0xf81f,0xc124,0xc924,0xe36d,0xff9d,0xc165,0xa985,0x6881,
  0x6800,0xc145,0xc185,0x8800,0x7800,0x6000,0x4800,0x4000,0x4000,0x4000,0x6000,0x7000,0x8800,0xa000,0xb881,0x8000,
  0x3800,0x7800,0x9000,0x9800,0xa840,0x9800,0x8800,0xf81f,0xf81f,0xf81f,0xf81f,0xf81f,0xf81f,0xf81f,0xf81f,0xf81f,
  0xf81f,0xf81f,0xf81f,0xf81f,0xf81f,0xf81f,0xf81f,0xf81f,0xc944,0xc944,0xf6fb,0xec92,0xb165,0x7903,0x98e3,0xfe18,
  0x9020,0x6800,0x7840,0xc209,0xb0a2,0xa820,0x8800,0x8000,0x7800,0x8000,0x9800,0xb081,0xc904,0x8000,0x4800,0x9000,
  0xa000,0x9000,0x4000,0x8800,0x9000,0x9800,0x9820,0x7800,0x6020,0xf81f,0xf81f,0xf81f,0xf81f,0xf81f,0xf81f,0xf81f,
  0xf81f,0xf81f,0xf81f,0xf81f,0xf81f,0xf81f,0xf81f,0xd965,0xc965,0xffff,0xc228,0xb1c6,0x6945,0xecb2,0x8820,0x5000,
  0xc185,0xa000,0x7000,0x3800,0x8061,0xb081,0xb882,0xc104,0xc0c3,0xb081,0x9821,0x8800,0x3800,0x6800,0x9800,0xb861,
  0x5800,0x8800,0xa020,0x7000,0x7000,0xa000,0xa020,0x9000,0x7800,0x6061,0xf81f,0xf81f,0xf81f,0xf81f,0xf81f,0xf81f,
  0xf81f,0xf81f,0xf81f,0xf81f,0xf81f,0xf81f,0xd164,0xd186,0xffbe,0xb104,0xba68,0xc1c6,0xb0a2,0x5800,0xba08,0x9841,
  0x5000,0xb987,0xca08,0xec92,0xd249,0xc124,0xb061,0xb061,0xb881,0xb881,0xb881,0xa820,0xb881,0xc0c2,0x9000,0x3800,
  0x8800,0xb861,0x4000,0x9820,0x8000,0x5000,0x9000,0x9000,0x9800,0x7000,0xf81f,0xf81f,0xf81f,0xf81f,0xf81f,0xf81f,
  0xf81f,0xf81f,0xf81f,0xf81f,0xf81f,0xb0a2,0xc103,0xffbe,0xb985,0x9123,0xb0c3,0xa020,0x5000,0xc207,0x6800,0xc229,
  0xec71,0xf554,0xd289,0xc124,0xc103,0x9820,0xb061,0xb040,0xb040,0xa000,0xa820,0xa800,0xa000,0xa820,0xa820,0xa820,
  0x8800,0x4800,0xa840,0x6800,0x9820,0xa881,0x4800,0xa000,0x8800,0x9882,0x6800,0xf81f,0xf81f,0xf81f,0xf81f,0xf81f,
  0xf81f,0xf81f,0xf81f,0xf81f,0xb124,0xc903,0xfebb,0xb903,0xa164,0xb8a2,0x8021,0x6841,0xa840,0x4820,0xdb0c,0xfedb,
  0xed55,0xca07,0xc145,0xc0c2,0xb081,0xb040,0xa820,0xa000,0xb040,0xa820,0xa820,0x9800,0xa000,0x9800,0x9800,0x9800,
  0xa840,0xb060,0x7000,0x9820,0x6800,0x8800,0xa861,0x5000,0x9820,0x8000,0x8862,0x6000,0xf81f,0xf81f,0xf81f,0xf81f,
  0xf81f,0xf81f,0xf81f,0xf81f,0xd184,0xe269,0xe30b,0xc227,0xa8c3,0xa821,0x9103,0xa000,0x3000,0xff1c,0xff5c,0xf5f7,
  0xe430,0xb946,0xb8e3,0xb8a2,0xb061,0xa840,0xb040,0xa820,0xb860,0xb040,0xa820,0xa000,0x9000,0x9800,0x9000,0x9000,
  0x9800,0xa820,0xa000,0x7800,0xa020,0x6800,0x9820,0x6800,0x7800,0x8800,0x8800,0x7800,0x6081,0xf81f,0xf81f,0xf81f,
  0xf81f,0xf81f,0xf81f,0xb0c2,0xc923,0xfdd7,0xa0a2,0x5000,0xb965,0x4000,0xa821,0x3800,0xffdf,0xff3c,0xf659,0xd3f0,
  0xb925,0xb945,0xa041,0x9800,0xa000,0xb060,0xa820,0xb040,0xb020,0xa000,0xb060,0xa000,0xa000,0xa020,0x9800,0xa020,
  0x9000,0x9000,0xa020,0x9800,0x6000,0xa000,0x4800,0x9000,0x4000,0x9000,0x8000,0x9882,0x6800,0xf81f,0xf81f,0xf81f,
  0xf81f,0xf81f,0xf81f,0xc964,0xec31,0xb061,0x8903,0xb0e3,0x5800,0xb9a5,0x4000,0xff7d,0xff5d,0xf679,0xed14,0xcacb,
  0xb925,0xa8a2,0xb081,0xa020,0x9800,0xa820,0xa820,0xa820,0xb040,0xa000,0xb040,0x9000,0x9000,0xa020,0x9800,0x9800,
  0xa020,0x9020,0x9800,0x9000,0x9020,0x5800,0xa020,0x6000,0x8820,0x6000,0x9800,0x9000,0x8041,0x5861,0xf81f,0xf81f,
  0xf81f,0xf81f,0xb0c2,0xc8a2,0xd9c6,0xa061,0x9020,0x8800,0xa081,0x5000,0xdb4c,0xff1b,0xf638,0xed34,0xdbce,0xc1c7,
  0xc985,0xa021,0xa841,0x9800,0xb061,0xb060,0xb040,0xa020,0xa800,0x9800,0xa000,0x9000,0x9800,0x9800,0x9000,0x8800,
  0x9000,0x8800,0x9000,0x9000,0x9000,0x8820,0x5800,0x9020,0xa020,0x6000,0x8000,0x8000,0x9021,0x5800,0xf81f,0xf81f,
  0xf81f,0xf81f,0xc965,0xda8a,0xa841,0x5020,0xeb8d,0x3000,0x9800,0xd186,0xf618,0xe555,0xd430,0xdc0f,0xca28,0xb944,
  0xb8c2,0xb040,0xb881,0xa820,0xa000,0xb040,0xa840,0xa840,0xa000,0xa020,0xa020,0x9800,0xa840,0xa000,0x8800,0x9000,
  0x9000,0x8800,0x8800,0x9000,0x8000,0x9000,0x7000,0xa000,0x4800,0x8800,0x5800,0xa020,0x9000,0x7000,0x5020,0xf81f,
  0xf81f,0x98e2,0xc061,0xe2aa,0xa861,0x6800,0x9000,0xa820,0x3800,0xec71,0xecf3,0xd3ae,0xb9e7,0xca48,0xa8c3,0xb8a2,
  0xa861,0xb881,0xa020,0xb040,0xa800,0xa820,0xa840,0xa020,0xa820,0xa020,0xa840,0x9000,0xa020,0x9800,0x9000,0x9800,
  0x9800,0x9800,0x9000,0x8000,0x8800,0x8800,0x9061,0x6000,0xa082,0xa820,0x5000,0x9820,0x7800,0x90c3,0x5000,0xf81f,
  0xf81f,0xb0a2,0xc8a1,0xc8c2,0x6000,0xb040,0x4800,0xa000,0xb8c2,0xe36e,0xca8a,0xb986,0xa8e4,0xb124,0xb0e3,0xb061,
  0xb040,0xa020,0xa820,0xa820,0xa800,0xb860,0xa020,0x9800,0xa820,0x9800,0xa000,0xa000,0x9800,0xa020,0xa040,0x9800,
  0x9800,0x9000,0x9820,0x8800,0x7800,0x8800,0x8000,0x5000,0xa000,0x5800,0x98e3,0x6800,0x8800,0x8882,0x6000,0xf81f,
  0xf81f,0xc924,0xd165,0xb020,0x4000,0xc082,0x8000,0x8000,0xd123,0xc9a6,0xb924,0xb104,0xb103,0xa861,0x9820,0xb061,
  0xa820,0xb040,0xb060,0xa000,0xa020,0xa840,0xa820,0xa840,0xb060,0x9820,0xb020,0xb040,0x9800,0xa020,0x9800,0x9000,
  0x9820,0x8800,0x8000,0x8800,0x8000,0x7800,0x8000,0x7841,0x7800,0x5800,0x8800,0x4000,0x9800,0x8800,0x6000,0xf81f,
  0xf81f,0xc0a1,0xd185,0xa820,0x8800,0x9800,0xb061,0x2800,0xd1e7,0xb0e4,0xa8a2,0xa861,0xb061,0xa820,0xb060,0xa020,
  0xa000,0xa000,0xa820,0x9000,0xa820,0xa000,0xa020,0x9000,0xa840,0xa020,0xa020,0xa820,0x9800,0x9020,0x9000,0x9000,
  0x9020,0x8000,0x9000,0x8000,0x8000,0x8000,0x7000,0x8861,0x5000,0x8820,0xa841,0x5820,0xb041,0x8000,0x7861,0x4840,
  0x90a1,0xc040,0xc923,0x9041,0xb840,0x8800,0xc8e3,0x8000,0xc924,0xb8c2,0xb061,0xb082,0xa820,0xb061,0xb040,0xa020,
  0xb040,0xa020,0xb860,0xa000,0xa820,0xa020,0xa020,0xb040,0xb860,0xa020,0xa840,0x9000,0x9000,0xa020,0x8800,0x9000,
  0x8800,0x9020,0x8800,0x8000,0x8000,0x7800,0x7000,0x8841,0x4800,0x9000,0x8820,0x7081,0x9800,0x8000,0x80a3,0x4840,
  0x98e2,0xb000,0xc081,0x7800,0xb840,0x4800,0xa020,0xa800,0xc0e3,0xb8a2,0xb061,0xb041,0xb040,0x9800,0xb020,0xa000,
  0xa820,0xa820,0xa000,0xa000,0x9800,0x9800,0xa000,0x9800,0xa020,0x9800,0xa800,0xa020,0x9000,0x9000,0x9000,0x9800,
  0x9000,0x8800,0x8800,0x8800,0x8000,0x7000,0x7800,0x8000,0x6000,0xb881,0x5800,0x8881,0x8000,0x8800,0x88a3,0x4800,
  0x98c1,0xb840,0xb860,0x5800,0xd103,0x3800,0x8800,0xb020,0xb020,0xb881,0xa000,0xa820,0xa000,0xa820,0xa020,0xa000,
  0xa000,0xa000,0xa800,0x9000,0x9000,0xa820,0xa000,0xb020,0xa820,0xa840,0xa860,0xa000,0x9000,0x8800,0x9000,0xa860,
  0x9000,0x8800,0x8800,0x8800,0x8000,0x8000,0x7800,0x8800,0x6000,0xb861,0x4800,0x8041,0x7000,0x9000,0x88a3,0x4800,
  0xa060,0xb000,0xb020,0x5000,0xd0e2,0x4000,0x8000,0xb040,0xb020,0xa820,0xa800,0xb020,0xb840,0xb040,0xa800,0xa020,
  0xa800,0xa820,0xa000,0x9000,0xa000,0x9800,0xb020,0xa000,0x9800,0xa000,0xa000,0xa000,0xa020,0xa020,0x9800,0x9000,
  0x8800,0x8800,0x8000,0x8800,0x7800,0x7800,0x7800,0x7800,0x6000,0xb061,0x3000,0x7820,0x6800,0x9000,0x88a3,0x4800,
  0xa081,0xb020,0xb881,0x5800,0xd0c2,0x4800,0x8000,0xb020,0xb020,0xb860,0xb020,0xb020,0xa820,0xa020,0xa840,0x9800,
  0x9800,0x9800,0xa820,0x9000,0x9800,0xb020,0xa020,0x9800,0xa820,0x9800,0xa000,0x9000,0x9800,0xa820,0x8800,0x9000,
  0x8000,0x8000,0x8000,0x8000,0x8000,0x7800,0x7800,0x8800,0x6000,0xb041,0x3000,0x7820,0x7000,0x8800,0x90c3,0x4800,
  0x9881,0xb820,0xb061,0x6800,0xc0a2,0x4000,0x8000,0xa000,0xb020,0xa820,0xa000,0xa800,0xa820,0xa000,0xa820,0x9800,
  0xa000,0xa820,0x9800,0x9000,0x9800,0x9800,0xa000,0xa000,0xa820,0x9800,0xa000,0x9000,0x9000,0x8800,0xa020,0x8800,
  0x8800,0x8800,0x8000,0x8000,0x7800,0x8000,0x7800,0x8800,0x5000,0xc0e3,0x4800,0x7000,0x8000,0x9000,0x88c3,0x4000,
  0x9881,0xb040,0xb881,0x7020,0xc060,0x7800,0x9800,0x9000,0xa820,0xa840,0x9800,0xa820,0xa000,0xa820,0xb040,0x9800,
  0xb040,0x9800,0x9800,0xa000,0xa000,0xa820,0xa020,0x8800,0x9800,0xa020,0xa000,0xa820,0x9800,0x8800,0x9000,0x8800,
  0x9000,0x8000,0x8000,0x7800,0x8000,0x8000,0x8800,0x8020,0x4800,0xb8a2,0x7820,0x7841,0xa000,0x8000,0x8082,0x4820,
  0x8881,0xb840,0xb840,0x9040,0x9800,0x8800,0xc0a1,0x7800,0xb040,0xa000,0xa820,0xa000,0xa020,0x9800,0x9820,0xa020,
  0x9800,0xa020,0xa000,0x9800,0x9800,0xa020,0x9800,0x9000,0x9000,0xa000,0xa040,0xa020,0x9000,0x9000,0x9000,0x8800,
  0x9000,0x8000,0x8000,0x8800,0x8000,0x8800,0x7800,0x8041,0x2800,0x8800,0xa082,0x6020,0xa840,0x8800,0x7841,0x4020,
  0x7860,0xb861,0xc0a1,0x9000,0x7000,0x9000,0x9800,0x3000,0xb040,0xa020,0xa000,0x9820,0x9800,0x9820,0xa000,0x9800,
  0x9820,0x9000,0x9800,0x8800,0x9800,0x9820,0xa020,0xa020,0x9000,0x9000,0x9820,0x8800,0x9000,0x8800,0x8800,0x8000,
  0x8000,0x8820,0x8800,0x8800,0x8800,0x8000,0x7800,0x7020,0x5000,0x8000,0xc0c3,0x3800,0xe2ab,0x7800,0x6000,0x4020,
  0xf81f,0xa020,0xa820,0xa000,0x4000,0xb040,0x6800,0x9000,0xa840,0xa820,0x9000,0x9800,0x9000,0xa020,0x9800,0x9000,
  0x8800,0x9800,0x9000,0x9820,0xa020,0xa040,0x9800,0x9800,0x9820,0x9820,0x9000,0x8800,0x8800,0x8800,0x8800,0x8800,
  0x8800,0x8000,0x8000,0x8800,0x8000,0x8800,0x8000,0x5000,0x9820,0x3000,0x8800,0x3000,0xa020,0x7800,0x5000,0xf81f,
  0xf81f,0xa041,0xa000,0xb020,0x6800,0xa040,0x7000,0xa020,0x8000,0xa000,0x9800,0x9820,0x9000,0x9820,0x9800,0xa020,
  0xa000,0x9020,0x9000,0x9000,0x9800,0x9820,0x9820,0xa020,0x9000,0x9800,0x9000,0x8800,0x9000,0x8800,0x8000,0x9020,
  0x9000,0x8800,0x9000,0x8000,0x8800,0x8800,0x8041,0x2800,0xa082,0x8800,0x6800,0x9020,0x9000,0x80a2,0x4800,0xf81f,
  0xf81f,0x8060,0x9800,0xb840,0x9841,0x7000,0x9800,0x8800,0x6800,0xa020,0xa020,0x9800,0x9800,0x9800,0x9000,0x8800,
  0x9800,0x9800,0x9800,0x9000,0x9000,0xa000,0x9000,0xa840,0x8800,0x9020,0x9000,0x8800,0x8800,0x8800,0x8000,0x8000,
  0x8800,0x9000,0x8000,0x7800,0x7000,0x8000,0x6000,0xa862,0x6800,0x9020,0x3000,0xd2eb,0x8800,0x7061,0x4820,0xf81f,
  0xf81f,0xf81f,0xa020,0xa820,0x9800,0x4800,0xa841,0x4000,0x9800,0x7000,0xa840,0x9820,0x9000,0x9800,0x9000,0x9000,
  0x9000,0x9000,0x9800,0xa020,0x9800,0x9800,0x8800,0x9000,0x8800,0x8800,0x9000,0x8000,0x7800,0x7800,0x8000,0x9000,
  0x8800,0x8800,0x8000,0x7000,0x8000,0x7800,0x3800,0xca68,0x5800,0x7800,0x7041,0x9800,0x7820,0x5000,0xf81f,0xf81f,
  0xf81f,0xf81f,0x8800,0xa020,0xb060,0xa061,0x7000,0xa840,0x7000,0x7800,0x9000,0x9000,0x9020,0x8800,0x9000,0x9000,
  0x9800,0x9000,0x9000,0x9000,0x8800,0x9800,0x8800,0x9000,0x8800,0x8800,0x8000,0x8800,0x8000,0x8800,0x8800,0x8800,
  0x8800,0x8000,0x8000,0x8000,0x7820,0x4800,0x9041,0x6020,0xa061,0x2800,0xe3af,0x8800,0x8082,0x4000,0xf81f,0xf81f,
  0xf81f,0xf81f,0x7060,0x9000,0xa000,0xa000,0x5800,0xa820,0x8000,0xa840,0x5000,0x8800,0x9020,0x8800,0x8800,0x9820,
  0x8000,0x8800,0x8800,0x8800,0x8800,0x9000,0x9000,0x8800,0x8000,0x8800,0x8800,0x8800,0x9000,0x9000,0x9820,0x7800,
  0x8000,0x8000,0x8000,0x8020,0x5800,0x6082,0x8821,0x90c2,0x7000,0x90e3,0x9800,0x8000,0x5000,0x4020,0xf81f,0xf81f,
  0xf81f,0xf81f,0xf81f,0x8800,0x9800,0xa820,0x8800,0x6000,0x9800,0x5000,0xa841,0x5000,0x8800,0x9800,0x8800,0x9000,
  0x8800,0x9000,0x8800,0x8800,0x9000,0x8800,0x8000,0x8800,0x8800,0x9000,0x8800,0x8800,0x8800,0x8800,0x8800,0x7800,
  0x7800,0x8000,0x7800,0x5800,0x5041,0x9820,0x4000,0x7800,0x2000,0xf555,0x8000,0x8082,0x3800,0xf81f,0xf81f,0xf81f,
  0xf81f,0xf81f,0xf81f,0x6020,0x8800,0x9800,0xa020,0x9820,0x5800,0x9800,0x4800,0xa820,0x7000,0x8800,0x9000,0x8000,
  0x8800,0x8000,0x8000,0x8000,0x8000,0x8000,0x8800,0x8800,0x8800,0x8000,0x9000,0x8800,0x9000,0x8000,0x7800,0x8800,
  0x8000,0x7800,0x5800,0x50a2,0x9000,0x3800,0x8800,0x3000,0xc26b,0x9000,0x8062,0x5000,0x4020,0xf81f,0xf81f,0xf81f,
  0xf81f,0xf81f,0xf81f,0xf81f,0x7020,0x9000,0xa840,0xa000,0x7000,0x7000,0xa820,0x4000,0xa820,0x7000,0x7000,0x8800,
  0x7800,0x8000,0x8000,0x8000,0x8000,0x8000,0x9020,0x9020,0x9800,0x9820,0x9820,0x8800,0x8000,0x8000,0x8000,0x8820,
  0x8020,0x5800,0x70e3,0x8800,0x4800,0xa145,0x5800,0xc1c7,0x9820,0x7800,0x6000,0x4000,0xf81f,0xf81f,0xf81f,0xf81f,
  0xf81f,0xf81f,0xf81f,0xf81f,0xf81f,0x7000,0x8000,0xa020,0x8800,0x6800,0x7800,0x9800,0x5800,0x9000,0x8800,0x5000,
  0x7800,0x8000,0x8800,0x8800,0x8000,0x8800,0x8820,0x9820,0x9000,0x8800,0x9020,0x7800,0x8000,0x8020,0x8000,0x5800,
  0x3800,0x9882,0x8021,0x4820,0x8020,0x5800,0xcaec,0xa841,0x8000,0x7861,0x4000,0xf81f,0xf81f,0xf81f,0xf81f,0xf81f,
  0xf81f,0xf81f,0xf81f,0xf81f,0xf81f,0xf81f,0x7000,0x8800,0xa020,0xa020,0x7000,0x5000,0x8800,0x7800,0x7800,0xa820,
  0x8800,0x4000,0x6800,0x7800,0x9020,0x8820,0x8820,0x8000,0x8000,0x7800,0x8820,0x8000,0x7000,0x5800,0x3800,0x9061,
  0xa0e4,0x5000,0x99c6,0x8820,0x4800,0xcb0b,0xa020,0x8000,0x7041,0x4000,0xf81f,0xf81f,0xf81f,0xf81f,0xf81f,0xf81f,
  0xf81f,0xf81f,0xf81f,0xf81f,0xf81f,0xf81f,0xf81f,0x7000,0x8800,0x9800,0x9820,0x9800,0x4800,0x8000,0xa841,0x6800,
  0x7800,0xa000,0xa020,0x7000,0x3000,0x4800,0x5800,0x5800,0x5000,0x5800,0x4800,0x2800,0x8020,0xdb6e,0x8000,0x5800,
  0x5020,0xb125,0x6800,0x2820,0xe4f4,0x9820,0x8800,0x7841,0x4800,0xf81f,0xf81f,0xf81f,0xf81f,0xf81f,0xf81f,0xf81f,
  0xf81f,0xf81f,0xf81f,0xf81f,0xf81f,0xf81f,0xf81f,0xf81f,0x6800,0x8800,0x8800,0x9020,0xb061,0x7000,0x5000,0x9000,
  0x9800,0x8800,0x3000,0x7800,0x8800,0xa040,0xb8e3,0xd9c7,0xda07,0xc9e7,0x9000,0x9000,0x7800,0x3000,0x90e3,0x9820,
  0x7800,0x3000,0xb9a6,0xe451,0x8800,0x7820,0x6820,0x4000,0xf81f,0xf81f,0xf81f,0xf81f,0xf81f,0xf81f,0xf81f,0xf81f,
  0xf81f,0xf81f,0xf81f,0xf81f,0xf81f,0xf81f,0xf81f,0xf81f,0xf81f,0x6800,0x7000,0x8800,0x9000,0x9800,0xb041,0x7000,
  0x3800,0x6800,0x9000,0x9800,0xc0c3,0x9800,0x7800,0x6000,0x6000,0x7020,0xa061,0xda49,0x9000,0x8820,0x6800,0x3000,
  0xb124,0xf5f7,0x9820,0x7800,0x7841,0x5800,0x4000,0xf81f,0xf81f,0xf81f,0xf81f,0xf81f,0xf81f,0xf81f,0xf81f,0xf81f,
  0xf81f,0xf81f,0xf81f,0xf81f,0xf81f,0xf81f,0xf81f,0xf81f,0xf81f,0xf81f,0x6000,0x6000,0x8000,0x9820,0x9800,0x9800,
  0xc103,0x8000,0x5000,0x3800,0x5000,0x6800,0x7000,0x7800,0x8000,0x8000,0x7000,0x5000,0x2800,0x3000,0x9841,0xf596,
  0xa820,0x8800,0x8000,0x7000,0x4800,0x3800,0xf81f,0xf81f,0xf81f,0xf81f,0xf81f,0xf81f,0xf81f,0xf81f,0xf81f,0xf81f,
  0xf81f,0xf81f,0xf81f,0xf81f,0xf81f,0xf81f,0xf81f,0xf81f,0xf81f,0xf81f,0xf81f,0x4820,0x5000,0x6800,0x7800,0x9840,
  0x9000,0x9800,0x9800,0xa861,0xc124,0xb8a2,0xa000,0x9800,0xa840,0xa020,0xb0c3,0xd28a,0xca49,0xa000,0x8800,0x8000,
  0x7800,0x7041,0x4800,0x4000,0xf81f,0xf81f,0xf81f,0xf81f,0xf81f,0xf81f,0xf81f,0xf81f,0xf81f,0xf81f,0xf81f,0xf81f,
  0xf81f,0xf81f,0xf81f,0xf81f,0xf81f,0xf81f,0xf81f,0xf81f,0xf81f,0xf81f,0xf81f,0xf81f,0xf81f,0x4820,0x5000,0x5800,
  0x6800,0x8000,0x8800,0x8800,0x8800,0x8800,0x9800,0x9000,0x8800,0x8800,0x8800,0x7800,0x8000,0x7000,0x7000,0x6000,
  0x4800,0x4000,0x3820,0xf81f,0xf81f,0xf81f,0xf81f,0xf81f,0xf81f,0xf81f,0xf81f,0xf81f,0xf81f,0xf81f,0xf81f,0xf81f,
  0xf81f,0xf81f,0xf81f,0xf81f,0xf81f,0xf81f,0xf81f,0xf81f,0xf81f,0xf81f,0xf81f,0xf81f,0xf81f,0xf81f,0xf81f,0xf81f,
  0x5020,0x5000,0x4800,0x5800,0x6000,0x6800,0x8040,0x7820,0x8061,0x7020,0x6800,0x5000,0x4800,0x4000,0x4000,0x4020,
  0xf81f,0xf81f,0xf81f,0xf81f,0xf81f,0xf81f,0xf81f,0xf81f,0xf81f,0xf81f,0xf81f,0xf81f,0xf81f,0xf81f,0xf81f,0xf81f,
  0xf81f,0xf81f,0xf81f,0xf81f,0xf81f,0xf81f,0xf81f,0xf81f,0xf81f,0xf81f,0xf81f,0xf81f,0xf81f,0xf81f,0xf81f,0xf81f,
  0xf81f,0xf81f,0xf81f,0xf81f,0x4000,0x4820,0x4800,0x4800,0x4800,0x4820,0x4000,0x3000,0xf81f,0xf81f,0xf81f,0xf81f,
  0xf81f,0xf81f,0xf81f,0xf81f,0xf81f,0xf81f,0xf81f,0xf81f,0xf81f,0xf81f,0xf81f,0xf81f,0xf81f,0xf81f,0xf81f,0xf81f,
 },
 {
  0xf81f,0xf81f,0xf81f,0xf81f,0xf81f,0xf81f,0xf81f,0xf81f,0xf81f,0xf81f,0xf81f,0xf81f,0xf81f,0xf81f,0xf81f,0xf81f,
  0xf81f,0xf81f,0xf81f,0xf81f,0xddd1,0xeeb6,0xeeb6,0xeef7,0xeef7,0xeed7,0xe6b6,0xde12,0xac2b,0xf81f,0xf81f,0xf81f,
  0xf81f,0xf81f,0xf81f,0xf81f,0xf81f,0xf81f,0xf81f,0xf81f,0xf81f,0xf81f,0xf81f,0xf81f,0xf81f,0xf81f,0xf81f,0xf81f,
  0xf81f,0xf81f,0xf81f,0xf81f,0xf81f,0xf81f,0xf81f,0xf81f,0xf81f,0xf81f,0xf81f,0xf81f,0xf81f,0xf81f,0xf81f,0xf81f,
  0xee74,0xf718,0xf738,0xf739,0xf739,0xf739,0xff5a,0xff5a,0xf75a,0xf739,0xf739,0xf718,0xf6f7,0xf6f7,0xeeb6,0xde34,
  0xf81f,0xf81f,0xf81f,0xf81f,0xf81f,0xf81f,0xf81f,0xf81f,0xf81f,0xf81f,0xf81f,0xf81f,0xf81f,0xf81f,0xf81f,0xf81f,
  0xf81f,0xf81f,0xf81f,0xf81f,0xf81f,0xf81f,0xf81f,0xf81f,0xf81f,0xf81f,0xf81f,0xf81f,0xf81f,0xf81f,0xf718,0xf739,
  0xf739,0xff7b,0xff7b,0xf739,0xf6f8,0xeed7,0xeeb6,0xee95,0xe696,0xe675,0xeeb6,0xeeb6,0xeed6,0xeed7,0xeef8,0xeef7,
  0xeeb6,0xe675,0xac6c,0xf81f,0xf81f,0xf81f,0xf81f,0xf81f,0xf81f,0xf81f,0xf81f,0xf81f,0xf81f,0xf81f,0xf81f,0xf81f,
  0xf81f,0xf81f,0xf81f,0xf81f,0xf81f,0xf81f,0xf81f,0xf81f,0xf81f,0xf81f,0xf81f,0xf81f,0xf718,0xff5a,0xff7a,0xffbd,
  0xff5a,0xeed7,0xe695,0xddf1,0xd5b0,0xd56e,0xcd4d,0xcd0c,0xcd0c,0xc50b,0xcd2d,0xcd4e,0xd5b0,0xde12,0xe654,0xe695,
  0xeeb6,0xeef7,0xeeb6,0xde34,0xf81f,0xf81f,0xf81f,0xf81f,0xf81f,0xf81f,0xf81f,0xf81f,0xf81f,0xf81f,0xf81f,0xf81f,
  0xf81f,0xf81f,0xf81f,0xf81f,0xf81f,0xf81f,0xf81f,0xf81f,0xf81f,0xf81f,0xf717,0xff7a,0xff7a,0xffff,0xf739,0xe695,
  0xe695,0xd5ae,0xcd2c,0xeeb6,0xeef8,0xf75a,0xef19,0xeed7,0xe6b7,0xeed7,0xeef8,0xeeb6,0xde54,0xcd4e,0xc4ec,0xcd8f,
  0xde13,0xe674,0xe695,0xe696,0xde34,0xd5f3,0xf81f,0xf81f,0xf81f,0xf81f,0xf81f,0xf81f,0xf81f,0xf81f,0xf81f,0xf81f,
  0xf81f,0xf81f,0xf81f,0xf81f,0xf81f,0xf81f,0xf81f,0xf81f,0xf81f,0xf718,0xff7a,0xffde,0xffde,0xeed7,0xe653,0xcd4d,
  0xe653,0xf77b,0xe675,0xde13,0xd5b0,0xcd4d,0xc4eb,0xcd2c,0xc4eb,0xc4eb,0xc4eb,0xcd4e,0xd5d1,0xde54,0xeeb7,0xd5d2,
  0xbcab,0xcd8f,0xde33,0xe675,0xe696,0xde34,0xd5d2,0xf81f,0xf81f,0xf81f,0xf81f,0xf81f,0xf81f,0xf81f,0xf81f,0xf81f,
  0xf81f,0xf81f,0xf81f,0xf81f,0xf81f,0xf81f,0xf81f,0xf81f,0xf739,0xff7a,0xffff,0xf75a,0xeeb6,0xddf1,0xeed7,0xf75b,
  0xde33,0xcd4d,0xf6d7,0xf77b,0xe655,0xde12,0xde12,0xd5d1,0xd5b1,0xd5d1,0xd5d2,0xde54,0xeed8,0xde13,0xc50c,0xd5d2,
  0xde55,0xde13,0xc4eb,0xd5b1,0xde33,0xe675,0xde54,0xd5d2,0xf81f,0xf81f,0xf81f,0xf81f,0xf81f,0xf81f,0xf81f,0xf81f,
  0xf81f,0xf81f,0xf81f,0xf81f,0xf81f,0xf81f,0xf81f,0xf739,0xff7b,0xffff,0xeed6,0xe674,0xcd4d,0xffdf,0xddf1,0xc4eb,
  0xff9c,0xe654,0xcd8f,0xbcca,0xee94,0xeeb6,0xf718,0xf6f8,0xeef8,0xe6b6,0xe674,0xde13,0xc4ca,0xcd2d,0xde13,0xe676,
  0xcd6e,0xd5b1,0xe675,0xd5b0,0xc52e,0xde13,0xde54,0xde54,0xcd91,0xf81f,0xf81f,0xf81f,0xf81f,0xf81f,0xf81f,0xf81f,
  0xf81f,0xf81f,0xf81f,0xf81f,0xf81f,0xf81f,0xf739,0xff5a,0xffff,0xeeb6,0xde32,0xeef7,0xee95,0xd56e,0xffbd,0xddf2,
  0xcd2c,0xeed6,0xf739,0xffbc,0xf739,0xf718,0xeef7,0xf6f7,0xf6f7,0xeef7,0xeed6,0xeeb6,0xeeb6,0xe695,0xde13,0xc4eb,
  0xd5f2,0xde75,0xbcec,0xde34,0xcd90,0xc50d,0xde33,0xde34,0xd613,0xc550,0xf81f,0xf81f,0xf81f,0xf81f,0xf81f,0xf81f,
  0xf81f,0xf81f,0xf81f,0xf81f,0xf81f,0xeef7,0xff5a,0xffff,0xeeb6,0xddd0,0xeef7,0xe653,0xd590,0xe695,0xcd4d,0xee97,
  0xfffe,0xffbd,0xf75a,0xf718,0xf6f7,0xf6f7,0xeed6,0xf6d7,0xeed6,0xeeb5,0xeeb5,0xeeb5,0xeeb5,0xee95,0xe695,0xe695,
  0xd5f2,0xc52d,0xde54,0xcd6e,0xd613,0xd5f3,0xc50c,0xde33,0xde13,0xd5f3,0xc50e,0xf81f,0xf81f,0xf81f,0xf81f,0xf81f,
  0xf81f,0xf81f,0xf81f,0xf81f,0xeeb6,0xf739,0xffde,0xeeb6,0xd5d1,0xeed7,0xde12,0xf738,0xe611,0xcd2c,0xffbd,0xffff,
  0xffbd,0xf75a,0xf717,0xf6f7,0xeed6,0xeeb6,0xeeb5,0xeeb6,0xee95,0xeeb5,0xeeb6,0xeeb5,0xe695,0xe675,0xe675,0xe674,
  0xe695,0xde53,0xcd6e,0xd5f2,0xcd6f,0xd5d2,0xcdb1,0xcd4e,0xde33,0xde33,0xcd91,0xb4ad,0xf81f,0xf81f,0xf81f,0xf81f,
  0xf81f,0xf81f,0xf81f,0xf81f,0xf759,0xff7b,0xf739,0xe653,0xee94,0xe653,0xf717,0xe612,0xd5b0,0xffff,0xffff,0xffbd,
  0xff9b,0xf718,0xf6f7,0xeed6,0xeeb5,0xeeb5,0xee95,0xeeb5,0xee94,0xeeb5,0xe695,0xee94,0xee95,0xe674,0xe674,0xe653,
  0xe674,0xe654,0xde54,0xcd6e,0xde33,0xcd6f,0xde33,0xc52e,0xcd90,0xde33,0xd613,0xbd0e,0xf81f,0xf81f,0xf81f,0xf81f,
  0xf81f,0xf81f,0xf81f,0xf6f8,0xff59,0xffbd,0xee95,0xcd2c,0xe6b6,0xd5b0,0xe632,0xcd4e,0xffff,0xffff,0xffde,0xffbc,
  0xf759,0xf6f7,0xf6f6,0xeeb6,0xeeb5,0xee95,0xeeb5,0xe694,0xeeb5,0xe674,0xe674,0xe674,0xe695,0xe654,0xe695,0xe654,
  0xe654,0xe654,0xe675,0xde13,0xcd6e,0xde33,0xc50d,0xd613,0xbcec,0xde13,0xde34,0xd5f3,0xb4ad,0xf81f,0xf81f,0xf81f,
  0xf81f,0xf81f,0xf81f,0xf759,0xff9c,0xeeb6,0xddcf,0xff9c,0xd58f,0xeeb7,0xc50c,0xffff,0xffff,0xffdd,0xff9c,0xf719,
  0xf718,0xf6f7,0xeed6,0xee95,0xeeb6,0xeeb5,0xeeb5,0xee95,0xee95,0xe674,0xe674,0xe674,0xe674,0xe674,0xe674,0xe654,
  0xe654,0xde54,0xe654,0xe654,0xd5f2,0xcd2e,0xde54,0xcd4f,0xcdd2,0xc52e,0xde34,0xd5f3,0xbcee,0x7b07,0xf81f,0xf81f,
  0xf81f,0xf81f,0xeef7,0xf739,0xf719,0xeeb6,0xe653,0xde32,0xf75a,0xd58e,0xff7b,0xfffe,0xff9c,0xff9c,0xf739,0xf718,
  0xeed7,0xeed7,0xeeb6,0xeeb6,0xeed6,0xeeb6,0xeeb6,0xee95,0xe695,0xee95,0xe674,0xe673,0xee95,0xe654,0xe694,0xe674,
  0xe633,0xe654,0xde33,0xde33,0xde13,0xcdb1,0xc54f,0xcdb1,0xd634,0xc50e,0xd613,0xde33,0xcdb2,0xb48c,0xf81f,0xf81f,
  0xf81f,0xf81f,0xf738,0xff7a,0xee95,0xd56d,0xf75a,0xcd4d,0xe632,0xeeb6,0xffdd,0xffbc,0xff7b,0xf75a,0xf718,0xeef7,
  0xeed6,0xeed7,0xeed6,0xeed6,0xeeb5,0xeeb5,0xeeb5,0xe695,0xeeb6,0xee95,0xee94,0xe694,0xe674,0xe695,0xe654,0xe653,
  0xe653,0xde54,0xde33,0xde33,0xde13,0xde12,0xc52e,0xde34,0xbccc,0xd5d2,0xc54e,0xde55,0xd5d2,0xb4ac,0xf81f,0xf81f,
  0xf81f,0xddf2,0xf718,0xf739,0xe654,0xddaf,0xde33,0xeed8,0xcd4d,0xff5a,0xff9b,0xf73a,0xf739,0xeef7,0xf6f7,0xf6f7,
  0xeed6,0xeeb5,0xeeb5,0xeeb5,0xeeb5,0xeeb5,0xe695,0xee95,0xeeb6,0xe675,0xe695,0xe694,0xe674,0xe674,0xe653,0xde13,
  0xe654,0xde33,0xde33,0xde33,0xde33,0xd5f3,0xcdb1,0xc56f,0xcd91,0xde34,0xb4ac,0xd614,0xd5f2,0xbd2f,0xa40a,0xf81f,
  0xf81f,0xeed7,0xf718,0xeed6,0xd58e,0xeeb7,0xcd6e,0xe654,0xe695,0xff7b,0xf718,0xf718,0xf6f7,0xf6f7,0xeeb6,0xeeb6,
  0xeeb5,0xeeb6,0xeeb6,0xeeb5,0xeeb5,0xee95,0xeeb5,0xee95,0xe674,0xee95,0xe695,0xe674,0xe675,0xe653,0xe674,0xe633,
  0xde34,0xde33,0xde33,0xde33,0xddf2,0xd5f2,0xd5d2,0xbcec,0xde34,0xcd90,0xc550,0xcd90,0xde13,0xcd91,0xac4b,0xf81f,
  0xf81f,0xf718,0xf718,0xee95,0xcd0b,0xeed7,0xe611,0xd5af,0xf718,0xf718,0xf718,0xf718,0xeed7,0xf6d7,0xeeb6,0xeeb5,
  0xeeb5,0xeeb6,0xeeb5,0xee95,0xee95,0xe674,0xee95,0xe695,0xeeb5,0xee95,0xee95,0xe675,0xe675,0xe674,0xe632,0xde33,
  0xe653,0xde33,0xe633,0xde12,0xd612,0xd5f2,0xd5d1,0xc54f,0xd5f2,0xc50d,0xcdd2,0xb48b,0xde54,0xcdb2,0xac6b,0xf81f,
  0xf81f,0xf718,0xf738,0xde13,0xe611,0xde33,0xeed7,0xcceb,0xf738,0xf6f7,0xf6d7,0xeed6,0xeed6,0xeed6,0xeeb6,0xeeb6,
  0xeeb5,0xeeb5,0xee95,0xee95,0xeeb6,0xee95,0xee95,0xeeb5,0xe674,0xe675,0xe674,0xe695,0xe674,0xe674,0xe654,0xde12,
  0xde33,0xde12,0xde33,0xde33,0xd5f2,0xd5d1,0xd5d2,0xcd91,0xc54f,0xcdb1,0xde54,0xbccc,0xde75,0xcdb1,0xb4ad,0xf81f,
  0xcd90,0xf6f7,0xf6f8,0xddf1,0xeeb5,0xd5d0,0xe695,0xe632,0xf717,0xeed6,0xeed6,0xeeb5,0xeeb5,0xeeb5,0xee95,0xee94,
  0xe674,0xee95,0xee95,0xee95,0xeeb5,0xe675,0xe695,0xe674,0xe674,0xe654,0xe674,0xe695,0xe654,0xe654,0xe675,0xe654,
  0xde33,0xde12,0xde33,0xde33,0xd5f2,0xd5d2,0xcdb1,0xcdb1,0xbccc,0xde34,0xd5f3,0xc52e,0xde34,0xd5f2,0xbd0f,0x9388,
  0xe653,0xf6d7,0xeed7,0xd5d0,0xeef7,0xd58e,0xe654,0xe695,0xf6f7,0xf6f6,0xeed6,0xeeb5,0xeeb5,0xeeb5,0xee95,0xe674,
  0xee94,0xe694,0xee94,0xe674,0xe695,0xee95,0xee95,0xe675,0xe674,0xe674,0xe674,0xe674,0xe654,0xde32,0xe654,0xe654,
  0xde33,0xde12,0xde12,0xde33,0xd5f2,0xd5f2,0xd5f2,0xcd91,0xbced,0xe696,0xcd90,0xc570,0xd613,0xd613,0xc550,0x9bc9,
  0xe654,0xf6f7,0xeed6,0xd5af,0xeef8,0xd54d,0xde12,0xeeb5,0xeef7,0xeed6,0xeeb6,0xeeb6,0xeeb5,0xee95,0xee95,0xe694,
  0xee94,0xe673,0xee94,0xee95,0xee95,0xe695,0xee95,0xe695,0xe653,0xe653,0xe674,0xe674,0xe674,0xe654,0xe633,0xde54,
  0xde54,0xde33,0xde12,0xddf2,0xd5d2,0xd5f2,0xd5d1,0xcd90,0xbd0d,0xe6b6,0xbccc,0xcd90,0xd612,0xde34,0xc550,0x9bc9,
  0xe674,0xf6f7,0xeeb6,0xd58f,0xeef7,0xcd2c,0xd5f1,0xeed6,0xeed6,0xeed6,0xee95,0xeeb5,0xee95,0xee95,0xee95,0xe674,
  0xeed6,0xee95,0xe674,0xee94,0xe653,0xe695,0xe695,0xe675,0xe674,0xe653,0xe654,0xe653,0xe674,0xde53,0xde33,0xe654,
  0xde33,0xde33,0xde13,0xd5d1,0xd5d1,0xd5d1,0xcdb1,0xcd91,0xbcee,0xe696,0xb48a,0xcd90,0xd5d1,0xd613,0xcd91,0x9be9,
  0xe654,0xeef7,0xeeb6,0xcd6f,0xeed7,0xcd2c,0xddf1,0xee95,0xeed6,0xeeb5,0xeeb6,0xeeb5,0xee95,0xee95,0xee95,0xe695,
  0xe674,0xeeb5,0xe674,0xe674,0xe653,0xe653,0xe653,0xe654,0xe674,0xe654,0xe653,0xe632,0xe654,0xe654,0xde54,0xe653,
  0xde34,0xde33,0xde13,0xd5d1,0xd5d1,0xd5b0,0xd5b1,0xcd91,0xbd0e,0xe6b6,0xb4ab,0xc570,0xd5d1,0xde33,0xc570,0x9bc9,
  0xde54,0xeed7,0xeeb6,0xd5af,0xeed7,0xcd2d,0xde12,0xe674,0xeeb5,0xeeb5,0xee94,0xe694,0xe674,0xe695,0xe675,0xe674,
  0xe695,0xe674,0xe694,0xee95,0xe695,0xe654,0xe633,0xde32,0xe654,0xe675,0xde54,0xe653,0xde33,0xe654,0xe675,0xde33,
  0xde12,0xde12,0xd612,0xd5f2,0xd5b0,0xd590,0xcd90,0xcd91,0xbced,0xeef8,0xbccc,0xc54f,0xde13,0xde13,0xc550,0x9be9,
  0xde13,0xeeb6,0xeeb6,0xd5b0,0xe6b6,0xd5af,0xde74,0xde32,0xeeb5,0xee95,0xe674,0xe674,0xe674,0xe695,0xe674,0xe695,
  0xe695,0xe652,0xe653,0xe674,0xe675,0xe675,0xe674,0xe653,0xe653,0xe653,0xde33,0xde54,0xe653,0xe633,0xde54,0xde54,
  0xde13,0xde12,0xde33,0xd5d1,0xd5d1,0xd5b1,0xcd90,0xcdb1,0xb4ac,0xe696,0xd5b1,0xc52e,0xde55,0xd5f2,0xc52f,0x93a9,
  0xcd70,0xeeb6,0xeeb6,0xddf2,0xde13,0xd5f2,0xe6b6,0xd5af,0xe695,0xe695,0xe674,0xe674,0xe654,0xe654,0xe654,0xe674,
  0xe695,0xe695,0xe654,0xe654,0xe654,0xe674,0xe675,0xde54,0xde33,0xde12,0xde33,0xde54,0xde34,0xde12,0xde12,0xde54,
  0xde13,0xd5f2,0xd5f2,0xd5d2,0xcdb1,0xcdb0,0xcd70,0xc50e,0xb46b,0xd613,0xde55,0xbccc,0xe696,0xd5d1,0xbcee,0x8347,
  0xf81f,0xe695,0xeeb6,0xde33,0xddd0,0xde34,0xe675,0xc4cb,0xe695,0xe674,0xe674,0xe654,0xe674,0xe653,0xe633,0xe674,
  0xe654,0xe675,0xe674,0xe674,0xde33,0xde12,0xde53,0xe654,0xe654,0xde54,0xde33,0xde33,0xde33,0xde33,0xde12,0xde13,
  0xde13,0xd5f2,0xd5d2,0xd5d1,0xcd90,0xcd90,0xc550,0xc50e,0xc52e,0xcd90,0xde76,0xb46b,0xf75a,0xd5d1,0xb4ad,0xf81f,
  0xf81f,0xe654,0xeeb6,0xe675,0xbccb,0xe696,0xd58f,0xd5d1,0xe674,0xe674,0xe695,0xe674,0xe654,0xe654,0xe653,0xde33,
  0xde33,0xe654,0xe654,0xe674,0xe675,0xde33,0xde33,0xe654,0xe675,0xde54,0xde33,0xde33,0xde33,0xde33,0xde33,0xde33,
  0xd5f2,0xd5f2,0xd5f2,0xcdb1,0xd5b2,0xcd91,0xc550,0xbccd,0xe6b7,0xb48b,0xcd91,0xb46a,0xe676,0xcd70,0xac2b,0xf81f,
  0xf81f,0xd5f3,0xe695,0xe695,0xcd6f,0xde13,0xcd8f,0xde75,0xd5d1,0xe675,0xe654,0xe654,0xe654,0xde33,0xde33,0xde33,
  0xde33,0xe674,0xde53,0xe674,0xde53,0xde34,0xde33,0xde33,0xde33,0xde33,0xde13,0xde54,0xde33,0xddf2,0xddf2,0xddf2,
  0xd5d2,0xd5d2,0xcdb1,0xcdb1,0xcdb1,0xcd70,0xbd0e,0xac6a,0xd634,0xde33,0xc52e,0xde34,0xde33,0xcd91,0xa42a,0xf81f,
  0xf81f,0xc52f,0xeeb6,0xe6b6,0xde12,0xcd8f,0xde34,0xd5f2,0xcd8f,0xde33,0xde54,0xde33,0xde13,0xde33,0xde33,0xde33,
  0xde12,0xde54,0xde33,0xde12,0xde33,0xde33,0xde33,0xde33,0xde53,0xde33,0xde33,0xde33,0xde13,0xde13,0xd5f2,0xd5f2,
  0xd5f2,0xd5d2,0xcd91,0xcd90,0xcd90,0xc570,0xbccd,0xde54,0xc54f,0xd5f4,0xb46a,0xf77b,0xd5d2,0xbd0f,0x93a9,0xf81f,
  0xf81f,0xf81f,0xde54,0xeeb6,0xde54,0xcd4e,0xde54,0xc52e,0xde54,0xcd6f,0xde13,0xde33,0xde53,0xde54,0xde33,0xde33,
  0xe654,0xde54,0xde33,0xde33,0xde33,0xde33,0xde53,0xde34,0xde34,0xde13,0xde13,0xde13,0xd5d1,0xde13,0xd5d1,0xd5d1,
  0xd5f2,0xd5d2,0xd5d1,0xcdb1,0xcd70,0xc550,0xac4a,0xde34,0xcd90,0xc54f,0xde13,0xe675,0xcdb1,0xa40a,0xf81f,0xf81f,
  0xf81f,0xf81f,0xd5d2,0xe675,0xe675,0xde12,0xcd4e,0xde54,0xd5b0,0xd5f1,0xd5d1,0xde12,0xde12,0xe633,0xde33,0xde33,
  0xde12,0xde33,0xde12,0xde33,0xde32,0xde13,0xddf2,0xde12,0xde13,0xddf2,0xde33,0xd612,0xde13,0xde13,0xde13,0xd5f2,
  0xcd90,0xd5b1,0xcdb1,0xcd90,0xc550,0xb4cd,0xe6d8,0xc52e,0xd614,0xb46b,0xffbd,0xd5f2,0xd5d3,0x9be9,0xf81f,0xf81f,
  0xf81f,0xf81f,0x8b68,0xde13,0xe654,0xe674,0xcd90,0xd5f2,0xd5d1,0xde34,0xc54e,0xcdb1,0xd5f2,0xde13,0xde33,0xde12,
  0xde33,0xde33,0xde33,0xde13,0xde12,0xd5f2,0xd5d1,0xd5f2,0xde12,0xd5d1,0xd5d1,0xddf2,0xd5d2,0xd5d2,0xd5f2,0xd5d2,
  0xcdb1,0xcdb1,0xcd70,0xcd70,0xb4cd,0xe654,0xcdb1,0xeef9,0xc52f,0xeeb7,0xde54,0xcd71,0xac6c,0x6a85,0xf81f,0xf81f,
  0xf81f,0xf81f,0xf81f,0xcd70,0xde34,0xe696,0xde33,0xc52d,0xde34,0xc52e,0xde54,0xc50e,0xd5b1,0xd5f2,0xde13,0xd5d1,
  0xde33,0xde13,0xde13,0xd5f2,0xd5f2,0xd5f2,0xd612,0xd5f2,0xddf2,0xd5d2,0xd5b0,0xd5f1,0xd5d2,0xd5d2,0xcdb1,0xd5d2,
  0xcd91,0xc570,0xc54f,0xb4cd,0xde13,0xd613,0xbd0e,0xcdb2,0xac29,0xeef9,0xcdb1,0xc592,0x9bea,0xf81f,0xf81f,0xf81f,
  0xf81f,0xf81f,0xf81f,0xf81f,0xcdb1,0xde33,0xe695,0xde33,0xc50d,0xde34,0xc52d,0xde34,0xc54e,0xcd4f,0xd5f2,0xd5d2,
  0xd613,0xd5f3,0xde12,0xd5f2,0xd5f2,0xd5d2,0xd5f2,0xd5f3,0xd5d2,0xd5f2,0xd5b1,0xd5d1,0xd5b2,0xd5b1,0xcd90,0xcd90,
  0xc52f,0xc52f,0xbccd,0xe695,0xd5f3,0xac4a,0xd5d2,0xb48b,0xffbd,0xd5f2,0xcdd2,0xa40a,0xf81f,0xf81f,0xf81f,0xf81f,
  0xf81f,0xf81f,0xf81f,0xf81f,0xbcee,0xcdb1,0xde33,0xe695,0xd5d2,0xc52e,0xde55,0xc52d,0xd613,0xcd4f,0xc50e,0xcdb1,
  0xd5d1,0xd5b1,0xd5d2,0xd5d1,0xd5d1,0xcdb1,0xd5b2,0xd5d2,0xd5f2,0xd5d2,0xcd91,0xcdb1,0xcd90,0xcd90,0xcd91,0xc550,
  0xbd0f,0xbccd,0xde54,0xd5f3,0xb48b,0xd5f3,0xbccc,0xe676,0xde13,0xcd70,0xac6c,0x93a9,0xf81f,0xf81f,0xf81f,0xf81f,
  0xf81f,0xf81f,0xf81f,0xf81f,0xf81f,0xbd0e,0xd5f2,0xde34,0xe675,0xd5d2,0xc52e,0xd613,0xcd6f,0xcdd2,0xde34,0xbcab,
  0xc52e,0xcd91,0xcd91,0xcd91,0xd5d1,0xcdb1,0xcdb1,0xd5d2,0xcd91,0xcd90,0xcd91,0xcdb1,0xcd70,0xc570,0xc52f,0xb4cd,
  0xb4ab,0xef1a,0xcd91,0xcd90,0xd613,0xb4cd,0xde34,0xe654,0xcdb1,0xbcef,0x9ba9,0xf81f,0xf81f,0xf81f,0xf81f,0xf81f,
  0xf81f,0xf81f,0xf81f,0xf81f,0xf81f,0xf81f,0xbd0f,0xd5d2,0xde33,0xe675,0xd613,0xbcec,0xd5f3,0xd5f3,0xc52e,0xd614,
  0xd613,0xbcab,0xbced,0xc54f,0xc54f,0xc54f,0xc570,0xcd70,0xcd70,0xc550,0xc550,0xc52f,0xbcee,0xbced,0xac4a,0xde56,
  0xd5f3,0xbccd,0xeef9,0xcd91,0xac6a,0xe696,0xde55,0xcdb1,0xc550,0x9bea,0xf81f,0xf81f,0xf81f,0xf81f,0xf81f,0xf81f,
  0xf81f,0xf81f,0xf81f,0xf81f,0xf81f,0xf81f,0xf81f,0xbccd,0xd5d2,0xde13,0xe675,0xe675,0xbcec,0xc54f,0xd613,0xcd4f,
  0xc50d,0xd613,0xe696,0xd5b1,0xac6a,0xb48b,0xbccc,0xb4cc,0xb4ac,0xb4ac,0xb48b,0xac29,0xd5f3,0xf79c,0xd5f3,0xb4ad,
  0xde12,0xd614,0xc52f,0xac29,0xffde,0xde34,0xcdb2,0xc551,0x9bea,0xf81f,0xf81f,0xf81f,0xf81f,0xf81f,0xf81f,0xf81f,
  0xf81f,0xf81f,0xf81f,0xf81f,0xf81f,0xf81f,0xf81f,0xf81f,0xb4ad,0xcd91,0xd613,0xde54,0xde75,0xde13,0xbccc,0xc570,
  0xd613,0xd613,0xac6a,0xc52e,0xcdb1,0xd614,0xde76,0xde76,0xe6b7,0xe697,0xd613,0xcdb1,0xc54f,0xac4a,0xe676,0xcdd2,
  0xc52f,0xb48b,0xde55,0xef3a,0xd5d2,0xcd70,0xb4ce,0x9bc9,0xf81f,0xf81f,0xf81f,0xf81f,0xf81f,0xf81f,0xf81f,0xf81f,
  0xf81f,0xf81f,0xf81f,0xf81f,0xf81f,0xf81f,0xf81f,0xf81f,0xf81f,0xac6c,0xc570,0xcdb1,0xd614,0xde34,0xe696,0xde13,
  0xbcab,0xc50e,0xcdd1,0xde34,0xe696,0xd614,0xcdb1,0xcd6f,0xc52e,0xd5d1,0xde55,0xef1a,0xd5d3,0xc571,0xbced,0xac49,
  0xde34,0xffde,0xde34,0xcd70,0xbd2f,0xac6c,0x93c9,0xf81f,0xf81f,0xf81f,0xf81f,0xf81f,0xf81f,0xf81f,0xf81f,0xf81f,
  0xf81f,0xf81f,0xf81f,0xf81f,0xf81f,0xf81f,0xf81f,0xf81f,0xf81f,0xf81f,0xac6b,0xb4cd,0xcdb1,0xd5f3,0xde34,0xe675,
  0xe6b7,0xd5f3,0xc50d,0xbccb,0xbccc,0xc50e,0xc54f,0xc570,0xc54f,0xc52e,0xbced,0xb4ac,0xac29,0xac6a,0xde55,0xf79c,
  0xde35,0xcdb2,0xc570,0xc571,0xa40a,0x9388,0xf81f,0xf81f,0xf81f,0xf81f,0xf81f,0xf81f,0xf81f,0xf81f,0xf81f,0xf81f,
  0xf81f,0xf81f,0xf81f,0xf81f,0xf81f,0xf81f,0xf81f,0xf81f,0xf81f,0xf81f,0xf81f,0xf81f,0xac6b,0xbcee,0xcdb1,0xd5f2,
  0xd613,0xde54,0xe675,0xe696,0xe6d7,0xe696,0xde34,0xd613,0xde34,0xde34,0xe696,0xf75a,0xeef9,0xde55,0xd5f3,0xcdb1,
  0xc550,0xbcee,0xa42b,0x93c9,0xf81f,0xf81f,0xf81f,0xf81f,0xf81f,0xf81f,0xf81f,0xf81f,0xf81f,0xf81f,0xf81f,0xf81f,
  0xf81f,0xf81f,0xf81f,0xf81f,0xf81f,0xf81f,0xf81f,0xf81f,0xf81f,0xf81f,0xf81f,0xf81f,0xf81f,0x6244,0xac4b,0xb4ad,
  0xbd0f,0xcd91,0xd5d2,0xd5f2,0xd613,0xd613,0xd613,0xd613,0xd614,0xde34,0xd613,0xd5f3,0xcdb2,0xc550,0xbd0f,0xac6c,
  0x9bea,0x93a9,0x6a85,0xf81f,0xf81f,0xf81f,0xf81f,0xf81f,0xf81f,0xf81f,0xf81f,0xf81f,0xf81f,0xf81f,0xf81f,0xf81f,
  0xf81f,0xf81f,0xf81f,0xf81f,0xf81f,0xf81f,0xf81f,0xf81f,0xf81f,0xf81f,0xf81f,0xf81f,0xf81f,0xf81f,0xf81f,0xf81f,
  0x9bc9,0xa42a,0xac6b,0xac8c,0xb4cd,0xb4ce,0xbd0f,0xc52f,0xbd0e,0xbcee,0xb4ce,0xac6c,0xa42a,0x9be9,0x9bc9,0x8327,
  0xf81f,0xf81f,0xf81f,0xf81f,0xf81f,0xf81f,0xf81f,0xf81f,0xf81f,0xf81f,0xf81f,0xf81f,0xf81f,0xf81f,0xf81f,0xf81f,
  0xf81f,0xf81f,0xf81f,0xf81f,0xf81f,0xf81f,0xf81f,0xf81f,0xf81f,0xf81f,0xf81f,0xf81f,0xf81f,0xf81f,0xf81f,0xf81f,
  0xf81f,0xf81f,0xf81f,0xf81f,0x8b47,0x93a9,0x9388,0x9bc9,0x93a9,0x93a9,0x8b68,0x72c6,0xf81f,0xf81f,0xf81f,0xf81f,
  0xf81f,0xf81f,0xf81f,0xf81f,0xf81f,0xf81f,0xf81f,0xf81f,0xf81f,0xf81f,0xf81f,0xf81f,0xf81f,0xf81f,0xf81f,0xf81f,
 },
 {
  0xf81f,0xf81f,0xf81f,0xf81f,0xf81f,0xf81f,0xf81f,0xf81f,0xf81f,0xf81f,0xf81f,0xf81f,0xf81f,0xf81f,0xf81f,0xf81f,
  0xf81f,0xf81f,0xf81f,0xf81f,0x90c2,0xb103,0xc123,0xc0e3,0xb8c2,0xb903,0xa8c2,0x98a2,0x7040,0xf81f,0xf81f,0xf81f,
  0xf81f,0xf81f,0xf81f,0xf81f,0xf81f,0xf81f,0xf81f,0xf81f,0xf81f,0xf81f,0xf81f,0xf81f,0xf81f,0xf81f,0xf81f,0xf81f,
  0xf81f,0xf81f,0xf81f,0xf81f,0xf81f,0xf81f,0xf81f,0xf81f,0xf81f,0xf81f,0xf81f,0xf81f,0xf81f,0xf81f,0xf81f,0xf81f,
  0xa103,0xc0c2,0xb881,0xc8e3,0xc0e3,0xc965,0xd1e7,0xd228,0xc9e7,0xc9a6,0xc985,0xc103,0xb8c2,0xa861,0xa020,0xa061,
  0x7040,0xf81f,0xf81f,0xf81f,0xf81f,0xf81f,0xf81f,0xf81f,0xf81f,0xf81f,0xf81f,0xf81f,0xf81f,0xf81f,0xf81f,0xf81f,
  0xf81f,0xf81f,0xf81f,0xf81f,0xf81f,0xf81f,0xf81f,0xf81f,0xf81f,0xf81f,0xf81f,0xf81f,0xf81f,0xf81f,0xb903,0xc0e3,
  0xd185,0xdaca,0xe34d,0xd1e7,0xc0e3,0xb061,0xa820,0xa840,0xb061,0xb061,0xa840,0x9800,0xa840,0xb0a2,0xb0c3,0xb8c3,
  0xa840,0xa000,0x88a2,0xf81f,0xf81f,0xf81f,0xf81f,0xf81f,0xf81f,0xf81f,0xf81f,0xf81f,0xf81f,0xf81f,0xf81f,0xf81f,
  0xf81f,0xf81f,0xf81f,0xf81f,0xf81f,0xf81f,0xf81f,0xf81f,0xf81f,0xf81f,0xf81f,0xf81f,0xc984,0xd164,0xd269,0xf596,
  0xdaaa,0xb103,0xa8a2,0x9040,0x7000,0x6800,0x5800,0x4800,0x4800,0x5000,0x5800,0x6800,0x7000,0x9820,0x9800,0xa061,
  0xb040,0xb0a2,0xa041,0x9000,0x7861,0xf81f,0xf81f,0xf81f,0xf81f,0xf81f,0xf81f,0xf81f,0xf81f,0xf81f,0xf81f,0xf81f,
  0xf81f,0xf81f,0xf81f,0xf81f,0xf81f,0xf81f,0xf81f,0xf81f,0xf81f,0xf81f,0xc165,0xd985,0xdaaa,0xfefb,0xd249,0xa8e3,
  0x90c2,0x6040,0x5800,0xa041,0xd229,0xd249,0xc924,0xa841,0xb903,0xb8e3,0xc185,0xc945,0xa041,0x8000,0x5000,0x6800,
  0x9020,0xa020,0xa020,0xb0a2,0xa000,0x9841,0xf81f,0xf81f,0xf81f,0xf81f,0xf81f,0xf81f,0xf81f,0xf81f,0xf81f,0xf81f,
  0xf81f,0xf81f,0xf81f,0xf81f,0xf81f,0xf81f,0xf81f,0xf81f,0xf81f,0xc103,0xc924,0xf575,0xf534,0xa8e3,0xa164,0x5040,
  0xa861,0xf4f3,0xa000,0x8000,0x6000,0x4800,0x4000,0x5800,0x6000,0x5000,0x3800,0x5000,0x8000,0x9000,0xb081,0x8000,
  0x4800,0x7000,0x9000,0xa040,0xa840,0x9800,0x8800,0xf81f,0xf81f,0xf81f,0xf81f,0xf81f,0xf81f,0xf81f,0xf81f,0xf81f,
  0xf81f,0xf81f,0xf81f,0xf81f,0xf81f,0xf81f,0xf81f,0xf81f,0xc103,0xe228,0xffff,0xe32c,0xb9a6,0x6103,0xa882,0xd248,
  0x8000,0x4800,0xb986,0xe38e,0xa020,0x9020,0x7000,0x7800,0x6800,0x7800,0x8000,0x9000,0xb8c3,0x9820,0x3800,0x7800,
  0xa020,0x9820,0x4800,0x8000,0x9000,0xa020,0xa041,0x8800,0x6820,0xf81f,0xf81f,0xf81f,0xf81f,0xf81f,0xf81f,0xf81f,
  0xf81f,0xf81f,0xf81f,0xf81f,0xf81f,0xf81f,0xf81f,0xb8c3,0xd289,0xffdf,0xb185,0x99a5,0xa227,0xff3c,0x8000,0x5000,
  0xf639,0x9820,0x6000,0x4000,0xb0c3,0xb861,0xc945,0xda28,0xd1e7,0xc0e4,0xb061,0x9820,0x5800,0x5000,0x8800,0xc0c2,
  0x8000,0x7800,0xa861,0x7000,0x6000,0x9820,0x9000,0x9820,0x8800,0xf81f,0xf81f,0xf81f,0xf81f,0xf81f,0xf81f,0xf81f,
  0xf81f,0xf81f,0xf81f,0xf81f,0xf81f,0xf81f,0xb8e3,0xe28a,0xffbe,0xc227,0x9a06,0xb103,0xa841,0x6000,0xffbe,0x8020,
  0x3800,0xb0a3,0xe3ae,0xec30,0xc9a6,0xc144,0xb8c2,0xa841,0xc0c2,0xb881,0xb881,0xa020,0xb8a2,0xb841,0x9000,0x4800,
  0x8800,0xb881,0x4000,0x9800,0x8800,0x4800,0x9800,0x9820,0x9861,0x7800,0xf81f,0xf81f,0xf81f,0xf81f,0xf81f,0xf81f,
  0xf81f,0xf81f,0xf81f,0xf81f,0xf81f,0xb903,0xc985,0xff7d,0xb145,0x8144,0xc124,0x8021,0x9965,0x9800,0x4000,0xc965,
  0xff3d,0xf4f3,0xca28,0xb8a2,0xb0a2,0xb041,0xb881,0xa840,0xb060,0xb061,0xa820,0xa820,0xa020,0xa840,0xa000,0xa800,
  0x9800,0x4800,0x9000,0x8000,0x9000,0xa861,0x4800,0x9000,0x9000,0x9882,0x7000,0xf81f,0xf81f,0xf81f,0xf81f,0xf81f,
  0xf81f,0xf81f,0xf81f,0xf81f,0xb103,0xc904,0xff1c,0xb104,0x99a5,0xb8a2,0x6020,0xdb8d,0x9000,0x3881,0xfe59,0xfefb,
  0xe514,0xca28,0xb0a2,0xb082,0xb0a1,0xb061,0xb060,0xa000,0xa820,0xa000,0xa840,0x9800,0xa000,0x9800,0x9800,0xa040,
  0xa000,0xa000,0x7800,0x9800,0x7800,0x7800,0xa8c3,0x5000,0x9000,0x9000,0x8862,0x6000,0xf81f,0xf81f,0xf81f,0xf81f,
  0xf81f,0xf81f,0xf81f,0xf81f,0xc924,0xe2eb,0xc986,0xa165,0xa062,0x8021,0xda89,0x9020,0x69e7,0xffdf,0xff5c,0xf575,
  0xdbad,0xc9a6,0xb8e3,0xb082,0xa840,0xb881,0xb8c1,0xa020,0x9800,0xa000,0xa840,0xa020,0x9800,0x9000,0xa000,0x8800,
  0x9000,0x9820,0x9820,0x7020,0xa000,0x7000,0x9000,0x6000,0x7000,0x8800,0x9000,0x7000,0x6061,0xf81f,0xf81f,0xf81f,
  0xf81f,0xf81f,0xf81f,0xb903,0xc923,0xec11,0xa8e3,0x5000,0xb021,0x6800,0x8000,0x48e3,0xffdf,0xff5c,0xf658,0xe471,
  0xb986,0xa8a3,0xb0a2,0xb061,0xb061,0xb061,0xa840,0xa020,0xa040,0xa040,0xa860,0x9800,0x9800,0x9800,0x9800,0x9000,
  0x9000,0x9000,0x9000,0x9820,0x6820,0xa020,0x6000,0x9000,0x6000,0x9020,0x8800,0x90a3,0x6800,0xf81f,0xf81f,0xf81f,
  0xf81f,0xf81f,0xf81f,0xc082,0xf471,0xb082,0x78a1,0xe34c,0x5000,0xa820,0x5061,0xff9e,0xff3c,0xf638,0xed13,0xd289,
  0xc9e6,0xb923,0xa882,0xa040,0xa820,0xa840,0xa840,0x5000,0xb8c1,0xa820,0xa020,0x9000,0x9800,0x9000,0x9000,0x9820,
  0x9020,0x9000,0x8800,0x9000,0x9861,0x6000,0x9800,0x6000,0x8820,0x5800,0x8800,0x8800,0x8021,0x5040,0xf81f,0xf81f,
  0xf81f,0xf81f,0xc164,0xd103,0xc0e4,0xa0e3,0xa820,0x8000,0xb985,0x4800,0xfdf7,0xfefb,0xed34,0xec70,0xca8a,0xc1a6,
  0xb8e3,0xa881,0xb061,0xb060,0xa020,0xa040,0xb081,0xffdd,0xab80,0xa040,0xa020,0x9000,0x9000,0x9000,0x9000,0x9000,
  0x9000,0x8800,0x9020,0x8800,0x8800,0x9041,0x5800,0x9020,0x9820,0x6000,0x8000,0x7800,0x8882,0x6000,0xf81f,0xf81f,
  0xf81f,0xf81f,0xc0e3,0xe30c,0xa820,0x5840,0xe2ea,0x3800,0x8800,0xb8c3,0xf5b6,0xecf3,0xd32c,0xd2ca,0xb904,0xb0e3,
  0xb8e3,0xa041,0xb081,0xa820,0xa040,0xa860,0x3020,0xfe29,0xcc63,0x5040,0x9820,0x9020,0x9800,0x8800,0x9000,0x9000,
  0x9000,0x8000,0x8000,0x8800,0x8000,0x8800,0x6000,0xa041,0x5000,0x8820,0x6000,0x8800,0x9041,0x7000,0xf81f,0xf81f,
  0xf81f,0x98e3,0xc8a2,0xd166,0xa104,0x7000,0x9000,0xb0c2,0x4800,0xfd54,0xdbae,0xca89,0xca69,0xb945,0xb904,0xb0a2,
  0xb8e2,0xa000,0xa040,0xa840,0xa000,0x9861,0x2020,0xf5c9,0xd462,0x5060,0x8880,0x9000,0xa040,0xa020,0x8800,0x8000,
  0x8800,0x8800,0x8000,0x8800,0x8000,0x9000,0x90a2,0x6800,0x9882,0x9820,0x4000,0x9000,0x8800,0x8082,0x5040,0xf81f,
  0xf81f,0xb0c2,0xc8a2,0xb841,0x5800,0xb881,0x4800,0x9000,0xa841,0xe30c,0xc1a7,0xb965,0xb0e3,0xb924,0xb8e2,0xa861,
  0xb881,0xa020,0xa840,0x9820,0x4000,0xffb7,0xf5ca,0xedea,0x8280,0xd4c4,0xcc83,0x9860,0x9820,0x8800,0x9000,0x9800,
  0x8800,0x8800,0x8000,0x8000,0x8000,0x8000,0x8800,0x5000,0xa020,0x5800,0x8841,0x7000,0x8000,0x8882,0x5000,0xf81f,
  0xf81f,0xb8a2,0xd165,0xb041,0x4000,0xc0e3,0x9020,0x6800,0xc104,0xc145,0xc124,0xb081,0xb0a2,0xb8a2,0xa861,0xa840,
  0xa800,0xa820,0xa840,0xa020,0x4080,0x1800,0xbba2,0xdca4,0xc422,0x7a00,0x2000,0x3860,0x8800,0x8800,0x8000,0x8800,
  0x8000,0x8000,0x8000,0x8000,0x8000,0x8000,0x7800,0x8062,0x8000,0x5000,0x8000,0x3800,0x9000,0x8800,0x6000,0xf81f,
  0xf81f,0xc081,0xc924,0x9800,0x8800,0x9000,0xc8e3,0x4800,0xd186,0xb0a3,0xb904,0xb8a2,0xb881,0xb061,0xa820,0xa040,
  0x3840,0xfef2,0x4020,0x9800,0x9800,0xa040,0x7060,0xe526,0xbc01,0x80e1,0x9000,0x8800,0x9000,0x7100,0xeda6,0x3000,
  0x7800,0x9000,0x7800,0x8000,0x8000,0x8800,0x8000,0x8862,0x4800,0x8820,0xa841,0x4800,0xa861,0x8000,0x6800,0x5040,
  0x90c2,0xb861,0xc0e3,0x8820,0xb000,0x7800,0xc0a2,0xa000,0xc904,0xb882,0xb041,0xff55,0xff33,0x7980,0xb060,0xb020,
  0xff10,0xf5c7,0xab40,0x9800,0x9800,0x9820,0x9020,0xe567,0xb3e1,0x9000,0x9020,0x8800,0x9800,0xf68e,0xb3c2,0xab41,
  0x8800,0x8000,0xf691,0xe525,0xb3a2,0x8800,0x7800,0x8841,0x4800,0x8800,0x8800,0x7061,0x9800,0x8000,0x7821,0x5040,
  0x9881,0xc081,0xb8a2,0x7800,0xc081,0x5000,0x9000,0xa820,0xc081,0xb040,0xb061,0xf5e7,0xed86,0xa341,0xa881,0xa000,
  0xdc84,0xdce5,0x69e0,0x9000,0x9000,0x9020,0x9840,0xf5c7,0xbc01,0x9000,0x9000,0x9000,0x9000,0xcc23,0xaba1,0x51a2,
  0x7800,0x7000,0xf609,0xbc02,0xaba3,0x9841,0x7800,0x8000,0x6000,0xa841,0x5800,0x8082,0x8800,0x8800,0x8082,0x4820,
  0x9881,0xb020,0xb861,0x5800,0xc8e3,0x4000,0x8000,0xb841,0xb040,0xa840,0xa040,0x3840,0xb362,0x5080,0xa860,0xa020,
  0x9800,0xf5a6,0x8260,0x9020,0x9020,0x9820,0x3800,0xd4a3,0xbbe2,0x8040,0x9020,0x8000,0x7800,0xffb9,0x8aa0,0x7800,
  0x8800,0x8800,0x3820,0x8ac0,0x2040,0x8000,0x8800,0x8820,0x6000,0xb061,0x3800,0x8041,0x8000,0x9020,0x88c3,0x4800,
  0x9861,0xb020,0xa800,0x5000,0xc0a2,0x3800,0x7800,0xc0a1,0xb020,0xa041,0x9820,0xa040,0x4000,0xc423,0xa860,0xa860,
  0x9820,0xf64a,0xcc43,0x79a0,0x8820,0x6040,0xfffe,0xc3e1,0xc403,0xa321,0x8040,0x8820,0xd487,0xb3c1,0x7a60,0x8820,
  0x8020,0x7020,0xb403,0x3820,0x8800,0x8000,0x8000,0x7800,0x6000,0xa841,0x3000,0x7841,0x7000,0x9000,0x88a3,0x4800,
  0x9861,0xb020,0xb040,0x5800,0xc8c2,0x4000,0x7800,0xc0a1,0xb060,0x9820,0x9000,0xa840,0xa820,0xdc82,0x9aa0,0x8840,
  0x7040,0xe525,0xc443,0xd483,0xcc63,0xcc42,0xc402,0xc422,0xab81,0xab81,0xb3a0,0xbba1,0xbbc1,0xbbe1,0xc402,0x5820,
  0x7020,0xffbb,0xab41,0x8000,0x8000,0x8000,0x7800,0x8000,0x6000,0xa841,0x3800,0x7841,0x7800,0x9800,0x8882,0x4800,
  0x9861,0xb020,0xb020,0x6000,0xc8a2,0x4000,0x8800,0xa840,0xa820,0xa020,0x9820,0xa860,0xa040,0x3000,0xdce4,0xd4c4,
  0xdce3,0xbbe2,0xbbe2,0xab81,0xab81,0xb3c2,0xbbe2,0xb3c1,0xb3c1,0xb3c1,0xb3c2,0xa361,0xab61,0xab61,0xab81,0xa320,
  0xab60,0x9b21,0x1800,0x7800,0x7800,0x7800,0x8000,0x8000,0x5000,0xc0c3,0x4000,0x8041,0x8000,0x8800,0x8082,0x4800,
  0x9081,0xa800,0xb041,0x7020,0xb020,0x5800,0x8800,0x9000,0xa840,0xa000,0xa020,0xa040,0xa020,0xa000,0xe547,0xcc83,
  0xab60,0x8a81,0x6980,0xd4c5,0xedaa,0xfe8e,0xff77,0xff75,0xff53,0xfe6c,0xf60a,0xe545,0xa320,0x3880,0x8260,0xa381,
  0x9b41,0x92e0,0x8820,0x8800,0x8800,0x7800,0x7800,0x8020,0x5000,0xc0e3,0x7041,0x7861,0x9820,0x9000,0x8882,0x4820,
  0x8881,0xb020,0xb861,0x8841,0xa840,0x8000,0xa840,0x7800,0xb040,0x9800,0x9000,0xa000,0x9800,0x9820,0xb382,0xf589,
  0xffff,0xf62c,0xe4e4,0xc443,0xa321,0x7a20,0x7a40,0x7a60,0x8280,0x8a80,0x92a0,0x9b00,0xab81,0xb3a1,0xd4c4,0xd4c4,
  0x8ac1,0x69e2,0x8000,0x7800,0x7800,0x7800,0x7000,0x7820,0x4000,0x8000,0x9882,0x6000,0xa041,0x8000,0x7861,0x4040,
  0x6840,0xb040,0xb860,0x9041,0x7000,0x9000,0xb040,0x4000,0xa000,0xa000,0xa020,0xa020,0x9800,0xa820,0x89e0,0x92a1,
  0x4100,0x4900,0xab41,0x8a60,0xd484,0xbbc2,0xaba2,0xee2f,0x92c1,0xb382,0xb3a1,0x9ac0,0x79e0,0x92a0,0x5140,0x30a0,
  0x82e1,0x5100,0x7800,0x8000,0x7000,0x8800,0x7800,0x7000,0x4000,0x7800,0xb8c3,0x4000,0xda8b,0x7800,0x6000,0x3820,
  0xf81f,0xa000,0xb040,0x9000,0x5000,0xa000,0x7000,0x7800,0xb040,0xa860,0xa020,0x9800,0x9820,0x9000,0x6020,0xb3a2,
  0xedea,0xc424,0xc424,0xeda9,0x9b20,0xc402,0xbbe2,0xe4e5,0xa341,0xab60,0xab61,0xfe08,0xc423,0x7a40,0x8aa0,0xff57,
  0x92e1,0xa020,0x8000,0x8000,0x7000,0x7800,0x8000,0x5800,0x9841,0x4000,0x8000,0x3000,0xa842,0x8020,0x4800,0xf81f,
  0xf81f,0x9840,0xa000,0xa000,0x6000,0xa820,0x5000,0xa020,0x7800,0xa000,0x9800,0x9000,0x9800,0x9820,0x9000,0xe543,
  0xb3c1,0xcc84,0xc464,0x1840,0x92e1,0xaba2,0xaba2,0xa341,0x8a80,0xab61,0x92e0,0x8aa0,0x0800,0x92c0,0x9b00,0xbbc2,
  0xcc84,0x8800,0x7000,0x7000,0x7800,0x8000,0x8020,0x3800,0x9821,0x8061,0x7000,0x8820,0x9820,0x8082,0x4800,0xf81f,
  0xf81f,0x8881,0x9800,0xb040,0x8820,0x6800,0x9000,0x9820,0x5000,0xa000,0x8800,0x9800,0x9000,0x9000,0x8020,0x8221,
  0x79c0,0xe548,0xff15,0xffbb,0xff78,0xfed0,0xedec,0xdcc5,0xd4c5,0xd4c5,0xdd06,0xd4c5,0xed89,0xe527,0xbbc1,0x61a0,
  0x61c0,0x7800,0x7800,0x8000,0x7800,0x8020,0x6820,0x9841,0x7020,0xa904,0x2800,0xd26a,0x8800,0x7041,0x4840,0xf81f,
  0xf81f,0xf81f,0x9000,0xb040,0x9820,0x4800,0xa840,0x5000,0x9820,0x7000,0x9000,0x9000,0x8820,0x8800,0x3800,0xdce2,
  0xb3c1,0x92c0,0x92c0,0x8a80,0x8a80,0x7a21,0x61a0,0x6180,0x61a0,0x7220,0x7240,0x8ae0,0x8aa0,0x92c0,0x7a40,0x92e1,
  0x9b01,0x5820,0x7800,0x8000,0x8000,0x7020,0x4000,0xb985,0x4800,0x6800,0x6000,0xa021,0x8041,0x4800,0xf81f,0xf81f,
  0xf81f,0xf81f,0x8800,0x9800,0xa020,0x8000,0x6800,0x9000,0x8800,0x6000,0x8800,0x9800,0x8820,0x9000,0x6800,0x98e2,
  0xd1e5,0x9000,0x8800,0x8800,0x8800,0x8800,0x9000,0x8800,0x8000,0x8800,0x8000,0x7000,0x7800,0x7800,0x8000,0x8800,
  0x7000,0xb245,0x7800,0x7800,0x7000,0x5000,0xa8e3,0x5800,0xa186,0x3000,0xe410,0x9000,0x78a2,0x4000,0xf81f,0xf81f,
  0xf81f,0xf81f,0x6881,0x9020,0xa020,0x9800,0x5000,0x9820,0x6800,0xa840,0x6000,0x8800,0x9000,0x9000,0x9000,0x9020,
  0x9000,0x9000,0x9000,0x8800,0x9000,0x8800,0x8800,0x8800,0x8000,0x8800,0x8800,0x8000,0x8000,0x7800,0x8000,0x7800,
  0x7800,0x7800,0x8800,0x7000,0x5800,0x6041,0x8000,0xa123,0x7000,0x98c2,0x9821,0x8061,0x5800,0x4020,0xf81f,0xf81f,
  0xf81f,0xf81f,0xf81f,0x8000,0x8800,0xa840,0x8000,0x6800,0x9800,0x6800,0xa841,0x7000,0x8800,0x8800,0x8820,0x8000,
  0x9000,0x8800,0x8800,0x8800,0x8000,0x8800,0x8000,0x9000,0x8800,0x8000,0x8800,0x8000,0x8000,0x8000,0x7800,0x7000,
  0x7800,0x7800,0x7000,0x6000,0x5021,0x8000,0x3000,0x8021,0x3000,0xf575,0x8000,0x7882,0x4000,0xf81f,0xf81f,0xf81f,
  0xf81f,0xf81f,0xf81f,0x6040,0x8800,0xa020,0x9800,0x9841,0x5800,0x9000,0x6000,0x9800,0x7000,0x7800,0x8000,0x8800,
  0x8800,0x8800,0x8800,0x8000,0x8000,0x8800,0x8000,0x9000,0x8000,0x7800,0x8800,0x8000,0x7800,0x8000,0x8000,0x8020,
  0x7800,0x7000,0x5820,0x5082,0x8820,0x4000,0x8821,0x3000,0xdc72,0x9000,0x7861,0x4000,0xf81f,0xf81f,0xf81f,0xf81f,
  0xf81f,0xf81f,0xf81f,0xf81f,0x7800,0x8800,0x9800,0x9800,0x6800,0x8000,0xa041,0x5800,0x9800,0x7000,0x7000,0x8000,
  0x8000,0x8000,0x8800,0x7800,0x8000,0x8000,0x8000,0x8800,0x8800,0x8800,0x8000,0x8000,0x7800,0x7800,0x7800,0x7800,
  0x7000,0x5000,0x6882,0x8820,0x3800,0xa125,0x5800,0xb9e7,0x9800,0x7800,0x5000,0x4020,0xf81f,0xf81f,0xf81f,0xf81f,
  0xf81f,0xf81f,0xf81f,0xf81f,0xf81f,0x7000,0x9000,0xa040,0x9000,0x6000,0x7000,0x9800,0x6800,0x9000,0x8800,0x5000,
  0x7800,0x7800,0x7800,0x8000,0x7000,0x8000,0x8000,0x8000,0x8800,0x7800,0x8000,0x7800,0x8000,0x7800,0x7800,0x6000,
  0x3800,0xa0a2,0x8000,0x4820,0x9000,0x4800,0xca07,0x9840,0x8800,0x7041,0x3800,0xf81f,0xf81f,0xf81f,0xf81f,0xf81f,
  0xf81f,0xf81f,0xf81f,0xf81f,0xf81f,0xf81f,0x7000,0x9000,0x9800,0x9800,0x7000,0x4800,0x9000,0x7800,0x7000,0xa020,
  0x8000,0x4800,0x6800,0x7800,0x7800,0x8000,0x8000,0x8020,0x7800,0x7800,0x7000,0x7000,0x6800,0x5800,0x2000,0xb986,
  0xb0a3,0x4800,0xa9e7,0x8021,0x4020,0xba07,0xa041,0x8000,0x7061,0x4000,0xf81f,0xf81f,0xf81f,0xf81f,0xf81f,0xf81f,
  0xf81f,0xf81f,0xf81f,0xf81f,0xf81f,0xf81f,0xf81f,0x6800,0x8800,0x9800,0xa000,0x9820,0x4800,0x8000,0xa040,0x6800,
  0x7000,0x9800,0xb0a2,0x8020,0x3800,0x4800,0x4800,0x5000,0x5000,0x5000,0x4000,0x2800,0x7041,0xd2ab,0x9820,0x5000,
  0x6021,0xa0c4,0x6000,0x2000,0xee39,0x9020,0x8820,0x7041,0x4800,0xf81f,0xf81f,0xf81f,0xf81f,0xf81f,0xf81f,0xf81f,
  0xf81f,0xf81f,0xf81f,0xf81f,0xf81f,0xf81f,0xf81f,0xf81f,0x6000,0x8000,0x9020,0x9800,0xa020,0x7000,0x4000,0x8000,
  0xa020,0x8820,0x3800,0x7800,0x8000,0xa020,0xb0c2,0xc185,0xc1c7,0xb965,0x9820,0x8020,0x7000,0x2800,0xa924,0x9020,
  0x7800,0x3820,0xa9a6,0xe4d3,0x8800,0x8020,0x6861,0x4000,0xf81f,0xf81f,0xf81f,0xf81f,0xf81f,0xf81f,0xf81f,0xf81f,
  0xf81f,0xf81f,0xf81f,0xf81f,0xf81f,0xf81f,0xf81f,0xf81f,0xf81f,0x6000,0x7800,0x9000,0x9000,0x9000,0xb081,0x7800,
  0x4000,0x6800,0x8000,0x9000,0xb0c3,0x9841,0x7820,0x6000,0x6800,0x8040,0xa0e3,0xc229,0x9841,0x7800,0x5800,0x2800,
  0x98c3,0xff5d,0x9800,0x7800,0x7041,0x5800,0x4800,0xf81f,0xf81f,0xf81f,0xf81f,0xf81f,0xf81f,0xf81f,0xf81f,0xf81f,
  0xf81f,0xf81f,0xf81f,0xf81f,0xf81f,0xf81f,0xf81f,0xf81f,0xf81f,0xf81f,0x6000,0x6800,0x8000,0x9840,0x9820,0xa020,
  0xa8a2,0x9000,0x5000,0x4000,0x5800,0x7000,0x7000,0x8000,0x7000,0x7000,0x6000,0x5800,0x4000,0x3800,0xa104,0xf619,
  0xa020,0x8800,0x7800,0x7062,0x4800,0x3800,0xf81f,0xf81f,0xf81f,0xf81f,0xf81f,0xf81f,0xf81f,0xf81f,0xf81f,0xf81f,
  0xf81f,0xf81f,0xf81f,0xf81f,0xf81f,0xf81f,0xf81f,0xf81f,0xf81f,0xf81f,0xf81f,0x5020,0x6000,0x7000,0x7800,0x9040,
  0x9000,0x9000,0x9800,0xb0c3,0xb966,0xa881,0x9841,0x9000,0x9020,0x9020,0xa8c3,0xdb4d,0xd2aa,0xa000,0x9020,0x7800,
  0x8020,0x7020,0x5000,0x4000,0xf81f,0xf81f,0xf81f,0xf81f,0xf81f,0xf81f,0xf81f,0xf81f,0xf81f,0xf81f,0xf81f,0xf81f,
  0xf81f,0xf81f,0xf81f,0xf81f,0xf81f,0xf81f,0xf81f,0xf81f,0xf81f,0xf81f,0xf81f,0xf81f,0xf81f,0x4820,0x5800,0x5800,
  0x7000,0x8820,0x8841,0x9040,0x9020,0x9020,0x9020,0x9800,0x8800,0x9000,0x9000,0x8000,0x7800,0x7800,0x7020,0x5800,
  0x4800,0x4000,0x3820,0xf81f,0xf81f,0xf81f,0xf81f,0xf81f,0xf81f,0xf81f,0xf81f,0xf81f,0xf81f,0xf81f,0xf81f,0xf81f,
  0xf81f,0xf81f,0xf81f,0xf81f,0xf81f,0xf81f,0xf81f,0xf81f,0xf81f,0xf81f,0xf81f,0xf81f,0xf81f,0xf81f,0xf81f,0xf81f,
  0x5020,0x5000,0x5000,0x5000,0x6000,0x6800,0x7800,0x7820,0x7820,0x7000,0x6800,0x6000,0x5000,0x4000,0x4000,0x4000,
  0xf81f,0xf81f,0xf81f,0xf81f,0xf81f,0xf81f,0xf81f,0xf81f,0xf81f,0xf81f,0xf81f,0xf81f,0xf81f,0xf81f,0xf81f,0xf81f,
  0xf81f,0xf81f,0xf81f,0xf81f,0xf81f,0xf81f,0xf81f,0xf81f,0xf81f,0xf81f,0xf81f,0xf81f,0xf81f,0xf81f,0xf81f,0xf81f,
  0xf81f,0xf81f,0xf81f,0x3800,0x3800,0x4820,0x4000,0x4800,0x4800,0x4000,0x4020,0x3000,0xf81f,0xf81f,0xf81f,0xf81f,
  0xf81f,0xf81f,0xf81f,0xf81f,0xf81f,0xf81f,0xf81f,0xf81f,0xf81f,0xf81f,0xf81f,0xf81f,0xf81f,0xf81f,0xf81f,0xf81f,
 },
 {
  0xf81f,0xf81f,0xf81f,0xf81f,0xf81f,0xf81f,0xf81f,0xf81f,0xf81f,0xf81f,0xf81f,0xf81f,0xf81f,0xf81f,0xf81f,0xf81f,
  0xf81f,0xf81f,0xf81f,0xa3ea,0xeeb6,0xeed7,0xeef8,0xf718,0xeed7,0xeed7,0xeeb7,0xeeb6,0xbcee,0xf81f,0xf81f,0xf81f,
  0xf81f,0xf81f,0xf81f,0xf81f,0xf81f,0xf81f,0xf81f,0xf81f,0xf81f,0xf81f,0xf81f,0xf81f,0xf81f,0xf81f,0xf81f,0xf81f,
  0xf81f,0xf81f,0xf81f,0xf81f,0xf81f,0xf81f,0xf81f,0xf81f,0xf81f,0xf81f,0xf81f,0xf81f,0xf81f,0xf81f,0xf81f,0xf81f,
  0xeed6,0xf739,0xf739,0xf739,0xf759,0xf75a,0xf75a,0xf75a,0xf75a,0xf75a,0xf739,0xf718,0xf6f8,0xeed7,0xeeb6,0xe654,
  0xf81f,0xf81f,0xf81f,0xf81f,0xf81f,0xf81f,0xf81f,0xf81f,0xf81f,0xf81f,0xf81f,0xf81f,0xf81f,0xf81f,0xf81f,0xf81f,
  0xf81f,0xf81f,0xf81f,0xf81f,0xf81f,0xf81f,0xf81f,0xf81f,0xf81f,0xf81f,0xf81f,0xf81f,0xf81f,0xbcee,0xf739,0xf739,
  0xff5a,0xff7b,0xff7a,0xf739,0xeed7,0xe695,0xe695,0xe675,0xe674,0xe675,0xe695,0xe695,0xeeb6,0xeed6,0xeef7,0xeef7,
  0xe695,0xe675,0xd5d1,0xf81f,0xf81f,0xf81f,0xf81f,0xf81f,0xf81f,0xf81f,0xf81f,0xf81f,0xf81f,0xf81f,0xf81f,0xf81f,
  0xf81f,0xf81f,0xf81f,0xf81f,0xf81f,0xf81f,0xf81f,0xf81f,0xf81f,0xf81f,0xf81f,0xf81f,0xff5a,0xff5a,0xff7b,0xffbd,
  0xf739,0xeeb6,0xe675,0xd5f1,0xd56f,0xcd0c,0xc4eb,0xc4eb,0xc4ca,0xc4ca,0xcd0c,0xcd4e,0xcd6f,0xddf2,0xe654,0xe674,
  0xeeb6,0xeed7,0xe695,0xde34,0xb48c,0xf81f,0xf81f,0xf81f,0xf81f,0xf81f,0xf81f,0xf81f,0xf81f,0xf81f,0xf81f,0xf81f,
  0xf81f,0xf81f,0xf81f,0xf81f,0xf81f,0xf81f,0xf81f,0xf81f,0xf81f,0xf81f,0xf6f8,0xff7a,0xff9c,0xffff,0xf719,0xeed7,
  0xde33,0xcd4d,0xd5d0,0xeeb7,0xf73a,0xef19,0xeeb6,0xe696,0xe695,0xe6b6,0xeed7,0xeef7,0xe675,0xddf1,0xbccb,0xcd6f,
  0xde13,0xe654,0xe695,0xeeb6,0xe675,0xde13,0xf81f,0xf81f,0xf81f,0xf81f,0xf81f,0xf81f,0xf81f,0xf81f,0xf81f,0xf81f,
  0xf81f,0xf81f,0xf81f,0xf81f,0xf81f,0xf81f,0xf81f,0xf81f,0xf81f,0xff59,0xff9b,0xffff,0xffbd,0xeeb6,0xe633,0xcd2c,
  0xeed6,0xffbc,0xe695,0xde12,0xd58f,0xc4eb,0xcd6e,0xddd1,0xd5d1,0xcd8f,0xc4ec,0xcd2d,0xd5b0,0xde13,0xe6b7,0xde54,
  0xbccb,0xcd6f,0xde33,0xe675,0xe696,0xde54,0xd5d2,0xf81f,0xf81f,0xf81f,0xf81f,0xf81f,0xf81f,0xf81f,0xf81f,0xf81f,
  0xf81f,0xf81f,0xf81f,0xf81f,0xf81f,0xf81f,0xf81f,0xf81f,0xf739,0xff7b,0xffff,0xf739,0xeef8,0xcd6e,0xeef7,0xeef8,
  0xde11,0xc4eb,0xeef7,0xf73a,0xde34,0xd5d1,0xcd6f,0xcd4f,0xcd4e,0xcd6f,0xcdb0,0xde13,0xe6b7,0xe675,0xc50c,0xd5b0,
  0xde34,0xde13,0xbccc,0xd5d1,0xde54,0xe696,0xe675,0xd5d2,0x8307,0xf81f,0xf81f,0xf81f,0xf81f,0xf81f,0xf81f,0xf81f,
  0xf81f,0xf81f,0xf81f,0xf81f,0xf81f,0xf81f,0xf81f,0xf75a,0xff9c,0xffff,0xf6f7,0xe632,0xe653,0xf75b,0xddf1,0xcd4d,
  0xffbd,0xde33,0xcd6e,0xc4eb,0xeeb6,0xf6f8,0xf719,0xf739,0xf719,0xeef8,0xeeb6,0xde33,0xc50c,0xc52d,0xd5b1,0xe696,
  0xcd8f,0xcdb0,0xde75,0xd5b0,0xc54e,0xde33,0xe675,0xde34,0xd5d2,0x7ae6,0xf81f,0xf81f,0xf81f,0xf81f,0xf81f,0xf81f,
  0xf81f,0xf81f,0xf81f,0xf81f,0xf81f,0xf81f,0xf759,0xff7b,0xffff,0xeed6,0xde12,0xeed6,0xe653,0xc4eb,0xffde,0xde12,
  0xc50b,0xeed7,0xffbc,0xff7b,0xf739,0xf6f7,0xf6f7,0xeed6,0xeed7,0xeed6,0xeeb6,0xeed6,0xeeb6,0xeeb6,0xde54,0xc4ec,
  0xd5d1,0xde75,0xc50d,0xde33,0xd5f2,0xc52d,0xd5f2,0xde54,0xde54,0xcdb1,0xf81f,0xf81f,0xf81f,0xf81f,0xf81f,0xf81f,
  0xf81f,0xf81f,0xf81f,0xf81f,0xf81f,0xf739,0xff7a,0xffff,0xeeb6,0xd5af,0xf6f8,0xe611,0xf717,0xe694,0xcd6e,0xeeb7,
  0xffff,0xffbd,0xf759,0xf717,0xf6f7,0xeed6,0xeed6,0xeed6,0xeeb6,0xeeb6,0xe695,0xe694,0xee95,0xe695,0xe695,0xe675,
  0xde12,0xc4ec,0xde13,0xd5b1,0xde13,0xde13,0xc4ec,0xd613,0xde54,0xd5f3,0xc52f,0xf81f,0xf81f,0xf81f,0xf81f,0xf81f,
  0xf81f,0xf81f,0xf81f,0xf81f,0xeeb6,0xf739,0xffdf,0xeed6,0xde12,0xeed7,0xde12,0xf738,0xe632,0xcd2d,0xff7b,0xffff,
  0xffbd,0xf739,0xf6f7,0xeed6,0xeeb5,0xeed6,0xeed6,0xeeb5,0xeeb5,0xeeb5,0xe695,0xe695,0xe695,0xe674,0xe674,0xe675,
  0xe654,0xde54,0xcd6f,0xde33,0xd5b1,0xde12,0xd612,0xcd6e,0xde13,0xde34,0xcdb1,0xbcee,0xf81f,0xf81f,0xf81f,0xf81f,
  0xf81f,0xf81f,0xf81f,0xf81f,0xff5a,0xff9c,0xf6f8,0xe653,0xf6d6,0xde12,0xf738,0xe611,0xffbc,0xffff,0xffff,0xffbc,
  0xf75a,0xf718,0xeed6,0xeed6,0xee95,0xeeb5,0xeeb5,0xeeb6,0xee95,0xeeb6,0xe695,0xe674,0xe674,0xe695,0xe674,0xe654,
  0xe674,0xde34,0xe654,0xcd4e,0xd5f2,0xcd90,0xd5d2,0xcd70,0xcd90,0xde33,0xde34,0xc570,0x8327,0xf81f,0xf81f,0xf81f,
  0xf81f,0xf81f,0xf81f,0xf739,0xff59,0xff7b,0xeeb6,0xddcf,0xeeb5,0xeeb4,0xe632,0xffbb,0xffff,0xffff,0xffde,0xff7b,
  0xf719,0xf6d7,0xf6d6,0xeeb6,0xeeb5,0xee95,0xee95,0xeeb5,0xeeb6,0xee94,0xee95,0xe674,0xe674,0xe654,0xe653,0xe674,
  0xe674,0xe654,0xde34,0xde34,0xc50d,0xde13,0xc50e,0xd613,0xbccc,0xd613,0xde34,0xd5d2,0xb4ad,0xf81f,0xf81f,0xf81f,
  0xf81f,0xf81f,0xb42b,0xff59,0xffbc,0xeed6,0xd58f,0xffde,0xcd4d,0xe674,0xc50d,0xffff,0xffdf,0xffdd,0xff9c,0xf719,
  0xf718,0xeed6,0xeeb5,0xeeb6,0xee95,0xee95,0xeeb6,0x7ac7,0xeeb5,0xe695,0xe674,0xe694,0xe674,0xe654,0xe654,0xde33,
  0xe654,0xde33,0xde33,0xde13,0xd5f2,0xc52d,0xde34,0xc52e,0xd5d2,0xc52e,0xde34,0xde13,0xc550,0x9bea,0xf81f,0xf81f,
  0xf81f,0xf81f,0xf718,0xff59,0xf739,0xeeb5,0xee94,0xe653,0xf75a,0xcd6e,0xf739,0xffde,0xffbd,0xff9c,0xf75a,0xf718,
  0xf6d6,0xeed6,0xeed6,0xeeb6,0xee95,0xe675,0xde33,0xff9a,0xa383,0xe654,0xe675,0xe674,0xe675,0xe674,0xe674,0xe654,
  0xde33,0xde34,0xde33,0xde13,0xd612,0xcd90,0xc54f,0xd5b1,0xd613,0xc52e,0xd613,0xde34,0xcdd2,0xb48c,0xf81f,0xf81f,
  0xf81f,0xf81f,0xf739,0xff7b,0xeeb5,0xd58e,0xf75a,0xc50c,0xde32,0xeeb6,0xffbd,0xffbc,0xff7a,0xf739,0xf718,0xf718,
  0xeed6,0xeeb6,0xeed6,0xeeb5,0xee95,0xe675,0x38c1,0xc403,0x7a41,0x8307,0xe675,0xe674,0xe654,0xe653,0xe654,0xe674,
  0xde54,0xde33,0xde54,0xde54,0xd612,0xde33,0xc54e,0xde34,0xbcec,0xcdd2,0xc52e,0xde75,0xd5d2,0xbced,0xf81f,0xf81f,
  0xf81f,0xee95,0xf739,0xf739,0xe653,0xe673,0xde32,0xf75a,0xcd4c,0xffbc,0xff5a,0xf739,0xf6f8,0xf6f7,0xf6f6,0xeeb6,
  0xeed6,0xeeb6,0xeeb5,0xeeb6,0xeeb6,0xe654,0xc591,0xc444,0x7a81,0xcd4f,0xe633,0xe654,0xe675,0xe654,0xe653,0xe654,
  0xe654,0xde33,0xde33,0xde33,0xde13,0xd5f2,0xd5d1,0xcd6f,0xd5d2,0xde54,0xbced,0xde54,0xde13,0xc570,0xa42b,0xf81f,
  0xf81f,0xf6f7,0xf739,0xeed7,0xd58e,0xf739,0xcd4d,0xe654,0xeed6,0xf75a,0xf718,0xf6f7,0xf6f7,0xf6f6,0xeed6,0xeed6,
  0xeeb6,0xee95,0xe695,0xe695,0xeeb5,0xe588,0xb3c4,0xc486,0x59c1,0x9b21,0xb404,0xde12,0xe674,0xe654,0xde33,0xde54,
  0xde13,0xde33,0xde33,0xd5f2,0xde12,0xd5f2,0xd5b1,0xc50d,0xe696,0xc52e,0xcd91,0xd5d1,0xde13,0xcdb2,0xac6b,0xf81f,
  0xf81f,0xf718,0xf739,0xeeb6,0xcd2c,0xeeb6,0xeeb5,0xd58f,0xff5a,0xf717,0xf6f7,0xeed6,0xeeb5,0xeed6,0xeed6,0xeeb5,
  0xee95,0xee95,0xe674,0xe654,0x8369,0x72a6,0x61c0,0xa364,0x59c1,0x3900,0x7ac6,0xa40b,0xde33,0xde33,0xde33,0xde33,
  0xde33,0xde33,0xd5f2,0xd5f2,0xd5f2,0xd5f2,0xd5b1,0xcd70,0xd5f2,0xcd6f,0xd5f3,0xb4ab,0xe675,0xd5d2,0xb48c,0xf81f,
  0x9ba9,0xf718,0xff39,0xe653,0xe653,0xde53,0xf719,0xcd0c,0xf739,0xf6f7,0xeeb6,0xeeb6,0xee95,0xee96,0xeeb5,0xee95,
  0x9c0b,0xd424,0xd5f1,0xe674,0xe695,0xe633,0xc570,0x9ae1,0x7261,0xa40b,0xde34,0xe654,0xde12,0x59c4,0xc3e3,0xde12,
  0xd5f3,0xd5d1,0xd5b1,0xcd90,0xd5d2,0xd5d2,0xd5d2,0xcd70,0xbccc,0xcdb1,0xde55,0xbced,0xe696,0xcdd2,0xb4ad,0xf81f,
  0xde13,0xf718,0xf6f8,0xde12,0xeeb6,0xddf0,0xe695,0xee94,0xf6f8,0xf6f7,0xeed7,0xedef,0xe548,0x38e0,0xeeb6,0xe674,
  0xedcc,0xb383,0x7a81,0xe654,0xe674,0xe654,0xde13,0xbbe4,0x7262,0xde34,0xde54,0xde54,0xd5d2,0xedcc,0x7a61,0x7283,
  0xd5f2,0xd5f2,0xccec,0xa342,0x7a83,0xd5d2,0xd5d1,0xcdb1,0xbccc,0xd613,0xd614,0xc52e,0xde75,0xd5d2,0xbcee,0x8b68,
  0xe674,0xf6f7,0xf6d7,0xd5d0,0xf718,0xd56e,0xde33,0xeeb6,0xf6f7,0xeed6,0xeeb6,0xc465,0xaba3,0x9302,0xe696,0xe674,
  0x7a63,0x8282,0x4982,0xe675,0xe674,0xde33,0xcdb1,0x9b43,0x82a2,0xcd90,0xde33,0xde12,0xd5f3,0x59c1,0x61e1,0x28a0,
  0xd5b1,0xcd70,0xc424,0x8aa1,0x6a02,0xd634,0xd5d2,0xcd91,0xbd0d,0xe675,0xcd90,0xc56f,0xde34,0xd613,0xbd0f,0x93c9,
  0xee95,0xf6f7,0xeed6,0xd56e,0xeef7,0xcd2c,0xddf1,0xeef7,0xeed7,0xeed6,0xee95,0x7b08,0x61a0,0x4983,0xe674,0xe674,
  0xde13,0xb384,0x8ac2,0xddf2,0xde33,0xddf2,0x4142,0x9303,0x7a61,0xbccd,0xde13,0xd5f2,0xcd70,0xc448,0x7aa2,0xd613,
  0xd5d1,0xcd70,0x2060,0x59c1,0xa42c,0xd5f2,0xd5b1,0xc570,0xbd0e,0xe696,0xbccc,0xcd70,0xd613,0xd613,0xc550,0x9bea,
  0xe695,0xf6f7,0xeeb6,0xd58e,0xeed7,0xcd2c,0xd5d1,0xeef7,0xeed6,0xf6f7,0xeeb5,0xee95,0xc52f,0xb3c5,0xd5d1,0xde33,
  0xd5d2,0xdd2a,0x6a22,0x61e2,0xcdb1,0xc52e,0xddef,0x7201,0x61e1,0x9b02,0xc54f,0xbcee,0xc408,0x6a01,0x6a21,0xcd91,
  0xcd91,0xc50e,0x5980,0xb4ce,0xd5f2,0xd5d2,0xd5d1,0xcd91,0xc52e,0xe6b7,0xb48b,0xcd90,0xd5f2,0xde13,0xcd71,0x9ba9,
  0xe675,0xf6f7,0xeeb6,0xd58e,0xeed7,0xcd2c,0xd5d1,0xeef7,0xeed6,0xeeb5,0xeeb6,0xe674,0xe654,0x9323,0x8ae3,0xd5f2,
  0x9ba9,0x9303,0x7a62,0x7242,0x82a2,0x6180,0x6202,0x61e1,0x6222,0x6201,0x61c0,0x61c1,0x69e1,0x59c1,0x6a22,0xc52e,
  0xbd0e,0xff55,0x7a62,0xd5d1,0xd612,0xd613,0xcdb1,0xcd90,0xbd0e,0xe6b7,0xb4ab,0xcdb1,0xddf2,0xde13,0xc570,0x93a9,
  0xe695,0xf6f7,0xeeb6,0xd58f,0xeed7,0xcd0c,0xde12,0xeed6,0xeed6,0xeeb5,0xe674,0xe695,0xe654,0x4162,0xa3c4,0x7a82,
  0x7a62,0x59a1,0x7262,0x6a22,0x61e2,0x61e2,0x59c1,0x59c1,0x4120,0x5181,0x59a1,0x7222,0x61c1,0x4961,0x6a22,0x59c1,
  0x5160,0x59a1,0x8328,0xd5f2,0xd5d2,0xd5f2,0xd5d2,0xcd90,0xbced,0xe6b7,0xbccc,0xcd70,0xde33,0xde13,0xc550,0x93a9,
  0xde13,0xeed6,0xeeb6,0xd5b0,0xeed6,0xcd2d,0xde33,0xe654,0xeeb6,0xeeb5,0xee95,0xe674,0xe674,0xde33,0x7aa3,0x7222,
  0x4120,0x4141,0x28a0,0x82e5,0xcca6,0xe569,0xf64c,0xf64c,0xf608,0xfde8,0xed46,0xb381,0x7a61,0x28a0,0x4120,0x4980,
  0x59c2,0x4961,0xde34,0xd5f3,0xd5d2,0xd5d2,0xd5b1,0xcd70,0xbccc,0xde76,0xcd70,0xc54f,0xde54,0xd613,0xc550,0x9bc9,
  0xd5d2,0xeed6,0xeed6,0xddf2,0xe674,0xd5d1,0xe696,0xe612,0xeeb6,0xe695,0xe695,0xe675,0xe674,0xe654,0x1840,0xe58d,
  0xff77,0xc424,0x8ac2,0x4940,0x59a0,0x61e1,0x4120,0x30e0,0x4141,0x4961,0x4981,0x4120,0x6a01,0x9b42,0xaba3,0x9b22,
  0x8b03,0x1820,0xd5d2,0xd5f2,0xd5d1,0xd5d1,0xcd90,0xc52f,0xbcac,0xd5f3,0xe696,0xbd0d,0xe696,0xd5d1,0xb4ee,0x8347,
  0x8b68,0xeeb6,0xeef7,0xde33,0xde12,0xde54,0xe695,0xcd2d,0xe695,0xeeb5,0xe674,0xe674,0xe654,0xde53,0x1860,0x7241,
  0x1040,0x51c2,0x5a03,0x51a1,0x7a83,0x7a83,0x6a23,0xffdc,0xab83,0x82a3,0x7ac3,0x5181,0x59a1,0x5160,0x4141,0x1020,
  0x6222,0x7ac6,0xd613,0xd5f2,0xd5d1,0xd5b1,0xcd70,0xbcee,0xc50d,0xcd70,0xe696,0xb48b,0xf73a,0xcd90,0xac6b,0xf81f,
  0xf81f,0xee95,0xeed7,0xe654,0xc4ec,0xe695,0xddf1,0xd5b0,0xe695,0xe674,0xe674,0xe654,0xe654,0xe654,0xd5f2,0x8b05,
  0xa344,0x6a23,0x6a23,0xa343,0x7a61,0x7222,0x7263,0x8aa2,0x7221,0x59e1,0x6222,0xcc23,0x82a2,0x30e0,0x59c2,0xe5ce,
  0x5161,0xd613,0xd5d2,0xd5d1,0xd5d2,0xcdb1,0xc570,0xb4ad,0xe676,0xbcec,0xcdb2,0xac6a,0xe695,0xcd70,0xa40a,0xf81f,
  0xf81f,0xde34,0xeeb6,0xee95,0xcd6f,0xe675,0xcd2d,0xde54,0xddf2,0xe675,0xe654,0xe654,0xe654,0xe654,0xde13,0x82e3,
  0x59c1,0x7aa3,0x82c4,0x1860,0x4962,0x59e3,0x6223,0x59e2,0x59e2,0x6a43,0x59e2,0x4982,0x0000,0x51a1,0x5161,0x7221,
  0x28a0,0xd5d2,0xd5d2,0xd5b1,0xd5b1,0xcd90,0xc52f,0xb4ac,0xde55,0xcdb1,0xc52e,0xde12,0xde34,0xcd91,0x9bea,0xf81f,
  0xf81f,0xcd70,0xe695,0xeed6,0xd5d1,0xddf1,0xde54,0xe655,0xc52d,0xde34,0xe675,0xe654,0xde33,0xde34,0xd5f3,0x4941,
  0x4941,0xd54d,0xff76,0xff55,0xee0e,0xdd49,0xb405,0x8aa0,0x9b21,0xa343,0xb3e4,0xbc24,0xdce5,0xdcc6,0x9ae1,0x2880,
  0x3941,0xcd91,0xd5d1,0xd5b1,0xcd91,0xc54f,0xbcee,0xde33,0xc570,0xe676,0xb48b,0xef19,0xd5f2,0xc550,0x8b88,0xf81f,
  0xf81f,0xf81f,0xe674,0xeeb6,0xe675,0xcd2d,0xe675,0xc52d,0xde54,0xd590,0xde33,0xe654,0xde33,0xde34,0xb4ee,0x8a60,
  0x7221,0x59c1,0x6223,0x4961,0x2060,0x1020,0x2060,0x2080,0x2080,0x1840,0x1840,0x30a0,0x4961,0x72a4,0x59c1,0x5180,
  0x5180,0xde34,0xd5d2,0xcd90,0xc550,0xbd0f,0xb4ac,0xde55,0xc50d,0xc52f,0xd5b1,0xde55,0xcd91,0xa40a,0xf81f,0xf81f,
  0xf81f,0xf81f,0xd5f2,0xe675,0xe675,0xde12,0xcd90,0xde54,0xddf2,0xd5d1,0xd5d1,0xde34,0xde33,0xe654,0xde54,0xef17,
  0xde55,0xd613,0xde13,0xde13,0xde13,0xd5f2,0xd5f2,0xd5f2,0xd5f3,0xd5f2,0xd5f2,0xd5f2,0xd5f2,0xcdb1,0xcd91,0xcdd2,
  0xd5d2,0xcdb2,0xcd90,0xcd70,0xc52f,0xb4cd,0xe6b7,0xc54f,0xd5f3,0xb48b,0xffbd,0xd5f2,0xc591,0x93a9,0xf81f,0xf81f,
  0xf81f,0xf81f,0xac2b,0xde54,0xe695,0xe675,0xcd4f,0xde54,0xcd6f,0xe654,0xc50d,0xd5f2,0xde12,0xde33,0xe654,0xde33,
  0xde34,0xde33,0xde13,0xde12,0xde13,0xd5f2,0xde33,0xde13,0xde13,0xd5f2,0xde13,0xde12,0xd5f2,0xd5d1,0xd5b1,0xd5d2,
  0xcdb1,0xcd91,0xc550,0xc54f,0xbcee,0xde34,0xd613,0xd5d2,0xc52f,0xd5d1,0xe675,0xd5d1,0xac8c,0x6a64,0xf81f,0xf81f,
  0xf81f,0xf81f,0xf81f,0xcdb1,0xde54,0xeeb6,0xde54,0xcd6f,0xde54,0xcd4e,0xde54,0xcd4e,0xd5f2,0xde33,0xde34,0xde12,
  0xde13,0xde33,0xd5f2,0xde13,0xd5f2,0xd5f2,0xd5f2,0xde13,0xde13,0xde12,0xd5f2,0xd5d1,0xd5f2,0xd5f2,0xd5d2,0xd5b1,
  0xcd90,0xcd70,0xc570,0xb4ee,0xac6b,0xd613,0xac6b,0xcdb2,0xac6a,0xf79c,0xd5d2,0xcdb2,0x9bc9,0xf81f,0xf81f,0xf81f,
  0xf81f,0xf81f,0xf81f,0x8327,0xd5f2,0xe675,0xe695,0xde13,0xcd4e,0xde54,0xc52e,0xde54,0xc50e,0xcdb1,0xd5d2,0xd5f2,
  0xd5f2,0xde12,0xddf2,0xd5f2,0xd5f2,0xd5f2,0xd5f2,0xd5f2,0xddf2,0xd5f2,0xd5d1,0xd5d1,0xd5d1,0xd5b1,0xd5b1,0xd5b1,
  0xcd70,0xc550,0xbd0e,0xac4b,0xd613,0xac4a,0xd5f2,0xac6b,0xe6d7,0xde13,0xcd91,0xa40a,0xf81f,0xf81f,0xf81f,0xf81f,
  0xf81f,0xf81f,0xf81f,0xf81f,0xbd0e,0xd613,0xe674,0xe675,0xd612,0xcd90,0xde55,0xc50d,0xde34,0xcd90,0xc52e,0xcdb1,
  0xd5d2,0xd5f2,0xd5d1,0xd5f2,0xd5d2,0xd5f2,0xd5d1,0xd5d1,0xd5f2,0xd5d2,0xd5d1,0xd5d1,0xd5b1,0xcd91,0xcd70,0xc570,
  0xc52f,0xb4cd,0xd5f2,0xd5f3,0xac4a,0xde13,0xb4cc,0xe697,0xde13,0xc54f,0xac6c,0x8b88,0xf81f,0xf81f,0xf81f,0xf81f,
  0xf81f,0xf81f,0xf81f,0xf81f,0xf81f,0xc54f,0xd5f3,0xde54,0xe696,0xd5b0,0xc54e,0xde34,0xc50d,0xde34,0xd5f2,0xbced,
  0xcd70,0xcdb1,0xd5b1,0xd5b2,0xd5b1,0xd5f2,0xd5b1,0xcdb1,0xcdb1,0xcd90,0xcd91,0xcd90,0xcd70,0xcd91,0xc52f,0xbced,
  0xb4ab,0xe6b7,0xd5d2,0xb46a,0xd5f3,0xb4cc,0xe675,0xde55,0xcdb1,0xc550,0x93c9,0xf81f,0xf81f,0xf81f,0xf81f,0xf81f,
  0xf81f,0xf81f,0xf81f,0xf81f,0xf81f,0xf81f,0xc54f,0xd5f2,0xde13,0xe675,0xd5f2,0xbcec,0xd613,0xcd90,0xc54f,0xe675,
  0xde13,0xbccc,0xc52f,0xcd90,0xcd70,0xcd70,0xcd70,0xcd70,0xc570,0xcd70,0xc570,0xc550,0xbd0e,0xb4ac,0xb48b,0xde55,
  0xd613,0xbd0e,0xd612,0xd5d2,0xb48b,0xe656,0xde55,0xcdb1,0xc551,0x9bc9,0xf81f,0xf81f,0xf81f,0xf81f,0xf81f,0xf81f,
  0xf81f,0xf81f,0xf81f,0xf81f,0xf81f,0xf81f,0x7b08,0xbd0f,0xd5f3,0xde33,0xe654,0xde34,0xc50d,0xd5b1,0xde55,0xcd4f,
  0xcd6f,0xde34,0xde55,0xcd90,0xac6a,0xb4ab,0xb4ac,0xbccd,0xb4ac,0xb48c,0xb4ac,0xac49,0xcdb1,0xeef8,0xd613,0xc52f,
  0xbd0d,0xd614,0xc54f,0xac6a,0xf719,0xde13,0xcdb1,0xc591,0x9bea,0xf81f,0xf81f,0xf81f,0xf81f,0xf81f,0xf81f,0xf81f,
  0xf81f,0xf81f,0xf81f,0xf81f,0xf81f,0xf81f,0xf81f,0x7ae7,0xbd0e,0xcdb2,0xde54,0xe655,0xe696,0xd5d1,0xbccc,0xcd90,
  0xd634,0xd5d1,0xb4ab,0xc54f,0xd5b1,0xde34,0xe6b6,0xeed7,0xe6d7,0xe6b8,0xde55,0xd5d1,0xc54f,0xb48b,0xde13,0xd635,
  0xc52f,0xb4ac,0xde34,0xffbd,0xd5f3,0xc570,0xbd0f,0x9bea,0xf81f,0xf81f,0xf81f,0xf81f,0xf81f,0xf81f,0xf81f,0xf81f,
  0xf81f,0xf81f,0xf81f,0xf81f,0xf81f,0xf81f,0xf81f,0xf81f,0xf81f,0xb4ad,0xcd91,0xd5d2,0xde33,0xde55,0xe6b6,0xd5d2,
  0xbccc,0xc54f,0xcdd2,0xd614,0xe696,0xde13,0xcdb0,0xc52e,0xc52e,0xd5b1,0xde34,0xe6b8,0xd614,0xc591,0xbcee,0xac29,
  0xd5f2,0xffff,0xde55,0xcdb1,0xc550,0xb4ad,0x9bc9,0xf81f,0xf81f,0xf81f,0xf81f,0xf81f,0xf81f,0xf81f,0xf81f,0xf81f,
  0xf81f,0xf81f,0xf81f,0xf81f,0xf81f,0xf81f,0xf81f,0xf81f,0xf81f,0xf81f,0xac4b,0xbcce,0xcdb2,0xd5f3,0xde13,0xe675,
  0xe6b7,0xd613,0xbccc,0xbcab,0xbced,0xc52e,0xc52f,0xc570,0xc550,0xc54f,0xbd2e,0xbced,0xac6a,0xa429,0xde55,0xffde,
  0xe675,0xd5d2,0xc571,0xcd92,0xa42b,0x93a9,0xf81f,0xf81f,0xf81f,0xf81f,0xf81f,0xf81f,0xf81f,0xf81f,0xf81f,0xf81f,
  0xf81f,0xf81f,0xf81f,0xf81f,0xf81f,0xf81f,0xf81f,0xf81f,0xf81f,0xf81f,0xf81f,0x7285,0xac6c,0xbd0f,0xcd91,0xd5f3,
  0xde13,0xde34,0xde54,0xe6b7,0xe6b7,0xe675,0xd613,0xd5f2,0xd5f3,0xd5f3,0xe676,0xef3a,0xef19,0xde55,0xd613,0xcd91,
  0xc570,0xbcee,0xac4b,0x9bc9,0xf81f,0xf81f,0xf81f,0xf81f,0xf81f,0xf81f,0xf81f,0xf81f,0xf81f,0xf81f,0xf81f,0xf81f,
  0xf81f,0xf81f,0xf81f,0xf81f,0xf81f,0xf81f,0xf81f,0xf81f,0xf81f,0xf81f,0xf81f,0xf81f,0xf81f,0x8b47,0xac6b,0xb4cd,
  0xbd30,0xcdb1,0xcdd2,0xd613,0xd613,0xd613,0xde13,0xde13,0xd614,0xd613,0xd5f3,0xd5d2,0xcd91,0xc571,0xbd2f,0xb4ad,
  0xa42a,0x9bc9,0x6245,0xf81f,0xf81f,0xf81f,0xf81f,0xf81f,0xf81f,0xf81f,0xf81f,0xf81f,0xf81f,0xf81f,0xf81f,0xf81f,
  0xf81f,0xf81f,0xf81f,0xf81f,0xf81f,0xf81f,0xf81f,0xf81f,0xf81f,0xf81f,0xf81f,0xf81f,0xf81f,0xf81f,0xf81f,0xf81f,
  0x9c0a,0xa42b,0xac6b,0xac8c,0xbcee,0xbcee,0xbd0f,0xbcee,0xbd0f,0xbcee,0xb4ce,0xac6c,0xac4b,0xa40a,0x9bc9,0x8b68,
  0xf81f,0xf81f,0xf81f,0xf81f,0xf81f,0xf81f,0xf81f,0xf81f,0xf81f,0xf81f,0xf81f,0xf81f,0xf81f,0xf81f,0xf81f,0xf81f,
  0xf81f,0xf81f,0xf81f,0xf81f,0xf81f,0xf81f,0xf81f,0xf81f,0xf81f,0xf81f,0xf81f,0xf81f,0xf81f,0xf81f,0xf81f,0xf81f,
  0xf81f,0xf81f,0xf81f,0xf81f,0x8327,0x93c9,0x93a9,0x93a9,0x93c9,0x93a8,0x9388,0x72a6,0xf81f,0xf81f,0xf81f,0xf81f,
  0xf81f,0xf81f,0xf81f,0xf81f,0xf81f,0xf81f,0xf81f,0xf81f,0xf81f,0xf81f,0xf81f,0xf81f,0xf81f,0xf81f,0xf81f,0xf81f,
 },
};
static const uint16_t checkers_wood_mirrored[1][4608] = {
 {
  0xd5d5,0x6a05,0x61c5,0x7226,0x69e5,0x4943,0x5184,0x4943,0x5184,0x5143,0x61e5,0x61c4,0x5984,0x5163,0x69e5,0x5163,
  0x5984,0x61e5,0x61a4,0x69e5,0x7225,0x6a05,0x5963,0x5983,0x4923,0x4122,0x4123,0x4923,0x61a4,0x6a05,0x61e5,0x61c4,
  0x59a4,0x59a4,0x59a4,0x5163,0x5184,0x5143,0x4943,0x4922,0x4102,0x4922,0x4922,0x5123,0x5143,0x5163,0x5143,0x5963,
  0x5963,0x5143,0x5163,0x5143,0x5123,0x4922,0x4922,0x4102,0x4922,0x4943,0x5143,0x5184,0x5163,0x59a4,0x59a4,0x59a4,
  0x61c4,0x61e5,0x6a05,0x61a4,0x4923,0x4123,0x4122,0x4923,0x5983,0x5963,0x6a05,0x7225,0x69e5,0x61a4,0x61e5,0x5984,
  0x5163,0x69e5,0x5163,0x5984,0x61c4,0x61e5,0x5143,0x5184,0x4943,0x5184,0x4943,0x69e5,0x7226,0x61c5,0x6a05,0xd5d5,
  0x59a4,0x5164,0x5164,0x5184,0x5984,0x59a4,0x59c4,0x5143,0x61e5,0x59a4,0x7225,0x6a26,0x59a4,0x61c4,0x61c4,0x6a05,
  0x59a4,0x69e5,0x61c4,0x6a05,0x6a05,0x69e4,0x61c4,0x6a05,0x61e5,0x59a4,0x61a4,0x61a4,0x61a4,0x69e5,0x61a4,0x59a4,
  0x5163,0x5983,0x61e4,0x61c4,0x59a4,0x4922,0x5983,0x69e4,0x7225,0x61c4,0x61c4,0x61c4,0x59a4,0x5163,0x59a3,0x4902,
  0x4902,0x59a3,0x5163,0x59a4,0x61c4,0x61c4,0x61c4,0x7225,0x69e4,0x5983,0x4922,0x59a4,0x61c4,0x61e4,0x5983,0x5163,
  0x59a4,0x61a4,0x69e5,0x61a4,0x61a4,0x61a4,0x59a4,0x61e5,0x6a05,0x61c4,0x69e4,0x6a05,0x6a05,0x61c4,0x69e5,0x59a4,
  0x6a05,0x61c4,0x61c4,0x59a4,0x6a26,0x7225,0x59a4,0x61e5,0x5143,0x59c4,0x59a4,0x5984,0x5184,0x5164,0x5164,0x59a4,
  0x61e5,0x6a05,0x69e4,0x61c4,0x5184,0x4143,0x4943,0x59a4,0x4963,0x4123,0x4963,0x4123,0x4123,0x4943,0x59a4,0x5184,
  0x59a4,0x4122,0x5184,0x4923,0x4943,0x4123,0x5183,0x5143,0x5163,0x5163,0x4102,0x5163,0x5163,0x4943,0x4922,0x59a4,
  0x5983,0x5183,0x5143,0x61a4,0x5983,0x5163,0x5983,0x5963,0x61a4,0x61e4,0x59a4,0x5143,0x5163,0x59a4,0x5983,0x69e4,
  0x69e4,0x5983,0x59a4,0x5163,0x5143,0x59a4,0x61e4,0x61a4,0x5963,0x5983,0x5163,0x5983,0x61a4,0x5143,0x5183,0x5983,
  0x59a4,0x4922,0x4943,0x5163,0x5163,0x4102,0x5163,0x5163,0x5143,0x5183,0x4123,0x4943,0x4923,0x5184,0x4122,0x59a4,
  0x5184,0x59a4,0x4943,0x4123,0x4123,0x4963,0x4123,0x4963,0x59a4,0x4943,0x4143,0x5184,0x61c4,0x69e4,0x6a05,0x61e5,
  0x61c4,0x61e5,0x61c5,0x61e5,0x61e5,0x61e5,0x61e5,0x61e5,0x6a05,0x59a4,0x5184,0x59a4,0x5984,0x61c4,0x61c4,0x61c4,
  0x61e5,0x5163,0x5963,0x59a4,0x59a4,0x4943,0x4923,0x4923,0x59a4,0x59a4,0x59a4,0x5163,0x5163,0x4102,0x4963,0x4943,
  0x5183,0x4963,0x4122,0x5163,0x4963,0x4943,0x4943,0x4143,0x30c2,0x3902,0x4143,0x4122,0x4123,0x4963,0x4943,0x4943,
  0x4943,0x4943,0x4963,0x4123,0x4122,0x4143,0x3902,0x30c2,0x4143,0x4943,0x4943,0x4963,0x5163,0x4122,0x4963,0x5183,
  0x4943,0x4963,0x4102,0x5163,0x5163,0x59a4,0x59a4,0x59a4,0x4923,0x4923,0x4943,0x59a4,0x59a4,0x5963,0x5163,0x61e5,
  0x61c4,0x61c4,0x61c4,0x5984,0x59a4,0x5184,0x59a4,0x6a05,0x61e5,0x61e5,0x61e5,0x61e5,0x61e5,0x61c5,0x61e5,0x61c4,
  0x4963,0x4964,0x59c5,0x5184,0x59a4,0x5184,0x4923,0x5184,0x5163,0x5184,0x61e5,0x59a4,0x59c4,0x61a4,0x5183,0x59a4,
  0x61c4,0x61a4,0x61c4,0x59a4,0x61a4,0x5983,0x61e4,0x5143,0x61c4,0x5163,0x5163,0x4943,0x5983,0x61c4,0x5163,0x5984,
  0x5983,0x5163,0x5983,0x61c4,0x61a4,0x5983,0x59c4,0x5143,0x5983,0x5984,0x5983,0x59a4,0x4923,0x5143,0x5163,0x5963,
  0x5963,0x5163,0x5143,0x4923,0x59a4,0x5983,0x5984,0x5983,0x5143,0x59c4,0x5983,0x61a4,0x61c4,0x5983,0x5163,0x5983,
  0x5984,0x5163,0x61c4,0x5983,0x4943,0x5163,0x5163,0x61c4,0x5143,0x61e4,0x5983,0x61a4,0x59a4,0x61c4,0x61a4,0x61c4,
  0x59a4,0x5183,0x61a4,0x59c4,0x59a4,0x61e5,0x5184,0x5163,0x5184,0x4923,0x5184,0x59a4,0x5184,0x59c5,0x4964,0x4963,
  0x4123,0x4943,0x4123,0x59c5,0x4964,0x59a4,0x5184,0x59a4,0x5183,0x4943,0x4944,0x4122,0x4943,0x4143,0x4123,0x4123,
  0x5163,0x5184,0x4923,0x4964,0x4923,0x5184,0x4943,0x4963,0x4943,0x4943,0x5163,0x4123,0x5163,0x5184,0x4943,0x5183,
  0x5183,0x4943,0x5163,0x5163,0x5163,0x5143,0x4122,0x5983,0x59a4,0x59a4,0x5163,0x5163,0x4943,0x5183,0x5143,0x5163,
  0x5163,0x5143,0x5183,0x4943,0x5163,0x5163,0x59a4,0x59a4,0x5983,0x4122,0x5143,0x5163,0x5163,0x5163,0x4943,0x5183,
  0x5183,0x4943,0x5184,0x5163,0x4123,0x5163,0x4943,0x4943,0x4963,0x4943,0x5184,0x4923,0x4964,0x4923,0x5184,0x5163,
  0x4123,0x4123,0x4143,0x4943,0x4122,0x4944,0x4943,0x5183,0x59a4,0x5184,0x59a4,0x4964,0x59c5,0x4123,0x4943,0x4123,
  0x61a4,0x61e5,0x61e5,0x59c4,0x61e5,0x59a4,0x59a4,0x59c4,0x5984,0x5984,0x59a4,0x5164,0x59c4,0x6a05,0x61a4,0x5984,
  0x5163,0x5184,0x4143,0x5184,0x59a4,0x4943,0x5963,0x5984,0x5163,0x5163,0x5163,0x5184,0x59a4,0x5984,0x59a4,0x59a4,
  0x5163,0x5183,0x4102,0x4122,0x4123,0x3902,0x4122,0x3902,0x3902,0x38e1,0x4102,0x4122,0x38e2,0x38e2,0x4123,0x4943,
  0x4943,0x4123,0x38e2,0x38e2,0x4122,0x4102,0x38e1,0x3902,0x3902,0x4122,0x3902,0x4123,0x4122,0x4102,0x5183,0x5163,
  0x59a4,0x59a4,0x5984,0x59a4,0x5184,0x5163,0x5163,0x5163,0x5984,0x5963,0x4943,0x59a4,0x5184,0x4143,0x5184,0x5163,
  0x5984,0x61a4,0x6a05,0x59c4,0x5164,0x59a4,0x5984,0x5984,0x59c4,0x59a4,0x59a4,0x61e5,0x59c4,0x61e5,0x61e5,0x61a4,
  0x7267,0x6a05,0x59a4,0x61e4,0x61e4,0x4943,0x5143,0x61a4,0x5163,0x59a4,0x5163,0x61c4,0x6a05,0x61a4,0x59a4,0x69e5,
  0x5983,0x59a4,0x5163,0x4123,0x6a05,0x5983,0x61c4,0x61c4,0x5984,0x5143,0x6a05,0x61c4,0x59a4,0x69e4,0x5963,0x5983,
  0x61a3,0x69c4,0x61c4,0x69e4,0x5163,0x4102,0x3902,0x4923,0x4102,0x4943,0x5143,0x4102,0x5163,0x61a3,0x59a3,0x5163,
  0x5163,0x59a3,0x61a3,0x5163,0x4102,0x5143,0x4943,0x4102,0x4923,0x3902,0x4102,0x5163,0x69e4,0x61c4,0x69c4,0x61a3,
  0x5983,0x5963,0x69e4,0x59a4,0x61c4,0x6a05,0x5143,0x5984,0x61c4,0x61c4,0x5983,0x6a05,0x4123,0x5163,0x59a4,0x5983,
  0x69e5,0x59a4,0x61a4,0x6a05,0x61c4,0x5163,0x59a4,0x5163,0x61a4,0x5143,0x4943,0x61e4,0x61e4,0x59a4,0x6a05,0x7267,
  0x4943,0x5984,0x5184,0x61e5,0x59a4,0x59a4,0x61c4,0x5184,0x5164,0x5163,0x5184,0x4943,0x4123,0x4102,0x4123,0x4102,
  0x5163,0x61a4,0x69e5,0x69e4,0x7205,0x6a05,0x61e5,0x61e4,0x61a4,0x5983,0x5963,0x69c4,0x59a3,0x5983,0x5163,0x4902,
  0x5163,0x59a4,0x5163,0x4963,0x4943,0x5163,0x5983,0x5163,0x5142,0x5163,0x61c4,0x6a05,0x69c4,0x6a05,0x5163,0x5983,
  0x5983,0x5163,0x6a05,0x69c4,0x6a05,0x61c4,0x5163,0x5142,0x5163,0x5983,0x5163,0x4943,0x4963,0x5163,0x59a4,0x5163,
  0x4902,0x5163,0x5983,0x59a3,0x69c4,0x5963,0x5983,0x61a4,0x61e4,0x61e5,0x6a05,0x7205,0x69e4,0x69e5,0x61a4,0x5163,
  0x4102,0x4123,0x4102,0x4123,0x4943,0x5184,0x5163,0x5164,0x5184,0x61c4,0x59a4,0x59a4,0x61e5,0x5184,0x5984,0x4943,
  0x51a4,0x59a4,0x4923,0x5163,0x61e5,0x5163,0x4122,0x3903,0x4143,0x59c4,0x4943,0x4943,0x4103,0x30c2,0x3902,0x3902,
  0x4964,0x4123,0x4943,0x5184,0x4943,0x3903,0x4963,0x3902,0x3902,0x4122,0x3902,0x38e2,0x4102,0x3922,0x4102,0x4963,
  0x4943,0x4102,0x3902,0x4102,0x4963,0x4902,0x5163,0x4943,0x38e2,0x38e2,0x4943,0x4943,0x4102,0x4943,0x4922,0x4942,
  0x4942,0x4922,0x4943,0x4102,0x4943,0x4943,0x38e2,0x38e2,0x4943,0x5163,0x4902,0x4963,0x4102,0x3902,0x4102,0x4943,
  0x4963,0x4102,0x3922,0x4102,0x38e2,0x3902,0x4122,0x3902,0x3902,0x4963,0x3903,0x4943,0x5184,0x4943,0x4123,0x4964,
  0x3902,0x3902,0x30c2,0x4103,0x4943,0x4943,0x59c4,0x4143,0x3903,0x4122,0x5163,0x61e5,0x5163,0x4923,0x59a4,0x51a4,
  0x61e5,0x61c4,0x59a4,0x5184,0x5183,0x5184,0x59c4,0x61c4,0x61c4,0x61c4,0x5984,0x61e4,0x59a4,0x61c4,0x5163,0x5163,
  0x5143,0x59a4,0x5984,0x5183,0x5143,0x4122,0x5184,0x5143,0x5983,0x59a4,0x5163,0x4943,0x4923,0x5143,0x4923,0x4923,
  0x4943,0x4943,0x4943,0x5183,0x5163,0x5163,0x4923,0x4943,0x5183,0x4943,0x4943,0x4943,0x3902,0x4143,0x4123,0x3923,
  0x3923,0x4123,0x4143,0x3902,0x4943,0x4943,0x4943,0x5183,0x4943,0x4923,0x5163,0x5163,0x5183,0x4943,0x4943,0x4943,
  0x4923,0x4923,0x5143,0x4923,0x4943,0x5163,0x59a4,0x5983,0x5143,0x5184,0x4122,0x5143,0x5183,0x5984,0x59a4,0x5143,
  0x5163,0x5163,0x61c4,0x59a4,0x61e4,0x5984,0x61c4,0x61c4,0x61c4,0x59c4,0x5184,0x5183,0x5184,0x59a4,0x61c4,0x61e5,
  0x61a4,0x69c4,0x61a4,0x61c4,0x69e4,0x6184,0x5963,0x5163,0x5163,0x5143,0x59a4,0x61a4,0x6183,0x59a4,0x61c4,0x59a4,
  0x4943,0x4943,0x4102,0x5183,0x5143,0x4943,0x5983,0x5163,0x5163,0x5163,0x61a4,0x5983,0x5983,0x4943,0x4922,0x5963,
  0x5963,0x61a3,0x5963,0x61a4,0x61a4,0x5983,0x69e4,0x5963,0x5983,0x5963,0x5143,0x4942,0x5963,0x5163,0x4102,0x5163,
  0x5163,0x4102,0x5163,0x5963,0x4942,0x5143,0x5963,0x5983,0x5963,0x69e4,0x5983,0x61a4,0x61a4,0x5963,0x61a3,0x5963,
  0x5963,0x4922,0x4943,0x5983,0x5983,0x61a4,0x5163,0x5163,0x5163,0x5983,0x4943,0x5143,0x5183,0x4102,0x4943,0x4943,
  0x59a4,0x61c4,0x59a4,0x6183,0x61a4,0x59a4,0x5143,0x5163,0x5163,0x5963,0x6184,0x69e4,0x61c4,0x61a4,0x69c4,0x61a4,
  0x59a4,0x59a4,0x5184,0x61c4,0x59a4,0x5163,0x61c4,0x5184,0x5183,0x59a4,0x59a4,0x61e4,0x4923,0x61e5,0x5143,0x59a3,
  0x5983,0x69e4,0x5983,0x59a4,0x5983,0x5143,0x5143,0x61a4,0x5163,0x5183,0x4923,0x4122,0x5163,0x4943,0x4902,0x4122,
  0x4923,0x5163,0x5163,0x5143,0x5983,0x5163,0x5963,0x69e4,0x61a4,0x61a4,0x5163,0x5983,0x59a4,0x59a3,0x5983,0x5963,
  0x5963,0x5983,0x59a3,0x59a4,0x5983,0x5163,0x61a4,0x61a4,0x69e4,0x5963,0x5163,0x5983,0x5143,0x5163,0x5163,0x4923,
  0x4122,0x4902,0x4943,0x5163,0x4122,0x4923,0x5183,0x5163,0x61a4,0x5143,0x5143,0x5983,0x59a4,0x5983,0x69e4,0x5983,
  0x59a3,0x5143,0x61e5,0x4923,0x61e4,0x59a4,0x59a4,0x5183,0x5184,0x61c4,0x5163,0x59a4,0x61c4,0x5184,0x59a4,0x59a4,
  0x4144,0x5184,0x5184,0x5184,0x4963,0x4943,0x59a4,0x4102,0x5184,0x4102,0x4123,0x4123,0x4943,0x5184,0x5184,0x59a4,
  0x59a4,0x5163,0x3902,0x59a4,0x4943,0x5163,0x4943,0x4123,0x4943,0x5984,0x5984,0x5984,0x4102,0x38e2,0x4922,0x5143,
  0x5143,0x4122,0x4943,0x4942,0x5983,0x5983,0x61a4,0x61c4,0x61a4,0x5983,0x4923,0x4922,0x4122,0x5143,0x5142,0x5983,
  0x5983,0x5142,0x5143,0x4122,0x4922,0x4923,0x5983,0x61a4,0x61c4,0x61a4,0x5983,0x5983,0x4942,0x4943,0x4122,0x5143,
  0x5143,0x4922,0x38e2,0x4102,0x5984,0x5984,0x5984,0x4943,0x4123,0x4943,0x5163,0x4943,0x59a4,0x3902,0x5163,0x59a4,
  0x59a4,0x5184,0x5184,0x4943,0x4123,0x4123,0x4102,0x5184,0x4102,0x59a4,0x4943,0x4963,0x5184,0x5184,0x5184,0x4144,
  0x6a05,0x61c4,0x61c4,0x5163,0x59a4,0x5984,0x5163,0x5163,0x4943,0x5183,0x4923,0x4943,0x5143,0x5163,0x4143,0x4943,
  0x4123,0x4943,0x5184,0x4963,0x4102,0x4943,0x4943,0x4123,0x4123,0x3902,0x38e2,0x5163,0x3902,0x4102,0x4123,0x4103,
  0x4122,0x4943,0x4902,0x4922,0x4943,0x4943,0x4923,0x4922,0x4102,0x4943,0x4122,0x4102,0x4102,0x4922,0x40e2,0x4102,
  0x4102,0x40e2,0x4922,0x4102,0x4102,0x4122,0x4943,0x4102,0x4922,0x4923,0x4943,0x4943,0x4922,0x4902,0x4943,0x4122,
  0x4103,0x4123,0x4102,0x3902,0x5163,0x38e2,0x3902,0x4123,0x4123,0x4943,0x4943,0x4102,0x4963,0x5184,0x4943,0x4123,
  0x4943,0x4143,0x5163,0x5143,0x4943,0x4923,0x5183,0x4943,0x5163,0x5163,0x5984,0x59a4,0x5163,0x61c4,0x61c4,0x6a05,
  0x61c4,0x5983,0x5983,0x61a4,0x6a05,0x61a4,0x61a3,0x61a4,0x5963,0x5983,0x61a4,0x61a3,0x61a4,0x61c4,0x61c4,0x7204,
  0x69c4,0x7204,0x61a4,0x61a4,0x69c4,0x61c4,0x61c4,0x61c4,0x5983,0x4923,0x4922,0x4923,0x5163,0x38e2,0x4122,0x4102,
  0x5983,0x5143,0x5143,0x59a4,0x4922,0x5163,0x4943,0x5184,0x5163,0x4102,0x4943,0x4123,0x4102,0x3902,0x3902,0x30e2,
  0x30e2,0x3902,0x3902,0x4102,0x4123,0x4943,0x4102,0x5163,0x5184,0x4943,0x5163,0x4922,0x59a4,0x5143,0x5143,0x5983,
  0x4102,0x4122,0x38e2,0x5163,0x4923,0x4922,0x4923,0x5983,0x61c4,0x61c4,0x61c4,0x69c4,0x61a4,0x61a4,0x7204,0x69c4,
  0x7204,0x61c4,0x61c4,0x61a4,0x61a3,0x61a4,0x5983,0x5963,0x61a4,0x61a3,0x61a4,0x6a05,0x61a4,0x5983,0x5983,0x61c4,
  0x6a26,0x5163,0x4943,0x5163,0x5984,0x5163,0x5163,0x61e5,0x61c4,0x5983,0x61e4,0x5163,0x59a3,0x59a4,0x5163,0x5983,
  0x61a4,0x61c4,0x61a4,0x5983,0x69e4,0x61c4,0x59a4,0x5143,0x5143,0x4942,0x5963,0x61c4,0x5163,0x5963,0x6183,0x69e4,
  0x7a45,0x71e4,0x69e4,0x59a3,0x59a4,0x5183,0x5983,0x6183,0x5983,0x4922,0x4102,0x38e2,0x4922,0x4102,0x38e2,0x4922,
  0x4922,0x38e2,0x4102,0x4922,0x38e2,0x4102,0x4922,0x5983,0x6183,0x5983,0x5183,0x59a4,0x59a3,0x69e4,0x71e4,0x7a45,
  0x69e4,0x6183,0x5963,0x5163,0x61c4,0x5963,0x4942,0x5143,0x5143,0x59a4,0x61c4,0x69e4,0x5983,0x61a4,0x61c4,0x61a4,
  0x5983,0x5163,0x59a4,0x59a3,0x5163,0x61e4,0x5983,0x61c4,0x61e5,0x5163,0x5163,0x5984,0x5163,0x4943,0x5163,0x6a26,
  0x30e2,0x4943,0x4123,0x4943,0x4143,0x4123,0x51a4,0x4943,0x4963,0x4943,0x4143,0x38e2,0x5163,0x4123,0x4122,0x4943,
  0x4923,0x5184,0x4102,0x4922,0x4943,0x4943,0x5163,0x4943,0x4943,0x4943,0x4943,0x4922,0x5163,0x5163,0x5183,0x4923,
  0x5142,0x59a3,0x5963,0x5983,0x61c4,0x5162,0x59a3,0x5983,0x5963,0x5983,0x61a3,0x5963,0x5163,0x5983,0x6183,0x61c3,
  0x61c3,0x6183,0x5983,0x5163,0x5963,0x61a3,0x5983,0x5963,0x5983,0x59a3,0x5162,0x61c4,0x5983,0x5963,0x59a3,0x5142,
  0x4923,0x5183,0x5163,0x5163,0x4922,0x4943,0x4943,0x4943,0x4943,0x5163,0x4943,0x4943,0x4922,0x4102,0x5184,0x4923,
  0x4943,0x4122,0x4123,0x5163,0x38e2,0x4143,0x4943,0x4963,0x4943,0x51a4,0x4123,0x4143,0x4943,0x4123,0x4943,0x30e2,
  0x3922,0x4123,0x4963,0x38e2,0x4984,0x4143,0x4123,0x4102,0x4984,0x3923,0x3923,0x4123,0x4123,0x4123,0x4143,0x38e2,
  0x3923,0x3903,0x30a2,0x3902,0x3923,0x3903,0x3902,0x4963,0x4943,0x4943,0x4943,0x38e2,0x38e2,0x4963,0x4923,0x4943,
  0x4943,0x4923,0x4943,0x4123,0x4943,0x4922,0x4943,0x4102,0x4122,0x4122,0x4922,0x5163,0x4922,0x5163,0x5163,0x5163,
  0x5163,0x5163,0x5163,0x4922,0x5163,0x4922,0x4122,0x4122,0x4102,0x4943,0x4922,0x4943,0x4123,0x4943,0x4923,0x4943,
  0x4943,0x4923,0x4963,0x38e2,0x38e2,0x4943,0x4943,0x4943,0x4963,0x3902,0x3903,0x3923,0x3902,0x30a2,0x3903,0x3923,
  0x38e2,0x4143,0x4123,0x4123,0x4123,0x3923,0x3923,0x4984,0x4102,0x4123,0x4143,0x4984,0x38e2,0x4963,0x4123,0x3922,
  0x61c4,0x5964,0x5163,0x5184,0x4943,0x4123,0x5184,0x4963,0x4963,0x5184,0x5984,0x4922,0x5183,0x4963,0x4123,0x4143,
  0x4963,0x4143,0x4123,0x4963,0x4123,0x4102,0x4143,0x4943,0x4123,0x4123,0x38e2,0x3102,0x4123,0x3902,0x30e2,0x3902,
  0x4123,0x30c2,0x3903,0x4123,0x4123,0x4102,0x4123,0x3903,0x4943,0x38e2,0x4123,0x4102,0x38e2,0x4143,0x4943,0x4122,
  0x4122,0x4943,0x4143,0x38e2,0x4102,0x4123,0x38e2,0x4943,0x3903,0x4123,0x4102,0x4123,0x4123,0x3903,0x30c2,0x4123,
  0x3902,0x30e2,0x3902,0x4123,0x3102,0x38e2,0x4123,0x4123,0x4943,0x4143,0x4102,0x4123,0x4963,0x4123,0x4143,0x4963,
  0x4143,0x4123,0x4963,0x5183,0x4922,0x5984,0x5184,0x4963,0x4963,0x5184,0x4123,0x4943,0x5184,0x5163,0x5964,0x61c4,
  0x59c5,0x5143,0x4922,0x5163,0x59a3,0x4923,0x5983,0x5163,0x4922,0x5143,0x4943,0x4922,0x5983,0x59a4,0x5983,0x5983,
  0x5984,0x5184,0x4943,0x4122,0x4102,0x38e2,0x38e2,0x38e2,0x4943,0x4123,0x4123,0x4122,0x4123,0x4943,0x4122,0x4123,
  0x3903,0x4943,0x4943,0x38e2,0x38e2,0x4122,0x30c2,0x3903,0x4123,0x3922,0x3902,0x28c2,0x28c2,0x3902,0x30e2,0x30c2,
  0x30c2,0x30e2,0x3902,0x28c2,0x28c2,0x3902,0x3922,0x4123,0x3903,0x30c2,0x4122,0x38e2,0x38e2,0x4943,0x4943,0x3903,
  0x4123,0x4122,0x4943,0x4123,0x4122,0x4123,0x4123,0x4943,0x38e2,0x38e2,0x38e2,0x4102,0x4122,0x4943,0x5184,0x5984,
  0x5983,0x5983,0x59a4,0x5983,0x4922,0x4943,0x5143,0x4922,0x5163,0x5983,0x4923,0x59a3,0x5163,0x4922,0x5143,0x59c5,
  0x61a4,0x61e5,0x5163,0x5943,0x5163,0x4943,0x4943,0x5984,0x4923,0x5183,0x5163,0x5163,0x5142,0x5163,0x5142,0x5163,
  0x4923,0x5983,0x5163,0x5983,0x61a4,0x4922,0x4943,0x59a4,0x5163,0x5163,0x59a4,0x4943,0x59a4,0x4922,0x40e2,0x38e2,
  0x4923,0x4122,0x5163,0x59a4,0x5184,0x4943,0x4102,0x4123,0x3902,0x4943,0x4143,0x38e2,0x30c2,0x38e2,0x38c1,0x30c2,
  0x30c2,0x38c1,0x38e2,0x30c2,0x38e2,0x4143,0x4943,0x3902,0x4123,0x4102,0x4943,0x5184,0x59a4,0x5163,0x4122,0x4923,
  0x38e2,0x40e2,0x4922,0x59a4,0x4943,0x59a4,0x5163,0x5163,0x59a4,0x4943,0x4922,0x61a4,0x5983,0x5163,0x5983,0x4923,
  0x5163,0x5142,0x5163,0x5142,0x5163,0x5163,0x5183,0x4923,0x5984,0x4943,0x4943,0x5163,0x5943,0x5163,0x61e5,0x61a4,
  0x5983,0x61a4,0x61a4,0x59a4,0x4943,0x5983,0x5163,0x5984,0x59a4,0x5163,0x59a3,0x5963,0x69e4,0x61c4,0x5163,0x59a4,
  0x5984,0x59a4,0x5983,0x59a4,0x5983,0x5163,0x5143,0x4923,0x5184,0x5983,0x61a4,0x59a3,0x59a3,0x5143,0x5983,0x5183,
  0x5163,0x4922,0x5163,0x5142,0x4922,0x4922,0x4922,0x59a4,0x5163,0x5143,0x5142,0x4923,0x4943,0x5163,0x4922,0x4102,
  0x4102,0x4922,0x5163,0x4943,0x4923,0x5142,0x5143,0x5163,0x59a4,0x4922,0x4922,0x4922,0x5142,0x5163,0x4922,0x5163,
  0x5183,0x5983,0x5143,0x59a3,0x59a3,0x61a4,0x5983,0x5184,0x4923,0x5143,0x5163,0x5983,0x59a4,0x5983,0x59a4,0x5984,
  0x59a4,0x5163,0x61c4,0x69e4,0x5963,0x59a3,0x5163,0x59a4,0x5984,0x5163,0x5983,0x4943,0x59a4,0x61a4,0x61a4,0x5983,
  0x5963,0x5143,0x5143,0x5163,0x4122,0x5143,0x4143,0x4943,0x4943,0x5963,0x61c4,0x61a3,0x5163,0x5983,0x5163,0x4923,
  0x40e2,0x59a4,0x5183,0x5143,0x5143,0x4923,0x5122,0x61a3,0x5163,0x4943,0x4102,0x4122,0x5183,0x4943,0x4922,0x4102,
  0x4122,0x5143,0x4923,0x5983,0x4122,0x4922,0x59a4,0x5143,0x5963,0x5963,0x5163,0x4922,0x5163,0x4922,0x4922,0x5163,
  0x5163,0x4922,0x4922,0x5163,0x4922,0x5163,0x5963,0x5963,0x5143,0x59a4,0x4922,0x4122,0x5983,0x4923,0x5143,0x4122,
  0x4102,0x4922,0x4943,0x5183,0x4122,0x4102,0x4943,0x5163,0x61a3,0x5122,0x4923,0x5143,0x5143,0x5183,0x59a4,0x40e2,
  0x4923,0x5163,0x5983,0x5163,0x61a3,0x61c4,0x5963,0x4943,0x4943,0x4143,0x5143,0x4122,0x5163,0x5143,0x5143,0x5963,
  0x4943,0x5123,0x5163,0x5163,0x4943,0x40e2,0x5143,0x4943,0x4902,0x5142,0x5963,0x5983,0x4923,0x4943,0x5983,0x5983,
  0x5123,0x61a3,0x5983,0x5163,0x4922,0x4922,0x4963,0x3902,0x4122,0x4922,0x4942,0x4922,0x4102,0x4922,0x40e2,0x4102,
  0x4102,0x4102,0x4122,0x4943,0x38e1,0x4902,0x5163,0x5983,0x5143,0x38e1,0x4102,0x4102,0x4922,0x4942,0x4122,0x4922,
  0x4922,0x4122,0x4942,0x4922,0x4102,0x4102,0x38e1,0x5143,0x5983,0x5163,0x4902,0x38e1,0x4943,0x4122,0x4102,0x4102,
  0x4102,0x40e2,0x4922,0x4102,0x4922,0x4942,0x4922,0x4122,0x3902,0x4963,0x4922,0x4922,0x5163,0x5983,0x61a3,0x5123,
  0x5983,0x5983,0x4943,0x4923,0x5983,0x5963,0x5142,0x4902,0x4943,0x5143,0x40e2,0x4943,0x5163,0x5163,0x5123,0x4943,
  0x4963,0x5163,0x5143,0x5143,0x5983,0x61a4,0x61a4,0x59a4,0x5163,0x59a4,0x4102,0x4922,0x4922,0x4922,0x4943,0x5163,
  0x4122,0x40e2,0x5163,0x5983,0x5983,0x4102,0x5143,0x4942,0x4102,0x4122,0x4102,0x4122,0x4922,0x5983,0x69c4,0x5983,
  0x59a3,0x5163,0x5163,0x4943,0x4922,0x5163,0x4922,0x5143,0x5983,0x5163,0x4922,0x5163,0x3902,0x4942,0x5163,0x5163,
  0x5163,0x5163,0x4942,0x3902,0x5163,0x4922,0x5163,0x5983,0x5143,0x4922,0x5163,0x4922,0x4943,0x5163,0x5163,0x59a3,
  0x5983,0x69c4,0x5983,0x4922,0x4122,0x4102,0x4122,0x4102,0x4942,0x5143,0x4102,0x5983,0x5983,0x5163,0x40e2,0x4122,
  0x5163,0x4943,0x4922,0x4922,0x4922,0x4102,0x59a4,0x5163,0x59a4,0x61a4,0x61a4,0x5983,0x5143,0x5143,0x5163,0x4963,
  0x4943,0x4963,0x3902,0x3902,0x5183,0x4922,0x5143,0x61c4,0x5983,0x5163,0x5163,0x4922,0x5142,0x4922,0x59a3,0x5183,
  0x4122,0x4942,0x5983,0x5983,0x5163,0x5983,0x5963,0x5983,0x5163,0x38e2,0x38e2,0x4102,0x5983,0x5983,0x5143,0x4942,
  0x5163,0x5983,0x4942,0x5163,0x4942,0x5143,0x5163,0x4102,0x5142,0x5142,0x5122,0x5163,0x4922,0x5163,0x4922,0x5983,
  0x5983,0x4922,0x5163,0x4922,0x5163,0x5122,0x5142,0x5142,0x4102,0x5163,0x5143,0x4942,0x5163,0x4942,0x5983,0x5163,
  0x4942,0x5143,0x5983,0x5983,0x4102,0x38e2,0x38e2,0x5163,0x5983,0x5963,0x5983,0x5163,0x5983,0x5983,0x4942,0x4122,
  0x5183,0x59a3,0x4922,0x5142,0x4922,0x5163,0x5163,0x5983,0x61c4,0x5143,0x4922,0x5183,0x3902,0x3902,0x4963,0x4943,
  0x4122,0x5184,0x4123,0x4943,0x3902,0x3902,0x4122,0x30e2,0x4122,0x4943,0x5983,0x5963,0x5163,0x5983,0x5142,0x5143,
  0x5963,0x40e2,0x4122,0x38e2,0x38e2,0x38e2,0x4102,0x4942,0x40e1,0x4922,0x4922,0x5183,0x4102,0x4943,0x4922,0x5983,
  0x5983,0x5163,0x5143,0x5983,0x5183,0x4922,0x4922,0x38e2,0x4102,0x5163,0x5163,0x4122,0x4102,0x4922,0x5983,0x4943,
  0x4943,0x5983,0x4922,0x4102,0x4122,0x5163,0x5163,0x4102,0x38e2,0x4922,0x4922,0x5183,0x5983,0x5143,0x5163,0x5983,
  0x5983,0x4922,0x4943,0x4102,0x5183,0x4922,0x4922,0x40e1,0x4942,0x4102,0x38e2,0x38e2,0x38e2,0x4122,0x40e2,0x5963,
  0x5143,0x5142,0x5983,0x5163,0x5963,0x5983,0x4943,0x4122,0x30e2,0x4122,0x3902,0x3902,0x4943,0x4123,0x5184,0x4122,
  0x4922,0x4123,0x4943,0x4102,0x4143,0x38e2,0x40e2,0x59a4,0x59a4,0x5163,0x4922,0x5163,0x5143,0x4922,0x5142,0x5142,
  0x5983,0x61a3,0x5142,0x5142,0x5163,0x5143,0x5163,0x4922,0x4943,0x4102,0x5984,0x5143,0x5143,0x5163,0x5163,0x4943,
  0x4922,0x4922,0x5142,0x5122,0x61c4,0x6183,0x5963,0x61a3,0x5983,0x4922,0x4963,0x5142,0x5163,0x5983,0x5163,0x4102,
  0x4102,0x5163,0x5983,0x5163,0x5142,0x4963,0x4922,0x5983,0x61a3,0x5963,0x6183,0x61c4,0x5122,0x5142,0x4922,0x4922,
  0x4943,0x5163,0x5163,0x5143,0x5143,0x5984,0x4102,0x4943,0x4922,0x5163,0x5143,0x5163,0x5142,0x5142,0x61a3,0x5983,
  0x5142,0x5142,0x4922,0x5143,0x5163,0x4922,0x5163,0x59a4,0x59a4,0x40e2,0x38e2,0x4143,0x4102,0x4943,0x4123,0x4922,
  0x4963,0x4963,0x3923,0x4123,0x51a4,0x4943,0x5983,0x5163,0x4943,0x4943,0x5163,0x5163,0x4922,0x4922,0x40e2,0x4943,
  0x4123,0x4102,0x4102,0x4922,0x5163,0x5143,0x4942,0x4922,0x4942,0x4942,0x5163,0x4943,0x5163,0x5163,0x5963,0x5143,
  0x61a4,0x5142,0x4922,0x5983,0x4902,0x4922,0x4922,0x4943,0x4922,0x4922,0x4122,0x4922,0x4922,0x4922,0x40e2,0x5142,
  0x5142,0x40e2,0x4922,0x4922,0x4922,0x4122,0x4922,0x4922,0x4943,0x4922,0x4922,0x4902,0x5983,0x4922,0x5142,0x61a4,
  0x5143,0x5963,0x5163,0x5163,0x4943,0x5163,0x4942,0x4942,0x4922,0x4942,0x5143,0x5163,0x4922,0x4102,0x4102,0x4123,
  0x4943,0x40e2,0x4922,0x4922,0x5163,0x5163,0x4943,0x4943,0x5163,0x5983,0x4943,0x51a4,0x4123,0x3923,0x4963,0x4963,
  0x4922,0x5984,0x5184,0x61c4,0x5163,0x59a4,0x61c4,0x5983,0x59a3,0x4922,0x5983,0x5143,0x4942,0x5163,0x4922,0x38e1,
  0x4122,0x4102,0x4102,0x4942,0x5163,0x5163,0x5983,0x61c4,0x5143,0x4922,0x5984,0x5983,0x5983,0x61c4,0x5983,0x5143,
  0x5163,0x5143,0x5142,0x5143,0x5983,0x4902,0x5142,0x4942,0x4922,0x4902,0x59a3,0x4963,0x5983,0x5163,0x4102,0x5963,
  0x5963,0x4102,0x5163,0x5983,0x4963,0x59a3,0x4902,0x4922,0x4942,0x5142,0x4902,0x5983,0x5143,0x5142,0x5143,0x5163,
  0x5143,0x5983,0x61c4,0x5983,0x5983,0x5984,0x4922,0x5143,0x61c4,0x5983,0x5163,0x5163,0x4942,0x4102,0x4102,0x4122,
  0x38e1,0x4922,0x5163,0x4942,0x5143,0x5983,0x4922,0x59a3,0x5983,0x61c4,0x59a4,0x5163,0x61c4,0x5184,0x5984,0x4922,
  0x5143,0x61a4,0x69e5,0x61e4,0x5983,0x59a3,0x61c4,0x5983,0x4943,0x5143,0x4943,0x4902,0x4122,0x4943,0x40e2,0x5143,
  0x5163,0x59a4,0x5983,0x5143,0x5143,0x4922,0x4943,0x5163,0x5963,0x61c4,0x61c4,0x5963,0x59a3,0x61a3,0x5963,0x71e4,
  0x5963,0x5163,0x5143,0x4922,0x4943,0x38e1,0x5143,0x5163,0x4943,0x4122,0x40e1,0x4943,0x4942,0x4922,0x4922,0x4922,
  0x4922,0x4922,0x4922,0x4942,0x4943,0x40e1,0x4122,0x4943,0x5163,0x5143,0x38e1,0x4943,0x4922,0x5143,0x5163,0x5963,
  0x71e4,0x5963,0x61a3,0x59a3,0x5963,0x61c4,0x61c4,0x5963,0x5163,0x4943,0x4922,0x5143,0x5143,0x5983,0x59a4,0x5163,
  0x5143,0x40e2,0x4943,0x4122,0x4902,0x4943,0x5143,0x4943,0x5983,0x61c4,0x59a3,0x5983,0x61e4,0x69e5,0x61a4,0x5143,
  0x61c4,0x69e5,0x69e4,0x61c4,0x5983,0x61a4,0x69c4,0x69e4,0x61a3,0x5142,0x5983,0x4942,0x4102,0x4922,0x4102,0x4102,
  0x5142,0x5963,0x4922,0x4943,0x5163,0x5163,0x5143,0x6183,0x5963,0x61a3,0x61a4,0x61c4,0x5983,0x5983,0x61a4,0x5143,
  0x5163,0x5163,0x5183,0x5183,0x4943,0x4122,0x5183,0x5183,0x4922,0x38e1,0x38e2,0x4102,0x4102,0x38e1,0x5142,0x5163,
  0x5163,0x5142,0x38e1,0x4102,0x4102,0x38e2,0x38e1,0x4922,0x5183,0x5183,0x4122,0x4943,0x5183,0x5183,0x5163,0x5163,
  0x5143,0x61a4,0x5983,0x5983,0x61c4,0x61a4,0x61a3,0x5963,0x6183,0x5143,0x5163,0x5163,0x4943,0x4922,0x5963,0x5142,
  0x4102,0x4102,0x4922,0x4102,0x4942,0x5983,0x5142,0x61a3,0x69e4,0x69c4,0x61a4,0x5983,0x61c4,0x69e4,0x69e5,0x61c4,
  0x59a4,0x61a4,0x5983,0x5183,0x5183,0x5983,0x61c4,0x6a04,0x5142,0x5122,0x59a4,0x5163,0x59a3,0x61c4,0x5983,0x5983,
  0x5983,0x5963,0x5963,0x59a4,0x5163,0x4902,0x4922,0x59a3,0x4942,0x4943,0x4922,0x5163,0x38e2,0x59a3,0x5983,0x5983,
  0x61a3,0x5983,0x5142,0x61a3,0x61a4,0x5942,0x5983,0x5983,0x6183,0x61a3,0x61a3,0x5143,0x5963,0x4942,0x4902,0x5183,
  0x5183,0x4902,0x4942,0x5963,0x5143,0x61a3,0x61a3,0x6183,0x5983,0x5983,0x5942,0x61a4,0x61a3,0x5142,0x5983,0x61a3,
  0x5983,0x5983,0x59a3,0x38e2,0x5163,0x4922,0x4943,0x4942,0x59a3,0x4922,0x4902,0x5163,0x59a4,0x5963,0x5963,0x5983,
  0x5983,0x5983,0x61c4,0x59a3,0x5163,0x59a4,0x5122,0x5142,0x6a04,0x61c4,0x5983,0x5183,0x5183,0x5983,0x61a4,0x59a4,
  0x59a3,0x5163,0x5143,0x5143,0x5163,0x5143,0x5163,0x5143,0x5163,0x4102,0x4923,0x4922,0x4922,0x5983,0x5942,0x5942,
  0x69e4,0x5983,0x69c4,0x69c4,0x7225,0x69e4,0x69c4,0x61c4,0x69e4,0x7225,0x69c4,0x69a3,0x61a4,0x6183,0x69e4,0x61a3,
  0x5963,0x61e4,0x5142,0x5983,0x6183,0x6183,0x5942,0x6183,0x5963,0x6183,0x6183,0x5163,0x5142,0x4922,0x4922,0x5162,
  0x5162,0x4922,0x4922,0x5142,0x5163,0x6183,0x6183,0x5963,0x6183,0x5942,0x6183,0x6183,0x5983,0x5142,0x61e4,0x5963,
  0x61a3,0x69e4,0x6183,0x61a4,0x69a3,0x69c4,0x7225,0x69e4,0x61c4,0x69c4,0x69e4,0x7225,0x69c4,0x69c4,0x5983,0x69e4,
  0x5942,0x5942,0x5983,0x4922,0x4922,0x4923,0x4102,0x5163,0x5143,0x5163,0x5143,0x5163,0x5143,0x5143,0x5163,0x59a3,
  0x61a3,0x69c4,0x61a4,0x5984,0x69c4,0x59a4,0x61a4,0x61c4,0x61c4,0x5142,0x5983,0x4942,0x5163,0x5963,0x61a3,0x61c4,
  0x69e4,0x69e4,0x61a4,0x6a04,0x71e4,0x6183,0x5983,0x61c4,0x61a3,0x61a3,0x5983,0x5163,0x69c4,0x61c4,0x6183,0x59a3,
  0x59a4,0x61c4,0x4922,0x4922,0x4122,0x3902,0x38e2,0x38e2,0x38c1,0x3902,0x30c1,0x30c1,0x38e2,0x4963,0x4122,0x4102,
  0x4102,0x4122,0x4963,0x38e2,0x30c1,0x30c1,0x3902,0x38c1,0x38e2,0x38e2,0x3902,0x4122,0x4922,0x4922,0x61c4,0x59a4,
  0x59a3,0x6183,0x61c4,0x69c4,0x5163,0x5983,0x61a3,0x61a3,0x61c4,0x5983,0x6183,0x71e4,0x6a04,0x61a4,0x69e4,0x69e4,
  0x61c4,0x61a3,0x5963,0x5163,0x4942,0x5983,0x5142,0x61c4,0x61c4,0x61a4,0x59a4,0x69c4,0x5984,0x61a4,0x69c4,0x61a3,
  0x7225,0x6a05,0x61c4,0x61c4,0x61c4,0x61a4,0x61c4,0x61e4,0x61c4,0x61a3,0x5983,0x59a4,0x5143,0x5983,0x5984,0x5163,
  0x5983,0x5142,0x5142,0x4902,0x4102,0x38e2,0x4122,0x4122,0x38e2,0x30e2,0x38e2,0x4122,0x4102,0x4102,0x38e2,0x3902,
  0x4102,0x4102,0x4963,0x4102,0x4943,0x3902,0x5163,0x4943,0x38e2,0x4102,0x38e2,0x38e2,0x38e2,0x4102,0x4102,0x4943,
  0x4943,0x4102,0x4102,0x38e2,0x38e2,0x38e2,0x4102,0x38e2,0x4943,0x5163,0x3902,0x4943,0x4102,0x4963,0x4102,0x4102,
  0x3902,0x38e2,0x4102,0x4102,0x4122,0x38e2,0x30e2,0x38e2,0x4122,0x4122,0x38e2,0x4102,0x4902,0x5142,0x5142,0x5983,
  0x5163,0x5984,0x5983,0x5143,0x59a4,0x5983,0x61a3,0x61c4,0x61e4,0x61c4,0x61a4,0x61c4,0x61c4,0x61c4,0x6a05,0x7225,
  0x4123,0x4143,0x30c2,0x3902,0x3923,0x3923,0x5183,0x4102,0x5163,0x4102,0x5184,0x4943,0x5183,0x4123,0x5163,0x5143,
  0x5163,0x5183,0x38e2,0x4943,0x4922,0x59a4,0x4922,0x5163,0x4102,0x4943,0x38e2,0x4102,0x4942,0x5143,0x61a4,0x5163,
  0x5143,0x4122,0x38e2,0x4922,0x4122,0x4942,0x4122,0x4922,0x4922,0x4922,0x5163,0x4102,0x4122,0x4102,0x40e1,0x4942,
  0x4942,0x40e1,0x4102,0x4122,0x4102,0x5163,0x4922,0x4922,0x4922,0x4122,0x4942,0x4122,0x4922,0x38e2,0x4122,0x5143,
  0x5163,0x61a4,0x5143,0x4942,0x4102,0x38e2,0x4943,0x4102,0x5163,0x4922,0x59a4,0x4922,0x4943,0x38e2,0x5183,0x5163,
  0x5143,0x5163,0x4123,0x5183,0x4943,0x5184,0x4102,0x5163,0x4102,0x5183,0x3923,0x3923,0x3902,0x30c2,0x4143,0x4123,
  0x3902,0x4102,0x5163,0x5184,0x4943,0x4122,0x4943,0x4963,0x5983,0x4943,0x5163,0x4922,0x5163,0x4923,0x59a3,0x5983,
  0x4942,0x5163,0x4943,0x61c4,0x5163,0x5983,0x5183,0x5163,0x5163,0x5143,0x5163,0x5143,0x5163,0x4943,0x38e2,0x4943,
  0x59a4,0x4902,0x5163,0x5163,0x3902,0x5163,0x5163,0x5163,0x5142,0x4942,0x5983,0x5142,0x5142,0x4943,0x4942,0x40e1,
  0x40e1,0x4942,0x4943,0x5142,0x5142,0x5983,0x4942,0x5142,0x5163,0x5163,0x5163,0x3902,0x5163,0x5163,0x4902,0x59a4,
  0x4943,0x38e2,0x4943,0x5163,0x5143,0x5163,0x5143,0x5163,0x5163,0x5183,0x5983,0x5163,0x61c4,0x4943,0x5163,0x4942,
  0x5983,0x59a3,0x4923,0x5163,0x4922,0x5163,0x4943,0x5983,0x4963,0x4943,0x4122,0x4943,0x5184,0x5163,0x4102,0x3902,
  0x5143,0x61a4,0x59a4,0x5983,0x61c4,0x5163,0x69e4,0x61a4,0x5163,0x59a3,0x61c4,0x5163,0x5142,0x5983,0x5163,0x4942,
  0x5983,0x5163,0x4922,0x4122,0x38c1,0x40e2,0x4922,0x5983,0x5983,0x5983,0x4922,0x5163,0x4943,0x4922,0x38e2,0x38c1,
  0x4122,0x4923,0x4102,0x5143,0x59a4,0x5163,0x59a3,0x59a3,0x5163,0x4102,0x4102,0x4902,0x5142,0x5142,0x4922,0x4942,
  0x4942,0x4922,0x5142,0x5142,0x4902,0x4102,0x4102,0x5163,0x59a3,0x59a3,0x5163,0x59a4,0x5143,0x4102,0x4923,0x4122,
  0x38c1,0x38e2,0x4922,0x4943,0x5163,0x4922,0x5983,0x5983,0x5983,0x4922,0x40e2,0x38c1,0x4122,0x4922,0x5163,0x5983,
  0x4942,0x5163,0x5983,0x5142,0x5163,0x61c4,0x59a3,0x5163,0x61a4,0x69e4,0x5163,0x61c4,0x5983,0x59a4,0x61a4,0x5143,
  0x5984,0x5163,0x38e2,0x4943,0x4923,0x40e2,0x4102,0x4923,0x5983,0x4922,0x5183,0x5963,0x5142,0x5983,0x5142,0x5122,
  0x5142,0x61a3,0x6163,0x6183,0x5983,0x5983,0x5983,0x4943,0x5163,0x4922,0x5143,0x5122,0x59a3,0x5983,0x5102,0x5143,
  0x5163,0x5983,0x4942,0x4922,0x4102,0x4102,0x4102,0x4942,0x5143,0x4922,0x4102,0x4102,0x4922,0x4943,0x5963,0x4942,
  0x4942,0x5963,0x4943,0x4922,0x4102,0x4102,0x4922,0x5143,0x4942,0x4102,0x4102,0x4102,0x4922,0x4942,0x5983,0x5163,
  0x5143,0x5102,0x5983,0x59a3,0x5122,0x5143,0x4922,0x5163,0x4943,0x5983,0x5983,0x5983,0x6183,0x6163,0x61a3,0x5142,
  0x5122,0x5142,0x5983,0x5142,0x5963,0x5183,0x4922,0x5983,0x4923,0x4102,0x40e2,0x4923,0x4943,0x38e2,0x5163,0x5984,
  0x59a4,0x5983,0x5983,0x5983,0x59a4,0x5983,0x4943,0x5183,0x5163,0x5983,0x5143,0x4943,0x4922,0x4942,0x4943,0x4122,
  0x4922,0x4943,0x4102,0x4902,0x5142,0x4102,0x4122,0x4122,0x4123,0x38e2,0x38c1,0x4102,0x3902,0x38e2,0x40e2,0x4122,
  0x4102,0x4102,0x4102,0x4942,0x4102,0x4943,0x4922,0x5143,0x4922,0x4102,0x4102,0x4922,0x4102,0x5163,0x4102,0x4102,
  0x4102,0x4102,0x5163,0x4102,0x4922,0x4102,0x4102,0x4922,0x5143,0x4922,0x4943,0x4102,0x4942,0x4102,0x4102,0x4102,
  0x4122,0x40e2,0x38e2,0x3902,0x4102,0x38c1,0x38e2,0x4123,0x4122,0x4122,0x4102,0x5142,0x4902,0x4102,0x4943,0x4922,
  0x4122,0x4943,0x4942,0x4922,0x4943,0x5143,0x5983,0x5163,0x5183,0x4943,0x5983,0x59a4,0x5983,0x5983,0x5983,0x59a4,
  0x3923,0x3902,0x4143,0x4123,0x51a4,0x38e2,0x38e2,0x4943,0x4963,0x5163,0x4943,0x38e2,0x4922,0x5183,0x5183,0x4922,
  0x5143,0x4943,0x4943,0x5143,0x5163,0x5163,0x4942,0x59a4,0x5163,0x5163,0x5163,0x4922,0x4922,0x4922,0x4943,0x4102,
  0x4922,0x4122,0x5143,0x4922,0x4942,0x4102,0x38e2,0x5143,0x4922,0x3902,0x4942,0x4922,0x4102,0x5142,0x40e2,0x4942,
  0x4942,0x40e2,0x5142,0x4102,0x4922,0x4942,0x3902,0x4922,0x5143,0x38e2,0x4102,0x4942,0x4922,0x5143,0x4122,0x4922,
  0x4102,0x4943,0x4922,0x4922,0x4922,0x5163,0x5163,0x5163,0x59a4,0x4942,0x5163,0x5163,0x5143,0x4943,0x4943,0x5143,
  0x4922,0x5183,0x5183,0x4922,0x38e2,0x4943,0x5163,0x4963,0x4943,0x38e2,0x38e2,0x51a4,0x4123,0x4143,0x3902,0x3923,
  0x5984,0x59a4,0x5184,0x4123,0x4942,0x5163,0x4943,0x4122,0x4942,0x59a4,0x61c4,0x4922,0x4922,0x4102,0x4922,0x5983,
  0x5983,0x5143,0x5122,0x4942,0x5143,0x4942,0x5163,0x4942,0x5163,0x5163,0x4102,0x4102,0x4922,0x4922,0x4922,0x5143,
  0x5963,0x5163,0x61a3,0x5983,0x5983,0x5142,0x5163,0x5143,0x5163,0x4942,0x4922,0x40e2,0x4922,0x5163,0x4922,0x5142,
  0x5142,0x4922,0x5163,0x4922,0x40e2,0x4922,0x4942,0x5163,0x5143,0x5163,0x5142,0x5983,0x5983,0x61a3,0x5163,0x5963,
  0x5143,0x4922,0x4922,0x4922,0x4102,0x4102,0x5163,0x5163,0x4942,0x5163,0x4942,0x5143,0x4942,0x5122,0x5143,0x5983,
  0x5983,0x4922,0x4102,0x4922,0x4922,0x61c4,0x59a4,0x4942,0x4122,0x4943,0x5163,0x4942,0x4123,0x5184,0x59a4,0x5984,
  0x4902,0x5183,0x5163,0x59a4,0x59a3,0x4122,0x4122,0x5163,0x3902,0x5983,0x5163,0x5142,0x5963,0x5963,0x61a4,0x5983,
  0x4102,0x4943,0x5143,0x5163,0x5142,0x4942,0x5163,0x5163,0x4122,0x4102,0x4923,0x4102,0x4922,0x4122,0x5163,0x5163,
  0x4963,0x5142,0x4943,0x4922,0x4942,0x4943,0x59a3,0x4943,0x4943,0x4102,0x3902,0x4102,0x3902,0x3902,0x38e2,0x30c1,
  0x30c1,0x38e2,0x3902,0x3902,0x4102,0x3902,0x4102,0x4943,0x4943,0x59a3,0x4943,0x4942,0x4922,0x4943,0x5142,0x4963,
  0x5163,0x5163,0x4122,0x4922,0x4102,0x4923,0x4102,0x4122,0x5163,0x5163,0x4942,0x5142,0x5163,0x5143,0x4943,0x4102,
  0x5983,0x61a4,0x5963,0x5963,0x5142,0x5163,0x5983,0x3902,0x5163,0x4122,0x4122,0x59a3,0x59a4,0x5163,0x5183,0x4902,
  0x5983,0x5184,0x4943,0x4963,0x4963,0x3902,0x4963,0x4943,0x4943,0x38c2,0x3902,0x28a1,0x30c2,0x30c2,0x3902,0x3902,
  0x38e2,0x30c2,0x3902,0x4123,0x4122,0x4102,0x4122,0x4123,0x38e2,0x4123,0x4123,0x4122,0x4102,0x4943,0x38e2,0x4943,
  0x4102,0x4122,0x4123,0x4122,0x38e2,0x4943,0x38e2,0x4143,0x4943,0x4943,0x3902,0x38e2,0x30c2,0x3902,0x4122,0x4122,
  0x4122,0x4122,0x3902,0x30c2,0x38e2,0x3902,0x4943,0x4943,0x4143,0x38e2,0x4943,0x38e2,0x4122,0x4123,0x4122,0x4102,
  0x4943,0x38e2,0x4943,0x4102,0x4122,0x4123,0x4123,0x38e2,0x4123,0x4122,0x4102,0x4122,0x4123,0x3902,0x30c2,0x38e2,
  0x3902,0x3902,0x30c2,0x30c2,0x28a1,0x3902,0x38c2,0x4943,0x4943,0x4963,0x3902,0x4963,0x4963,0x4943,0x5184,0x5983,
  0x3902,0x5184,0x4922,0x5163,0x5143,0x4102,0x4923,0x3902,0x38e2,0x5184,0x4943,0x5163,0x4102,0x38e2,0x40e2,0x4102,
  0x4943,0x4942,0x5143,0x4943,0x4922,0x4123,0x4922,0x5142,0x5163,0x4102,0x4102,0x4143,0x4102,0x4102,0x38e1,0x4102,
  0x4922,0x5122,0x5142,0x5983,0x4922,0x4943,0x4943,0x38e1,0x4102,0x3902,0x30e1,0x4963,0x4943,0x4102,0x4942,0x5163,
  0x5163,0x4942,0x4102,0x4943,0x4963,0x30e1,0x3902,0x4102,0x38e1,0x4943,0x4943,0x4922,0x5983,0x5142,0x5122,0x4922,
  0x4102,0x38e1,0x4102,0x4102,0x4143,0x4102,0x4102,0x5163,0x5142,0x4922,0x4123,0x4922,0x4943,0x5143,0x4942,0x4943,
  0x4102,0x40e2,0x38e2,0x4102,0x5163,0x4943,0x5184,0x38e2,0x3902,0x4923,0x4102,0x5143,0x5163,0x4922,0x5184,0x3902,
  0x69c4,0x61c4,0x61a3,0x61c3,0x5163,0x5163,0x5163,0x61c4,0x5142,0x5963,0x5963,0x61a3,0x5963,0x61a3,0x5983,0x5162,
  0x5162,0x5162,0x4922,0x4901,0x5162,0x61c3,0x4922,0x5142,0x4922,0x59a3,0x5983,0x5142,0x5962,0x5982,0x4901,0x5122,
  0x4922,0x5963,0x5142,0x5963,0x61c4,0x5983,0x5122,0x5963,0x61a3,0x59a3,0x5142,0x5963,0x5963,0x4922,0x4901,0x4902,
  0x4902,0x4901,0x4922,0x5963,0x5963,0x5142,0x59a3,0x61a3,0x5963,0x5122,0x5983,0x61c4,0x5963,0x5142,0x5963,0x4922,
  0x5122,0x4901,0x5982,0x5962,0x5142,0x5983,0x59a3,0x4922,0x5142,0x4922,0x61c3,0x5162,0x4901,0x4922,0x5162,0x5162,
  0x5162,0x5983,0x61a3,0x5963,0x61a3,0x5963,0x5963,0x5142,0x61c4,0x5163,0x5163,0x5163,0x61c3,0x61a3,0x61c4,0x69c4,
 },
};
