/* Generated by tools/convert_environment.py; original ImageGen textures. */
enum { TERRAIN_W=128, TERRAIN_H=80 };
static const uint16_t terrain_art[4][128*80] = {
{
0x130d,0x1b4d,0x236e,0x1baf,0x0acc,0x0aab,0x0acc,0x0acc,0x0acc,0x12cb,0x12ab,0x1b2d,0x130d,0x0acc,0x0aab,0x12ec,
0x236e,0x12ab,0x12ab,0x0a6a,0x128b,0x234e,0x12ed,0x0a8b,0x12ac,0x238e,0x1b4d,0x0a8b,0x130d,0x0aed,0x0b0d,0x0b0d,
0x0b0d,0x0acc,0x0b0d,0x134e,0x0acc,0x12ed,0x12ec,0x1aec,0x234d,0x12ec,0x12cb,0x0a8b,0x0a4a,0x0a2a,0x0209,0x01e8,
0x0a09,0x0209,0x01e9,0x0a29,0x0a4a,0x0a4a,0x022a,0x0a8b,0x132d,0x1b8f,0x0a4a,0x0209,0x0a4a,0x0a8b,0x1b6e,0x0aac,
0x01e9,0x024a,0x0aac,0x02ac,0x02ac,0x0acc,0x0acc,0x238e,0x1baf,0x0aed,0x0aab,0x02ac,0x0acc,0x0acc,0x0acc,0x0b0d,
0x0acc,0x0b0d,0x136e,0x1baf,0x130d,0x022a,0x022a,0x0acc,0x0aac,0x026b,0x0a6b,0x0aac,0x12ab,0x0a8b,0x0a4a,0x0a2a,
0x0a49,0x128a,0x0a8b,0x0a4a,0x0a6b,0x12ab,0x22eb,0x2b0b,0x2b4b,0x338c,0x336b,0x2b4b,0x232c,0x12cc,0x12aa,0x12aa,
0x1b2d,0x1b2d,0x12ab,0x0a8b,0x0a6b,0x0a8b,0x0a8b,0x0aac,0x028b,0x12ed,0x1b6f,0x12ec,0x0a6b,0x0aab,0x1b4d,0x234d,
0x0a8b,0x0a6a,0x0a6a,0x0aab,0x1b4d,0x1b6e,0x132d,0x132d,0x0acc,0x12ec,0x132d,0x2bcf,0x1b2d,0x0aac,0x0a8b,0x12ab,
0x12cc,0x12ab,0x1aeb,0x128a,0x0a29,0x0a6b,0x12ec,0x0aac,0x024a,0x0aac,0x3c51,0x3c10,0x0acc,0x132d,0x136f,0x0b2d,
0x0acc,0x0aab,0x0acc,0x0a6a,0x0a49,0x0a6a,0x12ec,0x1b2d,0x12eb,0x0a6a,0x12aa,0x0a8a,0x0a8b,0x0a6a,0x0a29,0x0a29,
0x0a09,0x0209,0x01e8,0x01e9,0x0209,0x022a,0x0a4a,0x0acc,0x130d,0x12ec,0x0229,0x12cc,0x2bf1,0x130d,0x022a,0x020a,
0x020a,0x022a,0x024a,0x022a,0x024a,0x0aac,0x0aab,0x0acc,0x1b8f,0x134e,0x134e,0x0b0d,0x0aed,0x0acc,0x132e,0x136e,
0x0b0d,0x0aec,0x0aec,0x0a6b,0x0a8b,0x024a,0x0a8c,0x0aac,0x0a8b,0x0a8c,0x0aac,0x0a8b,0x12cc,0x12ec,0x12aa,0x0a6a,
0x0a29,0x0a29,0x022a,0x0209,0x1269,0x22ea,0x2b0a,0x2ac9,0x334b,0x444f,0x3bcd,0x2b6c,0x230a,0x128a,0x0aab,0x130c,
0x130d,0x12aa,0x12cb,0x0a8b,0x0a6b,0x0a8b,0x0acd,0x0aac,0x0aac,0x132e,0x0aac,0x0a4a,0x0a6a,0x0a6a,0x024a,0x024a,
0x0a4a,0x0a6a,0x130c,0x1b2c,0x2bef,0x2c10,0x1b4d,0x0b0c,0x136e,0x1b8e,0x12ec,0x0aab,0x0aab,0x022a,0x0a29,0x0a6a,
0x0a4a,0x0a6a,0x1269,0x126a,0x0a29,0x0a2a,0x0a8b,0x12cc,0x0a6b,0x026a,0x12ac,0x2b8f,0x0acc,0x132d,0x130d,0x12ec,
0x12cb,0x130c,0x130c,0x12eb,0x12cb,0x12ab,0x0a8b,0x0a8b,0x126a,0x1acb,0x1b2d,0x12aa,0x0a6a,0x0a8a,0x126a,0x0a2a,
0x0a09,0x01e9,0x01e9,0x01e9,0x0209,0x0a2a,0x0a4a,0x0a6a,0x0a29,0x0209,0x0a8b,0x132d,0x0aac,0x12cc,0x0acc,0x026b,
0x022a,0x026b,0x0acc,0x0b0d,0x0b0d,0x0aed,0x0aec,0x1b8e,0x0b0d,0x0aec,0x130d,0x134e,0x136e,0x134e,0x134e,0x12ec,
0x0acc,0x0acc,0x0aab,0x0aac,0x130d,0x132e,0x0acc,0x024b,0x024b,0x0a6b,0x0a8a,0x12cc,0x12cc,0x12cc,0x1aeb,0x1aeb,
0x128b,0x0a4a,0x01e9,0x0a29,0x1a89,0x2ac9,0x330a,0x334b,0x334b,0x3bad,0x2b0b,0x22a9,0x1acb,0x128b,0x0a8b,0x12cc,
0x0aab,0x12aa,0x12aa,0x0a4a,0x022a,0x0a6b,0x0a8b,0x0a8b,0x12cc,0x0acc,0x028b,0x0a29,0x1249,0x126a,0x0229,0x0a8b,
0x0aac,0x12cb,0x12eb,0x12eb,0x1b0c,0x236d,0x2c10,0x4492,0x3c71,0x130c,0x130c,0x1b0c,0x12cc,0x0a6b,0x0a6a,0x0a4a,
0x01c8,0x01e8,0x0a29,0x0a49,0x0a09,0x0209,0x0a4a,0x1b0c,0x1b2d,0x12aa,0x0a8b,0x234e,0x2bcf,0x132d,0x132c,0x1b4d,
0x1b0c,0x12ec,0x1b2c,0x234d,0x12ab,0x0a6a,0x126a,0x1aaa,0x22ea,0x334c,0x1aca,0x1aaa,0x128a,0x0a4a,0x12aa,0x12cb,
0x0a29,0x020a,0x022a,0x0a09,0x0a29,0x0a29,0x0229,0x0209,0x01e9,0x020a,0x024a,0x022a,0x022a,0x022a,0x0aac,0x130d,
0x1b4e,0x0b0d,0x132d,0x132d,0x0b0d,0x134e,0x4cb2,0x75b6,0x3450,0x1b6e,0x23cf,0x2bf0,0x23cf,0x1baf,0x1b4d,0x1b4d,
0x1b6e,0x1b2d,0x238e,0x12cc,0x0a6b,0x0acc,0x0aac,0x0aac,0x0a8c,0x022a,0x0a4a,0x0a8b,0x0a6a,0x0a8b,0x128b,0x126a,
0x12ab,0x12ab,0x0a6b,0x1aaa,0x22ca,0x2aea,0x3b4b,0x332b,0x32e9,0x22c9,0x1a49,0x1269,0x128b,0x0a4a,0x0229,0x0a4a,
0x0a6a,0x128a,0x0a49,0x0a09,0x0a4a,0x0a8b,0x0a6a,0x1b0d,0x0a8b,0x024a,0x0aac,0x0acc,0x1228,0x1a6a,0x0a29,0x0aab,
0x12ab,0x0a8a,0x128a,0x12ab,0x1b4c,0x2bce,0x2bee,0x4cb1,0x3c91,0x1b6d,0x12ec,0x12ab,0x12ab,0x0a6b,0x0a2a,0x0209,
0x01c8,0x01a8,0x0a09,0x0a4a,0x0a29,0x01e8,0x0a2a,0x12ec,0x234d,0x12aa,0x128b,0x2b8e,0x4471,0x4471,0x4cb1,0x236d,
0x132c,0x1b4d,0x1b4d,0x12cc,0x0a8b,0x128a,0x1aca,0x22ca,0x22ea,0x2b4c,0x22ca,0x1269,0x1aeb,0x0a4a,0x0a8b,0x12eb,
0x12ab,0x024a,0x0a4a,0x0a29,0x0a49,0x0a29,0x0a4a,0x022a,0x024b,0x024b,0x026b,0x0aed,0x132e,0x0aed,0x130d,0x1b4e,
0x23af,0x3410,0x2bcf,0x238e,0x3430,0x3c71,0x3471,0x3c91,0x3c71,0x2c10,0x2c10,0x3430,0x23cf,0x134d,0x1b8e,0x1b8e,
0x2bef,0x23cf,0x238e,0x132d,0x130d,0x0aac,0x0a8c,0x0aac,0x0a6b,0x022a,0x022a,0x0a4a,0x0a6a,0x0a8b,0x0a29,0x01e9,
0x0a09,0x0a2a,0x0a4a,0x1aeb,0x22eb,0x1aaa,0x2b2b,0x2b2b,0x2aea,0x2289,0x1a69,0x12aa,0x0a6a,0x0a4a,0x0209,0x0a6b,
0x0a8b,0x0a4a,0x0a4a,0x0a6b,0x0a8b,0x0a8b,0x1b0d,0x12ac,0x024a,0x024a,0x0a6a,0x0aac,0x0a4a,0x0a09,0x0a8b,0x0aec,
0x1b4d,0x1b2d,0x12cc,0x1b0d,0x238e,0x238e,0x1b4d,0x1b4d,0x236e,0x1b4d,0x132d,0x0a8b,0x0a6a,0x0a2a,0x01e9,0x01c8,
0x01c8,0x01e9,0x128b,0x0a09,0x0209,0x020a,0x0aac,0x12cb,0x12ec,0x12ab,0x1aeb,0x1b4c,0x1b2c,0x236d,0x4c91,0x54f2,
0x3430,0x23ae,0x0acc,0x0a8b,0x12ab,0x1aeb,0x1aea,0x232c,0x2b6c,0x22ea,0x1a89,0x0a49,0x1acc,0x234e,0x2bcf,0x130d,
0x0aac,0x0209,0x0229,0x0a29,0x0a4a,0x1b0d,0x130d,0x0aac,0x0aac,0x0a6b,0x0a8b,0x0a8b,0x12cb,0x1b0c,0x1b6e,0x1b8e,
0x23af,0x2bef,0x5d13,0x54f3,0x2bef,0x1bcf,0x134d,0x134d,0x1b6e,0x1baf,0x138e,0x134d,0x2bef,0x2bef,0x44b2,0x4cf2,
0x3430,0x23ae,0x238e,0x1b4e,0x132d,0x0acc,0x0a6b,0x026b,0x022a,0x022a,0x020a,0x020a,0x0a2a,0x0a2a,0x0a09,0x0a09,
0x0a4a,0x0a29,0x0a09,0x1a69,0x1a69,0x1acb,0x33ef,0x230b,0x1a49,0x1a8a,0x12cb,0x128a,0x0a6a,0x01e9,0x024b,0x12cc,
0x12cb,0x0a8b,0x0aab,0x0aab,0x0aab,0x12ec,0x1b6e,0x0a8b,0x0a6b,0x0a6b,0x0a8b,0x0a6a,0x0a6a,0x12cc,0x130d,0x1b0d,
0x236d,0x1b4d,0x12ec,0x0a8b,0x0a8b,0x0acc,0x0acc,0x0aab,0x130d,0x0aab,0x0aac,0x0a8b,0x0a4a,0x0a6b,0x0a4a,0x022a,
0x0a2a,0x0a4a,0x0209,0x0209,0x0a8b,0x12cc,0x1b0c,0x1b2d,0x1b4d,0x236d,0x236d,0x1b0c,0x1b0c,0x12eb,0x1b4d,0x4470,
0x232d,0x3410,0x23cf,0x12ec,0x2b8d,0x2b6c,0x33ef,0x236d,0x2b6d,0x230c,0x232c,0x128b,0x126a,0x2b6e,0x234e,0x0aac,
0x1b0c,0x12cc,0x0a8b,0x12aa,0x12cb,0x1b6e,0x1b8f,0x0aac,0x0aab,0x026b,0x0a6a,0x12ab,0x1b4d,0x1b8f,0x1b8f,0x1b6e,
0x132d,0x2bef,0x5513,0x3450,0x23ef,0x134d,0x1b2d,0x132d,0x134e,0x136e,0x1baf,0x1baf,0x2bcf,0x3450,0x4492,0x3c51,
0x23af,0x1b4d,0x1b4d,0x130c,0x12ec,0x12cc,0x12ec,0x0a6a,0x024b,0x0a8b,0x022a,0x01e9,0x01c9,0x01e9,0x0a09,0x0a09,
0x0a4a,0x0a4a,0x01e8,0x0a29,0x1249,0x1249,0x22cb,0x1248,0x1249,0x128a,0x128a,0x0a29,0x01e9,0x0a4b,0x0aac,0x12eb,
0x12ec,0x12ec,0x12ec,0x0aab,0x0acc,0x1b2d,0x1b4e,0x0a6b,0x0a8b,0x0a8b,0x12ab,0x12ec,0x1b2c,0x12cb,0x1b2c,0x2baf,
0x1b2c,0x130c,0x0acc,0x0a8b,0x0a8b,0x0a8b,0x1b2d,0x12cc,0x0a8b,0x0aac,0x024a,0x0acc,0x0a4a,0x0a6a,0x0a6a,0x128b,
0x128b,0x0a6b,0x026b,0x0a8b,0x12ab,0x12ab,0x12ec,0x238e,0x2bf0,0x1b6e,0x0aac,0x0aab,0x12cb,0x12ec,0x3c30,0x1b4d,
0x0a6a,0x130d,0x1b4e,0x1b0c,0x3bcf,0x338e,0x336c,0x1a89,0x1a89,0x128a,0x128a,0x0a09,0x0209,0x024a,0x0a4a,0x12cc,
0x1b2d,0x236e,0x1b2d,0x1b6e,0x12ec,0x0aab,0x130c,0x0aec,0x134e,0x134e,0x12ec,0x132d,0x132d,0x0acc,0x130c,0x3430,
0x3430,0x3430,0x2c0f,0x1b6d,0x1b4d,0x1b4d,0x130c,0x0aec,0x0b0d,0x0aed,0x132d,0x1b6d,0x23ce,0x2bef,0x23ae,0x134d,
0x134e,0x12ec,0x0aac,0x12cc,0x130d,0x0acc,0x0acc,0x0a6b,0x024b,0x0a4a,0x01e9,0x01c9,0x01e9,0x01e9,0x0a09,0x09e9,
0x01c9,0x0a2a,0x0209,0x01e9,0x0a4a,0x0a29,0x1aec,0x12cb,0x0a4a,0x0a6a,0x0209,0x01c8,0x0209,0x028c,0x132d,0x238e,
0x12ec,0x3410,0x33f0,0x1b2d,0x234e,0x0a4a,0x0a8b,0x12ec,0x0a8b,0x0a6b,0x12cb,0x1b0c,0x1b2d,0x3c10,0x4451,0x12cb,
0x1b2c,0x23ae,0x134d,0x130d,0x132d,0x132d,0x1b8e,0x12ec,0x0aab,0x1b4d,0x238f,0x132d,0x0aed,0x12ec,0x12ab,0x1b0c,
0x1aec,0x0a8b,0x0a6a,0x0a6a,0x0aab,0x0aab,0x1b2d,0x234e,0x12cc,0x12eb,0x12cb,0x12ec,0x1b0c,0x2bae,0x236d,0x12ab,
0x12ab,0x0acb,0x0a6a,0x0a29,0x0a28,0x1269,0x1a89,0x230b,0x1aaa,0x0a29,0x0a08,0x09e8,0x0a09,0x0a6b,0x12cc,0x1b2d,
0x1b0c,0x0a6b,0x0a8b,0x2baf,0x236e,0x1b2d,0x23cf,0x4cd2,0x2bf0,0x0aed,0x1b4e,0x1b4d,0x130d,0x0aec,0x3c51,0x44b1,
0x2c10,0x23ae,0x23ae,0x238e,0x238e,0x134d,0x0acc,0x12ec,0x0aec,0x0acc,0x130d,0x1bae,0x1bae,0x134d,0x132d,0x132d,
0x134d,0x130d,0x130d,0x028b,0x026b,0x0a6b,0x0a8b,0x0a6b,0x024b,0x022a,0x022a,0x01e9,0x01e9,0x01c9,0x01e9,0x0a29,
0x01e9,0x022a,0x0a6b,0x0a2a,0x0209,0x020a,0x12ac,0x23d0,0x0aac,0x0209,0x0a6b,0x130e,0x12ed,0x234e,0x236e,0x130d,
0x0acc,0x134d,0x132d,0x1b4d,0x0aac,0x022a,0x022a,0x0a8b,0x1b2d,0x1b6e,0x1b4d,0x238e,0x2bcf,0x6554,0x2c10,0x132c,
0x236d,0x2bce,0x1b6d,0x1b8e,0x1b8e,0x130c,0x0acb,0x12ec,0x130d,0x2bcf,0x234e,0x2b6e,0x0acc,0x130d,0x1b2e,0x12ec,
0x12ec,0x0a8b,0x0a8b,0x0a8a,0x0acc,0x1b2e,0x12cc,0x028b,0x0a6b,0x12cb,0x232c,0x1b4c,0x234c,0x4c71,0x236e,0x12ab,
0x130c,0x12ec,0x0a4a,0x0a29,0x1249,0x1248,0x12ab,0x1acc,0x0a29,0x1229,0x1249,0x0a09,0x01e8,0x0a29,0x128a,0x12cc,
0x12cc,0x0a6b,0x0a8b,0x1b0c,0x236e,0x3c51,0x3430,0x4cb2,0x3410,0x130d,0x3410,0x3c71,0x1b4e,0x238e,0x2bef,0x1b8d,
0x1b8d,0x1bae,0x23ae,0x1b6d,0x1b6d,0x0b0c,0x130c,0x1b6d,0x132d,0x132d,0x130c,0x0acc,0x0acc,0x0acc,0x132d,0x132d,
0x0aab,0x0acc,0x2bcf,0x0aac,0x028b,0x026b,0x0a8b,0x0a8b,0x0a8b,0x024a,0x022a,0x0a2a,0x0a2a,0x022a,0x0209,0x0a4a,
0x0a2a,0x0209,0x0a6a,0x128b,0x0aab,0x0a6b,0x0a6a,0x134e,0x132d,0x0a8b,0x134e,0x12ed,0x12ac,0x0a8b,0x0a8b,0x0b4e,
0x0b0d,0x0a8b,0x0aec,0x12ec,0x0aac,0x0a8b,0x12cc,0x12cc,0x23af,0x130c,0x12eb,0x1b2c,0x1b2c,0x33ef,0x23ce,0x130c,
0x1b4d,0x1b6d,0x130c,0x132d,0x1b2d,0x1b4d,0x1b4d,0x23ce,0x1b4d,0x0aac,0x0aab,0x12cc,0x0aac,0x0aac,0x12cc,0x12cc,
0x0aab,0x0a8b,0x0a8b,0x0aed,0x1b4e,0x12cc,0x026b,0x0aac,0x0a8b,0x0aab,0x1b2c,0x238d,0x340f,0x4450,0x12ec,0x1aec,
0x130c,0x12ec,0x0a8b,0x0209,0x09e8,0x0a29,0x0a4a,0x01e9,0x0a09,0x0a49,0x0a29,0x0209,0x0a4a,0x0a49,0x0a49,0x0a4a,
0x0a6a,0x12cb,0x12ec,0x0acc,0x12cc,0x1b6e,0x0aec,0x0acc,0x0aec,0x12cc,0x0a8b,0x0aec,0x1b4e,0x1b8e,0x1b6d,0x1b6d,
0x1bae,0x23cf,0x23ce,0x238e,0x132d,0x0aec,0x1b4d,0x238d,0x132d,0x0b0d,0x0b0d,0x1b8e,0x134e,0x0acc,0x0acc,0x0b2d,
0x0aed,0x0aac,0x12ed,0x132e,0x026b,0x024a,0x0a8b,0x0aac,0x0aac,0x0aac,0x0a8b,0x026b,0x0a6b,0x0a6b,0x0a6b,0x0a8b,
0x0a4a,0x0a6a,0x12cc,0x12ed,0x0acc,0x0a8b,0x0a8b,0x12cc,0x0aac,0x0a8b,0x12cc,0x0a8b,0x026b,0x026b,0x0acd,0x0b0d,
0x0aac,0x024a,0x026b,0x0acc,0x0b0d,0x0aac,0x026b,0x130d,0x12ec,0x0a8b,0x1b0c,0x236d,0x1b2c,0x1b0c,0x234d,0x2bce,
0x132d,0x238d,0x23ae,0x1b4d,0x1b2d,0x1b4d,0x1b4d,0x1b4d,0x0acc,0x0a8b,0x0aab,0x130d,0x130d,0x026b,0x0a6a,0x0a6a,
0x0a8b,0x0aab,0x0acc,0x0b0d,0x0aac,0x022a,0x0a6a,0x0a8b,0x0aab,0x0aab,0x0b0c,0x2c0f,0x3c30,0x1b4d,0x1b4d,0x12cb,
0x0a8b,0x0a6a,0x0acc,0x0acc,0x020a,0x01e9,0x01c8,0x01a8,0x01c8,0x01c8,0x0209,0x020a,0x0a4a,0x0aab,0x0a6a,0x0a29,
0x0a6b,0x1b2d,0x130c,0x1b0d,0x1b4e,0x0aab,0x0a8b,0x0acb,0x12ec,0x0acc,0x0aab,0x0aab,0x0aed,0x136e,0x134e,0x134d,
0x132d,0x1b4d,0x238e,0x1b6e,0x1b6d,0x2c10,0x23cf,0x23ce,0x2bef,0x136d,0x136e,0x138f,0x136e,0x0b2d,0x02ac,0x024a,
0x026b,0x028b,0x0a8b,0x0acc,0x1b4e,0x2c10,0x130d,0x0acc,0x0aac,0x12ec,0x0acc,0x0a8b,0x0a8b,0x12ec,0x130d,0x0a6a,
0x0a4a,0x0aab,0x0aab,0x0aac,0x0a6b,0x0a8b,0x0acc,0x1b2d,0x132d,0x0acc,0x0acc,0x026b,0x0acc,0x0acd,0x0aac,0x0a6b,
0x0a4b,0x024b,0x026b,0x0aec,0x028c,0x0aac,0x0aac,0x12ab,0x0a49,0x12ab,0x1b4d,0x1b4d,0x130c,0x130c,0x1b2d,0x3c51,
0x340f,0x23ae,0x238e,0x238d,0x238d,0x2bce,0x23ae,0x1b6e,0x136e,0x238e,0x1b6e,0x0b0d,0x3410,0x234d,0x026a,0x12ab,
0x130c,0x130d,0x1b4e,0x0a8b,0x024a,0x0a6b,0x0acc,0x0acc,0x130d,0x2bcf,0x3c51,0x2baf,0x0aab,0x12ab,0x12cc,0x12ab,
0x12cc,0x12cc,0x12ed,0x0acc,0x0a8b,0x022a,0x01c8,0x0a4a,0x12cc,0x0a6a,0x0a29,0x01c9,0x0a2a,0x0a8a,0x128a,0x126a,
0x0a6a,0x12cc,0x12ec,0x238e,0x1b2d,0x0a6b,0x0a6b,0x0acc,0x0aab,0x130d,0x132d,0x130d,0x130d,0x0acc,0x0aac,0x0acc,
0x23d0,0x23d0,0x0aac,0x0aac,0x1b4d,0x2bef,0x1b6e,0x130d,0x23cf,0x3471,0x2bef,0x0aec,0x0aec,0x134e,0x138f,0x0b2d,
0x0a8b,0x0a8c,0x0a8b,0x12ec,0x238f,0x2bcf,0x236e,0x236e,0x130d,0x022a,0x0aab,0x12ec,0x12cb,0x12ec,0x1b0c,0x12cc,
0x130d,0x0acc,0x0a4a,0x0209,0x0a8b,0x130d,0x0b0d,0x0aab,0x236e,0x4492,0x2bf0,0x0b0d,0x0b0d,0x0acc,0x0a8c,0x0a8c,
0x0a8b,0x0aac,0x0aac,0x0aed,0x132e,0x0acc,0x024a,0x0a4a,0x12ab,0x1b6e,0x12ed,0x0aab,0x1b2d,0x1b4d,0x12ec,0x12cc,
0x236d,0x33ee,0x3c71,0x23ae,0x2bee,0x342f,0x2bef,0x134e,0x02ed,0x3c31,0x33d0,0x02ab,0x1aed,0x1acc,0x026b,0x5d14,
0x6d95,0x2bf0,0x0aac,0x0aab,0x0aac,0x0acc,0x0aec,0x12ec,0x23af,0x33f0,0x1b4d,0x1b4d,0x12cb,0x0a8b,0x0a8b,0x12cb,
0x130c,0x0a8b,0x12ac,0x12ac,0x0aac,0x024a,0x0209,0x0aab,0x1b4d,0x0aab,0x01e9,0x0209,0x0a4a,0x1acb,0x234d,0x2b6d,
0x1aec,0x0a6b,0x12cc,0x1b2c,0x130c,0x130d,0x026b,0x022a,0x0a6b,0x0a8b,0x0aac,0x0aac,0x12ec,0x0acc,0x1b8f,0x1b8f,
0x238f,0x236e,0x12ec,0x1b2c,0x132d,0x0aab,0x0a8b,0x0acc,0x130c,0x3c51,0x2bef,0x0aab,0x0aec,0x0acc,0x02cc,0x0b2e,
0x0b0d,0x024a,0x024a,0x128b,0x12cb,0x0acc,0x0aec,0x130d,0x238f,0x1b0d,0x0a6b,0x234d,0x12ab,0x0a8b,0x238e,0x2baf,
0x12cc,0x0a8a,0x0aab,0x0acc,0x12ed,0x130d,0x236e,0x238e,0x3430,0x5d34,0x3c71,0x1b8f,0x136e,0x0aed,0x02ac,0x0aac,
0x0acc,0x0aed,0x0acc,0x132d,0x132d,0x028c,0x022a,0x0aac,0x132e,0x024a,0x022a,0x0a6b,0x12ec,0x0aab,0x12ec,0x132d,
0x0acc,0x130c,0x3c50,0x75b5,0x6db5,0x3450,0x2bef,0x132d,0x0acc,0x028b,0x0a8b,0x0a8b,0x0aac,0x0acc,0x134e,0x132d,
0x12ed,0x23af,0x238f,0x2bf0,0x1b8f,0x1b6e,0x1b8e,0x1b6e,0x1b6e,0x0aab,0x1b4c,0x3c4f,0x2c0f,0x2bef,0x132d,0x130c,
0x12ec,0x0aab,0x12ab,0x0aac,0x0209,0x01e9,0x022a,0x0a4a,0x0229,0x0a4a,0x022a,0x0a4a,0x1b0c,0x234d,0x33f0,0x33ef,
0x1b0c,0x12ab,0x024a,0x12ab,0x1b2c,0x1b4d,0x0a6b,0x024a,0x0a6a,0x0a4a,0x0a6a,0x024a,0x0a6a,0x12cb,0x1b0c,0x12cc,
0x1aec,0x1aec,0x1aec,0x130c,0x0aab,0x028b,0x0aec,0x1b6d,0x2bef,0x1b8e,0x23cf,0x23cf,0x130d,0x0aab,0x024b,0x024a,
0x0a49,0x0a6a,0x0a4a,0x0209,0x01e9,0x022a,0x12cc,0x1b6e,0x1b0c,0x1aec,0x024a,0x236e,0x1b6d,0x0acb,0x12ec,0x1b4d,
0x23cf,0x23cf,0x132d,0x1b4d,0x1b6e,0x132d,0x4472,0x2bcf,0x02ab,0x026b,0x028b,0x0a8b,0x0aac,0x0acc,0x132d,0x134e,
0x134e,0x2c10,0x0b2d,0x0aac,0x026b,0x026b,0x0a6b,0x0a8b,0x0a8b,0x02ac,0x0aed,0x0aab,0x0a8b,0x0a8b,0x12ec,0x132d,
0x0acc,0x1b2d,0x23cf,0x3450,0x44b2,0x23af,0x132d,0x130d,0x130d,0x0aec,0x0acc,0x0b0d,0x0b0d,0x0aed,0x0a8c,0x022a,
0x026b,0x0acc,0x0b0d,0x0b0d,0x0aac,0x0acc,0x134e,0x136e,0x0b0d,0x1b6d,0x238d,0x1b4c,0x1b4d,0x23af,0x136e,0x0acc,
0x0aac,0x026b,0x0aac,0x0aed,0x024a,0x0209,0x0aac,0x0acc,0x0a8b,0x022a,0x0a2a,0x128a,0x1acb,0x12ab,0x128a,0x234d,
0x232c,0x12aa,0x0a49,0x0a4a,0x0a8a,0x0aab,0x0a8b,0x0a8b,0x02ac,0x024a,0x0a6a,0x0aac,0x12ec,0x12ec,0x12ab,0x128a,
0x128a,0x126a,0x0a6a,0x0a6a,0x0a8b,0x130d,0x1b6e,0x1b2d,0x12ec,0x12cc,0x130c,0x238e,0x0acc,0x0acc,0x0a8b,0x026b,
0x0a4a,0x12aa,0x12aa,0x022a,0x020a,0x024a,0x024b,0x12ab,0x12aa,0x0a8b,0x0aab,0x130c,0x23ae,0x2bce,0x1b6e,0x132c,
0x132d,0x132d,0x132d,0x23ae,0x3c51,0x1b2d,0x026b,0x028b,0x0acc,0x0a8b,0x0aac,0x0aac,0x026b,0x0aac,0x2c10,0x2c10,
0x0b2d,0x134e,0x13d0,0x0b2e,0x0b0d,0x1b8f,0x0aed,0x024a,0x0a2a,0x0a8b,0x0b0d,0x0acc,0x0aab,0x0aab,0x026b,0x130d,
0x0aac,0x1b8f,0x1b8e,0x0b2d,0x136d,0x23cf,0x2bcf,0x2bef,0x2bf0,0x1bd0,0x136f,0x0aed,0x0a6b,0x026b,0x028c,0x0acd,
0x0aed,0x0acc,0x0b0d,0x134e,0x0aed,0x026b,0x028b,0x130d,0x134d,0x0aec,0x0a8b,0x12cb,0x12ec,0x0b0d,0x23af,0x23d0,
0x134e,0x0aec,0x0aac,0x0a8c,0x026b,0x026b,0x0b0d,0x134e,0x12ec,0x022a,0x0a49,0x128a,0x12ab,0x1249,0x1249,0x1acb,
0x234d,0x126a,0x0a4a,0x0a29,0x0a8a,0x0a8b,0x022a,0x022a,0x0a4a,0x0a4a,0x0a49,0x0a8a,0x12cc,0x12ac,0x12cc,0x12ab,
0x12aa,0x0a6a,0x024a,0x0a6a,0x12ec,0x1b6e,0x130c,0x12cc,0x0a8b,0x0aab,0x0acc,0x130c,0x12ec,0x028b,0x0aac,0x026b,
0x028c,0x0b0d,0x0b0d,0x0aab,0x026b,0x022a,0x024a,0x0a4a,0x0a6b,0x0acc,0x0acc,0x12cc,0x12ec,0x1b4d,0x1b4d,0x238d,
0x238e,0x130c,0x0aab,0x0acc,0x33ef,0x1b4d,0x12ec,0x0acc,0x0acc,0x0aac,0x028b,0x0acc,0x0b2d,0x0b2d,0x134e,0x132d,
0x0acc,0x02ac,0x0aed,0x0a8b,0x0a8b,0x130d,0x134e,0x132e,0x0a8b,0x0a4a,0x0a6b,0x0aab,0x0a8b,0x0a8b,0x0a8b,0x0acb,
0x130d,0x1b4e,0x132d,0x130d,0x12ec,0x130c,0x1b6e,0x1b2d,0x1b8f,0x138f,0x138f,0x0acc,0x0aac,0x0aed,0x0b2e,0x0aed,
0x0a8b,0x024a,0x026b,0x0acc,0x134e,0x0acc,0x024a,0x0aab,0x12ec,0x12ab,0x12cb,0x12eb,0x0acb,0x0aab,0x0aac,0x132d,
0x130d,0x0aec,0x0b2e,0x0b0d,0x026b,0x024a,0x0a8b,0x0a6b,0x0a6b,0x022a,0x01e8,0x124a,0x126a,0x1229,0x128a,0x1249,
0x0a49,0x12cc,0x12ab,0x12cc,0x0aac,0x0209,0x0a4a,0x12cb,0x1aeb,0x230b,0x1b0b,0x2bae,0x2b8d,0x0a4a,0x0a2a,0x0a6a,
0x12aa,0x0a6a,0x0a6b,0x0a6a,0x1aec,0x1b4d,0x130c,0x12ec,0x0a8b,0x0a8b,0x0aac,0x0acc,0x238f,0x130d,0x0acc,0x0aed,
0x0b0d,0x0b2e,0x0b2d,0x0b0d,0x0aec,0x0aac,0x0acc,0x0acc,0x0aac,0x0acc,0x0aac,0x0aac,0x0aac,0x12cb,0x12ec,0x238d,
0x342f,0x2bce,0x130c,0x0aec,0x1b4d,0x130c,0x1b4d,0x134d,0x0acc,0x0acc,0x0b2d,0x0b2d,0x0b0d,0x0a8b,0x024a,0x022a,
0x024a,0x028b,0x028b,0x0a8b,0x0a8b,0x024a,0x026a,0x0aac,0x132d,0x1b0c,0x1b0b,0x1b0b,0x1b2d,0x1b2d,0x0acc,0x0acb,
0x0aab,0x0a8b,0x0aab,0x0aac,0x0acc,0x0acc,0x134e,0x134e,0x1baf,0x3cb2,0x23cf,0x0aec,0x132d,0x0acc,0x0acc,0x0a8b,
0x024a,0x024a,0x024a,0x0a8b,0x136e,0x138f,0x0a8b,0x0a6b,0x0a8a,0x0a6a,0x0a8b,0x0a8b,0x0a8b,0x12ec,0x0aec,0x0aac,
0x026a,0x12ed,0x132d,0x026b,0x0a8b,0x026b,0x026b,0x024b,0x026b,0x0a4b,0x0a29,0x0209,0x01e9,0x0209,0x0a09,0x0a09,
0x0a29,0x0a2a,0x0aab,0x12ed,0x128b,0x1acb,0x230b,0x230b,0x230b,0x2b4c,0x340f,0x2b6c,0x2b4b,0x1b0b,0x0a2a,0x0a4a,
0x126a,0x128b,0x0a4a,0x0a6a,0x12cb,0x12ab,0x12ab,0x12ec,0x0aec,0x0acc,0x0aec,0x0acc,0x130d,0x12ed,0x026b,0x0aed,
0x134e,0x1b6d,0x1b4d,0x130d,0x12ec,0x0a8b,0x026b,0x0a8b,0x0aac,0x0aab,0x12cb,0x130c,0x0aac,0x12cb,0x12ec,0x130c,
0x23ae,0x2bef,0x23ce,0x2bce,0x1b8e,0x132d,0x130d,0x130d,0x0acc,0x0aed,0x0aed,0x0acc,0x0aac,0x024b,0x026b,0x026b,
0x026b,0x024a,0x022a,0x024a,0x024a,0x024a,0x022a,0x128a,0x234c,0x236d,0x1b2b,0x3430,0x2bae,0x1b2c,0x0a6a,0x0aab,
0x0a6a,0x0aac,0x0a8b,0x0a6b,0x0a8b,0x0a6b,0x130d,0x130d,0x12ec,0x236e,0x234e,0x0acc,0x132e,0x0aec,0x0a8b,0x022a,
0x0a49,0x0a49,0x0a4a,0x0229,0x0a4a,0x0a8b,0x0acc,0x0aab,0x12ab,0x0aab,0x0a6a,0x0a8b,0x0a8b,0x12ec,0x130c,0x130c,
0x0aab,0x238f,0x4cd3,0x02cc,0x0acc,0x0acc,0x0aed,0x0acc,0x0a8c,0x0a4a,0x0a6a,0x0a6b,0x022a,0x022a,0x022a,0x024a,
0x0209,0x0a4a,0x0aac,0x0a4a,0x12aa,0x1aca,0x22ca,0x22ca,0x2b6c,0x3c0f,0x33cd,0x2b6c,0x230b,0x1aaa,0x0a69,0x0229,
0x022a,0x0a6a,0x0a8a,0x12cb,0x12ab,0x0a8b,0x0a6a,0x0aab,0x0acc,0x12cc,0x130c,0x12ec,0x0acb,0x132d,0x23af,0x130d,
0x0acc,0x12ec,0x0acb,0x12cb,0x12ec,0x130d,0x0acc,0x026a,0x024a,0x0aab,0x12ec,0x134d,0x132d,0x130c,0x130c,0x132d,
0x238d,0x340f,0x5d13,0x23ef,0x1b4d,0x12ec,0x0b0c,0x130d,0x132d,0x0aac,0x0a8b,0x0aec,0x0a8b,0x0a6b,0x0aac,0x0acc,
0x0a6b,0x022a,0x024a,0x0a8c,0x028b,0x026b,0x12ab,0x1b0b,0x1b0a,0x2bad,0x3c30,0x33ef,0x12aa,0x1aca,0x12aa,0x0aab,
0x0a8b,0x0acc,0x0a6a,0x0a4a,0x0a6b,0x0aab,0x1b2d,0x1b4d,0x0acc,0x022a,0x0209,0x0209,0x0209,0x12cc,0x12ab,0x022a,
0x0a4a,0x1b0c,0x2bae,0x0a8a,0x01c8,0x01e9,0x0a8b,0x12eb,0x1b2c,0x238e,0x1b2d,0x0aab,0x0a6b,0x0a8b,0x134d,0x1b6e,
0x0aec,0x0aab,0x1b4e,0x0aac,0x026b,0x0a8b,0x0acd,0x0aac,0x0a6b,0x0aac,0x0a6b,0x022a,0x0209,0x020a,0x0a8b,0x12cb,
0x128a,0x0a6b,0x0a6a,0x1aaa,0x1b0b,0x1aca,0x22a9,0x2b2b,0x2b8c,0x230a,0x1aa9,0x1aaa,0x1aaa,0x128a,0x0a49,0x0209,
0x0a4a,0x0aab,0x12ab,0x126a,0x0a8b,0x0acc,0x12aa,0x12cb,0x0aab,0x12cb,0x12ec,0x0acc,0x0b0d,0x4c92,0x54d2,0x132d,
0x0aed,0x2bcf,0x4471,0x1b4e,0x0acc,0x132d,0x0acc,0x0a8b,0x130d,0x132d,0x130d,0x1b6d,0x23ae,0x1b6d,0x132d,0x1b4d,
0x2bee,0x6d94,0x4d13,0x132d,0x0acc,0x12ec,0x130d,0x0aab,0x028b,0x024a,0x134e,0x136e,0x022a,0x0a8b,0x1bd0,0x1bf0,
0x028b,0x026b,0x0a6b,0x0aac,0x0aac,0x0a6a,0x12ca,0x1b4c,0x23ae,0x340f,0x236d,0x1aeb,0x1aeb,0x1aeb,0x12cb,0x130c,
0x238e,0x12ec,0x0aab,0x0a6b,0x0aab,0x0a8b,0x0a8b,0x12cb,0x0a8b,0x022a,0x0a2a,0x0a6a,0x0a6a,0x1b0c,0x236d,0x12ab,
0x0a4a,0x12cb,0x234d,0x12ab,0x1b2d,0x12cc,0x024a,0x0aab,0x130c,0x1b2c,0x12eb,0x0a8b,0x024a,0x0a8b,0x0acc,0x0aec,
0x0aec,0x1b4d,0x1b4e,0x23af,0x132e,0x0aed,0x0aed,0x0aac,0x0b2e,0x136f,0x0a8c,0x022a,0x024a,0x0a6b,0x126a,0x1aaa,
0x128a,0x0a8b,0x126a,0x1acb,0x234c,0x2b6c,0x33cd,0x4490,0x2b4b,0x22c9,0x1aca,0x1a8a,0x1269,0x1269,0x1269,0x0a49,
0x0a6a,0x12ab,0x0a6a,0x0229,0x0aab,0x0acc,0x0a4a,0x0a4a,0x0a6a,0x12ec,0x130d,0x0b0d,0x132d,0x134e,0x028b,0x0a6b,
0x12cc,0x130d,0x3bf0,0x33cf,0x130d,0x0aab,0x1b0d,0x12cc,0x130d,0x23af,0x23ae,0x238e,0x1b4d,0x1b6e,0x23ae,0x2bcf,
0x23ae,0x2bef,0x2bef,0x132d,0x0acb,0x0aec,0x0aec,0x12ec,0x1b8f,0x1baf,0x134e,0x0aab,0x0a8b,0x0a6b,0x0acc,0x134e,
0x136f,0x0a6b,0x022a,0x022a,0x0a4a,0x0a49,0x12ec,0x12ec,0x232c,0x2bce,0x234c,0x1b0b,0x1aeb,0x1b0c,0x0a8b,0x1aec,
0x3c51,0x23af,0x0aab,0x12ab,0x0aab,0x0acc,0x0a4a,0x0a4a,0x0a29,0x0a29,0x126a,0x0a6a,0x128a,0x12aa,0x1b0c,0x236d,
0x128a,0x12ab,0x0a8b,0x0a8b,0x4452,0x2bd0,0x238f,0x134d,0x23ae,0x12cb,0x024a,0x022a,0x026b,0x02ab,0x028b,0x0aac,
0x1b2d,0x2bf0,0x23af,0x130d,0x0b0d,0x23d0,0x132d,0x024b,0x0a6b,0x024a,0x12ac,0x12ec,0x12cc,0x12ec,0x0a4a,0x0a4a,
0x0aab,0x0a4a,0x1269,0x232c,0x1aeb,0x1aaa,0x1aa9,0x2b0a,0x2ae9,0x22e9,0x1ac9,0x1aa9,0x1a89,0x1a69,0x1289,0x0a49,
0x0a4a,0x12cc,0x0a8a,0x0acb,0x130c,0x0aab,0x0aac,0x0a6b,0x0a8b,0x0acc,0x238f,0x1b8f,0x022a,0x026b,0x0b2e,0x0aec,
0x026b,0x022a,0x0209,0x0a8b,0x2b8e,0x0aab,0x12ab,0x12ec,0x12ec,0x132d,0x23ce,0x3c70,0x2c0f,0x23ae,0x3410,0x23ae,
0x134d,0x02ab,0x132c,0x2bef,0x2c10,0x130c,0x130d,0x132d,0x0aec,0x132e,0x028b,0x0209,0x022a,0x0209,0x01c8,0x01e8,
0x0acc,0x024a,0x01e9,0x0209,0x0209,0x0a09,0x0a8a,0x1249,0x128a,0x1b2c,0x12ab,0x12ec,0x12cb,0x0a4a,0x01a8,0x12ec,
0x1b0d,0x2baf,0x0aab,0x12ed,0x136e,0x132d,0x0a8b,0x0a4a,0x0a09,0x0a4a,0x0a6a,0x0a29,0x0a29,0x0a49,0x12cb,0x234d,
0x128b,0x12ac,0x0209,0x0a29,0x026b,0x12cc,0x23af,0x0aec,0x1b6e,0x130d,0x0acc,0x132d,0x134e,0x136e,0x136e,0x132e,
0x0aec,0x0acc,0x02ac,0x028b,0x026b,0x024a,0x1b2e,0x130d,0x028b,0x022a,0x0a4a,0x0a6a,0x0a6a,0x12ab,0x12ab,0x128a,
0x12ab,0x0a8b,0x128a,0x1b0c,0x1aaa,0x1a8a,0x1a69,0x1a89,0x22c9,0x334b,0x2b0a,0x22c9,0x230b,0x1aeb,0x128a,0x0a4a,
0x0a6a,0x130c,0x0aab,0x1b4d,0x130d,0x0aac,0x0aed,0x132d,0x238f,0x0a8b,0x024a,0x022a,0x026b,0x024b,0x02ac,0x0b0d,
0x0acd,0x0aac,0x0aac,0x0a8b,0x1acb,0x1b0c,0x134e,0x54f3,0x3c30,0x234d,0x75b5,0x4d33,0x23ef,0x1b2d,0x130c,0x0aec,
0x0aec,0x0aec,0x134d,0x23ae,0x1bae,0x2bcf,0x23af,0x132d,0x0b0d,0x0aab,0x022a,0x024a,0x028b,0x024a,0x01e8,0x01a7,
0x01e8,0x0a4a,0x0a8b,0x12ec,0x0aac,0x0a8b,0x0a09,0x128a,0x12cc,0x126a,0x1249,0x12ab,0x0a6b,0x020a,0x022a,0x0aac,
0x024a,0x134e,0x1b6e,0x0aec,0x130c,0x0aab,0x12cb,0x12cb,0x0a6a,0x0229,0x0a4a,0x12cc,0x12ab,0x1b0c,0x12ab,0x0a6a,
0x0a4a,0x0a4a,0x0a09,0x0a29,0x0a8a,0x0aab,0x1b4e,0x12cc,0x024a,0x0aec,0x130d,0x2410,0x3472,0x23f0,0x0aec,0x026b,
0x026b,0x0a8b,0x12cc,0x0b0d,0x0acc,0x0a6b,0x1aed,0x1b4f,0x0aac,0x0a8b,0x0a8b,0x0acc,0x0aac,0x026b,0x0a6a,0x12ab,
0x12ec,0x238f,0x0a8b,0x0a4a,0x12ab,0x1aaa,0x1aaa,0x1aaa,0x1aca,0x2b0a,0x334a,0x2b4b,0x232c,0x12aa,0x0a6a,0x0229,
0x12ec,0x238e,0x12ab,0x12cb,0x12cb,0x0aab,0x0aab,0x130d,0x0aab,0x024a,0x0a4a,0x12cb,0x0a6b,0x026b,0x026b,0x0a8c,
0x0a8b,0x0acd,0x0b2e,0x0b0d,0x0aac,0x130d,0x134e,0x1b6e,0x134e,0x130d,0x4491,0x3450,0x2c10,0x23af,0x134d,0x12ec,
0x130c,0x1bae,0x1baf,0x134d,0x02cc,0x0aed,0x0aed,0x0a6b,0x0a8b,0x0acc,0x0aed,0x0a8b,0x0aab,0x0a8b,0x024a,0x0a4a,
0x12ec,0x130c,0x1b0d,0x2baf,0x0a4a,0x0a6a,0x0aed,0x0a4a,0x0a2a,0x0a29,0x0a29,0x0209,0x024b,0x0acd,0x0b0d,0x0acc,
0x0a8b,0x132e,0x3c92,0x1b8f,0x132d,0x130d,0x0aec,0x0acc,0x0aac,0x0a6b,0x12ab,0x132d,0x12ec,0x12ec,0x0a4a,0x01c8,
0x0a09,0x0a2a,0x0a6a,0x0a8b,0x0a8b,0x128b,0x12cc,0x0aab,0x0acc,0x130d,0x0acc,0x132d,0x130d,0x0aec,0x132e,0x0aec,
0x024a,0x022a,0x0a4a,0x0a4a,0x0aab,0x12cc,0x0aab,0x0aab,0x0acc,0x0acc,0x0aed,0x136e,0x134e,0x0acc,0x0acc,0x0aac,
0x0a8b,0x0a8b,0x0a8b,0x0209,0x128b,0x1acc,0x12aa,0x1aaa,0x22a9,0x22eb,0x236e,0x230c,0x1289,0x0a4a,0x0209,0x0a6b,
0x1b0c,0x12cb,0x0a6a,0x130c,0x12cb,0x0aab,0x23d0,0x23f0,0x0b0d,0x0b0d,0x136e,0x134e,0x0a8b,0x026b,0x024a,0x024a,
0x026b,0x0a8b,0x0a8c,0x0aac,0x0acc,0x0aec,0x12cc,0x0aab,0x0aec,0x132d,0x0acc,0x0acb,0x132d,0x134d,0x132d,0x1b6e,
0x1baf,0x136e,0x134d,0x134d,0x0aed,0x0b2d,0x1baf,0x130d,0x0aec,0x0aec,0x1bd0,0x132e,0x0b0d,0x0acc,0x0a8c,0x0aac,
0x130d,0x12ec,0x1b0c,0x12cc,0x12ab,0x022a,0x0a6b,0x020a,0x0209,0x022a,0x026b,0x026b,0x0a6b,0x0aab,0x0acc,0x0acc,
0x134e,0x1b8f,0x4c92,0x2bcf,0x0b0d,0x1b6e,0x12cc,0x0a6a,0x0a6b,0x0a6b,0x0a29,0x0a09,0x01e9,0x01e8,0x0209,0x0a2a,
0x0a6a,0x12cc,0x12cb,0x0a4a,0x0a29,0x126b,0x128b,0x0acc,0x0aac,0x132d,0x1b6e,0x0aac,0x0a8b,0x0aac,0x130d,0x134e,
0x1b6e,0x132d,0x028b,0x0a6b,0x0a8b,0x12cb,0x12cc,0x130d,0x1bd0,0x23d0,0x132d,0x0b0c,0x1b8e,0x3410,0x1b6e,0x1b6e,
0x0acc,0x026b,0x0a8b,0x026b,0x0a4a,0x0a6a,0x0a6a,0x1aaa,0x1aaa,0x1aaa,0x128a,0x0a29,0x0209,0x01e9,0x020a,0x12cc,
0x12ab,0x12ab,0x2b6e,0x23ae,0x130c,0x3c72,0x4cd3,0x13af,0x23f0,0x1bcf,0x138f,0x0b2d,0x0aac,0x026b,0x026b,0x0a6b,
0x0a4a,0x0a4a,0x022a,0x024a,0x0a8b,0x0aed,0x130d,0x0aab,0x0aab,0x0acc,0x0acc,0x0aec,0x0aab,0x0aab,0x0aab,0x132d,
0x130d,0x0aec,0x0aec,0x0b0d,0x136e,0x134d,0x134d,0x136e,0x0acc,0x0a8b,0x028b,0x0a8b,0x0aed,0x132e,0x026b,0x0a4a,
0x0aac,0x12ec,0x1b2d,0x12cb,0x128b,0x0209,0x024a,0x0a6b,0x0a4a,0x024a,0x022a,0x130d,0x0aec,0x0aac,0x0a8b,0x0acc,
0x0aed,0x028b,0x024a,0x0acc,0x2baf,0x1b2d,0x1b2d,0x1aeb,0x128b,0x0a6a,0x0a6a,0x0a49,0x0a09,0x01e8,0x126a,0x12cb,
0x1b4e,0x1b0d,0x1aec,0x1acc,0x12ab,0x128b,0x128b,0x12ab,0x12ab,0x12ec,0x12ec,0x0acb,0x132d,0x1b6e,0x0acc,0x0a8b,
0x130d,0x2bf0,0x3c92,0x134e,0x0aac,0x0aab,0x0aab,0x0aab,0x12ec,0x1b6e,0x3430,0x3c71,0x6554,0x7e37,0x3c51,0x1b8e,
0x4472,0x130d,0x026b,0x0acc,0x12ed,0x1b0d,0x12ab,0x0209,0x0a29,0x0a29,0x0a29,0x0209,0x01e9,0x0a6b,0x1b0d,0x12ab,
0x0a8b,0x1b2d,0x3c51,0x12ec,0x132d,0x1b6e,0x0b0d,0x0acc,0x0acc,0x12ed,0x130d,0x0acc,0x02cc,0x026b,0x0aac,0x0b2d,
0x0acc,0x0a6b,0x0acc,0x0b0d,0x0b0d,0x0aac,0x0a8b,0x0aab,0x0a8a,0x0a8b,0x0aec,0x1b6e,0x132d,0x2baf,0x2baf,0x0aab,
0x0aec,0x0aec,0x0aec,0x0b0c,0x134d,0x134d,0x3430,0x54f3,0x1b6e,0x02ac,0x0a8b,0x026b,0x024b,0x0a8c,0x0aac,0x0a8b,
0x0a8b,0x0a6a,0x128a,0x126a,0x0a29,0x01c8,0x0aab,0x12ed,0x0acc,0x0aab,0x0a4a,0x0a4a,0x0a8b,0x0aac,0x0aed,0x1b8f,
0x026b,0x024b,0x0aab,0x132d,0x238f,0x1b2d,0x2bae,0x2b6d,0x234d,0x12cb,0x128a,0x128a,0x12ab,0x232d,0x1acc,0x128b,
0x128b,0x0a29,0x128b,0x12cc,0x12cb,0x1acb,0x1aeb,0x1b0c,0x1b2d,0x1b8e,0x1baf,0x130d,0x130c,0x130d,0x0aab,0x0a8b,
0x0a6b,0x0acc,0x236e,0x1b4e,0x1b6e,0x132d,0x1b6e,0x1b8e,0x1baf,0x134d,0x23ae,0x4cd2,0x23af,0x134e,0x1baf,0x136e,
0x1b6e,0x54d3,0x238e,0x0acc,0x0a8b,0x0a8b,0x12ed,0x0acc,0x12cc,0x12cc,0x0a6b,0x0a4a,0x0a4b,0x0a6b,0x0a29,0x1aab,
0x234e,0x0aac,0x0aab,0x0aec,0x0aed,0x0aec,0x134d,0x134d,0x130d,0x0aab,0x0a8b,0x0aac,0x0a8c,0x0a8b,0x0a8c,0x0aac,
0x0a8b,0x024a,0x0a6b,0x0aed,0x0aac,0x020a,0x0a4a,0x0a8b,0x0a8b,0x0aab,0x12cc,0x0acc,0x0aac,0x12cc,0x234e,0x134e,
0x134e,0x136e,0x130d,0x132d,0x1b6e,0x23af,0x1b8e,0x2bf0,0x2bf0,0x0aed,0x0aac,0x026b,0x0aac,0x0acc,0x026b,0x0a2a,
0x0a4a,0x0a49,0x0a49,0x0a29,0x01a8,0x022a,0x12cb,0x12ab,0x12ec,0x132e,0x132e,0x0acc,0x1b4e,0x0acd,0x0acc,0x0acc,
0x02ac,0x026b,0x026b,0x12cc,0x0acc,0x0aab,0x1b0c,0x4410,0x5cd3,0x3410,0x12ab,0x0229,0x2b6d,0x4451,0x1b0c,0x128a,
0x0a29,0x0a6a,0x0a6a,0x0a49,0x0a29,0x12ab,0x238f,0x23cf,0x1b6e,0x6533,0x4492,0x132d,0x130d,0x130c,0x1b8e,0x1b8e,
0x132d,0x0aac,0x026b,0x0aab,0x1b6e,0x23cf,0x1bae,0x134d,0x0acc,0x1b6d,0x23af,0x0b0d,0x132d,0x132d,0x132d,0x1baf,
0x0b0d,0x130d,0x2baf,0x3c10,0x0acc,0x0acc,0x0aab,0x0a8b,0x0a6b,0x0a6b,0x0a4a,0x0a2a,0x0a4a,0x0a6a,0x128b,0x234e,
0x12ac,0x0a6b,0x12cc,0x0aac,0x0aab,0x0acc,0x132d,0x1bae,0x1baf,0x130c,0x12ec,0x0aac,0x0aac,0x0a8b,0x0a8b,0x0a8b,
0x024b,0x024b,0x022a,0x020a,0x01e9,0x024a,0x0aac,0x0209,0x0a4a,0x0aac,0x132d,0x0b0d,0x0acc,0x028b,0x0a8b,0x12ed,
0x1b6e,0x238e,0x132d,0x1b4e,0x136e,0x0b0d,0x0aac,0x02ab,0x02cc,0x130d,0x3c52,0x132d,0x028b,0x0a6b,0x0a4a,0x022a,
0x0a4a,0x0a4a,0x0a09,0x01c8,0x01e9,0x0a6b,0x12ab,0x12ec,0x1b6e,0x23cf,0x132d,0x0acc,0x0acc,0x0acc,0x0a8b,0x024a,
0x02cd,0x028b,0x0a6b,0x0a6b,0x0aab,0x12ac,0x128b,0x12cc,0x130c,0x1b0c,0x126a,0x0a29,0x0a6a,0x128a,0x128a,0x12ec,
0x1b0c,0x1b0c,0x12ab,0x12cb,0x12ab,0x12cc,0x1b2d,0x234d,0x1b4e,0x4492,0x2b8f,0x2bcf,0x2bef,0x4450,0x23ef,0x23cf,
0x1b8e,0x134e,0x132d,0x136e,0x132d,0x0aec,0x0aec,0x134d,0x134d,0x3410,0x1b6e,0x0acc,0x0acc,0x0acc,0x0aac,0x0acc,
0x0b0d,0x02ac,0x028b,0x3410,0x23cf,0x0aec,0x0acc,0x12ec,0x0aab,0x0a8b,0x0a8b,0x0a6a,0x12ab,0x12cc,0x0a6b,0x0a6b,
0x024a,0x0a6b,0x0a6b,0x0a8b,0x12cb,0x12ec,0x0acc,0x132d,0x0acc,0x1b2d,0x2c10,0x136f,0x0b0e,0x0aac,0x12ed,0x0acc,
0x0aac,0x026b,0x0209,0x0209,0x022a,0x0209,0x0a2a,0x12cc,0x0acc,0x0a8b,0x024a,0x028b,0x0aed,0x132d,0x134e,0x1b4d,
0x238e,0x1b6e,0x132d,0x1b8e,0x0b0d,0x0aec,0x0acc,0x0aac,0x0acc,0x0acc,0x1b2e,0x236e,0x12ab,0x1acb,0x12aa,0x1aaa,
0x126a,0x0a6a,0x0a4a,0x0a2a,0x0a6b,0x0acc,0x0aab,0x0aab,0x130d,0x1b6e,0x0b0d,0x0aed,0x0aac,0x0aab,0x0a8b,0x0a8b,
0x0aac,0x0a6b,0x024a,0x022a,0x022a,0x0a6b,0x12ab,0x12ab,0x12ec,0x12ab,0x0229,0x01e9,0x0a4a,0x124a,0x0a29,0x0a6a,
0x12ec,0x1aec,0x12cc,0x1b0d,0x1b2d,0x1b0c,0x3bef,0x12ec,0x12ab,0x0a6b,0x0a6b,0x0a8b,0x0aec,0x54f3,0x3430,0x02cc,
0x0b0d,0x130c,0x0aec,0x130d,0x130c,0x132d,0x136e,0x134d,0x1b6e,0x0b0d,0x0b0d,0x0aec,0x0b0d,0x0b2d,0x0b0d,0x02cc,
0x0b0d,0x0b4e,0x134e,0x02ed,0x2bf0,0x3431,0x0aec,0x0acc,0x0acc,0x130d,0x3430,0x4451,0x1b0c,0x12cc,0x022a,0x0a8b,
0x0aac,0x0a4a,0x0a4a,0x0a8b,0x12cc,0x12ab,0x0a8b,0x0aab,0x0aac,0x0a8b,0x134e,0x136f,0x0aed,0x0acc,0x12ab,0x0a8b,
0x026b,0x022a,0x0209,0x0a6a,0x0a4a,0x0209,0x0a8a,0x12cb,0x12cb,0x0a6a,0x0a8b,0x0acc,0x0aec,0x0acc,0x0acc,0x132d,
0x1b6d,0x33ef,0x2baf,0x130d,0x1b6e,0x0aec,0x028b,0x024a,0x024a,0x026b,0x022a,0x0a6a,0x33ae,0x338d,0x3bce,0x2b2b,
0x1aca,0x0a49,0x1b0c,0x130c,0x130d,0x132e,0x0a8b,0x33f0,0x2c31,0x0b2d,0x132e,0x0b0d,0x0acc,0x0acc,0x0aed,0x0aec,
0x0aed,0x0acc,0x024a,0x024a,0x024a,0x022a,0x0a4a,0x0a4a,0x0a29,0x0a4a,0x0a09,0x0a29,0x0a29,0x0209,0x022a,0x0a4a,
0x0a6a,0x0a6a,0x128b,0x1b0c,0x12eb,0x234d,0x33cf,0x12cb,0x12ab,0x0a6a,0x0a8b,0x0acc,0x0acc,0x0aed,0x1b4e,0x0aec,
0x0aec,0x0b2d,0x132d,0x1b4d,0x1b6d,0x1b8e,0x1b8e,0x23cf,0x23f0,0x132d,0x134d,0x132d,0x0b0d,0x136e,0x0b4e,0x02ac,
0x02ac,0x0aed,0x0b0d,0x134e,0x0b0d,0x1b6e,0x238f,0x3410,0x1b8e,0x0b0c,0x2bcf,0x3430,0x1b6d,0x1b2d,0x0a8b,0x0aac,
0x0acc,0x0a6b,0x0a6a,0x0a8a,0x022a,0x0a6a,0x128a,0x0aab,0x12ec,0x12ec,0x0acc,0x134e,0x1b8f,0x0aab,0x0aab,0x0a8a,
0x0a8b,0x0a8b,0x0a4a,0x12cc,0x0a8b,0x01e9,0x0a4a,0x128b,0x0a4a,0x0a4a,0x0a6a,0x0a8b,0x0a8b,0x0a6b,0x0aab,0x12ec,
0x132d,0x1b8e,0x4472,0x130d,0x0b0c,0x134e,0x0aec,0x028b,0x024a,0x0aac,0x0a4a,0x1acb,0x1aeb,0x234c,0x6514,0x4c50,
0x2b4c,0x33af,0x234e,0x1b2e,0x130d,0x130d,0x0acc,0x1baf,0x1bcf,0x132d,0x138e,0x136e,0x0aed,0x0b0d,0x0b2d,0x0acc,
0x0acc,0x026b,0x022a,0x026b,0x028b,0x024b,0x01e9,0x01c9,0x01e9,0x0a08,0x1229,0x12aa,0x126a,0x0a29,0x0209,0x022a,
0x0a6b,0x0aac,0x12ab,0x1acb,0x2b6d,0x232d,0x12ab,0x1b2d,0x128b,0x0a4a,0x0aac,0x0b0d,0x0acc,0x0acc,0x0aed,0x132d,
0x3c50,0x3410,0x138e,0x1b8e,0x1b8e,0x2bef,0x3c71,0x3c92,0x2c10,0x2c30,0x1bcf,0x13af,0x134e,0x0b0d,0x0b0d,0x0b0d,
0x02ac,0x028c,0x0aac,0x0b0d,0x0b2d,0x0b0c,0x134d,0x23ef,0x0b2d,0x136e,0x132d,0x132d,0x1b2d,0x130c,0x1b0c,0x12ec,
0x0aed,0x0a6b,0x0a4a,0x022a,0x0a2a,0x0a4a,0x0a2a,0x0a4a,0x0a8b,0x0a8b,0x0a4a,0x0a8b,0x33f0,0x23af,0x0aed,0x1b2d,
0x23af,0x0aac,0x0a6b,0x12ac,0x0acb,0x022a,0x0a8b,0x0aab,0x024a,0x024a,0x0a6b,0x12cc,0x130c,0x132d,0x12ec,0x130c,
0x130c,0x0aec,0x4cb2,0x2baf,0x024a,0x0aab,0x0aec,0x0acc,0x134e,0x130d,0x0a8a,0x1b0c,0x1b2c,0x238e,0x236d,0x2b4c,
0x232d,0x12ab,0x024a,0x0a6b,0x0acc,0x0b0d,0x132d,0x0b0d,0x026b,0x0a6b,0x130d,0x0aec,0x0acc,0x0aed,0x0b0d,0x02ab,
0x0aac,0x0a8b,0x024b,0x024b,0x022a,0x024b,0x022a,0x0a09,0x0a29,0x126b,0x0a29,0x0a29,0x01e9,0x0a09,0x09e8,0x0a49,
0x0a49,0x0a8b,0x1aec,0x3bef,0x4471,0x1aec,0x1aeb,0x12ec,0x0a6a,0x0aac,0x0a8b,0x0aac,0x0aab,0x0acc,0x130c,0x130c,
0x1b4d,0x4cb2,0x6554,0x3c91,0x6d94,0x6d74,0x1b8e,0x1b6e,0x132d,0x130d,0x0aec,0x0aac,0x024a,0x028b,0x028b,0x026b,
0x026b,0x0aac,0x0aed,0x0b2d,0x132d,0x0acc,0x0aec,0x134e,0x0b0c,0x0aec,0x0acc,0x0a8b,0x0aab,0x0acb,0x0a8a,0x0a6a,
0x0a6a,0x0a4a,0x0a4a,0x0a09,0x0209,0x0229,0x0a29,0x0a4a,0x0a6a,0x0aab,0x024a,0x33af,0x236e,0x028c,0x0a6b,0x0a4a,
0x0aac,0x0acc,0x0a6b,0x0a8b,0x0acc,0x0a8b,0x0a6b,0x024a,0x0a6b,0x0a8b,0x0a6a,0x0aab,0x130c,0x1b4d,0x132d,0x234d,
0x12cb,0x0aab,0x0acc,0x0aab,0x236e,0x1b4e,0x136e,0x130d,0x132d,0x12cc,0x12ab,0x128a,0x1aaa,0x22eb,0x232c,0x1aaa,
0x12ab,0x0a6b,0x0a6b,0x0acc,0x134e,0x130d,0x0acc,0x0aac,0x0aed,0x0aec,0x0aec,0x1b8f,0x134e,0x0a8b,0x028b,0x026b,
0x02ac,0x026b,0x0a4b,0x024a,0x026b,0x0a8b,0x0a4a,0x0a4a,0x12ab,0x1b2d,0x0a29,0x01e8,0x0a29,0x0a4a,0x0a6a,0x0a8a,
0x0a6a,0x128a,0x12ab,0x2b8e,0x2b8e,0x1aeb,0x1b2d,0x0a8b,0x0aac,0x0aac,0x024a,0x0a6b,0x0a8b,0x0acc,0x130c,0x1b4d,
0x1b4d,0x1b6d,0x3430,0x4470,0x340f,0x4491,0x1b6e,0x132d,0x132d,0x0acc,0x026b,0x026a,0x024b,0x026b,0x02ac,0x024b,
0x026b,0x02ac,0x0b0d,0x130d,0x132d,0x134e,0x0b2e,0x134e,0x1b6e,0x0acc,0x130c,0x0aec,0x0aec,0x0acc,0x0a6b,0x0a6a,
0x0229,0x0a4a,0x128a,0x0a49,0x01c8,0x0229,0x0a29,0x0a4a,0x1aec,0x130b,0x1b0c,0x1b2d,0x0aac,0x0aab,0x022a,0x0209,
0x0a4a,0x12ab,0x12cc,0x12ab,0x0a8b,0x024a,0x0a4a,0x128a,0x1aeb,0x234b,0x232b,0x2bad,0x1acb,0x0a4a,0x12ab,0x1aeb,
0x130c,0x0acb,0x0acc,0x0aac,0x1b4e,0x4472,0x1b6e,0x12ec,0x0a6a,0x0a8b,0x0a6a,0x0a08,0x128a,0x1aca,0x128a,0x1249,
0x0a4a,0x0a4a,0x020a,0x0aac,0x130d,0x12ab,0x0aab,0x026b,0x0a8b,0x0aac,0x0aac,0x12ed,0x1b6f,0x0aed,0x0acc,0x024a,
0x0aac,0x0a6b,0x0aac,0x134e,0x138f,0x028c,0x0a4a,0x0a8b,0x0aac,0x0a4a,0x0a2a,0x12cc,0x0a8b,0x128a,0x0a49,0x0a4a,
0x0a8b,0x126a,0x0a6a,0x1b0c,0x0a8a,0x0a8a,0x0a8b,0x0a6a,0x0aab,0x0a8b,0x0aac,0x0aab,0x0acc,0x0acc,0x130c,0x1b6d,
0x134d,0x134d,0x238e,0x238e,0x130c,0x0acc,0x1baf,0x13af,0x134d,0x138e,0x134e,0x132d,0x02ac,0x026b,0x028b,0x0acc,
0x0b4e,0x138f,0x136f,0x0aed,0x0aec,0x0aec,0x0b2d,0x0b0d,0x132d,0x1b6e,0x0aec,0x130c,0x0aab,0x0a8b,0x0a6b,0x0a6a,
0x0a4a,0x0a6a,0x0a6a,0x022a,0x0a8a,0x12aa,0x12aa,0x12ec,0x12ec,0x12ab,0x1b2d,0x024a,0x0a4a,0x0aac,0x0aac,0x0a4a,
0x0a6b,0x0aab,0x130d,0x236e,0x0aac,0x128b,0x1aeb,0x230b,0x2b4c,0x2b8c,0x2b8c,0x3c0e,0x234b,0x128a,0x0a8b,0x12aa,
0x12cc,0x0a6b,0x0a8b,0x12ed,0x0aac,0x238e,0x132d,0x134e,0x12cc,0x12ab,0x0a8b,0x0209,0x0a29,0x126a,0x0a6a,0x0a8a,
0x0a4a,0x0209,0x0209,0x0a6b,0x0a4a,0x0aac,0x0b2d,0x0aac,0x0aab,0x0a6b,0x0a4a,0x024a,0x022a,0x0a4a,0x130d,0x1b6e,
0x0a8b,0x12ed,0x0acc,0x0b4e,0x132e,0x026b,0x022a,0x028b,0x0acc,0x028b,0x0a4a,0x1b2d,0x0a8b,0x0209,0x126a,0x234c,
0x230b,0x12aa,0x3c10,0x1b2d,0x0a6a,0x12ec,0x234d,0x1aeb,0x12aa,0x0a6b,0x0aed,0x130c,0x1b0c,0x12ab,0x0aab,0x0acb,
0x0acc,0x130d,0x1b4d,0x1b0c,0x0aab,0x0acc,0x136e,0x1bcf,0x1baf,0x136e,0x1b8e,0x23ef,0x1b8f,0x02ec,0x030d,0x0aac,
0x0aed,0x1bb0,0x0b0d,0x0acc,0x0acc,0x0b2d,0x0b4e,0x02cc,0x132d,0x3c71,0x23ef,0x0aec,0x0a8b,0x12eb,0x1aeb,0x1aeb,
0x12cb,0x0a6a,0x0229,0x0a8b,0x1aeb,0x1b0b,0x12cb,0x12aa,0x128a,0x1aec,0x12ab,0x0a4a,0x0229,0x0a4a,0x0a8b,0x0a6b,
0x0a2a,0x0a2a,0x0a8b,0x0a4a,0x126a,0x1b0b,0x232b,0x234b,0x2b8c,0x3c0e,0x33ee,0x33ce,0x1aeb,0x1acb,0x0a8a,0x026b,
0x0aab,0x0acc,0x0a49,0x12cc,0x132d,0x4cd3,0x1b4e,0x0acc,0x132d,0x130d,0x0aab,0x026b,0x0a8b,0x022a,0x0209,0x01e9,
0x01e9,0x01e9,0x022a,0x0a4a,0x12ab,0x0a8b,0x026b,0x0a6a,0x12ec,0x0acc,0x0a6b,0x0a4a,0x130d,0x0a8b,0x024a,0x130d,
0x1b6e,0x0acc,0x0a6b,0x026b,0x026b,0x028b,0x0b0e,0x0b2e,0x0acc,0x028b,0x026b,0x0a6a,0x128a,0x230c,0x234d,0x234c,
0x1aeb,0x2b6d,0x33ef,0x234c,0x234d,0x238f,0x1b2d,0x12cb,0x026a,0x0aac,0x134e,0x12ec,0x0a8b,0x0a8a,0x132d,0x132d,
0x0aab,0x12cb,0x1b2c,0x12cb,0x0aac,0x0acc,0x0acc,0x132d,0x23af,0x3c31,0x0aed,0x0aec,0x132d,0x0aed,0x0b0d,0x0a8b,
0x024a,0x028b,0x0b0d,0x0b2e,0x0acc,0x0acc,0x12ec,0x12ec,0x12cb,0x1b0c,0x234d,0x12cc,0x1b4d,0x1b2b,0x234b,0x2b6c,
0x232b,0x1aeb,0x1aeb,0x1aeb,0x1b2c,0x1b0b,0x234d,0x33ae,0x0aab,0x12ab,0x12ab,0x1aeb,0x12aa,0x1b2d,0x12ab,0x128a,
0x0a6a,0x0a4a,0x0a8b,0x12cc,0x230a,0x2b2a,0x2b2b,0x2b6c,0x3c2f,0x33ce,0x232b,0x232b,0x12cb,0x12cb,0x0a49,0x024a,
0x12cc,0x0aec,0x024a,0x12ed,0x0b0d,0x3c51,0x3c72,0x028b,0x0aac,0x0acd,0x130d,0x0aed,0x0acd,0x0a8c,0x020a,0x0209,
0x022a,0x0a6b,0x0a4a,0x0a4a,0x12ab,0x0a29,0x0209,0x022a,0x0a6b,0x024a,0x0a4a,0x0a8b,0x12cc,0x0a6b,0x024a,0x020a,
0x1b6e,0x02ed,0x02cc,0x026b,0x024b,0x028b,0x136e,0x0aed,0x0aac,0x026b,0x024b,0x126a,0x1aca,0x1acb,0x1b0b,0x2b8d,
0x5cf2,0x54b2,0x2bae,0x1b2c,0x12ec,0x12cc,0x0aab,0x0aac,0x028c,0x0aed,0x132e,0x134e,0x23af,0x1b6e,0x134e,0x0acc,
0x132d,0x1b6d,0x1b8d,0x1b2d,0x0aab,0x0aab,0x0aab,0x0aac,0x02ab,0x234e,0x134e,0x0b2d,0x0b0d,0x136e,0x1baf,0x0aed,
0x0aed,0x0aac,0x026b,0x022a,0x024b,0x026b,0x024a,0x0a49,0x0a8a,0x0a6a,0x0a6a,0x1aab,0x236d,0x6574,0x5d13,0x33cd,
0x1b0b,0x12ec,0x1b4c,0x234d,0x234d,0x1b2b,0x4c91,0x4cd2,0x234d,0x12ab,0x1acb,0x1aeb,0x238d,0x234d,0x234d,0x12cb,
0x1aec,0x0a6a,0x0a29,0x230b,0x2b6c,0x2b0b,0x230a,0x3bee,0x33cd,0x2b4b,0x1b0b,0x1aca,0x128a,0x1249,0x0a09,0x024a,
0x134e,0x23af,0x0a8b,0x0a8b,0x0acc,0x026b,0x1b2d,0x3410,0x2baf,0x0aab,0x0a8b,0x1b4e,0x236e,0x1b2d,0x0acc,0x0a8b,
0x12ab,0x128b,0x128b,0x12ac,0x022a,0x0209,0x0a4a,0x0a4a,0x01e9,0x01c9,0x01c9,0x022a,0x0a2a,0x0a4a,0x0a4a,0x022a,
0x0a8c,0x23d0,0x136f,0x0aed,0x02ab,0x028b,0x026b,0x024a,0x0a6b,0x0aab,0x0aac,0x12cb,0x12cb,0x1b0c,0x234d,0x33cf,
0x2baf,0x12ec,0x1b2d,0x236e,0x12cb,0x12ab,0x0aac,0x0aec,0x0aec,0x0acc,0x0acc,0x12ed,0x2bae,0x23cf,0x134d,0x0acb,
0x130c,0x132c,0x136d,0x132d,0x130c,0x130c,0x0b0d,0x132d,0x132d,0x130d,0x23af,0x0b4e,0x1b8e,0x1b8e,0x134d,0x0b0d,
0x0b0d,0x0aed,0x028b,0x024a,0x0a8b,0x026b,0x024a,0x024b,0x0a6b,0x0a6a,0x1aca,0x232b,0x2b6c,0x3bee,0x2bae,0x3c30,
0x2bcf,0x238e,0x4491,0x2bef,0x1b2d,0x2baf,0x236d,0x1b0c,0x2b6d,0x1b0c,0x1aeb,0x232c,0x232d,0x12ab,0x1aec,0x12ab,
0x12ab,0x0a8b,0x128a,0x22ea,0x230b,0x338c,0x4c70,0x3c0e,0x2b4b,0x232b,0x12aa,0x1289,0x1248,0x0a28,0x01e8,0x0a6b,
0x12ed,0x1b2d,0x0aab,0x0a8b,0x0b0d,0x026b,0x024a,0x1b0d,0x4cb2,0x33f0,0x0acc,0x12ec,0x1b2d,0x130d,0x130d,0x12ab,
0x128a,0x128a,0x234e,0x2b8f,0x2bcf,0x0acc,0x0a4a,0x0a4a,0x0209,0x0a09,0x128a,0x0a2a,0x022a,0x022a,0x020a,0x1b4e,
0x024b,0x2baf,0x238f,0x0b0d,0x134e,0x0acc,0x0aec,0x0acc,0x0aac,0x0acb,0x12ec,0x12ec,0x130d,0x0a8b,0x0aac,0x024a,
0x0a6a,0x1b4d,0x238e,0x23ae,0x134d,0x0aab,0x0a8b,0x0a8b,0x0aec,0x0acc,0x0aac,0x0a8b,0x1aeb,0x1b4d,0x026a,0x026b,
0x0aec,0x0aec,0x0a8b,0x0aec,0x0b0d,0x0b4e,0x0b6e,0x136e,0x134d,0x23af,0x2c10,0x134d,0x1b4d,0x23af,0x1b8e,0x136e,
0x0b2e,0x026b,0x024a,0x026b,0x12ec,0x0acc,0x026b,0x026b,0x024a,0x12ab,0x1b0b,0x1aeb,0x232b,0x234c,0x234c,0x0acb,
0x0acc,0x4c92,0x3c51,0x132d,0x1b2d,0x1b2d,0x1b2d,0x232c,0x1b2c,0x12cb,0x12cb,0x12cb,0x1acb,0x1269,0x130d,0x0a8b,
0x0a8b,0x0a4a,0x22a9,0x330a,0x3b6a,0x4c0c,0x5caf,0x3b8b,0x338b,0x1aea,0x1269,0x1a69,0x1a89,0x1289,0x0a08,0x022a,
0x0a6a,0x0a8b,0x1b4e,0x0a6b,0x0a8b,0x026b,0x026b,0x026b,0x026b,0x0aab,0x0aac,0x0a6b,0x236e,0x2bcf,0x132d,0x130d,
0x0a6b,0x2bcf,0x1b2d,0x0a6b,0x12cc,0x12cc,0x12ab,0x0a2a,0x01e9,0x12ab,0x1b2c,0x128b,0x01e9,0x01c9,0x01c9,0x12ec,
0x01e9,0x022a,0x1b0d,0x130d,0x1b6e,0x1b8f,0x136e,0x1b8e,0x1b8e,0x236e,0x132d,0x2bef,0x236e,0x026b,0x0a8b,0x0a6b,
0x0aac,0x130c,0x130c,0x130c,0x134d,0x23d0,0x1baf,0x136e,0x136e,0x0acc,0x026b,0x0a6b,0x128a,0x0a4a,0x024a,0x0a6b,
0x0a6a,0x024a,0x0209,0x024a,0x0a8b,0x0acb,0x1b8e,0x1b8e,0x1bce,0x3c91,0x134d,0x1b6d,0x2bcf,0x136e,0x134d,0x1baf,
0x136e,0x0a8b,0x0aac,0x0aac,0x0a6b,0x0aac,0x12ab,0x12aa,0x0a8a,0x12aa,0x2bcf,0x234d,0x1aca,0x232c,0x12cb,0x0a6a,
0x12ec,0x2c10,0x130c,0x130d,0x130d,0x12ac,0x1aec,0x1b4c,0x234d,0x232c,0x0a6a,0x022a,0x0a8b,0x0a8b,0x0a6b,0x024a,
0x022a,0x1228,0x2ae9,0x332a,0x3b2a,0x4bcc,0x5c6d,0x4c0c,0x3bcc,0x22c9,0x1aaa,0x22a9,0x1acb,0x12ab,0x0209,0x12ab,
0x1b2d,0x0229,0x132e,0x132d,0x12cb,0x12eb,0x12ec,0x0aac,0x132e,0x132d,0x0aac,0x026b,0x33f0,0x5513,0x3c50,0x1b6e,
0x12ec,0x1b2d,0x130d,0x0aac,0x020a,0x0a6b,0x128b,0x0a6a,0x0a2a,0x0209,0x0a6a,0x01e9,0x01e9,0x01e9,0x01e9,0x022a,
0x022a,0x028b,0x1b4d,0x1b6e,0x1b4d,0x44d2,0x4cf2,0x3430,0x33f0,0x238e,0x2bef,0x23ae,0x1b0c,0x1b0b,0x12cb,0x0a6b,
0x0a8b,0x0aac,0x0acc,0x0a8b,0x0acb,0x1b8f,0x1baf,0x134e,0x0aec,0x0a6b,0x024b,0x028b,0x024a,0x024a,0x0acc,0x0aab,
0x0a49,0x0a29,0x0a4a,0x1aca,0x236d,0x1b2c,0x130c,0x1bae,0x3470,0x4d13,0x1b6e,0x0b0c,0x1b6e,0x134d,0x0aec,0x134e,
0x23ae,0x1b4d,0x0a6b,0x0a8b,0x0a4a,0x0a2a,0x0a4a,0x0a69,0x0a49,0x1aaa,0x230b,0x1acb,0x12ab,0x12cb,0x12ab,0x0a8b,
0x0aab,0x1b6e,0x12ec,0x0acb,0x0aac,0x0a6b,0x0a6b,0x0a8b,0x12ab,0x12aa,0x0a6a,0x01e9,0x0a4a,0x0a8b,0x0a4a,0x0acb,
0x0a4a,0x1a89,0x2ac9,0x32c8,0x32a8,0x436a,0x6cf1,0x442e,0x22c9,0x2288,0x22c9,0x232c,0x12ab,0x0a4a,0x0209,0x130d,
0x1b0c,0x0a29,0x12ab,0x1b4e,0x0aab,0x1b0c,0x1b4d,0x0aac,0x0acc,0x132d,0x130c,0x132d,0x136d,0x134d,0x2bae,0x238d,
0x1b8e,0x132d,0x134e,0x0acc,0x0a6b,0x0a4b,0x022a,0x12ab,0x1b0c,0x0a6a,0x01c9,0x01e9,0x0229,0x0a4a,0x0a4b,0x0a8b,
0x0a8b,0x132d,0x23af,0x23cf,0x2c30,0x44d2,0x3c70,0x1b6d,0x0acc,0x0a8b,0x0acc,0x1b4d,0x1b6d,0x1b4c,0x12eb,0x0a8a,
0x026b,0x02ab,0x028b,0x02ac,0x0b0c,0x1b8e,0x1b6e,0x130c,0x130c,0x0acc,0x028b,0x0a8b,0x0a6a,0x12cb,0x12cb,0x022a,
0x0a4a,0x0a29,0x1aaa,0x2b6c,0x2bae,0x3c2f,0x238e,0x0acc,0x12cb,0x4430,0x3c51,0x1b8e,0x0b0d,0x0aac,0x0aab,0x028b,
0x12ec,0x236d,0x12cb,0x0a8b,0x0a6b,0x0a6a,0x0a6a,0x0a6a,0x0a29,0x1a6a,0x1269,0x1269,0x0a6a,0x0a6a,0x0a6a,0x0acc,
0x1b4e,0x1b4d,0x1b8e,0x130d,0x0acc,0x0aac,0x0acc,0x12cc,0x0a8b,0x0a8b,0x0a6a,0x0a29,0x0a2a,0x0a29,0x12aa,0x12ab,
0x0a4a,0x1a69,0x22c9,0x2288,0x2268,0x22c9,0x3b6c,0x2b2b,0x2289,0x2aca,0x2b6d,0x12cb,0x128a,0x0a09,0x0a6a,0x12cc,
0x126a,0x12ab,0x1b4e,0x0acc,0x024a,0x0acc,0x130c,0x0acb,0x0aec,0x0acc,0x12ec,0x130c,0x12ec,0x0aab,0x0acc,0x1b6e,
0x0b0d,0x0aac,0x0a8b,0x0acc,0x0aec,0x12ed,0x0a8b,0x024a,0x128a,0x12ab,0x0a4a,0x022a,0x12ab,0x0a8b,0x0209,0x024a,
0x0a4a,0x0a4a,0x0a6b,0x12ec,0x1b2d,0x1b6e,0x23ae,0x2bae,0x238e,0x238e,0x1b6d,0x12ec,0x0acc,0x0aec,0x0aec,0x0aec,
0x0acb,0x0b0c,0x0aab,0x0a8b,0x0a6a,0x0a8a,0x128a,0x1b6d,0x130d,0x0acc,0x028c,0x0a8b,0x0acd,0x12ec,0x0a6a,0x01e9,
0x0a4a,0x12ab,0x1aca,0x232b,0x2b2b,0x230b,0x12ab,0x0aab,0x0aac,0x02ab,0x130d,0x1b4e,0x1b6e,0x12ec,0x12cb,0x12cb,
0x0a8b,0x12aa,0x1aeb,0x12cb,0x0a6a,0x12ab,0x1acb,0x126a,0x0a4a,0x01c8,0x01c8,0x09e9,0x0a29,0x024a,0x0a8b,0x12ec,
0x1b4d,0x1b2c,0x130d,0x0b2e,0x0b0d,0x0b0d,0x132d,0x12ec,0x130d,0x0b0d,0x0a8b,0x0a4a,0x128a,0x22c9,0x2bad,0x1b2c,
0x1289,0x128a,0x1a69,0x1a48,0x1a48,0x1a89,0x1a69,0x1a89,0x22ca,0x234c,0x1b0c,0x12ab,0x0a09,0x128a,0x230b,0x230b,
0x1aca,0x1b2c,0x12ed,0x026b,0x0a4a,0x0a49,0x12ab,0x12cb,0x1aeb,0x12cb,0x12eb,0x12ec,0x0a8a,0x0a8b,0x0aab,0x0acc,
0x130d,0x0acc,0x0aec,0x1b6e,0x23cf,0x132d,0x0aed,0x0b0e,0x0aed,0x0aec,0x0acc,0x024a,0x0209,0x0209,0x022a,0x0a8b,
0x0a4a,0x0aab,0x1b4e,0x12ed,0x0acc,0x0acc,0x12ec,0x12cc,0x130c,0x1b2c,0x130c,0x0acc,0x0aec,0x0b0d,0x0b2d,0x0aed,
0x0a4a,0x0a4a,0x0a8a,0x0a4a,0x024a,0x12cc,0x132d,0x132e,0x0aac,0x132e,0x132e,0x02cc,0x0b2e,0x130d,0x026b,0x0a4a,
0x12cc,0x0a49,0x1a69,0x22a9,0x1a89,0x128a,0x1249,0x0a29,0x0aac,0x0aec,0x0aec,0x0a8b,0x1b2d,0x236d,0x1b4d,0x130c,
0x0aab,0x12cb,0x1b0b,0x12cb,0x1acb,0x1aeb,0x1b0c,0x126a,0x0209,0x0a49,0x0209,0x022a,0x022a,0x024a,0x0aab,0x132d,
0x130d,0x0acc,0x0acc,0x134e,0x13d0,0x1bf0,0x2411,0x0b0d,0x0aed,0x0aed,0x026b,0x126a,0x232b,0x234c,0x232b,0x234b,
0x1aca,0x0a49,0x0a08,0x1269,0x12aa,0x1269,0x1a69,0x232c,0x1acb,0x12ab,0x0a6a,0x01e9,0x020a,0x1aeb,0x2b6c,0x2b8c,
0x2b8d,0x22eb,0x0a4a,0x024b,0x0209,0x0a09,0x1269,0x128a,0x1289,0x12aa,0x12cb,0x1b6e,0x132d,0x0aec,0x0aec,0x132e,
0x33ef,0x0acc,0x0aec,0x0aec,0x130d,0x0aec,0x0acc,0x0acc,0x0a8b,0x0a6a,0x0aab,0x0aec,0x12ec,0x0aec,0x0b0d,0x130c,
0x1b6e,0x0b0d,0x0aab,0x0a6a,0x0acc,0x0acc,0x0acc,0x134d,0x1b6d,0x1baf,0x136e,0x132d,0x0acc,0x0aab,0x0acb,0x0b0c,
0x1b4d,0x0acc,0x024a,0x0a4a,0x12ac,0x130c,0x12ec,0x024a,0x026b,0x0b2d,0x134e,0x1b8f,0x2c11,0x1b8f,0x02ac,0x0acd,
0x024a,0x01e8,0x1229,0x1249,0x128a,0x126a,0x09e8,0x0a2a,0x0acc,0x0b0d,0x132d,0x1b6d,0x2bce,0x54d2,0x5d13,0x2bae,
0x234c,0x12cb,0x12aa,0x1aeb,0x1b0c,0x236d,0x1b0c,0x12ab,0x0a4a,0x12ab,0x12aa,0x0a6a,0x0a29,0x0a6b,0x0aac,0x0aac,
0x0a8b,0x026b,0x0a4a,0x0acc,0x0aed,0x1b4e,0x23f0,0x136e,0x02ed,0x02cc,0x026b,0x12cb,0x234d,0x236d,0x1aeb,0x1aca,
0x1acb,0x128a,0x01c8,0x0a29,0x128a,0x1269,0x1249,0x12cb,0x0a8b,0x0a2a,0x0a4a,0x026b,0x0aac,0x1aec,0x33af,0x2b4d,
0x232c,0x1aeb,0x126a,0x01e9,0x01e9,0x0209,0x12aa,0x12ec,0x12ab,0x0a8b,0x0a8b,0x0acb,0x134d,0x1b6d,0x1b6d,0x1b4d,
0x132d,0x2bef,0x1b8e,0x134e,0x0aec,0x0b0d,0x0aec,0x132d,0x132d,0x12ec,0x130c,0x1b6d,0x132d,0x12ec,0x0aec,0x132d,
0x23cf,0x0acb,0x1b0b,0x234c,0x1b2c,0x128a,0x026a,0x0aec,0x1b6e,0x1bcf,0x136e,0x0aec,0x0b0c,0x0acb,0x0aab,0x1b2d,
0x130c,0x0acc,0x0a8b,0x0a6a,0x12ab,0x12ec,0x12ec,0x0acc,0x024a,0x026b,0x026b,0x234e,0x132d,0x0aed,0x0acc,0x028b,
0x02ac,0x026b,0x01e9,0x0a29,0x09e8,0x01e8,0x022a,0x0a6b,0x0aab,0x0aab,0x0aab,0x12cb,0x232c,0x2b8d,0x4470,0x33ce,
0x1b0c,0x2b8d,0x2bce,0x130c,0x232c,0x2b8d,0x234d,0x1aec,0x12eb,0x12cc,0x12ec,0x0a8b,0x0a29,0x0a4a,0x0a6b,0x1b0d,
0x132d,0x028b,0x126a,0x0a8b,0x026b,0x022a,0x0aac,0x134e,0x1b8f,0x0b4e,0x02ac,0x0aac,0x1aec,0x232c,0x1aeb,0x128a,
0x12ab,0x0a29,0x022a,0x0209,0x0209,0x0209,0x0209,0x022a,0x230d,0x12cc,0x0a8b,0x0a4a,0x1aec,0x2bcf,0x130d,0x0a4a,
0x0a29,0x1a8a,0x0a2a,0x022a,0x0229,0x0209,0x022a,0x026b,0x0a8b,0x12ab,0x12eb,0x12eb,0x130c,0x1b2c,0x12eb,0x132c,
0x1bcf,0x44d2,0x54f3,0x1baf,0x0b2d,0x0aec,0x130c,0x1b6d,0x136e,0x132d,0x1b4d,0x1b6d,0x132d,0x0aab,0x1b0c,0x234d,
0x12cb,0x2b6c,0x33cd,0x33ee,0x236c,0x1aea,0x130c,0x0aec,0x0acc,0x0aab,0x0aec,0x132d,0x0aab,0x0aab,0x0aac,0x0aac,
0x0a8b,0x026b,0x024a,0x12cb,0x236d,0x132d,0x132e,0x1baf,0x136e,0x0acc,0x0acc,0x028b,0x0acc,0x0acc,0x0acc,0x0aed,
0x0a8b,0x0a8b,0x0a8b,0x024b,0x01e9,0x022a,0x0a4a,0x0a29,0x1a89,0x1a89,0x128a,0x128a,0x12ab,0x1aeb,0x2b2b,0x338d,
0x1b2c,0x1b2c,0x3c30,0x3c50,0x1b2c,0x1b2c,0x1b0c,0x12cb,0x12ab,0x12cc,0x0aab,0x0a8b,0x12ec,0x0aab,0x0a6b,0x0aac,
0x132d,0x130c,0x0aec,0x0acc,0x028b,0x028b,0x026b,0x026b,0x0aed,0x0acd,0x028c,0x022a,0x128b,0x1aec,0x12ec,0x0aab,
0x0a8c,0x022a,0x0209,0x0a6a,0x0a8b,0x0a29,0x0a6a,0x0acc,0x23af,0x12cb,0x024a,0x128b,0x12cb,0x0a69,0x0a8a,0x0acd,
0x020a,0x0a09,0x0a2a,0x0a6a,0x12ab,0x1b0c,0x1b4d,0x12ec,0x0aab,0x12ec,0x1b0b,0x1b6d,0x23ce,0x238d,0x1b2c,0x236e,
0x132d,0x132d,0x0aac,0x12ed,0x0aed,0x238e,0x3c30,0x23af,0x23cf,0x2bcf,0x1b4d,0x1b4d,0x1b8e,0x3c71,0x4471,0x2b8e,
0x12ec,0x236c,0x3c0f,0x4450,0x33ee,0x236d,0x1b2c,0x0a6a,0x0aac,0x024a,0x12cc,0x1b0d,0x020a,0x024b,0x0a8b,0x0a6b,
0x022a,0x020a,0x01e9,0x0acc,0x0b0d,0x0aac,0x028b,0x028b,0x1b8e,0x136e,0x028b,0x0aec,0x0b4e,0x0acc,0x0aab,0x0a4a,
0x0a8b,0x0a6a,0x0a8a,0x0aab,0x0a4a,0x126a,0x1229,0x1249,0x1269,0x1aaa,0x230b,0x1aeb,0x0a6a,0x12cb,0x1aeb,0x1acb,
0x1aeb,0x1b2c,0x236d,0x340f,0x236d,0x130c,0x12ec,0x1b2d,0x12eb,0x0a8b,0x0a6a,0x0a8b,0x1b4e,0x1b4e,0x0acc,0x0acc,
0x0acc,0x130d,0x0b0d,0x0acc,0x0aed,0x0aac,0x0acd,0x0b0e,0x02cc,0x0b4e,0x0b0e,0x026b,0x0209,0x0a4a,0x0a2a,0x022a,
0x024a,0x0aac,0x0a6a,0x0a28,0x12ab,0x12cc,0x0a29,0x0a6a,0x12ab,0x1b0c,0x4451,0x2b8f,0x0a6a,0x0a6a,0x0a6a,0x126a,
0x0a8a,0x0a2a,0x0a2a,0x12cc,0x234d,0x234d,0x2bae,0x2bae,0x12cb,0x12eb,0x1b2c,0x236d,0x4470,0x23ef,0x236d,0x4430,
0x130c,0x130d,0x0aab,0x0aab,0x0a8b,0x0aec,0x23af,0x3c50,0x6574,0x3c51,0x0b0d,0x12ec,0x236d,0x340f,0x2b8d,0x1acb,
0x0a8b,0x1b2b,0x234b,0x232b,0x2b4c,0x1aeb,0x128a,0x0a49,0x022a,0x0a6a,0x022a,0x022a,0x0a8b,0x12ec,0x0aab,0x0a4a,
0x022a,0x022a,0x0a6b,0x0aac,0x0a8b,0x0a8b,0x028b,0x132d,0x3410,0x132d,0x02ac,0x0acc,0x0aed,0x0b0d,0x0aab,0x12ab,
0x12cc,0x12ab,0x0a4a,0x0a29,0x1249,0x124a,0x1249,0x1269,0x128a,0x1249,0x1249,0x1a89,0x1249,0x0a4a,0x128a,0x12ca,
0x12aa,0x1aca,0x234c,0x1b2c,0x1b6d,0x134d,0x130c,0x132d,0x12ed,0x12cb,0x12aa,0x0a8b,0x12ec,0x132d,0x12cb,0x0a8b,
0x0a8c,0x0acc,0x0b4e,0x0b6f,0x0aac,0x028b,0x0b0d,0x0b6f,0x0b6e,0x13d0,0x0b4e,0x0a8b,0x020a,0x022a,0x024a,0x026b,
0x0aed,0x130d,0x12aa,0x0a08,0x0a4a,0x128b,0x0a4a,0x128a,0x12eb,0x3c10,0x2b8f,0x0a8b,0x0a4a,0x1b0d,0x1b2d,0x12eb,
0x0a8a,0x022a,0x0a4a,0x12cb,0x1b0b,0x232c,0x232b,0x236d,0x12cb,0x0a8b,0x0aec,0x23ae,0x6d33,0x4cd1,0x3c90,0x1b4d,
0x12cb,0x12eb,0x12eb,0x130c,0x0aec,0x0aab,0x0acb,0x23ae,0x2bce,0x236d,0x130c,0x0aab,0x12eb,0x1b2b,0x234c,0x12ca,
0x12cb,0x12aa,0x1aca,0x1aaa,0x1289,0x12aa,0x0aab,0x0a8b,0x0a4a,0x024a,0x022a,0x0a8b,0x2b4d,0x33cf,0x130c,0x0acc,
0x0a8b,0x0a8b,0x028b,0x0a6b,0x0a4a,0x0acc,0x1b6f,0x1baf,0x1b8f,0x1b4e,0x0aac,0x0aac,0x0acc,0x0acc,0x0acc,0x1acb,
0x230c,0x128b,0x01e9,0x0a08,0x1249,0x1228,0x1249,0x1a8a,0x12cb,0x0a6a,0x1249,0x0a28,0x0a08,0x0a09,0x128a,0x1aeb,
0x1b4d,0x12cb,0x12cb,0x1aec,0x2bae,0x1b2c,0x132c,0x130c,0x12ec,0x12ab,0x1b0c,0x12ec,0x0a6b,0x12ab,0x1b0c,0x130c,
0x0a6b,0x026b,0x0aed,0x132e,0x02cc,0x02ac,0x134e,0x1bd0,0x02ab,0x026b,0x0a8c,0x028b,0x028b,0x0aac,0x0a6b,0x026b,
0x0aac,0x0a8b,0x0a8b,0x0a4a,0x0209,0x0209,0x0a6b,0x12ec,0x1b0c,0x128a,0x0a6a,0x0a8b,0x1b4d,0x1b2c,0x12cb,0x0a8b,
0x024a,0x024a,0x12ec,0x1b0d,0x1aeb,0x1aca,0x12aa,0x0a8a,0x0a8b,0x0acc,0x2baf,0x132d,0x12eb,0x2b4c,0x33ee,0x12ec,
0x2baf,0x3c0f,0x1b2b,0x132d,0x0acc,0x0a8b,0x0a8b,0x130c,0x130c,0x1b4d,0x1b4e,0x1b2d,0x12eb,0x1aeb,0x1b2b,0x130b,
0x130c,0x0a8a,0x0a6a,0x12eb,0x12cb,0x12cb,0x0acc,0x0a4a,0x0a2a,0x0a4a,0x12ab,0x12cb,0x1aca,0x1acb,0x12aa,0x12aa,
0x12cb,0x0a6a,0x0a29,0x0a49,0x0aab,0x132d,0x134e,0x0aed,0x0acc,0x236e,0x0a6a,0x128a,0x12ab,0x0a4a,0x0a6b,0x12ab,
0x1aec,0x0a8b,0x01c8,0x1228,0x1249,0x1248,0x1aec,0x1acb,0x1aab,0x12ec,0x0a6a,0x0a08,0x09e8,0x0a09,0x0a29,0x1269,
0x128a,0x12ec,0x12ab,0x12cb,0x340f,0x33ef,0x0acb,0x130c,0x130d,0x132d,0x130c,0x130d,0x130d,0x0aab,0x0a8b,0x0aab,
0x028b,0x0acc,0x0acc,0x3451,0x3c72,0x1b8f,0x23d0,0x1b8f,0x028b,0x026b,0x028b,0x0b0d,0x0acc,0x0aac,0x0a8b,0x026b,
0x024a,0x026a,0x026a,0x0a8b,0x0a8a,0x024a,0x0229,0x0a4a,0x128a,0x0acc,0x1b2d,0x1b0d,0x236d,0x130c,0x12ec,0x132d,
0x134e,0x12ec,0x0a8b,0x0a4b,0x0a6a,0x0a4a,0x0229,0x0aac,0x0aec,0x1b2d,0x3c51,0x0a8b,0x12ab,0x1b0b,0x12cb,0x1b0b,
0x2b8d,0x1b2c,0x0aab,0x0a8b,0x12cc,0x12ec,0x12aa,0x128a,0x12ab,0x130d,0x12ec,0x1b6e,0x1b6e,0x1b0c,0x1aeb,0x12ca,
0x12cb,0x0a8a,0x0a6b,0x0aac,0x0a8b,0x024a,0x0a6b,0x0a49,0x128a,0x1aeb,0x12ab,0x12cb,0x128a,0x1269,0x128a,0x230b,
0x1b0b,0x0a49,0x0a6b,0x0a8b,0x0aab,0x0aac,0x0acc,0x0a8b,0x0a6a,0x1b0c,0x230a,0x2b4b,0x2b8d,0x1aca,0x0a6a,0x0a6b,
0x0a4a,0x0a4a,0x0a29,0x1249,0x1228,0x1249,0x12ab,0x1269,0x126a,0x0a28,0x0a08,0x0a29,0x1249,0x0a08,0x01e9,0x12ab,
0x0a8b,0x0aab,0x12cb,0x12ec,0x130c,0x6554,0x3410,0x02cc,0x02cc,0x132d,0x132d,0x0aab,0x0acc,0x0acc,0x134e,0x0aed,
0x1b2d,0x0aec,0x02cc,0x0b0d,0x1baf,0x136e,0x02cc,0x0acc,0x0aed,0x0a8c,0x0acd,0x02cd,0x02ac,0x02ac,0x0acc,0x0aed,
0x0a8b,0x026b,0x026a,0x0a4a,0x12ab,0x12ec,0x0acc,0x0acc,0x0a8b,0x0aec,0x136e,0x2bf0,0x132d,0x130d,0x134e,0x1b8f,
0x132d,0x0aec,0x0aab,0x0a8b,0x024b,0x026b,0x130d,0x1b4e,0x0a6b,0x12ab,0x0acc,0x0aab,0x0a6a,0x12ab,0x12cb,0x230b,
0x12cb,0x026a,0x1acb,0x22eb,0x22ea,0x2b2b,0x2b8d,0x234d,0x0aab,0x0a8a,0x12aa,0x0acb,0x12ec,0x130d,0x12ec,0x0aab,
0x2b6c,0x236c,0x1aea,0x0a8a,0x01e8,0x0a4b,0x12ab,0x236d,0x3c31,0x1b0c,0x130c,0x0aec,0x134e,0x132e,0x234d,0x1aeb,
0x1aab,0x130d,0x0aac,0x0a6a,0x0a4a,0x0a4a,0x028b,0x0a8b,0x230b,0x3c0f,0x3c0e,0x33ce,0x2b4c,0x22ea,0x128a,0x0a4a,
0x128a,0x1269,0x0a09,0x0a29,0x0a09,0x0a29,0x0a29,0x0a29,0x0a4a,0x0a08,0x1229,0x1229,0x1249,0x09e8,0x0a09,0x0a8b,
0x0a8b,0x1acb,0x1aeb,0x12aa,0x130d,0x3410,0x3c30,0x4cb2,0x238e,0x0aec,0x1b6e,0x3410,0x1b6e,0x23af,0x132d,0x0b0d,
0x3c71,0x234e,0x024a,0x128b,0x0aec,0x0aed,0x0aac,0x0a8a,0x0aac,0x134e,0x134e,0x1b8f,0x136e,0x0b4e,0x0b2e,0x0acc,
0x026b,0x0aab,0x0acc,0x12cc,0x12ec,0x12ec,0x130d,0x130d,0x134d,0x0b2d,0x3c30,0x75d5,0x3c92,0x1baf,0x1b6e,0x0aac,
0x026b,0x0acc,0x0acc,0x026a,0x0a6b,0x0acc,0x2bd0,0x2bd0,0x0aab,0x0a4a,0x0a6a,0x0a8b,0x0aab,0x0a8b,0x0a6b,0x0a4a,
0x0209,0x1269,0x2b6c,0x3bce,0x3309,0x334b,0x33ee,0x1aea,0x12aa,0x0a8a,0x12ab,0x12cb,0x0aab,0x0acb,0x0acc,0x0aec,
0x2bce,0x338c,0x2b2a,0x1aca,0x0a6a,0x0a6b,0x128b,0x1b4e,0x1aec,0x12ec,0x1b4e,0x134e,0x134e,0x130d,0x1b2d,0x1b4e,
0x132d,0x136f,0x0aab,0x0a6a,0x0a2a,0x0aac,0x0a6b,0x230b,0x2b4b,0x338c,0x444f,0x2b8d,0x1aca,0x1aca,0x1269,0x0a4a,
0x1aeb,0x128a,0x0209,0x0a09,0x126a,0x1249,0x0a09,0x09e9,0x09e8,0x0a29,0x0a08,0x01a8,0x09c8,0x1229,0x1249,0x1aaa,
0x230b,0x234b,0x2bad,0x3c0f,0x2b8e,0x0b0c,0x0b0c,0x1b0c,0x1b2d,0x028b,0x23cf,0x5513,0x5513,0x33f0,0x132d,0x130d,
0x12ed,0x12ec,0x12ec,0x0a8b,0x0a6a,0x026a,0x0a8b,0x12aa,0x0a6a,0x0acc,0x1bcf,0x3492,0x2c31,0x1baf,0x0b2e,0x134e,
0x1b6f,0x0b2d,0x0aac,0x0a8b,0x0a8b,0x0a8b,0x0a8b,0x0aab,0x1b8e,0x3471,0x4471,0x1b4d,0x1b2d,0x132d,0x0aed,0x132d,
0x2bcf,0x1b4d,0x0b0d,0x3c31,0x0acc,0x024a,0x026b,0x0a8b,0x0aab,0x12ab,0x1aeb,0x0a4a,0x0229,0x0a4a,0x0229,0x01e9,
0x0a4a,0x22a9,0x2a88,0x334b,0x33ad,0x334b,0x234c,0x1b0b,0x1a89,0x1249,0x0a6a,0x1b0b,0x1aeb,0x0aab,0x0a8b,0x12aa,
0x33cd,0x338c,0x2b8d,0x1aca,0x12cb,0x0a4a,0x0a4a,0x0209,0x0229,0x128a,0x0a6a,0x12ab,0x12cc,0x0acc,0x0a6b,0x0b2e,
0x136e,0x0a8b,0x12ed,0x1b4e,0x1b6e,0x0acc,0x0a8a,0x230b,0x2b4b,0x3bee,0x2b4c,0x22ea,0x1aec,0x12cb,0x0a6a,0x0a4a,
0x024a,0x0a49,0x12aa,0x1269,0x0a09,0x09e8,0x01c8,0x0a09,0x0a29,0x0a49,0x128b,0x0a09,0x0a09,0x1aca,0x1aca,0x230b,
0x2b4b,0x3c0f,0x4470,0x2bad,0x1b0b,0x0acb,0x132d,0x0acc,0x028b,0x0a6b,0x0aac,0x0b0d,0x1b8e,0x2baf,0x02cc,0x0aab,
0x0a8b,0x130d,0x236d,0x1b0c,0x0a6a,0x022a,0x0a8a,0x232c,0x128a,0x026a,0x0aec,0x0b0d,0x0acc,0x0b0d,0x0b0d,0x0aec,
0x23af,0x134d,0x132d,0x1b2d,0x130c,0x1b2d,0x12ec,0x23ae,0x236e,0x130c,0x0aab,0x0acb,0x0b0c,0x0aec,0x0aab,0x0aec,
0x4cd3,0x4471,0x132d,0x236e,0x130d,0x130d,0x134e,0x0a8b,0x1b0c,0x232b,0x12ab,0x0a8a,0x1aca,0x22ca,0x1aaa,0x0209,
0x126a,0x2289,0x2a88,0x330a,0x338c,0x2ac9,0x22a9,0x1acb,0x1acb,0x126a,0x0a6a,0x1aeb,0x12cb,0x130d,0x12cb,0x2b4b,
0x2b4c,0x2b6d,0x232c,0x1b4d,0x1b0c,0x126a,0x126a,0x0209,0x01c9,0x0a4a,0x12cc,0x12ab,0x0aab,0x0aab,0x0aac,0x0acc,
0x022a,0x0a8b,0x0b0d,0x0aec,0x1b4e,0x0a8b,0x0a49,0x1aaa,0x1aca,0x1a89,0x1aaa,0x1acb,0x1acb,0x12cb,0x0a8b,0x0a4a,
0x128a,0x128a,0x22eb,0x1a89,0x09e8,0x09e8,0x01e8,0x09e8,0x09e8,0x09e8,0x0a29,0x1269,0x1a8a,0x1249,0x1aaa,0x1acb,
0x230b,0x3bef,0x33ce,0x232c,0x1aeb,0x0a8b,0x0aec,0x134e,0x0acc,0x12ec,0x0acc,0x12ec,0x134d,0x1baf,0x23af,0x0acc,
0x0a8b,0x12ec,0x232c,0x12cc,0x230c,0x232c,0x232c,0x230b,0x0a49,0x022a,0x0a6a,0x0a8b,0x0aab,0x0a8b,0x0a8a,0x0acb,
0x0b0d,0x136e,0x1baf,0x134d,0x130c,0x130c,0x2bef,0x3c92,0x130d,0x0a6b,0x0acc,0x0aec,0x0acc,0x130c,0x130c,0x132d,
0x1b8e,0x1b8e,0x0b0d,0x026b,0x0b0d,0x1b6e,0x130c,0x12ec,0x12cb,0x12cb,0x0a4a,0x1aca,0x2b4c,0x234c,0x1269,0x0a29,
0x0a09,0x1269,0x2289,0x2aca,0x2288,0x2289,0x1a69,0x1aaa,0x12ab,0x0a4a,0x12ab,0x1aec,0x12ec,0x12ed,0x1b0b,0x338c,
0x230b,0x1aea,0x1aeb,0x1b0d,0x1b2d,0x0a4a,0x0a2a,0x0209,0x01e9,0x0a4a,0x12ec,0x0a8b,0x0a8b,0x0a8b,0x0acc,0x0aed,
0x130d,0x132e,0x0b0d,0x0b0d,0x0aab,0x0acc,0x0a4a,0x126a,0x1acb,0x1acb,0x1b0c,0x1b0c,0x1269,0x0a4a,0x0a4a,0x12cb,
0x2b6d,0x1acb,0x12ec,0x0a8a,0x01e9,0x0209,0x0a29,0x0a29,0x0a29,0x0a09,0x0a29,0x1aca,0x1aab,0x0209,0x0a09,0x1acb,
0x3bef,0x230c,0x1acb,0x1269,0x12eb,0x024a,0x0acc,0x132d,0x130c,0x130c,0x12ec,0x130c,0x1b4d,0x1b6e,0x23cf,0x1b4e,
0x1b2d,0x0a8b,0x12ab,0x232c,0x234c,0x1b2c,0x128b,0x0a2a,0x022a,0x0a8b,0x0aab,0x0a6a,0x022a,0x0aab,0x134e,0x13af,
0x136e,0x134d,0x130c,0x132d,0x0b2d,0x132d,0x238e,0x130c,0x0acc,0x134d,0x1baf,0x0b0d,0x0acc,0x0acc,0x0aec,0x0aec,
0x0aac,0x12cc,0x134e,0x130d,0x0aac,0x0aac,0x0acc,0x1b0c,0x12cb,0x0a4a,0x0a49,0x1aaa,0x1aa9,0x1249,0x1aaa,0x128b,
0x0a2a,0x1249,0x1a69,0x22ca,0x22a9,0x1acb,0x1aab,0x12ab,0x0a09,0x0209,0x12cc,0x1b4d,0x130c,0x0acb,0x1acb,0x232b,
0x1aaa,0x234c,0x234d,0x0a4a,0x0a6a,0x128b,0x1b0d,0x0a6a,0x022a,0x0a8b,0x0acc,0x026b,0x026b,0x0aec,0x138f,0x136e,
0x0aec,0x028b,0x0a8b,0x0aac,0x0acc,0x0acc,0x0a8b,0x0a2a,0x0a6a,0x126a,0x0a6a,0x12cc,0x0a09,0x0209,0x0a4a,0x12cb,
0x12eb,0x12aa,0x126a,0x022a,0x0a29,0x1269,0x0a6a,0x0209,0x0a4a,0x022a,0x0a09,0x0a29,0x0a4a,0x0a6a,0x022a,0x128b,
0x232d,0x1acb,0x1acb,0x12cc,0x0a6b,0x026b,0x134e,0x0aec,0x0aec,0x132d,0x134d,0x0b0d,0x0a8b,0x0a6a,0x024a,0x026b,
0x234d,0x236e,0x2b8d,0x2bce,0x234c,0x128a,0x12ab,0x234d,0x12ec,0x0a4a,0x2b6c,0x1b0c,0x0a8c,0x0b0d,0x130d,0x0aec,
0x0aec,0x132d,0x132d,0x1b6e,0x1baf,0x2c10,0x1b8e,0x0b0c,0x132d,0x1bcf,0x136e,0x12ec,0x0a8b,0x0a8c,0x028b,0x026b,
0x0a8b,0x0aec,0x0aab,0x0aab,0x0a8b,0x024a,0x022a,0x12aa,0x12cb,0x022a,0x0a49,0x1aaa,0x128b,0x126a,0x128a,0x0a09,
0x12ed,0x0a6a,0x0a29,0x128a,0x1acc,0x12ab,0x1249,0x01e8,0x01e9,0x0a8b,0x12cc,0x0aab,0x0aab,0x0acc,0x12ab,0x1269,
0x128a,0x1b2d,0x12ab,0x0a29,0x0229,0x12ac,0x1b4e,0x0aab,0x0a8b,0x0a8b,0x0a8b,0x026b,0x0acc,0x1b8f,0x5d35,0x1baf,
0x0b0c,0x0acc,0x028b,0x0a4a,0x0a8b,0x128a,0x0a6a,0x0a4a,0x0a6a,0x0a8b,0x0a4a,0x0a6a,0x0aab,0x0a6a,0x1aeb,0x126a,
0x0209,0x022a,0x0229,0x0a49,0x1aeb,0x236d,0x12ec,0x0a4a,0x0a6b,0x024a,0x0a2a,0x128a,0x1aaa,0x12aa,0x0a8b,0x0a4a,
0x0209,0x0a4a,0x0a6b,0x024a,0x022a,0x0acc,0x0b2d,0x132d,0x130c,0x0acc,0x0aac,0x0a6b,0x0a8b,0x0aab,0x0a8b,0x0aab,
0x1b0c,0x4450,0x236c,0x236d,0x238e,0x23af,0x1b2d,0x1aeb,0x0a8a,0x0a4a,0x1aeb,0x0a6a,0x0a8b,0x0aab,0x0aab,0x0aab,
0x130d,0x136e,0x132d,0x1b4d,0x1b4d,0x1b4d,0x132d,0x1b8e,0x1b8e,0x132d,0x132d,0x134d,0x0acc,0x0aac,0x022a,0x022a,
0x0aec,0x0b0d,0x0a6b,0x0a4a,0x0aac,0x0aac,0x022a,0x0a09,0x0a4a,0x0209,0x09e9,0x0a4a,0x128b,0x128b,0x0a29,0x0209,
0x0a8b,0x0a8b,0x0209,0x01e9,0x0209,0x0a09,0x0a4a,0x12ac,0x12ec,0x12ab,0x0a4a,0x0a8b,0x0aab,0x0aab,0x0aac,0x0a8a,
0x1b4e,0x0acc,0x022a,0x01e9,0x0a6b,0x1b4e,0x130d,0x0a8b,0x0aab,0x0aab,0x02ab,0x0a8b,0x0acc,0x12cc,0x1acc,0x0acc,
0x132e,0x132d,0x12cc,0x128a,0x1aca,0x1aca,0x1aca,0x1aaa,0x12cb,0x12cb,0x0aab,0x12ec,0x238e,0x1b2c,0x1acb,0x126a,
0x0a49,0x01e9,0x0209,0x128a,0x1aeb,0x1b0c,0x12cc,0x128b,0x0a6a,0x12cb,0x1b0c,0x1b0b,0x1aeb,0x1b2d,0x2bcf,0x0aed,
0x02ac,0x0aac,0x0a8c,0x026b,0x0a8b,0x12ec,0x0acb,0x12ec,0x0aab,0x0aac,0x0aab,0x12ec,0x132d,0x0aec,0x12ec,0x234d,
0x1b0c,0x234c,0x234c,0x0a6a,0x0a6a,0x1b2e,0x1b4d,0x12cb,0x12ab,0x130d,0x0a6b,0x024a,0x0aab,0x0a8b,0x0aab,0x0aed,
0x0b0d,0x134d,0x23cf,0x23ce,0x4491,0x23cf,0x0aec,0x2bef,0x2baf,0x132d,0x130d,0x0acc,0x1b4e,0x0acc,0x024b,0x0a6b,
0x130d,0x0aed,0x026b,0x024a,0x026b,0x0a6b,0x0a6b,0x0a4b,0x024b,0x024b,0x022a,0x0209,0x0209,0x022a,0x0a4a,0x0acd,
0x0aed,0x0a8c,0x0a4b,0x0a6b,0x022a,0x022a,0x12ed,0x1b2d,0x238e,0x12ec,0x024a,0x0a8b,0x12cb,0x12cb,0x132d,0x12ec,
0x1b2d,0x0a6a,0x022a,0x0a8b,0x130d,0x1b4e,0x1b6e,0x132e,0x130d,0x1b2d,0x2baf,0x0aec,0x12eb,0x1aeb,0x1b4c,0x12eb,
0x0aab,0x0a4a,0x338d,0x2b8d,0x232b,0x230b,0x230b,0x230b,0x232b,0x22ea,0x12aa,0x0aab,0x1b2c,0x33ef,0x2b8e,0x128a,
0x12aa,0x0a2a,0x0a09,0x0a6a,0x12ab,0x12ab,0x128a,0x12ab,0x1aec,0x1b0c,0x1acb,0x12ab,0x12cc,0x1b0d,0x232d,0x0a6a,
0x0a6a,0x0b0d,0x0acd,0x0a8b,0x0b0d,0x0b0d,0x132d,0x0b0d,0x0aec,0x0aec,0x23cf,0x1baf,0x0acc,0x0acc,0x0a6a,0x12ab,
0x130c,0x12ec,0x236d,0x0a8a,0x0a6b,0x0a6b,0x0a6a,0x0a6a,0x12cc,0x238e,0x1b2c,0x12ec,0x12ec,0x1b2d,0x134d,0x0b0d,
0x0b2d,0x13af,0x2c2f,0x5512,0x4491,0x1baf,0x136e,0x0acc,0x0a8b,0x0aac,0x12ec,0x0acc,0x130d,0x12ed,0x0aac,0x0aed,
0x130e,0x0aed,0x026b,0x02cc,0x0acc,0x0a8b,0x12ab,0x0a8b,0x0acc,0x0aac,0x026b,0x026b,0x028c,0x026b,0x024a,0x0a6b,
0x0a6b,0x0a8b,0x0a6b,0x0aab,0x0a8b,0x022a,0x0209,0x0a8b,0x1b2d,0x238e,0x022a,0x0a6a,0x12ab,0x2bce,0x2bcf,0x0a6a,
0x1b2c,0x0aab,0x0a8b,0x022a,0x0a6b,0x0acc,0x0aec,0x130d,0x0acc,0x1b4d,0x234e,0x026b,0x12ab,0x234c,0x236d,0x1b0c,
0x12cc,0x1aca,0x2b4b,0x3bce,0x33cf,0x2b6c,0x2b2a,0x3b8b,0x3b8b,0x2b2b,0x2b6c,0x12ab,0x12ec,0x232c,0x234d,0x1b4e,
0x12ec,0x0209,0x0a09,0x0a09,0x0a6a,0x128a,0x1acb,0x1b0c,0x12ab,0x12cb,0x12ec,0x12ec,0x12ec,0x130d,0x0a8b,0x12ab,
0x0aec,0x0aed,0x0aac,0x0acc,0x028c,0x0acc,0x0aec,0x0aed,0x0aac,0x0acc,0x134e,0x132d,0x1b6e,0x132d,0x0aac,0x0aab,
0x0aac,0x0aac,0x0aab,0x12cb,0x1b0c,0x1b0c,0x12ec,0x12eb,0x234c,0x238d,0x238d,0x236d,0x1b4d,0x1b6d,0x1b4d,0x0acb,
0x132d,0x23cf,0x4cd2,0x33ef,0x02ab,0x0a8b,0x0a8b,0x0a6b,0x0a8b,0x12ec,0x1b6d,0x23af,0x134e,0x138f,0x0a8b,0x0209,
0x0a2a,0x0a4a,0x0a6b,0x0a8b,0x0a6a,0x0a6a,0x0a6b,0x0aab,0x0acc,0x0a8b,0x0a8b,0x0aed,0x0acc,0x026b,0x0aac,0x0a8b,
0x0acc,0x0acc,0x12ab,0x12ab,0x0a8b,0x0a4b,0x022a,0x0aac,0x0aac,0x236e,0x12ed,0x026b,0x0aab,0x238e,0x0aac,0x0a6a,
0x12ec,0x0acc,0x0aac,0x0a6b,0x0aac,0x0acc,0x0acc,0x134e,0x1b8f,0x23af,0x0aac,0x0a8b,0x0a8b,0x1aeb,0x1aec,0x128a,
0x0a6a,0x1aca,0x336c,0x3b8c,0x3bee,0x4c91,0x5cd1,0x4c0d,0x3b6b,0x332b,0x22ea,0x1aaa,0x0a4a,0x0a6a,0x0a49,0x0aab,
0x0a6b,0x0a4a,0x1aec,0x0a6a,0x0229,0x0a8a,0x1aec,0x12eb,0x12ec,0x238e,0x23ae,0x1b4d,0x23ae,0x1b6e,0x12ec,0x1b2c,
0x130d,0x0acc,0x0aec,0x0a8b,0x024a,0x026a,0x0aab,0x026b,0x026b,0x130c,0x0aec,0x130d,0x1baf,0x0b0d,0x0acc,0x0a8b,
0x0a6b,0x0a8b,0x0a8b,0x0acb,0x1b2c,0x2bef,0x4471,0x3bef,0x2bad,0x238d,0x2bce,0x238d,0x3bef,0x54b1,0x2bce,0x1b4d,
0x3431,0x3430,0x3c51,0x1baf,0x136e,0x130d,0x0aec,0x132d,0x134e,0x132d,0x134e,0x132d,0x12ec,0x0acc,0x0aab,0x020a,
0x12ab,0x1b0c,0x12ab,0x0a29,0x0a8b,0x1b0c,0x0a8b,0x026a,0x026a,0x0acc,0x0acc,0x0acc,0x0a8b,0x024b,0x0a6b,0x0a6b,
0x026b,0x026b,0x12ed,0x0acc,0x0a4a,0x0a4a,0x0a4a,0x024b,0x022a,0x0a6b,0x1b6e,0x0aed,0x132d,0x0aab,0x0a4a,0x0a6a,
0x028b,0x0a6b,0x0aac,0x0acc,0x0acc,0x0b0d,0x0b4e,0x1b8f,0x1b8f,0x0acc,0x0aec,0x0a8b,0x0aab,0x128a,0x0a8a,0x022a,
0x0a29,0x1a89,0x22ca,0x332b,0x2b0b,0x338d,0x54d1,0x3bcd,0x2aea,0x22ca,0x1aa9,0x1a89,0x1249,0x0209,0x0a6b,0x022a,
0x024a,0x0a8b,0x12ec,0x12ab,0x026b,0x028b,0x0aab,0x130c,0x12ec,0x130c,0x1b4d,0x33ef,0x3c91,0x138e,0x130d,0x1b8e,
0x1baf,0x136e,0x132d,0x0acc,0x028b,0x028b,0x0acc,0x12ec,0x238e,0x2bcf,0x12cc,0x1b4d,0x1b8e,0x134d,0x0aec,0x12cc,
0x12ec,0x12cc,0x0acc,0x132d,0x238e,0x23cf,0x2bce,0x340f,0x33ee,0x6533,0x6574,0x33ef,0x3c30,0x4470,0x130c,0x0aab,
0x0aed,0x0b0d,0x0b0d,0x2bf0,0x2c10,0x1b6e,0x136e,0x136e,0x130d,0x0a8b,0x0a8b,0x0a8b,0x0a8b,0x0a6b,0x022a,0x01e9,
0x124a,0x0a49,0x01e9,0x128b,0x12ec,0x2baf,0x1aec,0x0a8b,0x1b4e,0x1bcf,0x0aac,0x022a,0x132e,0x0aed,0x024b,0x026a,
0x024a,0x022a,0x0a8b,0x130d,0x12ec,0x0a4a,0x024b,0x0aab,0x0a6a,0x022a,0x022a,0x0aac,0x0acc,0x024a,0x024a,0x0a49,
0x0a8b,0x0aab,0x0b0d,0x0b4e,0x0b4e,0x2410,0x1bcf,0x3430,0x1b6e,0x0aec,0x12ec,0x0aec,0x0aab,0x128a,0x0a6a,0x0a6b,
0x0a4a,0x1a69,0x22a9,0x22ea,0x22ca,0x22ca,0x3bee,0x3bcd,0x234c,0x232c,0x22eb,0x1aaa,0x1269,0x0a4a,0x0acc,0x0aac,
0x0a8b,0x12cb,0x0aab,0x0a8b,0x0acc,0x0acc,0x0acc,0x0aec,0x0acc,0x0aab,0x238d,0x5d13,0x4492,0x23cf,0x2c30,0x1bf0,
0x136e,0x134d,0x136e,0x136e,0x134e,0x0aec,0x0aec,0x1b4d,0x1b4d,0x130c,0x12eb,0x1b6d,0x130c,0x132d,0x12cb,0x12ec,
0x0aec,0x0b0d,0x1b8f,0x132d,0x0acc,0x0acc,0x12ec,0x1b2c,0x2bae,0x3c0f,0x2b6d,0x1aeb,0x1b2c,0x12ec,0x024a,0x028b,
0x02cc,0x0b0d,0x0b0d,0x0aed,0x12ed,0x12cc,0x1b6e,0x12cc,0x12ab,0x12ab,0x0229,0x0209,0x022a,0x022a,0x0a29,0x0a49,
0x1269,0x1249,0x0a29,0x022a,0x0a6a,0x12ab,0x12cb,0x1acb,0x232d,0x1b2e,0x0a6b,0x026b,0x0b0d,0x0acc,0x0a8b,0x0aac,
0x02ac,0x026b,0x0acc,0x136e,0x130d,0x024a,0x024a,0x0a6b,0x0aac,0x0aac,0x028b,0x026b,0x0aac,0x132d,0x0acc,0x12cb,
0x0b0d,0x0aed,0x130d,0x1b8e,0x134e,0x136e,0x0acc,0x1b4d,0x23af,0x1b4d,0x12ec,0x130c,0x1b2c,0x232c,0x1b2c,0x12aa,
0x0a4a,0x126a,0x126a,0x1a8a,0x22ca,0x22a9,0x330a,0x4bcc,0x4bed,0x3bee,0x2b6d,0x234d,0x1aeb,0x0a6b,0x0aac,0x1b4d,
0x1b0c,0x12cb,0x1b2d,0x12ec,0x0b0c,0x23ae,0x340f,0x238e,0x23ae,0x2bf0,0x23ef,0x132d,0x0b4e,0x134e,0x1b8f,0x0aed,
0x0aec,0x136e,0x3471,0x3472,0x0b2d,0x238e,0x236e,0x0acb,0x0aab,0x1b0c,0x236e,0x238e,0x12eb,0x12ec,0x1b4d,0x130d,
0x136e,0x134d,0x0acc,0x12ec,0x12ec,0x1b4d,0x238d,0x3c2f,0x3c30,0x1b0c,0x1b2c,0x1b4d,0x1b2d,0x0a6b,0x026b,0x0b0d,
0x0aed,0x0acc,0x0aac,0x0a8b,0x0a6a,0x0aac,0x3c30,0x1b4d,0x12cb,0x1b0d,0x0a6b,0x022a,0x0209,0x0a29,0x126a,0x126a,
0x1249,0x1a8a,0x128a,0x0a29,0x022a,0x12ab,0x2b8e,0x2b6d,0x1269,0x0a6a,0x022a,0x0209,0x024a,0x024a,0x132e,0x0b0d,
0x02ac,0x0acc,0x0acc,0x0aec,0x0acc,0x0aac,0x0b0d,0x0b0d,0x130d,0x132d,0x3430,0x132e,0x0acc,0x130d,0x0aed,0x132d,
0x136e,0x0aec,0x130d,0x130d,0x0acc,0x0a8b,0x1b2d,0x1b6d,0x23ae,0x23ae,0x1b2c,0x1b2d,0x130c,0x238e,0x236d,0x1b0b,
0x12cc,0x0aac,0x1acb,0x1a8a,0x1aaa,0x330a,0x32e9,0x3b8c,0x3bac,0x1a68,0x1a69,0x1b0c,0x12ab,0x0a4b,0x12cc,0x2b6d,
0x33ee,0x236d,0x238e,0x132d,0x0acc,0x132d,0x1b6e,0x1b4d,0x23ae,0x1baf,0x0aec,0x0aec,0x0b0d,0x0b0d,0x0aec,0x0aac,
0x132d,0x1bf0,0x2431,0x1b8f,0x0b0d,0x0acc,0x0acc,0x12ec,0x1b0c,0x1b0c,0x130d,0x12cb,0x0a8a,0x12cc,0x0aab,0x0acc,
0x12ed,0x1b2d,0x134d,0x23ae,0x2bae,0x1b2d,0x12ec,0x238e,0x1b4d,0x234d,0x1b2c,0x0acc,0x0a8b,0x0a6b,0x02ac,0x02ed,
0x02ac,0x026b,0x026b,0x0aac,0x0acc,0x0a8b,0x2baf,0x33f0,0x12cb,0x1b0c,0x1b0c,0x0a8b,0x0209,0x1229,0x1269,0x1269,
0x126a,0x1aab,0x12aa,0x0a28,0x01e9,0x0a4a,0x12cb,0x12ab,0x128a,0x12ab,0x0a8b,0x022a,0x022a,0x024a,0x0aac,0x1b4e,
0x0acc,0x0aac,0x0acc,0x024a,0x0a8b,0x0b4e,0x134e,0x1baf,0x0aed,0x130d,0x130d,0x0a6b,0x022a,0x0a8b,0x130d,0x130d,
0x0aab,0x0acc,0x12ec,0x12cc,0x0aac,0x132d,0x1b2d,0x1b0c,0x1b6d,0x3430,0x340f,0x1b4d,0x12ec,0x234c,0x230b,0x128a,
0x1aeb,0x0aac,0x12cc,0x1aeb,0x1aaa,0x2aa9,0x2aa9,0x1a89,0x22ca,0x1a89,0x128a,0x12ab,0x0a2a,0x0a8b,0x230b,0x2b8d,
0x238e,0x12cb,0x130d,0x238e,0x1b4d,0x132d,0x1b6e,0x23af,0x130d,0x0acc,0x130d,0x0b0d,0x0aec,0x0aac,0x0acc,0x0b4e,
0x13af,0x138e,0x0aec,0x0acc,0x0b0d,0x0aed,0x0a8b,0x0a4a,0x0aab,0x0a8b,0x0aab,0x0aab,0x0a6a,0x024a,0x022a,0x0a8b,
0x1b4d,0x1b2d,0x1b2c,0x1b2c,0x236d,0x1b2c,0x33cf,0x238e,0x236d,0x2bae,0x1b4d,0x0b0d,0x0aed,0x0b0d,0x0b2e,0x02cc,
0x024a,0x022a,0x0aac,0x0b0d,0x0aec,0x0a8b,0x022a,0x1b0d,0x2b8e,0x1b2c,0x12cc,0x0a4a,0x0a29,0x126a,0x128a,0x128a,
0x1249,0x09e8,0x1229,0x0a09,0x01e9,0x0209,0x0a4a,0x0a49,0x0a4a,0x022a,0x022a,0x024a,0x0a6b,0x0acc,0x0aec,0x132d,
0x0a8b,0x02ab,0x0b6e,0x0aed,0x0aed,0x0acc,0x0acc,0x0acc,0x028b,0x0a6a,0x0a6b,0x0a6b,0x024a,0x0aac,0x23cf,0x23f0,
0x0a8b,0x0aab,0x0acc,0x130d,0x132d,0x130d,0x12cc,0x12ec,0x130c,0x4492,0x33ef,0x1b2d,0x234d,0x2b8d,0x1aeb,0x128a,
0x1aaa,0x12cb,0x0a6b,0x0a2a,0x128a,0x1aaa,0x1a89,0x1a69,0x1aaa,0x234d,0x12cb,0x0a4a,0x020a,0x0aec,0x1b0c,0x236d,
0x12ec,0x0a8b,0x238e,0x2bef,0x2bee,0x23ad,0x340f,0x2bef,0x1b4d,0x1b4d,0x1b4d,0x132d,0x0aab,0x026b,0x024a,0x026b,
0x0b0d,0x130c,0x0a8b,0x024a,0x024a,0x0acc,0x0acc,0x0a6b,0x12ab,0x0a6a,0x0a6a,0x0a8b,0x12cc,0x0acc,0x024a,0x12cb,
0x12ec,0x1b0c,0x1b0c,0x12ec,0x130c,0x2bae,0x340f,0x238e,0x236d,0x23cf,0x1bd0,0x1b6e,0x136e,0x138f,0x02cc,0x02ac,
0x02ac,0x134e,0x0aed,0x0aac,0x0acc,0x0a6b,0x0a6b,0x0a8b,0x234e,0x236e,0x0a8b,0x0aab,0x0a4a,0x126a,0x0a6a,0x12ab,
0x1acc,0x0a28,0x0a29,0x09e8,0x01c9,0x01e9,0x0a29,0x0229,0x01e9,0x020a,0x01e9,0x0a8b,0x12cb,0x0aec,0x0aec,0x022a,
0x0aac,0x130d,0x136e,0x0aed,0x0b0d,0x0b2d,0x132d,0x026b,0x0a6a,0x0aec,0x130d,0x0a8b,0x0aac,0x0a8b,0x026b,0x028b,
0x0a8b,0x0a8b,0x0aab,0x132d,0x1b6e,0x1b2d,0x234c,0x234d,0x238e,0x1b4d,0x12cc,0x0a8b,0x12cb,0x2b6d,0x2b8e,0x3c10,
0x1aeb,0x12cb,0x12ab,0x0229,0x0a29,0x126a,0x128b,0x126a,0x128b,0x130d,0x0aab,0x022a,0x0aab,0x0acb,0x12cc,0x130d,
0x0aab,0x1b6d,0x23ef,0x238d,0x238d,0x33ef,0x3c71,0x1b6d,0x1bae,0x23cf,0x1b8e,0x134d,0x0aec,0x02ac,0x0acc,0x02cc,
0x024a,0x0aab,0x0aab,0x026b,0x020a,0x022a,0x0aac,0x024a,0x0209,0x0a49,0x0a49,0x0a4a,0x0a6b,0x0a6b,0x0a6b,0x0a8b,
0x1b0c,0x2bce,0x238d,0x236d,0x238d,0x340f,0x130c,0x130d,0x132d,0x132d,0x130d,0x136e,0x23f0,0x0b2d,0x02ac,0x026b,
0x028c,0x0aed,0x024a,0x020a,0x024a,0x0acc,0x1b4e,0x130d,0x1aec,0x1b0d,0x0a6b,0x12cc,0x0a8b,0x0a29,0x0a29,0x128a,
0x128b,0x0a29,0x01c8,0x01e9,0x01e9,0x020a,0x0a8b,0x0a4a,0x0a6b,0x0aed,0x0a6b,0x0aac,0x0aab,0x0acb,0x0acc,0x0aec,
0x130d,0x130d,0x130d,0x0acc,0x0acc,0x132d,0x1bae,0x0aec,0x0a8b,0x130c,0x0b0d,0x0aac,0x0acc,0x0aac,0x0a6b,0x024a,
0x12cb,0x130c,0x23ae,0x238e,0x236d,0x2b8d,0x33ee,0x2b8d,0x12cb,0x12cb,0x1aeb,0x0aab,0x0a6a,0x12ab,0x12cb,0x236e,
0x236e,0x1aec,0x0a49,0x0a29,0x12ed,0x12ec,0x0a4a,0x01e9,0x0209,0x024a,0x0acc,0x130d,0x1b0c,0x12cb,0x1aec,0x130c,
0x12ec,0x2bef,0x23cf,0x1bad,0x342f,0x3c50,0x134d,0x134d,0x136e,0x132d,0x132e,0x130d,0x0aab,0x0acc,0x0aac,0x02ac,
0x026b,0x01e9,0x0a4a,0x022a,0x0209,0x0a2a,0x0a2a,0x0209,0x01e9,0x022a,0x024a,0x01e9,0x0a2a,0x0a4a,0x0a8a,0x12cb,
0x1b2d,0x236d,0x2bce,0x2bce,0x75b4,0x3c30,0x0aec,0x1b6e,0x132d,0x0a8b,0x024a,0x130d,0x0aac,0x028b,0x028b,0x026b,
0x024a,0x026a,0x0a8c,0x0a4a,0x0a8b,0x0a8b,0x0a6b,0x0a4a,0x0a6b,0x3c11,0x236e,0x024a,0x0a8b,0x0a4a,0x0a2a,0x0a09,
0x01c8,0x01e9,0x01c8,0x020a,0x0a6b,0x0a8b,0x0a8b,0x0a4a,0x0a8b,0x0a8b,0x0aac,0x0a6a,0x0aab,0x130c,0x132c,0x132d,
0x134e,0x0acc,0x024a,0x12ec,0x132d,0x238e,0x4cd2,0x23cf,0x134d,0x12ec,0x0b0d,0x0b0d,0x0acc,0x0a8b,0x0a8b,0x130c,
0x1b6e,0x1b8e,0x132d,0x12ab,0x1aeb,0x444f,0x4450,0x1b0b,0x1b0b,0x12eb,0x1b0c,0x1b0c,0x12cc,0x0a6b,0x0a6a,0x0a8b,
0x130d,0x1b0d,0x12ab,0x0229,0x0a29,0x12cc,0x12ec,0x0a8c,0x020a,0x0a8b,0x12ed,0x12cc,0x0a8b,0x0a8a,0x130c,0x130c,
0x238e,0x2bee,0x1b8d,0x3450,0x6553,0x2c0f,0x132d,0x0b0d,0x0aec,0x0a8b,0x024a,0x0209,0x0aed,0x0aed,0x0a8b,0x132d,
0x026b,0x0a29,0x0a49,0x1269,0x1269,0x128a,0x128a,0x126a,0x0a2a,0x0209,0x024a,0x0229,0x0a6a,0x1aec,0x234c,0x1b2c,
0x1b4d,0x1b2d,0x234d,0x5491,0x54f3,0x134d,0x23af,0x1b6e,0x0a6b,0x0a6b,0x0a8b,0x0aac,0x02ac,0x02ac,0x02ac,0x0aed,
0x130d,0x0a8b,0x024a,0x128b,0x12ab,0x0a8b,0x0a8b,0x0a4b,0x024a,0x1b0d,0x4451,0x1b0d,0x12cc,0x12ab,0x0a4a,0x0a4a,
0x022a,0x01e9,0x0a4a,0x128b,0x0a8b,0x128b,0x0a6a,0x0a6b,0x024a,0x130d,0x234e,0x0a8b,0x1b2d,0x236d,0x238e,0x130d,
0x0aec,0x0a8b,0x0a6b,0x0acc,0x12ec,0x1b6e,0x1b6e,0x1b6e,0x1b8f,0x132d,0x12ec,0x0acc,0x12ec,0x0aec,0x130d,0x1b4d,
0x130c,0x12ec,0x12ec,0x1b4d,0x3bee,0x5cf2,0x3c2f,0x2bad,0x234c,0x1aeb,0x1b2c,0x234d,0x1aec,0x0a4a,0x0a4a,0x022a,
0x0a8b,0x12ec,0x12cc,0x12ed,0x12cc,0x0a2a,0x0a29,0x1aec,0x12ec,0x0a8b,0x0a6b,0x0aac,0x130d,0x236d,0x130c,0x130d,
0x2c0f,0x2c0f,0x54f2,0x6d74,0x1b6e,0x0aec,0x0acc,0x130c,0x136e,0x0acc,0x022a,0x022a,0x0a6b,0x024b,0x12ec,0x0aab,
0x0a29,0x1229,0x1269,0x1aeb,0x1a8a,0x1aaa,0x12aa,0x12ab,0x0a4a,0x022a,0x0acc,0x1b0d,0x0aac,0x1b4d,0x234d,0x12cb,
0x2b6d,0x1b4d,0x236e,0x54d2,0x2bcf,0x0aec,0x132d,0x132d,0x0aab,0x0a8b,0x0a6b,0x0aac,0x0aac,0x026b,0x0acd,0x0aed,
0x026b,0x0a8b,0x0acc,0x12ec,0x0a6a,0x12ec,0x132e,0x0acc,0x12ec,0x0a8b,0x0aac,0x12ed,0x0aac,0x33d0,0x1b0d,0x0aab,
0x0a6b,0x0a6a,0x1aeb,0x1b0c,0x232d,0x12ac,0x12ac,0x0a6b,0x0aab,0x130d,0x0a6a,0x0aab,0x238f,0x1b2d,0x12ab,0x0aab,
0x0aac,0x0aac,0x130d,0x1b6e,0x0aec,0x0acc,0x0aec,0x0acc,0x132d,0x23af,0x0acc,0x0acc,0x12ec,0x12cc,0x12ab,0x2b8d,
0x1b4c,0x236d,0x238d,0x2bae,0x234c,0x12cb,0x232b,0x1b0c,0x232c,0x2bae,0x238e,0x1aeb,0x12ab,0x128b,0x0a6a,0x0a2a,
0x022a,0x0a8b,0x0aac,0x0aac,0x1b0c,0x12ec,0x0a8b,0x12cb,0x234d,0x3410,0x23af,0x1b6e,0x54d3,0x4c92,0x2bcf,0x23af,
0x0aec,0x1b4e,0x23af,0x23af,0x1baf,0x23af,0x1b4d,0x1b8e,0x1b8f,0x0aec,0x0aab,0x0aac,0x0a6b,0x12ec,0x0aab,0x0a29,
0x1249,0x1acb,0x22eb,0x1aeb,0x1a8a,0x128a,0x128a,0x0a49,0x01e8,0x01e9,0x022a,0x0a4a,0x128b,0x130d,0x0acc,0x234d,
0x3c30,0x130c,0x0acc,0x0b0d,0x23ae,0x2bcf,0x0b0d,0x130d,0x132d,0x12ec,0x0acc,0x0aac,0x026b,0x026b,0x0aab,0x0acc,
0x0acc,0x0acc,0x1b4e,0x23d0,0x23af,0x234e,0x0acc,0x130d,0x0aab,0x024a,0x0a4b,0x024a,0x0a4a,0x12ac,0x2bcf,0x33ef,
0x12ec,0x12ec,0x1b2d,0x2b8e,0x3410,0x230d,0x128b,0x0a4a,0x12ac,0x0a4a,0x0a8b,0x12ec,0x0aab,0x12aa,0x12ab,0x0a8b,
0x0aab,0x134d,0x1b4e,0x12ec,0x0acc,0x0a4a,0x12ec,0x12ec,0x0a8b,0x1b6e,0x1bd0,0x0acc,0x12ec,0x130c,0x2b8d,0x338d,
0x3c0f,0x2bae,0x1b0c,0x1b0c,0x1b2b,0x234c,0x1b2c,0x232c,0x1b2c,0x1aeb,0x12ab,0x0a6b,0x0a4a,0x0a8b,0x0a8b,0x0a8c,
0x0a6b,0x0a4a,0x0a4a,0x0a4a,0x0a6b,0x0aab,0x0a8b,0x0aac,0x0acc,0x12ec,0x1b4d,0x4471,0x3c31,0x130d,0x1b2d,0x0acc,
0x0acc,0x0aed,0x0aed,0x0aed,0x0acc,0x1b4d,0x2bef,0x1b8e,0x130d,0x12cb,0x12ec,0x0a8b,0x01e9,0x0a09,0x01e9,0x0a29,
0x1269,0x1aaa,0x1269,0x1249,0x0a29,0x0a29,0x01e9,0x01c8,0x01c8,0x022a,0x026b,0x0a6b,0x0a6a,0x12ab,0x12ec,0x238e,
0x238e,0x1b2d,0x0aac,0x0aed,0x0aec,0x23cf,0x134e,0x0aec,0x1b8e,0x136e,0x0b0d,0x024a,0x026b,0x028c,0x0aac,0x134e,
0x134e,0x12ec,0x130d,0x132d,0x1b4e,0x0a8b,0x024a,0x024a,0x024b,0x0a8c,0x024a,0x022a,0x0aac,0x1b0d,0x1b0d,0x4410,
0x4430,0x1b0c,0x12cb,0x12cb,0x236d,0x236d,0x12cb,0x12ec,0x0aab,0x0a6b,0x12ab,0x0aab,0x0aab,0x12cb,0x12cb,0x12cb,
0x1b4d,0x1b8e,0x130d,0x130d,0x130d,0x0a4b,0x0a8b,0x132d,0x0b0d,0x0aec,0x132d,0x12ec,0x2bae,0x3c0f,0x3c0f,0x1aeb,
0x2b8e,0x1b0c,0x12eb,0x1b0b,0x234c,0x1b0c,0x0a8b,0x1aeb,0x0a8b,0x024a,0x0a8b,0x0a6b,0x132e,0x0aed,0x0aac,0x0aac,
0x0aed,0x0aac,0x0acc,0x0aac,0x0a8b,0x0a6b,0x0aab,0x0aab,0x0acc,0x130d,0x23af,0x238f,0x0aab,0x12ec,0x0aec,0x0aed,
0x0b4e,0x0b2e,0x0aac,0x026b,0x0aac,0x130d,0x1b8e,0x130c,0x0acc,0x0a8b,0x0a6a,0x0a29,0x0a4a,0x0a09,0x01e9,0x0a29,
0x0a49,0x0a49,0x0a29,0x09e9,0x01c8,0x0a2a,0x022a,0x01e9,0x0a2a,0x0aac,0x12cc,0x0a8b,0x024a,0x1aec,0x12cc,0x12cb,
0x130c,0x12ac,0x02ac,0x0aed,0x02ac,0x2c10,0x3471,0x0b2d,0x1b8f,0x0b2e,0x0aec,0x0acc,0x02ac,0x0acc,0x1bcf,0x1bcf,
0x136e,0x0b0d,0x028b,0x022a,0x026b,0x024a,0x024b,0x0a6b,0x0a8b,0x0aac,0x0acc,0x0aac,0x026b,0x0a8b,0x12cc,0x1aec,
0x232d,0x1aec,0x0a8b,0x12ab,0x12ec,0x1b2d,0x1b2d,0x1b2d,0x0a8b,0x0a6a,0x12cb,0x12ab,0x12cb,0x1b2d,0x1b0c,0x1b2d,
0x1b4d,0x134d,0x0b2d,0x0aec,0x0acc,0x0a8b,0x0a8b,0x130d,0x0acc,0x0a8b,0x0a8b,0x236e,0x3c10,0x3bcf,0x12eb,0x12eb,
0x33f0,0x238e,0x130c,0x1b0c,0x12cb,0x12ab,0x0aab,0x0a6a,0x0aac,0x136f,0x134e,0x0aec,0x136e,0x1b6e,0x1b8f,0x132e,
0x130d,0x0a6b,0x0a6b,0x0aac,0x12ed,0x12cc,0x1b0d,0x2b6e,0x33ef,0x3c31,0x130d,0x0acc,0x12ec,0x12ec,0x130d,0x132e,
0x0aed,0x0a8c,0x0a6b,0x0a8b,0x0a8b,0x0a8b,0x12ac,0x132d,0x12cc,0x0a4a,0x0a29,0x0a49,0x0a09,0x0a09,0x0209,0x09e9,
0x09e8,0x09e8,0x01c8,0x01c9,0x0a6a,0x0acb,0x0a8b,0x028b,0x0a6b,0x0a6b,0x128b,0x1b0d,0x1aec,0x236e,0x0a8b,0x128b,
0x0a4a,0x020a,0x0a6b,0x0acc,0x0aed,0x132d,0x3451,0x2c51,0x134e,0x0aec,0x0b0d,0x0acc,0x02ab,0x0b2d,0x0b6e,0x0b0c,
0x0aed,0x0aac,0x0a8b,0x0acd,0x0a8b,0x028b,0x026b,0x0a8c,0x0acc,0x0aed,0x0b0d,0x0a8b,0x022a,0x0a4a,0x0a4a,0x0a4a,
0x128b,0x12ac,0x0a4a,0x0a4a,0x0a6a,0x0a29,0x126a,0x128a,0x22eb,0x22ea,0x230b,0x230b,0x1aeb,0x12ab,0x1b2c,0x1b2c,
0x0a8a,0x0aaa,0x1b8f,0x0b2d,0x0acc,0x0a8b,0x0a8b,0x132d,0x12ec,0x0a8b,0x236f,0x33f0,0x0aab,0x126a,0x1aec,0x12ab,
},
{
0x3264,0x32a5,0x6ca7,0x3b04,0x2a04,0x3284,0x4345,0x5c06,0x3aa5,0x1184,0x2265,0x2265,0x1a04,0x2b05,0x32c5,0x2204,
0x3b25,0x4366,0x2a44,0x4304,0x3b04,0x3aa4,0x31e4,0x3ac4,0x4365,0x4325,0x6486,0x5c25,0x53c5,0x4344,0x29e4,0x3ac5,
0x64c6,0x4346,0x19a3,0x2204,0x3305,0x2264,0x32e5,0x2285,0x2244,0x19e3,0x2a84,0x4ba5,0x3304,0x2264,0x2a84,0x6ca6,
0x4324,0x32a3,0x6466,0x53e5,0x53e6,0x5c46,0x2a64,0x1a04,0x3b25,0x32e5,0x2a64,0x5427,0x42e6,0x3a04,0x53a6,0x5405,
0x53c5,0x6c0a,0x6388,0x5ba7,0x3ac4,0x3ae3,0x4364,0x3b45,0x3b04,0x3ac4,0x53e6,0x4ba5,0x4b85,0x53a6,0x4b65,0x3284,
0x32c4,0x6447,0x4365,0x2a64,0x4365,0x32a5,0x2a04,0x3a83,0x2a84,0x32c4,0x3b24,0x32e3,0x2a63,0x4343,0x3283,0x53e5,
0x32e4,0x2a84,0x4364,0x3aa4,0x5be5,0x53c4,0x6425,0x2a03,0x4304,0x6424,0x3264,0x3224,0x4304,0x3264,0x31e4,0x2aa5,
0x19e4,0x2a84,0x2a85,0x2aa5,0x2a64,0x42c4,0x3264,0x3ae4,0x4304,0x53c6,0x4325,0x42c4,0x3ae5,0x42e4,0x3204,0x5405,
0x4325,0x4ba5,0x2a84,0x32a4,0x5427,0x3b05,0x2aa4,0x2224,0x19e4,0x2265,0x2285,0x19c4,0x21e4,0x2a84,0x3284,0x21e3,
0x2264,0x32a4,0x42e4,0x53e5,0x5406,0x53e6,0x32c4,0x32e3,0x3264,0x74c8,0x4364,0x4325,0x7527,0x2a03,0x3264,0x4365,
0x3b25,0x5446,0x4365,0x2265,0x2aa5,0x11c3,0x1a44,0x2ac5,0x2aa5,0x11c3,0x3305,0x2aa4,0x32c4,0x32c4,0x2a84,0x53e5,
0x53e5,0x4324,0x3ae4,0x5c45,0x3b04,0x32e4,0x2ae4,0x11e3,0x4346,0x4be7,0x4386,0x32a5,0x4326,0x42e5,0x53c6,0x3ac4,
0x4344,0x2aa3,0x32e3,0x2aa2,0x3b04,0x53a5,0x4b84,0x3b45,0x32a4,0x2a23,0x4b65,0x4ba5,0x32a4,0x4344,0x2a64,0x5447,
0x4365,0x53c6,0x4365,0x3b44,0x4344,0x31e3,0x3aa5,0x6487,0x2a44,0x3304,0x32e3,0x4345,0x4b07,0x4b65,0x3b24,0x4305,
0x3a64,0x2203,0x53a5,0x5c46,0x4b85,0x5c44,0x4b64,0x2a23,0x4b84,0x42e4,0x4b44,0x5384,0x3224,0x3284,0x29e3,0x2204,
0x2204,0x2204,0x21e4,0x2265,0x2285,0x3264,0x5385,0x4304,0x3b05,0x3263,0x2a03,0x3a84,0x3a84,0x2a04,0x4b85,0x5405,
0x74c7,0x5c05,0x3ac4,0x32e4,0x2a44,0x2aa4,0x2a24,0x2a04,0x2a85,0x32c6,0x2225,0x3b06,0x32e6,0x19c3,0x21e3,0x3ae4,
0x1a03,0x3ae5,0x6487,0x3284,0x4344,0x3b05,0x2a03,0x3263,0x31e3,0x5345,0x4b85,0x4ba5,0x4324,0x4304,0x3ac4,0x2223,
0x3284,0x5c45,0x4bc5,0x1a04,0x2244,0x2204,0x1a04,0x2245,0x2265,0x2aa5,0x2224,0x4325,0x6486,0x4384,0x11a3,0x2203,
0x6466,0x7d25,0x4344,0x2243,0x2aa3,0x32e4,0x2a84,0x29e3,0x2a03,0x4be7,0x2a44,0x2a44,0x3b24,0x4365,0x3264,0x5364,
0x4324,0x32e4,0x3b44,0x4344,0x4324,0x74a6,0x32a3,0x3ac4,0x5384,0x3a84,0x7d27,0x5c46,0x6cc7,0x2a44,0x5427,0x3345,
0x3304,0x53e6,0x32c4,0x2a43,0x42c4,0x4b46,0x3b05,0x4be6,0x32c4,0x4ba4,0x3283,0x6c0a,0xadce,0x6bca,0x2aa3,0x5be6,
0x3244,0x2a44,0x6426,0x3ae4,0x3264,0x4344,0x5384,0x4b24,0x5be4,0x2a23,0x42c3,0x2183,0x4284,0x4304,0x3ac4,0x3aa4,
0x2224,0x2244,0x2a64,0x2244,0x2aa5,0x3284,0x4365,0x32a4,0x3ae4,0x32a4,0x3b04,0x43a6,0x4305,0x3284,0x4bc5,0x4325,
0x3a84,0x53e6,0x5426,0x3b25,0x4b66,0x32c5,0x32a4,0x21e4,0x2a65,0x2245,0x32a5,0x3306,0x32e5,0x2264,0x43c6,0x2a84,
0x2a64,0x53c6,0x32e5,0x3304,0x53e6,0x42e4,0x31c3,0x3a84,0x3243,0x4b25,0x3ac4,0x4325,0x53e6,0x3a63,0x5364,0x3aa3,
0x3ae4,0x32a3,0x3304,0x2265,0x1a24,0x2285,0x3306,0x2ac6,0x2aa5,0x2285,0x1a04,0x4305,0x53c5,0x2264,0x4ba5,0x6cc6,
0x4345,0x4ba5,0x53e5,0x5c25,0x32e4,0x4365,0x5c27,0x2a24,0x2285,0x3245,0x3204,0x5c27,0x32a4,0x4b85,0x4345,0x4304,
0x2ac4,0x3345,0x4385,0x3b04,0x4364,0x6445,0x4324,0x4324,0x4b64,0x5bc5,0x4b84,0x19e3,0x3b44,0x2264,0x4b86,0x5407,
0x32c5,0x4346,0x3b05,0x3264,0x42c4,0x4386,0x2a64,0x2a84,0x4385,0x3b03,0x63c8,0xa58e,0x9d2a,0xadb0,0x3ac5,0x3b24,
0x3a44,0x3203,0x2a84,0x3b05,0x53c5,0x21e3,0x42e4,0x5343,0x4b44,0x42e4,0x4b23,0x4b45,0x6426,0x53c5,0x3a84,0x3a84,
0x3264,0x4324,0x32c4,0x53a5,0x4b25,0x3b05,0x3304,0x43c5,0x3284,0x3b05,0x3b44,0x32c5,0x2aa5,0x3b45,0x4be5,0x2284,
0x2a63,0x4ba6,0x32c5,0x3325,0x5c47,0x2224,0x3b05,0x3ac5,0x2984,0x2a44,0x3b05,0x32a5,0x32c4,0x3b25,0x4385,0x2aa4,
0x2ac5,0x32c4,0x4bc6,0x32e4,0x3ae5,0x4b05,0x4b05,0x6426,0x5405,0x3204,0x2a03,0x3243,0x3aa4,0x3ac4,0x6c85,0x4324,
0x4324,0x19e3,0x2264,0x19e4,0x2ae5,0x2aa5,0x3b87,0x2265,0x2285,0x2264,0x1983,0x2aa4,0x3b24,0x4bc5,0x5405,0x32e4,
0x6466,0x4b85,0x4345,0x3284,0x19e3,0x4bc6,0x4b46,0x21a3,0x2224,0x1963,0x2aa4,0x43a5,0x2a43,0x3ae5,0x7507,0x4ba4,
0x3283,0x2aa4,0x32a4,0x42e4,0x2263,0x2a63,0x3ac4,0x3aa4,0x32a4,0x6ca5,0x3b44,0x2283,0x2aa4,0x2aa4,0x1a04,0x2a24,
0x2204,0x1a23,0x2203,0x42e4,0x3284,0x3283,0x3b44,0x4b65,0x63e4,0x4ba4,0x43a3,0x3aa6,0xa590,0x3245,0x2a83,0x4364,
0x4b24,0x53c5,0x4b45,0x53a4,0x4b24,0x31c3,0x42c4,0x42a3,0x3aa4,0x6445,0x21a3,0x5ba6,0x6cc6,0x3ae3,0x3a43,0x3a63,
0x6465,0x6405,0x5385,0x5c05,0x3ae4,0x3b24,0x2243,0x4385,0x2244,0x2244,0x2a84,0x2a24,0x19e3,0x3305,0x4364,0x2aa3,
0x3b45,0x2ae4,0x22c4,0x2ac4,0x2284,0x2a84,0x4ba6,0x4b86,0x29c4,0x3a64,0x42a4,0x4345,0x4325,0x2a84,0x4c06,0x32e4,
0x2ae4,0x19e4,0x32c5,0x1a04,0x2223,0x4263,0x6406,0x6446,0x4365,0x3264,0x3aa3,0x4b23,0x4b23,0x4324,0x53a4,0x2a03,
0x2204,0x32c4,0x2aa4,0x2a44,0x3305,0x2a44,0x2a44,0x21c4,0x2264,0x3aa4,0x29a3,0x53e6,0x4ba5,0x64a6,0x2ac4,0x2243,
0x5c66,0x2a83,0x3b44,0x22a4,0x2aa3,0x21a3,0x42a4,0x3284,0x2264,0x2a85,0x3264,0x2244,0x1a03,0x4305,0x3ac4,0x53a5,
0x3a64,0x3243,0x3283,0x3243,0x3aa4,0x5be4,0x4304,0x2a23,0x53a5,0x4b65,0x3b04,0x4304,0x2a24,0x2aa5,0x22a5,0x19c4,
0x3b05,0x3325,0x2a24,0x4324,0x3b64,0x5c25,0x74e6,0x2a03,0x21a3,0x32a3,0x5404,0x3ae3,0x3b04,0x53c4,0x3283,0x4264,
0x4b04,0x4b85,0x3a84,0x6c64,0x4b04,0x4b45,0x4b24,0x3a84,0x5384,0x4b64,0x3264,0x3243,0x3283,0x2a03,0x29e3,0x4b64,
0x4b64,0x6ca5,0x6446,0x4304,0x4304,0x2a63,0x2244,0x2224,0x2ac5,0x3345,0x2284,0x2ae5,0x2265,0x2244,0x3b04,0x4b84,
0x3b65,0x2aa4,0x21e3,0x21e4,0x32c4,0x32c4,0x4325,0x4345,0x4ba5,0x4b45,0x3aa4,0x3a84,0x3244,0x2a84,0x4bc6,0x2a84,
0x2ac4,0x1a24,0x2ae5,0x2224,0x2264,0x3224,0x5bc6,0x6406,0x3ae4,0x2a43,0x53c4,0x4324,0x5c05,0x5c45,0x4364,0x2223,
0x3b04,0x4b64,0x3b44,0x32a4,0x3ac4,0x3ae4,0x3b45,0x2a44,0x3204,0x4386,0x3b24,0x2ac4,0x2a43,0x3b24,0x19c3,0x3b25,
0x5c66,0x11a3,0x5405,0x4365,0x3324,0x3264,0x4ba5,0x4365,0x2a04,0x2a84,0x3284,0x4386,0x3b45,0x6cc7,0x4b65,0x4ba6,
0x3224,0x42c4,0x53c5,0x2a43,0x4b64,0x74c5,0x5be5,0x2a63,0x3b04,0x2a43,0x42e4,0x29e4,0x2a25,0x2285,0x22a5,0x2265,
0x2ac5,0x2aa5,0x2244,0x32c4,0x3aa4,0x29e3,0x3223,0x5be6,0x5c46,0x5c06,0x3b04,0x32c3,0x4bc4,0x6445,0x2a23,0x6426,
0x6466,0x5385,0x3a83,0x3aa3,0x29e3,0x4b44,0x4323,0x32a4,0x4344,0x4304,0x21e3,0x53c5,0x3aa4,0x3a64,0x6c86,0x6485,
0x2a43,0x3ac4,0x6465,0x21e3,0x5c06,0x3ae4,0x32e4,0x2ac4,0x3345,0x3b04,0x3b25,0x4365,0x2264,0x32e5,0x4345,0x53c5,
0x3b25,0x3324,0x31e3,0x31c4,0x21c3,0x4b86,0x53e6,0x32e4,0x32e4,0x2a64,0x3ae4,0x29e3,0x42e4,0x3aa4,0x32a4,0x3b25,
0x2ac4,0x2244,0x32e5,0x2a44,0x2244,0x2a03,0x3a43,0x4b44,0x4344,0x3b04,0x4ba4,0x3ac4,0x3ae4,0x4384,0x2204,0x3ac3,
0x5bc4,0x4b84,0x2223,0x53c6,0x6ce6,0x5406,0x3ae4,0x3263,0x3ac5,0x3284,0x32c4,0x2a44,0x4ba5,0x3b44,0x1982,0x4ba5,
0x2a63,0x1a43,0x4385,0x4365,0x2203,0x2a64,0x2a64,0x3ae4,0x2a44,0x3306,0x2ac4,0x2aa4,0x4ba5,0x2ac4,0x2264,0x6c67,
0x3264,0x3ac4,0x3b25,0x32e5,0x6c67,0x32c4,0x2203,0x5c46,0x5406,0x2a83,0x2224,0x21c4,0x2285,0x2ac6,0x2265,0x32c5,
0x2224,0x2224,0x32e5,0x2a65,0x31e3,0x42e4,0x32c3,0x3b04,0x5446,0x5c86,0x3b05,0x21c3,0x3264,0x3305,0x2a44,0x4305,
0x5385,0x3a84,0x3aa4,0x4324,0x42c4,0x4b24,0x3263,0x2223,0x21e3,0x5384,0x3283,0x4ba4,0x4b24,0x3a84,0x3264,0x6c86,
0x3243,0x42e4,0x74e6,0x3aa4,0x3ac4,0x3b65,0x43a5,0x2aa4,0x2aa4,0x32c4,0x3b05,0x3b45,0x3284,0x32a4,0x2a63,0x32c4,
0x2224,0x3ae4,0x42e5,0x3284,0x2ac4,0x3b25,0x4ba6,0x3ae4,0x32c3,0x2a44,0x6c86,0x4b45,0x6446,0x53c5,0x53c6,0x2224,
0x2a24,0x2224,0x1a24,0x3305,0x2ac5,0x3a84,0x53a5,0x4364,0x2a64,0x4bc6,0x3b24,0x3b04,0x2a63,0x4be4,0x3ac4,0x4b24,
0x6444,0x4b64,0x2a44,0x6486,0x6486,0x1962,0x2183,0x42a4,0x4bc6,0x4325,0x3284,0x21c3,0x4325,0x2aa4,0x3ae5,0x53c5,
0x3264,0x3b25,0x32a4,0x4b85,0x2a44,0x3264,0x32e4,0x32a4,0x2a65,0x32c6,0x2a85,0x3305,0x2a84,0x1a24,0x2284,0x2aa4,
0x32c4,0x4ba5,0x2243,0x53e6,0x4366,0x32e4,0x3304,0x5446,0x5c66,0x3b65,0x43a5,0x1a04,0x2a85,0x2aa6,0x1a45,0x2245,
0x2285,0x2285,0x2205,0x2204,0x3224,0x4bc5,0x5466,0x43c6,0x4ba5,0x5426,0x2203,0x4345,0x4386,0x3305,0x21c3,0x32a4,
0x32c4,0x3284,0x29a3,0x4b64,0x4304,0x3ac3,0x53a4,0x4b44,0x3ac4,0x4b64,0x3ac4,0x4b65,0x4b44,0x4324,0x3a84,0x6445,
0x4344,0x4344,0x3283,0x4b65,0x3aa3,0x2aa4,0x3305,0x3ae4,0x2a83,0x3284,0x2a44,0x2ac4,0x2a64,0x3ac4,0x53c5,0x4b86,
0x3aa5,0x53e7,0x5407,0x22a4,0x2264,0x3b25,0x53e7,0x2a44,0x32a4,0x3263,0x4324,0x4b65,0x5c26,0x3b04,0x3ac4,0x3b25,
0x3284,0x21e4,0x2224,0x2a44,0x2a03,0x42a4,0x3ae5,0x3325,0x21c2,0x4b86,0x4366,0x3b66,0x2244,0x3b04,0x4304,0x5ba5,
0x5384,0x53c5,0x5427,0x3ae4,0x3ae5,0x4346,0x4324,0x32a4,0x32c4,0x32c4,0x4ba6,0x4386,0x19e4,0x1a04,0x2a44,0x3223,
0x3284,0x21c3,0x21c3,0x2a64,0x3b05,0x3303,0x3304,0x32a4,0x4bc7,0x4ba7,0x2a45,0x5428,0x4386,0x32e5,0x2ae5,0x2ae5,
0x2a84,0x2244,0x2a64,0x5448,0x19e3,0x32e5,0x6d09,0x5447,0x2aa4,0x2a24,0x2aa4,0x2aa5,0x2a45,0x22a5,0x1a44,0x2ac6,
0x2245,0x2285,0x1a04,0x2224,0x21c3,0x53e6,0x7568,0x4be6,0x3284,0x7dc9,0x3b25,0x2223,0x3b45,0x43c6,0x29c4,0x2a44,
0x2b46,0x2264,0x4324,0x5385,0x42e4,0x3b04,0x3ae4,0x4b44,0x3ae4,0x4324,0x3263,0x4324,0x4304,0x2223,0x2a43,0x4ba5,
0x4344,0x6cc6,0x4324,0x4344,0x42c3,0x2a64,0x4b86,0x3ae4,0x32e5,0x4366,0x32c5,0x2244,0x3304,0x32c4,0x32c4,0x4b85,
0x53e6,0x3b25,0x2aa4,0x32e5,0x4bc6,0x19e3,0x2283,0x3b04,0x3b04,0x4ba5,0x5c04,0x4344,0x2a43,0x3ae4,0x5385,0x2a23,
0x3a84,0x42c5,0x2a24,0x3264,0x3264,0x4345,0x3ac5,0x3264,0x3264,0x32e5,0x2a65,0x3b26,0x2a84,0x2223,0x53a5,0x6446,
0x2a43,0x21c3,0x53e7,0x4346,0x5bc6,0x6ca8,0x3ac4,0x3283,0x3a84,0x3264,0x3aa4,0x2285,0x1a04,0x2203,0x2ac5,0x32c5,
0x53e7,0x2a64,0x3204,0x32a4,0x3b84,0x4b47,0x42e5,0x3b03,0x4bc5,0x3305,0x2a85,0x2204,0x2224,0x3b05,0x2ac4,0x4c06,
0x3325,0x2264,0x5c07,0x2a84,0x11c3,0x4bc6,0x4366,0x19e3,0x2284,0x53e6,0x32a4,0x2a24,0x2a44,0x22a5,0x3306,0x2265,
0x1183,0x2aa5,0x2264,0x2285,0x3244,0x3325,0x3b25,0x2244,0x1a23,0x2a64,0x32c4,0x2243,0x2224,0x2a84,0x3264,0x32a5,
0x2a44,0x2a44,0x4345,0x2a43,0x5c26,0x3ac4,0x32c3,0x3263,0x4b63,0x42e4,0x3ac3,0x3ac4,0x3ac4,0x2aa4,0x5c46,0x32c4,
0x32c4,0x6465,0x2a43,0x3b24,0x4b64,0x2a03,0x4b65,0x32e5,0x3b46,0x2aa5,0x2a85,0x2a85,0x3324,0x3b04,0x32e4,0x4ba6,
0x53e6,0x4386,0x3b25,0x2a64,0x32e4,0x3304,0x3b64,0x3323,0x3b44,0x8569,0x6446,0x2223,0x4b85,0x4b44,0x4304,0x4b24,
0x4ba5,0x3aa4,0x3203,0x32a4,0x2aa4,0x32c5,0x3ae5,0x29c3,0x3a84,0x2a64,0x2223,0x1a03,0x32c4,0x2a43,0x4324,0x3b23,
0x2223,0x2a43,0x5c47,0x4be6,0x4365,0x7548,0x4325,0x3b04,0x32a4,0x3ae4,0x29e3,0x19c3,0x11c3,0x43a6,0x4be7,0x2b05,
0x2aa5,0x2aa5,0x3305,0x2a43,0x3aa5,0x9d2f,0x954c,0x6bca,0x2222,0x3b44,0x21e4,0x1a24,0x2264,0x4345,0x3ae4,0x5405,
0x2ac4,0x43c6,0x2aa4,0x2223,0x2244,0x4345,0x32e4,0x2243,0x5406,0x3b64,0x2aa3,0x31e3,0x2a64,0x32a5,0x4c08,0x19e4,
0x19e3,0x1a24,0x2aa5,0x2a03,0x3ac4,0x32c4,0x1922,0x2ae4,0x2264,0x1a03,0x2264,0x22a4,0x2ae4,0x4ba5,0x2a84,0x3284,
0x29e3,0x3ae5,0x3224,0x29a3,0x3ac4,0x3ac4,0x4b44,0x2a23,0x5384,0x4b44,0x3ae3,0x19e3,0x19e4,0x32c5,0x2a84,0x3304,
0x2ae4,0x3ac3,0x3b04,0x53a4,0x3203,0x4b25,0x4386,0x32e5,0x3b65,0x2a85,0x2265,0x2264,0x4325,0x4304,0x3b24,0x32e5,
0x3b25,0x3b45,0x2a63,0x3ac4,0x1a02,0x4326,0x8ccc,0x742a,0x4344,0x3b24,0x32c4,0x11c3,0x4304,0x4b84,0x19e3,0x4324,
0x3b05,0x29e3,0x3284,0x3b45,0x32a4,0x3aa5,0x2a85,0x2ac5,0x32a4,0x53e6,0x2a43,0x2a23,0x6c46,0x4324,0x4324,0x4324,
0x2202,0x4ba5,0x960b,0x5c67,0x2244,0x53e6,0x32a4,0x4384,0x32e4,0x2a24,0x2a23,0x2264,0x2a84,0x3b26,0x3b45,0x2aa5,
0x2264,0x3305,0x2a24,0x32a3,0x7cec,0x950c,0xa56b,0x7c4c,0x2a83,0x4ba4,0x2a44,0x3325,0x3ba6,0x32c5,0x2a63,0x5be5,
0x2a84,0x2284,0x4386,0x6cc7,0x53e6,0x2244,0x53e6,0x6ca8,0x6486,0x3304,0x2a83,0x32c3,0x2a84,0x3264,0x3304,0x2a43,
0x4b45,0x2a24,0x3b05,0x3b66,0x43a6,0x32c5,0x19c3,0x2a84,0x2203,0x4345,0x4344,0x4ba5,0x53a5,0x5c26,0x3a64,0x31c3,
0x3a04,0x3b05,0x3b45,0x3b25,0x43a6,0x3b25,0x3224,0x3aa4,0x3263,0x3283,0x3ac3,0x2a24,0x2a64,0x2ac4,0x32c4,0x5c66,
0x2aa4,0x3223,0x4b45,0x32c4,0x2a24,0x4346,0x3b65,0x2a63,0x3bc6,0x3b25,0x2a83,0x32c3,0x4303,0x4324,0x2a84,0x2264,
0x22a4,0x2263,0x4bc4,0x4364,0x5c06,0x94cc,0x9d0a,0xb5ef,0x4b27,0x4ba4,0x4365,0x3304,0x32c4,0x4bc5,0x21c3,0x3284,
0x3b04,0x3223,0x3223,0x3b05,0x4b67,0x5c28,0x3b26,0x2244,0x2ae4,0x1a03,0x3ae5,0x53a6,0x2a64,0x5c87,0x4324,0x3283,
0x4344,0x4344,0x4b65,0x3b25,0x2aa4,0x1a03,0x3b24,0x4364,0x3284,0x3265,0x3ac5,0x3284,0x2224,0x19c4,0x32c5,0x2ac4,
0x32c5,0x3b45,0x42e5,0x3ae5,0x2b03,0x746b,0x848b,0x2a63,0x4324,0x3aa4,0x32c4,0x4324,0x3ae5,0x3b45,0x2264,0x2a84,
0x32c4,0x2264,0x3b45,0x3b45,0x5c67,0x2aa4,0x2a44,0x2a64,0x4ba6,0x3243,0x3284,0x43c5,0x2203,0x2a43,0x3b04,0x4344,
0x3a63,0x3aa4,0x4c07,0x3325,0x2224,0x2ac5,0x3366,0x2a24,0x31c3,0x3b04,0x4bc5,0x3b04,0x53c5,0x53c5,0x4325,0x4305,
0x3224,0x29c3,0x2ac5,0x2a64,0x3b25,0x2a64,0x32a4,0x5386,0x4b85,0x32a4,0x3243,0x3a44,0x32c4,0x2264,0x2a64,0x4385,
0x4bc5,0x3243,0x42e4,0x2244,0x2204,0x29e4,0x2a44,0x3a64,0x2244,0x3b64,0x5be6,0x5367,0x6406,0x5be4,0x4b44,0x2ac5,
0x2ae4,0x3b44,0x3b24,0x32c3,0x4324,0x740a,0x9d4d,0x84ab,0x5348,0x2a83,0x3ae5,0x3264,0x3264,0x5405,0x2a24,0x3264,
0x3b04,0x42c5,0x3203,0x4305,0x5c27,0x2a44,0x3b06,0x32c5,0x3304,0x2aa4,0x3b46,0x64a8,0x43c7,0x4386,0x32e5,0x4b44,
0x4304,0x32a4,0x32e4,0x2a63,0x4345,0x2a63,0x4304,0x4345,0x2a24,0x3b66,0x4385,0x3244,0x2223,0x19e3,0x19c3,0x43a6,
0x4c07,0x3ae5,0x4c27,0x3b05,0x3283,0x4345,0x32c4,0x53e4,0x3ac4,0x4b05,0x4345,0x4b44,0x3204,0x3b04,0x2264,0x3b44,
0x2244,0x4345,0x4386,0x1a63,0x2ac4,0x53e6,0x32e5,0x3b65,0x43c5,0x3b44,0x53a5,0x5c25,0x4b65,0x3263,0x3ac4,0x42e4,
0x2a43,0x3305,0x3b65,0x3305,0x3b25,0x4386,0x2264,0x2aa4,0x2a24,0x3223,0x3284,0x3283,0x3ae3,0x3aa3,0x3a64,0x3223,
0x2264,0x2ae5,0x2285,0x1a03,0x2224,0x32e4,0x3ae5,0x2a04,0x3a44,0x3283,0x32a4,0x3ac4,0x3284,0x2a23,0x5426,0x32c4,
0x2a84,0x2a24,0x3b04,0x3304,0x2204,0x32a5,0x2ae5,0x2a03,0x2a43,0x2a83,0x84ac,0x9d4d,0x846c,0x2a22,0x4b24,0x3b25,
0x2a63,0x4345,0x3b66,0x32c3,0x2a42,0x32c4,0x63e9,0x3283,0x3283,0x3264,0x2a24,0x2a24,0x3aa4,0x4324,0x3264,0x3244,
0x3224,0x4264,0x42a4,0x53a5,0x32c5,0x3306,0x3306,0x32c5,0x4345,0x2284,0x4b87,0x3b46,0x2ac4,0x2aa4,0x6ca9,0x3ac4,
0x32a4,0x2a84,0x2aa5,0x3244,0x4b45,0x3244,0x3ac4,0x32c4,0x3b25,0x3b04,0x4324,0x3284,0x3224,0x3264,0x3aa5,0x6ce9,
0x4bc7,0x32c5,0x4365,0x29c3,0x3284,0x4305,0x3244,0x6c86,0x3aa4,0x4325,0x3b25,0x42c4,0x3a84,0x2a44,0x4365,0x5425,
0x3284,0x4365,0x5426,0x2ac4,0x3324,0x3b25,0x4c07,0x2ae4,0x3b64,0x3324,0x4344,0x5385,0x53e4,0x4b24,0x3284,0x3b04,
0x3283,0x3b04,0x4ba5,0x3b24,0x5407,0x32e5,0x1a04,0x2284,0x32a4,0x29c3,0x4b65,0x4344,0x2a43,0x5c46,0x4b65,0x19c3,
0x1a24,0x2285,0x1a44,0x32e5,0x21e4,0x2a85,0x2aa5,0x2224,0x3243,0x4324,0x4b84,0x4304,0x3243,0x4b64,0x5c25,0x32c4,
0x3b25,0x3b26,0x3346,0x3325,0x2244,0x3ba7,0x2b26,0x32a5,0x3b03,0x4b88,0xa56e,0x94e9,0x952d,0x3245,0x32c4,0x32c5,
0x1a23,0x3305,0x43a6,0x32e4,0x32e4,0x43a4,0x2282,0x6466,0x6466,0x3244,0x2a24,0x4385,0x4b85,0x5c25,0x3aa4,0x32a4,
0x2a23,0x5b85,0x5344,0x3a63,0x3285,0x5c89,0x3326,0x2ac5,0x2aa4,0x2ac4,0x2ac4,0x4bc7,0x3b25,0x6488,0x2a63,0x32c3,
0x2244,0x2ac5,0x2284,0x3ae5,0x4b86,0x3b46,0x3ae4,0x3284,0x6447,0x4b65,0x3ae4,0x3b25,0x3ac4,0x2a84,0x2204,0x3ac5,
0x2a85,0x2204,0x32c5,0x2aa5,0x2ae5,0x2a64,0x3244,0x4ba5,0x3b04,0x3ac4,0x3283,0x5364,0x3244,0x3a43,0x4ba5,0x3b85,
0x5426,0x3b25,0x2a84,0x2aa4,0x32e5,0x2244,0x53e6,0x4bc4,0x43a4,0x32c4,0x4345,0x6cc6,0x4b64,0x4b84,0x5c04,0x32a4,
0x2a44,0x3284,0x5c26,0x32a4,0x3b25,0x3b45,0x2224,0x2a84,0x29e3,0x4305,0x5c66,0x3b24,0x32c4,0x53e5,0x3ac4,0x21c3,
0x2285,0x2285,0x1a04,0x19e4,0x2224,0x2285,0x2264,0x2ac5,0x32a4,0x3aa4,0x4ac4,0x21c2,0x42c4,0x5be5,0x2a23,0x3ac5,
0x6507,0x2244,0x1a44,0x1a23,0x2224,0x3346,0x2ac6,0x3b26,0x5344,0x3a62,0x3aa6,0x94ee,0x3aa5,0x3ae5,0x4ba5,0x3b65,
0x2a63,0x4325,0x53e6,0x4b85,0x42e4,0x4344,0x3aa4,0x4b85,0x53a5,0x3244,0x3a84,0x5405,0x4325,0x32e4,0x3b04,0x4325,
0x3a84,0x6445,0x4304,0x4b24,0x2a23,0x3ac5,0x32c4,0x32e3,0x2263,0x3b64,0x4be5,0x4bc6,0x2a64,0x5c27,0x32a4,0x2a64,
0x2285,0x2aa5,0x2285,0x2a64,0x3b05,0x3b45,0x3b05,0x2a23,0x3ae5,0x53c6,0x3283,0x3283,0x2a03,0x4344,0x4c05,0x2284,
0x19e4,0x2285,0x2b06,0x43a7,0x3306,0x2244,0x4345,0x7d46,0x3b04,0x4324,0x6465,0x53a4,0x4b04,0x4b44,0x4b64,0x2a43,
0x32a4,0x4385,0x2ac4,0x32c4,0x4b85,0x3ac4,0x4b64,0x53e5,0x5c05,0x3ac4,0x3aa4,0x4304,0x5c05,0x32c3,0x2a43,0x3ac4,
0x4b45,0x42e4,0x3264,0x3ae4,0x32a4,0x3264,0x32e4,0x3ae4,0x2a43,0x29e3,0x4345,0x64c6,0x3b04,0x6cc7,0x7547,0x32a4,
0x19a3,0x2183,0x2a85,0x2224,0x1a24,0x2ae5,0x21e3,0x21c3,0x3243,0x6cc7,0x5c26,0x21e3,0x7d47,0x6486,0x32a4,0x2203,
0x2a64,0x1a44,0x11a3,0x1a24,0x3b26,0x3ba7,0x2a85,0x21e4,0x3a64,0x5364,0x4ba5,0x32c4,0x5405,0x4324,0x4345,0x42e5,
0x32c3,0x3b46,0x5c46,0x32c3,0x6c06,0x3aa4,0x4b24,0x3ac4,0x3b04,0x4305,0x21c4,0x32a4,0x2244,0x11e4,0x3ae4,0x2a84,
0x3284,0x4304,0x32c4,0x3b04,0x3284,0x32a3,0x4bc6,0x7c6b,0x5388,0x4b86,0x4383,0x2a43,0x32e4,0x2a63,0x3aa4,0x3b05,
0x2ae6,0x2285,0x2264,0x32a4,0x1a44,0x2aa5,0x2245,0x2aa4,0x32e4,0x3ac4,0x53c6,0x3aa4,0x4305,0x4ba5,0x4324,0x2aa4,
0x1a04,0x2285,0x19e4,0x5408,0x2ac5,0x1983,0x5406,0x53a5,0x2a84,0x2243,0x5c05,0x5bc4,0x42e3,0x5364,0x4b44,0x4b03,
0x3263,0x4bc5,0x3ae5,0x2a44,0x3b65,0x2ac4,0x2a84,0x4325,0x2a43,0x3aa4,0x3a84,0x42c4,0x4b44,0x4b64,0x42e3,0x5c05,
0x53c5,0x5385,0x4b65,0x4b84,0x3ac4,0x32a4,0x3ae4,0x3ac4,0x4344,0x3263,0x5c25,0x4384,0x32a4,0x6cc7,0x3264,0x3304,
0x3264,0x2a45,0x2aa5,0x2284,0x2284,0x1a04,0x2a24,0x2204,0x3ae5,0x7528,0x53c5,0x4325,0x4bc5,0x32a4,0x2203,0x2ac4,
0x2a84,0x2264,0x2ac5,0x2264,0x1a44,0x2264,0x3264,0x3aa5,0x2aa4,0x53a5,0x5424,0x4bc5,0x5c25,0x4ba4,0x4b44,0x2a04,
0x32a4,0x4bc6,0x4325,0x4324,0x4ae4,0x3223,0x4b44,0x3aa4,0x53c5,0x4365,0x2265,0x1a44,0x1a45,0x1a24,0x19c4,0x19c3,
0x2a84,0x3284,0x3b24,0x4324,0x4324,0x3284,0x6c4a,0xa56c,0xad8e,0x42e7,0x32e3,0x53c5,0x4b85,0x3b04,0x4bc6,0x3ae5,
0x11a3,0x2285,0x2284,0x2a85,0x22a5,0x1a24,0x2204,0x2a64,0x32e4,0x29e3,0x5386,0x53e6,0x5be6,0x5be6,0x5365,0x2245,
0x1a44,0x2284,0x19a3,0x21e4,0x1a04,0x19a3,0x3b05,0x2a44,0x5c45,0x32e3,0x3aa3,0x53a4,0x42c4,0x63e5,0x4b64,0x6485,
0x4b44,0x3243,0x3a44,0x3aa4,0x3304,0x22a4,0x3b45,0x4ba5,0x3ae3,0x3ae4,0x3264,0x6424,0x6425,0x74c6,0x74e6,0x6465,
0x42c3,0x3a84,0x2a43,0x4304,0x3b04,0x32e3,0x2a43,0x4324,0x4364,0x3b04,0x5c46,0x3b44,0x3b23,0x4ba4,0x4324,0x4364,
0x3a44,0x2a24,0x3b05,0x1983,0x2a85,0x3b05,0x3284,0x3b25,0x3b45,0x2a64,0x3ae4,0x4bc5,0x3b24,0x7506,0x4ac5,0x3a64,
0x32a4,0x2a84,0x2224,0x3305,0x3305,0x2224,0x29c4,0x53a6,0x4b65,0x3b24,0x4384,0x3b25,0x4365,0x4b45,0x2a64,0x3325,
0x3b04,0x2a43,0x6447,0x2a63,0x3a84,0x63e6,0x6c46,0x2a24,0x2a24,0x2264,0x1a65,0x2ac5,0x2265,0x11c4,0x19e4,0x2a44,
0x2a44,0x3284,0x4324,0x4324,0x4ba4,0x4b64,0x8ced,0xa54c,0xa58d,0x63e9,0x2a82,0x4345,0x4385,0x3b05,0x6447,0x3264,
0x2224,0x3366,0x2285,0x2ac5,0x2224,0x2ac5,0x2aa5,0x32c4,0x2224,0x4b25,0x5365,0x3aa4,0x4325,0x6c86,0x4305,0x29c3,
0x32c5,0x19e4,0x2a24,0x2264,0x1a64,0x2aa5,0x2a84,0x21a3,0x42e4,0x5be5,0x3263,0x5384,0x6c65,0x3a84,0x6405,0x4b64,
0x6c66,0x4b04,0x3284,0x4b84,0x2a64,0x3ae4,0x32a4,0x2a84,0x53e4,0x3ac4,0x3ac3,0x4b64,0x7486,0x4b44,0x4304,0x4b24,
0x3a83,0x32a3,0x2244,0x42c4,0x3b04,0x53c5,0x32a4,0x3b04,0x4364,0x53c6,0x5c26,0x32e4,0x2aa4,0x3ac4,0x3ac4,0x3ac3,
0x2a63,0x4bc5,0x4b45,0x2983,0x3ac5,0x5426,0x3b45,0x3264,0x2223,0x3ae5,0x6ce7,0x32c4,0x4be5,0x64e6,0x42e4,0x3aa5,
0x4345,0x3203,0x3264,0x2aa4,0x2203,0x4b85,0x3b04,0x3a64,0x3a84,0x5365,0x3a84,0x2a03,0x6447,0x63e6,0x2a44,0x2aa5,
0x2a83,0x32e4,0x3b05,0x2263,0x32e4,0x4345,0x2a64,0x2a64,0x1a44,0x2224,0x19c4,0x2224,0x2ac5,0x2aa5,0x2ae5,0x19e4,
0x2264,0x4365,0x32c4,0x3ae5,0x5c05,0x4b64,0x19e2,0x8d2f,0x4b07,0x4305,0x4b44,0x4325,0x4bc6,0x4ba6,0x2203,0x3aa3,
0x4325,0x19e4,0x2a85,0x2aa5,0x22a5,0x3326,0x3b66,0x2224,0x3283,0x5c26,0x6ce7,0x3ae4,0x3ac4,0x74c6,0x3ae5,0x42a5,
0x3ae5,0x4264,0x4365,0x3264,0x29e4,0x3ac5,0x3284,0x3a64,0x5365,0x5bc6,0x4304,0x4b24,0x74c5,0x5be5,0x53a4,0x21e3,
0x5324,0x42e4,0x5384,0x4b64,0x3305,0x2a45,0x32c5,0x4365,0x3aa4,0x5bc5,0x3b03,0x2a62,0x3ae3,0x6445,0x5c05,0x2223,
0x32e4,0x6c65,0x53a5,0x4304,0x3ae3,0x7c6b,0x9d2e,0x954e,0x5c25,0x3b04,0x3263,0x3b04,0x32c4,0x4365,0x3b24,0x3ae4,
0x3aa4,0x4ba5,0x4304,0x4b44,0x3264,0x3b04,0x2a64,0x4365,0x2a43,0x5c47,0x6ce7,0x19a3,0x3304,0x4b84,0x2a63,0x4305,
0x63e7,0x42c4,0x3a44,0x42e5,0x5be7,0x6ca6,0x53c5,0x4b24,0x4b05,0x5365,0x29e3,0x21a3,0x3ae4,0x3284,0x3b05,0x3325,
0x4345,0x4386,0x3305,0x3325,0x3b45,0x3b24,0x3b24,0x3b44,0x2aa4,0x19e4,0x2204,0x2204,0x4345,0x4ba6,0x2ac4,0x2223,
0x2203,0x4325,0x4345,0x5c67,0x3b04,0x3aa4,0x4b64,0x2a83,0x11c3,0x53e5,0x5c46,0x4386,0x4345,0x32a4,0x2a43,0x4304,
0x42c4,0x4305,0x2204,0x2224,0x32a5,0x3284,0x2a64,0x3b04,0x4344,0x2203,0x6446,0x3263,0x5406,0x4b65,0x2a24,0x3284,
0x4ba5,0x5345,0x32e4,0x4325,0x3243,0x32a4,0x3ae4,0x4304,0x4b44,0x42e4,0x2a43,0x5be4,0x4324,0x5be4,0x32a4,0x4304,
0x4304,0x42e4,0x3263,0x2a64,0x2ac5,0x22c5,0x2264,0x2a44,0x2a44,0x32a3,0x3303,0x53a5,0x5c06,0x4344,0x6446,0x4bc5,
0x1a43,0x3b24,0x5c05,0x4b64,0x63e8,0xa56f,0xa52a,0x8cec,0x32a5,0x3b04,0x5c05,0x2a43,0x3b04,0x5385,0x5c05,0x4344,
0x4b65,0x4324,0x32a4,0x3b04,0x3263,0x2a63,0x3264,0x4be5,0x3b45,0x3ae4,0x3b05,0x1142,0x32a4,0x64a7,0x2a43,0x21e3,
0x3204,0x4b25,0x42e5,0x4b05,0x4b26,0x4345,0x5c66,0x4ba5,0x32a4,0x32a4,0x2244,0x1a24,0x3345,0x3b04,0x4bc5,0x4bc6,
0x32c4,0x53c6,0x53e6,0x2ac4,0x2a84,0x2264,0x3b25,0x32c4,0x2a84,0x2aa5,0x2244,0x2aa4,0x53a6,0x32a4,0x4344,0x53e5,
0x4b24,0x3ac4,0x3203,0x4325,0x4325,0x4365,0x53c5,0x3b45,0x32e4,0x4b86,0x3b05,0x32a4,0x2203,0x4b64,0x4b44,0x4b64,
0x42e4,0x4b45,0x4b65,0x4345,0x3ae5,0x32c4,0x3264,0x4b85,0x4365,0x3264,0x3203,0x31c3,0x4b45,0x2a04,0x19e3,0x2a64,
0x5385,0x3b45,0x2264,0x4bc6,0x4365,0x3aa4,0x53e6,0x3243,0x5384,0x3243,0x5384,0x53c4,0x2223,0x4b84,0x3ac3,0x4b64,
0x53c4,0x3ac3,0x2aa4,0x1a65,0x1a04,0x1a24,0x22a5,0x2ae5,0x19c3,0x2a84,0x3b23,0x53e6,0x53e6,0x19e3,0x3263,0x53e6,
0x4ba6,0x3283,0x3ac4,0x4ba5,0x4364,0x746b,0x84cb,0x84cd,0x3284,0x4304,0x5ba5,0x3ac3,0x3ae3,0x3284,0x5be5,0x3263,
0x5be4,0x3243,0x3ac4,0x3263,0x2a03,0x4344,0x3264,0x4304,0x32e4,0x3b24,0x2ac4,0x29c4,0x2983,0x3a44,0x3a63,0x3244,
0x42a4,0x3a84,0x4284,0x42c4,0x42c4,0x4386,0x4ba6,0x4385,0x2a84,0x2b05,0x2b05,0x3325,0x32c5,0x4ba5,0x2a64,0x2244,
0x32c4,0x3283,0x4345,0x2ac4,0x3b65,0x1a43,0x3b05,0x4bc6,0x43a6,0x3b46,0x2a84,0x2223,0x2a44,0x32e4,0x3ae4,0x4344,
0x4ba4,0x3283,0x42a4,0x4b85,0x4365,0x3305,0x2a64,0x3b24,0x4344,0x2223,0x3ae3,0x2a23,0x6427,0x6485,0x5c45,0x4b64,
0x53a5,0x4b64,0x5c25,0x3264,0x3264,0x32c4,0x3a44,0x3a84,0x4b65,0x3224,0x42a4,0x5bc6,0x4324,0x21c3,0x2a03,0x2a44,
0x32a5,0x4366,0x32c4,0x4385,0x4385,0x3264,0x4b65,0x2a03,0x4b45,0x74c6,0x5bc5,0x2a43,0x2a63,0x3ae4,0x53c5,0x5c05,
0x4324,0x4b85,0x3284,0x11a3,0x2265,0x2285,0x2224,0x2aa5,0x3325,0x4324,0x53e5,0x4385,0x4384,0x4ba5,0x3b44,0x6486,
0x7507,0x4345,0x4365,0x4325,0x32c3,0x3b05,0x3284,0x32e4,0x3b04,0x2a23,0x3a84,0x3263,0x4384,0x5c05,0x4324,0x3243,
0x6ca6,0x4b24,0x3aa4,0x4304,0x42e4,0x4ba4,0x3b24,0x2203,0x2a64,0x2a64,0x3b45,0x29e4,0x3a24,0x4aa5,0x6c26,0x5385,
0x29a3,0x3a44,0x4264,0x3223,0x6c87,0x4345,0x2a64,0x4365,0x3b24,0x4385,0x2ae5,0x2aa4,0x3b46,0x74c7,0x3a83,0x2aa4,
0x4385,0x2aa4,0x53c6,0x4324,0x32e4,0x4ba6,0x53e6,0x32e5,0x4345,0x53c5,0x3ac4,0x3b04,0x2ae4,0x32e4,0x2a84,0x3aa3,
0x2a43,0x2203,0x6467,0x4b85,0x4b64,0x3ac4,0x2204,0x3304,0x2284,0x32c4,0x4bc4,0x32c4,0x6427,0x53e5,0x3ae4,0x6425,
0x6c85,0x3aa4,0x2a23,0x2a03,0x3a84,0x29e4,0x3a64,0x3ac4,0x4325,0x53a6,0x4345,0x5406,0x53a5,0x4b65,0x4345,0x2aa4,
0x2ae5,0x32c5,0x3b25,0x32c5,0x2ac4,0x29c3,0x4b04,0x53a5,0x3a63,0x4b24,0x3223,0x42c4,0x3aa3,0x2a23,0x3ae4,0x5c25,
0x4324,0x3ae4,0x4304,0x2a85,0x1a24,0x1a45,0x3326,0x3326,0x2a64,0x3243,0x5c27,0x4b85,0x3283,0x3b24,0x64a6,0x74e6,
0x3b03,0x3aa4,0x3ac4,0x29c3,0x42e5,0x5426,0x32c4,0x53c6,0x5426,0x4365,0x21e3,0x3a44,0x4b04,0x42e4,0x6426,0x3ac4,
0x5385,0x3264,0x5be5,0x4b84,0x4344,0x4344,0x4364,0x4344,0x21e3,0x3284,0x3ae5,0x3ae5,0x42a5,0x53a6,0x42a5,0x4ae5,
0x5345,0x4284,0x6426,0x3263,0x2a23,0x4b65,0x2a43,0x3b05,0x4ba5,0x3b25,0x2a24,0x32c4,0x2ac4,0x4ba6,0x3284,0x4344,
0x3b45,0x2b05,0x32c4,0x3ae4,0x2a43,0x4365,0x3b45,0x3305,0x2aa4,0x3284,0x3284,0x32a4,0x2a63,0x2223,0x3aa4,0x6465,
0x4324,0x2a63,0x4304,0x2a23,0x42e4,0x3ae4,0x2a64,0x2ac4,0x2244,0x4324,0x4ba4,0x53a5,0x5c06,0x2203,0x4ba4,0x5c44,
0x4345,0x2a03,0x29e3,0x5c05,0x4b25,0x4305,0x3284,0x3243,0x3a64,0x5be6,0x53e5,0x3263,0x3ac3,0x4385,0x3b45,0x2284,
0x32c5,0x2244,0x32c5,0x3ae5,0x3264,0x4284,0x5c47,0x53c6,0x4304,0x3263,0x53a5,0x5ba4,0x2a23,0x3b04,0x32a4,0x42e4,
0x4364,0x32a3,0x21e3,0x21e4,0x32c6,0x2285,0x19e4,0x2aa5,0x2a84,0x3284,0x3ae4,0x2a83,0x2a43,0x3b24,0x4bc6,0x5405,
0x32e3,0x4344,0x32a4,0x3263,0x3a84,0x4325,0x4304,0x4305,0x3b25,0x2a44,0x3ae4,0x6c86,0x5be5,0x4b65,0x19a3,0x1982,
0x2a43,0x53c5,0x6445,0x21e3,0x53a5,0x6426,0x4324,0x4b65,0x53c6,0x4ba7,0x4346,0x3204,0x3a04,0x4324,0x3a44,0x4ae5,
0x5325,0x4b24,0x4b65,0x3ac4,0x2a64,0x4b65,0x4b85,0x3305,0x2a84,0x2a64,0x32c5,0x43a5,0x43a5,0x3b86,0x2ae5,0x2ac4,
0x2aa4,0x2244,0x4ba5,0x53c6,0x53e6,0x19c3,0x32e4,0x2264,0x1a04,0x19a3,0x4284,0x3244,0x4303,0x3283,0x6426,0x5c45,
0x6486,0x5c04,0x19c2,0x2223,0x21e3,0x32c4,0x3b04,0x3284,0x32c4,0x32a3,0x19e3,0x2a23,0x3ac4,0x2a83,0x32a3,0x4344,
0x2a23,0x4b25,0x5c06,0x53a4,0x3ac4,0x4b05,0x3aa4,0x3224,0x53a5,0x5365,0x53e5,0x32e3,0x1a23,0x5425,0x5406,0x2aa4,
0x3305,0x19e3,0x4325,0x53c7,0x3aa4,0x4325,0x5c06,0x32c4,0x2a23,0x4b24,0x6466,0x2a63,0x3ac3,0x3283,0x4325,0x3ac4,
0x4305,0x4386,0x2a84,0x2a03,0x3306,0x2ae5,0x21a3,0x19a3,0x2a84,0x4365,0x5446,0x32c4,0x4b85,0x4324,0x1182,0x3b04,
0x4b64,0x4364,0x3284,0x3223,0x4b45,0x4345,0x3ac4,0x4ba6,0x5406,0x2a84,0x2a24,0x4304,0x3b04,0x4ba5,0x3b24,0x3ae4,
0x53c5,0x6ca6,0x4b44,0x42e4,0x53c5,0x2a84,0x4b85,0x5c26,0x53c6,0x3b05,0x4365,0x4325,0x3a04,0x4244,0x4b26,0x4264,
0x3203,0x31e3,0x3a43,0x5c25,0x5c25,0x2223,0x4305,0x43a6,0x2a85,0x3305,0x3b24,0x4385,0x3b25,0x4386,0x3b46,0x2284,
0x3b25,0x3b24,0x2ac4,0x1a03,0x4365,0x3b04,0x3b04,0x3b04,0x32a4,0x2a04,0x3264,0x3284,0x5be5,0x5be4,0x3b04,0x2a63,
0x4304,0x3a83,0x4303,0x4344,0x5385,0x4b85,0x53c5,0x3ac4,0x6465,0x3b04,0x1a23,0x32a3,0x4344,0x4b85,0x53c5,0x4324,
0x2a23,0x53c6,0x6cc6,0x32a4,0x3284,0x4305,0x5407,0x53a4,0x4b64,0x5345,0x5bc6,0x2263,0x2ac4,0x53e5,0x2284,0x4ba5,
0x4ba6,0x19e3,0x2a64,0x2a03,0x32a5,0x32e5,0x42e4,0x3244,0x42c4,0x53a5,0x4345,0x3b44,0x4bc5,0x2a04,0x32c5,0x32a5,
0x32a5,0x3b86,0x32c5,0x32e5,0x2a04,0x32c5,0x3244,0x4b25,0x3223,0x6ce6,0x53e5,0x4324,0x5c26,0x3ae4,0x2243,0x4365,
0x3a84,0x4325,0x21c3,0x2a24,0x5406,0x4385,0x2a84,0x3264,0x5446,0x3b45,0x11c3,0x2244,0x4ba5,0x2243,0x6485,0x5405,
0x6c86,0x29e3,0x21e3,0x3284,0x32e4,0x32c4,0x32a3,0x2203,0x19c3,0x4b85,0x4345,0x2983,0x4265,0x4b65,0x5406,0x3aa4,
0x5406,0x32a4,0x3ae4,0x53e5,0x32a4,0x32e4,0x4b85,0x4345,0x3b05,0x4ba6,0x32c4,0x2a64,0x32c4,0x5c06,0x2aa5,0x2aa4,
0x3b45,0x4385,0x2243,0x2aa3,0x4ba5,0x4325,0x2a43,0x5344,0x3a64,0x3a84,0x3244,0x4bc5,0x4364,0x53a5,0x5c66,0x3ae4,
0x5405,0x6465,0x32a3,0x3304,0x3ae4,0x5c06,0x3284,0x5be5,0x53c5,0x6486,0x2a83,0x4344,0x4344,0x3b04,0x5c45,0x4344,
0x4b65,0x4b44,0x3ae3,0x2a43,0x4b85,0x8587,0x4365,0x3aa3,0x5364,0x5365,0x3a83,0x4b64,0x32a4,0x3ae4,0x3ae4,0x4ba6,
0x3b06,0x4385,0x2b05,0x2285,0x3305,0x2244,0x2aa5,0x3223,0x32a4,0x4386,0x4365,0x3284,0x4ba6,0x3285,0x2ac5,0x2aa5,
0x32e5,0x2a24,0x29a3,0x4be7,0x3a85,0x3264,0x4325,0x7547,0x4b45,0x4ba5,0x2203,0x3a84,0x3a84,0x3a63,0x4304,0x32a4,
0x2a24,0x2ac5,0x2265,0x2224,0x4345,0x3b05,0x4365,0x1943,0x2a64,0x19e3,0x2204,0x32c4,0x3304,0x32e4,0x6485,0x3263,
0x53c5,0x4b65,0x3b05,0x2264,0x32a4,0x3203,0x5bc6,0x5c26,0x4ba5,0x53c5,0x2223,0x3284,0x3ac5,0x43a6,0x3b25,0x3284,
0x3b24,0x3b05,0x3b05,0x2223,0x2223,0x3b24,0x6445,0x53c5,0x3b24,0x4365,0x2aa4,0x32a4,0x2a43,0x4ba5,0x3b05,0x2a64,
0x3b24,0x2aa4,0x3b04,0x4ba4,0x4385,0x32c4,0x2a84,0x2a44,0x32a4,0x3b24,0x4304,0x3b04,0x32c4,0x5c26,0x5c46,0x2a84,
0x7567,0x4b64,0x19e3,0x2223,0x21e3,0x29e3,0x2a03,0x3ae4,0x53e6,0x6466,0x3b04,0x6486,0x2a64,0x2244,0x32e4,0x32c4,
0x32c3,0x3b03,0x32e4,0x32a4,0x4b44,0x5c05,0x6466,0x3ae4,0x8567,0x53a5,0x5385,0x5385,0x42e4,0x2a23,0x53a5,0x3b04,
0x2243,0x3b45,0x3306,0x1a45,0x2265,0x19e4,0x3b25,0x4345,0x2a03,0x4324,0x3b04,0x29e3,0x2a03,0x32c3,0x32a3,0x2a84,
0x3b04,0x31e3,0x3ac5,0x4366,0x4385,0x4b85,0x3223,0x3284,0x4324,0x2a23,0x53a5,0x6466,0x21c3,0x4305,0x3b05,0x2244,
0x32e5,0x2265,0x2265,0x2224,0x2a64,0x2264,0x2ac4,0x19c3,0x4365,0x32a4,0x2a43,0x2a83,0x2243,0x4bc6,0x5405,0x4344,
0x4ba5,0x32a4,0x3284,0x3264,0x5365,0x3223,0x6c87,0x4b65,0x4324,0x4344,0x29e3,0x2a64,0x3264,0x2a64,0x43a6,0x4365,
0x4386,0x32c4,0x32e4,0x32a4,0x3b04,0x5c05,0x6445,0x4b64,0x32a3,0x3ae3,0x4324,0x4b85,0x3264,0x4324,0x2a64,0x4304,
0x4b65,0x4ba5,0x5405,0x2aa3,0x3284,0x5c06,0x2263,0x32a4,0x53e5,0x4b85,0x5c25,0x32a4,0x1983,0x2a44,0x2264,0x11a3,
0x4365,0x32c4,0x21c3,0x2a04,0x3244,0x3244,0x3a84,0x32e4,0x5c67,0x4365,0x32c4,0x4b85,0x2a43,0x2244,0x2a44,0x2a43,
0x32c4,0x2a84,0x4385,0x5445,0x2aa4,0x3283,0x42e4,0x3a84,0x4304,0x5c05,0x6465,0x3aa4,0x4304,0x3ac4,0x53c5,0x4324,
0x32a3,0x22c5,0x22a5,0x1a24,0x1a44,0x1a24,0x2284,0x3ae5,0x3aa4,0x3ac4,0x3b04,0x3223,0x2a63,0x744a,0x42e6,0x4304,
0x4ba4,0x3a43,0x3244,0x32c4,0x3ac4,0x42e4,0x3284,0x53c6,0x5405,0x2a64,0x53c5,0x53e6,0x2223,0x2264,0x2a85,0x2245,
0x1a04,0x2265,0x22c5,0x2265,0x32e5,0x2244,0x32c4,0x4365,0x43a5,0x4385,0x3aa4,0x3aa4,0x3ac4,0x53a5,0x3284,0x32c4,
0x5c46,0x3b04,0x32a4,0x3aa4,0x5c27,0x3b45,0x6486,0x6486,0x2a03,0x2a63,0x32c4,0x2243,0x3324,0x2223,0x3b05,0x3305,
0x2a44,0x3b05,0x3b44,0x3ae4,0x4b45,0x6c65,0x3243,0x53a4,0x3283,0x53c5,0x4b84,0x4344,0x32c4,0x32c4,0x3ae4,0x5404,
0x4345,0x4b64,0x4ba5,0x19c3,0x4344,0x74e6,0x4304,0x4304,0x3b24,0x53e5,0x53c4,0x2203,0x2224,0x2224,0x2203,0x3224,
0x2a64,0x29e3,0x3aa4,0x2a43,0x3a44,0x3203,0x2a63,0x2263,0x2aa4,0x2a84,0x32a4,0x2aa4,0x3b24,0x2263,0x4b25,0x4b25,
0x32e5,0x3b25,0x4ba4,0x3b24,0x3ae4,0x6446,0x3243,0x3223,0x6425,0x3283,0x4b64,0x5385,0x4ba5,0x5406,0x6487,0x2aa4,
0x2a84,0x2a84,0x2a44,0x1a04,0x2ae5,0x2ae5,0x11e4,0x2a85,0x32c5,0x3244,0x3a84,0x31e3,0x6389,0xa56d,0x952d,0x3aa6,
0x3b03,0x4384,0x3284,0x32c3,0x3283,0x3ac4,0x42e4,0x6ca7,0x3ac4,0x3b05,0x6d07,0x74e7,0x3ae4,0x2224,0x3ae5,0x2265,
0x1a45,0x2ac6,0x2b06,0x2244,0x2265,0x19a3,0x4304,0x53e5,0x4324,0x4be6,0x3b25,0x2aa4,0x32e4,0x2203,0x2a84,0x3b65,
0x3b45,0x3b65,0x2a63,0x4305,0x5426,0x32c4,0x3284,0x4b85,0x2a64,0x2aa4,0x2aa4,0x6487,0x53e6,0x5425,0x2a44,0x2a43,
0x3b04,0x2224,0x5405,0x3b24,0x3b04,0x3264,0x2244,0x3b04,0x4bc5,0x5405,0x6ca7,0x53c5,0x5bc5,0x4344,0x2a84,0x1a04,
0x3ac4,0x4303,0x42e4,0x21c2,0x3243,0x4304,0x5be5,0x4b65,0x4b44,0x3ae3,0x3263,0x32a4,0x2a64,0x3224,0x3223,0x4b66,
0x5447,0x32c5,0x4365,0x4365,0x3244,0x3243,0x3ae4,0x3b24,0x43a5,0x32e4,0x1a44,0x1a44,0x4345,0x2aa4,0x5c05,0x4b65,
0x32a4,0x5406,0x3283,0x2a23,0x4b65,0x4325,0x4b85,0x4324,0x5c05,0x4b84,0x3b24,0x1162,0x32e5,0x3b05,0x32a4,0x3b04,
0x2a84,0x4b64,0x4324,0x2264,0x2aa5,0x2244,0x2244,0x4365,0x3ac4,0x42e4,0x5425,0x3aa4,0x950e,0x9d0a,0xb5cd,0x6389,
0x29c2,0x4304,0x42c4,0x4324,0x5c05,0x42e4,0x4b65,0x2a64,0x2a64,0x2a84,0x4ba6,0x2244,0x2a64,0x2a04,0x32a4,0x2a84,
0x11c3,0x1a04,0x11c4,0x3b26,0x3b46,0x19e3,0x4b85,0x4b84,0x3283,0x53e6,0x3b45,0x2202,0x4345,0x4365,0x32a4,0x3b66,
0x2a64,0x3304,0x2203,0x53c7,0x4b85,0x6ce8,0x21e3,0x2283,0x4bc5,0x2a23,0x2203,0x4ba6,0x3b24,0x4b64,0x53a5,0x2203,
0x3b04,0x32a4,0x5c05,0x32e3,0x2aa3,0x2243,0x2284,0x3b04,0x5c65,0x43c5,0x4304,0x4b85,0x3ac4,0x4b43,0x3ac4,0x32a5,
0x4364,0x2a84,0x42c3,0x5365,0x74c7,0x4b64,0x4b45,0x4b65,0x4324,0x4b84,0x53a5,0x4385,0x3ae5,0x3ae5,0x3284,0x31e3,
0x5427,0x64a8,0x4be5,0x4c26,0x3b05,0x19a2,0x3284,0x4b85,0x2a84,0x43a5,0x3345,0x3305,0x1183,0x2244,0x4b64,0x32a4,
0x2a84,0x4385,0x3344,0x3b44,0x2263,0x3264,0x6486,0x4364,0x4385,0x53e5,0x4344,0x3ae5,0x4ba6,0x2aa4,0x2a84,0x3ae3,
0x5385,0x4324,0x2a64,0x32c4,0x2a84,0x2224,0x19c3,0x3284,0x4b04,0x3ae4,0x4365,0x3b24,0x2a03,0x9d2f,0x4b07,0x3ac4,
0x42c3,0x4b44,0x4b04,0x5be5,0x42e4,0x3264,0x3ae5,0x21a4,0x3b45,0x1a24,0x1a03,0x2a84,0x2aa4,0x2264,0x42e4,0x53c5,
0x22a5,0x3b26,0x1a04,0x2aa4,0x4385,0x32e4,0x43a5,0x3b24,0x3b04,0x32a4,0x2223,0x32e4,0x5406,0x3ae4,0x29e3,0x32c5,
0x2244,0x1a04,0x3b24,0x2aa4,0x2a43,0x4344,0x19c3,0x32c4,0x4325,0x3a84,0x4305,0x6c86,0x3ac4,0x4304,0x3263,0x53a4,
0x5c05,0x6425,0x5385,0x4b84,0x3b04,0x4364,0x4b85,0x53c6,0x5c05,0x2ac4,0x0982,0x32a4,0x7507,0x5bc6,0x42e4,0x4ba4,
0x4344,0x3b03,0x3aa3,0x2a03,0x4b65,0x53e5,0x3283,0x53c5,0x4ba5,0x2a63,0x6ca6,0x3ac4,0x2203,0x4325,0x32e4,0x3204,
0x3ae5,0x4be6,0x3b45,0x3b04,0x5c67,0x4305,0x3263,0x4345,0x32c5,0x4ba6,0x3284,0x5406,0x3b25,0x1a44,0x1a24,0x19a3,
0x2a64,0x2ac5,0x32e4,0x4384,0x3b44,0x4b85,0x4b85,0x3b24,0x5406,0x4345,0x4304,0x4344,0x6467,0x43a5,0x2a63,0x4304,
0x42e4,0x3244,0x2203,0x2243,0x32e4,0x21e4,0x2a44,0x4386,0x3b25,0x32e5,0x4325,0x29e3,0x2a44,0x29e3,0x2a63,0x4384,
0x74c6,0x53c5,0x4304,0x4b65,0x5bc6,0x3243,0x2a43,0x2264,0x2ac5,0x2264,0x3b45,0x3324,0x4386,0x3325,0x2a84,0x3b66,
0x3b45,0x2a84,0x2203,0x53c5,0x2223,0x21c3,0x3b04,0x2a64,0x6486,0x2a43,0x5be6,0x53e5,0x3ac4,0x3244,0x42a4,0x3ae5,
0x2a44,0x21e3,0x4384,0x2ae3,0x5424,0x4343,0x29e3,0x2a84,0x3244,0x53c6,0x4b65,0x4be5,0x4b84,0x6425,0x3243,0x8566,
0x74e6,0x4304,0x4304,0x5be5,0x21c3,0x2a84,0x3b04,0x32a4,0x2203,0x4324,0x4364,0x3b04,0x2a64,0x4b85,0x4325,0x2a43,
0x3ac4,0x4364,0x4b84,0x4304,0x32c4,0x43a4,0x2a84,0x4ba5,0x4324,0x2263,0x2a63,0x21a3,0x3a24,0x5427,0x32a5,0x3244,
0x21c3,0x2a84,0x2a84,0x32e4,0x4bc6,0x3264,0x2a64,0x3b45,0x22c5,0x3b25,0x4bc5,0x32a4,0x4bc6,0x2a64,0x19e3,0x22a5,
0x2224,0x2ac5,0x19c3,0x53a6,0x5c66,0x4bc5,0x5c46,0x3b04,0x21c3,0x4345,0x4344,0x4305,0x4325,0x5365,0x3264,0x3ac4,
0x32a4,0x4b64,0x3283,0x4324,0x32a4,0x32e4,0x2a43,0x4b87,0x3b46,0x2264,0x32a4,0x3224,0x2ac5,0x29e3,0x3264,0x32c4,
0x4325,0x53a5,0x3aa3,0x4b65,0x5bc6,0x3223,0x3aa4,0x3a84,0x2284,0x4365,0x5426,0x1a03,0x3b05,0x32e5,0x1a64,0x32a4,
0x42a4,0x32c3,0x32c3,0x2a63,0x3284,0x4324,0x3b24,0x2203,0x4384,0x32e4,0x5c46,0x5be5,0x21e3,0x2203,0x3264,0x42c5,
0x32a4,0x53c7,0x744a,0x746a,0x4344,0x4304,0x3a64,0x32e5,0x3244,0x3ac4,0x5c05,0x2aa4,0x2a03,0x3243,0x42c4,0x53a5,
0x3243,0x4b44,0x6405,0x53a5,0x2a03,0x5385,0x74c6,0x4344,0x2263,0x5c05,0x4b85,0x3b04,0x32c4,0x4364,0x3b04,0x3b05,
0x3ac4,0x2a43,0x4325,0x53e5,0x64a6,0x43a4,0x3b04,0x6ce7,0x2a83,0x32c3,0x4b84,0x2a03,0x32a4,0x2aa5,0x2ac5,0x2285,
0x32e6,0x7d69,0x53e6,0x3ae5,0x5c27,0x2a44,0x19c3,0x32e4,0x22a4,0x1a03,0x2aa4,0x32a4,0x6446,0x5c26,0x2a23,0x19e3,
0x53e6,0x43a5,0x3325,0x4366,0x4385,0x3b44,0x2a64,0x43c5,0x32c4,0x3b04,0x4b64,0x4b65,0x53a6,0x21c3,0x4b25,0x4b64,
0x5c05,0x6405,0x3263,0x5364,0x3aa4,0x3b04,0x3283,0x4347,0x32c5,0x2aa5,0x3346,0x2aa5,0x2ac5,0x2a84,0x3224,0x3284,
0x6466,0x6ca6,0x3263,0x74c7,0x3a84,0x3243,0x43c5,0x4345,0x3284,0x2a63,0x4b64,0x3ae4,0x2aa4,0x3345,0x3ba6,0x32c4,
0x3243,0x3b24,0x5425,0x3b05,0x32c4,0x3283,0x4b45,0x6466,0x4ba5,0x6cc7,0x2223,0x32a3,0x32e4,0x32e4,0x3b44,0x3a64,
0x2a03,0x5b68,0x9d2c,0xa56c,0x63a9,0x2a43,0x3a84,0x32a4,0x31e4,0x2a03,0x32a3,0x1982,0x5344,0x74a6,0x5be6,0x4325,
0x1162,0x3ac4,0x32c3,0x4b64,0x5c06,0x5c05,0x4b44,0x2243,0x3b23,0x4b84,0x3ae4,0x2243,0x5c46,0x2a64,0x2a64,0x2aa4,
0x3b04,0x32a4,0x5426,0x2a44,0x6486,0x32e4,0x2a43,0x6486,0x3b24,0x5c06,0x3ae4,0x3b04,0x4365,0x21e3,0x21a3,0x2244,
0x2ae5,0x2a64,0x5c67,0x2a44,0x21c3,0x4ba5,0x2a64,0x4324,0x5c25,0x2a43,0x2224,0x6cc7,0x4be6,0x4365,0x2a23,0x2a03,
0x4b04,0x2a43,0x2a83,0x2a64,0x4365,0x4365,0x3b85,0x3304,0x6485,0x2203,0x3aa4,0x2a03,0x3ac4,0x2aa4,0x5be5,0x42e4,
0x3aa3,0x42e4,0x5ba5,0x4304,0x4324,0x4b86,0x3ac3,0x2203,0x2223,0x32e4,0x3305,0x2ae5,0x2a84,0x32e4,0x2a64,0x32a4,
0x32e4,0x3a84,0x21c3,0x4b65,0x42e4,0x42e4,0x4ba5,0x29c3,0x3a23,0x5385,0x2a63,0x5c07,0x4346,0x3305,0x3b66,0x2a85,
0x3ae5,0x4c06,0x5c26,0x43a5,0x3b24,0x2a23,0x5bc5,0x6486,0x5c46,0x32c4,0x4324,0x53e5,0x4ba4,0x3b24,0x3263,0x3ac4,
0x3263,0x6be9,0x9d4d,0x8ceb,0x5b87,0x32a4,0x3264,0x3a64,0x3ac4,0x3223,0x1962,0x42e4,0x4b85,0x4b85,0x3b04,0x3284,
0x6c86,0x5405,0x4324,0x2a03,0x3223,0x19c3,0x32a3,0x2a63,0x32c4,0x32c4,0x4345,0x2224,0x5c06,0x32a4,0x4ba5,0x4345,
0x2aa4,0x4365,0x4385,0x21e3,0x4b85,0x4345,0x2a64,0x6ca7,0x2203,0x2a64,0x5c45,0x4344,0x4ba6,0x2223,0x29c3,0x2a84,
0x2284,0x1a04,0x3b86,0x2204,0x4b26,0x5c06,0x4b44,0x5c65,0x4b65,0x1983,0x2a84,0x5406,0x2263,0x3283,0x3ac4,0x6c46,
0x3a83,0x6c86,0x3aa3,0x1963,0x2223,0x3b65,0x3ba5,0x22a3,0x3283,0x4b25,0x3b44,0x2a84,0x3284,0x3305,0x3b25,0x2203,
0x4364,0x32a4,0x3264,0x5385,0x5be5,0x53c5,0x2a43,0x3b44,0x5426,0x4ba5,0x2a84,0x3366,0x3b66,0x32e5,0x3b86,0x2a64,
0x2244,0x1a44,0x2aa4,0x1a24,0x4365,0x53e5,0x4bc5,0x3ac4,0x5be6,0x6486,0x1182,0x32a3,0x3305,0x3347,0x2264,0x3305,
0x2264,0x3b45,0x32e5,0x2263,0x2aa4,0x3ae4,0x6486,0x2a43,0x11a2,0x3264,0x7d67,0x5c46,0x4b85,0x3284,0x3223,0x3b04,
0x4b85,0x53e5,0x5ba8,0x3a85,0x4b84,0x6ce7,0x4b86,0x3ac4,0x6ca8,0x42a5,0x29e3,0x6467,0x3b25,0x3b04,0x4b84,0x32c4,
0x4ba5,0x6cc6,0x6466,0x5c45,0x4303,0x32a3,0x2223,0x4345,0x4385,0x2244,0x32c4,0x2aa4,0x32c4,0x2aa4,0x4385,0x2ac4,
0x3b44,0x32e4,0x2a44,0x21c3,0x3b04,0x4365,0x1142,0x2a44,0x4365,0x32c4,0x3284,0x21e3,0x32a4,0x3b24,0x4385,0x3ac5,
0x19e3,0x2264,0x2224,0x2a24,0x5c47,0x3b05,0x3ae4,0x5c66,0x3ac4,0x2183,0x32c4,0x3304,0x29c3,0x53c5,0x6d07,0x4b45,
0x4b85,0x6466,0x3ac4,0x53a6,0x3a84,0x19e3,0x2203,0x3b24,0x2a24,0x4346,0x3b04,0x2a03,0x29e4,0x2ac4,0x2244,0x2244,
0x32c4,0x3264,0x3ac3,0x42e3,0x5344,0x4b44,0x3263,0x4b85,0x3ae4,0x4ba5,0x2a44,0x43a6,0x3305,0x2284,0x43a6,0x19c3,
0x2284,0x2a24,0x2a04,0x2a44,0x3b45,0x32c4,0x5c26,0x5c66,0x32c4,0x4b85,0x5be6,0x3a83,0x3263,0x2ac5,0x11c3,0x2a04,
0x29e4,0x2a84,0x2aa4,0x2aa4,0x2a83,0x4304,0x4344,0x4bc5,0x3ae4,0x53c5,0x5c05,0x3b04,0x5c05,0x53e5,0x3b04,0x32c4,
0x4305,0x4b25,0x4344,0x43a5,0x3ac4,0x6446,0x4b65,0x2a24,0x5c46,0x2a43,0x3284,0x32c4,0x21e3,0x3b04,0x3264,0x4b85,
0x4be5,0x4324,0x5be5,0x4b84,0x3263,0x4364,0x2a63,0x3ae4,0x32c4,0x2a64,0x32c4,0x32e4,0x2aa4,0x32e4,0x2ac4,0x2aa5,
0x2a84,0x3325,0x3305,0x2ac5,0x19e3,0x32e4,0x3ac4,0x4325,0x3244,0x3b04,0x2a24,0x4304,0x4ba5,0x3b24,0x4345,0x3b06,
0x2a85,0x2265,0x2244,0x32c5,0x3b25,0x2203,0x4b86,0x53a6,0x3aa4,0x21c3,0x2a64,0x3a83,0x3243,0x2a03,0x6466,0x6c85,
0x4344,0x19e3,0x53c5,0x4305,0x31c3,0x29c3,0x3b06,0x2a85,0x3b66,0x2ac5,0x2285,0x3264,0x4b65,0x53c6,0x4305,0x2a44,
0x5426,0x32a4,0x5344,0x4b44,0x5ba4,0x2223,0x5c05,0x4344,0x3ae4,0x2a63,0x2223,0x32c4,0x32c4,0x4364,0x2203,0x21a3,
0x2ac4,0x3345,0x3264,0x3ac4,0x3304,0x2a64,0x5c07,0x4b65,0x2a83,0x53e5,0x5c26,0x2a64,0x4ba6,0x4366,0x32e5,0x3a64,
0x3a65,0x32c5,0x3283,0x3ae4,0x5426,0x4bc5,0x4364,0x5c25,0x6485,0x4344,0x2a84,0x2a63,0x2a84,0x3ac4,0x3244,0x3aa4,
0x5406,0x3ae5,0x3a84,0x3284,0x3284,0x53a6,0x4ba5,0x4364,0x53e5,0x4324,0x2a63,0x3284,0x3ac4,0x5c04,0x3284,0x5c06,
0x6446,0x2a23,0x32a4,0x3b44,0x3b04,0x3ac4,0x32a5,0x2a85,0x2a44,0x4367,0x4c07,0x4366,0x32c4,0x4365,0x3b45,0x2a64,
0x1a04,0x32e5,0x32a5,0x2ae5,0x1a44,0x2a64,0x4bc5,0x4386,0x3b05,0x4364,0x2a03,0x3284,0x5c46,0x4386,0x2a64,0x2a24,
0x2a45,0x3325,0x3305,0x3304,0x3b04,0x53c5,0x6c67,0x53c6,0x2a63,0x3a84,0x4ae4,0x4ae4,0x3ae4,0x4324,0x4b64,0x4344,
0x4ba5,0x2203,0x32a4,0x53a5,0x5325,0x29a3,0x32a5,0x43c7,0x43a7,0x2285,0x2244,0x2a44,0x6446,0x4ba5,0x5bc6,0x4305,
0x32e4,0x2243,0x32a4,0x3283,0x5bc4,0x5be5,0x3aa3,0x5384,0x4b64,0x2a23,0x2a64,0x4b85,0x3ae4,0x4324,0x3284,0x42c4,
0x3b64,0x3ae4,0x4365,0x3ac4,0x32a4,0x2203,0x2a23,0x6ce7,0x4385,0x7568,0x4385,0x11c3,0x4ba7,0x4ba7,0x3b46,0x32a5,
0x2a24,0x2224,0x3263,0x3b04,0x3325,0x4364,0x3283,0x3ac4,0x5c45,0x4ba5,0x2a84,0x32a4,0x6446,0x6446,0x2a03,0x4325,
0x53c6,0x3ae4,0x2ac5,0x32e5,0x2204,0x4ba5,0x4365,0x6487,0x19a3,0x21e3,0x4b44,0x4304,0x3264,0x3ae3,0x1963,0x3ac4,
0x29e3,0x3ae4,0x3b04,0x4384,0x3ae3,0x3264,0x4367,0x32e6,0x3b26,0x5407,0x2a85,0x2a85,0x2244,0x2224,0x3b25,0x3305,
0x2aa5,0x1a24,0x11c4,0x2aa5,0x3b46,0x32e5,0x32c5,0x21c3,0x32c4,0x21c3,0x42c5,0x5c07,0x3ae5,0x3ae5,0x7548,0x32c5,
0x32c4,0x4404,0x2aa3,0x2a83,0x32c4,0x53c6,0x21c3,0x3ae5,0x2204,0x3aa4,0x4304,0x3243,0x4304,0x53c4,0x21c3,0x3264,
0x8568,0x4ba5,0x53c5,0x5426,0x3aa4,0x3265,0x4bc7,0x2aa5,0x2aa5,0x2244,0x2aa5,0x3ae5,0x4325,0x3ac4,0x32c4,0x32e4,
0x2244,0x2243,0x2aa4,0x4ba4,0x4304,0x5365,0x2a43,0x2a23,0x3a84,0x5b45,0x3244,0x4325,0x3b04,0x21e3,0x32a4,0x4b85,
0x3b24,0x3ae4,0x4365,0x3b04,0x3a84,0x3aa4,0x4325,0x6cc8,0x2a03,0x3ac5,0x29e3,0x3b27,0x3b67,0x32c5,0x3346,0x2a85,
0x2224,0x2284,0x2a03,0x4324,0x53a5,0x3263,0x1942,0x53c6,0x5c26,0x4bc6,0x2aa4,0x32a4,0x5c26,0x4365,0x4304,0x4385,
0x4325,0x4bc6,0x2a44,0x2aa5,0x3325,0x2a64,0x21c3,0x3b04,0x2ac3,0x2a83,0x6486,0x3ac4,0x4304,0x2a03,0x3aa3,0x42a4,
0x29c3,0x3b04,0x2a64,0x3283,0x3a44,0x32e5,0x4ba7,0x32c6,0x32a5,0x3b06,0x3b05,0x21a3,0x19c3,0x19e3,0x2224,0x2aa5,
0x2265,0x1a64,0x2ac5,0x32e5,0x32c5,0x19a3,0x3b66,0x2244,0x21e3,0x2244,0x3b05,0x6cc8,0x5407,0x2a44,0x4365,0x2a64,
0x3b64,0x4346,0x2a84,0x3284,0x43a5,0x2a84,0x2a04,0x3326,0x3b46,0x1963,0x2a03,0x2224,0x3284,0x32a4,0x2223,0x2a84,
0x2a44,0x4b64,0x3b04,0x53e5,0x42e4,0x3224,0x4387,0x3b66,0x2a65,0x2aa5,0x2244,0x3a84,0x32a4,0x32c4,0x3284,0x32a4,
0x3243,0x3a83,0x53a4,0x3b03,0x3b04,0x4364,0x2a43,0x4364,0x4325,0x53a5,0x4324,0x3b24,0x32e4,0x3304,0x4b84,0x3243,
0x5385,0x4344,0x3284,0x4324,0x3aa4,0x4305,0x3aa4,0x2a03,0x21c3,0x2a64,0x29c3,0x3b46,0x2b26,0x2ac6,0x3b87,0x2a64,
0x32e4,0x32c4,0x3ae4,0x3ae4,0x4305,0x4b65,0x3aa4,0x4b85,0x19a2,0x3ac4,0x4be6,0x3ae4,0x7527,0x3264,0x21c3,0x5407,
0x3ae5,0x4345,0x21a3,0x1983,0x2224,0x2224,0x2203,0x4304,0x4344,0x2a23,0x4385,0x3b04,0x4b64,0x3aa4,0x4365,0x32a4,
0x32e5,0x2a84,0x2264,0x2204,0x29e4,0x2a64,0x3b25,0x32e5,0x4305,0x3b05,0x2aa4,0x21a3,0x2a24,0x42a4,0x42e5,0x43a6,
0x2285,0x2264,0x4386,0x4386,0x2a65,0x32a5,0x2265,0x3265,0x2a24,0x3325,0x2244,0x3b44,0x3b05,0x3244,0x2a64,0x2a63,
0x32a4,0x94cd,0x9d6d,0x4b47,0x2aa3,0x3264,0x2aa6,0x3347,0x2a65,0x1a04,0x2ac5,0x3305,0x2a85,0x2243,0x3ae4,0x4344,
0x2a63,0x3243,0x3243,0x2a23,0x3a64,0x29e3,0x2aa4,0x3b06,0x2a24,0x43e7,0x3285,0x21a2,0x3b04,0x2aa4,0x4b04,0x4b24,
0x3a43,0x53a5,0x29e2,0x2a42,0x2a63,0x3ac3,0x3ac4,0x3b04,0x32c4,0x2aa4,0x3264,0x3ae4,0x3b04,0x4b64,0x3a63,0x3a84,
0x4345,0x3aa4,0x5be5,0x42e3,0x4b85,0x4b85,0x32e4,0x3264,0x29e3,0x2ae5,0x2a85,0x2a65,0x2204,0x2a03,0x3b24,0x2223,
0x4383,0x5c24,0x5c25,0x4364,0x32c4,0x6ce7,0x5405,0x21e3,0x32c4,0x2a64,0x32a4,0x2a03,0x3a84,0x3ac4,0x3ae4,0x3a64,
0x29e3,0x2a43,0x2a04,0x2a44,0x3203,0x2a44,0x2243,0x53a5,0x53e5,0x4ba5,0x2a84,0x5426,0x4385,0x2203,0x2a44,0x2aa4,
0x3305,0x2aa4,0x2264,0x22a5,0x19e4,0x3284,0x3b26,0x32a5,0x2223,0x5406,0x2264,0x2a65,0x3326,0x4ba6,0x42e5,0x1a04,
0x2aa4,0x2a24,0x3b25,0x3325,0x2ac5,0x2244,0x3b66,0x3285,0x2264,0x3304,0x2aa4,0x4365,0x2243,0x2ac4,0x3b44,0x2ac3,
0x5ba9,0x9d0b,0xa58c,0x6c0a,0x2223,0x3265,0x2aa5,0x2a85,0x32c5,0x19c4,0x19e4,0x2aa5,0x2265,0x32a4,0x3b05,0x3a84,
0x4b25,0x3ac4,0x42e4,0x4324,0x3243,0x3aa4,0x3ac4,0x3203,0x21e4,0x32a5,0x32c4,0x3ae4,0x4384,0x3b23,0x53a5,0x6ce6,
0x3263,0x6ca6,0x29e3,0x42e3,0x32a3,0x5384,0x3ae4,0x3ae4,0x4325,0x32c5,0x32c5,0x2a64,0x4ba4,0x4b64,0x3284,0x4324,
0x3b04,0x42e4,0x5c05,0x3ae4,0x4b85,0x32e4,0x2a64,0x3b26,0x2a85,0x2265,0x33a7,0x2265,0x3203,0x4ba5,0x2262,0x746b,
0x84cc,0x4344,0x3323,0x6ca6,0x2a03,0x21e3,0x2a83,0x29e4,0x3284,0x3a84,0x2a64,0x3244,0x3aa4,0x2a23,0x4344,0x4324,
0x3a83,0x5c05,0x3a43,0x3ae4,0x3b24,0x4345,0x3b05,0x5c26,0x3b44,0x5c47,0x4365,0x5c46,0x4ba5,0x3aa3,0x2a04,0x2a85,
0x2244,0x32a5,0x2ae5,0x2284,0x2244,0x2264,0x11a3,0x2ae5,0x2a84,0x2204,0x2ac5,0x2a85,0x2a64,0x3b05,0x4346,0x2244,
0x2224,0x19e4,0x2244,0x2244,0x2244,0x2a84,0x1a24,0x11a4,0x1a04,0x2223,0x2a84,0x3b46,0x2ac4,0x3344,0x2263,0x53e6,
0x53a6,0x740b,0x848d,0x3ae6,0x32a4,0x2264,0x2a85,0x2aa5,0x3305,0x2aa5,0x3306,0x2285,0x2aa5,0x2ac5,0x2224,0x21e4,
0x42c4,0x42e4,0x4b64,0x53a5,0x53c5,0x42e4,0x2a44,0x32a4,0x3224,0x2a41,0x53c7,0xa56f,0x32c3,0x3b23,0x2a43,0x4b64,
0x4324,0x4ba5,0x53e6,0x3ae4,0x4364,0x4ba4,0x3ac3,0x4304,0x2223,0x32c4,0x4b85,0x2a84,0x2a63,0x3ae4,0x32c4,0x3b04,
0x6466,0x53a5,0x5c66,0x3b45,0x32c4,0x2a64,0x2244,0x2a85,0x2ac6,0x2225,0x2b06,0x22e5,0x32c5,0x3b44,0x5b8a,0xa56d,
0x9d2a,0x846c,0x2a83,0x2a83,0x2244,0x3305,0x3b65,0x29e3,0x3284,0x3284,0x3284,0x32c4,0x3284,0x4304,0x4b24,0x53a5,
0x3ac4,0x6445,0x4b64,0x2a63,0x3ae4,0x5405,0x3ae4,0x4ba5,0x4385,0x4325,0x4365,0x4b86,0x6447,0x4b84,0x3285,0x3ae5,
0x2aa5,0x2a85,0x2244,0x1a24,0x2ac5,0x1a24,0x21e4,0x3305,0x2a84,0x21e4,0x2aa5,0x4366,0x2204,0x32c5,0x5c68,0x3b26,
0x2244,0x19e4,0x2284,0x1a84,0x2a84,0x4ba6,0x3305,0x1183,0x2224,0x2a04,0x3284,0x4bc6,0x4c07,0x4326,0x2a43,0x4325,
0x4bc4,0x32e4,0x4b85,0x5c04,0x6ca6,0x2264,0x2a85,0x5488,0x4ba6,0x2224,0x32e6,0x2244,0x22a5,0x2285,0x2aa4,0x2204,
0x6466,0x6cc6,0x2a43,0x53a5,0x6c86,0x3243,0x3224,0x3b04,0x2243,0x638a,0xa56e,0x8c89,0xadd0,0x2224,0x3b24,0x5c45,
0x4b65,0x4324,0x4b84,0x2a03,0x3ac3,0x53a4,0x32a3,0x3b04,0x3b04,0x3b24,0x3b45,0x2a44,0x32c4,0x3ac4,0x2a43,0x4304,
0x4b85,0x2244,0x3284,0x32a3,0x32a3,0x3283,0x32c4,0x2aa5,0x2a85,0x2285,0x2aa5,0x1a44,0x2a84,0x32c3,0x6428,0x9d2d,
0xad8e,0x6c0b,0x32e4,0x32c4,0x4ba6,0x3ba6,0x4bc6,0x2a44,0x2243,0x19e3,0x4b25,0x3b04,0x4ba5,0x4b84,0x5364,0x4b44,
0x29e3,0x4b24,0x6ca5,0x2203,0x4b85,0x6d07,0x53c4,0x32c3,0x4344,0x2203,0x32a4,0x2224,0x2a64,0x4324,0x2a44,0x3ae4,
0x32c4,0x2244,0x2a84,0x2284,0x3325,0x3224,0x4b05,0x2a44,0x21e3,0x21e3,0x2a64,0x4ba7,0x2a44,0x3ae5,0x4ba6,0x32a5,
0x3b65,0x29e4,0x2a84,0x2285,0x4bc7,0x32a5,0x3b86,0x2264,0x2a04,0x3224,0x4385,0x32e4,0x4bc6,0x1983,0x6447,0x43a4,
0x2aa4,0x4ba5,0x74c5,0x6446,0x4385,0x2a63,0x2a24,0x4386,0x2a84,0x2284,0x2265,0x1a04,0x1a04,0x3305,0x2ac5,0x2a64,
0x3ac4,0x5425,0x4344,0x3263,0x4ba5,0x3a84,0x3264,0x3b45,0x32a4,0x4286,0x8cec,0xbdef,0x6bca,0x2243,0x53c6,0x7d27,
0x32a4,0x6cc6,0x6466,0x29a3,0x42e4,0x4304,0x2a64,0x32a5,0x32c4,0x32e5,0x4365,0x2244,0x32a4,0x4b44,0x3b44,0x53e5,
0x3b65,0x1a44,0x2203,0x53a4,0x5385,0x2264,0x2b05,0x2b06,0x2ae6,0x2245,0x2ae6,0x2244,0x3284,0x5bc5,0x4be3,0x5be8,
0x6beb,0x11a2,0x2aa4,0x32c5,0x4be6,0x32e5,0x43a6,0x3284,0x2264,0x5406,0x3b05,0x2243,0x4344,0x3b04,0x3ae4,0x4b84,
0x42c4,0x3223,0x6445,0x3b04,0x32a4,0x5c45,0x2a43,0x3ac3,0x3283,0x2224,0x2a84,0x3b05,0x2ac4,0x2a64,0x2aa5,0x4385,
0x3243,0x32c5,0x2a84,0x2a84,0x2a64,0x42c4,0x53c5,0x3a84,0x3284,0x29e4,0x3ac6,0x64a9,0x3b26,0x4346,0x4ba6,0x32a5,
0x21c4,0x4bc7,0x2aa5,0x2264,0x3ba6,0x21a3,0x2a24,0x2aa4,0x32a4,0x2204,0x4325,0x32c4,0x42e4,0x4b44,0x4ba5,0x22a3,
0x2b04,0x2ae4,0x4324,0x5406,0x4365,0x3aa4,0x21a3,0x4b25,0x3223,0x11c3,0x19e4,0x1a45,0x2225,0x22a5,0x2aa5,0x2a24,
0x4b85,0x4364,0x2a64,0x4324,0x4304,0x6485,0x5c05,0x2ac4,0x32a4,0x2a22,0x32a5,0x63a9,0x3284,0x3303,0x32a4,0x32a4,
0x19c3,0x6467,0x3ac4,0x29a3,0x53c6,0x3a64,0x3244,0x32c4,0x2a24,0x3284,0x5c26,0x2a84,0x4b85,0x4365,0x2aa4,0x2a44,
0x53e6,0x2224,0x4ba5,0x3b25,0x3b25,0x2aa4,0x2224,0x1a04,0x2245,0x2204,0x19a3,0x4325,0x5c46,0x4b64,0x4344,0x4384,
0x2222,0x4364,0x4bc5,0x32e5,0x4366,0x4b86,0x3b25,0x32e4,0x3b04,0x6487,0x4b86,0x3b05,0x2244,0x32a4,0x21e3,0x3284,
0x3ac3,0x6405,0x6c85,0x5405,0x4b84,0x4ba3,0x53e4,0x4324,0x4b85,0x32a5,0x3b66,0x32c5,0x2a84,0x2a84,0x2a64,0x2a84,
0x32a4,0x2a43,0x3a43,0x3a84,0x6ca7,0x32c4,0x2a24,0x2a43,0x32a4,0x21a3,0x2a24,0x32a5,0x6468,0x4b86,0x64a7,0x2a04,
0x4305,0x2a84,0x2a84,0x2a84,0x2a84,0x21e3,0x4284,0x32e4,0x4365,0x53c6,0x4305,0x19a3,0x3a43,0x5bc5,0x6465,0x4ba4,
0x2243,0x1162,0x53c6,0x6446,0x4b86,0x3b45,0x3b04,0x53a5,0x3ac4,0x2204,0x4304,0x32c5,0x2aa5,0x2a64,0x3ac4,0x3264,
0x5c45,0x32e4,0x3264,0x74e7,0x53c5,0x3ae3,0x3283,0x2a84,0x2ac4,0x3304,0x3304,0x32e2,0x4344,0x4384,0x3ae4,0x31c3,
0x32c4,0x21e3,0x2183,0x3264,0x3264,0x3ae5,0x3b05,0x5c46,0x4304,0x42e4,0x3b04,0x3304,0x32a4,0x32a4,0x2264,0x2a84,
0x3b04,0x4324,0x3ae4,0x4b84,0x4bc5,0x4364,0x2aa5,0x2ae6,0x2a04,0x5b66,0x2a23,0x5c06,0x4b65,0x4b44,0x4364,0x4b64,
0x32a4,0x5425,0x5405,0x29e3,0x21a3,0x32a4,0x19c3,0x3b24,0x4365,0x2a43,0x5bc6,0x6cc8,0x2204,0x2a44,0x3ac4,0x4b84,
0x2a23,0x4324,0x5c45,0x5c65,0x3ae3,0x4324,0x6486,0x4365,0x3284,0x32c4,0x2ac5,0x2aa5,0x2224,0x2224,0x2a85,0x2264,
0x2a03,0x53a4,0x53e4,0x42e4,0x6446,0x3243,0x3244,0x3b04,0x32a3,0x42c5,0x6ce8,0x4b66,0x3285,0x2a44,0x3264,0x2163,
0x53e7,0x2a44,0x2a64,0x2a64,0x3b04,0x32e4,0x3b04,0x3283,0x4324,0x4ba5,0x4b45,0x3263,0x42e3,0x3aa3,0x4304,0x4b45,
0x4ba5,0x2a64,0x53e6,0x2203,0x2204,0x2243,0x3223,0x4b24,0x32c4,0x3283,0x3a84,0x4b44,0x32c4,0x2a04,0x3ae5,0x3305,
0x3b25,0x32c4,0x4365,0x2284,0x4b04,0x4b43,0x3304,0x2a84,0x32a4,0x6ca7,0x3ac4,0x4385,0x5c27,0x3ac4,0x3ac4,0x1983,
0x43a6,0x3b46,0x2963,0x3b06,0x3b26,0x4386,0x3ae4,0x3b25,0x4365,0x53e5,0x4b84,0x4344,0x2a64,0x32e5,0x3b04,0x2203,
0x3b04,0x5405,0x32c4,0x2223,0x4304,0x3ae4,0x4345,0x2244,0x32a5,0x63a7,0x3244,0x4325,0x5405,0x4b84,0x29c3,0x3264,
0x4bc5,0x32e4,0x4ba5,0x4304,0x21a3,0x3b04,0x32c4,0x4365,0x3b24,0x4365,0x29c3,0x3a64,0x32a4,0x3244,0x4324,0x5c45,
0x3b04,0x53c5,0x4ba4,0x3b04,0x6ce7,0x2224,0x4ba5,0x5405,0x32a3,0x19c4,0x1a45,0x2285,0x3306,0x3346,0x3325,0x1a04,
0x1983,0x4b45,0x53e5,0x3243,0x4b65,0x2a03,0x32a4,0x3b04,0x32e4,0x4ae5,0x5b86,0x6c87,0x4b25,0x32c4,0x4345,0x4325,
0x4ae4,0x2a43,0x3b23,0x2ac3,0x2ac3,0x53c4,0x21c3,0x5365,0x5be5,0x53e5,0x6466,0x4b84,0x53a4,0x4303,0x3ac3,0x2243,
0x2ae4,0x3b05,0x3b45,0x32c4,0x2aa4,0x3284,0x4304,0x32c4,0x3284,0x4bc5,0x32e4,0x3223,0x5c05,0x43a5,0x3284,0x3284,
0x2aa5,0x2203,0x4344,0x3b64,0x2a23,0x42c4,0x4324,0x21a3,0x29e3,0x6cc7,0x4324,0x5c26,0x7508,0x21a3,0x2224,0x2b65,
0x3b25,0x43c6,0x2204,0x21e4,0x2285,0x32a5,0x29c4,0x3264,0x5426,0x4ba5,0x3b04,0x53c5,0x3224,0x3a84,0x4365,0x4365,
0x7506,0x3283,0x3264,0x3b04,0x53a4,0x2a23,0x2a23,0x1a23,0x2aa5,0x32e5,0x3264,0x2203,0x4365,0x2a03,0x1923,0x3203,
0x5c25,0x4bc5,0x4b85,0x6cc7,0x29c3,0x53a5,0x4324,0x2182,0x21c3,0x2a63,0x2a03,0x21c3,0x3aa3,0x42e4,0x3283,0x5c05,
0x4385,0x4385,0x53e5,0x19a2,0x32a3,0x2aa3,0x5405,0x32a4,0x4364,0x21e3,0x19a3,0x2ae5,0x2285,0x2285,0x2ae5,0x19e3,
0x2a44,0x53e7,0x5405,0x4304,0x6ca7,0x4344,0x3b24,0x2ac3,0x3303,0x4b65,0x4b04,0x42c5,0x3a64,0x2a02,0x4344,0x53c6,
0x3aa3,0x32e3,0x53c6,0x6408,0x63e8,0x53c3,0x2a23,0x53a5,0x53a5,0x3ac4,0x4b85,0x5c25,0x3ae3,0x32a3,0x3b04,0x2ac4,
0x2aa4,0x2a84,0x2223,0x4365,0x4365,0x4364,0x3b44,0x4b45,0x21c3,0x4b65,0x2a84,0x32a4,0x3ae4,0x3ae4,0x4344,0x2aa4,
0x22a5,0x2aa5,0x2ac5,0x2ac4,0x2a84,0x19a3,0x3ae3,0x3283,0x21c3,0x4324,0x3b04,0x3ac4,0x4344,0x21e3,0x19e4,0x2aa4,
0x2224,0x2ac5,0x3b86,0x2a85,0x2264,0x3305,0x2a64,0x4365,0x4ba6,0x32e4,0x32c4,0x32a4,0x3ae6,0x3264,0x4b84,0x3b44,
0x5385,0x42a3,0x4b65,0x3284,0x3243,0x2a43,0x32e5,0x43a6,0x3b66,0x2ac5,0x2244,0x21e4,0x2204,0x29a3,0x2a64,0x3a64,
0x6446,0x5c06,0x2a64,0x2a23,0x3a83,0x5bc5,0x5c25,0x4324,0x3ae4,0x3264,0x2204,0x2224,0x2a04,0x2a64,0x4bc5,0x5c06,
0x32c4,0x3b65,0x4385,0x2a83,0x53e4,0x3263,0x53c4,0x2a63,0x2223,0x3b44,0x4385,0x2264,0x1a04,0x21e4,0x19c3,0x2244,
0x43a5,0x5c46,0x4c06,0x4345,0x3264,0x4303,0x4343,0x5be8,0x53e6,0x4383,0x32c4,0x3ae4,0x32e4,0x42e3,0x42e4,0x4b45,
0x42a3,0x3203,0x73ea,0xb5ae,0x9d6f,0x4325,0x3b23,0x4b84,0x32a3,0x19c3,0x4b45,0x4364,0x32e3,0x3b64,0x3b24,0x32e4,
0x2224,0x2243,0x3304,0x2243,0x32c4,0x4b85,0x2a83,0x3ae4,0x42c4,0x4b44,0x21e3,0x5be5,0x2a23,0x4b24,0x3aa4,0x21e3,
0x3b65,0x43a6,0x2aa5,0x2244,0x3305,0x32a5,0x4b86,0x1922,0x6427,0x8e08,0x3b04,0x4324,0x7d47,0x4b65,0x32a5,0x4bc6,
0x4366,0x2a84,0x2204,0x32e5,0x4be6,0x2a84,0x2a23,0x32c4,0x3284,0x3304,0x3304,0x4bc6,0x4b85,0x3ac4,0x2a43,0x32c4,
0x3263,0x42c3,0x32a4,0x3283,0x42e4,0x4bc5,0x4385,0x4bc6,0x2ae5,0x2204,0x21e4,0x2224,0x22a5,0x2a64,0x3b05,0x3a44,
0x4284,0x19a3,0x4b85,0x53e5,0x4344,0x6cc6,0x53a5,0x3284,0x4ba4,0x3223,0x3244,0x3ac4,0x3b45,0x3b05,0x2a03,0x2a84,
0x53e5,0x2a23,0x2263,0x2ac4,0x4b85,0x3ae4,0x19c3,0x3263,0x4b44,0x4ba5,0x4ba5,0x32c4,0x32a4,0x3263,0x3284,0x4b65,
0x4365,0x2a64,0x2a44,0x4bc5,0x19e3,0x4344,0x4b85,0xb5d0,0x742a,0x3284,0x3284,0x32a4,0x32e4,0x3ae4,0x7ce7,0x74e6,
0x53c2,0x53a6,0xadd0,0x8c89,0x8cec,0x63aa,0x2222,0x4303,0x4304,0x4b85,0x53e5,0x3283,0x3ae3,0x4364,0x3304,0x32a5,
0x2a64,0x4344,0x4364,0x2aa3,0x2a23,0x32a4,0x4b65,0x5384,0x5344,0x7cc6,0x4b44,0x4344,0x19c3,0x3ae4,0x4b24,0x32c4,
0x3b45,0x2a64,0x32e5,0x4386,0x2a85,0x32c5,0x2a85,0x2223,0x3304,0x4ba5,0x2203,0x6ca7,0x6486,0x2a03,0x2a44,0x32c5,
0x4386,0x2a44,0x2a03,0x4365,0x4bc6,0x3244,0x3284,0x3b04,0x3284,0x64a7,0x4385,0x32c4,0x2243,0x2a83,0x2a63,0x2223,
0x3b44,0x3ac3,0x53a4,0x53e5,0x32c4,0x2aa4,0x32e4,0x3325,0x2204,0x2a44,0x3305,0x22a4,0x2265,0x2a85,0x3ac4,0x32a4,
0x2a03,0x2a03,0x5385,0x5425,0x3b04,0x3ae3,0x53a4,0x3a44,0x4b25,0x3a84,0x4ba6,0x4b85,0x3224,0x3a44,0x5407,0x43e5,
0x3b05,0x3a65,0x2a23,0x2a63,0x3a23,0x3a84,0x32a5,0x3ac5,0x4b65,0x3ac4,0x3b24,0x32c4,0x4ba5,0x32e4,0x4344,0x4304,
0x3ae4,0x2a63,0x2223,0x3283,0x3b43,0x53a6,0xbe13,0x8c89,0xad8e,0x63e9,0x3b02,0x42e3,0x2a63,0x2203,0x4b85,0x5c05,
0x4b83,0x3303,0x2a83,0x9d4f,0x5ba7,0x2201,0x3aa3,0x7cc6,0x53a5,0x21e3,0x53c5,0x5385,0x3ae4,0x4365,0x3305,0x4bc6,
0x3b25,0x5c26,0x2a63,0x2a63,0x3ae3,0x4304,0x3284,0x5344,0x5344,0x4b64,0x2a43,0x4324,0x3263,0x5be5,0x4b64,0x3b45,
0x3324,0x2224,0x3305,0x32c5,0x2203,0x2a64,0x4385,0x3b85,0x3b65,0x2a63,0x2243,0x3305,0x32e4,0x2223,0x29e4,0x2a45,
0x32e5,0x2a24,0x3223,0x3243,0x3ae4,0x3aa4,0x4344,0x3264,0x2a44,0x4b85,0x2a64,0x2a84,0x2223,0x4365,0x3b45,0x32e4,
0x4364,0x3304,0x4344,0x4b85,0x3b25,0x3b25,0x4344,0x4364,0x2a84,0x4365,0x3305,0x2ac5,0x2244,0x2244,0x2ac5,0x32e6,
0x32a4,0x2a23,0x53a5,0x4ba5,0x3b25,0x5c26,0x4324,0x4b24,0x3a24,0x3224,0x5c26,0x53c6,0x2983,0x42e5,0x7589,0x3ae4,
0x32a4,0x4b66,0x21a3,0x3a44,0x5385,0x2a44,0x4b86,0x5427,0x3b05,0x4b66,0x3ae4,0x4345,0x3b45,0x2a64,0x2ac4,0x2ac4,
0x19e4,0x2a84,0x3b04,0x32c3,0x3ae3,0x4b84,0x5366,0xadef,0x7c6b,0x2a42,0x4b64,0x4b04,0x4b65,0x3ae4,0x3b04,0x5c25,
0x3b23,0x3aa3,0x19e3,0x2223,0x2a84,0x5405,0x53a4,0x4b45,0x6ce7,0x4365,0x6466,0x3283,0x2243,0x4364,0x4b85,0x32e4,
0x32c4,0x3b24,0x3b24,0x3ac4,0x42a3,0x5344,0x6425,0x2a23,0x5c04,0x3263,0x3263,0x6425,0x3ac4,0x2a23,0x3284,0x5405,
0x3b25,0x4385,0x1183,0x1183,0x2264,0x32c4,0x4365,0x2203,0x4325,0x3b04,0x2ac4,0x3305,0x3b24,0x3304,0x2a24,0x3a84,
0x4ba4,0x3b45,0x21c3,0x42e5,0x3ac4,0x53a6,0x4324,0x3aa4,0x2a84,0x19a3,0x21a3,0x5be6,0x4b85,0x5406,0x4386,0x4366,
0x2a84,0x3b24,0x2203,0x42e4,0x5c45,0x5c46,0x3b04,0x21e3,0x3264,0x4b65,0x4ba6,0x2a64,0x2265,0x2ac5,0x1a04,0x21c4,
0x3284,0x3ae5,0x5be6,0x3243,0x3263,0x7d48,0x3ac4,0x21a3,0x2a44,0x3224,0x3ae4,0x42e5,0x4305,0x3264,0x4345,0x21a3,
0x4bc5,0x64c7,0x3204,0x2a03,0x42c4,0x4b66,0x64a7,0x1a24,0x43a6,0x3285,0x2224,0x32e4,0x3b05,0x3264,0x32a4,0x2284,
0x2ac5,0x3244,0x3263,0x4325,0x53e5,0x4344,0x32a3,0x3285,0x3ac4,0x5be4,0x3264,0x4305,0x7d67,0x5c45,0x4344,0x4364,
0x4303,0x31a3,0x2a63,0x3323,0x2a83,0x5c05,0x3243,0x42e5,0x5c26,0x6c86,0x4365,0x2223,0x4364,0x32a4,0x32a4,0x4324,
0x4b84,0x4b85,0x4385,0x6c66,0x63e4,0x2a03,0x4b24,0x6405,0x6424,0x4b44,0x4b64,0x4b63,0x2a63,0x32a3,0x2a44,0x2203,
0x1a24,0x4364,0x2224,0x1a04,0x19e3,0x4385,0x4be6,0x2a63,0x2203,0x2a84,0x32c4,0x2a84,0x2a64,0x4324,0x32c4,0x4b65,
0x3a83,0x32a3,0x3264,0x954b,0x5bc7,0x8d4b,0x3244,0x3203,0x3284,0x3264,0x5386,0x4ba5,0x3263,0x3b04,0x3305,0x3b05,
0x2a84,0x2aa4,0x2ac4,0x2a64,0x2203,0x2223,0x2a23,0x3ac4,0x4b65,0x3284,0x32c4,0x19e3,0x22a4,0x3306,0x2aa5,0x21e3,
0x3264,0x5385,0x3ae4,0x3b03,0x3b24,0x3264,0x4364,0x3ae4,0x29e3,0x42e5,0x4305,0x3285,0x6488,0x2a44,0x21a3,0x32a4,
0x3ac4,0x3204,0x4284,0x4b85,0x3a84,0x5c06,0x4385,0x4c07,0x32c5,0x32c5,0x2a84,0x3b05,0x2a64,0x3aa4,0x3aa3,0x2a84,
0x2a65,0x4ae5,0x4b85,0x4b65,0x4b45,0x3284,0x3b05,0x3263,0x53a4,0x6485,0x4b84,0x3244,0x7527,0x4b65,0x53c6,0x74e6,
0x4ae4,0x3264,0x2a84,0x2ac5,0x3326,0x3b45,0x3a64,0x3224,0x21c3,0x53c6,0x3b24,0x1a23,0x3b24,0x4b85,0x2aa4,0x32e4,
0x3b24,0x3304,0x4b85,0x3ac4,0x5be4,0x4324,0x4344,0x5bc4,0x3a83,0x5c05,0x74a6,0x4b64,0x3283,0x4344,0x3244,0x29e4,
0x2a84,0x1183,0x2a44,0x2285,0x32e4,0x3304,0x3ae5,0x32a4,0x4385,0x2a23,0x2a23,0x4325,0x2a43,0x4b65,0x6ca6,0x5405,
0x5385,0x3ae3,0x4b66,0x74aa,0x6448,0x6c49,0x2a64,0x3244,0x2a03,0x3284,0x64a8,0x4bc6,0x2223,0x3ae5,0x4345,0x32e4,
0x32e3,0x4385,0x3b24,0x4ba4,0x3ae4,0x53c6,0x5c26,0x32a4,0x42a4,0x3ac5,0x3264,0x2a44,0x2244,0x1a24,0x19e3,0x3284,
0x4304,0x3283,0x32c4,0x53e4,0x3263,0x3203,0x2a44,0x53e6,0x2a24,0x4b25,0x4ba6,0x2224,0x32e4,0x2a23,0x42c5,0x5406,
0x4345,0x2a04,0x3aa4,0x5405,0x2aa4,0x4344,0x19c3,0x6488,0x3ae5,0x3304,0x4385,0x3b45,0x3b04,0x2a04,0x3aa4,0x32c4,
0x2244,0x4325,0x53e5,0x4324,0x4b65,0x42e4,0x4304,0x3aa4,0x3284,0x42e4,0x4b44,0x2244,0x3b05,0x21a3,0x4b25,0x5c26,
0x31e4,0x3b25,0x3b25,0x2a84,0x43c7,0x3b25,0x2284,0x19c4,0x2a24,0x4303,0x4324,0x4ba5,0x4ba6,0x3b25,0x2ac4,0x2284,
0x2264,0x3b24,0x3284,0x2223,0x4b44,0x4b65,0x42e4,0x3264,0x3aa3,0x53a4,0x4b43,0x5c05,0x4324,0x4b64,0x53a5,0x3a44,
0x3284,0x3ac4,0x3a24,0x3284,0x2aa4,0x4be5,0x3b25,0x32e5,0x3ae4,0x21e3,0x3ae4,0x6ca7,0x32e4,0x3b05,0x6486,0x3b04,
0x5405,0x5404,0x4305,0x74ab,0x6c6a,0x7449,0x3b05,0x4385,0x3244,0x3a24,0x32c5,0x2284,0x2aa4,0x3b05,0x6486,0x53a6,
0x5ba9,0x3b24,0x4364,0x6465,0x4384,0x4b85,0x53c5,0x4b25,0x2a24,0x32e4,0x4304,0x3244,0x3284,0x21e3,0x2a64,0x3a84,
0x5405,0x2a63,0x32c4,0x53c5,0x4304,0x42e4,0x3203,0x32a4,0x3305,0x19a4,0x4bc6,0x64a6,0x32c4,0x3b24,0x3243,0x5385,
0x4b85,0x2a84,0x2a83,0x2a64,0x53c5,0x2a43,0x21c3,0x3b04,0x4324,0x3b24,0x3b24,0x32e4,0x4b85,0x3244,0x4be7,0x3b45,
0x6447,0x32a4,0x3ac4,0x3284,0x4b45,0x3a84,0x3a84,0x4345,0x3b04,0x3a84,0x2943,0x3326,0x2244,0x19c3,0x2ac4,0x32e5,
0x21e4,0x1a24,0x2aa5,0x2244,0x53e7,0x2a44,0x11e4,0x11e4,0x2a84,0x4ba6,0x4386,0x4345,0x32e5,0x22a4,0x2aa4,0x2ac4,
0x3305,0x32c4,0x2a64,0x4345,0x4344,0x53a5,0x6c86,0x32a4,0x4364,0x3ac4,0x3283,0x3b03,0x4344,0x2203,0x3ac4,0x3284,
0x53a4,0x6485,0x4344,0x2a23,0x1983,0x4385,0x4385,0x2a43,0x21a3,0x3203,0x3243,0x3284,0x3b04,0x2a43,0x4b65,0x2a63,
0x4304,0x4b85,0x19c2,0x2224,0x3b46,0x19c2,0x3304,0x32c4,0x2a44,0x3264,0x3285,0x21c4,0x2a83,0x3b04,0x2aa4,0x7c6b,
0xbe30,0x5ba8,0x32c3,0x4345,0x4365,0x2a84,0x5c25,0x3a84,0x4324,0x3304,0x4be5,0x3244,0x4345,0x3284,0x3223,0x53c6,
0x4365,0x2242,0x5be6,0x3ac4,0x53e5,0x3263,0x3244,0x21e4,0x2244,0x2a04,0x3b25,0x32a4,0x21e4,0x3305,0x3a84,0x5bc5,
0x3aa3,0x3223,0x6cc7,0x3284,0x4324,0x3b04,0x32c4,0x4bc5,0x32c3,0x5ba9,0x848b,0x5b87,0x1a02,0x53e6,0x5447,0x32c4,
0x4ba6,0x3305,0x2263,0x3aa4,0x53a6,0x32a4,0x3264,0x3ae4,0x2a24,0x21c4,0x2204,0x2a84,0x2a85,0x2a85,0x4c07,0x43a6,
0x2a85,0x22c5,0x2b26,0x1a64,0x3b06,0x2224,0x11c3,0x21c4,0x3285,0x5427,0x32a4,0x19a3,0x32a4,0x3b44,0x32e4,0x4be4,
0x3b24,0x4b44,0x4324,0x5385,0x53a4,0x2203,0x4b44,0x53c4,0x53c4,0x2a23,0x32c3,0x32c4,0x4bc5,0x3b04,0x3284,0x42c4,
0x29e3,0x53a4,0x5405,0x2a03,0x4324,0x4364,0x3243,0x3a64,0x42c4,0x3ae5,0x3ae4,0x6c87,0x4344,0x53a5,0x5c26,0x3ae4,
0x53c5,0x2a84,0x32a3,0x2223,0x32e4,0x3264,0x4324,0x2a24,0x29c4,0x3264,0x3264,0x3244,0x3b64,0x2aa3,0x6449,0xb5d0,
0x8467,0xadaf,0x3284,0x5426,0x6cc8,0x32c4,0x5446,0x3284,0x3284,0x32c4,0x32a3,0x3203,0x3263,0x32a4,0x2a03,0x8d2c,
0x84eb,0x7cab,0x4ba5,0x3b44,0x2203,0x4b85,0x5406,0x2a64,0x3305,0x3264,0x19e3,0x11c3,0x2a84,0x2a44,0x4324,0x3263,
0x3284,0x5be6,0x6ca7,0x53e6,0x2223,0x3b24,0x4324,0x32c3,0x3ae5,0x9d2d,0x9d09,0xa58e,0x4ba6,0x2ac3,0x3ae4,0x32c4,
0x4385,0x3b45,0x2ac4,0x3b05,0x32c5,0x3ae5,0x43a6,0x3b45,0x5407,0x29e4,0x2264,0x2a24,0x2aa5,0x2aa5,0x4bc7,0x4387,
0x3a85,0x3264,0x2ac5,0x2b05,0x1a03,0x2243,0x2264,0x3224,0x2a85,0x3b46,0x3ae5,0x3264,0x4be5,0x2a42,0x5388,0x53a6,
0x4b84,0x3ac3,0x4304,0x4b64,0x2223,0x3284,0x5c04,0x4344,0x3ac4,0x53a5,0x32a4,0x4be5,0x3ac4,0x4b85,0x3ac4,0x5ba5,
0x5be5,0x2a23,0x63e5,0x21a3,0x5be4,0x3ac3,0x29a2,0x6406,0x6427,0x3244,0x3a84,0x53e6,0x53e6,0x2203,0x4b85,0x53e4,
0x4344,0x2a44,0x4304,0x3263,0x4365,0x3ae5,0x29e3,0x3326,0x2224,0x3ae5,0x3b05,0x3305,0x3305,0x4384,0x3303,0x5b49,
0xadf0,0x21c4,0x4364,0x4ba5,0x32e5,0x2223,0x4365,0x2a64,0x2a63,0x42e3,0x3ac4,0x4b24,0x3aa4,0x2223,0x5c08,0x7488,
0x6c47,0x7c6b,0x2a83,0x3b24,0x3283,0x4344,0x3b24,0x32a5,0x32e5,0x3305,0x2204,0x2a24,0x3244,0x3b05,0x5c06,0x4b25,
0x2a04,0x6465,0x4303,0x32a3,0x32a3,0x4344,0x3ae4,0x4364,0x4b85,0x6c09,0xa58e,0x5b68,0x2a44,0x3b45,0x5c67,0x4345,
0x5427,0x4b86,0x19e3,0x1a04,0x19e3,0x32c5,0x5427,0x2a84,0x2a64,0x2224,0x3ac5,0x3a84,0x32c4,0x3305,0x22a5,0x3326,
0x4386,0x3b46,0x3285,0x2204,0x2a64,0x42e5,0x4325,0x32a4,0x32c5,0x2a84,0x2a84,0x3a84,0x2243,0x5b69,0x950b,0x950b,
0x42c6,0x4304,0x6c66,0x5405,0x4be6,0x3b44,0x4ba4,0x2224,0x32e4,0x4b64,0x3223,0x32e5,0x2aa4,0x32c4,0x42e4,0x3284,
0x6425,0x6465,0x4384,0x4364,0x6485,0x4b44,0x3243,0x4ba5,0x3284,0x2a23,0x3ac4,0x53c5,0x4ba5,0x2243,0x19e3,0x3b05,
0x6446,0x4b65,0x4324,0x4345,0x3b25,0x3325,0x2285,0x4407,0x3326,0x2a44,0x4345,0x3285,0x32e5,0x32a4,0x32c3,0x3284,
0x4345,0x3b64,0x5385,0x4bc5,0x2263,0x32e4,0x4ba5,0x19e3,0x4b45,0x5365,0x4304,0x42e3,0x4304,0x53a5,0x3b04,0x956d,
0x6c29,0x7cab,0x2a83,0x2a63,0x4324,0x4384,0x2ae4,0x1a03,0x2a64,0x2a64,0x29c3,0x3a24,0x2a84,0x3284,0x53c5,0x4365,
0x3264,0x5be6,0x5be4,0x4304,0x4b64,0x4ba5,0x6446,0x4b84,0x32e4,0x3324,0x5388,0x2203,0x2243,0x32c4,0x3b05,0x6467,
0x19a3,0x2a44,0x3b65,0x3b85,0x2ae4,0x2244,0x43c7,0x2ac5,0x1a44,0x2264,0x3b25,0x4365,0x53e6,0x4385,0x2285,0x3346,
0x4326,0x4306,0x32a5,0x21e3,0x32c5,0x5469,0x2a84,0x2a44,0x32c4,0x43a5,0x4325,0x3b04,0x2264,0x6bea,0x8ceb,0x94eb,
0x5ba9,0x32c3,0x6487,0x3b05,0x3b04,0x32c4,0x3b24,0x32e4,0x2a44,0x2224,0x2ac5,0x32c4,0x3283,0x3263,0x29e3,0x42c4,
0x2a03,0x53a5,0x53a5,0x7526,0x4b64,0x32c3,0x2243,0x2223,0x2a23,0x6466,0x6466,0x4b85,0x5c45,0x3b24,0x3b04,0x4b84,
0x32a4,0x2a03,0x3284,0x4365,0x2224,0x2264,0x2224,0x2ac6,0x1a04,0x1183,0x3b25,0x32a5,0x4365,0x2204,0x2a24,0x3ac4,
0x5404,0x64a5,0x4345,0x2a24,0x2a64,0x42e4,0x53a5,0x21c3,0x4b04,0x4b24,0x5384,0x42c3,0x4304,0x4304,0x3b03,0x4366,
0x2aa4,0x32a4,0x3ae4,0x4324,0x42c4,0x29e2,0x4304,0x4345,0x4364,0x2203,0x5c06,0x4344,0x32e4,0x53e5,0x4324,0x2a03,
0x3264,0x53e6,0x4b84,0x6445,0x6445,0x3ac3,0x3ac4,0x2a43,0x3ae4,0x3b04,0x2a83,0x53e6,0x4ba5,0x2203,0x19c3,0x32a5,
0x19a3,0x2204,0x32a4,0x4bc6,0x3ae5,0x2264,0x2b05,0x3325,0x3263,0x4386,0x3b26,0x3b06,0x5c47,0x53e6,0x21c3,0x3244,
0x4b86,0x4366,0x32e5,0x2a84,0x3b26,0x3b05,0x2a64,0x32c5,0x3b65,0x32a4,0x3203,0x3264,0x32c4,0x1162,0x744c,0x5b69,
0x2243,0x4ba5,0x4ba6,0x2223,0x4305,0x5c25,0x32c4,0x2aa4,0x2244,0x2245,0x43e7,0x2223,0x5344,0x3243,0x5c05,0x6c85,
0x2a63,0x2a24,0x53a5,0x4b65,0x4be5,0x3b24,0x3243,0x3aa4,0x2a03,0x53c5,0x3ae4,0x4324,0x4ba5,0x4344,0x6cc6,0x4364,
0x4b64,0x2a44,0x3305,0x3b46,0x2224,0x2285,0x22a5,0x2265,0x2285,0x2204,0x4bc6,0x4325,0x32e5,0x2a24,0x2a23,0x32c4,
0x32a4,0x3b25,0x3b25,0x2a04,0x29c3,0x4344,0x3b24,0x2a03,0x3ac4,0x3ac3,0x4b24,0x2a03,0x3243,0x3284,0x3284,0x32a4,
0x4b84,0x3284,0x5405,0x3ae4,0x2a23,0x6426,0x42e4,0x3ae4,0x4384,0x2a84,0x6487,0x5c25,0x2243,0x4304,0x3243,0x3284,
0x4b85,0x5be5,0x53c5,0x3ac3,0x3283,0x4304,0x4b64,0x3ae4,0x32c3,0x4304,0x3284,0x4b65,0x3ae4,0x1983,0x3224,0x2a44,
0x22a4,0x2264,0x2a44,0x5386,0x3284,0x2a63,0x32c4,0x4384,0x4b43,0x3b25,0x3b86,0x3305,0x2aa5,0x4bc7,0x3264,0x3284,
0x4ba6,0x3325,0x43a6,0x2203,0x5be7,0x4366,0x4c07,0x3b25,0x32e4,0x5c07,0x2a64,0x2a03,0x3244,0x3ac5,0x2a84,0x3b04,
0x2a84,0x3224,0x2244,0x2284,0x3b46,0x4ba5,0x2264,0x1a65,0x2284,0x2264,0x3b26,0x3b46,0x43a6,0x32a4,0x3b04,0x4b84,
0x3ae4,0x53c5,0x5c25,0x5385,0x5c25,0x2a43,0x4b24,0x74c6,0x5c06,0x2a23,0x3243,0x7507,0x43a4,0x6446,0x4ba5,0x3b24,
0x3ac4,0x2a43,0x2a84,0x2a64,0x3b25,0x2a85,0x2244,0x2a84,0x3b25,0x32c5,0x4b46,0x4bc7,0x3b65,0x2a04,0x4324,0x43a5,
0x2264,0x32c4,0x4385,0x3204,0x29c3,0x3b24,0x32e4,0x5405,0x29e3,0x31e3,0x4b85,0x4344,0x4b65,0x3ae4,0x2a64,0x3aa4,
0x4365,0x3284,0x3b05,0x3244,0x29a3,0x5385,0x4304,0x19a3,0x2243,0x53c6,0x6ce7,0x4be5,0x3b24,0x4ba5,0x2a03,0x32a4,
0x53a5,0x3283,0x4ba4,0x2a83,0x4bc6,0x5405,0x4325,0x4b44,0x3ae4,0x53c5,0x53e6,0x5406,0x4b65,0x2224,0x53e6,0x3a84,
0x2aa4,0x2a04,0x2a04,0x5345,0x3224,0x3aa3,0x4b85,0x4b64,0x5383,0x3b04,0x5448,0x3b46,0x4386,0x2a85,0x4345,0x6ce7,
0x32c4,0x2aa4,0x2264,0x2ac3,0x19c3,0x2a64,0x6487,0x4366,0x3264,0x4365,0x19e3,0x4325,0x43c6,0x3244,0x4305,0x4c06,
0x43a6,0x3224,0x2203,0x3b65,0x4be7,0x19e3,0x1183,0x2b26,0x2264,0x2a85,0x53c7,0x2a44,0x1a04,0x1983,0x2224,0x4b85,
0x3263,0x3b04,0x32a3,0x1a03,0x32c4,0x32c4,0x3ae4,0x21e3,0x42e3,0x42a3,0x21e3,0x53a5,0x4324,0x74c7,0x3b04,0x3b04,
0x53c5,0x4b64,0x32a4,0x32a5,0x2ac5,0x3325,0x21e3,0x21c3,0x3ae4,0x53c6,0x2a84,0x3244,0x2a24,0x19c4,0x4385,0x4c05,
0x3305,0x3ae4,0x4b85,0x19a3,0x21e3,0x4386,0x5447,0x3b25,0x2a23,0x2a23,0x4365,0x5405,0x5385,0x29e3,0x3284,0x32c4,
0x3ae4,0x3243,0x3264,0x4b84,0x53c4,0x3ae4,0x2a03,0x21e3,0x53c5,0x3284,0x4b65,0x32a3,0x21e3,0x3ae4,0x3b04,0x32e4,
0x32a4,0x32a4,0x4365,0x3b24,0x4344,0x2aa3,0x3ac4,0x4b44,0x3b24,0x53c6,0x4345,0x3b24,0x3284,0x3b65,0x5445,0x3ac4,
0x3a23,0x3264,0x2a43,0x4325,0x5345,0x53a5,0x53e5,0x4b44,0x3263,0x21e3,0x2a65,0x2244,0x2aa5,0x2ac4,0x2a43,0x3ae5,
0x2aa4,0x1a23,0x3b45,0x4385,0x3b65,0x5426,0x3b45,0x2263,0x2a83,0x2aa4,0x3a64,0x5346,0x4bc6,0x32c5,0x3b05,0x2a64,
0x43a5,0x3244,0x2a04,0x4be6,0x4325,0x3b25,0x2224,0x19c4,0x3ba7,0x1a44,0x3244,0x2aa5,0x2ae5,0x2244,0x4b05,0x42e4,
0x2223,0x3b04,0x4364,0x2284,0x32c4,0x2a63,0x32a3,0x3243,0x42a3,0x5c05,0x53a5,0x4b84,0x32c4,0x32c4,0x2ae4,0x43a5,
0x4b85,0x4344,0x32c4,0x3284,0x2223,0x3264,0x3284,0x32a4,0x4ba5,0x3284,0x3b04,0x3244,0x2a85,0x2265,0x2264,0x2ac5,
0x3b46,0x21e3,0x32a4,0x3b45,0x32a4,0x3b05,0x3305,0x3b25,0x4b25,0x3aa4,0x4ae4,0x3244,0x32a4,0x32e5,0x3305,0x32c4,
0x2203,0x2224,0x3ac4,0x5425,0x53e5,0x19e3,0x4b24,0x53c4,0x2ac4,0x4325,0x5c46,0x4b85,0x2a23,0x4b65,0x3b25,0x1a03,
0x32c4,0x4385,0x4364,0x4384,0x3b24,0x32e4,0x32e4,0x4b86,0x32e4,0x2224,0x2223,0x4385,0x3ae4,0x3a83,0x53a4,0x2a43,
0x3203,0x5be5,0x4ba5,0x3aa4,0x3a84,0x3aa4,0x5c05,0x4b24,0x5384,0x3284,0x21c4,0x2aa4,0x2264,0x32c4,0x2264,0x22a5,
0x2a84,0x32e5,0x53e6,0x3304,0x5c46,0x3b05,0x2a84,0x5446,0x3b24,0x53a5,0x4264,0x4325,0x4346,0x4365,0x3284,0x4b85,
0x4b85,0x21a3,0x4b45,0x4325,0x19e3,0x3b05,0x19a3,0x2a84,0x2a84,0x19c4,0x0943,0x19e4,0x3ac5,0x2a04,0x3203,0x3a84,
0x5426,0x2a84,0x4b85,0x3b05,0x3ae4,0x3ae3,0x3284,0x6425,0x3284,0x3284,0x6cc6,0x3b44,0x53e5,0x32a3,0x3b44,0x2264,
0x2243,0x32c4,0x53e5,0x3244,0x4305,0x2a24,0x3345,0x32a4,0x32c4,0x2223,0x3b45,0x3b45,0x2a85,0x2244,0x19c4,0x2203,
0x3263,0x3ae4,0x4ba5,0x32c4,0x3ac5,0x6cc8,0x3ac4,0x4ba6,0x5c47,0x3ac4,0x4264,0x2a44,0x2285,0x3b05,0x2aa5,0x3b46,
0x2aa4,0x3305,0x2a65,0x4b65,0x2a84,0x2aa4,0x3b04,0x4b85,0x2a63,0x5c26,0x53e5,0x2223,0x6486,0x5c45,0x3324,0x2aa4,
0x2244,0x1a03,0x4b85,0x3b25,0x2224,0x21e3,0x32a4,0x3b25,0x4365,0x2aa4,0x4365,0x64c7,0x53c5,0x3aa3,0x6446,0x5c45,
0x4304,0x6c66,0x4b64,0x42c4,0x29c3,0x42e3,0x5c05,0x4324,0x4324,0x4b45,0x2245,0x3b65,0x53c5,0x4305,0x2b05,0x22c5,
0x2a64,0x5c07,0x53e6,0x2223,0x53a6,0x2203,0x3b05,0x53c6,0x43a6,0x5c06,0x29e4,0x4305,0x4b66,0x2a43,0x4b65,0x3b24,
0x4324,0x4324,0x3ac4,0x4345,0x4345,0x29e3,0x29a2,0x3ac3,0x21e3,0x3ae4,0x4385,0x5405,0x3a44,0x4b25,0x21e3,0x4b46,
0x5447,0x2a84,0x3ae5,0x53e6,0x2203,0x3304,0x4364,0x53a5,0x5be6,0x4b85,0x32c4,0x3b04,0x53e5,0x19a4,0x4ba5,0x3b04,
0x4b65,0x5406,0x4344,0x3204,0x42c5,0x3284,0x4be6,0x32a4,0x19c3,0x5c05,0x4364,0x32c4,0x32a5,0x32a4,0x2a24,0x4365,
0x4bc5,0x4344,0x4324,0x31e3,0x3204,0x6cc8,0x4345,0x2a04,0x4325,0x31e4,0x3204,0x1a04,0x2a85,0x3b26,0x32a4,0x2224,
0x2a85,0x3b66,0x32e5,0x19e3,0x2223,0x5405,0x4344,0x3b05,0x4b85,0x2a43,0x53c5,0x3b65,0x2244,0x32e4,0x4be5,0x3304,
0x22a4,0x19e4,0x3b04,0x2264,0x2a84,0x2a84,0x32c4,0x2244,0x3b05,0x3305,0x32c4,0x3ae5,0x4b24,0x29e2,0x3243,0x5c45,
0x32c4,0x3b03,0x5ba4,0x5324,0x3a83,0x3aa3,0x2a43,0x4344,0x3b04,0x2a64,0x4c06,0x32a4,0x3284,0x2a44,0x3305,0x3305,
0x4365,0x5c26,0x5c06,0x3b44,0x3ae4,0x4325,0x5406,0x2223,0x2ae5,0x2ac5,0x2264,0x19e3,0x21c3,0x21e3,0x4b86,0x5c27,
0x21e3,0x6cc7,0x19e3,0x3284,0x3ae4,0x21c3,0x5364,0x5c05,0x4324,0x53c5,0x2a63,0x3ae4,0x4bc5,0x4304,0x29c3,0x3284,
0x2285,0x22a5,0x11c4,0x2244,0x19c3,0x2a03,0x3a84,0x4ba4,0x5c25,0x6425,0x4345,0x3283,0x4b65,0x2a84,0x32c4,0x2224,
0x21a3,0x3a84,0x31e3,0x4b25,0x5bc6,0x2183,0x4365,0x4ba5,0x4b66,0x6cc7,0x21e3,0x2a64,0x3a43,0x42c4,0x4325,0x3b25,
0x3b04,0x32a4,0x4345,0x32c4,0x32a4,0x4365,0x2a84,0x32a5,0x6ca7,0x4ae4,0x2204,0x2264,0x1a04,0x2ac5,0x3b86,0x3b45,
0x2aa5,0x3305,0x2265,0x1a24,0x32c4,0x2a43,0x4b64,0x5c46,0x5406,0x5425,0x3b04,0x5c26,0x4b85,0x4b85,0x3284,0x19c3,
0x19e4,0x2aa5,0x4ba5,0x3b65,0x3b25,0x3b45,0x2264,0x19a4,0x19e3,0x2264,0x3b04,0x21c3,0x4b44,0x42e4,0x5385,0x5c65,
0x3283,0x3a63,0x4ae3,0x42e4,0x74e6,0x2a63,0x4385,0x43a5,0x4385,0x4385,0x4b85,0x2a64,0x3346,0x2a64,0x19a3,0x4346,
0x32c3,0x32a4,0x4345,0x3344,0x32a4,0x21e3,0x2223,0x2a64,0x2244,0x11a3,0x2244,0x2a63,0x3284,0x2aa4,0x2a84,0x3b45,
0x2223,0x5c27,0x3ae4,0x32e3,0x53e4,0x3243,0x3243,0x5c65,0x32a4,0x6445,0x3283,0x2203,0x3b24,0x3b04,0x2aa5,0x1a85,
0x1a24,0x11c4,0x2264,0x3b45,0x2a84,0x32c4,0x3ac5,0x3a84,0x3ae4,0x42c3,0x6425,0x2224,0x4305,0x4b85,0x32e4,0x19e3,
0x4325,0x42e4,0x2a04,0x3a65,0x3a44,0x6c47,0x6467,0x2a84,0x4ba5,0x53e5,0x32a4,0x3284,0x5385,0x3a64,0x3264,0x32e4,
0x32a4,0x53a6,0x32e5,0x2ae5,0x2224,0x2a64,0x5425,0x53e6,0x4bc6,0x2a44,0x21a3,0x2ae5,0x22a4,0x3b66,0x3b45,0x43a6,
0x3305,0x2ae5,0x1a04,0x22a4,0x53c5,0x2a44,0x4b86,0x64a7,0x32c4,0x5ca6,0x19e3,0x5384,0x3ac4,0x32a4,0x53e5,0x32a4,
0x2204,0x32e5,0x5c26,0x4bc5,0x2224,0x1a24,0x3b85,0x21e3,0x2223,0x32e4,0x6426,0x4304,0x3a64,0x5c05,0x2a24,0x4304,
0x2a03,0x42e4,0x4b44,0x4324,0x6486,0x2203,0x7528,0x32e4,0x4b65,0x5c26,0x2203,0x2204,0x2ae5,0x2284,0x2a44,0x2a84,
0x4ba5,0x4ba5,0x3b24,0x1a43,0x4325,0x7d08,0x2a24,0x2a64,0x32e5,0x4365,0x5426,0x3ae4,0x2a64,0x2ae4,0x2202,0x3ac4,
0x2a83,0x2a63,0x53e6,0x4bc5,0x53c5,0x3ac4,0x3aa4,0x6465,0x4344,0x5405,0x21e3,0x42c4,0x53c4,0x53e5,0x2a04,0x1a04,
0x2285,0x2264,0x1a04,0x2ac5,0x1a03,0x4c06,0x5c67,0x2a24,0x3b04,0x2a23,0x2a64,0x3304,0x2263,0x21e3,0x53e6,0x4345,
0x4325,0x32a4,0x3b05,0x3244,0x3264,0x42c5,0x4b65,0x2a84,0x2243,0x6485,0x53c5,0x21c3,0x4b85,0x4ba5,0x32a4,0x32a4,
0x3263,0x3ae4,0x32e3,0x43a4,0x3b24,0x6487,0x53e5,0x32a4,0x53e6,0x2a04,0x32a4,0x2a64,0x2204,0x32a5,0x2224,0x19a3,
0x2244,0x21e3,0x3264,0x3b04,0x3aa4,0x3284,0x32a4,0x4bc6,0x2a84,0x2aa4,0x32e4,0x4365,0x2a64,0x2282,0x32e4,0x19e3,
0x3b05,0x3b05,0x4345,0x2a84,0x2a44,0x2224,0x2a85,0x3b05,0x2224,0x3aa4,0x4b85,0x3aa4,0x3223,0x53c5,0x3b24,0x3ac4,
0x2a63,0x4304,0x4364,0x4325,0x2a64,0x21e3,0x4ba5,0x4385,0x32c4,0x32e5,0x53e5,0x4b86,0x43a6,0x2b25,0x2224,0x5c05,
0x6cc7,0x4bc6,0x3283,0x2a63,0x2aa4,0x3b05,0x3ac4,0x3ac5,0x6426,0x6486,0x4365,0x32c5,0x32e6,0x2ac4,0x3b05,0x3aa5,
0x21e3,0x5c27,0x6c87,0x3284,0x4365,0x3b04,0x21e3,0x3ac4,0x42e4,0x53a4,0x42c4,0x4ba4,0x4344,0x3ae4,0x2163,0x2a44,
0x2a64,0x1a04,0x2ae5,0x3345,0x2a64,0x4365,0x3b45,0x32c4,0x3b85,0x5c66,0x2223,0x2a84,0x4bc5,0x4365,0x4ba6,0x5c06,
0x4b85,0x2a44,0x3ac4,0x32a5,0x3b04,0x2a24,0x7d29,0x6ce7,0x32e4,0x2a43,0x5c66,0x4345,0x4304,0x4be5,0x3ae4,0x3a64,
0x32e3,0x32c4,0x84ec,0x32c4,0x3b24,0x4365,0x5c47,0x2244,0x3ac5,0x3a65,0x4305,0x3263,0x32c4,0x3b24,0x3b04,0x3aa5,
0x3ae5,0x32a4,0x32a4,0x4345,0x53a5,0x3aa4,0x4326,0x32e5,0x2244,0x2244,0x2a84,0x3304,0x3304,0x64c6,0x2a23,0x3284,
0x53c4,0x53c6,0x5bc6,0x32a4,0x3284,0x2aa4,0x19c4,0x3244,0x3aa4,0x3264,0x3ae4,0x3263,0x3223,0x42e4,0x5c05,0x5c46,
0x5c26,0x4365,0x5c04,0x3b04,0x5c05,0x2a43,0x19c3,0x3b05,0x4345,0x4bc5,0x5405,0x1a04,0x3306,0x2aa4,0x6486,0x6486,
0x6446,0x3284,0x2a83,0x3b24,0x1982,0x2223,0x4bc5,0x4b64,0x4345,0x4bc6,0x2a64,0x4be7,0x32c5,0x2aa5,0x4c07,0x32a4,
0x3ae5,0x6487,0x2a84,0x6466,0x4325,0x4324,0x21e3,0x21c3,0x3284,0x29a4,0x4324,0x32a3,0x2183,0x3263,0x3264,0x3263,
0x3ac4,0x21e3,0x3ae4,0x3ac4,0x5c26,0x6ce8,0x3b25,0x2a64,0x4365,0x53e5,0x2203,0x4ba5,0x4385,0x53c5,0x32c4,0x2a43,
0x2264,0x2a84,0x32a4,0x4ba5,0x4bc5,0x2203,0x4346,0x856a,0x2a44,0x3b04,0x5c86,0x2a24,0x3284,0x32c4,0x4ba4,0x3283,
0x4b06,0x7c6a,0x950b,0x8ccc,0x42e5,0x2a83,0x2203,0x3b45,0x3b25,0x3ac4,0x3a64,0x4324,0x4344,0x4364,0x3b04,0x3b25,
0x32a4,0x4bc5,0x53e6,0x3b05,0x3284,0x29c3,0x21e4,0x32a4,0x4344,0x4324,0x3284,0x2a84,0x32a4,0x6cc6,0x5c05,0x5be6,
0x6ca6,0x5be5,0x2203,0x32a4,0x3ac4,0x32c4,0x3a84,0x42c4,0x4364,0x3244,0x42e4,0x42e4,0x3a64,0x5bc5,0x6cc7,0x6467,
0x2a64,0x5c26,0x6ca6,0x3b04,0x6426,0x2a63,0x2a44,0x3b65,0x3b65,0x32c4,0x4bc5,0x3325,0x11c4,0x32a4,0x5c26,0x3ae4,
0x3ae4,0x2a23,0x4345,0x3325,0x6426,0x4ba6,0x5c25,0x32e4,0x19e3,0x2a24,0x1123,0x3325,0x32e5,0x1a24,0x5407,0x4385,
0x2aa4,0x3325,0x2243,0x5c07,0x32c4,0x5405,0x2a44,0x3b44,0x3324,0x3224,0x42e4,0x29c3,0x3a43,0x3a83,0x3aa4,0x3aa4,
0x5c45,0x4b85,0x4304,0x2a24,0x2a84,0x4386,0x53c6,0x4365,0x4c06,0x32e4,0x3b24,0x5406,0x2a84,0x3b44,0x2ac4,0x3b04,
0x2aa4,0x2aa3,0x4b85,0x4b85,0x2aa4,0x11c3,0x6c68,0x5407,0x2ac4,0x4385,0x4365,0x3aa4,0x29c3,0x3224,0x3223,0x3b23,
0x5bc9,0x9d6e,0xad8b,0x84cd,0x2243,0x4324,0x32a3,0x4bc5,0x4b44,0x3284,0x2a64,0x53e5,0x4324,0x3284,0x3b04,0x2244,
0x2ac4,0x3304,0x3324,0x4365,0x32e4,0x2a44,0x2a84,0x4304,0x53a5,0x4345,0x3b24,0x32a4,0x2aa4,0x2a63,0x4b64,0x4344,
0x4b85,0x5c25,0x32c4,0x4304,0x4324,0x4304,0x3aa4,0x32c4,0x3264,0x29e3,0x4325,0x53a4,0x3243,0x3224,0x5c26,0x2a83,
0x11c3,0x3ae4,0x53c6,0x6486,0x2a63,0x3ae4,0x4c07,0x43e6,0x2ae4,0x2223,0x3ae5,0x4ba6,0x2264,0x2243,0x32c4,0x5425,
0x53c6,0x4ba5,0x4ba5,0x3b65,0x5406,0x3b05,0x4365,0x2a64,0x2244,0x19c4,0x2a64,0x2244,0x1a24,0x19c4,0x2a65,0x21e4,
0x2223,0x2a84,0x32a4,0x2243,0x2a63,0x3284,0x21c3,0x3263,0x2a43,0x3ac4,0x5324,0x5345,0x4ae5,0x6405,0x4b05,0x4b25,
0x5c25,0x32a4,0x2aa5,0x2a85,0x19e3,0x2244,0x2204,0x2204,0x2ac5,0x32c4,0x5425,0x2ac4,0x2244,0x3ac4,0x2243,0x3b04,
0x4365,0x4304,0x4b44,0x2a44,0x32c4,0x3b45,0x2224,0x1182,0x2a64,0x5406,0x2a84,0x3aa5,0x31c3,0x4285,0x42c5,0x4b64,
0x32e2,0x42e6,0x8ced,0x5b88,0x5384,0x4364,0x3ae4,0x32c4,0x4305,0x5345,0x7467,0x4b25,0x5c05,0x3ae4,0x3264,0x4345,
0x2a64,0x2aa4,0x32c5,0x3ae4,0x3b25,0x3b25,0x3a84,0x4ae4,0x4304,0x42e4,0x3b04,0x32a4,0x32c3,0x5c45,0x6446,0x5c46,
0x6466,0x6c86,0x32c4,0x2a64,0x3ac3,0x4ae4,0x5345,0x42c4,0x5bc5,0x3aa4,0x53a5,0x63e5,0x31e3,0x3a84,0x2a64,0x19e3,
0x1a04,0x1183,0x21e3,0x3b24,0x2223,0x32e4,0x4ba6,0x3b45,0x3304,0x32e5,0x3b05,0x2a64,0x2aa4,0x2264,0x53e5,0x5c25,
},
{
0x4aaa,0x4a8a,0x4269,0x3208,0x4249,0x3a29,0x4a6a,0x4249,0x426a,0x4a8a,0x3a08,0x4249,0x4269,0x3a28,0x3a08,0x4aaa,
0x52eb,0x4aaa,0x4aaa,0x3a49,0x4228,0x4aaa,0x4249,0x31e7,0x3a49,0x3a08,0x31e8,0x428a,0x5aeb,0x3208,0x4249,0x3a08,
0x4269,0x3a29,0x4249,0x4248,0x4269,0x52ca,0x4269,0x29c7,0x4227,0x5aea,0x3a49,0x4249,0x3a28,0x4269,0x4269,0x4a8a,
0x4249,0x3208,0x3a08,0x426a,0x3a29,0x3a28,0x3a29,0x4acb,0x3a29,0x3a6a,0x3208,0x3a29,0x3a29,0x3a29,0x3a29,0x3208,
0x632c,0x52cb,0x3a49,0x4249,0x634c,0x6b6d,0x428a,0x3a49,0x3a29,0x3a49,0x634c,0x4a69,0x4a8a,0x4249,0x52ca,0x5aeb,
0x4269,0x3a28,0x52ca,0x428a,0x426a,0x3a08,0x3a29,0x5b0c,0x3a29,0x3a08,0x3a28,0x4249,0x630b,0x3a29,0x4248,0x4a8a,
0x4a68,0x4227,0x3208,0x4a48,0x5aca,0x5289,0x5289,0x3a28,0x5289,0x4a68,0x52aa,0x31c7,0x4228,0x4a89,0x3a08,0x4aaa,
0x29a7,0x4a8a,0x3a29,0x2166,0x3209,0x4b0c,0x29e8,0x5b2b,0x3a49,0x2166,0x3a08,0x4269,0x4a8a,0x3208,0x31e7,0x3a08,
0x3a08,0x3a28,0x31e8,0x3a28,0x4a89,0x5289,0x4a8a,0x426a,0x3a49,0x4269,0x3a28,0x31e8,0x31e7,0x3a08,0x426a,0x3a29,
0x31e8,0x5289,0x5aca,0x3a08,0x5b0b,0x4a69,0x4249,0x31e8,0x4a8a,0x3a28,0x31e8,0x4a69,0x4249,0x3a29,0x31e8,0x4269,
0x4aab,0x3a49,0x4249,0x4a89,0x52cb,0x5268,0x4249,0x5b0b,0x4248,0x3a08,0x3a29,0x426a,0x5aec,0x3a28,0x4249,0x31e7,
0x3a28,0x4248,0x4a48,0x31e8,0x4249,0x4a6a,0x31e8,0x4249,0x3a08,0x428a,0x426a,0x4249,0x3a08,0x3a08,0x3a29,0x3a08,
0x4249,0x4a8a,0x4249,0x4249,0x3a08,0x4269,0x3a29,0x3a08,0x3a29,0x426a,0x31c7,0x3a08,0x4aaa,0x3a08,0x4a69,0x3a28,
0x3a08,0x3a28,0x3208,0x3a08,0x4249,0x426a,0x4269,0x4269,0x4269,0x39e7,0x4a89,0x4a89,0x5aea,0x62ea,0x4207,0x3a08,
0x4248,0x4228,0x31e8,0x4a27,0x5268,0x4228,0x4a89,0x3a28,0x5268,0x4a69,0x52aa,0x4208,0x4228,0x4a69,0x4249,0x2187,
0x2166,0x3a29,0x29a7,0x4249,0x29a7,0x52aa,0x4a8a,0x2966,0x39e7,0x4a89,0x4249,0x4269,0x29c7,0x29a7,0x3a29,0x3a28,
0x3a29,0x4a89,0x31e8,0x3208,0x4a69,0x4a49,0x3a08,0x3229,0x31e8,0x31e8,0x428a,0x3a29,0x31e8,0x52eb,0x4249,0x426a,
0x3a29,0x29a7,0x31e8,0x4a89,0x4249,0x3a28,0x31e7,0x4a8a,0x4aaa,0x3a29,0x52ab,0x4249,0x29a7,0x3a29,0x3a28,0x4249,
0x52cb,0x4269,0x52ca,0x3a49,0x3a28,0x3a28,0x3a28,0x4a69,0x3a28,0x3a08,0x31e8,0x4a89,0x4a69,0x3a08,0x4269,0x4aaa,
0x4269,0x3a28,0x3a49,0x31c7,0x4249,0x3a49,0x31c7,0x31e8,0x3a08,0x3a28,0x3a28,0x29a7,0x3a49,0x3a28,0x3a29,0x52aa,
0x4249,0x3a29,0x4228,0x3a08,0x4269,0x4249,0x4269,0x4aaa,0x4249,0x3a29,0x4249,0x3a49,0x4249,0x3a29,0x3a29,0x4249,
0x426a,0x426a,0x31e8,0x4aaa,0x4aab,0x4a8a,0x5b0c,0x4249,0x4a8a,0x3a08,0x632b,0x3a29,0x31e7,0x5ac9,0x39e7,0x31c7,
0x3a08,0x31e8,0x31e8,0x4249,0x4248,0x31e8,0x31e7,0x4249,0x3208,0x4269,0x3a29,0x31e8,0x3a29,0x4249,0x3208,0x3a08,
0x428a,0x4269,0x31e7,0x4aaa,0x31e8,0x39e7,0x3a28,0x31c7,0x52a9,0x5aca,0x428b,0x3a28,0x3a08,0x29c8,0x3a49,0x4269,
0x3a08,0x4269,0x3208,0x3a69,0x4acb,0x52cb,0x4249,0x3208,0x29c8,0x6b8d,0x428a,0x31e8,0x428a,0x73ad,0x73ad,0x3a08,
0x31e8,0x4248,0x6b4b,0x630b,0x31e8,0x3a08,0x3a08,0x5b2c,0x3a08,0x29c7,0x426a,0x3a49,0x3229,0x31e8,0x4aab,0x3208,
0x4249,0x3a28,0x4269,0x426a,0x3a49,0x4249,0x3a08,0x4a69,0x4249,0x3a49,0x3a08,0x31e7,0x3a07,0x31e7,0x4248,0x3209,
0x52a9,0x52a9,0x4a89,0x31c7,0x4269,0x426a,0x2145,0x4a8a,0x4a8a,0x3a28,0x632b,0x29c7,0x3a29,0x31e7,0x4a89,0x4249,
0x52aa,0x4269,0x4249,0x4249,0x31e7,0x3208,0x3a08,0x52ca,0x73ad,0x3a29,0x4269,0x4269,0x52aa,0x4a8a,0x3a29,0x3a29,
0x3a29,0x428a,0x3a29,0x4aeb,0x4aeb,0x3a49,0x4a8a,0x4249,0x3a49,0x3a08,0x3a08,0x31e8,0x5aea,0x3a28,0x31c7,0x31c7,
0x840f,0x6b8d,0x31c7,0x3a49,0x31c7,0x3a08,0x3a28,0x5289,0x3a28,0x3a29,0x31e8,0x31e8,0x4a8a,0x4a8a,0x3a29,0x31e8,
0x4249,0x428a,0x52aa,0x4229,0x3a08,0x3208,0x29a7,0x3a28,0x3a28,0x31c7,0x5b2c,0x636d,0x29a7,0x29a7,0x3a49,0x3a29,
0x4249,0x4249,0x3a29,0x3a49,0x3a49,0x4aaa,0x4269,0x31e8,0x31e7,0x73ad,0x4249,0x29a7,0x4a8a,0x4269,0x5aeb,0x3a28,
0x3a08,0x62e9,0x4a68,0x3a08,0x31e8,0x31e8,0x632c,0x3a49,0x3a49,0x31e7,0x31e8,0x31e8,0x4249,0x3208,0x3208,0x3a29,
0x4269,0x3a28,0x4269,0x4a8a,0x4a8a,0x4a8a,0x4269,0x4a69,0x3a28,0x3208,0x3a08,0x3208,0x3a07,0x31e7,0x3a28,0x4aa9,
0x4268,0x3a07,0x31e7,0x2986,0x2145,0x31e7,0x4a48,0x29c7,0x3a28,0x3a08,0x52aa,0x3a28,0x3a49,0x4269,0x4249,0x4248,
0x3a49,0x3a28,0x4249,0x3a08,0x6b6c,0x632c,0x52cb,0x4228,0x5b0b,0x4249,0x3a08,0x6b4b,0x5aeb,0x4249,0x4aab,0x31c7,
0x29c7,0x3208,0x3208,0x3a28,0x3a49,0x3208,0x31e8,0x3a29,0x31e8,0x4269,0x3a28,0x3a08,0x5aea,0x4269,0x3a08,0x52cb,
0x73cd,0x52eb,0x31c7,0x3a29,0x3a29,0x3a29,0x4269,0x5aeb,0x52aa,0x4249,0x4249,0x31e7,0x4269,0x3a29,0x3a28,0x4249,
0x4aaa,0x4249,0x4a8a,0x31e8,0x4249,0x3a08,0x4269,0x3a08,0x3a28,0x31e8,0x3a28,0x4aab,0x3208,0x29c7,0x29c8,0x4249,
0x52ab,0x4249,0x52ab,0x426a,0x3a49,0x3a29,0x52ea,0x4a89,0x4a8a,0x3a49,0x2186,0x31e8,0x29a7,0x3a29,0x52eb,0x5aca,
0x4228,0x52ca,0x4269,0x3a29,0x3a29,0x6b6d,0x7bcd,0x4269,0x3208,0x428a,0x52eb,0x52cb,0x52cb,0x52cb,0x4249,0x31c7,
0x31c7,0x31e8,0x4a8a,0x52aa,0x4249,0x52eb,0x426a,0x3a29,0x4249,0x3a08,0x31c7,0x3208,0x3208,0x4a69,0x3a08,0x5ac9,
0x4248,0x29a7,0x29c7,0x31e8,0x31e8,0x4248,0x630a,0x31c7,0x31c7,0x31c7,0x5aca,0x738d,0x3a08,0x4269,0x4a68,0x3a08,
0x3208,0x4248,0x4269,0x3a29,0x738d,0x73ad,0x4249,0x4a69,0x3a28,0x4a8a,0x632b,0x738d,0x5b0b,0x4269,0x31e8,0x3a08,
0x4249,0x29a7,0x31e8,0x52eb,0x4aab,0x426a,0x3209,0x31e8,0x3a28,0x4a8a,0x3a49,0x4aaa,0x52ca,0x31e8,0x3a29,0x52aa,
0x4a69,0x3a29,0x3a08,0x3a28,0x4269,0x52cb,0x3a08,0x3a28,0x4a8a,0x4a69,0x4a89,0x3208,0x4269,0x4a8a,0x4a69,0x4a69,
0x426a,0x4269,0x3a08,0x3a29,0x4269,0x3a08,0x52aa,0x4a8a,0x3a49,0x3a08,0x3a29,0x3a08,0x4269,0x3a49,0x4248,0x4a68,
0x4a8a,0x4a8a,0x3a49,0x426a,0x3a29,0x426a,0x3208,0x4249,0x630b,0x5aca,0x3a29,0x3a29,0x31c7,0x52cb,0x52cb,0x52ca,
0x4a69,0x4249,0x3a28,0x4249,0x3a28,0x4228,0x39e6,0x4a89,0x4249,0x4aab,0x634c,0x3a08,0x2186,0x52cb,0x4a8a,0x3a29,
0x3a49,0x3a29,0x5b0b,0x6b6d,0x31e8,0x3a08,0x3a28,0x3a49,0x4249,0x3a28,0x3a29,0x31e8,0x4248,0x3a28,0x3208,0x4248,
0x6b6d,0x31e8,0x3a08,0x4a69,0x4269,0x3a28,0x31a6,0x31c7,0x3a08,0x428a,0x3a08,0x3a08,0x4269,0x4249,0x3a08,0x3a28,
0x736b,0x5289,0x31c7,0x3208,0x29c7,0x3a29,0x5aeb,0x6b6c,0x3a08,0x632b,0x630b,0x3a08,0x4a8a,0x4249,0x4228,0x31e7,
0x52cb,0x3208,0x29c7,0x3a28,0x530c,0x2986,0x3229,0x52a9,0x630b,0x3a08,0x3a08,0x4269,0x4249,0x3a29,0x31c7,0x6b0a,
0x4228,0x3a08,0x4228,0x3a28,0x632b,0x634c,0x31c7,0x31e8,0x3a28,0x4a89,0x632c,0x4a89,0x5aeb,0x4269,0x4249,0x3a08,
0x3a08,0x29c7,0x3a08,0x3208,0x3a49,0x4249,0x3a49,0x4249,0x4269,0x3a08,0x3208,0x29e8,0x3a29,0x3a28,0x4aaa,0x4228,
0x3a08,0x3a49,0x3208,0x3a49,0x3a49,0x3a49,0x3a08,0x632b,0x52a9,0x3a08,0x3a49,0x426a,0x4a8a,0x52ca,0x3a08,0x4249,
0x4249,0x3a08,0x3a08,0x52ca,0x31e8,0x62ea,0x5aca,0x3a29,0x3a49,0x3a29,0x29a7,0x29a7,0x5b0b,0x5b2c,0x4aab,0x3a08,
0x31e8,0x3a08,0x52cb,0x4aab,0x3a08,0x4269,0x4249,0x3a08,0x31e8,0x31e8,0x5b0b,0x4a8a,0x3a08,0x3a07,0x3a28,0x29a6,
0x39e7,0x31c7,0x4a69,0x4228,0x3a08,0x4249,0x3a28,0x31e7,0x31e8,0x4a69,0x3a08,0x31e7,0x4249,0x4a8a,0x426a,0x52cb,
0x52a9,0x31e7,0x4a8a,0x4269,0x3a29,0x3a08,0x4249,0x52a9,0x4249,0x52ca,0x3a08,0x4aaa,0x4aaa,0x4249,0x4249,0x3a08,
0x3208,0x4269,0x426a,0x4269,0x3a49,0x29a7,0x426a,0x4a8a,0x4249,0x4a69,0x4208,0x3a29,0x29a7,0x31c7,0x3a07,0x5ac9,
0x4248,0x5aca,0x4249,0x3a28,0x4228,0x3a28,0x3a28,0x428a,0x4a8a,0x426a,0x3a29,0x4a69,0x31c7,0x52eb,0x4a8a,0x3a29,
0x3a08,0x52ca,0x4249,0x3a49,0x4a6a,0x52ca,0x52aa,0x4a69,0x3a49,0x3a28,0x4249,0x6b8d,0x4249,0x3a08,0x3a29,0x3a29,
0x31e8,0x3208,0x3a29,0x4249,0x3a28,0x4aaa,0x428a,0x4269,0x4aaa,0x4249,0x4249,0x3a09,0x4a89,0x4a69,0x4a8a,0x31e8,
0x3208,0x3a08,0x5289,0x4a89,0x4269,0x4a89,0x31c7,0x4269,0x4aaa,0x3a08,0x6bcf,0x4acb,0x31e7,0x3a28,0x4249,0x428a,
0x426a,0x428a,0x4aab,0x3a08,0x3a29,0x426a,0x4249,0x4248,0x52ec,0x4acb,0x3a08,0x4249,0x4269,0x4269,0x39e7,0x3a29,
0x31e8,0x52aa,0x31c7,0x3a28,0x4a89,0x3a08,0x31e7,0x31c7,0x31e7,0x4a8a,0x428a,0x4269,0x5b2c,0x31c7,0x426a,0x4aaa,
0x4228,0x4aaa,0x3a29,0x3a28,0x31c8,0x3a28,0x4228,0x4269,0x3208,0x3a08,0x4a8a,0x4249,0x3a08,0x426a,0x3a49,0x3a49,
0x4a8a,0x52cb,0x5b0c,0x4249,0x31e8,0x3a29,0x3a08,0x3a08,0x426a,0x4249,0x5aa9,0x4a68,0x29a7,0x31c7,0x4a69,0x3a49,
0x4a8a,0x52aa,0x31e8,0x52aa,0x4249,0x4249,0x52ca,0x5aeb,0x3a07,0x4228,0x632b,0x4249,0x4269,0x3a08,0x3a29,0x4a8a,
0x4249,0x4249,0x4acb,0x52cb,0x3a29,0x3a29,0x31a6,0x3a08,0x4aab,0x3a29,0x4a8a,0x7bef,0x3a08,0x31e8,0x31e8,0x31e8,
0x4aaa,0x3a49,0x3a08,0x3a29,0x636d,0x530c,0x3a08,0x3208,0x4a8a,0x426a,0x426a,0x52cb,0x5b0b,0x4248,0x52ca,0x4248,
0x4269,0x3a29,0x4228,0x3a28,0x52ca,0x3a08,0x31c7,0x52aa,0x3a28,0x3a08,0x4aab,0x3a29,0x4249,0x3a29,0x3a08,0x4269,
0x3a49,0x3a49,0x3a49,0x3a49,0x428a,0x3208,0x3a08,0x4a69,0x52aa,0x4a8a,0x31e8,0x4249,0x4269,0x4acb,0x31c7,0x4269,
0x4a68,0x3a07,0x5aea,0x52ca,0x4248,0x39e7,0x4248,0x3a28,0x31c7,0x4228,0x3a28,0x426a,0x4a8a,0x39e8,0x3a08,0x3a08,
0x4269,0x4229,0x4a68,0x4249,0x5aca,0x52ca,0x4a89,0x4a8a,0x4a89,0x4aaa,0x4a8a,0x4aaa,0x52aa,0x4249,0x31e8,0x4249,
0x426a,0x3a08,0x2986,0x31c7,0x4249,0x426a,0x3208,0x3a08,0x4269,0x52cb,0x4248,0x4207,0x29a6,0x4a69,0x4249,0x4249,
0x3a08,0x3a28,0x3a28,0x3a28,0x4a69,0x4a8a,0x52aa,0x4a89,0x4a88,0x52ca,0x52ca,0x4aaa,0x426a,0x3208,0x4269,0x3a08,
0x4a6a,0x3a28,0x4a8a,0x4249,0x4269,0x4a8a,0x31e7,0x4269,0x52aa,0x4269,0x3a29,0x4249,0x31c7,0x426a,0x3a08,0x3a28,
0x636d,0x4249,0x4249,0x4a6a,0x73ce,0x4acb,0x5b4d,0x31e7,0x4a8a,0x4a8b,0x4a8a,0x4269,0x3a29,0x4228,0x4249,0x4a69,
0x528a,0x4229,0x31e8,0x3a28,0x5289,0x31e7,0x3a28,0x52ca,0x4249,0x3a08,0x3a29,0x426a,0x4a8a,0x52ca,0x4aaa,0x31e7,
0x4249,0x4aab,0x4aaa,0x4269,0x3a28,0x52eb,0x4249,0x3a08,0x31c7,0x39e8,0x4aaa,0x4269,0x4249,0x3a08,0x31e7,0x4a68,
0x4a67,0x4aa9,0x4a8a,0x3a28,0x3a28,0x39e7,0x5aeb,0x426a,0x3a29,0x3a29,0x3a49,0x31e8,0x3a08,0x4acb,0x31e8,0x3a28,
0x3a08,0x3a08,0x5aea,0x4a69,0x52aa,0x3a28,0x4249,0x3a28,0x52a9,0x5aeb,0x4249,0x3a28,0x4a8a,0x3208,0x3208,0x426a,
0x3a08,0x4aaa,0x4a8a,0x426a,0x3208,0x3a08,0x426a,0x4aab,0x3a29,0x29a7,0x4228,0x29a7,0x4249,0x3a28,0x3a28,0x428a,
0x3a28,0x52eb,0x31e8,0x31e8,0x4269,0x4a8a,0x31e8,0x29c7,0x52aa,0x4269,0x3a49,0x3a08,0x4228,0x4a8a,0x4aaa,0x426a,
0x4a89,0x3a08,0x3a29,0x31e8,0x4228,0x52ca,0x3a29,0x3a29,0x426a,0x4aaa,0x3a49,0x29a7,0x4269,0x4269,0x39e8,0x4269,
0x3a08,0x5b0c,0x4aaa,0x4a8a,0x29a7,0x3a29,0x52eb,0x3a29,0x3a29,0x5aeb,0x4a8a,0x3208,0x3a08,0x5aeb,0x29a7,0x3a08,
0x4249,0x4248,0x4248,0x4269,0x52aa,0x31e8,0x4a8a,0x4a8a,0x4249,0x4249,0x426a,0x428a,0x3a28,0x4a69,0x4a69,0x4248,
0x4269,0x3a49,0x52eb,0x426a,0x4aaa,0x5b0c,0x3a28,0x4249,0x4249,0x4a69,0x3a29,0x4249,0x4a8a,0x29a7,0x31a7,0x4269,
0x4228,0x4228,0x31e7,0x3a28,0x4aaa,0x6b8d,0x31e8,0x4228,0x3a08,0x428a,0x52cb,0x4269,0x4aab,0x3a08,0x4aaa,0x4aaa,
0x31e8,0x3a08,0x3a28,0x4228,0x3a29,0x4249,0x426a,0x4a8a,0x4a69,0x426a,0x3a29,0x3a49,0x4269,0x3a28,0x426a,0x4249,
0x4269,0x3a49,0x5b0b,0x4a8a,0x3a28,0x4aaa,0x4249,0x4269,0x4269,0x31e7,0x31e8,0x3a49,0x4a6a,0x52aa,0x52aa,0x52a9,
0x4249,0x4249,0x31e8,0x3a28,0x4a89,0x52aa,0x3a08,0x3a29,0x4269,0x3208,0x31e8,0x31e7,0x4a8a,0x4aaa,0x31e8,0x3a28,
0x4aa9,0x3a08,0x3a29,0x6b8d,0x4269,0x3a08,0x52eb,0x52cb,0x52eb,0x4249,0x31e8,0x4228,0x52aa,0x31c7,0x3a28,0x4249,
0x3a49,0x5b2c,0x4a69,0x4269,0x4249,0x3a29,0x428a,0x632b,0x52ca,0x4249,0x3a49,0x4249,0x3a09,0x3208,0x3a08,0x4269,
0x4249,0x4a68,0x5aca,0x31c7,0x31c7,0x426a,0x4a8a,0x31e8,0x426a,0x4a8a,0x4aaa,0x5b0b,0x3a08,0x4249,0x8c2f,0x4a69,
0x31e8,0x4249,0x4249,0x4249,0x426a,0x3a08,0x39e8,0x4249,0x4aaa,0x5289,0x3a08,0x3a08,0x4249,0x2986,0x4a69,0x3a49,
0x3a28,0x3a28,0x3207,0x3a08,0x4aab,0x4acb,0x31c7,0x4269,0x5b0c,0x5b2c,0x39e8,0x3a08,0x31c7,0x4248,0x4249,0x3a29,
0x4249,0x4269,0x3a49,0x4269,0x5aeb,0x4a89,0x4a89,0x4249,0x3a08,0x3a49,0x31c7,0x4269,0x52eb,0x3a29,0x4a8a,0x4249,
0x31e8,0x426a,0x4249,0x4249,0x426a,0x3a29,0x31e8,0x3a29,0x4249,0x31e8,0x31e8,0x3a08,0x4a69,0x5aa9,0x39e7,0x528a,
0x4aaa,0x4248,0x4a69,0x4249,0x3a29,0x3a08,0x4a8a,0x4249,0x3a28,0x4a8a,0x5b2c,0x4aaa,0x3a29,0x426a,0x4249,0x3a28,
0x4249,0x3a09,0x4a8a,0x426a,0x31e8,0x3a29,0x4269,0x4a69,0x4249,0x4aaa,0x3a28,0x4249,0x4269,0x3a49,0x3a29,0x3a08,
0x4aaa,0x52ca,0x3a28,0x4a6a,0x4aab,0x3a29,0x3a29,0x5b2b,0x52eb,0x31e8,0x3a08,0x4a8a,0x4aaa,0x29a7,0x4a69,0x52ca,
0x5247,0x4a69,0x3a28,0x31c7,0x4aab,0x4acb,0x3a49,0x3a29,0x4aaa,0x4269,0x4269,0x4249,0x4249,0x5aeb,0x5aeb,0x3208,
0x3a49,0x4249,0x3a08,0x3a29,0x52cb,0x4a8a,0x39e8,0x4249,0x5aeb,0x3a07,0x31c7,0x3a28,0x31c7,0x31e7,0x4a69,0x4249,
0x3a28,0x3a49,0x3a28,0x31e7,0x3a28,0x4249,0x4a8a,0x31c7,0x52eb,0x52ec,0x3a28,0x3a08,0x4a48,0x3a49,0x4aaa,0x4a8a,
0x52aa,0x4269,0x3a29,0x3209,0x52aa,0x4a89,0x528a,0x4a89,0x3a29,0x31c7,0x4249,0x52aa,0x4269,0x4249,0x3a29,0x4228,
0x4a69,0x52aa,0x4249,0x3208,0x4a8a,0x4249,0x3a49,0x426a,0x3a49,0x3a29,0x31e8,0x4229,0x4248,0x5288,0x3a08,0x4248,
0x3a28,0x31c7,0x632c,0x4a8a,0x4248,0x4249,0x52eb,0x52cb,0x31e8,0x426a,0x3a29,0x4aaa,0x4249,0x52a9,0x4a69,0x4a69,
0x52aa,0x3a29,0x426a,0x3a08,0x3a08,0x3a28,0x4a6a,0x3a29,0x3208,0x3a29,0x3a28,0x73ce,0x3a08,0x3a29,0x4249,0x4269,
0x630b,0x4a69,0x4a89,0x52aa,0x4269,0x3a49,0x31e8,0x3a28,0x3a08,0x3a49,0x426a,0x4aaa,0x426a,0x2187,0x31c7,0x5267,
0x5268,0x4269,0x3a29,0x3a08,0x3a49,0x3a08,0x3a29,0x3a29,0x3a28,0x4249,0x4248,0x4249,0x4aaa,0x3a28,0x29a7,0x4a69,
0x4228,0x4228,0x4a8a,0x3a49,0x5aeb,0x5b0c,0x3a29,0x426a,0x4a89,0x4a48,0x4228,0x3a08,0x3a08,0x5b0b,0x52cb,0x4269,
0x4248,0x5b0b,0x31e8,0x4249,0x39e7,0x632c,0x39e8,0x4a69,0x530c,0x4249,0x3a08,0x31c7,0x4269,0x3208,0x31e8,0x29a7,
0x3a08,0x31e8,0x3a07,0x4249,0x3208,0x5aeb,0x52ca,0x4aaa,0x52aa,0x4228,0x4a8a,0x3a28,0x29a7,0x31e7,0x4aaa,0x4a69,
0x52aa,0x3a29,0x3a29,0x3209,0x3a29,0x4249,0x4249,0x31c7,0x31c7,0x426a,0x29a7,0x2986,0x4249,0x31e8,0x3208,0x5289,
0x52a9,0x4248,0x4228,0x3a28,0x4a47,0x4228,0x4a8a,0x4249,0x4269,0x426a,0x5b0b,0x632c,0x4aa9,0x4a89,0x3a28,0x39e8,
0x4a8a,0x3208,0x31e8,0x3a08,0x4a69,0x4a69,0x4249,0x3a29,0x3a29,0x29a7,0x3a08,0x634d,0x31c7,0x4249,0x4a8a,0x3a08,
0x3a28,0x3a29,0x83cc,0x5aea,0x3a29,0x3208,0x3a29,0x4a69,0x39e8,0x31c8,0x52eb,0x5b0c,0x3a49,0x3a08,0x3a08,0x3a08,
0x426a,0x29a7,0x31c7,0x3a08,0x4249,0x4a8a,0x428a,0x3a29,0x4a8a,0x3a29,0x4269,0x3208,0x4aaa,0x4249,0x4a69,0x5aca,
0x4a69,0x4249,0x31e8,0x3a28,0x636d,0x634c,0x52aa,0x3a08,0x39e8,0x4207,0x39e7,0x31c6,0x31a6,0x3a08,0x31e8,0x39e7,
0x4228,0x634c,0x4a8a,0x29c7,0x4207,0x5aeb,0x31e8,0x31c7,0x4a8a,0x4aaa,0x31e8,0x39e8,0x428a,0x3a29,0x3a49,0x3a29,
0x31e7,0x3a49,0x3a29,0x4249,0x52aa,0x426a,0x426a,0x4269,0x5aca,0x6b2b,0x4228,0x3a08,0x52aa,0x4aaa,0x4a69,0x5b0a,
0x52cb,0x3a08,0x3a28,0x3a29,0x29a7,0x3208,0x4269,0x31e8,0x3a08,0x4aab,0x31c7,0x31e7,0x52ca,0x3a29,0x3a08,0x4249,
0x39e8,0x3a28,0x3a28,0x3a28,0x4249,0x73ce,0x4269,0x3a29,0x3a28,0x3a28,0x4228,0x4248,0x4248,0x52aa,0x4249,0x3a29,
0x4269,0x4249,0x2987,0x3a29,0x4269,0x3a08,0x31c7,0x5289,0x4249,0x31e8,0x424a,0x4228,0x5aca,0x39e7,0x31e8,0x4269,
0x3a49,0x4aca,0x4a69,0x630b,0x632c,0x2187,0x634c,0x634d,0x52ec,0x3a29,0x31e8,0x428a,0x4228,0x4a69,0x4228,0x3208,
0x31e8,0x3208,0x4249,0x52cb,0x52cb,0x3a49,0x31e8,0x3a08,0x426a,0x4269,0x31e7,0x52cb,0x5b2c,0x4acb,0x4249,0x3a29,
0x6b6c,0x6b6c,0x52ca,0x4a8a,0x3a29,0x3208,0x4269,0x52eb,0x4a8a,0x29a7,0x3a07,0x5aeb,0x4aaa,0x3a08,0x31e7,0x4228,
0x4249,0x39e7,0x4228,0x29a6,0x4a8a,0x31c7,0x4249,0x52ca,0x31c7,0x3a49,0x3208,0x4248,0x426a,0x3a29,0x3a08,0x3a08,
0x4229,0x4269,0x428a,0x4249,0x4a8a,0x4249,0x4249,0x4249,0x4a8a,0x4aaa,0x4249,0x31e8,0x4249,0x3a08,0x29a7,0x3a08,
0x31e8,0x3a08,0x3a08,0x4a8a,0x3a29,0x3a49,0x3a49,0x3a28,0x4a8a,0x4249,0x4249,0x4a68,0x5289,0x62ea,0x4248,0x52aa,
0x4269,0x4a8a,0x3a28,0x4269,0x4aaa,0x426a,0x31c7,0x31c7,0x4a89,0x5aeb,0x6b8e,0x3a28,0x31e8,0x31e8,0x632c,0x4a8a,
0x426a,0x31e8,0x4249,0x426a,0x4a6a,0x3a08,0x31e8,0x31e8,0x4a8a,0x4a8a,0x4269,0x52cb,0x4269,0x3a28,0x31e8,0x31c7,
0x52ec,0x3a08,0x31e7,0x634c,0x5aeb,0x426a,0x4a6a,0x4a69,0x3a08,0x3a28,0x29a6,0x4a69,0x4249,0x52aa,0x4228,0x3a28,
0x2145,0x4a69,0x3a08,0x52eb,0x4aab,0x31e8,0x3a08,0x4a69,0x4249,0x4269,0x3a49,0x4269,0x4249,0x3a29,0x4249,0x52a9,
0x736c,0x4249,0x4269,0x4249,0x4249,0x31e8,0x4aaa,0x634c,0x4249,0x1925,0x3a08,0x4249,0x4269,0x3a29,0x4a89,0x3a08,
0x3a28,0x3a29,0x632c,0x52aa,0x3a49,0x31e8,0x4aaa,0x6b8d,0x3a08,0x3a29,0x4269,0x31e8,0x3a08,0x3a08,0x4aaa,0x31e8,
0x4269,0x4a8a,0x4249,0x4269,0x31e8,0x4aaa,0x4249,0x4269,0x426a,0x3a29,0x3a08,0x4a89,0x3a07,0x31c7,0x29c7,0x426a,
0x2987,0x29c7,0x4a8a,0x4a8a,0x29a7,0x3a08,0x426a,0x3208,0x528a,0x52aa,0x3a08,0x62c9,0x39c6,0x3a28,0x5aeb,0x4249,
0x52cb,0x3a08,0x4a89,0x4228,0x4249,0x4248,0x4a69,0x4a89,0x73cd,0x4269,0x4aaa,0x3a29,0x3a29,0x4249,0x5b0b,0x3a28,
0x3a08,0x3a08,0x4249,0x3208,0x3a29,0x4249,0x4a48,0x5aea,0x4269,0x4a69,0x3a28,0x52ca,0x3a28,0x4a8a,0x29a7,0x31e7,
0x4249,0x52aa,0x3a29,0x29c7,0x52cb,0x4aab,0x5aeb,0x4a89,0x4249,0x3a29,0x3a29,0x3a08,0x3a28,0x4269,0x52aa,0x5b0b,
0x39e7,0x52aa,0x4a69,0x3a07,0x3a08,0x4228,0x4a69,0x52ca,0x4269,0x3a08,0x3a28,0x4269,0x3a29,0x3a29,0x4249,0x632b,
0x4a69,0x4269,0x3a08,0x4249,0x3a29,0x52cb,0x31c7,0x426a,0x29c7,0x4a8a,0x3208,0x3a29,0x31e8,0x31c7,0x4aaa,0x52eb,
0x3a08,0x4a8a,0x5b0c,0x52cb,0x4249,0x5b0b,0x5b2c,0x31e8,0x3a29,0x31e8,0x4a8a,0x31c7,0x39e8,0x4249,0x4249,0x4249,
0x4a8a,0x52aa,0x428a,0x3a29,0x4249,0x4249,0x4a69,0x3a08,0x52aa,0x4248,0x3a07,0x4a69,0x4248,0x31e8,0x4a8a,0x426a,
0x3209,0x636d,0x4aaa,0x428a,0x3a49,0x3a29,0x4269,0x3a29,0x3a09,0x4a8a,0x5aeb,0x52ca,0x31c7,0x29a7,0x3a29,0x29c7,
0x3a28,0x52cb,0x3a28,0x52eb,0x3a49,0x73ad,0x6b4c,0x4249,0x4a69,0x31c7,0x31e8,0x4249,0x31e8,0x3a08,0x4249,0x426a,
0x31e8,0x4249,0x4228,0x2986,0x3a28,0x4a69,0x4a89,0x4249,0x31c7,0x52ca,0x31e8,0x29c7,0x4a68,0x630b,0x31e7,0x3a08,
0x630a,0x736c,0x52ca,0x4269,0x4249,0x31e8,0x4a69,0x4a89,0x3a29,0x3229,0x31e8,0x3a29,0x4228,0x630a,0x52aa,0x4a89,
0x10c3,0x3a28,0x4a69,0x52aa,0x4249,0x4249,0x5b0b,0x3a08,0x3a08,0x3a28,0x3a28,0x4248,0x4a89,0x4249,0x4a8a,0x3a08,
0x3a08,0x52aa,0x634c,0x426a,0x31e8,0x3a08,0x3a49,0x52ec,0x4aaa,0x52ca,0x3a49,0x3a29,0x424a,0x4249,0x426a,0x3a29,
0x4248,0x4a69,0x4269,0x3a28,0x3a08,0x52ca,0x3a28,0x3a08,0x3a08,0x426a,0x3208,0x3a08,0x426a,0x52cb,0x4249,0x4249,
0x3a29,0x4a8a,0x4269,0x4228,0x3a08,0x4269,0x4249,0x3a08,0x4249,0x4a69,0x4aaa,0x4248,0x3a08,0x29a7,0x29a7,0x29e8,
0x426a,0x4aaa,0x2186,0x3a29,0x428a,0x5b2c,0x3a49,0x3a29,0x3a08,0x4249,0x4249,0x5289,0x4a8a,0x2145,0x31c7,0x3a29,
0x52cb,0x5b0c,0x3a28,0x4249,0x3a28,0x630b,0x52c9,0x4a68,0x31c7,0x5288,0x736c,0x4228,0x4aaa,0x31e8,0x4acb,0x3a29,
0x29a7,0x31a6,0x29a6,0x31c7,0x5288,0x52ca,0x31c8,0x4249,0x426a,0x4249,0x4249,0x31e7,0x4aaa,0x4a8a,0x4a89,0x4aaa,
0x4aa9,0x5ac9,0x6b6d,0x5b2c,0x4249,0x4249,0x4a8a,0x3a28,0x3a08,0x5aeb,0x632c,0x634d,0x4a8a,0x3a08,0x3a28,0x29a6,
0x39e7,0x2986,0x31c7,0x3a08,0x31e7,0x5aeb,0x4aaa,0x3a08,0x4269,0x4228,0x31c7,0x3a08,0x3a08,0x4248,0x3a29,0x3a08,
0x52ca,0x4a8a,0x4a69,0x3a08,0x4a8a,0x52cb,0x29c7,0x29a7,0x426a,0x4aaa,0x31e8,0x3a08,0x3a08,0x3a29,0x3a08,0x3a08,
0x3a08,0x4249,0x3a29,0x52cb,0x3a29,0x39e7,0x8450,0x4249,0x3a28,0x39e8,0x4a89,0x428a,0x4249,0x4228,0x4228,0x630b,
0x426a,0x3a08,0x3a08,0x4248,0x3a28,0x4248,0x4a69,0x52ca,0x31c7,0x3a08,0x3a28,0x31e8,0x29a7,0x31c8,0x3a28,0x29c7,
0x3208,0x3a08,0x3a08,0x29c7,0x31e8,0x31e8,0x29c7,0x52aa,0x5aea,0x4269,0x39e8,0x3a08,0x4249,0x31a6,0x8c2d,0x52aa,
0x4249,0x3a29,0x4249,0x630a,0x4248,0x4228,0x52a9,0x5ac9,0x3a08,0x6b2a,0x4a89,0x4269,0x4a89,0x31e8,0x29a7,0x2166,
0x4228,0x4229,0x4249,0x4248,0x39c7,0x3a08,0x29c7,0x4269,0x4249,0x3a29,0x4aaa,0x7bef,0x3a49,0x3a28,0x4249,0x4249,
0x6bae,0x6b6d,0x52aa,0x4248,0x426a,0x52ec,0x3a08,0x31e8,0x5aca,0x5aeb,0x4228,0x4a69,0x4aaa,0x4249,0x428a,0x2166,
0x31c6,0x4a89,0x31e7,0x52ca,0x5268,0x5aa9,0x3a28,0x4269,0x5aeb,0x4249,0x4a8a,0x4249,0x3a08,0x4a89,0x3a08,0x4249,
0x52ca,0x4a8a,0x3a08,0x31e8,0x4a8a,0x52eb,0x3a29,0x428a,0x31c7,0x4249,0x5b0b,0x4a69,0x4a8a,0x3a29,0x4a8a,0x52aa,
0x52ca,0x4249,0x3a08,0x4249,0x3a08,0x62ea,0x4269,0x4249,0x3a08,0x4229,0x4a48,0x3a08,0x3a28,0x52aa,0x52eb,0x3a29,
0x3a08,0x4aaa,0x4249,0x4269,0x4249,0x3a28,0x4248,0x52a9,0x31e8,0x39e7,0x3a28,0x29a7,0x29a7,0x3a29,0x4269,0x3a49,
0x29c8,0x3a08,0x4269,0x52aa,0x2986,0x3a4a,0x4249,0x4248,0x39e7,0x4249,0x52ca,0x3a08,0x31c7,0x2986,0x4a69,0x52aa,
0x4a69,0x3a29,0x31c7,0x7bac,0x630a,0x3a29,0x3a29,0x31e8,0x5b0c,0x3a29,0x73ae,0x636d,0x2186,0x31e7,0x4228,0x52aa,
0x31e8,0x62c9,0x4a69,0x3a28,0x4a69,0x4228,0x3a07,0x3a08,0x52ca,0x3a49,0x83ee,0x4a8a,0x4249,0x52cb,0x31c7,0x4249,
0x31e8,0x4269,0x3a08,0x3208,0x4aaa,0x426a,0x4269,0x4aaa,0x4a89,0x4a49,0x4248,0x4249,0x4a8a,0x52ec,0x3a29,0x3a08,
0x4a8a,0x5268,0x3a28,0x5b0b,0x31e8,0x31c7,0x3a28,0x3a08,0x4a8a,0x426a,0x3a29,0x4a69,0x4a68,0x3208,0x4269,0x4a69,
0x4a8a,0x4229,0x630b,0x5aeb,0x29c7,0x29a7,0x3a49,0x426a,0x3a08,0x4a8a,0x3a28,0x4a69,0x4a89,0x4a8a,0x3208,0x5289,
0x4a8a,0x3a08,0x3a28,0x3a28,0x4249,0x5289,0x29a6,0x3a08,0x4a8a,0x5aca,0x4a68,0x3a08,0x4a89,0x4a8a,0x4249,0x39e8,
0x4248,0x52aa,0x4228,0x4aab,0x4a8a,0x3a28,0x3a07,0x3a27,0x29c7,0x4a89,0x3a29,0x3208,0x29e8,0x3a08,0x5aea,0x4269,
0x29c7,0x31c7,0x3a28,0x3a08,0x2186,0x3a29,0x4229,0x31e7,0x31e8,0x52aa,0x4249,0x3208,0x31e8,0x4249,0x29a7,0x31e8,
0x4269,0x4a69,0x4228,0x4248,0x4a89,0x31e7,0x4228,0x4248,0x428a,0x5b0c,0x52eb,0x29a7,0x2986,0x428a,0x31e8,0x426a,
0x52cb,0x4a48,0x5aea,0x4a89,0x4249,0x4249,0x4a69,0x3a07,0x4aaa,0x3a08,0x4228,0x4228,0x52a9,0x4a89,0x31e8,0x3a28,
0x3a28,0x6b6d,0x4228,0x426a,0x3a29,0x3a28,0x52eb,0x4aaa,0x52eb,0x4a89,0x4a89,0x4a8a,0x3a29,0x1905,0x2186,0x7bee,
0x6bae,0x3a08,0x4248,0x31c7,0x3a08,0x3a08,0x3a28,0x3a08,0x4269,0x4a89,0x4269,0x4a69,0x4a8a,0x3a28,0x4a89,0x3a08,
0x3a28,0x4248,0xb4ce,0x5ac9,0x3a08,0x4269,0x3a69,0x428a,0x3a49,0x4a8a,0x3a49,0x3a28,0x52cb,0x4a8a,0x3a29,0x4aaa,
0x3a08,0x4249,0x426a,0x5b0b,0x4249,0x31e8,0x3a29,0x428a,0x4a89,0x4a68,0x4a69,0x52aa,0x52ca,0x4a68,0x3a28,0x4269,
0x4249,0x4229,0x4249,0x3a49,0x31c7,0x4228,0x31c7,0x29c7,0x3209,0x31e8,0x3a29,0x3a29,0x3209,0x3a29,0x31c7,0x31e7,
0x3a49,0x3a49,0x31e8,0x31e8,0x3a29,0x31e8,0x31e8,0x3a29,0x4a8a,0x4249,0x4269,0x4aab,0x4a69,0x632c,0x31c7,0x3a08,
0x3a08,0x7bcd,0x6b4b,0x31e8,0x4248,0x5289,0x5aea,0x428a,0x3a49,0x3a28,0x2186,0x31e8,0x73ad,0x5b0b,0x634c,0x31c7,
0x31e7,0x3a29,0x4229,0x52ca,0x5aeb,0x29c8,0x4228,0x5289,0x5289,0x29a7,0x4a89,0x7bac,0x4228,0x4249,0x31e8,0x3a08,
0x4269,0x632c,0x428a,0x3a49,0x4aaa,0x4a8a,0x4249,0x3a08,0x3a08,0x39e7,0x39e8,0x3208,0x31c7,0x31c7,0x3a08,0x4249,
0x3a08,0x4269,0x4228,0x3a28,0x3a08,0x3a08,0x31e7,0x52ca,0x4a89,0x4269,0x5aca,0x4249,0x4249,0x3a08,0x4249,0x4aaa,
0x52ca,0x4228,0x732a,0x4228,0x3a08,0x52eb,0x428a,0x31e8,0x31e8,0x4228,0x5aca,0x4269,0x4269,0x52aa,0x426a,0x426a,
0x3a08,0x31e8,0x3a29,0x4249,0x3a08,0x3a28,0x4aab,0x4269,0x52ca,0x31e7,0x2986,0x842f,0x7bee,0x39e7,0x4228,0x4249,
0x3a08,0x4269,0x4a89,0x3a29,0x31c7,0x31e8,0x3a49,0x3229,0x3229,0x3229,0x29c7,0x39e7,0x4249,0x3208,0x3208,0x3a08,
0x3a29,0x3a49,0x31e8,0x3a28,0x4269,0x3208,0x31c7,0x3a08,0x3a08,0x4a89,0x52eb,0x31e8,0x2145,0x3a08,0x31e8,0x3a29,
0x3a29,0x4228,0x5aea,0x3a49,0x3a08,0x4a69,0x52eb,0x3209,0x3a28,0x3a29,0x29c7,0x428a,0x4269,0x3a29,0x6b4c,0x31a6,
0x4a69,0x632c,0x31e8,0x31e7,0x4249,0x3a29,0x4269,0x4a8a,0x52cb,0x3a29,0x4a8a,0x52ec,0x3a29,0x52ec,0x3a28,0x3a28,
0x3a29,0x3a28,0x426a,0x3a08,0x4269,0x4228,0x4207,0x428a,0x4a8a,0x3a08,0x10c3,0x4228,0x52a9,0x4269,0x31c7,0x3a08,
0x4269,0x3a29,0x4aaa,0x4269,0x3a08,0x31c7,0x4249,0x5aea,0x4248,0x4269,0x528a,0x4a69,0x3a29,0x4249,0x3a08,0x630b,
0x7bcc,0x31e8,0x426a,0x52eb,0x426a,0x426a,0x4249,0x4249,0x4248,0x52aa,0x52ca,0x3a28,0x3208,0x4269,0x4a8a,0x4a69,
0x4269,0x42ab,0x4aec,0x3208,0x4249,0x4a89,0x4227,0x3a08,0x4229,0x52cb,0x3a08,0x52a9,0x630b,0x29a7,0x4228,0x3a28,
0x4a8a,0x426a,0x3a28,0x29a7,0x3209,0x29e8,0x3a29,0x3208,0x3229,0x31e7,0x31c7,0x3a08,0x3a08,0x31e8,0x31e8,0x29c7,
0x29c7,0x3a28,0x4248,0x3a49,0x3a08,0x31c7,0x3a08,0x4269,0x4248,0x3a28,0x2166,0x4249,0x29a7,0x632c,0x5b0c,0x52aa,
0x3208,0x3208,0x4229,0x4a8a,0x428a,0x3a08,0x29c7,0x39e8,0x4249,0x31c7,0x4aaa,0x426a,0x31e8,0x31c7,0x4249,0x4a8a,
0x4a69,0x3a28,0x31e7,0x4249,0x4249,0x3a28,0x4249,0x3a08,0x3a29,0x3a08,0x4aab,0x426a,0x3a29,0x4249,0x4a8a,0x52aa,
0x5aeb,0x5289,0x4a89,0x4249,0x3a28,0x426a,0x4aaa,0x4269,0x3a28,0x4249,0x52cb,0x52aa,0x4a68,0x3a07,0x31c7,0x3a08,
0x4249,0x4a8a,0x3a29,0x52ab,0x4269,0x3a29,0x4a89,0x31e8,0x31e7,0x31e8,0x3a29,0x4248,0x4249,0x4a8a,0x4269,0x3a08,
0x3a08,0x4269,0x52cb,0x4a8a,0x4aab,0x426a,0x4269,0x5aea,0x630b,0x4249,0x31e8,0x4269,0x632c,0x3a08,0x5aeb,0x4249,
0x4a8a,0x31e8,0x31c7,0x3a29,0x426a,0x5b0b,0x5289,0x4249,0x4249,0x52aa,0x4a8a,0x31c7,0x31e8,0x52eb,0x3a28,0x428a,
0x3a49,0x3a29,0x4249,0x29a7,0x3209,0x31e8,0x29e8,0x29e8,0x4248,0x5269,0x3209,0x3a28,0x31e8,0x29c8,0x3a29,0x4269,
0x3a08,0x3a08,0x4a69,0x4aaa,0x3a28,0x31e7,0x3a28,0x52a9,0x52ca,0x31c7,0x39e7,0x4a69,0x52cb,0x52aa,0x4228,0x5b0b,
0x634c,0x4a8a,0x29a7,0x3a29,0x3a08,0x4249,0x3a28,0x4229,0x4a6a,0x3a08,0x3a08,0x52cb,0x3a29,0x3a29,0x3a08,0x4a89,
0x4249,0x31e8,0x31c7,0x3a29,0x3a08,0x3a28,0x3a08,0x4a8a,0x4249,0x4a8a,0x4a69,0x62ea,0x630b,0x426a,0x3a28,0x4249,
0x4a8a,0x4249,0x4249,0x4249,0x4aaa,0x52eb,0x4269,0x2986,0x31e7,0x4249,0x5b0c,0x4a8a,0x4269,0x5b0b,0x4a69,0x31c8,
0x4269,0x4aaa,0x31e8,0x4228,0x5aea,0x52aa,0x4249,0x3a08,0x3a08,0x31e7,0x3a28,0x3a28,0x4a89,0x5aeb,0x4a8a,0x52cb,
0x3a08,0x31e8,0x3a28,0x3a29,0x4269,0x4269,0x6b6c,0x52eb,0x3a08,0x3a28,0x4229,0x4249,0x634c,0x29a7,0x29a7,0x3a28,
0x31e7,0x3a08,0x31e8,0x3a08,0x3a08,0x3a29,0x4269,0x4269,0x4aab,0x4aab,0x3a08,0x3a08,0x5b0c,0x7bee,0x4aaa,0x4acb,
0x3a29,0x4249,0x31a7,0x29a7,0x3a29,0x29c8,0x31e8,0x3208,0x3a49,0x3a09,0x3a29,0x31e8,0x29e8,0x31e8,0x3a29,0x428a,
0x3a28,0x3a07,0x3a28,0x4a68,0x4269,0x31e7,0x4228,0x4228,0x31e7,0x426a,0x3a29,0x4248,0x52cb,0x31e8,0x4249,0x4249,
0x52aa,0x4a69,0x3a08,0x31e8,0x31e8,0x3a08,0x39e8,0x5b0c,0x4249,0x31e8,0x4269,0x4269,0x3a08,0x4249,0x3a28,0x4a69,
0x52aa,0x3a28,0x4249,0x5b0b,0x5aca,0x31e7,0x4a8a,0x4a6a,0x5aeb,0x52cb,0x4a69,0x52ca,0x4249,0x4a8a,0x3a08,0x3a08,
0x4269,0x3a29,0x4a8a,0x4a69,0x4249,0x29c7,0x31c7,0x3a08,0x52cb,0x4a69,0x3a08,0x3a28,0x4a69,0x4a8a,0x4249,0x31e8,
0x7c0f,0x52eb,0x29a7,0x3208,0x52aa,0x4a8a,0x31c7,0x31e8,0x4269,0x4a8a,0x4249,0x3a28,0x4228,0x52ca,0x52a9,0x52ca,
0x31e8,0x3a28,0x428a,0x3a49,0x3a08,0x3a28,0x4a8a,0x4228,0x4a69,0x4249,0x4249,0x632b,0x5aca,0x3a28,0x4249,0x3a28,
0x52cb,0x31c7,0x3a08,0x4269,0x3a29,0x4249,0x4228,0x4249,0x3a08,0x426a,0x31e8,0x5aea,0x52aa,0x31e8,0x3208,0x3208,
0x3a08,0x4229,0x31e8,0x3a28,0x31e8,0x3229,0x3208,0x29e8,0x3a49,0x29e8,0x3209,0x29c8,0x29c8,0x3a29,0x3a4a,0x3a2a,
0x31e8,0x31e7,0x3a28,0x3a07,0x31c7,0x4228,0x4a69,0x4aaa,0x3a08,0x31e8,0x3a08,0x3a29,0x3a29,0x3a29,0x3a29,0x4249,
0x39e7,0x4a89,0x4a8a,0x3a28,0x3a49,0x3a29,0x3a29,0x632c,0x3a08,0x31c7,0x4249,0x4269,0x52ca,0x5b0b,0x3a08,0x4249,
0x5b0c,0x5aeb,0x3a28,0x4228,0x5289,0x3a08,0x31e8,0x4a69,0x5b0c,0x3a28,0x31e8,0x4269,0x5288,0x3a08,0x3a29,0x4aaa,
0x4a8a,0x4a69,0x4249,0x4a69,0x3a08,0x31e8,0x4249,0x3a08,0x4249,0x3a07,0x3a28,0x4249,0x3a08,0x3a08,0x4249,0x426a,
0x4269,0x2986,0x31c7,0x4a8a,0x3a28,0x31c7,0x4249,0x3a08,0x31e8,0x52ca,0x632c,0x4249,0x31e8,0x3a29,0x4a8a,0x634c,
0x3a29,0x4269,0x31e7,0x4a8a,0x4aaa,0x4249,0x4a69,0x52aa,0x4a8a,0x4249,0x4a69,0x632b,0x3a08,0x4a69,0x4269,0x52cb,
0x4a8a,0x3a49,0x4249,0x428a,0x3a29,0x4aaa,0x3a29,0x3a29,0x3a08,0x4269,0x52eb,0x5b0b,0x4a8a,0x4249,0x31e8,0x4aaa,
0x4a68,0x4269,0x4228,0x5aea,0x4249,0x3209,0x3209,0x4a8a,0x31e8,0x3a29,0x29e8,0x29c8,0x29a7,0x3208,0x3208,0x4248,
0x4248,0x3a28,0x31e8,0x3a07,0x3a08,0x4248,0x4228,0x5aeb,0x3a08,0x4228,0x4249,0x52aa,0x4a6a,0x4249,0x31e7,0x3a28,
0x4228,0x4249,0x3a08,0x4269,0x3a29,0x3a09,0x52cb,0x3a08,0x4a8a,0x428a,0x4249,0x4249,0x4a8a,0x4228,0x3a08,0x3a29,
0x4249,0x4a8a,0x31c7,0x4248,0x3a08,0x3a08,0x29c7,0x31e8,0x4249,0x4a69,0x632c,0x52cb,0x3a49,0x31c7,0x31e7,0x3a28,
0x31e7,0x3a08,0x31e8,0x4249,0x4249,0x3a29,0x3a08,0x3a28,0x5b0c,0x4aaa,0x3a28,0x426a,0x428a,0x3a29,0x31e8,0x29a7,
0x31e7,0x52eb,0x7bce,0x4228,0x3a29,0x52cb,0x4269,0x3a08,0x31c7,0x4249,0x4a8a,0x4249,0x3a08,0x5b0c,0x4a8a,0x4249,
0x4a6a,0x4269,0x31c7,0x4a89,0x630a,0x4a89,0x4249,0x4249,0x4a89,0x3a08,0x52aa,0x3a09,0x52aa,0x52a9,0x52cb,0x634d,
0x4aab,0x426a,0x3a08,0x3208,0x31e8,0x3a29,0x3a28,0x4a8a,0x4229,0x4a8a,0x52cb,0x31e7,0x29a7,0x428a,0x428a,0x5289,
0x630a,0x4249,0x4249,0x31c7,0x3a08,0x29e8,0x31c7,0x4a6a,0x29c8,0x31e8,0x31e8,0x29c8,0x31e8,0x3229,0x3208,0x4a89,
0x4227,0x3a07,0x31e7,0x4248,0x52a9,0x4228,0x4a68,0x31c7,0x4228,0x4aaa,0x4269,0x3a08,0x31e8,0x31c7,0x52eb,0x52aa,
0x31c8,0x4269,0x4249,0x29a7,0x4269,0x4229,0x4249,0x52cb,0x52a9,0x3a28,0x3208,0x3a28,0x3a08,0x4a69,0x4228,0x426a,
0x31e8,0x29a7,0x52cb,0x73ad,0x4249,0x3a29,0x31e8,0x52cb,0x29a7,0x4269,0x52aa,0x3a08,0x4249,0x4a69,0x4248,0x4a89,
0x3a6a,0x4aaa,0x3208,0x52ec,0x4a8a,0x4a8a,0x4a8a,0x3a28,0x3a49,0x426a,0x29c7,0x31e8,0x3a08,0x4a8a,0x29a7,0x31c7,
0x4a8a,0x52eb,0x5aeb,0x31e8,0x31e8,0x4aab,0x4a8a,0x428a,0x4229,0x3a28,0x2986,0x4249,0x4acb,0x3a08,0x3a29,0x3a49,
0x5aeb,0x6b8e,0x4249,0x52aa,0x4249,0x4248,0x3a28,0x4269,0x4228,0x4a68,0x4a89,0x4269,0x3a28,0x31c7,0x4249,0x4269,
0x3a28,0x31c7,0x4a8a,0x3a29,0x3a08,0x52cb,0x3a28,0x3a08,0x4a8a,0x3208,0x4249,0x3a28,0x4aab,0x4249,0x3a29,0x4a68,
0x52a9,0x3a08,0x31e7,0x31e8,0x3a29,0x3208,0x31e7,0x3a28,0x29e8,0x29e8,0x3a29,0x3a29,0x3209,0x31e7,0x3208,0x3a08,
0x31e8,0x3a07,0x3a28,0x4248,0x4269,0x31c7,0x5aea,0x4a8a,0x3a28,0x4a8a,0x3a29,0x4249,0x4249,0x4249,0x4229,0x4a69,
0x4a8a,0x4a8a,0x52cb,0x3a08,0x4249,0x3a29,0x3a08,0x3a49,0x4269,0x4249,0x31e8,0x31e8,0x3208,0x3a29,0x3a29,0x426a,
0x4aaa,0x31c7,0x3a29,0x52eb,0x3a29,0x31e8,0x52cb,0x4aaa,0x31e8,0x3a08,0x3a08,0x4a6a,0x632c,0x4aaa,0x4249,0x52ca,
0x426a,0x4a6a,0x3208,0x52eb,0x5aeb,0x5aeb,0x3a29,0x4249,0x426a,0x31c7,0x3a08,0x52a9,0x52aa,0x3a49,0x5b0c,0x3a09,
0x52ec,0x2986,0x31e8,0x31e7,0x3a29,0x52ab,0x4aaa,0x3a28,0x5aeb,0x4aaa,0x426a,0x4249,0x3a28,0x4aaa,0x4249,0x3a49,
0x426a,0x52aa,0x4248,0x52ca,0x4249,0x4249,0x4a89,0x3a08,0x5289,0x630a,0x5ac9,0x4a8a,0x4a8a,0x3a29,0x4a8a,0x4249,
0x3a29,0x52eb,0x4a8a,0x4249,0x3a29,0x52cb,0x4aaa,0x3a08,0x4a8a,0x3a29,0x3208,0x3a08,0x4a8a,0x4a6a,0x4249,0x3a08,
0x31e8,0x4a68,0x31e8,0x3208,0x4a8a,0x428a,0x39e7,0x52a9,0x29c7,0x31e8,0x31e8,0x31e8,0x3208,0x3a27,0x3208,0x3a29,
0x52a9,0x4228,0x4a69,0x4a69,0x3a28,0x3a28,0x52ca,0x31e8,0x4a69,0x4249,0x4a8a,0x5b0b,0x4a69,0x52cb,0x31e8,0x31e8,
0x4269,0x52aa,0x4249,0x3a08,0x31e8,0x4249,0x31c7,0x4249,0x3a08,0x3208,0x4229,0x4a69,0x3a28,0x4249,0x31c8,0x3a28,
0x52aa,0x3a29,0x31e7,0x2987,0x29a7,0x29a7,0x4a8a,0x31e8,0x31e7,0x3208,0x3a08,0x4acb,0x3a28,0x4249,0x4269,0x31c7,
0x426a,0x4269,0x3a08,0x4269,0x5b0c,0x31c7,0x3208,0x4229,0x4249,0x4249,0x426a,0x5b0b,0x3a08,0x3a28,0x6bae,0x3a49,
0x3a08,0x426a,0x31e8,0x4249,0x4aaa,0x31e8,0x52aa,0x3a28,0x4249,0x3a28,0x31e7,0x4249,0x4249,0x52cb,0x4249,0x4269,
0x52ca,0x4249,0x3a49,0x3a28,0x4249,0x4248,0x5aea,0x528a,0x52aa,0x4229,0x31e8,0x3a08,0x6b8d,0x3208,0x4249,0x3a29,
0x4249,0x3a29,0x4269,0x3a28,0x3a08,0x4249,0x4249,0x39e8,0x4269,0x4aab,0x29a7,0x4228,0x4249,0x3a28,0x4249,0x31c7,
0x31e8,0x3a08,0x3a08,0x3a08,0x4269,0x29c7,0x29c7,0x3208,0x31c7,0x3a28,0x31e8,0x3209,0x3a28,0x31e7,0x3208,0x4269,
0x4a68,0x4249,0x4aaa,0x4269,0x428a,0x4228,0x5b0b,0x4aaa,0x4269,0x4aaa,0x3a29,0x4249,0x3a08,0x4249,0x52ec,0x428b,
0x4a8a,0x52aa,0x29a7,0x31e8,0x4269,0x3a08,0x4228,0x4a89,0x52aa,0x4249,0x4a69,0x5b0c,0x3a28,0x4228,0x4228,0x2986,
0x4228,0x3a08,0x4227,0x29c8,0x29e9,0x3a49,0x4a8a,0x4249,0x4249,0x4249,0x52aa,0x426a,0x4249,0x52aa,0x3a28,0x4248,
0x4a8a,0x3a08,0x4269,0x52ca,0x4a89,0x5aea,0x4a89,0x4a89,0x4a8a,0x4249,0x5aeb,0x426a,0x428a,0x52cb,0x4269,0x4a69,
0x4229,0x3a28,0x4249,0x4a8a,0x3208,0x3a28,0x428a,0x4249,0x5b0b,0x4249,0x4228,0x4249,0x4249,0x3208,0x3a29,0x3a28,
0x52a9,0x4249,0x3a29,0x31e8,0x4a8a,0x4249,0x4249,0x6b2b,0x4a8a,0x3a08,0x4229,0x5aeb,0x426a,0x3208,0x4269,0x3a29,
0x3a29,0x632c,0x52cb,0x4269,0x630b,0x4228,0x4a69,0x39e7,0x31e8,0x52eb,0x3a29,0x3a08,0x3a29,0x426a,0x31e8,0x3a08,
0x31e8,0x4a8a,0x52cb,0x3a29,0x4aab,0x3a29,0x4249,0x3a29,0x3208,0x3229,0x3a28,0x3a08,0x31e8,0x3a08,0x3208,0x4a89,
0x3a49,0x3a08,0x3a28,0x3a08,0x3a08,0x634c,0x52ca,0x4a8a,0x52eb,0x4269,0x31c7,0x3a29,0x3a08,0x428a,0x4acb,0x31e8,
0x4a8a,0x4249,0x4a8a,0x52aa,0x3a08,0x4a8a,0x632c,0x31c7,0x4a69,0x4228,0x426a,0x3a28,0x3a08,0x426a,0x426a,0x4a8a,
0x4269,0x29c7,0x29c7,0x3209,0x3209,0x31e8,0x3a29,0x29c7,0x29c7,0x4248,0x4269,0x3a08,0x734b,0x3a08,0x4248,0x6b2a,
0x4a69,0x4248,0x4a8a,0x3a08,0x52eb,0x4a69,0x4229,0x5aca,0x52ca,0x4249,0x4248,0x3a28,0x4a8a,0x4aaa,0x3a28,0x31e8,
0x3a49,0x4249,0x4a69,0x4a68,0x31e8,0x3a08,0x426a,0x31e8,0x3a08,0x52a9,0x5289,0x4249,0x3a49,0x428a,0x3a29,0x3a08,
0x39e7,0x4228,0x4269,0x4269,0x4a69,0x5aeb,0x4a69,0x5268,0x3a08,0x3a29,0x426a,0x4aab,0x3a08,0x3a28,0x31e8,0x3a08,
0x3a29,0x3a28,0x4a69,0x4269,0x4a8a,0x3a08,0x4228,0x52a9,0x29c7,0x3a29,0x426a,0x29c7,0x29a7,0x31e8,0x31e8,0x3a08,
0x52aa,0x4a8a,0x426a,0x39e8,0x3a08,0x3a09,0x4249,0x4aab,0x3a29,0x3229,0x3a28,0x3a29,0x29c7,0x4aaa,0x4249,0x4269,
0x4a8a,0x3a49,0x3a29,0x4a89,0x31e7,0x6b6c,0x4248,0x3a08,0x3a08,0x4249,0x4249,0x4a8a,0x4269,0x4228,0x3a28,0x4248,
0x31c7,0x4269,0x426a,0x4a8a,0x3a28,0x4a6a,0x4a8a,0x3a29,0x4269,0x3a28,0x52aa,0x4249,0x3a29,0x4249,0x4249,0x29a7,
0x29e8,0x29c7,0x3208,0x3208,0x426a,0x3209,0x3a29,0x29c7,0x31e8,0x4a69,0x3a08,0x3a28,0x4a8a,0x3a08,0x4a89,0x3a07,
0x4aaa,0x4a69,0x3a08,0x52aa,0x4249,0x3a08,0x4a8a,0x3a08,0x4a8a,0x4249,0x31c7,0x5ac9,0x632b,0x4a8a,0x4249,0x4aaa,
0x426a,0x31e8,0x3a07,0x5aa8,0x3a28,0x4a8a,0x52aa,0x4a69,0x4269,0x5289,0x52ca,0x4249,0x4249,0x426a,0x31c7,0x4a69,
0x31c8,0x4a69,0x4269,0x3a29,0x3a28,0x632c,0x4aab,0x3a08,0x3a08,0x4a8a,0x4269,0x3a49,0x3a29,0x52cb,0x4aaa,0x39e8,
0x3a49,0x3a29,0x31e7,0x4a8a,0x634d,0x3a49,0x4249,0x4269,0x4aaa,0x29a7,0x3a08,0x3a28,0x29a7,0x29c8,0x29a7,0x6b4b,
0x5aea,0x4269,0x31e8,0x4a8a,0x3a29,0x29c7,0x52cb,0x4249,0x3a08,0x3a28,0x31c7,0x428a,0x29c7,0x52eb,0x52cb,0x4249,
0x4aaa,0x3a28,0x4aaa,0x7bce,0x4269,0x29c7,0x3a08,0x4a69,0x3a08,0x4249,0x39e8,0x52eb,0x4a8a,0x4249,0x4249,0x4229,
0x632b,0x3a08,0x4249,0x6b4c,0x4269,0x4249,0x52aa,0x3a08,0x4249,0x4269,0x4249,0x4249,0x31c7,0x29a7,0x31e8,0x29c8,
0x3209,0x29e8,0x3229,0x428a,0x3a28,0x29a7,0x3209,0x3a29,0x31e8,0x4248,0x4269,0x3a08,0x3a29,0x4249,0x4a8a,0x4a89,
0x3a49,0x4a8a,0x4228,0x52cb,0x52ca,0x426a,0x4249,0x5aeb,0x52aa,0x4aaa,0x5b2c,0x5aeb,0x426a,0x29c7,0x3a28,0x4a68,
0x4a6a,0x3a28,0x4249,0x428a,0x3a29,0x3a28,0x3a08,0x52eb,0x4249,0x4a8a,0x4aab,0x4a8a,0x3a08,0x31e7,0x52aa,0x3a08,
0x4a69,0x734b,0x4a8a,0x4a8b,0x4a89,0x4248,0x4228,0x4249,0x3a29,0x632b,0x4a8a,0x31e8,0x31e8,0x5aeb,0x4a89,0x4249,
0x426a,0x3a49,0x3a28,0x3a08,0x4a8a,0x4249,0x4249,0x2986,0x4249,0x3a29,0x2987,0x31e8,0x3229,0x3a29,0x29c7,0x3a29,
0x426a,0x31e8,0x4228,0x3a08,0x39e7,0x3a28,0x31c7,0x4249,0x4249,0x4249,0x530c,0x3208,0x31c7,0x3a29,0x4a8a,0x3a08,
0x4249,0x738d,0x52aa,0x4a89,0x4a8a,0x4a69,0x52a9,0x4248,0x4249,0x3a29,0x4a69,0x4269,0x3a28,0x4249,0x52cb,0x3a29,
0x52aa,0x4249,0x3a08,0x31e7,0x31c7,0x4249,0x31e7,0x31e8,0x31e8,0x3a28,0x3a29,0x3a08,0x3a29,0x5aeb,0x634d,0x31c8,
0x29c7,0x29e8,0x3209,0x4aec,0x29c7,0x3208,0x3229,0x31e8,0x31e7,0x4227,0x29a7,0x4249,0x4249,0x4a69,0x4228,0x3a28,
0x4aab,0x4a69,0x4248,0x3a28,0x4249,0x3a08,0x4249,0x4249,0x3a08,0x31e7,0x52aa,0x4a8a,0x4a8a,0x3208,0x4aab,0x4a8a,
0x4249,0x4a89,0x4aaa,0x3a29,0x31e7,0x3a08,0x4a89,0x4a8a,0x4269,0x4269,0x4249,0x4249,0x3a08,0x5aca,0x73ce,0x3a08,
0x4248,0x4248,0x634c,0x52aa,0x4249,0x52a9,0x4a69,0x52ec,0x4a8a,0x4249,0x31c7,0x3a28,0x4aaa,0x3a29,0x31e7,0x4269,
0x4a69,0x5289,0x52aa,0x5289,0x3a29,0x29c7,0x52cb,0x52cb,0x3a29,0x3a09,0x29e8,0x29a7,0x3229,0x3229,0x3a08,0x3a28,
0x29a7,0x3208,0x4a69,0x31e7,0x52eb,0x4aab,0x4249,0x428a,0x52eb,0x3a29,0x3a29,0x31e8,0x426a,0x426a,0x3a29,0x3a28,
0x3a07,0x52ca,0x4a69,0x3a08,0x31c7,0x62ea,0x4249,0x3a08,0x4249,0x4249,0x4a69,0x3a28,0x4249,0x4a8a,0x4aaa,0x4249,
0x31c7,0x4269,0x426a,0x3a08,0x31e8,0x4249,0x4249,0x3208,0x3a29,0x632c,0x4249,0x3a08,0x4a8a,0x4269,0x3a08,0x4269,
0x29c7,0x31e8,0x3209,0x31e8,0x3a29,0x3209,0x3208,0x29c7,0x3a28,0x29a7,0x31e8,0x4a8a,0x4a48,0x5268,0x4269,0x4a89,
0x4269,0x4228,0x4a89,0x4249,0x4249,0x4248,0x4269,0x3a29,0x4a8a,0x4a89,0x4a89,0x31c7,0x3208,0x31e8,0x3a29,0x4249,
0x31e7,0x4aa9,0x4a8a,0x3208,0x5b0b,0x5289,0x4a48,0x4248,0x4a69,0x4228,0x3a28,0x3a28,0x4249,0x4269,0x4228,0x31e8,
0x3a49,0x3a29,0x6b4c,0x62ea,0x3208,0x5aeb,0x52cb,0x428a,0x4a8a,0x29a7,0x4aaa,0x52cb,0x29a7,0x31e8,0x4249,0x426a,
0x4249,0x4a69,0x3a08,0x52aa,0x4a8a,0x31c7,0x31c7,0x4249,0x39e8,0x2986,0x29a7,0x636d,0x5b4d,0x31c8,0x31e8,0x3a08,
0x29a7,0x29a7,0x4269,0x5b0c,0x4269,0x31a7,0x4a8a,0x31e8,0x31c7,0x428a,0x4269,0x4249,0x426a,0x4269,0x4a8a,0x4269,
0x3a49,0x4a89,0x4249,0x3a29,0x52aa,0x5289,0x4228,0x4228,0x3a08,0x3a28,0x3208,0x52cb,0x4249,0x52aa,0x426a,0x52cb,
0x3a29,0x3a29,0x3208,0x3a29,0x3a29,0x3a08,0x4a69,0x31c7,0x4a69,0x4a89,0x29a7,0x2986,0x4269,0x3a29,0x3208,0x3208,
0x4aab,0x3208,0x3208,0x29c7,0x29c8,0x3208,0x3229,0x4268,0x4269,0x3a28,0x4249,0x3a28,0x4a48,0x4228,0x4228,0x5ac9,
0x3a28,0x4269,0x31c7,0x52cb,0x4269,0x31e8,0x4a8a,0x3a28,0x52cb,0x52ab,0x4aaa,0x31e8,0x4249,0x3a08,0x4248,0x31c7,
0x3a08,0x4229,0x3a28,0x3a08,0x4aaa,0x3a07,0x6b2b,0x7bcd,0x4a48,0x4248,0x4249,0x426a,0x3a29,0x3a08,0x3a07,0x4228,
0x4a89,0x29a7,0x31e7,0x4269,0x31e8,0x4a8a,0x52cb,0x31e8,0x4a8a,0x3a28,0x4a8a,0x4269,0x29a6,0x31e8,0x3a28,0x3a49,
0x4aab,0x31e8,0x29c7,0x4aaa,0x634d,0x52eb,0x29a7,0x31e7,0x3a08,0x3a08,0x31e7,0x6bae,0x428a,0x31e8,0x31e8,0x21a7,
0x31c7,0x29c7,0x29a7,0x31c7,0x4248,0x31a7,0x3a08,0x52aa,0x4aaa,0x3a29,0x4a8a,0x428a,0x4a69,0x4a69,0x4acb,0x4249,
0x4269,0x5268,0x3208,0x4a8a,0x4a89,0x31c7,0x4228,0x5aeb,0x426a,0x31c7,0x4229,0x4269,0x3a28,0x3208,0x31e7,0x4249,
0x632c,0x4229,0x428a,0x3208,0x31c7,0x4249,0x8450,0x31e8,0x4248,0x4a69,0x4249,0x29a7,0x4a8a,0x31e7,0x31c7,0x3a08,
0x52eb,0x29c7,0x29a7,0x31e8,0x3208,0x3a28,0x3a49,0x4a68,0x3a07,0x52ca,0x5b2c,0x3a08,0x31e8,0x3a08,0x4249,0x4a68,
0x3a08,0x4249,0x4249,0x52eb,0x4269,0x52ca,0x4269,0x4a89,0x31c7,0x4249,0x31e7,0x52aa,0x5b2c,0x3a28,0x4228,0x3a28,
0x4249,0x3a28,0x4248,0x4269,0x3a28,0x52ca,0x632c,0x5b2c,0x31a7,0x4249,0x4249,0x4a8a,0x4249,0x3a28,0x4249,0x4aaa,
0x738c,0x3a28,0x3a08,0x4aaa,0x3a29,0x31e8,0x426a,0x3a49,0x4aaa,0x3a29,0x3a08,0x5289,0x4a89,0x3a29,0x31c7,0x4a8a,
0x4aca,0x4269,0x3a29,0x3a29,0x3a29,0x52aa,0x4a8a,0x5b2c,0x3a29,0x3a29,0x3208,0x31e8,0x31e8,0x42ab,0x29a7,0x29e8,
0x3209,0x4248,0x4a47,0x4a48,0x3a28,0x4269,0x52cb,0x3a08,0x4228,0x6b8d,0x4269,0x31c7,0x3a08,0x5ac9,0x5b0b,0x4a8a,
0x5289,0x4a69,0x3a29,0x4a69,0x4228,0x4228,0x52aa,0x52aa,0x3a29,0x426a,0x4a8a,0x3a29,0x31e8,0x31e8,0x4a69,0x4a89,
0x4228,0x4229,0x29c7,0x31c7,0x3a29,0x4aab,0x636d,0x3a29,0x3a29,0x5b0b,0x4269,0x29c7,0x4a8a,0x4249,0x3a08,0x31c7,
0x4269,0x31e8,0x31e8,0x3a29,0x3a28,0x3a48,0x3a27,0x31e8,0x4a89,0x4249,0x39e7,0x4248,0x3a28,0x3a08,0x3a28,0x4a89,
0x4249,0x52ec,0x3a28,0x52cb,0x736c,0x5aca,0x29a7,0x3a08,0x3a08,0x52aa,0x4a8a,0x5289,0x3a49,0x3a08,0x31e7,0x4249,
0x4249,0x3a49,0x4249,0x3208,0x4a8a,0x5aeb,0x31c7,0x31c7,0x4269,0x29a7,0x5b0b,0x6b6d,0x3a29,0x4a8a,0x3a08,0x4aaa,
0x73ce,0x4a89,0x3a49,0x31e8,0x4acb,0x3a29,0x3a08,0x3a29,0x3a08,0x4269,0x426a,0x3a29,0x52eb,0x4a89,0x4249,0x4269,
0x4248,0x3208,0x3a28,0x52eb,0x428a,0x3a28,0x3a29,0x3a28,0x3a49,0x29c7,0x3a29,0x29e8,0x3a29,0x29e8,0x31e8,0x29e8,
0x530c,0x4acb,0x3a28,0x3a08,0x31e8,0x4a69,0x29c7,0x4269,0x52aa,0x5aca,0x31e7,0x3a08,0x4a8a,0x4a8a,0x4249,0x426a,
0x39e8,0x3a28,0x3a29,0x3a08,0x3a08,0x52a9,0x4a69,0x3a28,0x3208,0x4acb,0x52eb,0x4249,0x3a29,0x3a08,0x4269,0x4a8a,
0x3a28,0x4249,0x4248,0x4a8a,0x3a49,0x3a09,0x426a,0x42aa,0x29a7,0x4a89,0x4249,0x3208,0x4a69,0x4a69,0x426a,0x4208,
0x4228,0x4228,0x3a28,0x29a6,0x31c7,0x6b6c,0x4a89,0x4228,0x4228,0x52ca,0x3a28,0x3a28,0x3a29,0x3a28,0x3a49,0x4269,
0x73cf,0x4aaa,0x630b,0x52aa,0x3a08,0x4249,0x31c7,0x31c7,0x4a69,0x4269,0x4249,0x3a07,0x31e7,0x4249,0x52eb,0x4a69,
0x4248,0x3a08,0x3a08,0x4249,0x52aa,0x31e8,0x4269,0x6b6c,0x73ce,0x4228,0x632c,0x4249,0x31e8,0x4269,0x2987,0x3a49,
0x4249,0x4aab,0x426a,0x4a8a,0x3a29,0x29a7,0x4269,0x3a08,0x3a08,0x426a,0x3208,0x3a29,0x52cb,0x4a8a,0x4aaa,0x428a,
0x31e8,0x632c,0x428a,0x3a08,0x3a49,0x3a29,0x3208,0x632b,0x6b6d,0x3a29,0x29a7,0x31e8,0x31e8,0x3208,0x3a4a,0x3a29,
0x52eb,0x3a29,0x3a08,0x3a08,0x3a08,0x4249,0x4249,0x4a6a,0x4269,0x4249,0x4248,0x31e8,0x4a8a,0x4249,0x4a89,0x4a89,
0x736b,0x3a28,0x4249,0x31e8,0x4a8a,0x31e7,0x3a28,0x4249,0x4aaa,0x52eb,0x31c7,0x4aaa,0x3208,0x52eb,0x52ca,0x4a89,
0x5aeb,0x52ca,0x3a28,0x4269,0x426a,0x3208,0x426a,0x530c,0x29a7,0x31c7,0x31c7,0x4269,0x4aaa,0x3a08,0x39e8,0x3a28,
0x3a29,0x426a,0x4269,0x39e8,0x3a08,0x4249,0x4249,0x3a28,0x52aa,0x4a8a,0x3a09,0x4a8a,0x52ca,0x29a7,0x31e8,0x3a28,
0x3a08,0x3a29,0x632c,0x4249,0x4229,0x31e8,0x5aeb,0x31e7,0x39e8,0x52ca,0x3a07,0x52a9,0x4269,0x31e7,0x4249,0x4248,
0x4aa9,0x3a28,0x4a68,0x39e7,0x4269,0x428a,0x4228,0x4269,0x5b2c,0x4a89,0x31c7,0x8c50,0x73ad,0x2166,0x6b8c,0x634c,
0x3208,0x31e8,0x426a,0x428a,0x4249,0x4269,0x4aaa,0x4249,0x426a,0x31c7,0x4aaa,0x4249,0x3a29,0x636d,0x4acb,0x426a,
0x3a29,0x4249,0x3a28,0x4aaa,0x426a,0x4a8a,0x3a08,0x52eb,0x3a08,0x3a29,0x31e8,0x29a7,0x31e8,0x428b,0x3a49,0x3a29,
0x31c7,0x3208,0x4228,0x52ca,0x4228,0x4249,0x3a29,0x31e8,0x4249,0x4249,0x3a08,0x4249,0x4aaa,0x3208,0x4a89,0x52aa,
0x5289,0x4249,0x31e8,0x31c7,0x3a28,0x3a28,0x4269,0x4249,0x3a08,0x3a08,0x426a,0x3a29,0x52ca,0x5b0b,0x3a29,0x3a08,
0x634c,0x52ca,0x29a7,0x31e8,0x3a6a,0x2186,0x31e8,0x3a49,0x29a7,0x29a7,0x29a7,0x4268,0x31e8,0x31e8,0x3a28,0x4aaa,
0x4249,0x52cb,0x4249,0x3a08,0x3a28,0x4249,0x3208,0x4a69,0x52cb,0x4269,0x3a29,0x4229,0x4249,0x31e8,0x3a29,0x4248,
0x3a29,0x31e8,0x3a08,0x4a8a,0x3a08,0x6b4b,0x840e,0x31e8,0x31c7,0x5b0b,0x4248,0x4228,0x4228,0x2986,0x2986,0x31a7,
0x3a08,0x4248,0x39e7,0x4249,0x52cb,0x4228,0x4a69,0x3a08,0x3a28,0x3208,0x3a28,0x94d1,0x4248,0x31e7,0x4a89,0x52aa,
0x31e7,0x4aab,0x4249,0x4269,0x4a8a,0x426a,0x5289,0x4228,0x3a08,0x4229,0x4269,0x3208,0x4a8a,0x426a,0x3a08,0x6b8d,
0x4aaa,0x4249,0x4249,0x52ec,0x5b0c,0x4aaa,0x4a8a,0x4aaa,0x3a28,0x4269,0x3a29,0x31e8,0x3a49,0x29c7,0x5ac9,0x5289,
0x2166,0x3a28,0x4a69,0x4a89,0x4a89,0x4249,0x3a08,0x3a08,0x3a08,0x4269,0x4228,0x4228,0x4249,0x4228,0x4248,0x3a28,
0x3a28,0x3a08,0x29a7,0x29c7,0x4249,0x3a08,0x4249,0x31e8,0x4228,0x3a28,0x3a4a,0x428a,0x4aab,0x52ca,0x4248,0x31c7,
0x4249,0x52cb,0x31c7,0x426a,0x428a,0x29a7,0x4a8a,0x29a7,0x3208,0x31e7,0x29a6,0x31c7,0x31e7,0x4aab,0x3a28,0x4227,
0x3a08,0x4a8a,0x4228,0x4a69,0x5aea,0x4269,0x3a28,0x5b0b,0x52ca,0x31e8,0x4aaa,0x4aaa,0x3a08,0x3a29,0x3208,0x52aa,
0x31e8,0x3a28,0x5aeb,0x4228,0x52ca,0x6b6d,0x3a49,0x3a49,0x29a7,0x4a89,0x29a6,0x31e8,0x3a29,0x3208,0x31e8,0x3229,
0x31e8,0x3a28,0x29a7,0x3a29,0x4248,0x52ca,0x4269,0x3a29,0x3a28,0x3a28,0x4249,0x31e7,0x4248,0x4a69,0x31c7,0x4228,
0x4a8a,0x428a,0x4acb,0x52cb,0x4249,0x31e8,0x29a7,0x31e8,0x4aaa,0x3a29,0x5acb,0x52aa,0x3a08,0x4269,0x52a9,0x4a69,
0x4a8a,0x4aaa,0x3a29,0x4249,0x4269,0x4249,0x3a08,0x3a29,0x3a28,0x4a69,0x4aaa,0x31c8,0x4a8a,0x31c7,0x3a08,0x3a08,
0x31e8,0x4a8a,0x52ca,0x52ca,0x4249,0x5289,0x4a89,0x31e8,0x4228,0x52aa,0x4249,0x3a29,0x4249,0x3a28,0x4249,0x426a,
0x426a,0x3a29,0x4248,0x5aea,0x4a69,0x3a28,0x4a69,0x3a29,0x3a49,0x6b6c,0x426a,0x3208,0x31e8,0x4249,0x632b,0x4249,
0x31c7,0x7bef,0x4249,0x3a28,0x29c7,0x3a08,0x31e8,0x39e7,0x4269,0x31e7,0x31c7,0x3a08,0x3a07,0x31e7,0x3a07,0x4a69,
0x3a28,0x31c7,0x4a89,0x4aaa,0x4228,0x4a89,0x3a08,0x31c8,0x4228,0x52aa,0x31c8,0x426a,0x4a8a,0x3208,0x31c8,0x3a08,
0x31e8,0x3a49,0x52ca,0x3a28,0x3a49,0x4a8a,0x4a8a,0x3a28,0x29a7,0x3a08,0x29a7,0x3a29,0x3a29,0x3a29,0x3a29,0x31e8,
0x3208,0x4248,0x3a08,0x29a7,0x52a9,0x4a89,0x4aaa,0x4269,0x3a49,0x4269,0x6b6c,0x3a28,0x31e7,0x52cb,0x6b8d,0x4a8a,
0x3a08,0x4249,0x4acb,0x4a6a,0x52cb,0x428a,0x3a08,0x52ca,0x4a8a,0x31e8,0x4a8a,0x4a89,0x5289,0x630b,0x4a89,0x4269,
0x52aa,0x3a08,0x3a08,0x4a6a,0x4249,0x4a69,0x3a29,0x52aa,0x4a69,0x4a89,0x4a69,0x4269,0x2186,0x4249,0x4269,0x31e8,
0x4229,0x3a08,0x3a29,0x3a29,0x3a08,0x4269,0x4249,0x4aaa,0x3a28,0x4a8a,0x4a89,0x4a8a,0x4a8a,0x5b0b,0x52eb,0x426a,
0x4aab,0x2186,0x7bce,0x73ce,0x31c7,0x4a69,0x4a69,0x4a69,0x4269,0x52aa,0x3a08,0x4249,0x4249,0x2987,0x52aa,0x52eb,
0x4249,0x4269,0x3a08,0x5aea,0x3a08,0x29c7,0x3a08,0x4248,0x4269,0x4249,0x3a08,0x3a08,0x3a08,0x3a07,0x3a07,0x4249,
0x31c7,0x3a08,0x3a29,0x31e7,0x3a28,0x4a8a,0x4249,0x6b6c,0x52cb,0x4a8a,0x3a29,0x4a8a,0x31e7,0x3a28,0x4a89,0x4a89,
0x4aaa,0x31e8,0x4a8a,0x52ca,0x29a7,0x31e8,0x31e7,0x3a08,0x29c7,0x29c8,0x3208,0x29c7,0x29e8,0x3a4a,0x3229,0x3a29,
0x29c8,0x3208,0x31e8,0x426a,0x3a08,0x4248,0x3a28,0x4228,0x4a69,0x3a08,0x4248,0x52eb,0x3a08,0x5b2c,0x5b0b,0x4269,
0x4a8a,0x4249,0x31c7,0x4269,0x3208,0x4249,0x4249,0x4249,0x4a6a,0x4a8a,0x3a29,0x4228,0x6b0b,0x52aa,0x5aeb,0x3a08,
0x4a6a,0x4249,0x3a08,0x6b6b,0x5b0b,0x52eb,0x4269,0x632c,0x4249,0x4a8a,0x3a29,0x3a29,0x3a08,0x4a8a,0x424a,0x426a,
0x3a28,0x3a29,0x4249,0x4249,0x4228,0x3a08,0x4a8a,0x4a8a,0x31c7,0x4228,0x4248,0x31e7,0x4228,0x4a69,0x3a29,0x52ec,
0x31e8,0x2165,0x3a28,0x4248,0x39e7,0x4a8a,0x4a89,0x52ca,0x4228,0x31e7,0x3a28,0x4248,0x31e8,0x5aeb,0x4a69,0x31e8,
0x3a29,0x31e8,0x29a7,0x630b,0x31e7,0x31e8,0x31e8,0x3229,0x3229,0x3a08,0x3a48,0x3a28,0x3a29,0x31e8,0x3a28,0x3a28,
0x3a07,0x3a28,0x3a08,0x3a08,0x3a08,0x31e8,0x5aca,0x6b8c,0x31e7,0x4249,0x4a8a,0x52ca,0x31c7,0x4a8a,0x4249,0x4a69,
0x632c,0x4aaa,0x3a08,0x5aea,0x29a7,0x29c7,0x29c7,0x52a9,0x29e8,0x3a49,0x29c8,0x3208,0x29e8,0x3209,0x29e8,0x3209,
0x3209,0x3a29,0x3a08,0x5b2c,0x4249,0x3a08,0x4269,0x4a69,0x52a9,0x4249,0x4aab,0x428a,0x426a,0x4aab,0x4a89,0x4a89,
0x3208,0x4249,0x31e8,0x3a08,0x428a,0x52aa,0x3a29,0x3208,0x4269,0x52ca,0x31e8,0x3a08,0x3a08,0x4248,0x4248,0x4249,
0x4a6a,0x3a29,0x3a28,0x5aeb,0x4249,0x3208,0x4249,0x4269,0x4249,0x4269,0x3a49,0x4249,0x4a8a,0x3a08,0x428a,0x4249,
0x31e7,0x3a28,0x3a29,0x4249,0x4a89,0x3a28,0x4a8a,0x3a28,0x4228,0x3a08,0x4248,0x4a69,0x4249,0x4249,0x4248,0x4269,
0x3a28,0x3a28,0x2186,0x4248,0x7bcd,0x39e8,0x52aa,0x5aeb,0x4a69,0x4249,0x31c7,0x5289,0x5ac9,0x4a69,0x4aaa,0x3a29,
0x3a29,0x31c7,0x2166,0x29c8,0x29c7,0x3a08,0x29a7,0x3a49,0x31e8,0x3a07,0x4248,0x4248,0x3a28,0x3a28,0x3a28,0x31e7,
0x3207,0x31e7,0x3a08,0x3a49,0x3a08,0x4228,0x738d,0x4249,0x4249,0x3a08,0x4a8a,0x3a08,0x3a08,0x426a,0x4a69,0x4a69,
0x3a28,0x4a8a,0x428a,0x29a7,0x632c,0x3a29,0x21a7,0x29c8,0x3229,0x4acb,0x4249,0x5b0c,0x29c8,0x31e8,0x3a29,0x3a08,
0x3a28,0x31c7,0x39e8,0x31e7,0x4a69,0x4248,0x29c7,0x3a28,0x4a89,0x4a8a,0x428b,0x428a,0x3a29,0x4229,0x4249,0x5aca,
0x5268,0x3a08,0x3209,0x4a6a,0x4a8a,0x3a08,0x3208,0x3a29,0x3a29,0x29c7,0x31c7,0x62c9,0x62ea,0x31e8,0x4249,0x4aaa,
0x73ad,0x4249,0x4249,0x4269,0x3a49,0x3208,0x4a89,0x4248,0x4248,0x52aa,0x4aaa,0x4a8a,0x3a29,0x4249,0x426a,0x3a28,
0x4249,0x3a29,0x3a08,0x3a29,0x3a28,0x4249,0x31e8,0x4249,0x426a,0x4249,0x426a,0x4a8a,0x3a28,0x3a28,0x4228,0x3a08,
0x3a08,0x5289,0x3a08,0x5aca,0x630a,0x3a28,0x52aa,0x4248,0x3a08,0x31e7,0x52aa,0x5289,0x39e7,0x3a29,0x426a,0x3a29,
0x426a,0x31e8,0x4aaa,0x5b0b,0x31c7,0x3a08,0x31e8,0x3208,0x31e8,0x3a08,0x4249,0x4248,0x4248,0x3a29,0x3228,0x29c7,
0x31c6,0x39e7,0x52cb,0x5aea,0x52a9,0x3a28,0x31e8,0x4228,0x630a,0x31c7,0x52aa,0x3a08,0x3a08,0x5b0c,0x4a8a,0x4249,
0x4a69,0x4a69,0x39e8,0x31e8,0x4249,0x29c7,0x31e8,0x4a69,0x3208,0x31e8,0x3a49,0x3209,0x31e8,0x3208,0x3a08,0x31c7,
0x3208,0x4269,0x31e8,0x4249,0x632c,0x4aaa,0x3a08,0x52aa,0x52ca,0x31c7,0x4249,0x31c7,0x4a8a,0x3a49,0x4249,0x4a69,
0x5aca,0x52ca,0x29a7,0x29a7,0x4228,0x31e7,0x3a29,0x4aaa,0x3a29,0x3a08,0x6b4a,0x6b09,0x4a69,0x3a08,0x428a,0x5b0b,
0x4a69,0x2985,0x4249,0x4269,0x3a29,0x3a49,0x4228,0x39e7,0x4248,0x4249,0x4a69,0x3a08,0x4269,0x4269,0x4249,0x3a29,
0x3a29,0x4a8a,0x3a49,0x4249,0x4228,0x3a08,0x4248,0x3a08,0x4269,0x31e8,0x4aaa,0x4aaa,0x3a08,0x4249,0x3a08,0x3a28,
0x4249,0x5aea,0x31e7,0x31c7,0x3a07,0x4aaa,0x4a8a,0x4a8a,0x4269,0x6b8e,0x530c,0x52aa,0x4a89,0x4aaa,0x31e8,0x4249,
0x52aa,0x5b2c,0x3a08,0x4a69,0x31c7,0x31e8,0x29a7,0x3208,0x31e8,0x29e8,0x428a,0x3a08,0x4228,0x3a28,0x3a29,0x3a49,
0x4269,0x4248,0x3a28,0x4228,0x4249,0x3a29,0x3208,0x31c7,0x4a49,0x31c7,0x39e7,0x4a69,0x52aa,0x4a8a,0x3a08,0x39e7,
0x4a69,0x4aab,0x3a29,0x3208,0x52cb,0x29a7,0x31e8,0x4228,0x29c7,0x3a29,0x31e8,0x21a7,0x3a28,0x4a69,0x4228,0x426a,
0x4a8a,0x4248,0x39e7,0x3a07,0x3a28,0x52cb,0x52cb,0x4a8a,0x4248,0x39e7,0x3a29,0x3a29,0x4249,0x5289,0x52aa,0x3a28,
0x4269,0x4249,0x3a08,0x4249,0x4248,0x3a08,0x3a08,0x39e7,0x4a8a,0x5b0c,0x52ca,0x3a28,0x426a,0x4aaa,0x52cb,0x4249,
0x4249,0x29a7,0x4a69,0x62ea,0x5289,0x52ca,0x530c,0x52cb,0x3a08,0x4269,0x5aeb,0x3a08,0x4249,0x4248,0x4248,0x4a8a,
0x31e8,0x3a08,0x3a08,0x3a08,0x4aaa,0x31e8,0x4228,0x4248,0x3a28,0x3208,0x428a,0x4229,0x4a69,0x3a28,0x4249,0x3a28,
0x4a8a,0x3a29,0x630b,0x52ca,0x4249,0x4249,0x3a28,0x4aaa,0x4a8a,0x52cb,0x31e8,0x426a,0x52cb,0x3a28,0x4aaa,0x4a6a,
0x426a,0x426a,0x3a08,0x738c,0x39e7,0x31c7,0x3208,0x3a08,0x31c7,0x3a08,0x3a08,0x31e7,0x3a28,0x3a28,0x3229,0x3208,
0x31e7,0x3a28,0x4249,0x29a7,0x4249,0x4a69,0x4a69,0x5aa9,0x426a,0x31e7,0x5b2c,0x6b8d,0x4228,0x5aeb,0x31c7,0x31c7,
0x31c8,0x3a29,0x3a49,0x5b0c,0x634c,0x31e7,0x3a28,0x3a08,0x29c8,0x4a8a,0x3a08,0x5ac9,0x39e7,0x5aa9,0x4248,0x39e8,
0x4249,0x3a08,0x3a08,0x3a28,0x52cb,0x3a08,0x428a,0x4a8a,0x4a28,0x52aa,0x31e8,0x3a08,0x3a08,0x4a69,0x4aaa,0x52cb,
0x4a69,0x4a48,0x4269,0x4aaa,0x2146,0x31c7,0x4228,0x39e8,0x3a49,0x3208,0x3a29,0x426a,0x4aab,0x4aab,0x31c7,0x5aeb,
0x6b8e,0x3a29,0x4249,0x4a48,0x5288,0x4a8a,0x4aab,0x426a,0x2986,0x7bce,0x6b6c,0x39e7,0x3a08,0x6b6c,0x4a69,0x31e7,
0x426a,0x3a28,0x31e8,0x2986,0x3a28,0x4aaa,0x39e7,0x4a68,0x3a07,0x3a28,0x31e7,0x4249,0x4a8a,0x4229,0x3a08,0x3a08,
0x52aa,0x3a29,0x52aa,0x52aa,0x3a28,0x3a49,0x4aaa,0x3a28,0x3a29,0x3a28,0x3a08,0x4249,0x29c7,0x52aa,0x6b8e,0x3208,
0x3a28,0x4a8a,0x4a6a,0x6b2a,0x4228,0x31c7,0x3a08,0x31e7,0x39e7,0x4248,0x3a28,0x4248,0x3a28,0x3a07,0x31e7,0x4a89,
0x3a28,0x3a28,0x3a28,0x3a49,0x4228,0x5289,0x4a68,0x630b,0x424a,0x3a28,0x3a08,0x31e7,0x3a08,0x4249,0x52aa,0x52aa,
0x31e8,0x4249,0x31e8,0x4a8a,0x31e7,0x4249,0x4acb,0x3209,0x3209,0x31e8,0x3a07,0x4227,0x4249,0x4a89,0x3a08,0x4249,
0x52aa,0x4249,0x426a,0x4a68,0x73ce,0x3a08,0x31e7,0x31c7,0x3a08,0x52cb,0x4a8a,0x3208,0x4269,0x4aab,0x3a29,0x3a29,
0x4a69,0x4a8a,0x4a8a,0x3a08,0x4228,0x39e7,0x52aa,0x5b0b,0x428a,0x31c7,0x428a,0x4a8a,0x4aab,0x4a8a,0x3a29,0x530c,
0x52eb,0x3a49,0x4aab,0x4249,0x4249,0x3a29,0x3a49,0x31e7,0x6b08,0x7b8b,0x5289,0x4268,0x3a08,0x4aaa,0x4249,0x4269,
0x52ab,0x3a08,0x31e8,0x31e8,0x4aaa,0x3a28,0x4228,0x3a08,0x31c6,0x4269,0x4248,0x4a69,0x4a8a,0x4249,0x3a28,0x29a6,
0x4a8a,0x4269,0x4229,0x3a29,0x3a28,0x426a,0x3a49,0x3a08,0x3a08,0x31e8,0x4aab,0x4aaa,0x4a8a,0x4249,0x4a8a,0x3a49,
0x52aa,0x426a,0x4249,0x31c7,0x4a69,0x4a48,0x3a08,0x29c7,0x3a07,0x4248,0x4249,0x5288,0x4247,0x4248,0x4269,0x3a08,
0x31e7,0x4269,0x4a69,0x4249,0x3a08,0x5aeb,0x4a69,0x4a8a,0x4a6a,0x4249,0x5b2c,0x426a,0x426a,0x5aca,0x5aea,0x634c,
0x4249,0x4a89,0x5aeb,0x3a08,0x3a28,0x3a29,0x52eb,0x3208,0x2186,0x31e8,0x29c7,0x52cb,0x5b0b,0x4269,0x3a29,0x52ca,
0x52aa,0x4269,0x3a08,0x31c7,0x4a8a,0x4a8a,0x4249,0x52cb,0x4a8a,0x4249,0x4249,0x4269,0x4aaa,0x426a,0x3a29,0x3208,
0x4228,0x4269,0x3a28,0x738d,0x5289,0x4227,0x2145,0x426a,0x4249,0x2986,0x29c7,0x2986,0x2186,0x2166,0x426a,0x31e8,
0x31e8,0x428a,0x4a8a,0x4229,0x4269,0x3a28,0x4249,0x636d,0x634c,0x3a08,0x5aca,0x3a08,0x4249,0x31e7,0x4249,0x4269,
0x3a08,0x4249,0x4acb,0x3a29,0x5b2c,0x4228,0x4269,0x52cb,0x52eb,0x4a48,0x52cb,0x4a69,0x4a89,0x3a28,0x31c7,0x5aeb,
0x73ad,0x3a08,0x3a28,0x4249,0x4249,0x42ab,0x3208,0x31e7,0x3a29,0x4aab,0x31e8,0x3a29,0x3a28,0x3208,0x3a29,0x426a,
0x4aab,0x31e7,0x3a07,0x3208,0x4a48,0x630a,0x4249,0x3208,0x29a7,0x4249,0x3a28,0x4a47,0x4a69,0x31e7,0x3208,0x2986,
0x31e7,0x4249,0x52cb,0x52aa,0x4249,0x3a29,0x632c,0x530c,0x4249,0x31a7,0x4a8a,0x3a08,0x4a69,0x5aeb,0x31c7,0x3a07,
0x4228,0x4a89,0x52aa,0x3a29,0x3a29,0x3a29,0x4a89,0x4269,0x4aaa,0x2986,0x5aeb,0x5b0c,0x31e8,0x4228,0x3a28,0x4a8a,
0x52aa,0x4269,0x52aa,0x4269,0x31e8,0x3a08,0x4269,0x52aa,0x4a8a,0x4a8a,0x29c7,0x4a8a,0x4249,0x52ca,0x3a49,0x3208,
0x3a29,0x4269,0x52aa,0x634c,0x31e8,0x3a29,0x1925,0x2986,0x31c7,0x4249,0x3208,0x29c7,0x3208,0x29c7,0x3208,0x3208,
0x3208,0x31c7,0x3a08,0x3a49,0x31e8,0x3a49,0x4a8a,0x4228,0x4a8a,0x3a08,0x4a8a,0x4249,0x3a28,0x4a89,0x5aea,0x4a69,
0x3a49,0x4249,0x4249,0x4249,0x4a69,0x4aaa,0x39e8,0x4249,0x4a8a,0x4a8a,0x4249,0x4a89,0x5aca,0x31e7,0x6b6d,0x634c,
0x29c7,0x3a28,0x4a6a,0x3a28,0x3a29,0x3a08,0x4269,0x4a8a,0x4aab,0x3a28,0x4249,0x31e8,0x31e8,0x426a,0x4249,0x31e8,
0x426a,0x3a08,0x4208,0x5aeb,0x3a08,0x52cb,0x3a49,0x4a8a,0x4a8a,0x530c,0x426a,0x29a6,0x31e8,0x4249,0x3a28,0x5aeb,
0x52aa,0x31e7,0x31c7,0x3a08,0x31e7,0x31e7,0x3a28,0x3a08,0x31c7,0x3a49,0x3a08,0x3a08,0x4248,0x4228,0x4a69,0x6b2b,
0x5b0b,0x52aa,0x630b,0x52aa,0x3a08,0x4249,0x4249,0x4269,0x428a,0x4aaa,0x426a,0x3a29,0x3a08,0x3a08,0x52cb,0x3a28,
0x31e7,0x632c,0x4249,0x4a8a,0x31e8,0x52aa,0x4a89,0x4a69,0x528a,0x4a89,0x3208,0x4a6a,0x3a08,0x4a89,0x4229,0x3a49,
0x3a08,0x4249,0x52a9,0x3a28,0x3a28,0x4a8a,0x4aaa,0x31c7,0x4228,0x3a28,0x4249,0x52cb,0x3208,0x3208,0x3a08,0x3a49,
0x426a,0x3a49,0x31e8,0x4269,0x52cb,0x4a8a,0x4269,0x4249,0x4249,0x4229,0x4249,0x4249,0x734b,0x7bcd,0x4249,0x4249,
0x3a28,0x4aaa,0x426a,0x3a28,0x39e7,0x31e7,0x3a28,0x4248,0x3a07,0x3a28,0x4248,0x4a89,0x52a9,0x4249,0x4a69,0x31c7,
0x3a49,0x4249,0x4249,0x4249,0x3a08,0x3a28,0x426a,0x4a8a,0x4a8a,0x3a08,0x4aab,0x4269,0x3a29,0x4aab,0x4249,0x4249,
0x3a28,0x4249,0x4249,0x4249,0x3a08,0x3a29,0x31e8,0x4aaa,0x428a,0x29a7,0x4a8a,0x428a,0x3a08,0x4a89,0x4228,0x632c,
0x3a29,0x3a08,0x4249,0x4249,0x3a28,0x3a08,0x31e8,0x2145,0x52cb,0x31e8,0x426a,0x52cb,0x4228,0x52aa,0x52ca,0x6309,
0x31e8,0x3a28,0x3a28,0x4248,0x3a28,0x3a29,0x4249,0x4249,0x4aaa,0x4249,0x31c7,0x428a,0x4a8a,0x4249,0x3a29,0x4a69,
0x4269,0x39e7,0x4a89,0x52aa,0x52cb,0x5aeb,0x4269,0x4249,0x52aa,0x3a49,0x4a8a,0x426a,0x3a29,0x4228,0x3a28,0x3a49,
0x3a29,0x3a08,0x29a7,0x39e7,0x2986,0x5b2c,0x636c,0x5289,0x5aca,0x3a08,0x4229,0x3a29,0x31a7,0x3a08,0x5aeb,0x4acb,
0x31e8,0x3a49,0x31c7,0x4269,0x4a8a,0x4a8a,0x4a8a,0x3a29,0x4249,0x52aa,0x4249,0x4a89,0x62e9,0x4207,0x4249,0x4269,
0x31e7,0x3a08,0x4249,0x3a08,0x31e7,0x31e8,0x4268,0x4a69,0x3a08,0x4a69,0x3a28,0x4228,0x52aa,0x3a08,0x3a08,0x3a29,
0x4a69,0x4249,0x3a07,0x3a28,0x3a08,0x4229,0x31c7,0x4269,0x52cb,0x4249,0x3a28,0x4a8a,0x4a8a,0x3a29,0x31e8,0x52eb,
0x4a8a,0x4249,0x4269,0x3a49,0x3a29,0x4a8a,0x3208,0x29c7,0x4249,0x31e7,0x3a08,0x3a29,0x52cb,0x4aaa,0x3a28,0x29a7,
0x31c7,0x31c7,0x39e7,0x31e7,0x5ac9,0x2986,0x2986,0x4a69,0x4aaa,0x31c7,0x4aaa,0x52eb,0x4a8a,0x5aeb,0x3a28,0x3a08,
0x4249,0x4269,0x4228,0x5b0b,0x3a49,0x3a49,0x31e8,0x39e8,0x426a,0x31c7,0x2186,0x5b0c,0x4269,0x428a,0x5b0c,0x3a29,
0x4269,0x4228,0x4a8a,0x630a,0x3a29,0x3a28,0x4229,0x3a08,0x4249,0x4aaa,0x3a09,0x4249,0x4229,0x52aa,0x4a8a,0x4269,
0x3a49,0x31e8,0x3a08,0x3a29,0x3a29,0x4a8a,0x31a7,0x31c7,0x4aaa,0x3a28,0x29a7,0x2986,0x31e7,0x3a08,0x52eb,0x3a08,
0x29a7,0x4a8a,0x5b2c,0x4249,0x3208,0x426a,0x52eb,0x4aaa,0x3a49,0x4a89,0x52a9,0x4a89,0x31c7,0x4229,0x4229,0x3a49,
0x3a28,0x6b2b,0x4248,0x31e8,0x3a08,0x3a28,0x4248,0x3a28,0x3a08,0x52eb,0x3a08,0x3a07,0x39e7,0x4227,0x4a89,0x4a8a,
0x52ca,0x4228,0x4228,0x31e7,0x4269,0x4a8a,0x4269,0x4249,0x52cb,0x3a28,0x31e8,0x4249,0x3a08,0x52aa,0x4a8a,0x4aab,
0x4249,0x4a8a,0x428a,0x4269,0x4249,0x4249,0x428a,0x3a08,0x4a8a,0x4a89,0x4a8a,0x4228,0x31e8,0x3a08,0x3a08,0x4249,
0x4269,0x4a48,0x4a69,0x3a08,0x4249,0x4269,0x632c,0x4249,0x31a7,0x426a,0x426a,0x3a29,0x3a08,0x3a08,0x4a8a,0x4a8a,
0x4249,0x528a,0x3a29,0x426a,0x4a8a,0x4a8a,0x3a08,0x4aaa,0x3a28,0x3a08,0x3a08,0x3208,0x31e8,0x3a29,0x4a8a,0x5aca,
0x4a8a,0x31e8,0x31e8,0x4248,0x39e7,0x4a8a,0x5aec,0x4269,0x4aaa,0x31e8,0x4aaa,0x4269,0x52aa,0x52aa,0x4aaa,0x4269,
0x3a29,0x3a08,0x3a29,0x426a,0x52eb,0x3208,0x31e8,0x29a7,0x31c7,0x31a6,0x4aa9,0x5b0b,0x29a6,0x31e7,0x31c7,0x31c7,
0x4249,0x5b2c,0x426a,0x3208,0x426a,0x52eb,0x4228,0x4a8a,0x3a08,0x3208,0x4249,0x4a8a,0x4269,0x3a29,0x31c7,0x3a28,
0x4a89,0x5aca,0x3208,0x4aa9,0x4a8a,0x4a8a,0x3a28,0x39e7,0x3a28,0x4a8a,0x3a08,0x31c7,0x3a08,0x4249,0x5aca,0x4228,
0x4249,0x4269,0x5b2c,0x31e8,0x31e8,0x31e7,0x4aaa,0x4a8a,0x3a08,0x31e7,0x4aaa,0x5b0c,0x31c7,0x52ca,0x6b6d,0x3a29,
0x3a08,0x4aaa,0x4269,0x3a29,0x426a,0x4a8a,0x4269,0x4249,0x3a49,0x4acb,0x4a6a,0x4249,0x4269,0x634c,0x4a89,0x426a,
0x39e7,0x4a68,0x4249,0x2166,0x4269,0x52eb,0x3a08,0x4a8a,0x73ce,0x426a,0x3a29,0x3a08,0x52ca,0x4249,0x3a08,0x5aca,
0x3a28,0x3a08,0x4a8a,0x52ec,0x3a29,0x31e7,0x3a28,0x426a,0x3a49,0x31e8,0x29a7,0x39e7,0x5aeb,0x31e8,0x3a28,0x4aaa,
0x31c7,0x5aea,0x3a28,0x4228,0x39e7,0x3a08,0x4a69,0x5aeb,0x3a08,0x4a89,0x632b,0x52ca,0x4208,0x52eb,0x4228,0x4a8a,
0x3a29,0x4aab,0x3229,0x3a08,0x31e8,0x3209,0x3a49,0x3a28,0x4248,0x2166,0x4aaa,0x6b8d,0x3a28,0x428a,0x3a08,0x4a8a,
0x3a28,0x29a7,0x3a08,0x3a08,0x4269,0x3a07,0x31e7,0x31e7,0x4249,0x4249,0x29c7,0x3a28,0x4249,0x3a29,0x31c7,0x4228,
0x6b4b,0x5b0b,0x52aa,0x5ac9,0x4248,0x4249,0x426a,0x31e8,0x52cb,0x3a07,0x4248,0x31e8,0x3a08,0x4249,0x4a68,0x5268,
0x5268,0x39e7,0x31e7,0x5b0c,0x7bef,0x4249,0x426a,0x4269,0x4a8a,0x734c,0x4a48,0x29a7,0x4249,0x4a89,0x3a28,0x4228,
0x4249,0x3a08,0x4a8a,0x3a49,0x3a29,0x3a08,0x4a8a,0x4249,0x3a29,0x3a29,0x4a8a,0x4aab,0x4aaa,0x4249,0x3a08,0x31c6,
0x39e7,0x2166,0x3a08,0x4a8a,0x3208,0x4249,0x31e7,0x5b2c,0x8450,0x5aca,0x3a28,0x3a49,0x31c7,0x4269,0x632b,0x4248,
0x52aa,0x4a8a,0x5aeb,0x4269,0x3a28,0x31e8,0x426a,0x3a29,0x428a,0x3a28,0x4a89,0x4a69,0x4aaa,0x31c7,0x3a08,0x4a8a,
0x52cb,0x5aeb,0x4248,0x31e8,0x31e8,0x4249,0x4aaa,0x3a29,0x4a8a,0x4249,0x5b0b,0x4aaa,0x3a49,0x31e8,0x31c7,0x4a49,
0x4249,0x428a,0x29a7,0x3a29,0x4249,0x3208,0x3208,0x31e7,0x4228,0x3208,0x2166,0x31a6,0x4228,0x4268,0x4a68,0x3a28,
0x31c7,0x3a08,0x3a08,0x4aaa,0x4249,0x3a08,0x3a28,0x4228,0x4a8a,0x3a29,0x31e8,0x3a08,0x4249,0x4228,0x4249,0x4a89,
0x4a89,0x5aeb,0x52a9,0x4249,0x5b0b,0x4249,0x52cb,0x6bad,0x31e8,0x3a08,0x4269,0x4249,0x3a28,0x4a89,0x4a89,0x4269,
0x4269,0x2965,0x2986,0x52ab,0x634c,0x4249,0x31e8,0x31e7,0x5289,0x4a68,0x5aa9,0x4228,0x4a89,0x4269,0x4228,0x4228,
0x4249,0x4229,0x3a08,0x3a29,0x4249,0x4249,0x4269,0x426a,0x426a,0x426a,0x52aa,0x3a28,0x4269,0x3208,0x31e8,0x4228,
0x4a69,0x4249,0x634c,0x4249,0x2986,0x31e8,0x4aab,0x4249,0x3a28,0x4a48,0x4a69,0x4269,0x3a29,0x426a,0x52aa,0x6b6c,
0x4a8a,0x4aaa,0x3208,0x3a29,0x3a29,0x4aab,0x4269,0x3a28,0x4249,0x4249,0x4a69,0x2965,0x2186,0x3a29,0x29a7,0x3a08,
0x4aab,0x4a89,0x4249,0x3a28,0x428a,0x52ca,0x3a28,0x3a28,0x426a,0x3a08,0x52aa,0x428a,0x3a29,0x4228,0x4228,0x4a69,
0x4269,0x426a,0x3a28,0x3229,0x4249,0x31e7,0x29c7,0x3a29,0x3a07,0x39e7,0x4a68,0x5aa9,0x39e7,0x5288,0x3a28,0x3a29,
0x4a69,0x4a89,0x4a8a,0x3a08,0x2186,0x29a6,0x3a29,0x5289,0x39e7,0x3a49,0x3a29,0x3a29,0x4269,0x4a89,0x4a8a,0x4249,
0x4269,0x4a69,0x4248,0x4a69,0x4aaa,0x31e8,0x4a69,0x52eb,0x31e8,0x4249,0x29a7,0x4269,0x3a08,0x632c,0x636d,0x426a,
0x29c7,0x3a08,0x4269,0x31c7,0x3a08,0x31e7,0x4249,0x83ed,0x5289,0x31e8,0x31e8,0x4228,0x31c7,0x4a69,0x52a9,0x4249,
0x3a29,0x3a08,0x3a29,0x52eb,0x4269,0x4269,0x428a,0x4aaa,0x4249,0x3208,0x4a8a,0x4249,0x3a28,0x428a,0x52cb,0x4249,
0x31e8,0x5b0c,0x31c7,0x73ad,0x4269,0x29a7,0x52eb,0x6b4c,0x4248,0x3a28,0x4a68,0x5289,0x3a49,0x3a29,0x3a29,0x4249,
0x4a8a,0x4269,0x4269,0x4249,0x4249,0x5b0c,0x4a8a,0x3a29,0x31e8,0x31e8,0x3a49,0x426a,0x4228,0x634c,0x31e8,0x31c7,
0x428a,0x3a08,0x5aeb,0x52ca,0x4249,0x632b,0x31e7,0x3a49,0x530c,0x4a8a,0x4a8a,0x426a,0x4269,0x3a08,0x52aa,0x3a08,
0x4249,0x4249,0x29c7,0x3a29,0x428a,0x3228,0x3228,0x426a,0x3a69,0x4228,0x5ae9,0x5ac9,0x2166,0x39e7,0x632b,0x4aaa,
0x5289,0x5aa9,0x4249,0x29a6,0x2987,0x31c6,0x734b,0x4a69,0x31e8,0x3a49,0x4269,0x3a29,0x3a49,0x4a8a,0x3a29,0x52ca,
0x62e9,0x4a69,0x4a69,0x52a9,0x428a,0x3a29,0x52eb,0x3a49,0x31e8,0x4acb,0x31e8,0x31e8,0x29a7,0x3a29,0x426a,0x31c7,
0x29a7,0x52aa,0x3a08,0x4249,0x4269,0x5aea,0x4228,0x5289,0x39e8,0x3a08,0x3a08,0x3a29,0x52cb,0x4a69,0x4248,0x31e7,
0x4aaa,0x4aaa,0x426a,0x3209,0x426a,0x4aaa,0x3a28,0x3a29,0x3208,0x426a,0x4a8a,0x4a89,0x3a08,0x4a8a,0x4a8a,0x31e8,
0x3a28,0x3a08,0x3a08,0x5aeb,0x31a7,0x31e8,0x4aaa,0x632b,0x3a08,0x52aa,0x5aca,0x52aa,0x5aea,0x3a08,0x3a08,0x4a68,
0x428a,0x4aaa,0x4a89,0x4228,0x4a8a,0x4a8a,0x4a6a,0x3a08,0x3a29,0x3a29,0x4a8a,0x426a,0x5aea,0x4269,0x3a49,0x3208,
0x4acb,0x4a8a,0x29a7,0x4aaa,0x4228,0x4248,0x4a8a,0x3a29,0x5aeb,0x5289,0x52aa,0x52cb,0x4269,0x3a28,0x31e8,0x426a,
0x3a28,0x31e8,0x31e7,0x3a28,0x3a29,0x3208,0x3a08,0x3a28,0x4248,0x4248,0x4a88,0x3a27,0x31c7,0x2986,0x4248,0x31e7,
0x3a08,0x2986,0x3a28,0x4a69,0x31e8,0x52cb,0x4269,0x3a28,0x3a28,0x52a9,0x4a69,0x4249,0x4a69,0x4249,0x31e8,0x4248,
0x5289,0x5aca,0x4269,0x4269,0x4249,0x3a08,0x426a,0x3208,0x5b2c,0x2166,0x2986,0x3a08,0x29a6,0x31e7,0x29a7,0x29a7,
0x4269,0x52eb,0x31e7,0x3a08,0x4a6a,0x52aa,0x4a8a,0x3a29,0x52aa,0x4249,0x3a08,0x4269,0x3a28,0x4a69,0x4229,0x4248,
0x52ca,0x4a6a,0x3208,0x31e8,0x3a49,0x428a,0x428a,0x4269,0x3a49,0x3a29,0x4249,0x4a89,0x4269,0x52cb,0x4aab,0x31c7,
0x4a8a,0x634c,0x5aca,0x4248,0x4269,0x3a08,0x3208,0x3a28,0x4a8a,0x4249,0x3a49,0x3a29,0x5289,0x3a29,0x3a28,0x7b8c,
0x3a28,0x4269,0x4249,0x4a89,0x4249,0x3a08,0x31e8,0x3a28,0x4a8a,0x4249,0x4249,0x2986,0x3a08,0x31c7,0x52ca,0x4a8a,
0x3a29,0x31e7,0x3a49,0x7c30,0x52cb,0x4249,0x39e8,0x4269,0x4a89,0x5b0b,0x52a9,0x4248,0x4269,0x52cb,0x52cb,0x3a29,
0x4249,0x3a29,0x31c7,0x31c7,0x3208,0x3a28,0x4269,0x3a07,0x4249,0x4249,0x3a08,0x4a89,0x5aea,0x2986,0x29c7,0x29c7,
0x2986,0x3a29,0x31c7,0x5289,0x3a28,0x3208,0x4a8a,0x4a8a,0x31e7,0x4248,0x4249,0x426a,0x4249,0x4269,0x3a08,0x4a8a,
0x630b,0x5289,0x52aa,0x426a,0x31e8,0x3a49,0x3a29,0x428a,0x29c7,0x31e7,0x530c,0x3208,0x5b2c,0x530c,0x2986,0x4269,
0x52ca,0x4249,0x4aaa,0x426a,0x4249,0x31e7,0x52aa,0x31c7,0x4a8b,0x4269,0x4a69,0x3a28,0x4248,0x3a28,0x31c7,0x4a68,
0x4228,0x4249,0x52cb,0x31e8,0x428a,0x4269,0x3a49,0x31e8,0x530b,0x3a49,0x4249,0x4249,0x4249,0x4a8a,0x3a28,0x3a08,
0x5b2c,0x634c,0x4228,0x3a28,0x4249,0x428a,0x3a29,0x4249,0x52ca,0x3a29,0x3a29,0x3a49,0x3a08,0x3a08,0x3a08,0x4249,
0x4aaa,0x52cb,0x4a8a,0x31e7,0x4aaa,0x4aaa,0x4269,0x4249,0x4249,0x3a28,0x3a49,0x3a08,0x4a8a,0x39e8,0x4a6a,0x4269,
0x3a08,0x31e8,0x426a,0x3a29,0x4a89,0x4a69,0x4249,0x4249,0x4a8a,0x4a8a,0x4249,0x3a28,0x4249,0x4a8a,0x426a,0x29c7,
0x426a,0x3208,0x31e8,0x3a29,0x3a28,0x3a49,0x3a28,0x4248,0x3a08,0x3a29,0x3208,0x4aaa,0x636d,0x31c7,0x2986,0x4aaa,
0x4a89,0x4249,0x31c7,0x4249,0x4a8a,0x4249,0x632c,0x632c,0x31c7,0x4249,0x4aab,0x4249,0x3a28,0x52ca,0x3a08,0x4a69,
0x4a8a,0x3a29,0x4249,0x4a8a,0x3a08,0x3208,0x3a49,0x31e8,0x31e8,0x634d,0x3a49,0x31c7,0x3208,0x3208,0x31c7,0x4a89,
0x4a89,0x4a69,0x4249,0x4a8a,0x4a69,0x4a8a,0x3a28,0x31e7,0x3a49,0x52ab,0x4a89,0x3a08,0x3a28,0x3a28,0x4a69,0x4249,
0x5268,0x4a89,0x4249,0x4249,0x3a08,0x4249,0x3208,0x3a08,0x4aab,0x3a29,0x3208,0x3a29,0x4a69,0x5a88,0x4228,0x426a,
0x4a8a,0x31c7,0x3a29,0x3a08,0x4a8a,0x52cb,0x31e8,0x4a8a,0x3a49,0x31c7,0x4acb,0x530c,0x3a28,0x4aaa,0x4269,0x4a69,
0x73ce,0x5b0b,0x31e8,0x4aaa,0x3a49,0x4269,0x4249,0x4a69,0x4a8a,0x52cb,0x31e8,0x4249,0x4aaa,0x4aab,0x3a08,0x31e8,
0x4aaa,0x4a69,0x4a8a,0x3208,0x31e8,0x426a,0x426a,0x4a8a,0x4a8a,0x31e8,0x4249,0x5aeb,0x3a28,0x4228,0x3a49,0x31e8,
0x5b4d,0x3a29,0x3a08,0x426a,0x3a29,0x3a28,0x3a28,0x4228,0x3a49,0x3208,0x3a28,0x3208,0x3a28,0x39e7,0x31e8,0x840f,
0x7bad,0x29a7,0x31e8,0x31e8,0x3a29,0x4a6a,0x4249,0x3a08,0x4a69,0x4249,0x3a08,0x4229,0x3a28,0x4a8a,0x52eb,0x3a29,
0x3a08,0x3a08,0x3a28,0x39e8,0x632c,0x3a08,0x2986,0x29a6,0x6bae,0x5b2d,0x3a08,0x3a28,0x4aab,0x426a,0x52ca,0x3a08,
0x4229,0x5aca,0x5b0b,0x5b0c,0x3a28,0x426a,0x3a49,0x29c7,0x428a,0x3a08,0x4249,0x4a89,0x31e7,0x4228,0x4249,0x426a,
0x5289,0x4228,0x3a29,0x52eb,0x4249,0x3a29,0x4249,0x4a8a,0x39e8,0x3a08,0x3a28,0x3a49,0x5aea,0x62c8,0x5ac9,0x6b8d,
0x4aaa,0x31c7,0x4269,0x3208,0x632b,0x4269,0x31e8,0x4269,0x3a49,0x3a29,0x3a49,0x3a49,0x52eb,0x4269,0x5aea,0x4a89,
0x4a89,0x3a08,0x52eb,0x7c0f,0x3a28,0x4249,0x3a28,0x3a28,0x4248,0x5aca,0x31e8,0x4229,0x3a29,0x4a8a,0x4249,0x3a08,
0x3a08,0x52ca,0x5aeb,0x4a8a,0x4269,0x4a8a,0x4269,0x52aa,0x5aeb,0x3a29,0x3a28,0x6b8d,0x3a08,0x426a,0x4269,0x4a69,
0x31c7,0x31e7,0x3a49,0x3a29,0x428a,0x426a,0x3a29,0x3a29,0x3a29,0x3a08,0x4268,0x4aa9,0x31e7,0x31e7,0x52eb,0x52eb,
0x4a69,0x31e8,0x3a08,0x4249,0x4a8a,0x3a29,0x31e8,0x31e8,0x4249,0x5aea,0x630a,0x31e8,0x5aeb,0x5b0c,0x426a,0x3a28,
0x4228,0x4228,0x4a69,0x4249,0x5b0b,0x3a49,0x3a08,0x31e7,0x4249,0x3a29,0x4a8a,0x52eb,0x4249,0x31e7,0x4249,0x4a8a,
0x31e8,0x4a89,0x7bcd,0x4aaa,0x4269,0x4249,0x5b0c,0x4269,0x5b2c,0x31e7,0x29a7,0x3208,0x31c8,0x3a29,0x3a29,0x4269,
0x29a7,0x31c7,0x4aaa,0x3a29,0x29c7,0x4269,0x4269,0x3a29,0x4a8a,0x3a49,0x4a8a,0x4a89,0x3a29,0x5288,0x5268,0x4a69,
0x3a08,0x4229,0x3a29,0x73ae,0x4269,0x2166,0x4269,0x31e8,0x31e8,0x4249,0x52a9,0x4269,0x3a29,0x3208,0x4269,0x4269,
0x3a09,0x6bae,0x52aa,0x52ca,0x5b0b,0x4269,0x3a28,0x3a28,0x4a69,0x4a69,0x3a29,0x4aaa,0x4a8a,0x52aa,0x4a8a,0x426a,
0x3a29,0x5b2c,0x4249,0x4a8a,0x3a29,0x4249,0x6b8d,0x3a29,0x4a49,0x4249,0x426a,0x4269,0x3a08,0x4a69,0x3a28,0x4249,
0x31e7,0x3a29,0x3a49,0x3a49,0x3a29,0x3208,0x3a49,0x3a08,0x3a28,0x3a07,0x5aa8,0x5aea,0x3a28,0x3a08,0x3a08,0x3a08,
0x4249,0x5aca,0x4249,0x5aeb,0x4a69,0x3a08,0x3208,0x4249,0x52aa,0x4269,0x39e7,0x3a08,0x428a,0x4a8a,0x3a08,0x4249,
0x4a8a,0x632c,0x4aaa,0x29a7,0x4249,0x4269,0x3208,0x3a29,0x52eb,0x4acb,0x426a,0x530c,0x31e7,0x4aab,0x4a8a,0x4269,
0x52cb,0x4a8a,0x4249,0x4249,0x5aeb,0x5aeb,0x4249,0x4269,0x52aa,0x3208,0x21a7,0x3208,0x31e8,0x4249,0x4aaa,0x4269,
0x3a08,0x29a7,0x4aab,0x6bae,0x3208,0x3208,0x6b6c,0x4269,0x31e8,0x4249,0x3a08,0x632c,0x4aaa,0x31c8,0x52cb,0x4249,
0x4249,0x3a29,0x5aca,0x632c,0x29a6,0x29a7,0x5aeb,0x4269,0x4249,0x4269,0x52ca,0x4a8a,0x4228,0x4249,0x4249,0x4a8a,
0x4a8a,0x73ce,0x4a8a,0x52aa,0x4248,0x4249,0x52ca,0x29c7,0x4228,0x4a89,0x4229,0x52eb,0x7bee,0x3a28,0x4a8a,0x3a08,
0x4269,0x52cb,0x4249,0x4269,0x3a28,0x4269,0x4a8a,0x3a29,0x3a08,0x4a69,0x4a8a,0x4249,0x3a28,0x3a28,0x4249,0x3a08,
0x3a08,0x3a08,0x3a08,0x3208,0x3a08,0x31e7,0x3a08,0x3a28,0x3a28,0x4269,0x4248,0x4227,0x31c7,0x4248,0x4a89,0x31e8,
0x4249,0x52aa,0x4249,0x4269,0x4aaa,0x3a28,0x3a08,0x4aab,0x52cb,0x2166,0x4228,0x4aaa,0x3a29,0x3a29,0x4249,0x4a6a,
0x426a,0x3a49,0x4228,0x2965,0x7c30,0x52ec,0x31e8,0x4249,0x3a08,0x3a49,0x4269,0x3a08,0x3a08,0x3a29,0x4a69,0x4248,
0x632c,0x4aaa,0x31c8,0x4a89,0x4249,0x4a69,0x3a29,0x4249,0x3a29,0x3209,0x3208,0x428a,0x3208,0x3a08,0x4a8a,0x4228,
0x31e8,0x31e8,0x3a49,0x426a,0x3a28,0x31e8,0x39e8,0x3a08,0x4a8a,0x4269,0x4228,0x630a,0x31e7,0x52aa,0x4249,0x3a29,
0x426a,0x4a69,0x5289,0x31a6,0x634c,0x4249,0x31c7,0x3a28,0x4249,0x426a,0x3a08,0x4249,0x52ca,0x4a69,0x3a29,0x4a8a,
0x738d,0x4269,0x3208,0x3208,0x3208,0x4249,0x4a89,0x39e8,0x4aaa,0x4a8a,0x3a28,0x52eb,0x4a8a,0x4a8a,0x4aaa,0x3a29,
0x3a08,0x31e8,0x31e8,0x426a,0x3a08,0x52aa,0x4aab,0x3a28,0x5aeb,0x4aaa,0x426a,0x4269,0x4a69,0x4249,0x4a69,0x4a6a,
0x4249,0x3a08,0x4a68,0x3a28,0x3a07,0x3a07,0x3a28,0x52ca,0x4228,0x3a08,0x52aa,0x31e7,0x4228,0x4a69,0x3a28,0x52aa,
0x4249,0x3a08,0x426a,0x4aaa,0x426a,0x4228,0x4249,0x426a,0x3a08,0x4249,0x4249,0x4249,0x52eb,0x3a08,0x3a08,0x3a08,
0x426a,0x528a,0x5289,0x4a69,0x31e8,0x31e7,0x3a08,0x4249,0x4249,0x4a8a,0x3a28,0x4a69,0x52cb,0x3a08,0x4a49,0x4a8a,
0x4229,0x4aaa,0x634c,0x4a6a,0x52aa,0x3a29,0x4269,0x3a08,0x3a08,0x31e8,0x4a8a,0x3a4a,0x3a4a,0x426a,0x2987,0x2987,
0x3208,0x3a29,0x31e8,0x3a29,0x52aa,0x52cb,0x4249,0x3208,0x52aa,0x3a28,0x5aa8,0x5288,0x3a28,0x52aa,0x52ab,0x3a09,
0x4aaa,0x52aa,0x2166,0x39e8,0x636c,0x3a08,0x3a08,0x52ca,0x5aea,0x31c7,0x39e7,0x4a69,0x528a,0x4aaa,0x4269,0x4269,
0x31e8,0x3a28,0x4249,0x4269,0x3a49,0x31c7,0x5b0c,0x94b1,0x5b2c,0x31e8,0x31e7,0x5aeb,0x52a9,0x3a08,0x52ca,0x4a8a,
0x52ab,0x3a29,0x3a08,0x31c7,0x4a69,0x52aa,0x29a7,0x4aaa,0x4a8a,0x4249,0x39e8,0x4248,0x5b2c,0x3a29,0x426a,0x4249,
0x31e8,0x31e7,0x3a07,0x4269,0x3a28,0x4249,0x4248,0x4248,0x3a08,0x5289,0x5aea,0x52aa,0x3a08,0x3a28,0x31e7,0x52aa,
0x4a8a,0x29c7,0x426a,0x4a8a,0x4228,0x3a08,0x4249,0x4249,0x4269,0x4a6a,0x4269,0x31e8,0x4269,0x3a28,0x52ca,0x5b0c,
0x3a29,0x4249,0x4a48,0x52ca,0x426a,0x4249,0x31e8,0x4aaa,0x7c0f,0x4acb,0x5aeb,0x4248,0x4249,0x4a8a,0x6b8d,0x4249,
0x426a,0x634c,0x5aca,0x4249,0x31c7,0x4249,0x52cb,0x428a,0x426a,0x3208,0x3a08,0x31e8,0x3a6a,0x3229,0x428a,0x428a,
0x2145,0x29c7,0x31a7,0x3a08,0x3a28,0x4249,0x31c7,0x4a69,0x4aaa,0x3a08,0x3a08,0x3a08,0x4229,0x4a49,0x3a08,0x4269,
0x4228,0x39e7,0x39e8,0x73ad,0x31c7,0x4a8a,0x4a69,0x4228,0x39e7,0x4249,0x4249,0x4249,0x4269,0x4aaa,0x4aaa,0x4a89,
0x4a8a,0x3a29,0x31c7,0x5b2d,0x6b8e,0x29a7,0x73ce,0x6b8d,0x29a7,0x3a08,0x4229,0x3208,0x4a89,0x52a9,0x52aa,0x4249,
0x4a69,0x31c7,0x4228,0x39e7,0x3a08,0x3a49,0x31e8,0x4249,0x3a29,0x31e8,0x29a7,0x4249,0x4aaa,0x31e8,0x3a29,0x3a08,
0x4a89,0x4269,0x31e8,0x4269,0x31e7,0x52e9,0x4aa9,0x4a89,0x3a08,0x31c7,0x4a89,0x5b0b,0x31e8,0x4249,0x52aa,0x3a08,
0x5b0b,0x52cb,0x3a29,0x4249,0x4229,0x52eb,0x426a,0x3a29,0x4a69,0x3a29,0x3a08,0x3a28,0x4aab,0x3a49,0x4229,0x52cb,
0x4a8a,0x4249,0x4228,0x52aa,0x3a29,0x4269,0x31e8,0x3a28,0x5aeb,0x3a29,0x4227,0x3a28,0x4269,0x31e8,0x4249,0x4a89,
0x52ec,0x4aab,0x2986,0x31e8,0x3a08,0x6bad,0x4aaa,0x3a49,0x31e8,0x3a08,0x52cb,0x3208,0x31e8,0x31c8,0x4acb,0x3a29,
0x2166,0x630b,0x5aca,0x3a28,0x3a08,0x3a08,0x4228,0x39e8,0x4249,0x52aa,0x428a,0x3208,0x5aca,0x4228,0x31e8,0x31c7,
0x4a8a,0x52eb,0x3a29,0x4a8a,0x29a7,0x3a29,0x3a08,0x31a7,0x4a89,0x4249,0x4a89,0x4aaa,0x4269,0x4269,0x4aaa,0x52ca,
0x83cd,0x52ca,0x52cb,0x3a29,0x52eb,0x5b2c,0x31e8,0x3a08,0x3a29,0x736c,0x3a08,0x5aea,0x7bad,0x3a28,0x3a49,0x4269,
0x4269,0x3a28,0x3a08,0x4aaa,0x4a8a,0x3a08,0x4249,0x31c7,0x3a08,0x4aab,0x4269,0x3a29,0x3208,0x426a,0x4269,0x4229,
0x4a8a,0x3208,0x3a08,0x3a29,0x4249,0x52aa,0x3a28,0x31e7,0x3a29,0x4249,0x636d,0x3a08,0x4249,0x4269,0x4269,0x4a6a,
0x4249,0x5aca,0x31e8,0x4249,0x4249,0x3a29,0x3a29,0x31e8,0x5aeb,0x428a,0x3a29,0x3208,0x3a09,0x3a29,0x3a29,0x428a,
0x52cb,0x52ca,0x4a68,0x4aaa,0x31e8,0x31e8,0x31e8,0x4a69,0x634c,0x31e7,0x4a69,0x52ca,0x52aa,0x5b0b,0x4269,0x3a08,
0x52aa,0x4a8a,0x4a8a,0x4249,0x4269,0x4a8a,0x4a8a,0x4249,0x31e8,0x4a8a,0x3a29,0x3a08,0x31e8,0x3208,0x3208,0x4a89,
0x31e7,0x31e7,0x52ca,0x4228,0x3a08,0x3a29,0x4a69,0x31e7,0x4a8a,0x4a8a,0x3a49,0x4269,0x5268,0x3a28,0x3a08,0x52cb,
0x52cb,0x52cb,0x4249,0x3a49,0x3209,0x2166,0x31c7,0x4a89,0x52ca,0x4269,0x4269,0x4269,0x5b0c,0x4aaa,0x3a28,0x4aaa,
0x31c7,0x4269,0x636d,0x3a08,0x4249,0x3a49,0x3a28,0x31e8,0x52a9,0x6b4b,0x29c8,0x738d,0x4a68,0x4249,0x4249,0x4248,
0x31e7,0x31e8,0x3229,0x4249,0x4a69,0x5aeb,0x3a08,0x3a29,0x3a29,0x52cb,0x31c7,0x4aaa,0x426a,0x31e8,0x31e7,0x31e8,
0x31e8,0x3a08,0x52cb,0x428a,0x4aaa,0x52eb,0x3a28,0x31c7,0x31c7,0x4a69,0x4a89,0x52aa,0x3a28,0x3a29,0x4269,0x4228,
0x4228,0x31c7,0x52aa,0x3a08,0x4249,0x4aab,0x4aab,0x31c7,0x4249,0x428a,0x426a,0x4269,0x4a8a,0x4228,0x3a29,0x52cb,
0x3a09,0x4228,0x4a8a,0x4269,0x4a89,0x73ad,0x4a8a,0x31e8,0x3a08,0x3a49,0x4aaa,0x4a89,0x4269,0x7bac,0x4228,0x4249,
0x4229,0x5b0b,0x4269,0x52ca,0x52aa,0x426a,0x3a29,0x31e8,0x52a9,0x4249,0x3a08,0x4249,0x31e8,0x426a,0x4249,0x4228,
0x29a6,0x2986,0x4a69,0x4248,0x4a89,0x4228,0x3a08,0x3a08,0x31c7,0x31e7,0x3a08,0x3a08,0x4249,0x426a,0x29c7,0x52ec,
0x3a29,0x4aab,0x5b2d,0x52cb,0x3a29,0x29c7,0x5b2c,0x4aaa,0x3a29,0x3a29,0x5b2d,0x4a8a,0x3a28,0x3208,0x3a29,0x4249,
0x31e8,0x29a7,0x29a7,0x3a08,0x52cb,0x4269,0x31e8,0x4228,0x5aa9,0x4269,0x31e7,0x5aeb,0x4249,0x31e8,0x3a08,0x5aeb,
0x630b,0x3a29,0x4249,0x4249,0x3a08,0x5aca,0x5b0b,0x4a8a,0x29a7,0x4a8a,0x426a,0x3a08,0x31c7,0x31e7,0x4249,0x3208,
0x4249,0x4a69,0x426a,0x4249,0x4a8a,0x52ca,0x3a08,0x31e8,0x3208,0x72e9,0x6b2a,0x4249,0x3a08,0x4a8a,0x4269,0x3a07,
0x4a69,0x3a28,0x4228,0x3a08,0x4a8a,0x4a8a,0x3a29,0x3a08,0x4229,0x5aeb,0x3a49,0x4a8a,0x31e8,0x31e8,0x4a8a,0x31e8,
0x4269,0x4a8a,0x31e8,0x39e7,0x634c,0x73ee,0x4249,0x4269,0x4269,0x3a08,0x52eb,0x4a8a,0x5289,0x5aea,0x4249,0x3a29,
0x31e8,0x52ca,0x31c7,0x630a,0x632b,0x3208,0x3a49,0x31e8,0x5ae9,0x4228,0x3a29,0x426a,0x4249,0x3208,0x52ca,0x5aca,
0x31a7,0x29a7,0x3a08,0x4a69,0x4a69,0x4a48,0x3a08,0x3a08,0x4a48,0x5289,0x52ca,0x4249,0x31e8,0x4249,0x4229,0x3a08,
0x2987,0x52ec,0x31c7,0x3208,0x3a08,0x29c7,0x3a29,0x4249,0x3a08,0x52aa,0x5b0c,0x4a8a,0x52eb,0x4aaa,0x31e8,0x3a29,
0x3a29,0x3208,0x3208,0x3a49,0x4a8a,0x4a69,0x4a8a,0x426a,0x3a4a,0x3a49,0x3a29,0x4269,0x3a08,0x31e8,0x3a08,0x4269,
0x3a08,0x4249,0x632b,0x5aeb,0x4a69,0x3a08,0x3a28,0x4a8a,0x52cb,0x426a,0x29a7,0x29a7,0x3a08,0x52cb,0x3a49,0x3a28,
0x4a8a,0x3a08,0x3a49,0x4269,0x5b0b,0x4228,0x31e8,0x6b4b,0x52aa,0x31c7,0x3a08,0x3a28,0x426a,0x4249,0x3a28,0x4a69,
0x4a68,0x29a7,0x4a8a,0x4a8a,0x3a29,0x3a49,0x3a29,0x4aaa,0x4269,0x31e8,0x3a29,0x4a8a,0x426a,0x3208,0x3208,0x3a08,
0x4a89,0x4a89,0x4249,0x4a69,0x3a28,0x3a08,0x3a29,0x3a49,0x3a49,0x4249,0x3a49,0x3a08,0x3a08,0x3a07,0x4269,0x31e8,
0x3208,0x426a,0x3a28,0x4aaa,0x4acb,0x426a,0x3a29,0x4a8a,0x3a29,0x4269,0x528a,0x52aa,0x52aa,0x4a69,0x4a69,0x4228,
0x3a07,0x4a69,0x3a09,0x4249,0x4a69,0x4a49,0x3a08,0x3a29,0x3a08,0x4249,0x52cb,0x428a,0x31e8,0x3a28,0x4249,0x31c7,
0x3a29,0x426a,0x31c8,0x426a,0x31e8,0x4acb,0x2186,0x52a9,0x4248,0x4269,0x31c7,0x31a6,0x4a47,0x3a28,0x31e8,0x3a28,
0x3a08,0x632c,0x3a08,0x4249,0x3a29,0x634c,0x4aab,0x3a4a,0x29a7,0x4acb,0x4acb,0x31e8,0x4269,0x426a,0x426a,0x426a,
0x3209,0x4a89,0x5b0b,0x4aaa,0x4a69,0x3a29,0x3a29,0x634d,0x52cb,0x3a29,0x428a,0x52ec,0x428b,0x31e8,0x3a29,0x428a,
0x4aec,0x3a09,0x52cb,0x530c,0x3a08,0x31e8,0x3a29,0x632b,0x4a69,0x31c8,0x4249,0x3a29,0x4aab,0x4249,0x4aaa,0x3a49,
0x4a8a,0x31e7,0x52ec,0x31e7,0x4a8a,0x5b2c,0x2166,0x3a29,0x4249,0x3208,0x4acb,0x29c8,0x31e8,0x3a49,0x4249,0x4a6a,
0x4269,0x3a28,0x4a69,0x31e8,0x4aaa,0x3a29,0x4269,0x4aaa,0x4269,0x3a49,0x426a,0x3a49,0x428a,0x426a,0x3a29,0x3a49,
0x426a,0x4acb,0x42ab,0x3a09,0x3a08,0x3a08,0x31c7,0x5b0c,0x31c7,0x52ca,0x73ad,0x31e8,0x3a29,0x4248,0x4a48,0x31c7,
0x5288,0x5288,0x3209,0x3a29,0x4a8a,0x31e7,0x426a,0x3a29,0x3a08,0x428a,0x4aab,0x4249,0x4a8a,0x4a8a,0x4249,0x3a08,
0x4269,0x4249,0x52ec,0x4acb,0x3a29,0x5b2d,0x4a8a,0x31c8,0x2986,0x31c7,0x4aab,0x634d,0x31e7,0x29a7,0x3a49,0x4aaa,
},
{
0xa427,0xac48,0x7b25,0x6ac4,0x6b25,0x7345,0x5aa4,0x5aa4,0x7345,0x8366,0x9c08,0x9ba7,0x9be8,0x9be9,0x93a8,0x7b06,
0x8326,0x8347,0x8347,0x9bc8,0xa3e7,0x93a8,0x7ae6,0xa42a,0x9be8,0x8367,0x8367,0x7b27,0x8368,0x9be9,0x8346,0x7b06,
0x8347,0x7b48,0x8368,0x7b06,0x93c8,0x8b86,0x9386,0xb48c,0xa40a,0x8ba9,0x8b66,0xc4cb,0xb48a,0x8ba9,0x9be8,0xa428,
0xac6a,0x9bc7,0x93a7,0x9bc8,0x8347,0xb50e,0xacad,0xbd2f,0x93ea,0x8b67,0x8b67,0x7b26,0x6308,0x6307,0x8326,0x9be9,
0x9c2a,0x8b67,0xac4a,0xc4ec,0xbccb,0xac8b,0x93c9,0x7b68,0x8368,0x9c09,0x93ea,0x738a,0x73cb,0x738b,0x62e7,0x8388,
0x93ea,0xac6a,0xa429,0x8367,0x8346,0x8ba7,0x7364,0x8c05,0x8be5,0x7364,0x7384,0x8c24,0x9404,0x9405,0x8405,0x6303,
0x83a6,0x8bc6,0x8ba4,0x7ba7,0x9c28,0x940a,0x8387,0x93a7,0x93a7,0x93c8,0x8ba8,0x7348,0x5ae8,0x7bca,0x7327,0x9387,
0x8347,0x93a9,0x8ba9,0x7307,0x8b46,0x9ba6,0x93a5,0x72e5,0x72e4,0x62c4,0x5263,0x4a63,0x5ae4,0x5ac4,0x5263,0x7b04,
0x9386,0x6ae4,0x6b06,0x62c4,0x62e4,0x5284,0x5283,0x5aa4,0x6b24,0x8b66,0x8b87,0xa446,0x9c26,0x9385,0x9386,0x8b66,
0x9c0a,0x8347,0x8b47,0x8b67,0x8b47,0x9345,0x9387,0x9c08,0x8386,0x8b87,0x8346,0x7345,0x8387,0x8ba7,0x6b06,0x6ae5,
0x9be8,0x8beb,0x93e8,0x8384,0x83a6,0x8bc7,0x9c08,0x93a6,0x9409,0x62c7,0x72e5,0xac29,0xac2a,0xac29,0x9bc6,0x9be7,
0x9bc6,0x8b86,0x93c7,0x93c7,0x7b26,0x9c4b,0xacad,0x8bca,0x5a24,0x8b25,0x93a7,0xac2a,0x8b47,0x8b68,0x93a8,0x8326,
0x8b46,0xa408,0xb46a,0xac4a,0xa42a,0x9c2c,0x93a8,0x8bc9,0x7b27,0x8b88,0x9bc9,0x7b49,0x6309,0x6b09,0x8ba9,0x9be9,
0x93a8,0x9388,0x8ba9,0xa409,0x93c9,0x8366,0x6b44,0x83c5,0x7b64,0x62e3,0x7b63,0xa444,0x9466,0x7ba6,0x8c29,0x6303,
0x7b64,0x8ba6,0x8386,0x93e8,0x8366,0x7b25,0x9be8,0x9c0a,0xa407,0x83a7,0x8bc9,0x93c9,0x8368,0x6ac5,0x7365,0x7347,
0x8b46,0x9bc8,0x8348,0x8368,0x7b48,0x6284,0x6284,0x7b05,0x9be8,0x7304,0x6b03,0x7324,0x5a83,0x5a83,0x7b25,0x8b65,
0x8387,0x8be9,0x9c09,0x8326,0x5283,0x5ac3,0x5ac3,0x6b24,0x62e4,0x9be9,0x9be8,0x8ba5,0x8385,0x93a6,0x9bc5,0xa406,
0x7b27,0x7b27,0x8367,0x8347,0x8326,0x8368,0x6b08,0x7b24,0x7347,0x6ac6,0x62e4,0x6b64,0x6b24,0x5ac3,0x5284,0x9c2a,
0x9c09,0x7b27,0x8346,0x93c5,0x7b44,0x7b45,0x6b06,0x7325,0x83a8,0x7b88,0x9be6,0xa409,0xac49,0xa408,0x9ba6,0x8366,
0x8365,0x8345,0x6ae4,0x6b06,0x7ae4,0x6264,0x6aa5,0x5a44,0x7ae6,0xa429,0x9bc9,0xa40a,0x9bc9,0x93a8,0x7b68,0x7b06,
0x8327,0xa3c7,0xa42a,0x9c0a,0xa429,0x8368,0x8b67,0x7b48,0x62e6,0x7306,0x93a8,0x8348,0x8b88,0xac4a,0xa42a,0xa42a,
0x940b,0xa44b,0x9bea,0x93ea,0x7327,0x6b05,0x6304,0x5ac4,0x6b44,0x6ae3,0x93c6,0x93e8,0x7ba8,0x7367,0x7365,0x6323,
0x8b86,0x93a7,0x62c3,0x62c3,0x5aa3,0x5aa4,0x8b85,0x9be7,0x9c07,0x6b24,0x6b24,0x83a7,0x93a7,0x8b87,0x7346,0x6ac6,
0x9387,0x9be9,0x72e6,0x7307,0x7b27,0x72e5,0x5aa7,0x72e6,0x9c0a,0x8b84,0x9c25,0x9404,0x7b44,0x72e4,0x93a8,0x9387,
0x93c7,0x93a8,0x8ba9,0x9bc8,0x8b67,0x7b46,0x62c3,0x62e5,0x8387,0xac4b,0x9387,0x6b05,0x7325,0x7325,0x9be7,0x93e6,
0x8be6,0x7b27,0x7307,0x9ba7,0x9be8,0x9387,0x8367,0x7b65,0x5284,0x5ac4,0x5ac3,0x5263,0x7365,0x4a63,0x5264,0x7b67,
0x93e9,0xac8c,0x9c07,0xac48,0x93a6,0x8345,0x62c5,0x8347,0x7306,0x7344,0xa447,0xb468,0xac06,0x8b87,0x7347,0x6ac3,
0x8b87,0xac6a,0x8b65,0x72e5,0x7368,0x72e5,0x72a4,0x8368,0x8368,0x7307,0x7307,0x8389,0x8b87,0x9c09,0x93e9,0xa3e9,
0x9ba8,0x7b06,0x93a7,0x8b67,0x8348,0x6ae7,0x83aa,0x8c2d,0x7369,0x93a8,0x9c0a,0xb48b,0xa42a,0x93c9,0xac4a,0xacce,
0x83aa,0x8347,0x93c9,0x9bc8,0x93a8,0x7b26,0x5264,0x5a63,0x8365,0x9be8,0x93c7,0x7ba6,0x5284,0x5a84,0x7385,0x6303,
0x7b66,0x7b47,0x5ac3,0x52c3,0x5ac4,0x5283,0x7324,0x9426,0x8ba7,0x7b66,0x5263,0x4a83,0x6b24,0x7b05,0x9be9,0x93c8,
0x9386,0x9be9,0xa408,0xa3e8,0x93c9,0xa42a,0x8368,0x8b68,0x8364,0x93e4,0x8386,0x8ba5,0x93a6,0x9bea,0x8389,0x7328,
0x9be8,0x8b26,0x8b67,0x8ba8,0xa42a,0x93a8,0x7364,0x7b85,0x8386,0xac29,0x93a8,0x62e5,0x6b06,0x6ac5,0x7b25,0x7b87,
0x8c08,0x93a8,0x9bc8,0xac49,0x8b87,0x8ba8,0x8b88,0x6284,0x5aa4,0x62e4,0x4a43,0x7368,0x4a43,0x4a23,0x62e4,0x5ac3,
0x7b47,0xb4ad,0x9c07,0x9c05,0x93e7,0x62a3,0x7b66,0x8b68,0x8367,0x93c8,0x93c7,0x93a6,0x9bc7,0x8bcb,0x62a5,0x8b65,
0xac28,0xa44a,0xa406,0x6b06,0x52c8,0x62a5,0x7ae5,0x6ac6,0x5b07,0x6349,0x62a4,0x6b03,0x7b64,0x8b86,0xbd0e,0xacad,
0x8bc9,0x5b29,0x7b05,0x9bc8,0x8b89,0x5a86,0x6b08,0x7c0d,0x5ac8,0x8306,0xa44b,0xa44b,0x9be9,0xa48c,0x9c6d,0x7b8a,
0x8347,0x8326,0x6ac6,0x838a,0x9c2a,0xa46b,0x72e5,0x8b87,0xac6b,0x93a9,0x8366,0x7bc4,0x5ac4,0x62e4,0x7364,0x6b04,
0x62e4,0x7365,0x5263,0x52a3,0x62e4,0x5a83,0x5aa4,0x7345,0x62e4,0x7346,0x5263,0x5ac4,0x5ae4,0x62e3,0x83a6,0x9409,
0x8b66,0x93a7,0x93a7,0xa44a,0x9be8,0x9bc8,0x9388,0x9c4b,0x6b66,0x6304,0x8365,0x7304,0x7ae5,0x8b68,0x6ac7,0x5245,
0x93ca,0xa429,0xac6a,0x8ba9,0x7b49,0x93a7,0x7b45,0x7b45,0x93c8,0xa42a,0x8ba7,0x7b25,0x72e5,0x72e5,0x93e8,0x7327,
0x7326,0xb48b,0xac6b,0x8368,0x8b88,0x8b66,0x8347,0x6ac4,0x5a83,0x5263,0x5b05,0x5285,0x4a23,0x5243,0x5a83,0x5a83,
0x9c2b,0xac4a,0x93a5,0x7b43,0x72e5,0x7b65,0x7b85,0x7b67,0x8346,0xbcee,0x9c09,0x7b24,0x62e4,0x7347,0x8b87,0xa3c6,
0xbccb,0x9c06,0xa466,0x7b67,0x52a6,0x8b67,0x9c09,0x8367,0x5aa6,0x52a7,0x5265,0x6b24,0x8ba6,0x9bc7,0x93e8,0x8b68,
0x6308,0x5b08,0x93ea,0x93c8,0xb46b,0x8347,0x7b07,0x62a6,0x72c5,0xbccc,0xac4b,0x8baa,0x8348,0x9ba8,0x6b08,0x7329,
0x9387,0x9c0a,0x940b,0x7b27,0x6ac6,0x8368,0xa409,0xac6b,0xa42b,0x8347,0x7b05,0x7b04,0x7b45,0x7b86,0x83a6,0x8c08,
0x6b65,0x5b05,0x39e2,0x4a43,0x5aa3,0x4a63,0x5263,0x5aa3,0x6b24,0x7344,0x62c4,0x5283,0x5284,0x6304,0x62a4,0x93a8,
0x8386,0x9c08,0x9be8,0xa42a,0xac6b,0x9be8,0x9c6c,0x6b47,0x62a4,0x6ac4,0x8343,0x72e3,0x9367,0x9366,0x9387,0x8b67,
0x8ba9,0xa44a,0xa42a,0xa428,0x93a8,0x93c9,0xac49,0xa409,0x93c9,0x940b,0x8ba8,0x93a8,0x9366,0x7b46,0x7b27,0x8327,
0x8b87,0x93c8,0xbccc,0x8326,0x8b67,0x9c09,0x9c4b,0x7367,0x62c4,0x5a84,0x5264,0x5284,0x62e5,0x6305,0x62e4,0x5a83,
0x7b66,0x9c08,0x93c7,0x9bc8,0x72e5,0x7b44,0x7304,0x93c5,0xa3e8,0x93e9,0x8ba7,0x7344,0x5aa2,0x7305,0x7b27,0x93a7,
0xac28,0x9be5,0x83c4,0x62c4,0x8325,0x9bc8,0xa46c,0x8bc7,0x83c6,0x62c4,0x72e5,0x7b46,0x93c9,0xa409,0x9bc7,0x8368,
0x6ac6,0x7349,0x6b49,0x8305,0xb449,0x9ba8,0x93c8,0xa3e8,0xc52e,0x93c9,0x9be9,0x93c9,0xa44b,0x93c9,0x83aa,0x9ba8,
0x93c9,0xa4ae,0x9c6d,0x9c4b,0x7b27,0x93ea,0x93c9,0x8b66,0x8306,0x9387,0xb4ab,0xa409,0x8347,0x9bc8,0x8326,0x7b05,
0x7bc5,0x52e4,0x4a63,0x6b24,0x62e3,0x5ac4,0x6b04,0x5283,0x6b24,0x7344,0x6b04,0x5ae4,0x4a84,0x52e5,0x5a84,0x72e5,
0x7303,0x93a7,0xb48b,0xac6b,0x9be9,0xa409,0x8347,0x72e6,0x7308,0x6a85,0x7b06,0x72a4,0xac8b,0x9c0a,0x9ba7,0x93a8,
0x8ba9,0xa3e8,0xb46a,0xac49,0xbccc,0xb4ac,0xac6b,0xa429,0x8b67,0x7b69,0x7328,0x7328,0x7ae5,0x8387,0x9387,0x9be9,
0x8347,0x9c2b,0x8bca,0x6aa5,0x7ae6,0x9c2a,0x8bea,0x62e6,0x5ac4,0x6b05,0x62c4,0x5a84,0x62e5,0x5aa4,0x62e5,0x4a43,
0x8c09,0x7bc8,0x6b03,0x8bc6,0x8b47,0x93a7,0x9404,0x9406,0x93a6,0x72e5,0x6b25,0x5ae3,0x7b46,0x93a7,0x72e3,0x7b45,
0x7b25,0x7324,0x52a2,0x7325,0x9c28,0x93e8,0x8ba9,0x7344,0x6b64,0x7b46,0x9c0a,0xa44b,0x9c2c,0x7b07,0x72c6,0x6309,
0x738b,0x7307,0x62c8,0x8388,0xb48b,0xb46a,0xa3e7,0xbd0e,0xc52e,0x93c9,0xa42a,0xa42a,0x9c4c,0x7ae6,0x8326,0x8b46,
0x8baa,0x944d,0x7b69,0x8beb,0x8ba9,0x8bca,0x9be8,0x93c8,0x8ba9,0x9be9,0xac6c,0xa44b,0x7306,0x7305,0x8386,0x7b85,
0x52e5,0x4a84,0x6325,0x7385,0x6b05,0x8c49,0x7bc7,0x5ac4,0x7348,0x5264,0x5a84,0x5aa4,0x4223,0x6aa6,0x7b26,0x7324,
0x7b43,0x9386,0xac4a,0xa3e8,0xac6b,0x7b48,0x8b89,0x8b67,0x6a43,0x72c6,0xb4ee,0xac6a,0x8305,0x9ba7,0xac6a,0xb4ab,
0x9c2b,0xc50c,0xb4cc,0xbced,0xc54f,0xc54f,0x9c09,0xa44a,0x93c8,0x7306,0x6ac5,0x7b05,0x8365,0x7b66,0x93a7,0xac29,
0x93c7,0x8347,0x72e6,0x72e6,0x93c9,0x93c9,0x7306,0x5a84,0x5283,0x62e4,0x62e4,0x6b24,0x62e4,0x5aa4,0x8c4b,0x7bc8,
0x7be7,0x52a3,0x7365,0x7364,0x9bc7,0xb48b,0xac69,0x8bc5,0x8384,0x7327,0x5aa5,0x6ae4,0x8347,0x9388,0x7324,0x5ac3,
0x6b04,0x6b64,0x5262,0x7384,0x6b65,0x8366,0x8385,0x6b84,0x6324,0x6ae5,0x9468,0x9409,0x8ba9,0x93c9,0x9c0a,0x6ae7,
0x62a6,0x9386,0x7b48,0x6b4a,0x8368,0xa40a,0xac49,0xbccc,0xbcec,0x940b,0x83cb,0x8b46,0x8b89,0xa46b,0x93a9,0x8b47,
0x8b67,0x62a6,0x5224,0x8347,0xa40a,0x9388,0xb48b,0xb48b,0xb48b,0x8bc9,0xa42a,0xa429,0x7b47,0x840a,0x6b06,0x5b05,
0x4aa4,0x4a43,0x4a23,0x6b05,0x6306,0x6b25,0x6b45,0x7345,0x6b25,0x5ac4,0x5a85,0x6ae5,0x5a84,0x7b06,0x9c0a,0x9bc8,
0x9bc8,0x9386,0xa409,0xa409,0x8b88,0x7307,0x83cb,0x7b26,0x7b07,0x7b8a,0x7baa,0xc56f,0x93a7,0xa409,0xbd0d,0xc54e,
0x8368,0xc50c,0xcd90,0xcd6f,0xacac,0xac6b,0xa409,0xa40a,0x9388,0x6b06,0x8bc8,0x8bc7,0x7b66,0x8386,0x8b66,0x9be8,
0x8ba6,0x7b05,0x7b27,0x8b67,0x9bc8,0x8b67,0x8b67,0x8367,0x8389,0x5aa5,0x4a63,0x5ac3,0x5aa3,0x5263,0x73a8,0x9cac,
0x73c6,0x62e3,0x72e6,0x8b66,0xac8b,0x9be9,0xac6b,0x93c7,0x7b66,0x7304,0x8b65,0x9bc8,0x8366,0x62a4,0x6b05,0x5283,
0x5ac3,0x6b04,0x6283,0x5a63,0x5a63,0x6b04,0x7384,0x52c4,0x52c4,0x6325,0x6325,0x5aa3,0x9c08,0xac6b,0x942c,0x7b06,
0x9ba7,0xac29,0xa3e8,0x8b67,0xa409,0xa409,0xac4a,0x940b,0x93c9,0xa46c,0x7b27,0x9be9,0xc590,0xacac,0xac8c,0x8b88,
0x8305,0x8347,0x93a7,0xa3e7,0x9c2b,0x8ba8,0x9be9,0xbcaa,0xc4ec,0xcd2e,0xb4ab,0x9c09,0x9be9,0x8bc8,0x72e5,0x6b05,
0x5283,0x4a42,0x6b46,0x6b06,0x7b67,0x7368,0x62e5,0x62e3,0x6b24,0x6324,0x5a84,0x62a5,0x62c4,0x83c8,0x8be8,0x8b66,
0x93a6,0x8ba5,0x83a6,0xa3e8,0xb4ac,0x8b87,0x7b05,0x7b06,0x6b8b,0x6b8b,0x5ac8,0x8bca,0x8b87,0x9388,0x9bc8,0xb4ac,
0x9be9,0x9c2b,0xb4cc,0xbced,0x9c0a,0x9be9,0x7b48,0x93ea,0x9be8,0x8388,0x7327,0x8346,0x9c0a,0x8325,0x8346,0x93c8,
0x8346,0x7307,0x7b27,0x8326,0x93c8,0x9387,0x8b88,0x93c9,0x9c2b,0x6ae7,0x5a43,0x7369,0x6b07,0x6ac5,0x7327,0x7b89,
0x6b26,0x5aa4,0x8b66,0xac49,0xb48a,0xac29,0xac8c,0x7b07,0x7305,0x8ba5,0xa409,0x9ba9,0x72e5,0x4a43,0x5263,0x6b04,
0x5a83,0x6284,0x7325,0x6ac4,0x5243,0x4a22,0x5ac4,0x5b25,0x6345,0x5b05,0x6305,0x7345,0x940a,0xacad,0x7b48,0x72e6,
0x8b68,0xa409,0xc4ec,0xcd4c,0xc50b,0xb469,0x93c9,0x5288,0x6b08,0xa42a,0xa3e8,0xacac,0x9c09,0xa44a,0xacad,0xb4cd,
0x7b07,0x6b09,0x83cb,0x9bc7,0x93e9,0x9be9,0xcd4d,0xcd8f,0xc54f,0xa46b,0x9c2a,0x9c09,0xa429,0x7b27,0x7324,0x7324,
0x7326,0x7305,0x6304,0x4a43,0x83e9,0x9cab,0x7346,0x5263,0x62e4,0x62e4,0x62c4,0x5244,0x6b06,0x93c9,0x8bc7,0x7ba5,
0x83c5,0x8b86,0x7b47,0x8b88,0x93a8,0xac4a,0xac2a,0x72c6,0x6329,0x6b4a,0x4226,0x6285,0xac6b,0xb48b,0xc52d,0xc50d,
0x9be8,0x9be9,0x9be9,0x93c9,0x9bc9,0xa409,0x93a8,0x8b89,0x9be8,0x7b27,0x6ac6,0x8b88,0x7ae6,0x8b46,0x9bc7,0x7b27,
0x8b46,0x9387,0x93a8,0x9bc7,0x9ba7,0x9bc8,0xa409,0xa429,0x8b88,0x8367,0x8389,0xa4f0,0x946d,0x7b69,0x72a5,0x7ae4,
0x7ba4,0x7ba6,0x948d,0x944c,0x8bc9,0x9be8,0x940c,0x8b66,0x8ba7,0x8366,0x8b67,0x9ba9,0x9bc9,0x62c4,0x5ac4,0x5aa4,
0x6ac5,0x7b26,0x7306,0x7304,0x6ac3,0x5a64,0x62e4,0x6304,0x5b04,0x4a84,0x6325,0x6b66,0x7326,0x940a,0x7307,0x6ae7,
0x8347,0x9388,0xbcac,0xcd2c,0xcd0a,0xc4aa,0x9ba7,0x7b28,0x6b07,0xac29,0xa42a,0x9c4b,0xac8c,0xbd4f,0xb50e,0x93ea,
0x7b27,0x8306,0x6aa6,0x9bc8,0xbcec,0xbccc,0xbced,0xd5f1,0xc56f,0xac6b,0x9bea,0xa429,0xa46b,0x8367,0x7b64,0x8386,
0x9c2b,0x8b68,0x7386,0x5aa3,0x6b25,0x83e7,0x5263,0x5283,0x62e5,0x6b25,0x62e4,0x5ac6,0x62e5,0x7b47,0x9c09,0x7b26,
0x7344,0x9be8,0x9be9,0x9c2b,0x93a7,0x9be9,0x9be9,0x93a8,0x72e7,0x62a6,0x7ae5,0x9bc9,0xb46a,0x9ba8,0xbccc,0xbcec,
0xb4cd,0xac08,0x9be9,0x9be9,0xac4a,0xb46a,0xac4a,0x93a8,0x7bcb,0x8b67,0x8b67,0x7b48,0x7ae6,0x93c9,0x8ba8,0x8b66,
0x8b87,0x8baa,0x93a8,0x8368,0xa429,0xc50b,0xd58e,0xb48b,0x9bc8,0xa42a,0xa4af,0xa4cf,0xa4ef,0x946e,0x6b08,0x944c,
0x9449,0x7b65,0xa4ad,0xa4cf,0x946d,0x83aa,0x8305,0xac8c,0x93ea,0x5a64,0x7345,0x8386,0x8b87,0x62e4,0x5283,0x5263,
0x5aa4,0x7326,0x62c6,0x6b06,0x7347,0x6ae5,0x5aa3,0x7365,0x7325,0x62c4,0x7365,0x7385,0x6b25,0x8346,0x9c0a,0x93c8,
0x93a8,0x9be9,0x9c2c,0x93eb,0x7b69,0x9c09,0xa409,0xac08,0x9ba7,0x9388,0x8b67,0x72e6,0x93c9,0xac8c,0x940a,0x7328,
0x72c5,0xa44b,0x93a8,0x9be9,0x93ea,0xbd0e,0xacac,0xbced,0xa46b,0xb4cc,0x9bea,0xa42a,0xb4ab,0x8367,0x7324,0x8366,
0x8ba8,0x83c9,0x8387,0x6b05,0x5ac3,0x62e5,0x6305,0x5ac5,0x4a23,0x4a23,0x5264,0x5264,0x5263,0x5a84,0x7b26,0xa408,
0xa448,0x9be6,0x8bc5,0x93e6,0x8b87,0x93c9,0x9ba7,0x8b88,0x7328,0x9367,0xa409,0x8bca,0x8b89,0xac4a,0x9c0a,0xac4a,
0x9be9,0xa429,0xa42a,0x9be9,0xa42a,0x9c09,0x8bca,0x7b27,0x7ae4,0x93a7,0x8b47,0x8327,0x8b67,0x8348,0x8368,0x8ba9,
0x7b68,0x93c8,0x9c09,0x8368,0xa409,0xc52d,0xac4b,0xa429,0xb4ab,0x9c0a,0x83cb,0xad10,0x8c0c,0x8c4d,0x736a,0x9caf,
0xa4ae,0xacef,0xa4f0,0xacf0,0xa4f0,0x7bab,0x8b88,0x8326,0x72a6,0x62a4,0x6b44,0x7385,0x4a63,0x5aa4,0x5a83,0x5ac5,
0x7387,0x7b86,0x7347,0x8be8,0x83a8,0x6b04,0x5a83,0x7345,0x7b85,0x8bc6,0x7345,0x7345,0x8367,0x9be9,0xac4a,0xa40a,
0xac6b,0xa44a,0x8388,0x7b69,0x72e7,0x9be9,0x9be8,0xa3e7,0xa42a,0xa46b,0x93c9,0x93ea,0x72c5,0x7b27,0x7327,0x72e6,
0x93a7,0x93a9,0x93a8,0xac4a,0x8369,0xb4ac,0xb48c,0xa42a,0xac8b,0xac8c,0x93ea,0x93a8,0xa3c8,0x7b27,0x7b05,0x7b64,
0x73a6,0x6304,0x4a23,0x5aa4,0x5263,0x4a44,0x5263,0x6b25,0x5aa3,0x5264,0x5a84,0x6b06,0x6b25,0x62c5,0x5a64,0x7b45,
0x93c7,0x8365,0x7364,0x8343,0x8325,0x93a9,0x8baa,0x7ae5,0x9387,0xac29,0x9ba7,0xa3e9,0x9c0a,0x93c8,0x9c0a,0x9388,
0x8b68,0x8388,0x9387,0x8b46,0x62a7,0x944d,0x94af,0x62c8,0x8367,0x93a6,0xa407,0x93a9,0x8b47,0x8347,0x8b88,0x7b28,
0x8326,0x9c0a,0xac4a,0xa42a,0x8b87,0xac08,0xac29,0x9bc8,0xa42a,0x8326,0x62c7,0x83aa,0x8c0c,0x7349,0x6b08,0x8c2d,
0x944d,0xb573,0xa4f0,0xa4f0,0x8c4e,0x738b,0x7307,0x8346,0x8346,0x8366,0x6ae3,0x5aa3,0x4a23,0x5aa5,0x5ac5,0x840a,
0x83e9,0x62e5,0x6b04,0x7364,0x7323,0x7345,0x5a64,0x7b46,0x7344,0x9c08,0x8366,0x7b47,0x7b48,0xa3e8,0xb48b,0xac29,
0x93ea,0xa409,0xac68,0x8ba7,0xb46a,0x9ba7,0x8b65,0x8346,0xb4cc,0xb4cc,0xa44b,0x93e9,0x8306,0x9407,0x8385,0x9c4b,
0x8ba8,0xa409,0xa42a,0x9be9,0x8368,0x8bc9,0x9c0a,0x838a,0xac6b,0xa44b,0xa42a,0xac6a,0x9ba9,0x8386,0x7b84,0x6303,
0x5aa3,0x4a23,0x5a83,0x5a83,0x7bc6,0x6305,0x4222,0x4a42,0x4a63,0x52a4,0x62c4,0x7324,0x7325,0x6ae6,0x72c5,0x8b67,
0x9be8,0x8367,0x7b45,0x8ba6,0x8345,0x8b86,0x9be8,0x9be9,0xac8c,0x9c2b,0x8b88,0x9be8,0xa3e7,0x9bc8,0x93c9,0x93a7,
0x9387,0x9bc8,0x9be9,0x9ba7,0x7308,0x842d,0x8c4d,0x7baa,0x83ab,0x7b26,0xa406,0x9be9,0x9367,0x93a7,0x93c9,0x8346,
0x8b66,0x6b08,0x8b88,0xac6b,0x7b27,0xa3e7,0xb48a,0xb48b,0xac08,0x9bc8,0x8b68,0x7ae6,0x8b47,0x8b66,0x83aa,0x8c2d,
0xa511,0xa511,0x9cd0,0x948f,0x948f,0x7b8b,0x7b06,0x9be6,0x93e6,0x8385,0x7344,0x62c3,0x4a23,0x39c2,0x4223,0x5b07,
0x5284,0x62e5,0x62e4,0x7b85,0x7324,0x7365,0x4a23,0x7b47,0x9c09,0x93e8,0x8368,0x8368,0x9be8,0xcd0d,0x9c0a,0x9c09,
0xac29,0xac4a,0x9c09,0x8b84,0x93a5,0x9386,0x6aa3,0x83a9,0xac8b,0xb4cc,0xacac,0x72e6,0x8b85,0x83a4,0x7b65,0x8ba9,
0x8b87,0x9bc8,0x9be9,0xac4a,0xa48c,0x8389,0xa42a,0xa42a,0xb48b,0xb4ac,0xac4a,0x8ba9,0x9c2a,0x8386,0x7b24,0x72c4,
0x6304,0x6b84,0x6b24,0x5263,0x8407,0x6b65,0x4a23,0x6304,0x73e7,0x5ac4,0x6b24,0x7326,0x8386,0x7b26,0x7b25,0x8b86,
0x9bc7,0x8ba7,0x7b85,0x7b84,0x8b64,0x8368,0x7327,0x7348,0x9c0b,0x8beb,0x7b69,0xa407,0x9bc6,0x9387,0x8b67,0x8b67,
0xa44b,0xb4ac,0x9be9,0x8b67,0x8b88,0x5ae8,0x6b4a,0x7329,0x8b67,0x8b87,0x93a8,0x7b48,0x9bc9,0x9ba6,0x9386,0x93c8,
0xa3e8,0x9387,0x9be9,0xa409,0x7b47,0x93a7,0xac08,0xa3c7,0x8327,0x93ea,0x8b67,0xac28,0x93c9,0x9c0a,0x8ba9,0x8c2e,
0x9ccf,0x948f,0x7bcc,0x8c4d,0x8c4d,0x6ae7,0x93a6,0xb4cc,0x93e6,0x9c05,0x7365,0x7be6,0x7c07,0x39e2,0x5284,0x4a84,
0x4a63,0x4223,0x4a23,0x62c4,0x5a84,0x5a84,0x52a3,0x62a3,0x93c7,0xa429,0x93c9,0x93a8,0xa429,0x8348,0xac4a,0xa44a,
0x8b88,0xa408,0xac49,0xa428,0x8bc4,0x7b65,0x8367,0x6b05,0x7346,0x940b,0x7307,0x5a23,0x8b85,0x7b44,0x7344,0x93e8,
0xa44b,0x9be8,0x93c9,0xb48a,0x9c2a,0xa409,0x940b,0x93c9,0x9c0a,0x8c0b,0x83aa,0x6ac6,0x93ea,0x9be9,0x9be9,0x7b05,
0x5aa3,0x5aa3,0x5a63,0x5a43,0x8c28,0x9c89,0x6ac4,0x5263,0x5b04,0x5b03,0x6b04,0xa469,0x8367,0x8367,0x6b04,0x6b03,
0x8384,0x8364,0x8366,0x93e7,0xbd2e,0x72e6,0x4a66,0x6b27,0x8ba8,0x8b67,0x9bc9,0xa408,0x8305,0x8326,0xb48b,0xac29,
0xbd0e,0xbd0e,0xac8c,0x8ba9,0x7b06,0x7b69,0x6aa6,0x8347,0x9ba7,0xac08,0x93a7,0x7308,0x93e9,0x9be8,0x9386,0x8346,
0x9386,0xa408,0xa46b,0x8368,0x7b68,0xa3c6,0xac07,0x9ba7,0x7308,0x7b48,0x7b27,0xb4cd,0x6ae7,0x8369,0x8b67,0x7b89,
0x738a,0x73aa,0x6b6b,0x62e9,0x6ae7,0x8325,0x93c6,0x9c6a,0x83a6,0x7b65,0x6b46,0x6b65,0x7c07,0x6325,0x5ac4,0x4a63,
0x4a63,0x4203,0x6ae4,0x7325,0x6ae5,0x62c4,0x5283,0x5ac3,0x9c09,0xa46c,0x72e7,0xa429,0xc50d,0x9be8,0x9be8,0xa42a,
0x93a7,0xac27,0xa3e9,0x93c8,0x7324,0x62a4,0x7306,0x62e4,0x5264,0x5a64,0x6aa4,0x8bc6,0x7b45,0x7b86,0x7344,0x8366,
0xa44b,0xa46b,0x8387,0x8367,0x9be8,0xbd0d,0xbd0e,0x6ae7,0x840d,0x8c4e,0x7bed,0x62c8,0x7b06,0x9bc8,0x9bc7,0x7b25,
0x7304,0x6ae4,0x7b44,0x8346,0x9c49,0x9408,0x8ba7,0x5a64,0x6ae5,0x62c4,0x8b87,0x9c28,0x7b85,0x7b66,0x6ae4,0x7345,
0x7ba3,0x9c05,0x8b45,0x93a7,0xa42a,0x8347,0x6ac7,0x7b06,0x9bc8,0xac08,0xa42a,0x93c9,0x6a84,0xac6b,0xc570,0xcd90,
0xc52e,0xb4cd,0xa44a,0x8b89,0x72e7,0x93a8,0x93c8,0xa44b,0xa3e7,0xa3e7,0x9bc7,0x8b88,0x9c0a,0x9bc7,0x9be6,0x8b85,
0x8366,0x7b25,0x8b65,0x8347,0x8b88,0xac29,0xa429,0x7b06,0x7328,0xa4ef,0x8c2c,0x942c,0x8347,0x8368,0x83c8,0x6b23,
0x5aa6,0x52a3,0x5a86,0x72e6,0x8ba7,0x93a7,0x8384,0x6b03,0x7b65,0x7345,0x5aa4,0x62c4,0x52a4,0x6345,0x6b85,0x5283,
0x5243,0x6304,0x6b44,0x5a83,0x4a23,0x5ac4,0x6b65,0x5283,0x8ba9,0x93c9,0x8345,0x93e7,0xa429,0xb469,0xac48,0xb469,
0xbcaa,0xa42a,0x9ba7,0x8b87,0x5263,0x5283,0x52e4,0x4a83,0x4a23,0x6ae4,0x8386,0x7ba4,0x6b04,0x7325,0x6b05,0x83a6,
0x9c27,0x9408,0x8ba8,0x6ac6,0x9387,0xa42a,0xbd0e,0x8ba9,0x7bac,0x842d,0x840d,0x6309,0x8b88,0x9c2a,0x8b87,0xa408,
0x8bc6,0x83a4,0x6b43,0x8b87,0x93e7,0x7344,0x93e9,0x6aa5,0x8347,0x9c0a,0x8ba8,0x7b46,0x93c6,0x6b44,0x6b05,0x6ae4,
0x62c4,0x8b87,0x8b67,0x8306,0x9bc7,0x8b66,0xac4a,0x9bc8,0xb46a,0xac49,0xa408,0x9ba7,0x9387,0xbd0e,0xb4ab,0xc56f,
0xb52f,0xacac,0x8b88,0x5224,0x7b68,0x7b46,0x7b06,0x93c9,0x9c0a,0xa3e6,0xac28,0x9be8,0xb46a,0x93a7,0x9386,0x8365,
0x8b87,0xa46c,0x8b88,0x72c6,0x8326,0x93ea,0x734a,0x5224,0x7b68,0x8c6e,0x738a,0x736a,0x7bab,0x62a4,0x5263,0x5ac7,
0x6b69,0x52c7,0x62a6,0x93c9,0x93e9,0x8346,0x8b66,0x8345,0x7b65,0x6b25,0x6b05,0x5ae4,0x6b45,0x6b45,0x5b04,0x5ae4,
0x5243,0x6304,0x6324,0x6324,0x5aa3,0x5aa3,0x52a3,0x5283,0x7b67,0x9c0a,0xac49,0x9be7,0x9c08,0xa408,0xb489,0xac8a,
0xac49,0x9be8,0xa429,0x8bc7,0x5aa3,0x62e4,0x5ae5,0x5224,0x5244,0x62e4,0x5a63,0x8368,0x7b26,0x7304,0x72e5,0x8b86,
0x83a5,0x7365,0x7b65,0x9387,0x93a7,0x9388,0x8326,0x8327,0x736a,0x738c,0x73ac,0x7b48,0xacad,0x946d,0x7349,0x93e8,
0x9c29,0x8b87,0x8345,0x9c09,0x83c5,0x7b85,0x6ac5,0x62c5,0x62c4,0x8346,0x9be9,0x8b86,0x9be9,0x72e6,0x6ae5,0x7b27,
0x8327,0x9c4c,0x942c,0x72e6,0x6a84,0x9be9,0xa3e9,0x8b67,0x93a8,0x9bc8,0xac08,0x93a8,0x9c0a,0xb4cd,0xbcec,0x93c9,
0x6ae7,0x8368,0x6ac5,0x5a84,0x5aa4,0x5284,0x6b05,0x8346,0x8b66,0xa408,0xac27,0x9385,0x9387,0x9387,0x8325,0x8b85,
0x8325,0x8bc9,0x8388,0x7ac4,0x72a4,0x72c5,0x7b06,0x6aa6,0x6ac6,0x7306,0x7307,0x72e6,0x7349,0x7b27,0x5ac6,0x634a,
0x6329,0x6309,0x52a7,0x7b06,0x9366,0x9be8,0xa408,0xa449,0x7b85,0x62e5,0x7346,0x6b86,0x6304,0x6ae5,0x72e6,0x6b06,
0x7326,0x7366,0x6305,0x8449,0x7bc6,0x72e4,0x6ae4,0x7345,0x8ba7,0x8b87,0xac4b,0xb489,0x93e7,0xa407,0x8ba7,0x8b87,
0xac68,0x9be6,0x93c5,0x8365,0x5a84,0x5243,0x62c5,0x62c5,0x62a4,0x6b05,0x7b47,0x72e6,0x7b05,0x6284,0x62c6,0x7b26,
0x93c8,0x7b44,0x8b66,0xa3e8,0xa44a,0x9c0a,0x9388,0xac29,0x8b89,0x6ae8,0x6ac6,0x93a9,0x9caf,0x9cae,0x83ec,0x6ae7,
0x8326,0x9387,0xa409,0x93a6,0x72c4,0x72e5,0x6b45,0x6b44,0x5ac4,0x6aa5,0x9387,0xa42a,0x93c9,0x9bc8,0xa42a,0x7328,
0x9c4c,0xacef,0x9cae,0x7b8a,0x7b49,0x9be9,0x8305,0x7b07,0x7b48,0x8368,0x8b88,0x9ba8,0x9388,0x72a5,0x7b07,0x5a24,
0x7b06,0x8306,0x7304,0x6b44,0x7325,0x62c5,0x4a83,0x6ae4,0xac28,0xac4b,0xac27,0x9ba5,0x9bc5,0x8b66,0x8346,0x9386,
0x7b26,0x7bc7,0x8408,0x6ac5,0x7ae4,0x72c4,0x8b45,0x8b47,0x9367,0xa406,0x8b86,0x8b45,0x9be9,0x8ba8,0x6b28,0x738b,
0x6b4a,0x6329,0x52a6,0x8347,0xb4ac,0xa44a,0x9be8,0x8ba8,0x8387,0x7327,0x8ba8,0x7346,0x5a84,0x7b26,0x8b67,0x942c,
0x6b27,0x52c4,0x6b05,0x7b87,0x83a8,0x9c08,0x8ba6,0x93e7,0x8ba8,0x93c7,0xa46c,0x93c8,0x9be8,0xa407,0x93c7,0x8b65,
0x93c5,0x8be6,0xa4ca,0x8bc7,0x62a5,0x4a23,0x5284,0x7366,0x5ae4,0x7368,0x7ba8,0x62c4,0x6aa4,0x72e6,0x6b05,0x7326,
0x9be8,0x9bc6,0xa409,0x9be9,0x8b66,0x9bc9,0x9be9,0x9bea,0x9388,0xa42a,0xa42a,0x9c6d,0xa4af,0x9c8e,0x83ec,0x62c7,
0x8368,0xbcee,0xbcab,0xa3e7,0x8b26,0x72c5,0x6b25,0x7345,0x8368,0x8306,0x9bc8,0x93c9,0x93a8,0xac2a,0x8b88,0x6265,
0x7329,0xacef,0xad10,0x942c,0x7307,0x7b27,0x83aa,0x840d,0x9caf,0x94af,0x842d,0x83ca,0xac8b,0xa46b,0xa48d,0x7ba8,
0x83aa,0x9c4c,0x5a84,0x6b25,0x7b67,0x62a4,0x5aa4,0x62a4,0x9387,0xac08,0xb427,0xac27,0x9bc5,0x8344,0x93c7,0xac6b,
0xa42a,0x7306,0x62c5,0x5244,0x6b06,0x6284,0x7b06,0x9bc7,0x9be6,0x93e5,0x8b85,0x9365,0xbccb,0x9c29,0x6283,0x5ae7,
0x6329,0x5ac7,0x6ac5,0x9be9,0xa44b,0x93a7,0xa40a,0x93a8,0x9bc8,0x7307,0x8367,0x8b87,0x8b68,0x93c9,0x93a8,0x83a9,
0x5a85,0x5263,0x93c8,0xbccc,0x8b88,0x93e8,0x8346,0x9be8,0x8ba7,0xbcec,0x93e9,0x8b45,0xbcca,0xa46a,0x8b86,0x93c6,
0x8365,0x7324,0x62e5,0x62a5,0x5ac4,0x5b25,0x5ae5,0x6305,0x5ac6,0x52a4,0x5ac4,0x5263,0x5a84,0x7305,0x8366,0x6ac4,
0x6ae3,0x93e7,0x9be9,0x7365,0x7b24,0xa3e8,0xa409,0x8348,0x8369,0x93ea,0xb4ee,0x7b49,0x944d,0x8c2c,0x83cb,0x7b8a,
0x93a8,0xac6a,0x93a8,0x93c9,0x93c9,0x8ba9,0x6a84,0x62a5,0x8b88,0xa44b,0x9c0b,0x9be7,0xac69,0xac49,0xac29,0x9387,
0x6ac6,0x7b8a,0x8c2c,0x83ab,0x6aa6,0x83cb,0x94b0,0x94d1,0xb573,0xa511,0x8c6f,0x6b4a,0x7328,0x9c0b,0x83aa,0x7bca,
0xacad,0x9c4c,0x7b05,0x5ac4,0x5ac4,0x6304,0x6b05,0x7306,0xac49,0x9be9,0xb46a,0xa3e8,0x9bc6,0xa428,0x9bc7,0x9be9,
0xac4b,0x9b86,0x8305,0x5264,0x5ac5,0x72e5,0x9c0b,0x8bc6,0x83a3,0x93e5,0x8b64,0xa446,0x8bc4,0x8bc7,0x8366,0x72a4,
0x72e6,0x7b27,0xac6b,0x940b,0x7b8a,0x8348,0x9bea,0x83e9,0x83c9,0x8327,0x8b67,0xa44b,0xa40a,0x93c9,0x8b88,0x8b46,
0x8388,0x7b26,0xa44a,0xb4cc,0xa409,0xb4ee,0x93e9,0x93e9,0xa44a,0xac6b,0xac8b,0x8365,0x93a7,0x72c5,0x9bc7,0x9be8,
0x8345,0x72e5,0x62a4,0x6b25,0x5b05,0x73e8,0x6366,0x5aa4,0x4a44,0x5284,0x6305,0x6b05,0x6ae5,0x72e5,0x62c4,0x6b04,
0x6b04,0x7b46,0x93a8,0x83a5,0x8b86,0x9bea,0x8b68,0x9c0a,0xa44b,0x8348,0x8389,0x93a8,0x7308,0x72e7,0x7349,0x838a,
0x9be9,0x9bea,0x5ae9,0x6ae8,0x9388,0x93a8,0x9be9,0x7b47,0x7b27,0x93eb,0x8b88,0x7b49,0x9bea,0xcd4d,0xcd2d,0xbccc,
0x8ba9,0x6265,0x6aa6,0x7b27,0x93ea,0x83ec,0x9cf0,0xa532,0x9cf0,0x94b0,0x8c6e,0x7c0d,0x6ae8,0x93a8,0x83c9,0x6b48,
0x8389,0x8389,0x8368,0x8346,0x6b05,0x62c5,0x62a4,0x93e9,0x9c0a,0x93ea,0xac29,0x93a7,0x9bc7,0x8344,0x9be7,0x8367,
0x7b05,0x9bc6,0x93a6,0x8325,0x7b25,0x8b87,0x9386,0x8bc5,0x8be7,0x93c7,0xb488,0xa427,0x7ae3,0x8326,0x72c6,0xa408,
0xac6b,0xa3c7,0xac6a,0xa42a,0x7327,0x940c,0x7b48,0x7327,0x9387,0x9c0a,0x942c,0x8369,0x93c8,0xa40a,0x9be9,0x9bc8,
0x8387,0x9be7,0xa408,0x9c09,0xa409,0x9be8,0x9bc7,0xa3e8,0xa409,0x93a7,0x8b45,0x9c28,0x9c4c,0x62c3,0x6b46,0x7348,
0x9388,0x9367,0x7b27,0x5aa4,0x73c8,0x7c09,0x5b05,0x5aa4,0x5284,0x5283,0x6b04,0x93c7,0x9c09,0x9429,0x8bc6,0x93a7,
0xa429,0x8ba6,0x8ba8,0x93a7,0x8b67,0x9ba7,0x93ea,0xa42a,0xac6a,0xac4a,0x9388,0x93a8,0xa409,0x8b46,0x72c6,0x8b68,
0xa429,0x7ae6,0x6286,0x5ae8,0x7b06,0x9be9,0x9be9,0x9bc7,0x9387,0x8b67,0x8b47,0x8348,0xa429,0xc54e,0xa42a,0x9c4c,
0x93eb,0x9ba7,0xa409,0xa3e9,0x8368,0x738b,0x948f,0x9cd0,0x94b0,0x8c4e,0x7bc9,0x7bcb,0x62e8,0x9c4c,0x7348,0x62c5,
0x7368,0x6b07,0x7308,0x8368,0x8389,0x7328,0xa40a,0x9c0a,0x7b27,0x8368,0x8b67,0x9387,0x9ba8,0x8b88,0x8ba8,0x62c5,
0x6ae6,0x8b66,0x6aa5,0x9be9,0xa42a,0xa429,0x93e6,0x83c6,0x7b86,0xa428,0xc4ed,0xbcee,0x9bc7,0x9bc8,0x9366,0xa409,
0x8bc9,0xac48,0xa46c,0x93eb,0xa46c,0x8bec,0x6ae8,0x7b07,0x8306,0x8367,0x93c9,0x8b47,0x93a7,0xa408,0x93ea,0x7b48,
0x8b66,0xac49,0xac49,0x9ba7,0x9bc8,0xa408,0xb4ab,0xbd0d,0xa409,0xa42a,0x9ba6,0x9be9,0x8389,0x62c5,0x5284,0x8366,
0x9be8,0x8be7,0x9c0a,0x8327,0x6b06,0x52a4,0x4a23,0x5283,0x4a63,0x5284,0x62a4,0x7b05,0x7b47,0x8c09,0x7325,0x93c8,
0x9c08,0x9c08,0x93c9,0x7b47,0x9bc8,0xac6b,0x9be9,0x93a8,0x93ca,0xac8c,0xac2a,0x93ca,0x8baa,0x8baa,0xb449,0xac2a,
0x8ba8,0x7308,0x7308,0x7b48,0x8b67,0x8b88,0x8b88,0x9ba7,0xacad,0x8bca,0xac07,0xbc8a,0xc50c,0x93ca,0x7b07,0x7b06,
0x8b87,0xb469,0x93c9,0x8b48,0x72e7,0x73ac,0x946d,0x840c,0x8c4e,0x7bc9,0x7386,0x7387,0x6b46,0x6b46,0x6ae5,0x7325,
0x6346,0x8388,0x9be9,0x9be9,0x93e9,0x8367,0x93ea,0x8baa,0x93c8,0x8368,0x8326,0x8b46,0x8b67,0x93ca,0x8367,0x8346,
0x8346,0x8326,0x7b27,0x8326,0x93a8,0x7b66,0x83c7,0x7365,0x6b24,0x8b66,0x8b66,0x7b06,0x9bca,0x9be9,0xb489,0xac8b,
0x93e9,0xb4ab,0xb469,0x93c9,0x940b,0x9be8,0xa40a,0xacad,0x8348,0x8346,0x8bca,0x5a86,0x7305,0x8364,0x8365,0x8347,
0xa409,0xa40a,0xa3e8,0xbccb,0xac8b,0xa409,0xbd2e,0xcd90,0xbd0e,0xbd0e,0x8b88,0x9ba7,0x8b66,0x72e5,0x7346,0x8ba5,
0x8ba5,0x7b45,0x8b87,0x9368,0x62a4,0x5ac4,0x62c5,0x4a23,0x4a43,0x5284,0x5264,0x5a64,0x7305,0x8365,0x7b26,0x93a7,
0xa429,0x9be7,0xa429,0x8b66,0xa408,0x93c9,0x8bc9,0xac6b,0xac6b,0xa409,0xac6b,0x9c2b,0x93ca,0x8369,0xac8b,0x9bc9,
0x8ba9,0x7307,0x9bc8,0x9be9,0x9be9,0x9bc8,0x9be9,0xa40a,0x93ea,0x940a,0xa429,0xbccb,0xb48a,0xac4a,0xa3e9,0x93c8,
0x8b87,0xb48a,0xa3e9,0xac4a,0x93a8,0x7b49,0x7b8b,0x7bab,0x83eb,0x7baa,0x6b44,0x6304,0x6b65,0x62e3,0x6304,0x5ac4,
0x5284,0x9be8,0xac8c,0x9c2c,0x8b88,0xac4a,0xac8c,0x6ae7,0x93a8,0x8b67,0x7b06,0x93c9,0x9387,0x7b05,0x8b87,0x940a,
0x7b47,0x9387,0x8b46,0x8b46,0x8ba6,0x7345,0x6b46,0x5a64,0x6284,0x8365,0x93e9,0x8346,0xa3e7,0xac49,0xbcec,0xc54e,
0xc4ec,0x93a8,0xa429,0xb4ab,0x8b67,0xa408,0xb46a,0xac6c,0x8327,0x7306,0x6b6a,0x6329,0x5ac7,0x7323,0x8364,0x93e9,
0x8b88,0x9bc8,0x9bc8,0xa42b,0x8b68,0x8b67,0xac6b,0xc590,0xc570,0xbd0e,0x72c6,0x8b46,0x8346,0x93a7,0x8b86,0x93e7,
0x9c09,0x8ba6,0x6ae5,0x7326,0x8366,0xa42a,0x7b27,0x5263,0x6b06,0x62e6,0x5284,0x5283,0x83a4,0x8b86,0x8b87,0x7304,
0x8365,0x8b86,0x93a7,0x93c9,0x8ba9,0x7328,0x9c0b,0xbced,0xa44c,0x8ba9,0x93a9,0xb46a,0xbd0d,0xb4ac,0x7b27,0x72c6,
0x8b88,0xa3e8,0x9be9,0x8bcb,0xac6b,0xcd90,0xb48b,0xbcec,0x93ea,0x5aa8,0x9be9,0x9c09,0xa409,0x9bc8,0x8b88,0xa408,
0x9bc7,0xbd2e,0xbd2e,0x8ba9,0x8ba9,0x8b88,0x6266,0x6b29,0x7b8a,0x62c6,0x5a84,0x5a83,0x62a3,0x62c4,0x62c4,0x5a83,
0x6326,0x93e9,0x93c8,0x9c0a,0x93a8,0x8bc9,0x8be9,0x9be9,0x8b87,0x7b27,0x7305,0x8387,0x93a7,0x8366,0xa44a,0x7346,
0x83a5,0x93a8,0x9be8,0x9bc7,0x93c5,0x7325,0x5ae4,0x5a64,0x8324,0x93c8,0x83eb,0x8346,0xc4eb,0x8369,0xac6b,0xcd8f,
0xc52d,0x93a9,0xb48b,0xc50c,0xa409,0x8ba9,0xa429,0x9bc9,0xa3c8,0x93a8,0x62c7,0x52a8,0x5286,0x8ba5,0x8bc5,0x8347,
0x8389,0x93c9,0x8b67,0x9bc8,0xb48a,0x9bc8,0x8b68,0x93ea,0x93c9,0x8ba9,0x7b06,0xa429,0xa428,0xb4ab,0x93c9,0x9c09,
0x8367,0x8ba7,0x6b05,0x62e4,0x8bc8,0xbced,0x8367,0x7ba5,0x7bc6,0x5aa7,0x39c3,0x62e3,0x7345,0x9c0b,0x8b88,0x7b26,
0x8b66,0x9346,0x9366,0x8368,0x8388,0x93ea,0xb48a,0x9c4c,0x9be9,0xbccc,0xa40a,0x93ea,0x8ba9,0xac4a,0xa408,0x8b87,
0x7b48,0x7307,0x8348,0x6b09,0xac6b,0xcd90,0xa46c,0x7307,0x6286,0x8baa,0xc52d,0xbcab,0xb48b,0x7329,0x6ac7,0x9ba6,
0xac49,0x9bc8,0x8369,0x62a7,0x8b89,0x8b68,0x93a9,0xa4ce,0xa4ae,0x7b67,0x62e4,0x62c3,0x7348,0x62e6,0x5a83,0x5264,
0x83a8,0x93ea,0x7ba9,0x83a8,0x8348,0x62e6,0x62e5,0x9c0a,0xa40a,0x7346,0x6323,0x6ac4,0x8366,0x93a6,0x93c7,0x8386,
0xa449,0x9bc8,0xa408,0x93c6,0x8ba6,0x8b64,0x8345,0x8365,0x9ba5,0x9365,0x8b25,0xac28,0xbcab,0xa429,0xc52d,0xc50c,
0xc52e,0xbd0e,0xbccc,0xac6b,0xa44b,0x9be9,0xa48d,0x9c2b,0x8347,0xa44b,0x8ba8,0x6ac5,0x8ba7,0x9c48,0x8386,0x7b26,
0x8b66,0x9367,0x8b67,0xb448,0x9c09,0xac4a,0xa3e8,0x8b67,0x72e6,0x6264,0xac49,0xa429,0x940c,0xb48b,0xac4a,0x9c2a,
0x9388,0x93c9,0x7b05,0x7b45,0x93c7,0x9428,0x8b87,0x8367,0x7365,0x62a3,0x62a4,0x7ba7,0x7345,0x9429,0x8b88,0x72e6,
0x8327,0x9bc9,0x9387,0x9ba7,0xac4b,0xac4b,0xbcec,0xb48b,0xb4ac,0xc50d,0xa429,0x93e9,0x9be9,0xac29,0x9bc9,0x9be7,
0x7307,0x5225,0x8347,0x7b27,0x8baa,0x83aa,0x62a7,0x72e7,0xac6a,0xa44b,0xa42a,0x93c9,0x9388,0x9387,0x9bc8,0xa40a,
0xb46a,0xac49,0x9bc7,0x9be8,0xa3e9,0x8b67,0x8bea,0x9cae,0x9c8d,0x8c0b,0x62e5,0x5283,0x62e5,0x6b25,0x62c4,0x5264,
0x9c6c,0x7b68,0x6ae7,0x7347,0x7b68,0x6ae5,0x6b05,0x6b06,0x9c0a,0x7305,0x5243,0x7b06,0x9bc7,0x9bc6,0xa409,0xac6b,
0x9be8,0x9bc6,0x9be9,0x93e8,0x8ba4,0x9be6,0x9be7,0x9bc7,0xabe6,0xa3a6,0xa3c8,0xa3e8,0xc4eb,0xb4ab,0x9c2a,0xd5b0,
0xc56f,0xa46b,0xac6a,0x8bcb,0x6b29,0x93a8,0x93ea,0x8389,0x7b27,0x9c0a,0x9c09,0x8385,0x9409,0x8346,0x6ac4,0x7325,
0x8b86,0x838a,0x8368,0xbcaa,0xac49,0xac8b,0xac4a,0xac29,0x8ba9,0x6b29,0x83aa,0x8367,0x7b06,0x9bc7,0x93ea,0x8369,
0x9c0a,0x7b68,0x93c9,0x9c0a,0x83a8,0x7ba6,0x7b46,0x8ba9,0x8ba7,0x8bc5,0x7b46,0x83c7,0x83a4,0x7b65,0x93ea,0x9be9,
0x8b88,0x9c6c,0x83a9,0x9387,0xa429,0xa42a,0xac8c,0xc54e,0xac8c,0xac6b,0xb46b,0xac49,0x8bca,0x9be9,0x8b47,0x93a8,
0x8b67,0x7b07,0x8b88,0x9bc7,0x838a,0x734a,0x8327,0xa3e8,0xb46a,0x9ba8,0x93c9,0x8baa,0x9387,0xa409,0xac2a,0xac8b,
0x9c07,0xa407,0xa406,0xac6a,0x8b47,0x93e9,0xb52f,0x8bca,0x9c8d,0x944d,0x6b06,0x5ac4,0x4a43,0x4a43,0x4a63,0x5263,
0x7366,0x8b88,0x93a9,0x6b27,0x5ae5,0x62e4,0x6304,0x62e4,0x7305,0x7b48,0x5204,0x8346,0x9c07,0xa448,0x9bea,0x8b88,
0x93c5,0x93c7,0x9c09,0x9c08,0x8b67,0x9bc8,0x9be8,0x9be9,0xabe7,0xa3e8,0x8ba9,0x9366,0xbcaa,0x8389,0xac6a,0xbcec,
0x93e9,0xac8b,0xac6a,0x8ba9,0x7307,0x8b88,0xa3e9,0x93a8,0xac6a,0xac29,0x9be8,0x8347,0x8347,0x8327,0x7b06,0x8ba8,
0xa409,0x7b28,0x9bea,0xa3e9,0x8baa,0x93a8,0x9ba8,0x9be9,0x7b27,0x7bab,0x844e,0x6329,0x9409,0xac29,0x8baa,0x93c9,
0x93e9,0x6b28,0x8389,0x8389,0x7b27,0x8b88,0x8366,0x93c8,0x8bc7,0x8364,0x8366,0x8345,0x8b88,0x93a9,0xac6b,0x9c09,
0x8367,0x7b49,0x62e8,0x8326,0xac29,0xa409,0x8bcb,0xac8b,0xb4cc,0xa409,0xac6a,0xac4a,0x7b28,0x8b67,0xa409,0xacce,
0xa409,0x8348,0x8ba8,0xb4ac,0x8b89,0x6286,0x8b68,0xac6a,0xa3e8,0xac29,0x93c9,0x8348,0x9bea,0x9be9,0xac29,0x9407,
0x8ba5,0x8b68,0x9be8,0xac09,0xac6a,0x8b68,0x93ea,0x8bc9,0x7b68,0x7b69,0x7345,0x7345,0x6306,0x6306,0x62e4,0x5ae4,
0x8bc9,0x83a8,0x6b06,0x5b26,0x52a4,0x5243,0x5a84,0x5264,0x4202,0x7348,0x5244,0x6b04,0x6b04,0xa44b,0x9bc9,0x6ac4,
0x7b83,0x9405,0xa426,0xac4a,0x93a8,0x9387,0x93a7,0x93a8,0x8b87,0x9ba8,0x8326,0x8b26,0xb448,0xa429,0xac8c,0x8bca,
0x93a8,0xa429,0xac49,0xa429,0xac49,0x8ba9,0xac4a,0xac6a,0xa409,0xb4cc,0xa42a,0x93a9,0x93ea,0x8389,0x8389,0x8bea,
0x9c2a,0x8ba9,0x9388,0xa44b,0x8baa,0xa42a,0x9bc8,0x9be9,0x6ae7,0x62c8,0x6309,0x5287,0x7b86,0x9bc6,0xac6b,0x9be9,
0x93a8,0x9c0a,0x93c9,0x8bca,0x93ea,0x8ba9,0x9c0a,0x9c09,0x9be8,0x93a7,0x8b87,0x8327,0x9bc9,0xa42a,0x93a8,0x8368,
0x8b88,0x7ac4,0x8b46,0x9be8,0xa409,0xa3c7,0x8327,0x8b68,0x93a8,0xac29,0xbc8a,0xbccb,0xb449,0xac6b,0x8bcb,0x7b69,
0x8b8a,0x6ae7,0x9c0a,0xa46b,0xa409,0xac6a,0x8b88,0x8348,0xa408,0x93e9,0x93e7,0x8ba7,0x8347,0x8327,0x8308,0x8345,
0x7324,0x93a8,0xb4ab,0xb469,0xb469,0x9bc9,0x8347,0x7305,0x6b04,0x7346,0x7347,0x93c8,0x83a8,0x83c9,0x7b66,0x6b45,
0x8bea,0x83c9,0x52a4,0x52a4,0x4a43,0x4203,0x4a23,0x4a43,0x5263,0x62e3,0x6b04,0x5a83,0x6284,0x7345,0x8bc7,0x7b65,
0x7345,0x7344,0x8bc6,0x8326,0xa429,0x7b06,0x7348,0x83cb,0x7b89,0x9386,0xa3e8,0x93a8,0xb448,0xac29,0x9bea,0xac6b,
0xbccc,0xac6b,0x9c4c,0x93a8,0xac49,0xa42a,0xb469,0x9be9,0x9be9,0xa409,0x93a8,0x8b89,0x8b89,0x93c9,0x93a9,0x8368,
0x8389,0x6b29,0x8ba9,0x940a,0x7328,0xa409,0xac6a,0xac6a,0x9c2b,0x8348,0x6a86,0x8389,0x6b25,0x9c2a,0x93ca,0x72c6,
0x940c,0x83aa,0x93a9,0x9388,0x6b08,0x6b29,0x9be9,0x9c0a,0x93a9,0x93a9,0x9bc7,0xa40a,0xc54f,0xacac,0xbd4f,0x8b68,
0x8b67,0xa409,0xac29,0xac6a,0x9388,0x8b67,0xac6a,0xb46a,0xa429,0xac49,0x9c4b,0x9c0a,0xac28,0x93c8,0x8327,0x93a8,
0xa3c8,0x9367,0xac49,0x9be9,0xac07,0xa408,0x9ba7,0x9bc8,0x9be8,0x72a5,0x7b65,0x7b85,0x7346,0x7326,0x7b87,0x5264,
0x6b04,0xac8a,0xac6a,0x93c8,0x93c9,0x93e6,0x9406,0x83c4,0x6b64,0x7324,0x9c09,0x9c4b,0x8b87,0x7b26,0x7b68,0x7b68,
0x8366,0x7305,0x62c4,0x5aa4,0x4a43,0x5284,0x6304,0x7386,0x6326,0x62e3,0x7344,0x62e4,0x5aa3,0x4223,0x5aa3,0x8365,
0x83a8,0x6b23,0x7b65,0x8346,0xac8d,0x83a9,0x5ae8,0x7bec,0x6b4a,0x8326,0xabe6,0xac49,0xb4ab,0xac6a,0xa42b,0x9bc9,
0xb469,0xb4ac,0x8bcb,0x9be9,0xac6a,0x8bca,0xac4a,0x9be9,0x8b68,0x8389,0x93c9,0xac4b,0xb48b,0x9c0a,0x8ba9,0x9bea,
0x93ca,0x93ea,0xa46c,0x8b88,0x8388,0x9c0a,0x8389,0x93c9,0xac8c,0x9bea,0x8b89,0xa42b,0x6ac6,0x8388,0x7b07,0x7b07,
0x8bcb,0x6b49,0x7328,0x8b67,0x72e6,0x83aa,0x9c0b,0xac6b,0xa44a,0x9be9,0x9ba7,0x93c9,0xa48d,0xa48c,0xbd50,0x8ba9,
0x8b67,0x9c09,0xac29,0xac49,0x8327,0x93c9,0xa48c,0x93a9,0xb4cd,0x9be9,0x93c9,0x8b67,0x9be9,0x7b27,0xac49,0xb48b,
0xa3e8,0x9bc8,0x93a7,0xac6a,0xc50c,0xac08,0xac49,0x93c7,0x93e9,0xa44b,0x7b46,0x5ae4,0x6345,0x62c4,0x7366,0x5a84,
0x5aa4,0x8c06,0x8c07,0x7305,0x72e5,0x9406,0x7ba4,0x83c4,0x62e4,0x62c3,0x8324,0x8387,0x93c9,0xac6b,0x9c4c,0x8bea,
0x6b03,0x6ae3,0x62e4,0x6b45,0x7365,0x62e4,0x5ac4,0x5ae5,0x5ac5,0x62e5,0x8be8,0x5284,0x52a4,0x5a83,0x5284,0x7345,
0x6b03,0x8364,0x8366,0xacce,0xacce,0x8389,0x62a6,0x62e8,0x6b29,0x9bc7,0xac6a,0x9be8,0x93e9,0x940b,0x8389,0xa429,
0xc52d,0x9be9,0xa429,0xac29,0x93a8,0x8b88,0x9c09,0x8b88,0x9bc8,0x93ea,0x6b07,0x93a9,0xb4ac,0x9be9,0x9be9,0x93c9,
0xa42a,0xa46c,0x8ba9,0x9387,0x93c9,0x7b49,0x8b88,0x8b67,0x9be9,0x93ca,0x8c0c,0x7b48,0x7305,0x6ae3,0x8346,0x8347,
0x8369,0x8b87,0x8b89,0x8bcb,0x8b67,0x9388,0x93c9,0x9be8,0x9bea,0x940b,0x8c0b,0x6ae7,0x5a86,0x7328,0x83a9,0x8b46,
0xac29,0xac4a,0xac8b,0xa44a,0x9bc7,0x9be9,0x9387,0x93a7,0xa409,0x9bc8,0xa3c7,0xac4a,0x8368,0x9bc8,0x9c0a,0x7307,
0x8b87,0x8b67,0x93a8,0xa429,0xac49,0xa3e8,0xa409,0x8326,0x7324,0x93e9,0x7b26,0x5264,0x5284,0x5263,0x5223,0x5284,
0x4a23,0x62a3,0x6b04,0x7345,0x6b04,0x6b24,0x7b66,0x8366,0x7305,0x6ae4,0x9386,0x8325,0x9be9,0xb4cd,0x8368,0x72e6,
0x7ba6,0x6b43,0x6323,0x6304,0x6b45,0x5aa4,0x4a84,0x5284,0x5ac4,0x6b06,0x6b26,0x6ae4,0x6b05,0x5a83,0x5264,0x62c3,
0x7b44,0x8b85,0x9c4b,0xc5d3,0x9c8d,0x9c6c,0x8bcb,0x7ae5,0xa408,0xac4a,0x93ea,0x8347,0x93a8,0x93a8,0x9be9,0xa409,
0x7bab,0x7b69,0x9bc8,0x9be8,0x8369,0x93ea,0x9c0a,0x7b47,0xa409,0x8ba9,0x7307,0x9bc9,0xa409,0x9be9,0x9bc9,0x8b67,
0x9c0a,0x8b88,0x8ba9,0x9388,0x8b88,0x62c7,0x8ba9,0x93ea,0x8b88,0x8b68,0x6ae8,0x8bca,0x7b46,0x72e5,0x8ba8,0x9bea,
0x93c8,0x8347,0x8c0c,0x8ba9,0xa40a,0x93c8,0x8b67,0x93c9,0x944c,0xa4ce,0x9cae,0x7349,0x6a65,0x72c6,0x8326,0x9bc8,
0xa42a,0xac4a,0xac4a,0x8b88,0xa429,0xa429,0xb449,0x9ba7,0x9be9,0xa44b,0x9bc8,0x8ba9,0x93a8,0x8b88,0x62c8,0x72c6,
0x93a8,0x93a9,0xa408,0x9c09,0x8b67,0x8b87,0x7b25,0x6b05,0x7345,0x93a7,0x8347,0x62e5,0x62e5,0x62c4,0x5aa4,0x6305,
0x5264,0x72c5,0x72c5,0x62e5,0x5a84,0x62c4,0x7345,0x7325,0x9bc8,0x9ba7,0x93c9,0x9ba7,0x9be9,0x940a,0xacce,0x8bc9,
0x5ae5,0x946b,0x8429,0x7bc8,0x6305,0x5aa4,0x5aa4,0x52a3,0x5ac5,0x62e5,0x4a42,0x5284,0x5aa4,0x5263,0x6b04,0x93a7,
0x9be7,0xac4a,0x7b68,0xa4ef,0x942c,0x942b,0x7b68,0x9bc7,0xbcca,0x93c9,0x9bc6,0xa428,0x9be9,0xac49,0xa3e8,0xa3c7,
0x7ac5,0x5a45,0x93a7,0xac4a,0x9c0a,0x9be9,0x9387,0xa44b,0x8368,0x8347,0x8b87,0xb48b,0xac49,0x9387,0x9bc8,0x9be9,
0x93c8,0x9c09,0x93a8,0x93c9,0x8347,0x9bea,0x93ea,0x838a,0xa46d,0x8ba9,0x7b07,0x9c0b,0x9bc9,0xac4a,0x7b05,0x6aa6,
0x72e5,0x7328,0x6ac7,0x93a9,0x9388,0x8368,0x8307,0x8389,0x944c,0xb530,0x8beb,0x8c0b,0x7b07,0x9c0a,0x9bc7,0x9bc6,
0xb448,0xb4cb,0xac49,0xb4aa,0xbcca,0xac69,0x93c8,0xa408,0x9387,0x7ae6,0x7308,0x6b08,0x7349,0x8b88,0x7b07,0x9bc8,
0xa3e7,0x9ba7,0xa42a,0x93a7,0x9387,0xa407,0x9be7,0x7326,0x8346,0x8b66,0x72c5,0x4a24,0x5aa4,0x6b05,0x8be8,0x83e7,
0x62c4,0x7b66,0x62c5,0x4a23,0x4a23,0x5aa4,0x6b24,0x8387,0xa409,0xac49,0xbc8a,0x9bc8,0x9387,0x940b,0x83aa,0x7b48,
0x5aa5,0x946b,0x83e9,0x8c2b,0x62e6,0x5a84,0x62e5,0x5aa4,0x62e5,0x5aa4,0x62e4,0x5ac3,0x4a43,0x62c4,0x6ae4,0xac4b,
0xa40a,0x9be9,0x72c6,0x7328,0x8c0b,0x6b28,0x6265,0xac48,0x8388,0x7b27,0xb488,0xa429,0x8b88,0x93a8,0xac49,0xa4ad,
0x8bc9,0x8b46,0x8326,0x9be9,0xb4ac,0x9c0a,0x8326,0x7b69,0x7b48,0x9be8,0x9c0a,0x9be9,0xb449,0x9be8,0xa409,0x8327,
0x9367,0x8388,0x7327,0x8368,0x8ba9,0xa42a,0xa44a,0x7348,0x5ac6,0x6b04,0xac89,0x8ba7,0x8ba7,0x9bc9,0x8b66,0x8b87,
0x72c5,0x6ac5,0x8b89,0x8326,0xa44b,0x8b89,0x8326,0x6244,0x8c0b,0xa4ce,0x83aa,0x7b69,0x7b27,0x93c9,0x9bc6,0x9c07,
0x9ba6,0x8b87,0xa44b,0xbccb,0xac4a,0x9bc8,0x8b87,0xac29,0x9be9,0x7308,0x73ab,0x73ab,0x6b6a,0x6ae8,0x9ba7,0xac2a,
0x9c0a,0xac28,0xac6a,0x7b27,0x9ba7,0xb449,0xac6a,0xa44b,0x8bea,0x62a4,0x62c4,0x41e2,0x4a43,0x5ac6,0x83c8,0x7366,
0x5aa4,0x6b24,0x62e4,0x62a4,0x5aa4,0x6b05,0x6b25,0x7b25,0xac4a,0x7b89,0xb48a,0xac29,0xa3e8,0x9387,0x6285,0x62a6,
0x7365,0x62e5,0x62c5,0x6305,0x6b46,0x7306,0x5a84,0x62e4,0x7366,0x6b45,0x5ac3,0x5282,0x62e4,0x52a3,0x6b26,0x8386,
0x93c7,0x9bc8,0x9bc9,0x8326,0x72c5,0x6265,0x93a8,0xbc89,0x9bc8,0xac8b,0xc54d,0xbcec,0x9c09,0xb46a,0x9c0a,0x83cb,
0x7bab,0x6b28,0x6b08,0x7b27,0x9c0a,0x7327,0x8b87,0x8ba8,0x7b25,0x93c8,0x8368,0x9be9,0xa3e8,0x9c0a,0x8368,0x8348,
0x9388,0x8b88,0x72e5,0x8368,0x8389,0x7b27,0x9ba7,0x7306,0x62e6,0x83c7,0xa44a,0x7b45,0x6ae4,0x8b66,0x7b26,0x62a5,
0x7307,0x8347,0x9bc9,0x9367,0xacae,0x9bea,0x8389,0x7b8a,0x62c6,0x62a6,0x6ae7,0x6ac6,0x9bc9,0xac29,0xac49,0x93a7,
0x93a6,0xb488,0xb48a,0xa409,0x7b28,0xac4a,0xb489,0xa408,0x8b46,0x62c8,0x73ab,0x738b,0x6b6a,0x5266,0x93a7,0x9ba8,
0xa3c6,0xbc89,0xb48b,0x9bc8,0xb4ab,0xb48a,0x9be8,0x93a8,0x8ba8,0x7b66,0x6305,0x6b27,0x5264,0x4a63,0x7386,0x6305,
0x5ac4,0x52a3,0x4a43,0x6ac5,0x7325,0x83a5,0x7364,0xa427,0xb48a,0x93c9,0xa409,0xac6b,0xac4a,0x8b68,0x6b8b,0x634a,
0x5ac5,0x62e4,0x6304,0x5ac4,0x6325,0x7386,0x6305,0x6304,0x62e4,0x5aa3,0x7367,0x62e6,0x62e4,0x8386,0x7346,0x5ae5,
0x6b24,0x8bc9,0x736a,0x8326,0xa42a,0x9386,0x8327,0x9be8,0xac6a,0xb4ab,0xac8b,0x9be9,0x8ba8,0xac29,0x8ba8,0x8326,
0x5a65,0x5aa7,0x6ae7,0x6aa5,0x8b67,0x6ac5,0x62c4,0x8346,0x7b04,0x7b45,0x9be9,0x8ba9,0xa42a,0xa42a,0x8368,0x8347,
0x9bea,0x72e6,0x6285,0x5266,0x6b28,0x8bca,0xb4ee,0x8347,0x72e6,0xa48e,0x9c4d,0x6264,0x7b48,0x6ac6,0x5265,0x6ae7,
0x7b48,0x7b48,0x8b46,0x9be8,0x6ac6,0x83cb,0x9c8e,0x8c4e,0x62e7,0x6ac5,0x7b26,0x940a,0x83a8,0x9386,0xac49,0xa429,
0x93a7,0x9bc8,0x9386,0x9be8,0x9bc6,0xb468,0xac6a,0xa409,0x8306,0x5a87,0x632a,0x634b,0x5267,0x62a7,0x83aa,0x8beb,
0x8347,0x9bc8,0x93a7,0xb448,0xbccb,0xac6a,0x9bc7,0x8b65,0x9be6,0x93e8,0x7b46,0x8be9,0x7326,0x6b05,0x4a62,0x5284,
0x5284,0x4223,0x4222,0x5263,0x8c68,0x83e5,0x9c07,0xac6b,0xa408,0xb449,0x8b68,0x7307,0x6ac7,0x62a6,0x5ae9,0x4a67,
0x5ac7,0x5a85,0x7325,0x62e4,0x7386,0x6325,0x5ae5,0x8c0b,0x9c8d,0x5ac4,0x52a3,0x83e7,0x7b66,0x8b88,0x7346,0x6b04,
0x7306,0x7307,0x62a5,0x7b05,0xa3e9,0x9be8,0x7b27,0x9be7,0xac69,0xaccd,0x8389,0xa409,0xb48a,0xa429,0x9bc8,0x9bc8,
0xacce,0x9c6c,0x6243,0x7b05,0x8347,0x6ae5,0x62c4,0x7b05,0x8345,0x8b85,0x93a7,0x62c8,0x6ac6,0x8b46,0x9c0b,0x8326,
0x8b47,0x6ae6,0x5aa5,0x8388,0x8beb,0x8368,0x942b,0x6b07,0x8bca,0x9c2b,0x7b48,0x7b27,0x8c0c,0x62e8,0x62c7,0x8368,
0x83aa,0x8baa,0x7b27,0x6b06,0x62e7,0x9c6d,0x8c2c,0x8c2c,0x6b28,0x7328,0x7b27,0x8365,0x6b04,0x8b86,0x9ba6,0x8347,
0x9bc8,0xa44b,0x7b05,0xa3e7,0xa408,0xac29,0xa3e8,0xa3e8,0x9bea,0x8348,0x5a66,0x5a66,0x6ae8,0xad10,0x8c2c,0x946e,
0x7b69,0xa44a,0x9be8,0xac28,0xb46a,0xac29,0x9b86,0x7b45,0x7b44,0x6ae4,0x5263,0x4222,0x7347,0x7b67,0x4a23,0x5263,
0x4a63,0x4a43,0x4a63,0x5aa4,0x6305,0x62c4,0xb48a,0xac28,0x9385,0xa3e8,0x93a8,0xa409,0xa3e9,0x62a6,0x634a,0x6329,
0x6b09,0x5a45,0x8326,0x7b45,0x6ae4,0x6303,0x9cae,0xa4ef,0x9c8e,0x6b27,0x62e4,0x7384,0x8367,0x8367,0x7325,0x8b87,
0x7b47,0x7326,0x7305,0x7b06,0xac4a,0x9387,0x8b46,0x9bc7,0xa429,0x83a9,0x62e7,0x8b87,0xac6a,0xac4a,0xac4a,0xa42b,
0xbd91,0x9c8d,0x6aa5,0x7ae4,0x93a8,0x7306,0x83c5,0x7345,0x8345,0x7b06,0x8346,0x7b06,0x9386,0x9be9,0x7ae5,0x9bc8,
0x93c9,0x9bc8,0x9bc8,0x93e9,0x83cb,0x83aa,0x7327,0x7b27,0x93e9,0x8389,0x8389,0x7b67,0x6b26,0x7308,0x8b87,0x8366,
0x9c0b,0xac8d,0x7b47,0x5aa1,0x62c5,0x736a,0x7bab,0x62e8,0x5266,0x8bca,0x7b46,0x8b66,0x9be7,0x9c08,0x9c0a,0xa3e8,
0xac4a,0x93a6,0x8344,0x9bc8,0x93a8,0xa409,0xa46c,0x8b88,0x9bc8,0x9387,0x9bc8,0x8b68,0x944c,0x9caf,0x948e,0x83eb,
0x6ae7,0x93a7,0x8ba8,0xa407,0xa3e8,0x8b66,0x9bc8,0x93c8,0x6ae4,0x5284,0x5aa4,0x4a43,0x5263,0x62a3,0x7b47,0x6b45,
0x4223,0x4203,0x5264,0x72c5,0x72c4,0x62e4,0x9be7,0x9386,0x8b45,0xa407,0x9bc8,0x9bc9,0xa40a,0x7ae6,0x5ac7,0x5b09,
0x8b88,0x8b67,0x9bc9,0xac8d,0x8346,0x6ac5,0x8c0b,0x946d,0x946c,0x9c8d,0x7ba9,0x6b04,0x8367,0x8347,0x8b66,0xa44a,
0x83a8,0x72e5,0x6285,0x7328,0x93a8,0xac07,0xb469,0x8b67,0x93c9,0xac4a,0x93a8,0x9388,0xac4a,0x9c4c,0x9c0a,0x7b28,
0x7b8a,0x6ae7,0x8b67,0xac6b,0x7b45,0x5a83,0x7325,0x8385,0x7b05,0x72e6,0x9387,0xa3c7,0x9be9,0xa42b,0x8347,0x8389,
0x9388,0x9c0a,0xb44a,0x8ba9,0x7329,0x8bca,0x8389,0xbcee,0x8ba9,0x7b48,0x6b07,0x5ac4,0x5ac4,0x5244,0x7365,0x7325,
0x6ac6,0x7326,0x62a3,0x9c28,0xa44a,0x5a64,0x5285,0x5265,0x7b69,0x7be7,0x6b43,0x7305,0x8b87,0xa44b,0x8b87,0x9bc7,
0x8b67,0x7b05,0x8b87,0x93a8,0x93a8,0x9c2a,0x83ec,0x7349,0x9be9,0x9bc8,0x9c2a,0x9388,0x6ac7,0x6b09,0x738b,0x6ac7,
0x62c7,0x6308,0x7328,0x8346,0x9bc7,0x9be7,0xa409,0x9bc8,0x5a83,0x5aa4,0x6306,0x5ac5,0x5284,0x62e4,0x62a4,0x7346,
0x6345,0x4223,0x7b67,0x9bc8,0x9387,0x7304,0x8b88,0x9387,0x9bc7,0xac08,0x9bc8,0x9bc9,0x9388,0x8b67,0x8368,0x7307,
0xac6a,0xac4a,0x8b67,0x93c9,0x9427,0x83a6,0x7b49,0x8c0c,0x8c0b,0x7b88,0x6b07,0x93e9,0x93a7,0x9be9,0x93a8,0x8346,
0x8346,0x8b87,0x7b48,0x7307,0x9bc7,0xac49,0x8368,0xa409,0x8348,0xa42a,0xa429,0x8bc8,0x8ba8,0xa409,0x8b88,0x72c6,
0x72e6,0x8306,0xbd2f,0xa44c,0x5a82,0x7324,0x9bc8,0x7b06,0x5a64,0x6ae5,0x9386,0x9bc7,0x9386,0x93c9,0x8327,0x6a84,
0xac4a,0xa42a,0x9c2a,0x93c9,0x8368,0x7348,0x83aa,0x9c09,0x8367,0x8367,0x7b46,0x6b24,0x5ac4,0x5283,0x4a42,0x5283,
0x5263,0x5ac2,0x7305,0xc54f,0xc52f,0x93c6,0x6b23,0x6ac3,0x8365,0x8b87,0x8366,0x6b05,0x8347,0x9be9,0x93a7,0x93a8,
0x6ae5,0x8367,0xa48d,0x93ca,0xa40a,0x9ba8,0x62a6,0x7b48,0x93ea,0xa44a,0x9bc8,0x9bc8,0x7b06,0x6aa5,0x6ac6,0x6ac7,
0x738b,0x738b,0x73ac,0x5a86,0xa409,0xac6c,0x9bc8,0xac8d,0x7b06,0x5aa3,0x62c4,0x5ac4,0x4a23,0x5283,0x7b85,0x7bc6,
0x8406,0x6304,0x7b45,0x8ba8,0x7b26,0x8368,0x93a9,0x9387,0x9386,0x9bc7,0x93e9,0xac29,0xbd0f,0x9bc8,0x9c0a,0x9bc8,
0x9be9,0x8ba9,0x9387,0x9387,0x7b46,0x6ac5,0x7b26,0x7369,0x6b07,0x7306,0x72e5,0x9c8e,0x942c,0x9386,0x9387,0x8b67,
0xa3e7,0x9ba7,0x9388,0x8367,0xac6a,0x93c8,0x8347,0xac6a,0x9387,0x7349,0x7307,0x7346,0x5aa4,0x7306,0x6264,0x93a8,
0x93c9,0x8b68,0x940b,0x6265,0x8b88,0x93a8,0x93c9,0x6b06,0x5a84,0x6ac4,0x8345,0x62c6,0x8326,0x9367,0x8327,0x7b07,
0x9b87,0x9be9,0x93c9,0xb4ac,0xb4cc,0x9c0a,0x93e9,0xac49,0x93a8,0x7b05,0x944a,0x7386,0x5aa4,0x5ac4,0x4202,0x5243,
0x4a03,0x62e5,0x6283,0x93e8,0x9c0a,0x9bea,0x72e5,0x62c3,0x8b85,0x9ba8,0x8b66,0x7b85,0x7b45,0x9be9,0x9be9,0x8327,
0x72c4,0x8326,0x7b47,0x7b46,0x7327,0x7306,0x9ba8,0x9c6c,0x7349,0x8ba9,0x9bc8,0x9bc8,0x9bc8,0xb48a,0x93a8,0x62e9,
0x6bab,0x7c0d,0x52c8,0x6285,0x9be9,0x9387,0x9387,0x8b67,0x7b26,0x5263,0x5aa3,0x5263,0x5283,0x8406,0x7b65,0x83e6,
0x8c27,0x7b86,0x7b25,0x8b45,0x8b66,0x8ba9,0x7b27,0x72e6,0x72c5,0x8344,0x93a6,0xa3c7,0xa42b,0x8b89,0x8b46,0x8b88,
0x93ca,0x9be8,0xa46b,0xb530,0x940b,0x8389,0x942b,0x72c4,0x8b66,0x8ba8,0x8389,0x62e8,0x5a67,0x8346,0xac28,0x9c0a,
0xa3c8,0x9be8,0x8b88,0x7b27,0xbd2e,0x9c08,0xa42a,0xacee,0x9c6c,0x8bca,0x7b06,0x62c4,0x5aa3,0x62e3,0x6b04,0x5263,
0x5224,0x8347,0x8347,0x8beb,0x838a,0x6b08,0x8347,0x9c09,0x93ca,0x8ba9,0x62a6,0x72e6,0x9bc9,0x9c0a,0x7b8a,0x5ae9,
0x7b48,0xb46b,0xa44b,0xac8b,0x9be9,0x9c09,0xa44b,0x8bca,0x93c9,0xa42a,0x7b65,0x5ac4,0x62e4,0x5243,0x5244,0x5263,
0x6b26,0x6ae6,0x7326,0x7b67,0x6285,0x6ac6,0x62c5,0x8c0a,0x83c8,0x8326,0x8326,0x6b04,0x7b24,0xa44a,0x93a7,0x9386,
0x7b05,0x8345,0x7345,0x6b23,0x6b23,0x6ae6,0x8349,0x7328,0x7b06,0x93a7,0x9be9,0x8368,0x93a7,0x9ba7,0x93a7,0x6286,
0x5287,0x5287,0x5a65,0x8b87,0x9be9,0x9366,0xa46c,0x9be9,0x8b86,0x6b48,0x6306,0x6ae4,0x6b24,0x73a5,0x7345,0x5ac3,
0x5ac3,0x93e7,0x93c7,0x7b26,0x7b46,0x62a4,0x62a5,0x6307,0x5ac6,0x6ae4,0x8ba9,0x8b47,0x9ba7,0xa3c8,0xa4ae,0xa4ae,
0x7ae6,0x9c2a,0xb50f,0xacce,0xbd71,0xb510,0x9c4c,0x8367,0x93a7,0x9bc8,0xa409,0x8b67,0x5ac8,0x62e7,0x9ba6,0xa3c7,
0xac6b,0x93c9,0x8326,0x72c5,0x9be8,0x7b27,0x6ac7,0x944c,0x6b07,0x7327,0x6ac5,0x6b24,0x7325,0x7325,0x6b25,0x5aa3,
0x5223,0x7ae6,0x8b88,0x7b69,0x7328,0x8389,0x9bc8,0xa42a,0x9bc9,0x7b69,0x6aa6,0xa3e9,0x9be9,0x8348,0x7328,0x8348,
0xb4ed,0x940b,0x9c0a,0xa46c,0x9c2a,0xa42a,0x93a8,0x9c0a,0xac8c,0xac6b,0x9c29,0x62c4,0x5aa4,0x5aa5,0x62c5,0x5aa4,
0x7b88,0x6b07,0x7347,0x7ba6,0x6b26,0x5263,0x7366,0xa4cd,0x83a8,0x7b04,0xa409,0x8ba7,0x8b66,0xa409,0xa42a,0x93a7,
0x7b05,0x83c5,0x6303,0x62e3,0x6b03,0x8387,0x838a,0x8347,0xac8c,0xa46c,0x9be8,0x93a7,0x8368,0x93e9,0x8b87,0x8b46,
0x8b26,0x8326,0x93a7,0x942b,0x6ae7,0x8306,0x8327,0x8368,0x9be8,0x7b47,0x7b26,0x6aa4,0x62a4,0x6b05,0x6ac4,0x52c3,
0x6b23,0x93c7,0x9be9,0x8347,0x8345,0x5283,0x7369,0x6328,0x52a6,0x62c5,0x8347,0x9387,0x9366,0x9c2b,0xad30,0xbdb3,
0x9387,0x93ea,0xbd70,0xb530,0xacef,0xb50f,0xacad,0x942b,0x7b27,0x93a7,0x9be9,0x72c6,0x4a26,0x5267,0x8305,0xbd30,
0xa4af,0x7b26,0x9387,0xbccd,0xac4a,0x8b67,0x9be9,0x8389,0x8367,0x6a85,0x6284,0x7345,0x6ae5,0x7327,0x5284,0x52a4,
0x5a64,0x8b68,0x7307,0x72c5,0x8326,0x9bc7,0xbcac,0xac4a,0xa409,0x7b26,0x9bc8,0xa3e8,0x9ba8,0x8369,0x8348,0xa429,
0x9c0b,0x6ac7,0x8388,0x9be9,0xb4ab,0x93ea,0x7327,0x9be8,0x93ea,0x9409,0x7b47,0x5a83,0x5263,0x62e6,0x6326,0x6304,
0x7345,0x6b27,0x62c4,0x6ac4,0x6ac4,0x62e5,0x5aa4,0x6b05,0x8388,0x93e9,0xa44a,0xa42a,0x9bc8,0x8346,0x7b46,0x8b84,
0x93a8,0x7b46,0x7b45,0x8387,0x8b47,0x8367,0x73ac,0xa46c,0xb4ef,0xbd50,0xb48a,0xb48b,0x9bc9,0x9c0a,0x8ba9,0x93a8,
0xa429,0x9be8,0x8ba8,0x8ba9,0x6285,0x8b68,0x93a8,0x8348,0x8b67,0xac8b,0x9c0a,0x93a7,0x8bc8,0x8b66,0x93a6,0x6b04,
0x8be5,0xac67,0x9c0a,0xa40a,0x8ba9,0x5a84,0x6b68,0x6307,0x5ae6,0x4a23,0x8325,0x9365,0x8b67,0x9c6c,0xad30,0xb550,
0x7ac5,0x83aa,0xa4ce,0xb550,0xb510,0xacef,0xb550,0x9c8d,0x5a65,0x7ac4,0x9365,0x7ac4,0x72c5,0x72c5,0x9bc8,0x8348,
0x6ac7,0x8347,0xb4ed,0xc52e,0xb4cd,0x9bc8,0xa3e8,0x9388,0x9388,0x8347,0x6284,0x6ae5,0x6ae5,0x5a85,0x5264,0x5aa4,
0x6284,0x93c9,0x8b68,0x8326,0xa429,0xb469,0xa42a,0x9b87,0x8348,0x72e7,0xa409,0xac08,0xac08,0x8368,0x8ba9,0x9ba8,
0x9be9,0xa409,0x8b88,0xa42a,0xbccc,0x8348,0x8347,0x7326,0x7345,0x6304,0x6b45,0x52a3,0x4223,0x5ae5,0x6325,0x5ae4,
0x6b26,0x5ac5,0x5ae5,0x6b05,0x72e5,0x6ac4,0x4a23,0x7b45,0x7b47,0x8389,0x9c2b,0x93c9,0x7b25,0x6ac6,0x8368,0x8b45,
0x93a8,0x8b66,0x9367,0x93a9,0x8b48,0x7ae6,0x62a6,0x93ea,0xac8b,0xb4cc,0xa44a,0x7b8a,0x7b48,0xac28,0x8389,0x8347,
0x93a8,0x8b68,0x8347,0x8b45,0x8326,0x9387,0x93c9,0x93ea,0x9c2a,0x9be9,0x8b88,0x9c09,0x7b07,0x9c2a,0xa46b,0x7b05,
0x9bc6,0x93a7,0x8b67,0x7b07,0x8347,0x62a5,0x4224,0x52a6,0x5284,0x7b25,0x9386,0xa408,0x9be9,0x8beb,0xad10,0xad0f,
0x8bca,0x72e6,0x942c,0xa4ad,0xacef,0xad10,0xa4cf,0x7b69,0x7b06,0x9c08,0xb4aa,0xa429,0xb46a,0xa409,0x8326,0x5224,
0x72c5,0x7ae5,0x8b88,0x93a8,0x93a8,0x8bc9,0x8ba9,0x8ba8,0x8b68,0x7b05,0x5263,0x6b05,0x62c4,0x5aa4,0x4a43,0x6ae5,
0x7b26,0xb4ee,0x9be9,0xa3c7,0xa429,0x93a7,0x9bc8,0x7ae5,0x82e5,0x82e5,0x9386,0x93c9,0xa3e8,0xb46b,0x9c0a,0xbcec,
0xc54e,0xbced,0xa44b,0x93c8,0x8b68,0x7328,0x7b89,0x73a8,0x6304,0x7344,0x6304,0x5a84,0x62a4,0x62e5,0x5ac5,0x7b88,
0x62e7,0x6306,0x5b05,0x5ac4,0x5aa4,0x5aa4,0x5264,0x5223,0x62a5,0x7306,0x62e4,0x7344,0x7324,0x7b05,0x9386,0x9be6,
0xa3e7,0x8305,0x7b06,0x6ac6,0x7b69,0x9c2b,0xac27,0xa3e7,0x9be9,0x93c9,0x8bca,0x7349,0x8b89,0x9c2a,0xac4a,0x9bc8,
0x93a8,0x9387,0x9387,0x9be8,0x93a7,0xa44b,0xa3c7,0xb469,0xa44b,0xac49,0xa409,0x93c8,0x8b88,0xa46c,0x9c0a,0x8ba9,
0x9c0a,0x9387,0x9387,0x9387,0x93c9,0x8b66,0x6ac5,0x6aa4,0x8b65,0xa3e7,0x9ba7,0x8b67,0x8306,0x8bca,0xad30,0xad10,
0x940b,0x8b67,0x8348,0x940c,0x83ab,0x940c,0x8beb,0x7b28,0x9bc8,0x8b89,0xc54f,0x9be9,0x9366,0x7b06,0x5ac6,0x52a6,
0x5a65,0x8bca,0x8c0b,0x8389,0x8326,0x7b69,0x7307,0x7328,0x7b07,0x7b27,0x6b07,0x41e2,0x5263,0x5a83,0x5263,0x6aa4,
0x72e6,0x8c0b,0x6ac5,0x93a6,0x9be6,0x9ba7,0x7ac5,0x5a45,0x7b07,0xa3c7,0xa3c8,0x9366,0xa409,0x944c,0x8ba9,0xbccb,
0xb4cc,0xac4a,0x93c9,0x8b89,0x93a9,0x8ba9,0x6b09,0x7bc9,0x7387,0x7b05,0x7345,0x6b25,0x4a23,0x4a03,0x7327,0x6b06,
0x52c4,0x6367,0x52a4,0x62e4,0x5284,0x5284,0x4a43,0x7326,0x83a7,0x8ba8,0x8bc8,0x7b86,0x7b45,0x9385,0x9be8,0xac27,
0xa409,0x9388,0x9387,0x72c5,0x5aa7,0x62a7,0xbc68,0xcd0a,0xb48a,0x93a8,0x72e6,0x8b88,0xa44b,0x93a8,0x8b88,0x93ea,
0x9ba8,0x8347,0x8326,0xa44a,0x9bc7,0x8b87,0x9be7,0x9386,0x9ba7,0x9c09,0x9be9,0x9bc8,0x9bc9,0x6ae7,0x7307,0x8347,
0x8b88,0xac29,0xa3e7,0x93ca,0x7b07,0x93a8,0x9bc8,0xa407,0xa407,0x9ba6,0x8367,0x72c5,0x8b67,0x8327,0x8baa,0x940c,
0x7bcc,0x7329,0x7b06,0x72c6,0x7b28,0x72e6,0x72e6,0x9367,0xa408,0xa408,0x8b88,0x72a4,0x7ae5,0x6328,0x73aa,0x5b08,
0x736a,0xa510,0x842d,0x946e,0x7b48,0x8b67,0xa40a,0x8b88,0x8347,0x7b27,0x7b49,0x72e6,0x8ba8,0x8347,0x6aa4,0x7306,
0x6b05,0x5283,0x6284,0x8345,0x8ba5,0x8345,0x7b06,0x7ae6,0x8325,0x93a7,0xac4a,0x8346,0x8b67,0x8348,0x9c0a,0x9c2a,
0xbced,0xb4cd,0xa42a,0xac2a,0x9be9,0x9be9,0x8367,0x6b26,0x62c5,0x72e5,0x7305,0x62c4,0x6304,0x6b24,0x7346,0x83c7,
0x6b45,0x52a3,0x4a42,0x5aa4,0x4a64,0x5284,0x5263,0x62c4,0x5ac4,0x62e5,0x9c48,0x8bc7,0x9bea,0x9365,0xa3e5,0xa408,
0x9bc8,0xb428,0xac49,0xb468,0x8b47,0x9386,0xa408,0xbcaa,0xb46a,0xa42a,0xa3e7,0xb46a,0xa42b,0x8b88,0x7b07,0x93a9,
0x93a8,0x93a8,0x9367,0x9ba7,0x93e7,0x7387,0x83e8,0x7b47,0x7307,0x8b68,0xacad,0x8b88,0x8348,0x8baa,0x72e5,0x9bc7,
0x9be8,0xac4a,0xac4a,0x8b88,0x93a7,0xa40a,0x93a9,0xa3e8,0xa428,0x8b45,0x8326,0x9c2a,0x8c4d,0x7b27,0x8b67,0x7b07,
0x6b8c,0x5a66,0x940b,0x93c9,0x9be9,0x9c09,0x9387,0x8ba9,0x9bc7,0xac27,0x7ac3,0x93ca,0x8389,0x5ae7,0x5b29,0x39e4,
0x7bcb,0x9caf,0x8c4d,0x946e,0x7bcb,0x8b88,0xb44a,0x8b89,0x8389,0x8326,0x6ac7,0x7b26,0xa46c,0x7b88,0x62e4,0x62c4,
0x6345,0x7386,0x6ae5,0x6285,0x5223,0x6ae5,0x8ba8,0x93c9,0x93a7,0x8ba7,0x93c7,0x9ba6,0x9bc8,0x8348,0xac6b,0x93a9,
0xb48b,0x9c2b,0xb4ce,0x8b89,0x8369,0x7b26,0x6b24,0x6324,0x6326,0x7b46,0x7b45,0x7304,0x9407,0x93e8,0x6b05,0x8409,
0x7386,0x5ac4,0x5a84,0x4284,0x5b25,0x5ac4,0x5284,0x6b25,0x6305,0x5263,0x6b03,0xa4aa,0x8b88,0x8b24,0x9ba5,0x9365,
0xa3e6,0xbccb,0xac08,0xac08,0x8326,0x9ba7,0x9367,0x93a7,0x9be9,0xac07,0xac29,0x8b88,0x72c6,0x8b67,0x9be9,0x9bea,
0x8347,0x7b48,0x93a8,0xa429,0x83e8,0x844a,0x8429,0x6307,0x62c8,0x8326,0xb4ed,0x8c0c,0x7308,0xa4ae,0x7b06,0xa409,
0x9388,0xac2a,0xa3e8,0xbcab,0xac6a,0x93a8,0x9388,0x93a7,0x93c7,0x8b24,0x8326,0x8c2c,0x62e8,0x8368,0xa44b,0x8b47,
0x52a8,0x7b49,0x93a8,0x8b68,0x8b67,0x9c2a,0x8389,0x83aa,0x9bc7,0xa3e7,0x9bc7,0x940b,0x93c9,0x6aa5,0x4a04,0x72c6,
0x7b89,0x948e,0x9ccf,0x738b,0x5266,0x8326,0xac29,0x93c9,0x7b48,0x9bc7,0x8347,0x7b48,0x7b06,0x6b06,0x7b46,0x5a63,
0x5ac4,0x5264,0x5263,0x62c6,0x7306,0x8be7,0x8ba7,0x8b88,0x8b66,0x9c28,0x7b86,0x7b26,0x9bc7,0x9bc8,0xa44b,0x9bc8,
0xac6b,0xc56f,0xcdb0,0x62e9,0x5aa9,0x7b26,0x8bc7,0x7366,0x6305,0x6ae5,0x7324,0x8ba7,0xa48c,0x9c2a,0x5a84,0x4202,
0x5283,0x5a64,0x4a23,0x4284,0x52a4,0x7284,0x83c7,0x8c47,0x6b66,0x7385,0x62e4,0x6ae4,0x8325,0x93a8,0x93eb,0xa46c,
0x9be9,0x9366,0xa44a,0x8b88,0x6a86,0xa3c6,0xa3a6,0x9b86,0x9387,0xa408,0xac29,0x8b88,0x8b88,0x9be9,0xb4ac,0x93c9,
0x8347,0x7307,0x9be9,0x9c2b,0x6b05,0x7bc7,0x6325,0x62c7,0x8b68,0xac8c,0xa48d,0x7308,0x7307,0x8b88,0x9387,0x9bc8,
0x8327,0xac4a,0xa3e8,0xa409,0xa44b,0xa3c8,0xa409,0x8365,0x6ac4,0x8b67,0x9387,0x7b27,0x6ae7,0x8368,0x9be9,0x93c9,
0x6309,0x93ca,0xac4a,0xac4a,0x940b,0xacee,0x8bca,0x7b27,0x9be9,0x93ea,0x93e9,0x942c,0x7328,0xac6c,0xac6b,0xa44b,
0x8347,0x6ae8,0x62c7,0x5a86,0x7b27,0x9bc9,0xa44b,0x93c9,0x93a7,0xa42a,0x8beb,0x5265,0x7306,0x8367,0x8b87,0x62e4,
0x5aa4,0x62c4,0x4a22,0x7ba8,0x7b87,0x7b66,0x7b67,0x6283,0x6ae4,0x7345,0x7325,0x7b27,0x8b47,0x8b89,0x62e9,0x82e5,
0x72c6,0x7307,0x9c2a,0x72e6,0x72a5,0xac29,0xa44a,0x7b26,0x8ba8,0x9387,0x8ba5,0x83a6,0xb4ee,0x7347,0x8bc9,0x7b46,
0x52c4,0x4a63,0x5aa4,0x5ac4,0x5263,0x5a43,0x7b65,0x6324,0x5283,0x73e5,0x7b65,0x8b86,0x8ba8,0x944d,0xad73,0xa511,
0x946e,0x7b27,0x8baa,0x83ec,0x7307,0x8b67,0x8b88,0x9365,0x9386,0x93a7,0xa409,0xac29,0xac29,0xac2a,0xb48b,0xa409,
0x8b88,0x7b28,0x9388,0x9bc7,0x9c29,0x7326,0x6283,0x72e5,0x8b67,0x8c0c,0x7b8a,0x7b07,0x93c9,0xa409,0x93c9,0x9387,
0xa3e8,0xac4a,0x9c0a,0x8348,0x8348,0x9bc8,0x9bc9,0x8327,0x83cb,0x93ca,0x9387,0x93a8,0x93e9,0xa409,0xac4b,0x9c0a,
0x62c7,0x8ba9,0xb4cc,0xa429,0x9c0a,0x9c6c,0x8bca,0x5a45,0x7b28,0x8beb,0x7328,0x8b88,0x93a7,0x9bc8,0x93c9,0x8bca,
0x940b,0x9387,0x7b27,0xa409,0xb4cc,0x8326,0x8b68,0x8b87,0x9387,0x8b88,0x7306,0x7b05,0x9c4c,0x93c9,0x62c5,0x6305,
0x5a83,0x62c4,0x62e4,0x5264,0x5264,0x7325,0x7b45,0x62c3,0x5243,0x4a23,0x7b46,0x9c09,0x9c2b,0x8b88,0x8326,0x9ba7,
0x7b8a,0x7bac,0x5245,0xa409,0xbcaa,0xc50e,0x93c9,0x9be7,0xac69,0x9ba6,0x7345,0x5264,0x5a85,0x6b07,0x9c2a,0x8367,
0x6ac5,0x5aa3,0x5aa4,0x5ac4,0x62e4,0x7b66,0x72e4,0x6243,0x7b26,0x8366,0x8ba8,0x9c6c,0xacef,0xa531,0xb594,0x9cd0,
0x946e,0x7bcc,0x8b46,0x9388,0x8306,0x8b45,0x9366,0xa3e7,0x9be8,0x93c7,0x7b06,0x93a7,0x9c08,0xa44a,0x8369,0x8347,
0xa409,0xac49,0xac28,0xa3e9,0x8b87,0x8b66,0x93a6,0x8b86,0x9366,0x7328,0x62a6,0x8b47,0x93a8,0xa409,0xa3a7,0xa3c7,
0x9bc9,0x93eb,0x93a7,0x93a7,0x9388,0x8348,0x8347,0x6ae7,0x946e,0x83cc,0x8b89,0xa40a,0xac8b,0xac4a,0xac4a,0x8347,
0x8347,0x8347,0x93a7,0x93a7,0x940a,0x8bea,0x940b,0x8348,0x940b,0x93ca,0x9be8,0x9be8,0xb48a,0xac49,0x8b88,0x6ac7,
0x93a8,0xa409,0x93c9,0xac6b,0x7306,0x7369,0x7369,0x72e6,0xa409,0x8b46,0x6ae4,0x8b65,0x93a7,0x8326,0x5aa4,0x5263,
0x52a4,0x6b25,0x5ac4,0x5ac4,0x7345,0x6325,0x5aa3,0x5263,0x5283,0x6ac5,0x83a6,0x7b65,0x8325,0xa408,0xb469,0x8b87,
0x7328,0x6b6b,0x7328,0x93e7,0xa46a,0xb46b,0xac4a,0xac6b,0xac6b,0xa408,0x7b26,0x62a5,0x5223,0x72e6,0xa46b,0x9c2a,
0x6a84,0x6a85,0x7b05,0x7b46,0x6b25,0x7b85,0x8366,0xac6a,0x9bc8,0x9387,0x8bca,0xad0f,0xb592,0xa532,0xa532,0xa4f1,
0x9cd0,0x7bab,0x7b06,0x9ba8,0x9386,0xa407,0x9386,0x93c7,0x83a8,0x7326,0x93a8,0x93e7,0x7ba6,0x7366,0x7b69,0xac6a,
0x9c06,0xa466,0xbcca,0xa409,0x9385,0x8347,0x9be7,0x9be7,0xa408,0x9c09,0x8b67,0x8b46,0x93a8,0xa3e9,0xbccc,0x93a9,
0x9bc9,0x8b8a,0x8b87,0x8325,0x93a8,0x7b69,0x7baa,0x5ac7,0x5ac7,0x6b28,0x6ae8,0x8b89,0xa409,0xb46a,0xa46c,0x93a7,
0x9c0a,0xac49,0xa409,0x9bc8,0x8326,0x7b48,0x8369,0xac8c,0xad10,0x838a,0x9c09,0xb46a,0xac6a,0x93c9,0x93a7,0x9be9,
0xa409,0x9387,0xa408,0x8b88,0x73ab,0x6b8b,0x736a,0x6ae7,0xb48a,0xa42a,0x9be8,0x8b66,0x72e4,0x6284,0x5a83,0x62e4,
0x6325,0x6324,0x6b46,0x6305,0x5aa4,0x6b26,0x62e5,0x5a83,0x62a4,0x8346,0x7b85,0x83a5,0xa409,0xa3e8,0xa3e7,0x8367,
0x72c5,0x6ae7,0x7306,0x6ae4,0x6b25,0x93c7,0xac6b,0x9c0a,0x72e7,0x8326,0x8b45,0x7b05,0x7b26,0xacad,0xa46b,0x8ba9,
0x5ac4,0x7325,0x9bc9,0x7b26,0x72e5,0x7b24,0x93c7,0x9bc8,0xa48b,0x8b67,0x7b69,0x9c8e,0xad32,0xa511,0xa511,0xa4f1,
0x946e,0x7349,0x7b05,0x9ba6,0xac4a,0xac69,0x9bc7,0x7b24,0x8386,0x9be7,0x7b26,0x6ae5,0x6ae4,0x7345,0x9c09,0x9c09,
0x8be5,0x8be5,0x9c26,0xa406,0xac48,0x9bc7,0xa426,0xa425,0xa428,0x93a7,0xa408,0xa3a5,0xa409,0xa409,0x9ba8,0x8b26,
0x8b88,0x9bea,0x9387,0xa3c6,0x9b65,0x8347,0x6308,0x7baa,0x6ac6,0x8b46,0x7b28,0x8ba9,0xb48b,0xb48a,0xac4a,0x9bc9,
0xac8c,0xac4a,0xac29,0x9ba8,0x8389,0x8b88,0xac4a,0xac6b,0x7307,0x8348,0xbccc,0xac6a,0xac8b,0x9c0a,0xa44b,0x9be9,
0x8ba9,0x8347,0x9be9,0x7b07,0x6b4a,0x736a,0x632a,0x5a85,0x8347,0x9c0b,0x8b67,0x93c8,0x7305,0x62a4,0x62c5,0x62c4,
0x62e3,0x62e4,0x6325,0x7388,0x62e5,0x5284,0x4a23,0x7305,0x8387,0x8ba7,0x62e4,0x8ba7,0xa3e9,0x8389,0x8368,0x93c9,
0x83aa,0x6ac5,0x8b87,0x8ba8,0x6ac5,0x7368,0x8bc9,0x9bc9,0x8b89,0x83a9,0x7306,0x7ae5,0x93e9,0xaced,0x9c2a,0x6b07,
0x52a2,0x7324,0x9be8,0x8387,0x7304,0xa42a,0x9c0c,0x7b06,0x8b46,0x8306,0x8beb,0xa511,0xa4d0,0xa4f0,0xad31,0x946e,
0x8c2d,0x7b28,0x9386,0xa426,0x93a7,0x93e7,0x9c07,0x8ba5,0x7b06,0x8367,0x7b26,0x62c4,0x7364,0x7b65,0x9c68,0x7b65,
0x7384,0x7344,0x8bc6,0xa406,0x9c47,0x93e7,0x8bc6,0x8bc4,0x8ba7,0x8368,0x9bc8,0xb48b,0xa3c6,0x9324,0x7aa5,0x72e7,
0x8389,0x9bc7,0x8b24,0xb448,0xb448,0xac6b,0x7b07,0x7307,0x9bc8,0xac29,0xac4a,0xa42b,0xac6c,0xac6a,0x9be9,0x9be9,
0x93a8,0x93a8,0xac6a,0x9bc8,0x7307,0x8b67,0xb4ab,0xbced,0x9be8,0xac8b,0xac6a,0x93a8,0x93c8,0xac6a,0xa449,0xa429,
0x9bc8,0x93a8,0x9bc8,0x9be9,0x7307,0x62c6,0x5266,0x7b27,0x7bab,0x72e6,0x7ae4,0x8347,0xb4cd,0xacac,0x7346,0x7326,
0x946b,0x5ac5,0x5283,0x6305,0x5a84,0x5263,0x4a43,0x7304,0x8ba8,0x9c4a,0x8366,0x9387,0xa42a,0x93ea,0x8367,0xa409,
0x9bc9,0x7b27,0xb4ac,0x9c09,0x9387,0x62c7,0x6ae7,0x8c0b,0x8c4d,0x83cb,0x7327,0x82e5,0x8b87,0x8367,0x6ae6,0x6aa4,
0x7345,0x8365,0x93a5,0x7b24,0x72e4,0x8327,0x7306,0x93e8,0x93c9,0x72a5,0x8389,0x8c2c,0x942c,0x9c8e,0x948f,0x83cb,
0x7b49,0x7b05,0xa446,0xa485,0x8ba4,0x8ba5,0x83e6,0x83a5,0x7306,0x7b06,0x8348,0x8386,0x6323,0x6b44,0x6304,0x7385,
0x62e4,0x7384,0x83e5,0x93e8,0x7364,0x62e4,0x62c4,0x62a3,0x7305,0x93c8,0xac49,0xa42a,0xa3e7,0xa3e7,0x7ae6,0x62a7,
0x6b08,0x93a5,0x9bc7,0x93a6,0x7b24,0xacad,0xa42b,0x8b67,0x9c0a,0xac28,0xac28,0xa3e8,0x93a8,0xa408,0x9be9,0x8b67,
0x7b49,0x93c9,0xac8c,0x9c0a,0xb48b,0x9c6d,0xac4a,0x9c0a,0x9be8,0x8387,0x8346,0x7b06,0xa409,0x8ba8,0xac8a,0x9c09,
0x8b86,0x9be9,0x8388,0x93a8,0x9be9,0x9be9,0x9388,0x9bc8,0x8b66,0x9387,0x6264,0x7ac3,0xa408,0x93c8,0x7b46,0x9429,
0x942a,0x62e5,0x5ac4,0x4a44,0x5264,0x62c4,0x4a63,0x5283,0x62c4,0x9c2a,0xb48b,0xa42a,0x7306,0x8367,0x93c8,0x9c0a,
0xac6c,0x8bca,0x8bc9,0x83a9,0x838a,0x93aa,0x9bea,0x8369,0x738a,0x83ec,0x8389,0x9367,0x8326,0x8bca,0x942c,0x7b05,
0xac49,0x9be8,0x9387,0x9365,0x8346,0x6ae7,0x7326,0x62c4,0x5a84,0x62a4,0x6304,0x6ae5,0x8bec,0x83cb,0x7b8a,0x7309,
0x7b25,0x93e8,0x8365,0x7ba4,0x83a4,0x7365,0x6b45,0x6b03,0x8346,0x9c08,0x83c7,0x6305,0x5243,0x62e4,0x5aa3,0x5ac3,
0x5264,0x62c4,0x62e4,0x62a4,0x5263,0x5ac4,0x62a4,0x62e5,0x6ae4,0xac6a,0xa42a,0x9ba7,0xa40a,0x8b66,0x93c8,0x7bab,
0x83cb,0x8366,0xa42b,0x7b06,0x6283,0x8b88,0x8368,0xa3e8,0xac49,0xb449,0xac4a,0xb48a,0x9be8,0xa408,0x8bca,0x8beb,
0x7b28,0xac8c,0xa44b,0xa44b,0xa44b,0x93c9,0x9c08,0x93c8,0x8366,0x7b66,0x7b65,0x7325,0x93c8,0x93c9,0xa429,0x83a7,
0x8366,0x93c9,0x93a8,0xac29,0x8b88,0x8b88,0x93a8,0x9387,0xa3e7,0x9bc8,0x72a4,0x8326,0x9be5,0x7b24,0x8ba8,0x9c0a,
0x5aa4,0x5ac4,0x62c4,0x4a43,0x4a43,0x5aa4,0x6b44,0x52a3,0x5a84,0xb4ac,0x9c09,0x8b86,0x7b47,0x8347,0x93a8,0x9be9,
0x9c0a,0x7306,0x8388,0x7348,0x6ae7,0x8beb,0x8bcb,0xa46b,0x6ae8,0x72e7,0x8347,0x8b46,0x8b66,0x9be8,0x7b25,0xbcec,
0xbd0e,0x7ae5,0x7b05,0x9ba7,0x9ba8,0x7b06,0x62a4,0x62c4,0x62e4,0x62e4,0x6304,0x4a43,0x6ac6,0x72c6,0x5a24,0x72c6,
0x9c28,0x7b64,0x6b03,0x7345,0x73a5,0x6b86,0x6b44,0x6305,0x72c4,0x7344,0x6b44,0x62c4,0x5a84,0x5a83,0x5a83,0x5263,
0x6ae5,0x83a6,0x6b04,0x6283,0x5ac4,0x52a3,0x62c4,0x6b25,0x5284,0x93c8,0xa429,0x93c9,0x93c8,0x8345,0x9386,0x83a9,
0x6328,0x7325,0x9bc9,0x93a8,0xac8c,0x7b26,0x9c09,0xac08,0xb46a,0xb48a,0xac29,0xac28,0x93a8,0xa409,0x8347,0x8348,
0x8bec,0xa48d,0xc50d,0xac8b,0x93ea,0x9bea,0x8367,0x7345,0x7b46,0x8388,0x7305,0x7b45,0x62c4,0x8346,0x93c8,0x8387,
0x7b46,0x9be8,0xa44b,0x93c8,0x93a8,0x8ba8,0x9388,0xb48a,0xac28,0x9345,0x9ba7,0x8b67,0x72e5,0x4a23,0x62e3,0x6ae4,
0x5a84,0x62e4,0x5283,0x52a4,0x52a4,0x5ae4,0x6b25,0x8bc6,0x7b45,0x6ae4,0x7306,0x6ae5,0x9c08,0xac49,0x9c09,0xa42b,
0x93a9,0x9c09,0x93e9,0x9be9,0xac6a,0x8b68,0x62a6,0x8389,0x7ae6,0x9be9,0xacce,0xacce,0x93e9,0x8367,0x8304,0x9be8,
0x93c8,0xa3c5,0xac28,0x9bc7,0x93a7,0x7b47,0x62a4,0x6b04,0x62c4,0x5263,0x5263,0x4202,0x7b06,0x93ea,0x8bca,0xa4ae,
0x7ae6,0x8b86,0x8325,0x7366,0x5b05,0x4a83,0x6b65,0x5ac4,0x5aa2,0x7b85,0x8306,0x8b86,0x6b24,0x5a83,0x5263,0x4a64,
0x62c4,0x6303,0x62c3,0x6ae5,0x5243,0x6b45,0x5284,0x4a63,0x5243,0x72e5,0xa429,0x9c0a,0x8347,0x8326,0x7b46,0x8346,
0x5aa5,0x6b26,0x7308,0x7b06,0x7b48,0x8368,0xa44a,0xb48a,0xa42a,0xac49,0xa44b,0x7b27,0xac49,0xb448,0xb4ab,0xbccb,
0xa42a,0xac6a,0xb4ac,0xac8b,0x93e9,0x7308,0x9bea,0x7346,0x6b04,0x7326,0x7306,0x6ae5,0x5a84,0x93eb,0x9c4b,0x6b04,
0x62c4,0x93c9,0x8b87,0x7b25,0x8ba7,0x8386,0xa449,0xac28,0x9345,0xabe6,0x9386,0x8b46,0x62a6,0x5a64,0x83a4,0x7365,
0x5a83,0x5ac4,0x5a63,0x62c4,0x6345,0x5b04,0x62a4,0x8ba6,0x6b24,0x5aa3,0x72e5,0x9be7,0xac49,0xa44a,0x8ba9,0x9bc9,
0x8b88,0x9c2a,0x93a8,0x93a8,0x93c9,0xa40a,0x8327,0x6aa6,0x8347,0xbd70,0xb530,0xbd92,0xacce,0x9c2b,0x8346,0x9be8,
0xa3c5,0x9ba6,0x8368,0x8b67,0x8b67,0x6284,0x62c4,0x5a83,0x6b26,0x5aa4,0x5263,0x5264,0x7307,0xacef,0xa4ce,0x9c6d,
0x7b48,0x8326,0x93e9,0x7367,0x6b66,0x6b85,0x73c5,0x6b05,0x8365,0x83a6,0x7366,0x7b86,0x52a4,0x5243,0x5a83,0x5aa4,
0x5283,0x7346,0x7b66,0x9409,0x5aa4,0x4a43,0x4223,0x5283,0x5283,0x6ae4,0xa42b,0x8347,0x9366,0x8b46,0x6ae6,0x8b45,
0x7b68,0x73ab,0x7bcc,0x6309,0x7307,0x9be8,0x93c9,0x9bc6,0xac48,0x9bc9,0x6265,0xa429,0xbcca,0x9387,0xb4ac,0xc52e,
0xb4ab,0xb48a,0xb46a,0xa42a,0x9c28,0x93c7,0x7b27,0x62c5,0x62e4,0x62c4,0x5a83,0x4a42,0x5263,0x6ae4,0x5aa3,0x5aa4,
0x62a4,0x8b87,0x9c09,0x8387,0x6b04,0x6b44,0x8c06,0xa3e7,0x8326,0x9bc7,0xac28,0x9bc9,0x8b88,0x8325,0x9469,0x6b64,
0x62e3,0x62c3,0x7305,0x72e5,0x7365,0x6b64,0x8385,0x7b65,0x8385,0x7b66,0x8b87,0xac49,0xac4a,0x9be9,0x9be9,0x93ea,
0x7b28,0x9ba7,0x9388,0x93c8,0x9c09,0x9ba8,0x9c0a,0x8326,0x93c9,0xacef,0xbd51,0xc5b2,0xb52f,0xb4ee,0x7306,0x72c4,
0xa408,0x9c09,0x62e9,0x6b08,0x9b87,0x7ae5,0x5aa3,0x62e4,0x62e4,0x5aa3,0x4a63,0x5263,0x9c4d,0xbd92,0xb550,0xacef,
0x9c8d,0x72e6,0x93e9,0x8367,0x6305,0x5ae4,0x5283,0x7b46,0xac29,0x7b66,0x6b65,0x6324,0x7385,0x52a3,0x5aa4,0x5283,
0x62e5,0x8bc9,0x93e9,0x5aa4,0x5ac3,0x5263,0x5284,0x5a64,0x5aa4,0x8ba8,0xa408,0x9387,0x9bc7,0x9bc8,0x9be8,0x8b88,
0x6b4a,0x738b,0x8c4e,0x634b,0x6ae7,0xa408,0xa429,0x9be7,0xac49,0xb449,0xa409,0xbc89,0xa408,0x93a8,0xbcab,0xb4cd,
0x9c0a,0x93c9,0xb46a,0x9be9,0x93c7,0x93c7,0x62a4,0x5263,0x5aa4,0x5aa3,0x5ac4,0x5263,0x6b05,0x7b46,0x62c4,0x5a63,
0x6ae5,0xa44a,0x7b46,0x6b25,0x6b45,0x7385,0x83e4,0x8bc6,0x940b,0xb50f,0x9be9,0x93a8,0x8346,0x7b04,0x6ac4,0x62e4,
0x7b83,0x8384,0xa44a,0x8b47,0x83c6,0x73c5,0x62c4,0x7bc5,0x7b25,0x8b88,0x93c9,0x9be8,0xac6a,0xb46a,0x9be9,0x8ba9,
0x7b48,0x8ba8,0x8367,0x9c09,0x93e8,0x8367,0x9bea,0x9387,0x7b07,0x9c6c,0xb4ee,0xbd50,0xacef,0x940b,0x62a6,0x7ae4,
0x9ba6,0x93c8,0x6a85,0x8327,0x8b67,0x72c5,0x5a83,0x5aa4,0x5a63,0x5aa4,0x5a84,0x6a84,0x8368,0x944d,0x9c8e,0x942c,
0x7328,0x7b27,0x9bc9,0x8326,0x6304,0x62c5,0x7b05,0x8367,0xac6b,0x83a5,0x5ac3,0x7bc7,0x6b64,0x4a82,0x5282,0x5262,
0x8c2a,0x83ca,0x7b46,0x7344,0x6304,0x5ac4,0x62e5,0x6284,0x93e8,0xaccd,0x8ba8,0x8b66,0xa3e6,0x9bc8,0xa409,0x7b06,
0x62e8,0x73ab,0x6b6b,0x6b8b,0x62c7,0x93a8,0x9c08,0xac28,0xb489,0xb488,0xb46a,0xabe7,0x9387,0xb48a,0xb449,0xa44b,
0x8368,0x9c2a,0xb48b,0x9bc7,0x9be8,0x9c2a,0x7304,0x5283,0x5a84,0x5a83,0x5ac3,0x5263,0x62c4,0x6b05,0x940a,0x7305,
0x62c5,0x8387,0x7326,0x62e4,0x7366,0x6b45,0x6b63,0x7bca,0x6b09,0x8bca,0x9387,0x9bc7,0x7b27,0x93c9,0xa4ad,0x6b05,
0x8bc5,0x8385,0x8b87,0xa40b,0x8b67,0x62a4,0x5264,0x6324,0x6ae4,0xac4a,0x93c9,0x9be9,0xb48b,0xa42a,0x8389,0xa408,
0x9bc9,0x7b25,0x7304,0x93e8,0x7387,0x6b05,0x9bc8,0xa42b,0x8326,0x940b,0xa4ae,0x93eb,0x8389,0x6b07,0x8327,0xa3c7,
0x9bc7,0xa3e8,0xa409,0x9bc8,0x7b27,0x83ec,0x7b27,0x7b46,0x8347,0x6ae6,0x7307,0x8ba9,0x8b26,0x6aa6,0x6aa6,0x72c6,
0x72c6,0x93c9,0xacae,0x93a7,0x7b46,0x72e5,0x8b67,0x8367,0x7306,0x8bc8,0x7304,0x6324,0x4a62,0x5ac5,0x83ca,0x7b88,
0x6b26,0x62c5,0x5a84,0x4a43,0x5283,0x52c3,0x5264,0x6284,0x8ba8,0x7345,0x7b64,0xb468,0xb469,0x93c9,0x9388,0x9c0a,
0x72c5,0x62c8,0x4a26,0x7349,0x8bc9,0x8368,0xac6b,0xac49,0xb46a,0xac28,0xa409,0x9bc7,0x8ba9,0xa44a,0xb48b,0x9c0a,
0x7b48,0x9c0a,0xac4a,0x9be8,0x8be8,0x83c8,0x9c29,0x6ae4,0x62c4,0x5263,0x5ae4,0x62e5,0x52a4,0x62c4,0x8387,0x6ac5,
0x5a84,0x5263,0x7306,0x62a4,0x6305,0x7365,0x6324,0x6306,0x7328,0x93c9,0xbcaa,0xb489,0x9ba8,0xa42a,0x7bab,0x6ae5,
0xa408,0xac4a,0xa40a,0x8348,0x8b66,0x7b66,0x5ac4,0x5ac4,0x5a84,0x8326,0x7ac4,0x9be9,0x93a8,0xa429,0xac6a,0x93ea,
0x8ba9,0x93a8,0x8367,0x8345,0x6b46,0x8ba8,0x9c0a,0x9c0a,0xa429,0x8326,0x72e7,0x5a45,0x6ac6,0x8b67,0xa3e7,0x9c0a,
0xa429,0x9be8,0x8b88,0x7b26,0x6ac6,0x62e9,0x7b28,0x9c2b,0x7b28,0x8347,0x8389,0x72e7,0x8326,0x8b46,0x8b88,0x9bc9,
0xac08,0xac29,0x7b27,0x93a7,0xb46a,0x9be8,0x7b67,0x8324,0x8365,0x8c09,0x62c3,0x7325,0x7b67,0x8c2c,0xbd72,0xbd71,
0x7348,0x4a02,0x6304,0x6b24,0x5aa3,0x5283,0x5a84,0x62a4,0x6ac4,0x62e4,0x7324,0xa44a,0x9388,0x7b06,0x8305,0x8b87,
0xa42a,0x6a85,0x7308,0x944d,0x8c0b,0x93a9,0x9c0a,0xa44b,0x9bc8,0xa409,0x9be9,0xa408,0x9bc8,0x9bc9,0xa44b,0xa409,
0x7b47,0x7b47,0x93c8,0x8367,0x7b46,0x93e9,0x9c0a,0x7b86,0x62c5,0x62c4,0x62c5,0x7388,0x7388,0x5263,0x5a84,0x5263,
0x4202,0x5264,0x7b47,0x7346,0x7366,0x6b45,0x6b65,0x7b45,0xbcaa,0xc50c,0xc4ec,0x9c2a,0xac6a,0xbccb,0x7ae5,0x8326,
0x940a,0x8beb,0x8b89,0x8b88,0x8ba7,0x7b65,0x7365,0x7365,0x6ac5,0x93a4,0x8367,0x7b27,0x93a7,0xac8b,0xac8d,0x93a9,
0xa409,0x93a9,0x8389,0x8347,0x8347,0x93a8,0x93c8,0x8326,0x93ea,0x7b6a,0x6aa6,0x6aa5,0x93c9,0xac8c,0x9be9,0x8ba9,
0x9c2b,0x8ba9,0xa409,0x8b46,0x93a8,0x9ba8,0x8b67,0x8347,0x7ae6,0x7307,0x634a,0x5b09,0x5ac8,0x8306,0x9be8,0x9388,
0xa3e8,0xb46a,0x8b46,0x93a7,0xac2a,0x9bc7,0x8366,0xac6a,0x9be8,0x93a6,0x8346,0x940a,0xacef,0xad10,0xb531,0xa4cf,
0x8c0c,0x5244,0x83a4,0x83c5,0x6ae4,0x4a25,0x39e2,0x52a3,0x5283,0x5aa4,0x6ae3,0x93a6,0x9387,0xa3e8,0xb46a,0xacce,
0xad10,0x72e7,0x8326,0x93c9,0x8388,0x9be8,0x7b06,0x93a8,0x8347,0x8b67,0x7b06,0xac6b,0x9c0a,0xac49,0xac4a,0x93a8,
0x8ba7,0x8b86,0x942b,0x7327,0x8bc6,0x62e5,0x5ae4,0x8469,0x5aa5,0x62a5,0x7b89,0x7387,0x62e5,0x5aa4,0x4a43,0x5a84,
0x5ac4,0x5283,0x6ae5,0x6b04,0x6304,0x6305,0x6ae4,0x9bc8,0xbccb,0xbccb,0xbcec,0x7b28,0xa42a,0xc4eb,0x9c2b,0x8baa,
0x5aa7,0x6b2a,0x8348,0x9be9,0x9c2a,0x8387,0x7ba8,0x6304,0x7b24,0x93a5,0x9385,0x8b88,0x93ea,0x93c9,0xa409,0x9c0a,
0x9c0a,0x93e9,0x93a8,0xa42b,0xac6c,0xa42a,0xa42a,0x8368,0x73ac,0x6b6b,0x7349,0x8ba9,0x93a8,0x7b28,0x9c0a,0x93ea,
0xac6b,0xac6a,0x9bc9,0xac6b,0x9c0b,0x9bea,0x8b67,0x9388,0x9be9,0x738a,0x738b,0x634a,0x634a,0x6ac6,0xa3e8,0x8b88,
0xbcab,0xbccd,0xb48a,0xac28,0x8366,0x93c8,0x8367,0xb48b,0x93c8,0x9be8,0x8367,0x9c4c,0xad10,0xad10,0xad10,0xa4ce,
0x83cb,0x6ae5,0x6ae4,0x6ac3,0x62a4,0x5285,0x7364,0x7345,0x8386,0x7b65,0x8b85,0x8367,0xa3e8,0xa3e8,0x93a7,0x8348,
0x8bcb,0x7b07,0x8b46,0x9bc7,0xa408,0x9bc7,0xac29,0x93c8,0x8368,0xa429,0x93a8,0x8348,0x7b69,0x9be9,0xa44a,0x7b89,
0x83c7,0x8b86,0x7b07,0x6ae5,0x62c4,0x4a23,0x4a63,0x39e2,0x4a22,0x6b26,0x8c09,0x7ba8,0x8407,0x7366,0x4a84,0x4a63,
0x5283,0x8be9,0x8be8,0x9428,0x8ba6,0x7b45,0x8306,0x9bc8,0xa44a,0xb4ab,0xbccb,0xbccb,0xa409,0x9c0a,0x93a8,0x9388,
0x8347,0x8367,0x9bc8,0x8b46,0x9be8,0x8b68,0x8346,0x9be8,0x93e8,0x8b67,0x9bc6,0x940b,0x946d,0x6b08,0x8367,0x8326,
0x93c9,0x9c2a,0x93c9,0xa409,0x93c9,0x93a9,0x9bea,0x8b68,0x736a,0x736a,0xa48d,0x7b07,0xb46a,0xa40a,0x8bc9,0x93e9,
0x9c0a,0xa3e9,0xbccb,0xac8b,0x93a8,0x8306,0x9388,0x9c0a,0x9387,0x62e8,0x5b09,0x73ab,0x5ac8,0x6aa6,0xac08,0x9bc8,
0xb4cd,0xc52e,0xbccc,0xac48,0xa3e7,0x93c7,0x8346,0x9387,0x93c9,0x93a7,0x6aa4,0x6b26,0x8bea,0xa4cf,0x942a,0x7b86,
0x6b48,0x4a24,0x6386,0x4243,0x5263,0x7384,0x7384,0x7345,0x9c29,0x93a6,0xac48,0xac27,0x9ba7,0x72e6,0xa44b,0x9c2a,
0xacad,0x9bea,0xac4b,0xa3c7,0xa42a,0xac08,0xa3e8,0xac29,0xa44b,0xa42a,0xa42a,0x93a8,0x8347,0x9bc8,0x93a8,0x7b68,
0x8327,0x9bca,0x6ae5,0x4222,0x5243,0x5ac5,0x5283,0x5ac3,0x5284,0x62e6,0x7346,0x62e5,0x6326,0x5ae5,0x4ac4,0x4263,
0x4243,0x5ac5,0x6b05,0x83c8,0x9bc8,0x9be9,0x7349,0x9bc8,0x93c9,0xac69,0xb4ab,0xb4ab,0x9c09,0x9be9,0xac28,0x8327,
0x83aa,0x9ba8,0xa3e8,0xa3e7,0x9bc8,0x8b67,0xac4a,0xac6b,0x940b,0x8368,0x9bc8,0x83aa,0x8beb,0x7349,0x7b8a,0x6b08,
0x8347,0x93c9,0x93c9,0xac6b,0xbd0e,0x9c0a,0x93a8,0xac4b,0x83aa,0x6308,0x6b29,0x7306,0xac8b,0xa46e,0x8369,0x7b47,
0x8367,0xa429,0x9be9,0xa429,0x93ca,0x8389,0xb48b,0xac8d,0x8baa,0x9367,0x6265,0x5287,0x5224,0xa46b,0xac4a,0x93a9,
0x8b47,0xac4a,0xbccb,0xa429,0x93c6,0x9bc7,0x8ba9,0x7326,0x7306,0x62c5,0x62e3,0x6b43,0x83a7,0x942d,0x7b88,0x7385,
0x4a84,0x4243,0x4ac4,0x4264,0x5ac4,0x6b44,0x6b24,0x6303,0x7b66,0xac4a,0x9bc7,0xa407,0x9387,0x8b46,0x8347,0x8ba8,
0x8388,0x8b88,0x9be9,0x93a8,0x8b68,0x8b88,0xb48b,0xac69,0x8368,0x8388,0x83c8,0x7b66,0x7306,0x8b87,0x8be8,0x8ba7,
0x8366,0x8b67,0x62a4,0x4202,0x5264,0x62e5,0x6325,0x52c4,0x5284,0x5ac6,0x4a24,0x4a23,0x4a43,0x4a63,0x52c4,0x4a43,
0x52c4,0xaccd,0x9429,0x6b05,0x7b25,0xa409,0x9387,0xac28,0xac29,0xb48b,0x72e6,0x9be9,0xac8b,0xa408,0x7ae5,0x7b06,
0x6ac6,0x8326,0x9367,0x93a7,0x93a7,0x9bc8,0xa44a,0x93c8,0x93c8,0x93ea,0x9bc8,0x8ba8,0x7327,0x8c2c,0x8c4c,0x7bcb,
0x7b69,0x9387,0xa46c,0xbd2f,0xb4cd,0xac8c,0x940a,0x8b67,0x93a7,0x7b47,0x62a4,0x7b25,0x7327,0x6aa6,0xa429,0xac8b,
0xbcca,0xac08,0xa3e8,0x8ba9,0x8c4f,0x7bac,0x6b08,0x8b68,0x93c9,0xac4a,0xa42a,0x8306,0x9b86,0xa429,0x9bc8,0x9c0a,
0x9c0a,0xb448,0xa408,0x8365,0x8b85,0xac4a,0x8bc9,0x62c4,0x6b25,0x62e3,0x7344,0x62e4,0x5a86,0x62e7,0x6ae6,0x62c4,
0x3a43,0x42a4,0x4283,0x3a43,0x4a43,0x5ac3,0x6b04,0x6324,0x7345,0x9387,0xac6a,0xa44b,0x8b46,0xc50b,0xac49,0x8367,
0x7b68,0x9ba7,0xa3c6,0xa408,0xac4a,0xa429,0xac28,0xa408,0xa409,0x8367,0x62c4,0x5aa4,0x62c5,0x6ae4,0x62c3,0x6ac4,
0x83c6,0x7b86,0x7b46,0x62e5,0x5243,0x5a63,0x4a64,0x5ac4,0x4a63,0x5244,0x62c6,0x6305,0x52a4,0x6365,0x6b85,0x5263,
0x5ac4,0x8ba7,0x9429,0x8c08,0x5a82,0x7ae4,0x9bc8,0x9c0a,0x8bcb,0x93a8,0x9bc8,0xa3e8,0x93c8,0x7b47,0x738b,0x7348,
0x9366,0xa3c7,0x9be8,0x9bc8,0x8326,0x8b46,0xa3c7,0x8b67,0x9bc8,0x940b,0x93a8,0xac6b,0x93a8,0x7349,0x7bab,0x62e8,
0x6ac6,0x8b67,0xa46c,0xb4ee,0xacac,0xacac,0x9c0a,0x72c5,0x8b67,0x7b86,0x8383,0x9c08,0x9be7,0xa406,0x8ba9,0x93ca,
0x8b66,0x8bca,0x8ba9,0x7b27,0x6ae8,0x62e9,0x6ac6,0x9be9,0xac6b,0x93c9,0x93c9,0x9c0a,0xa4ae,0x940b,0x9c0a,0x9387,
0xa3c7,0xabe6,0x9ba5,0xa407,0xa409,0x8367,0x6b04,0x6b24,0x7365,0x7b84,0x6b04,0x5262,0x83a8,0xa4aa,0x7b65,0x6ae4,
0x52a4,0x5263,0x4284,0x4284,0x4a63,0x7324,0x7b24,0x8365,0x6b24,0x7304,0x93c9,0x8348,0x9ba6,0x9c09,0x9be9,0x62a6,
0x6ac6,0xb46a,0xb48a,0xa429,0x8b67,0xb46a,0xb48a,0x93c8,0x93ca,0x6ac5,0x6ae4,0x62c4,0x62c4,0x6b25,0x62a4,0x8b68,
0x7345,0x8b87,0x7325,0x6ae5,0x62c3,0x62e4,0x5283,0x5ac4,0x4203,0x6b26,0x7bc7,0x62e4,0x62a3,0x7365,0x5ac4,0x4a03,
0x5a85,0x8c08,0x8386,0x5aa5,0x6304,0x7304,0x9b87,0x8b26,0x8369,0xac49,0xb4ac,0x9c4c,0x9c0a,0xa46c,0x7348,0x8326,
0x9386,0x7305,0x62e5,0x72e5,0x72e6,0x8346,0x9c09,0xa409,0x9c0a,0x9bc7,0xb449,0x9388,0x9bc8,0x7b06,0x62c7,0x7307,
0x93c7,0x8366,0x9c2b,0xa48c,0xb50e,0xb4cd,0x9c0a,0x8347,0xac8c,0xa428,0x9be6,0x93e8,0x8385,0x93e7,0x7b27,0x8ba9,
0xa42a,0x8389,0x7b28,0xac6b,0x93c9,0x7b48,0x8b88,0x93ca,0xa42b,0xb48b,0xa3e8,0xac8c,0x9cae,0x83aa,0xa4ae,0xa3e8,
0xac07,0xa3e8,0x9c0a,0x93a7,0x9bc8,0x8b86,0x6b43,0x7ba5,0x5ac5,0x5263,0x5ac4,0x5aa3,0x7344,0x7b85,0x7b85,0x62c3,
0x6324,0x5aa3,0x4a84,0x4263,0x5ac3,0x7303,0x8b45,0x8345,0x5ac3,0x52a3,0x72e4,0xa3c6,0xb469,0x93c8,0x8b87,0x8325,
0xa408,0xa429,0xa408,0x93a7,0x93a8,0xbccd,0xa44c,0x8b87,0x8b67,0x62c4,0x5aa3,0x62c5,0x6305,0x6304,0x6b05,0x6ac6,
0x8366,0xa3e7,0x8367,0x9386,0x8388,0x6b06,0x62c4,0x5ac4,0x4a43,0x5284,0x62c5,0xacac,0x8346,0x8bc6,0x6b05,0x5a84,
0x5283,0x7324,0x7b06,0x7367,0x6345,0x7b25,0x9ba7,0xbcec,0x9c0a,0xa409,0x8bca,0x738b,0x7307,0xb4ab,0xa429,0x8324,
0x6b05,0x5ac6,0x5ac5,0x4223,0x7305,0x8b67,0x72e6,0x9ba6,0xbc89,0x9be8,0x9bc7,0xb469,0xac29,0x9bc8,0x9366,0xacac,
0x93e8,0x5ac3,0x7b47,0x8baa,0x93eb,0x9c0b,0x7b27,0x93c8,0xbccc,0xa44a,0x93ea,0x62a5,0x6307,0x5264,0x8368,0x8b88,
0x9c2b,0x7349,0x9388,0xac8b,0x9be9,0x9bea,0x7b69,0xa42b,0xa42a,0xa44a,0xa409,0x9bc8,0x8b87,0x7b06,0x8368,0x9bc8,
0x9c0a,0x8327,0x7349,0xac28,0xa3e8,0x9bc8,0x7325,0x5a83,0x5283,0x5a83,0x52a3,0x5aa4,0x8c25,0x8424,0x7b85,0x6283,
0x5aa3,0x5aa3,0x5263,0x4a02,0x83a6,0xac8a,0x72e4,0x4a83,0x52c3,0x5283,0x7b05,0xb448,0xb489,0xc52c,0x8b88,0x93ea,
0x9c0a,0x9386,0x9bc8,0x6aa5,0x93c8,0xac69,0x9be8,0xa44b,0xa42b,0x6ac5,0x6b26,0x5a84,0x52a4,0x4a63,0x5ac3,0x5263,
0x8b65,0xa3c6,0x8346,0x8b67,0xb50d,0x8bc8,0x8ba8,0x7325,0x62c4,0x6aa4,0x8bc8,0xaccc,0x7b67,0x6ae5,0x72e4,0x62c4,
0x6b25,0x7305,0x6a84,0x7366,0x52a4,0x72c5,0xac6b,0xacad,0x8b87,0xac28,0x9ba8,0x5224,0x8328,0xac4b,0xa44b,0x7b25,
0x62a4,0x5ac6,0x5aa5,0x62a3,0x7ae4,0x9bc7,0x93a7,0xa429,0xb489,0x8367,0xa428,0xac4a,0xac48,0x93a7,0xa3e8,0x9bc8,
0x8347,0x7324,0x72e4,0x6aa5,0x5a24,0x93eb,0xa48c,0x8ba8,0x7ae4,0xac4b,0x9bea,0x6ae7,0x7beb,0x6307,0x6b08,0x93a9,
0x9be9,0x836a,0x93eb,0xb48c,0xb48a,0xb48b,0x838a,0x8348,0x93a8,0x7b69,0x9be9,0x8367,0x8388,0x7b48,0x72e5,0x9ba7,
0x8b88,0xa3e7,0x9c09,0x9c09,0x93a8,0xa409,0x7326,0x5282,0x6b04,0x5a84,0x5ae4,0x5283,0x7b24,0x8c26,0x9c28,0x93e8,
0x6b03,0x5ac3,0x5263,0x4a02,0x8bc7,0x9c28,0x7b46,0x62c4,0x62a4,0x7306,0x8b66,0xa3e8,0xac6a,0x8b88,0x6a85,0x93a9,
0x9be8,0xac6a,0xa44b,0x7b07,0x7b26,0x7b45,0x8ba5,0xa44a,0x93aa,0x6ae6,0x7387,0x5ac5,0x5264,0x5284,0x4a83,0x6ac5,
0x9387,0x9bc6,0x8ba6,0x7b06,0x6b04,0x62c3,0x62c5,0x7b68,0x7b05,0xa46a,0x83a7,0x6b25,0x62a4,0x7b05,0x9c09,0x7b46,
0x7304,0x8348,0x8347,0x7b05,0x8b66,0x8b67,0x8b67,0x72a5,0xa429,0xac49,0x93ea,0x8347,0x8ba8,0x9be8,0x72e5,0x8327,
0x8347,0x72e6,0x72e5,0x8b65,0x9be9,0x8346,0xac49,0x8ba9,0xac8b,0xbcaa,0xac48,0xb448,0xb468,0x9bc7,0x8b88,0x9bc7,
0xa427,0xa426,0x8ba6,0x8345,0x8b89,0xbd2f,0xb4ed,0xb4ee,0x93c8,0x8326,0x8b88,0x6b07,0x5b08,0x5286,0x6a84,0x9367,
0x9be9,0x8b68,0x93ea,0xac6b,0xbccb,0xa429,0x9be9,0x8b68,0x9388,0x9be9,0x8ba8,0x8beb,0xa531,0x83ec,0x6308,0x7b27,
0x9bc8,0xa44b,0xb4cc,0x93c8,0x7307,0x8b87,0x8366,0x7b84,0x93c7,0x83a5,0x6ac4,0x6ae4,0x9be7,0x8b66,0x8387,0x7ba7,
0x8387,0x9449,0x6b03,0x5a84,0x9be8,0x9c4a,0x9387,0x9387,0x9367,0x9387,0x93c8,0x8bca,0x7b47,0xa44a,0xa48c,0x7b25,
0x9bc7,0x9bc9,0x8368,0x7b06,0x8346,0x6ac4,0x6ac3,0x8325,0x7b06,0x5263,0x5262,0x52a5,0x6b47,0x6b47,0x4a23,0x72c5,
0x9bc8,0x8365,0x5aa3,0x5aa3,0x5283,0x5ac4,0x6324,0x5264,0x7306,0x7b67,0x62a5,0x5ac4,0x8366,0x9be7,0x8ba8,0x8b87,
0xa3c7,0x7307,0x6aa5,0x9bc7,0xb46a,0x8348,0x93a8,0x9bc7,0x942c,0x93e9,0x7b06,0x8366,0x8366,0x8387,0x7b26,0x72e5,
0x8347,0xa44b,0x9be8,0x8b86,0x9c8a,0x7bc5,0x8384,0x8b87,0xacac,0x93c9,0x8b65,0xb488,0xa3e7,0xa3e8,0x93c8,0x93c7,
0x9be6,0x9c28,0x8ba7,0xac48,0x8b88,0xbd4f,0xcdd2,0xacce,0x7b27,0x8b46,0x8326,0x8347,0x72c5,0x6ac5,0x9386,0x8b88,
0x8389,0xa408,0xb46a,0x9be9,0xac4a,0x9be9,0xa408,0x8389,0x6b08,0x93c8,0x8b87,0x83ca,0x738b,0x736a,0x6b09,0x8368,
0x9bea,0x9c0a,0x93ea,0x8b87,0x93a7,0x7b26,0x83a5,0x8c44,0x9406,0x9425,0x8345,0x8366,0x7b85,0x83c5,0x7bc4,0x6b23,
0x7305,0x9466,0x9445,0x8bc8,0x9c4a,0x8b87,0x9bc8,0x93a8,0x9ba7,0x93ca,0x8b88,0x9c8d,0x7b69,0x9c2a,0x8368,0x5aa5,
0x7b05,0x9c0b,0x8367,0x93c9,0xac8c,0x72c5,0x6ac5,0x72c5,0x8345,0x6ae3,0x6ae4,0x5a63,0x4202,0x41e2,0x6ae5,0x7b06,
},
};
static const uint16_t title_frog[128*104] = {
0x0000,0x0000,0x0000,0x0000,0x0000,0x0000,0x0000,0x0000,0x0000,0x0000,0x0000,0x0000,0x0000,0x0000,0x0000,0x0000,
0x0000,0x0000,0x0000,0x0000,0x0000,0x0000,0x0000,0x0000,0x0000,0x0000,0x0000,0x0000,0x0000,0x0000,0x0000,0x0000,
0x0000,0x0000,0x0000,0x0000,0x0000,0x0000,0x0000,0x0000,0x0000,0x0000,0x0000,0x0000,0x0000,0x0000,0x0000,0x0000,
0x0000,0x0000,0x0000,0x0000,0x0000,0x0000,0x0000,0x0000,0x0000,0x0000,0x0000,0x0000,0x0880,0x08a0,0x08c0,0x10c0,
0x10c0,0x10c0,0x08c0,0x08c0,0x0000,0x0000,0x0000,0x0000,0x0000,0x0000,0x0000,0x0000,0x0000,0x0000,0x0000,0x0000,
0x0000,0x0000,0x0000,0x0000,0x0000,0x0000,0x0000,0x0000,0x0000,0x0000,0x0000,0x0000,0x0000,0x0000,0x0000,0x0000,
0x0000,0x0000,0x0000,0x0000,0x0000,0x0000,0x0000,0x0000,0x0000,0x0000,0x0000,0x0000,0x0000,0x0000,0x0000,0x0000,
0x0000,0x0000,0x0000,0x0000,0x0000,0x0000,0x0000,0x0000,0x0000,0x0000,0x0000,0x0000,0x0000,0x0000,0x0000,0x0000,
0x0000,0x0000,0x0000,0x0000,0x0000,0x0000,0x0000,0x0000,0x0000,0x0000,0x0000,0x0000,0x0000,0x0000,0x0000,0x0000,
0x0000,0x0000,0x0000,0x0000,0x0000,0x0000,0x0000,0x0000,0x0000,0x0000,0x0000,0x0000,0x0000,0x0000,0x0000,0x0000,
0x0000,0x0000,0x0000,0x0000,0x0000,0x0000,0x0000,0x0000,0x0000,0x0000,0x0000,0x0000,0x0000,0x0000,0x0000,0x0000,
0x0000,0x0000,0x0000,0x0000,0x0000,0x0000,0x0000,0x0000,0x0000,0x0000,0x0000,0x2a00,0x21e0,0x1960,0x1140,0x1140,
0x1140,0x1120,0x1140,0x1140,0x1180,0x1960,0x0000,0x0000,0x0000,0x0000,0x0000,0x0000,0x0000,0x0000,0x0000,0x0000,
0x0000,0x0000,0x0000,0x0000,0x0000,0x0000,0x0000,0x0000,0x0000,0x0000,0x0000,0x0000,0x0000,0x0000,0x0000,0x0000,
0x0000,0x0000,0x0000,0x0000,0x0000,0x0000,0x0000,0x0000,0x0000,0x0000,0x0000,0x0000,0x0000,0x0000,0x0000,0x0000,
0x0000,0x0000,0x0000,0x0000,0x0000,0x0000,0x0000,0x0000,0x0000,0x0000,0x0000,0x0000,0x0000,0x0000,0x0000,0x0000,
0x0000,0x0000,0x0000,0x0000,0x0000,0x0000,0x0000,0x0000,0x0000,0x0000,0x0000,0x0000,0x0000,0x0000,0x0000,0x0000,
0x0000,0x0000,0x0000,0x0000,0x0000,0x0000,0x0000,0x0000,0x0000,0x0000,0x0000,0x0000,0x0000,0x0000,0x0000,0x0000,
0x0000,0x0000,0x0000,0x0000,0x0000,0x0000,0x0000,0x0000,0x0000,0x0000,0x0000,0x0000,0x0000,0x0000,0x0000,0x0000,
0x0000,0x0000,0x0000,0x0000,0x0000,0x0000,0x0000,0x0000,0x0000,0x2180,0x0920,0x3ae0,0x96c0,0x8ea0,0x96e0,0x9f00,
0xa700,0x9ee1,0x9ec0,0x8600,0x2ae0,0x00c0,0x1120,0x29e0,0x0000,0x0000,0x0000,0x0000,0x0000,0x0000,0x0000,0x0000,
0x0000,0x0000,0x0000,0x0000,0x0000,0x0000,0x0000,0x0000,0x0000,0x0000,0x0000,0x0000,0x0000,0x0000,0x0000,0x0000,
0x0000,0x0000,0x0000,0x0000,0x0000,0x0000,0x0000,0x0000,0x0000,0x0000,0x0000,0x0000,0x0000,0x0000,0x0000,0x0000,
0x0000,0x0000,0x0000,0x0000,0x0000,0x0000,0x0000,0x0000,0x0000,0x0000,0x0000,0x0000,0x0000,0x0000,0x0000,0x0000,
0x0000,0x0000,0x0000,0x0000,0x0000,0x0000,0x0000,0x0000,0x0000,0x0000,0x0000,0x0000,0x0000,0x0000,0x0000,0x0000,
0x0000,0x0000,0x0000,0x0000,0x0000,0x0000,0x0000,0x0000,0x0000,0x0000,0x0000,0x0000,0x0000,0x0000,0x0000,0x0000,
0x0000,0x0000,0x0000,0x0000,0x0000,0x0000,0x0000,0x0000,0x0000,0x0000,0x0000,0x0000,0x0000,0x0000,0x0000,0x0000,
0x0000,0x0000,0x0000,0x0000,0x0000,0x0000,0x0000,0x0000,0x1980,0x3ae0,0x8620,0x8640,0x9ee0,0xbf66,0xc786,0xc782,
0xbf61,0xb741,0xb761,0x9ea0,0x54a0,0x4420,0x4c20,0x19a0,0x1980,0x0000,0x0000,0x0000,0x0000,0x0000,0x0000,0x0000,
0x0000,0x0000,0x0000,0x0000,0x0000,0x0000,0x0000,0x0000,0x0000,0x0000,0x0000,0x0000,0x0000,0x0000,0x0000,0x0000,
0x0000,0x0000,0x0000,0x0000,0x0000,0x0000,0x0000,0x0000,0x0000,0x0000,0x0000,0x0000,0x0000,0x0000,0x0000,0x0000,
0x0000,0x0000,0x0000,0x0000,0x0000,0x0000,0x0000,0x0000,0x0000,0x0000,0x0000,0x0000,0x0000,0x0000,0x0000,0x0000,
0x0000,0x0000,0x0000,0x0000,0x0000,0x0000,0x0000,0x0000,0x0000,0x0000,0x0000,0x0000,0x0000,0x0000,0x0000,0x0000,
0x0000,0x0000,0x0000,0x0000,0x0000,0x0000,0x0000,0x0000,0x0000,0x0000,0x0000,0x0000,0x0000,0x0000,0x0000,0x0000,
0x0000,0x0000,0x0000,0x0000,0x0000,0x0000,0x0000,0x0000,0x0000,0x0000,0x0000,0x0000,0x0000,0x0000,0x0000,0x0000,
0x0000,0x0000,0x0000,0x0000,0x0000,0x0000,0x21c0,0x00e0,0x3b20,0x8640,0x96c0,0x9f20,0xc748,0xeff6,0xeff1,0xd7a4,
0xdfc3,0xd7a3,0xc781,0xaf40,0x8680,0x5d40,0x5cc0,0x5ce0,0x3b20,0x1980,0x0000,0x0000,0x0000,0x0000,0x0000,0x0000,
0x0000,0x0000,0x0000,0x0000,0x0000,0x0000,0x0000,0x0000,0x0000,0x0000,0x0000,0x0000,0x0000,0x0000,0x0000,0x0000,
0x0000,0x0000,0x0000,0x0000,0x0000,0x0000,0x0000,0x0000,0x0000,0x0000,0x0000,0x0000,0x0000,0x0000,0x0000,0x0000,
0x0000,0x0000,0x0000,0x0000,0x0000,0x0000,0x0000,0x0000,0x0000,0x0000,0x0000,0x0000,0x0000,0x0000,0x0000,0x0000,
0x0000,0x0000,0x0000,0x0000,0x0000,0x0000,0x0000,0x0000,0x0000,0x0000,0x0000,0x0000,0x0000,0x0000,0x0000,0x0000,
0x0000,0x0000,0x0000,0x0000,0x0000,0x0000,0x0000,0x0000,0x0000,0x0000,0x0000,0x0000,0x0000,0x0000,0x0000,0x0000,
0x0000,0x0000,0x0000,0x0000,0x0000,0x0000,0x0000,0x0000,0x0000,0x0000,0x0000,0x0000,0x0000,0x0000,0x0000,0x0000,
0x0000,0x0000,0x0000,0x0000,0x0000,0x1980,0x2a40,0x5401,0x8600,0x6da0,0x7e00,0xaf23,0xe7d0,0xe7b6,0xdfa9,0xc740,
0xc760,0xbf40,0xb700,0xa6e0,0x96c0,0x7620,0x54e0,0x4c40,0x5cc0,0x2200,0x21a0,0x0000,0x0000,0x0000,0x0000,0x0000,
0x0000,0x0000,0x0000,0x0000,0x0000,0x0000,0x0000,0x0000,0x0000,0x0000,0x0000,0x0000,0x0000,0x0000,0x0000,0x0000,
0x0000,0x0000,0x0000,0x0000,0x0000,0x0000,0x0000,0x0000,0x0000,0x0000,0x0000,0x0000,0x0000,0x0000,0x0000,0x0000,
0x0000,0x0000,0x0000,0x0000,0x0000,0x0000,0x0000,0x0000,0x0000,0x0000,0x0000,0x0000,0x0000,0x0000,0x0000,0x0000,
0x0000,0x0000,0x0000,0x0000,0x0000,0x0000,0x0000,0x0000,0x0000,0x0000,0x0000,0x0000,0x0000,0x0000,0x0000,0x0000,
0x0000,0x0000,0x0000,0x0000,0x0000,0x0000,0x0000,0x0000,0x0000,0x0000,0x0000,0x0000,0x0000,0x0000,0x0000,0x0000,
0x0000,0x0000,0x0000,0x0000,0x0000,0x0000,0x0000,0x0000,0x0000,0x0000,0x0000,0x0000,0x0000,0x0000,0x0000,0x0000,
0x0000,0x0000,0x0000,0x0000,0x19c0,0x00e0,0x6ce0,0xb720,0x6d80,0x5d20,0x9700,0xb743,0xdfcd,0xe7cf,0xcf63,0xb720,
0xb720,0xb720,0xb700,0xaf00,0x9ee0,0x8680,0x6580,0x3c40,0x4420,0x64e0,0x32a0,0x08c0,0x0000,0x0000,0x0000,0x0000,
0x0000,0x0000,0x0000,0x0000,0x0000,0x0000,0x0000,0x0000,0x0000,0x0000,0x0000,0x0000,0x0000,0x0000,0x0000,0x0000,
0x0000,0x0000,0x0000,0x0000,0x0000,0x0000,0x0000,0x0000,0x0000,0x0000,0x0000,0x0000,0x0000,0x0000,0x0000,0x0000,
0x0000,0x0000,0x0000,0x0000,0x0000,0x0000,0x0000,0x0000,0x0000,0x0000,0x0000,0x0000,0x0000,0x0000,0x0000,0x0000,
0x0000,0x0000,0x0000,0x0000,0x0000,0x0000,0x0000,0x0000,0x0000,0x0000,0x0000,0x0000,0x0000,0x0000,0x0000,0x0000,
0x0000,0x0000,0x0000,0x0000,0x0000,0x0000,0x0000,0x0000,0x0000,0x0000,0x0000,0x0000,0x0000,0x0000,0x0000,0x0000,
0x0000,0x0000,0x0000,0x0000,0x0000,0x0000,0x0000,0x0000,0x0000,0x0000,0x0000,0x0000,0x0000,0x0000,0x0000,0x0000,
0x0000,0x0000,0x0000,0x19c0,0x2240,0x43a0,0x9620,0x7dc0,0x6d40,0x96e1,0xaf22,0xbf65,0xc788,0xdfa8,0xb741,0xb740,
0xb720,0xb700,0xb720,0xaf00,0x9ec0,0x8660,0x7600,0x5500,0x33c0,0x3be0,0x43c0,0x2aa0,0x1120,0x0000,0x0000,0x0000,
0x0000,0x0000,0x0000,0x0000,0x0000,0x0000,0x0000,0x0000,0x0000,0x0000,0x0000,0x0000,0x0000,0x0000,0x0000,0x0000,
0x0000,0x0000,0x0000,0x0000,0x0000,0x0000,0x0000,0x0000,0x0000,0x0000,0x0000,0x0000,0x0000,0x0000,0x0000,0x0000,
0x0000,0x0000,0x0000,0x0000,0x0000,0x0000,0x0000,0x0000,0x0000,0x0000,0x0000,0x0000,0x0000,0x0000,0x0000,0x0000,
0x0000,0x0000,0x0000,0x0000,0x0000,0x0000,0x0000,0x0000,0x0000,0x0000,0x0000,0x0000,0x0000,0x0000,0x0000,0x0000,
0x0000,0x0000,0x0000,0x0000,0x0000,0x0000,0x0000,0x0000,0x0000,0x0000,0x0000,0x0000,0x0000,0x0000,0x0000,0x0000,
0x0000,0x0000,0x0000,0x0000,0x0000,0x0000,0x0000,0x0000,0x0000,0x0000,0x0000,0x0000,0x0000,0x0000,0x0000,0x0000,
0x0000,0x0000,0x19e0,0x19c0,0x6460,0xbf40,0x8600,0x5cc0,0x8e40,0x9ec0,0xbf43,0xdfeb,0xc768,0xcfa5,0xbf41,0xb740,
0xb720,0xb720,0xb720,0xaf00,0x96c0,0x8680,0x7e20,0x6de0,0x4460,0x1280,0x54e0,0x6520,0x2240,0x1960,0x0000,0x0000,
0x0000,0x0000,0x0000,0x0000,0x0000,0x0000,0x0000,0x0000,0x0000,0x0000,0x0000,0x0000,0x0000,0x0000,0x0000,0x0000,
0x0000,0x0000,0x0000,0x0000,0x0000,0x0000,0x0000,0x0000,0x0000,0x0000,0x0000,0x0000,0x0000,0x0000,0x0000,0x0000,
0x0000,0x0000,0x0000,0x0000,0x0000,0x0000,0x0000,0x0000,0x0000,0x0000,0x0000,0x0000,0x0000,0x0000,0x0000,0x0000,
0x0000,0x0000,0x0000,0x0000,0x0000,0x0000,0x0000,0x0000,0x0000,0x0000,0x0000,0x0000,0x0000,0x0000,0x0000,0x0000,
0x0000,0x0000,0x0000,0x0000,0x0000,0x0000,0x0000,0x0000,0x0000,0x0000,0x0000,0x0000,0x0000,0x0000,0x0000,0x0000,
0x0000,0x0000,0x0000,0x0000,0x0000,0x0000,0x0000,0x0000,0x0000,0x0000,0x0000,0x0000,0x0000,0x0000,0x0000,0x0000,
0x0000,0x19a0,0x0940,0x53c0,0xbf40,0x8de0,0x6d60,0x9e60,0xaf01,0xaf01,0xb742,0xd7ab,0xd78c,0xcf86,0xc782,0xb740,
0xb720,0xb720,0xb700,0xaf00,0x96a0,0x8660,0x7e40,0x7e40,0x6da0,0x3c00,0x4440,0x7600,0x6560,0x2240,0x1100,0x1100,
0x0000,0x0000,0x0000,0x0000,0x0000,0x0000,0x0000,0x0000,0x0000,0x0000,0x0000,0x0000,0x0000,0x0000,0x0000,0x0000,
0x0000,0x0000,0x0000,0x0000,0x0000,0x0000,0x0000,0x0000,0x0000,0x0000,0x0000,0x0000,0x0000,0x0000,0x0000,0x0000,
0x0000,0x0000,0x0000,0x0000,0x0000,0x0000,0x0000,0x0000,0x0000,0x0000,0x0000,0x0000,0x0000,0x0000,0x0000,0x0000,
0x0000,0x0000,0x0000,0x0000,0x0000,0x0000,0x0000,0x0000,0x0000,0x0000,0x0000,0x0000,0x0000,0x0000,0x0000,0x0000,
0x0000,0x0000,0x0000,0x0000,0x0000,0x0000,0x0000,0x0000,0x0000,0x0000,0x0000,0x0000,0x0000,0x0000,0x0000,0x0000,
0x0000,0x0000,0x0000,0x0000,0x0000,0x0000,0x0000,0x0000,0x0000,0x0000,0x0000,0x0000,0x0000,0x0000,0x0000,0x5ac1,
0x52c1,0x4300,0x4380,0x4ba0,0x4be0,0x4c00,0x8600,0xaf20,0xaf01,0xb763,0xb742,0xbf44,0xd7ac,0xc768,0xc783,0xbf40,
0xbf20,0xb720,0xbf40,0xaf00,0x96a0,0x86a0,0x86a0,0x7e60,0x7620,0x6e20,0x5d80,0x3400,0x2b80,0x3360,0x4300,0x52c0,
0x6ac0,0x72a0,0x0000,0x0000,0x0000,0x0000,0x0000,0x0000,0x0000,0x0000,0x0000,0x0000,0x0000,0x0000,0x0000,0x0000,
0x0000,0x0000,0x0000,0x0000,0x0000,0x0000,0x0000,0x0000,0x0000,0x0000,0x0000,0x0000,0x0000,0x0000,0x0000,0x0000,
0x0000,0x0000,0x0000,0x0000,0x0000,0x0000,0x0000,0x0000,0x0000,0x0000,0x0000,0x0000,0x0000,0x0000,0x0000,0x0000,
0x0000,0x0000,0x0000,0x0000,0x0000,0x0000,0x0000,0x0000,0x0000,0x0000,0x0000,0x0000,0x0000,0x0000,0x0000,0x0000,
0x0000,0x0000,0x0000,0x0000,0x0000,0x0000,0x0000,0x0000,0x0000,0x0000,0x0000,0x0000,0x0000,0x0000,0x0000,0x0000,
0x0000,0x0000,0x0000,0x0000,0x0000,0x0000,0x0000,0x0000,0x0000,0x0000,0x0000,0x0000,0x0000,0x3940,0x58a0,0xb301,
0xdde3,0xae20,0x8de0,0x7560,0x5440,0x6d00,0x85e0,0x8e00,0x9ec0,0x9ec0,0xaf01,0xaf00,0xbf44,0xcf86,0xbf41,0xbf40,
0xbf40,0xbf40,0xbf40,0xa700,0x8ec0,0x86a0,0x86c0,0x7e80,0x7640,0x6e20,0x5d80,0x5520,0x5500,0x6d40,0xa600,0xc600,
0xd4c0,0x6920,0x2820,0x4960,0x0000,0x0000,0x0000,0x0000,0x0000,0x0000,0x0000,0x0000,0x0000,0x0000,0x0000,0x0000,
0x0000,0x0000,0x0000,0x0000,0x0000,0x0000,0x0000,0x0000,0x0000,0x0000,0x0000,0x0000,0x0000,0x0000,0x0000,0x0000,
0x0000,0x0000,0x0000,0x0000,0x0000,0x0000,0x0000,0x0000,0x0000,0x0000,0x0000,0x0000,0x0000,0x0000,0x0000,0x0000,
0x0000,0x0000,0x0000,0x0000,0x0000,0x0000,0x0000,0x0000,0x0000,0x0000,0x0000,0x0000,0x0000,0x0000,0x0000,0x0000,
0x0000,0x0000,0x0000,0x0000,0x0000,0x0000,0x0000,0x0000,0x0000,0x0000,0x0000,0x0000,0x0000,0x0000,0x0000,0x0000,
0x0000,0x0000,0x0000,0x0000,0x0000,0x0000,0x0000,0x0000,0x0000,0x0000,0x2941,0x0840,0x0840,0x1820,0x5820,0x9100,
0xbb61,0xb5e1,0xb6e1,0xb740,0x9640,0x7560,0x6d60,0x6560,0x7e00,0x9680,0x96a0,0x9ee0,0xa700,0xaf21,0xb741,0xb740,
0xb740,0xb740,0xaf20,0x9ee0,0x8ee0,0x86c0,0x7ea0,0x7e80,0x7e80,0x65c0,0x65c0,0x8e40,0xa6e1,0xb721,0xae40,0x9480,
0x7240,0x3820,0x1800,0x2020,0x30e0,0x1880,0x0000,0x0000,0x0000,0x0000,0x0000,0x0000,0x0000,0x0000,0x0000,0x0000,
0x0000,0x0000,0x0000,0x0000,0x0000,0x0000,0x0000,0x0000,0x0000,0x0000,0x0000,0x0000,0x0000,0x0000,0x0000,0x0000,
0x0000,0x0000,0x0000,0x0000,0x0000,0x0000,0x0000,0x0000,0x0000,0x0000,0x0000,0x0000,0x0000,0x0000,0x0000,0x0000,
0x0000,0x0000,0x0000,0x0000,0x0000,0x0000,0x0000,0x0000,0x0000,0x0000,0x0000,0x0000,0x0000,0x0000,0x0000,0x0000,
0x0000,0x0000,0x0000,0x0000,0x0000,0x0000,0x0000,0x0000,0x0000,0x0000,0x0000,0x0000,0x0000,0x0000,0x0000,0x0000,
0x0000,0x0000,0x0000,0x0000,0x0000,0x0000,0x0000,0x0000,0x0000,0x2101,0x0840,0x0800,0x18a0,0x2880,0x2000,0x3000,
0x3000,0x8403,0xe7e9,0xcfa3,0xaf21,0x7de0,0x5d40,0x4cc0,0x75e0,0x8e80,0x96a0,0x96c0,0x9ee0,0xa700,0xa700,0xaf20,
0xaf20,0xa720,0xa700,0x96e0,0x8ee0,0x86c0,0x86c0,0x86a0,0x7640,0x65a0,0x8640,0x9ea0,0xb703,0xefe6,0xae42,0x1100,
0x0800,0x1020,0x1800,0x1800,0x0001,0x0001,0x20c0,0x0000,0x0000,0x0000,0x0000,0x0000,0x0000,0x0000,0x0000,0x0000,
0x0000,0x0000,0x0000,0x0000,0x0000,0x0000,0x0000,0x0000,0x0000,0x0000,0x0000,0x0000,0x0000,0x0000,0x0000,0x0000,
0x0000,0x0000,0x0000,0x0000,0x0000,0x0000,0x0000,0x0000,0x0000,0x0000,0x0000,0x0000,0x0000,0x0000,0x0000,0x0000,
0x0000,0x0000,0x0000,0x0000,0x0000,0x0000,0x0000,0x0000,0x0000,0x0000,0x0000,0x0000,0x0000,0x0000,0x0000,0x0000,
0x0000,0x0000,0x0000,0x0000,0x0000,0x0000,0x0000,0x0000,0x0000,0x0000,0x0000,0x0000,0x0000,0x0000,0x0000,0x0000,
0x0000,0x0000,0x0000,0x0000,0x0000,0x0000,0x0000,0x0000,0x0840,0x0800,0x2880,0x4940,0x4160,0x4181,0x30c1,0x2081,
0x1000,0x52a3,0xf7f0,0xcf85,0xbf82,0x9661,0x5d20,0x5520,0x6dc0,0x8e60,0x8ea0,0x96a0,0x96c0,0x9ec0,0x9ee0,0x9ee0,
0x9f00,0x9ee0,0x96e0,0x96e0,0x86e0,0x7ea0,0x86c0,0x86c0,0x65c0,0x7600,0x9680,0x9e60,0xc746,0xf7e8,0x95a2,0x0080,
0x0840,0x1040,0x38a0,0x5100,0x48e0,0x1820,0x0001,0x0020,0x0000,0x0000,0x0000,0x0000,0x0000,0x0000,0x0000,0x0000,
0x0000,0x0000,0x0000,0x0000,0x0000,0x0000,0x0000,0x0000,0x0000,0x0000,0x0000,0x0000,0x0000,0x0000,0x0000,0x0000,
0x0000,0x0000,0x0000,0x0000,0x0000,0x0000,0x0000,0x0000,0x0000,0x0000,0x0000,0x0000,0x0000,0x0000,0x0000,0x0000,
0x0000,0x0000,0x0000,0x0000,0x0000,0x0000,0x0000,0x0000,0x0000,0x0000,0x0000,0x0000,0x0000,0x0000,0x0000,0x0000,
0x0000,0x0000,0x0000,0x0000,0x0000,0x0000,0x0000,0x0000,0x0000,0x0000,0x0000,0x0000,0x0000,0x0000,0x0000,0x0000,
0x0000,0x0000,0x0000,0x0000,0x0000,0x0000,0x0000,0x0820,0x1020,0x3880,0x3860,0x51a4,0x5288,0x39e6,0x3164,0x28c2,
0x1000,0x3a03,0xfff3,0xd7a7,0xbf82,0x96a2,0x5d40,0x5d80,0x5d60,0x8660,0x8ea0,0x8ea0,0x8ea0,0x8ea0,0x96c0,0x96c0,
0x8ec0,0x8ec0,0x8ec0,0x8ec0,0x86c0,0x86c0,0x7620,0x6dc0,0x6da0,0x8e40,0x9ea0,0xa661,0xd789,0xf7e9,0x8542,0x0060,
0x0881,0x1081,0x28e3,0x5983,0x9a62,0x81a1,0x2860,0x0820,0x0800,0x0000,0x0000,0x0000,0x0000,0x0000,0x0000,0x0000,
0x0000,0x0000,0x0000,0x0000,0x0000,0x0000,0x0000,0x0000,0x0000,0x0000,0x0000,0x0000,0x0000,0x0000,0x0000,0x0000,
0x0000,0x0000,0x0000,0x0000,0x0000,0x0000,0x0000,0x0000,0x0000,0x0000,0x0000,0x0000,0x0000,0x0000,0x0000,0x0000,
0x0000,0x0000,0x0000,0x0000,0x0000,0x0000,0x0000,0x0000,0x0000,0x0000,0x0000,0x0000,0x0000,0x0000,0x0000,0x0000,
0x0000,0x0000,0x0000,0x0000,0x0000,0x0000,0x0000,0x0000,0x0000,0x0000,0x0000,0x0000,0x0000,0x0000,0x0000,0x0000,
0x0000,0x0000,0x0000,0x0000,0x0000,0x0000,0x2100,0x0001,0x1840,0x48c2,0x838f,0xbe3a,0xadf9,0x6370,0x3166,0x20c2,
0x1020,0x31e2,0xfff4,0xd7a7,0xb781,0x96a2,0x5d60,0x5d80,0x5540,0x6dc0,0x8660,0x8680,0x8680,0x8680,0x8680,0x8ea0,
0x86a0,0x86a0,0x86c0,0x86c0,0x86c0,0x8ec0,0x7e40,0x5540,0x75e0,0x9e81,0xa6a0,0xb6c3,0xe7ad,0xffeb,0x8502,0x0040,
0x0862,0x2989,0x9518,0xa536,0x8266,0x8920,0x58c0,0x2040,0x0001,0x1080,0x0000,0x0000,0x0000,0x0000,0x0000,0x0000,
0x0000,0x0000,0x0000,0x0000,0x0000,0x0000,0x0000,0x0000,0x0000,0x0000,0x0000,0x0000,0x0000,0x0000,0x0000,0x0000,
0x0000,0x0000,0x0000,0x0000,0x0000,0x0000,0x0000,0x0000,0x0000,0x0000,0x0000,0x0000,0x0000,0x0000,0x0000,0x0000,
0x0000,0x0000,0x0000,0x0000,0x0000,0x0000,0x0000,0x0000,0x0000,0x0000,0x0000,0x0000,0x0000,0x0000,0x0000,0x0000,
0x0000,0x0000,0x0000,0x0000,0x0000,0x0000,0x0000,0x0000,0x0000,0x0000,0x0000,0x0000,0x0000,0x0000,0x0000,0x0000,
0x0000,0x0000,0x0000,0x0000,0x0000,0x0000,0x0840,0x0020,0x3060,0x3001,0xa4d5,0xd6dd,0x8cb6,0x73f1,0x39a6,0x20a1,
0x1020,0x31e2,0xfff4,0xd787,0xa760,0x96a1,0x5d60,0x5d60,0x5540,0x5520,0x7e40,0x8660,0x7e60,0x8680,0x86a0,0x8ea0,
0x86a0,0x86a0,0x86a0,0x86c0,0x86a0,0x86a1,0x7e40,0x5520,0x75c0,0x9ec1,0xa6a0,0xcf09,0xf7d5,0xffee,0x84e3,0x0060,
0x0862,0x424c,0xdf9f,0xe79e,0x6249,0x58c0,0x3040,0x1820,0x0820,0x0001,0x0840,0x0000,0x0000,0x0000,0x0000,0x0000,
0x0000,0x0000,0x0000,0x0000,0x0000,0x0000,0x0000,0x0000,0x0000,0x0000,0x0000,0x0000,0x0000,0x0000,0x0000,0x0000,
0x0000,0x0000,0x0000,0x0000,0x0000,0x0000,0x0000,0x0000,0x0000,0x0000,0x0000,0x0000,0x0000,0x0000,0x0000,0x0000,
0x0000,0x0000,0x0000,0x0000,0x0000,0x0000,0x0000,0x0000,0x0000,0x0000,0x0000,0x0000,0x0000,0x0000,0x0000,0x0000,
0x0000,0x0000,0x0000,0x0000,0x0000,0x0000,0x0000,0x0000,0x0000,0x0000,0x0000,0x0000,0x0000,0x0000,0x0000,0x0000,
0x0000,0x0000,0x0000,0x0000,0x0000,0x1060,0x0001,0x1040,0x4081,0x3841,0x4989,0x6b71,0x6b6f,0x4a09,0x2924,0x20c1,
0x0820,0x3a03,0xfff0,0xc764,0x96e0,0x8680,0x6580,0x5520,0x5520,0x4ce0,0x7600,0x8660,0x8660,0x8ea0,0x9f00,0x96c0,
0x8ec0,0x86a0,0x86c0,0x86a0,0x86c1,0x6de0,0x6dc0,0x4ce0,0x6d80,0x9680,0x9e80,0xd74a,0xfff8,0xfff0,0x84e3,0x0860,
0x18c1,0x20e5,0x94d7,0x8cb5,0x30c4,0x38a1,0x2020,0x1840,0x2060,0x0001,0x0001,0x0000,0x0000,0x0000,0x0000,0x0000,
0x0000,0x0000,0x0000,0x0000,0x0000,0x0000,0x0000,0x0000,0x0000,0x0000,0x0000,0x0000,0x0000,0x0000,0x0000,0x0000,
0x0000,0x0000,0x0000,0x0000,0x0000,0x0000,0x0000,0x0000,0x0000,0x0000,0x0000,0x0000,0x0000,0x0000,0x0000,0x0000,
0x0000,0x0000,0x0000,0x0000,0x0000,0x0000,0x0000,0x0000,0x0000,0x0000,0x0000,0x0000,0x0000,0x0000,0x0000,0x0000,
0x0000,0x0000,0x0000,0x0000,0x0000,0x0000,0x0000,0x0000,0x0000,0x0000,0x0000,0x0000,0x0000,0x0000,0x0000,0x0000,
0x0000,0x0000,0x0000,0x0000,0x0000,0x20c0,0x0800,0x2860,0x48c1,0x3082,0x28a3,0x3166,0x3986,0x28e3,0x20c2,0x20c1,
0x0800,0x4263,0xf7e8,0x9ec0,0x75e0,0x6dc0,0x5d40,0x5500,0x4cc0,0x4ce0,0x75e0,0x8680,0x8e80,0x96e0,0xaf20,0xaf40,
0x9f00,0x96e0,0x8ea0,0x8ec0,0x8ec1,0x5d60,0x65a0,0x4d00,0x5d00,0x7e00,0x9660,0xa683,0xcf49,0xf7e9,0x8502,0x0880,
0x28e1,0x2061,0x5249,0x41e8,0x1041,0x1861,0x1860,0x2081,0x28a1,0x0820,0x0020,0x3981,0x0000,0x0000,0x0000,0x0000,
0x0000,0x0000,0x0000,0x0000,0x0000,0x0000,0x0000,0x0000,0x0000,0x0000,0x0000,0x0000,0x0000,0x0000,0x0000,0x0000,
0x0000,0x0000,0x0000,0x0000,0x0000,0x0000,0x0000,0x0000,0x0000,0x0000,0x0000,0x0000,0x0000,0x0000,0x0000,0x0000,
0x0000,0x0000,0x0000,0x0000,0x0000,0x0000,0x0000,0x0000,0x0000,0x0000,0x0000,0x0000,0x0000,0x0000,0x0000,0x0000,
0x0000,0x0000,0x9040,0x9880,0x9880,0x9100,0x0000,0x0000,0x0000,0x0000,0x0000,0x0000,0x0000,0x0000,0x0000,0x0000,
0x0000,0x0000,0x0000,0x0000,0x0000,0x1840,0x2860,0x3880,0x2860,0x1020,0x0800,0x1041,0x1881,0x28c2,0x20c2,0x20c1,
0x0001,0x4ac2,0xdfe4,0x8660,0x5d40,0x4cc0,0x44c0,0x4ce0,0x44a0,0x4d00,0x7e00,0x9680,0x9ec0,0xaf00,0xb740,0xbf80,
0xbf61,0xaf20,0x9f00,0x8ec0,0x8ec0,0x6de0,0x6dc0,0x5500,0x54e0,0x6da0,0x75e0,0x7dc0,0x9681,0xefe4,0x95a2,0x10c0,
0x2900,0x30a0,0x30a1,0x2081,0x0820,0x0001,0x0840,0x0840,0x1040,0x0840,0x0001,0x0820,0x0000,0x0000,0x0000,0x0000,
0x0000,0x0000,0x0000,0x0000,0x0000,0x0000,0x0000,0x0000,0x0000,0x0000,0x0000,0x90a0,0x9880,0xa080,0x9080,0x90e0,
0x0000,0x0000,0x0000,0x0000,0x0000,0x0000,0x0000,0x0000,0x0000,0x0000,0x0000,0x0000,0x0000,0x0000,0x0000,0x0000,
0x0000,0x0000,0x0000,0x0000,0x0000,0x0000,0x0000,0x0000,0x0000,0x0000,0x0000,0x0000,0x0000,0x0000,0x0000,0x0000,
0xa8c0,0xd1a0,0xdac0,0xe381,0xeba1,0xe281,0xa0e0,0x0000,0x0000,0x0000,0x0000,0x0000,0x0000,0x0000,0x0000,0x0000,
0x0000,0x0000,0x0000,0x0000,0x0840,0x0800,0x2040,0x2040,0x0001,0x0001,0x0001,0x0001,0x1881,0x3943,0x20c1,0x1861,
0x1901,0x9dc4,0xaf61,0x7640,0x5d60,0x44a0,0x44a0,0x44a0,0x3ca0,0x5d40,0x8e60,0x9ea0,0xb741,0xc784,0xc764,0xcf84,
0xd7a4,0xbf41,0xa700,0x9ee0,0x96c0,0x96c1,0x7e20,0x5520,0x4ce0,0x5d60,0x5d80,0x6da0,0x8601,0xdfe5,0xae83,0x2180,
0x2900,0x2860,0x3080,0x1840,0x0001,0x0001,0x0001,0x0001,0x0001,0x0001,0x0001,0x0001,0x0000,0x0000,0x0000,0x0000,
0x0000,0x0000,0x0000,0x0000,0x0000,0x0000,0x0000,0x0000,0x0000,0x0000,0xc9c0,0xdac0,0xe360,0xeb60,0xe2c0,0xc180,
0x0000,0x0000,0x0000,0x0000,0x0000,0x0000,0x0000,0x0000,0x0000,0x0000,0x0000,0x0000,0x0000,0x0000,0x0000,0x0000,
0x0000,0x0000,0x0000,0x0000,0x0000,0x0000,0x0000,0x0000,0x0000,0x0000,0x0000,0x0000,0x0000,0x0000,0x0000,0xb120,
0xd9e0,0xfc60,0xff04,0xff48,0xfd61,0xfbc0,0xc960,0xa960,0x0000,0x0000,0x0000,0x0000,0x0000,0x0000,0x0000,0x0000,
0x0000,0x0000,0x0000,0x0000,0x0840,0x0800,0x1820,0x0800,0x0001,0x0001,0x0001,0x0001,0x1881,0x4162,0x28e1,0x0001,
0x7c06,0xf7e6,0x96c0,0x7660,0x5d80,0x4ce0,0x3c80,0x44a0,0x44c0,0x75c0,0x9680,0xa6e0,0xaf20,0xcfa8,0xe7cd,0xd7a9,
0xcfa5,0xc782,0xb740,0xa700,0x9ee0,0x96c0,0x8660,0x6580,0x4ce0,0x5540,0x5d80,0x5d40,0x9662,0xefe7,0xcf64,0x3a80,
0x2900,0x2020,0x2820,0x1020,0x0001,0x0001,0x0001,0x0001,0x0001,0x1040,0x1860,0x0001,0x0000,0x0000,0x0000,0x0000,
0x0000,0x0000,0x0000,0x0000,0x0000,0x0000,0x0000,0x0000,0x0000,0xc160,0xe2e0,0xfec8,0xfee9,0xfd40,0xfcc0,0xea80,
0xb100,0x0000,0x0000,0x0000,0x0000,0x0000,0x0000,0x0000,0x0000,0x0000,0x0000,0x0000,0x0000,0x0000,0x0000,0x0000,
0x0000,0x0000,0x0000,0x0000,0x0000,0x0000,0x0000,0x0000,0x0000,0x0000,0x0000,0x0000,0x0000,0x0000,0x88e0,0xc9c0,
0xfd01,0xff08,0xf68b,0xffad,0xfda2,0xfc00,0xfbc1,0xd260,0x90e0,0x0000,0x0000,0x0000,0x0000,0x0000,0x0000,0x0000,
0x0000,0x0000,0x0000,0x0000,0x0820,0x0800,0x1820,0x0001,0x0001,0x0001,0x0001,0x0800,0x1860,0x30c1,0x2080,0x0001,
0x7c64,0xdfc4,0x7e00,0x6e20,0x5d80,0x4ce0,0x3ca0,0x3ca0,0x6da0,0x8e60,0x9ea0,0xaf00,0xb720,0xc764,0xcf85,0xbf41,
0xbf40,0xbf40,0xbf40,0xb720,0xa700,0x9ec0,0x8e80,0x7e20,0x5520,0x5520,0x5d80,0x5d80,0x7e01,0xa6c2,0xbf41,0x7480,
0x2920,0x2020,0x3020,0x2020,0x0001,0x0001,0x0001,0x0001,0x0001,0x2080,0x28c1,0x0001,0x0000,0x0000,0x0000,0x0000,
0x0000,0x0000,0x0000,0x0000,0x0000,0x0000,0x0000,0x0000,0xb140,0xeb80,0xfdc3,0xf72f,0xff70,0xfdc1,0xfce0,0xf300,
0xeaa0,0xc1c0,0x0000,0x0000,0x0000,0x0000,0x0000,0x0000,0x0000,0x0000,0x0000,0x0000,0x0000,0x0000,0x0000,0x0000,
0x0000,0x0000,0x0000,0x0000,0x0000,0x0000,0x0000,0x0000,0x0000,0x0000,0x0000,0x0000,0x0000,0x0000,0x80a0,0xd200,
0xfbe0,0xf607,0xffae,0xfea6,0xfcc0,0xfc20,0xfbe0,0xda60,0x98c0,0x0000,0x0000,0x0000,0x0000,0x0000,0x0000,0x0000,
0x0000,0x0000,0x0000,0x0000,0x0820,0x1020,0x1840,0x0001,0x0001,0x0001,0x0001,0x1000,0x2040,0x1840,0x0820,0x52e3,
0xa623,0x9ec0,0x65e0,0x55a0,0x4d60,0x44e0,0x3cc0,0x44c0,0x8661,0x9ee0,0xa6e0,0xb741,0xc782,0xc761,0xb720,0xb740,
0xb740,0xb740,0xb740,0xb740,0xb720,0xa700,0x9ec0,0x8e80,0x65c0,0x4d00,0x4d40,0x5580,0x5d60,0x5d20,0x9660,0x9e61,
0x4a60,0x1800,0x5880,0x58a0,0x0001,0x0001,0x0001,0x0001,0x0001,0x30a0,0x38c0,0x0001,0x0000,0x0000,0x0000,0x0000,
0x0000,0x0000,0x0000,0x0000,0x0000,0x0000,0x0000,0x0000,0xb920,0xeba0,0xfe24,0xf626,0xf583,0xfd20,0xfc60,0xf340,
0xf300,0xc9a0,0x8020,0x0000,0x0000,0x0000,0x0000,0x0000,0x0000,0x0000,0x0000,0x0000,0x0000,0x0000,0x0000,0x0000,
0x0000,0x0000,0x0000,0x0000,0x0000,0x0000,0x0000,0x0000,0x0000,0x0000,0x0000,0x0000,0x0000,0x0000,0x80c0,0xca00,
0xfbe0,0xf460,0xf582,0xfce0,0xfc00,0xf3c0,0xfc00,0xe300,0x98e0,0x0000,0x0000,0x0000,0x0000,0x0000,0x0000,0x0000,
0x0000,0x0000,0x0000,0x0000,0x0000,0x2060,0x40a0,0x0001,0x0001,0x0001,0x1000,0x2020,0x1800,0x1860,0x0001,0x7c62,
0xc782,0x8ea0,0x5de0,0x4540,0x4520,0x4520,0x3ce0,0x5560,0x8ea0,0xa720,0xbf81,0xbf41,0xc781,0xbf60,0xbf40,0xb740,
0xb740,0xb740,0xb740,0xb740,0xb740,0xb740,0xa700,0x96a0,0x7620,0x4d20,0x44e0,0x4d20,0x5560,0x6da0,0x75a0,0x9ea0,
0x7c60,0x2800,0x6060,0x7080,0x1000,0x0001,0x0001,0x0001,0x0800,0x48a0,0x4080,0x0001,0x0000,0x0000,0x0000,0x0000,
0x0000,0x0000,0x0000,0x0000,0x0000,0x0000,0x0000,0x9080,0xc180,0xf3c0,0xf440,0xfce0,0xfc60,0xfc60,0xf3c0,0xf340,
0xeb00,0xc180,0x8020,0x0000,0x0000,0x0000,0x0000,0x0000,0x0000,0x0000,0x0000,0x0000,0x0000,0x0000,0x0000,0x0000,
0x0000,0x0000,0x0000,0x0000,0x0000,0x0000,0x0000,0x0000,0x0000,0x0000,0x0000,0x0000,0x0000,0x0000,0x80e0,0xc9e0,
0xeae0,0xf380,0xf3c0,0xf3c0,0xf380,0xeb00,0xf360,0xdaa0,0xa8e0,0x0000,0x0000,0x0000,0x0000,0x0000,0x0000,0x0000,
0x0000,0x0000,0x0000,0x0000,0x0000,0x30a0,0x40a0,0x2820,0x1800,0x2840,0x3840,0x2820,0x1820,0x1020,0x39e0,0x9e02,
0xa6e0,0x8680,0x5da0,0x4560,0x4520,0x4540,0x4d40,0x7600,0x9f00,0xb741,0xc781,0xc7a1,0xc760,0xbf40,0xbf40,0xb740,
0xb740,0xb740,0xb740,0xb740,0xb740,0xb740,0xa700,0x96a0,0x8680,0x6de0,0x4d00,0x4d00,0x4d00,0x5d60,0x6d80,0x8640,
0x95c0,0x62a0,0x3860,0x4820,0x4840,0x2040,0x0820,0x1020,0x3820,0x70a0,0x4880,0x2080,0x0000,0x0000,0x0000,0x0000,
0x0000,0x0000,0x0000,0x0000,0x0000,0x0000,0x0000,0x0000,0xb940,0xeac0,0xf360,0xfc40,0xfc20,0xf3c0,0xf360,0xeae0,
0xeac0,0xc180,0x8820,0x0000,0x0000,0x0000,0x0000,0x0000,0x0000,0x0000,0x0000,0x0000,0x0000,0x0000,0x0000,0x0000,
0x0000,0x0000,0x0000,0x0000,0x0000,0x0000,0x0000,0x0000,0x0000,0x0000,0x0000,0x0000,0x0000,0x0000,0x9120,0xb980,
0xd9e0,0xeb20,0xf380,0xf380,0xf360,0xeac0,0xd1e0,0xb940,0xa0e0,0x0000,0x0000,0x0000,0x0000,0x0000,0x0000,0x0000,
0x0000,0x0000,0x0000,0x0000,0x0000,0x20c0,0x1000,0x9141,0x8100,0x5020,0x4020,0x2840,0x1020,0x1060,0xadc1,0xa6e0,
0x8640,0x7600,0x5580,0x4d60,0x4520,0x4d60,0x8ea2,0xa722,0xc766,0xdfe8,0xc781,0xc780,0xc760,0xbf60,0xb760,0xb740,
0xb740,0xb740,0xb740,0xb740,0xb740,0xb760,0xa700,0x96c0,0x96c0,0x8680,0x65a0,0x4d00,0x4d00,0x4ce0,0x5d40,0x6da0,
0x9640,0x9da1,0x18a0,0x2000,0x6080,0x6880,0x5060,0x5840,0x7880,0x5060,0x2840,0x51a1,0x0000,0x0000,0x0000,0x0000,
0x0000,0x0000,0x0000,0x0000,0x0000,0x0000,0x0000,0x0000,0xa0e0,0xd180,0xf340,0xf3c0,0xfbe0,0xf3a0,0xeb20,0xe260,
0xda00,0xb940,0x90a0,0x0000,0x0000,0x0000,0x0000,0x0000,0x0000,0x0000,0x0000,0x0000,0x0000,0x0000,0x0000,0x0000,
0x0000,0x0000,0x0000,0x0000,0x0000,0x0000,0x0000,0x0000,0x0000,0x0000,0x0000,0x0000,0x0000,0x0000,0x0000,0xa0e0,
0xd1a0,0xf300,0xf360,0xf360,0xf340,0xeac0,0xc9e0,0xa900,0x0000,0x0000,0x0000,0x0000,0x0000,0x0000,0x0000,0x0000,
0x0000,0x0000,0x0000,0x0000,0x0000,0x0000,0x1840,0x8141,0x9960,0x58a0,0x2820,0x2060,0x0001,0x31c0,0x9e40,0x8620,
0x6d80,0x65a0,0x5560,0x4d40,0x5da0,0x7620,0x9f22,0xbf84,0xe7ed,0xd787,0xbf60,0xc780,0xbf60,0xbf60,0xb740,0xb740,
0xb740,0xb740,0xb740,0xb740,0xb740,0xb740,0xaf40,0xa720,0x9ee0,0x8660,0x7e60,0x5d60,0x44e0,0x44c0,0x44c0,0x4ce0,
0x6580,0x7da1,0x29a0,0x0820,0x3860,0x80e0,0x90e0,0x98e0,0x80a0,0x2820,0x1040,0x0000,0x0000,0x0000,0x0000,0x0000,
0x0000,0x0000,0x0000,0x0000,0x0000,0x0000,0x0000,0x0000,0x0000,0xc180,0xeae0,0xfbe0,0xfc00,0xfbc0,0xf300,0xe220,
0xc120,0x98a0,0x0000,0x0000,0x0000,0x0000,0x0000,0x0000,0x0000,0x0000,0x0000,0x0000,0x0000,0x0000,0x0000,0x0000,
0x0000,0x0000,0x0000,0x0000,0x0000,0x0000,0x0000,0x0000,0x0000,0x0000,0x0000,0x0000,0x0000,0x0000,0x0000,0x0000,
0xa0e0,0xda40,0xf340,0xf340,0xf320,0xda60,0xa940,0x9960,0x0000,0x0000,0x0000,0x0000,0x0000,0x0000,0x0000,0x0000,
0x0000,0x0000,0x0000,0x0000,0x0000,0x0000,0x5a42,0x2880,0x30a0,0x2080,0x1860,0x0001,0x4ae0,0xb701,0x8e60,0x6d80,
0x5500,0x4ce0,0x5d40,0x5d80,0x7e20,0x9f01,0xaf43,0xc787,0xefee,0xe7cc,0xcfa4,0xbf60,0xbf60,0xbf60,0xbf60,0xb740,
0xb740,0xb740,0xb740,0xb740,0xb740,0xb740,0xb740,0xaf40,0xa700,0x8e80,0x8e80,0x7e40,0x5540,0x44c0,0x44c0,0x44c0,
0x4ce0,0x6560,0x7d81,0x5ba0,0x28e0,0x3080,0x50a0,0x5080,0x4040,0x2880,0x49c1,0x0000,0x0000,0x0000,0x0000,0x0000,
0x0000,0x0000,0x0000,0x0000,0x0000,0x0000,0x0000,0x0000,0x0000,0xa140,0xc180,0xeae0,0xfba0,0xf360,0xeac0,0xc160,
0xa0c0,0x0000,0x0000,0x0000,0x0000,0x0000,0x0000,0x0000,0x0000,0x0000,0x0000,0x0000,0x0000,0x0000,0x0000,0x0000,
0x0000,0x0000,0x0000,0x0000,0x0000,0x0000,0x0000,0x0000,0x0000,0x0000,0x0000,0x0000,0x0000,0x0000,0x0000,0x0000,
0x98e0,0xa8c0,0xda20,0xf300,0xf300,0xc1a0,0x8080,0x8980,0x0000,0x0000,0x0000,0x0000,0x0000,0x0000,0x0000,0x0000,
0x0000,0x0000,0x0000,0x0000,0x0000,0x0000,0x5aa1,0x1060,0x0020,0x0840,0x0020,0x1980,0x8e21,0xa700,0x75e0,0x5500,
0x44a0,0x44a0,0x5520,0x7e40,0x9ec1,0xa721,0xc7a8,0xeff2,0xe7ce,0xe7ca,0xd7a4,0xbf60,0xbf60,0xbf60,0xbf60,0xb740,
0xb740,0xb740,0xb740,0xb740,0xb740,0xb740,0xb740,0xb720,0xaf20,0x9ee0,0x96a0,0x96c0,0x6e00,0x4d20,0x44e0,0x44c0,
0x4ce0,0x4ce0,0x6540,0x6d00,0x31e0,0x1040,0x1040,0x18a0,0x1840,0x3120,0x7321,0x0000,0x0000,0x0000,0x0000,0x0000,
0x0000,0x0000,0x0000,0x0000,0x0000,0x0000,0x0000,0x0000,0x0000,0x88c0,0xa8c0,0xe280,0xf340,0xf320,0xc9a0,0xa080,
0xa160,0x0000,0x0000,0x0000,0x0000,0x0000,0x0000,0x0000,0x0000,0x0000,0x0000,0x0000,0x0000,0x0000,0x0000,0x0000,
0x0000,0x0000,0x0000,0x0000,0x0000,0x0000,0x0000,0x0000,0x0000,0x0000,0x0000,0x0000,0x0000,0x0000,0x0000,0x0000,
0x0000,0xa0a0,0xeaa0,0xfc20,0xfd01,0xd280,0x8060,0x0000,0x0000,0x0000,0x0000,0x0000,0x0000,0x0000,0x0000,0x0000,
0x9840,0x0000,0x0000,0x0000,0x0000,0x0000,0x4a60,0x1080,0x10c0,0x21e0,0x4bc0,0x8ec2,0x8680,0x5d40,0x4d20,0x4d00,
0x4d00,0x4d00,0x6da0,0x96a1,0xaf01,0xb721,0xd7ad,0xf7fa,0xe7ee,0xcfc2,0xbf80,0xbf80,0xbf60,0xbf60,0xbf60,0xbf40,
0xb740,0xb740,0xb740,0xb740,0xb740,0xb740,0xb740,0xb720,0xaf20,0xa700,0x96a0,0x96c0,0x7e40,0x65c0,0x5540,0x44c0,
0x44c0,0x4ce0,0x4cc0,0x54c0,0x5c60,0x32a0,0x19a0,0x32a0,0x1900,0x20c0,0x62c0,0x0000,0x0000,0x0000,0x0000,0x0000,
0x0000,0x0000,0x0000,0x0000,0x0000,0x0000,0x0000,0x0000,0x0000,0x88a0,0xb140,0xfc01,0xfc81,0xfc21,0xc980,0x9860,
0x0000,0x0000,0x0000,0x0000,0x0000,0x0000,0x0000,0x0000,0x0000,0x0000,0x0000,0x0000,0x0000,0x0000,0x0000,0x0000,
0x0000,0x0000,0x0000,0x0000,0x98c0,0x98c0,0x98a0,0x9920,0x0000,0x0000,0x0000,0x0000,0x0000,0x0000,0x0000,0x0000,
0x0000,0xa8a0,0xf380,0xfcc0,0xfdc1,0xdb00,0x8860,0x0000,0x0000,0x0000,0x0000,0x0000,0x0000,0x0000,0xa9e0,0xa960,
0xb1a1,0xca20,0xb980,0x8a00,0x0000,0x0000,0x4a60,0x08c0,0x3ba0,0x4cc0,0x6560,0x7e61,0x6e20,0x4d20,0x44e0,0x4d20,
0x5d60,0x7600,0x9ea1,0xa6e0,0xb741,0xbf62,0xdfce,0xeff5,0xdfcb,0xcfc3,0xc7a0,0xbf60,0xbf60,0xbf60,0xbf60,0xbf40,
0xb740,0xb740,0xb740,0xb740,0xb740,0xb740,0xb720,0xaf20,0xaf00,0x9ee0,0x96e0,0x96c0,0x96c0,0x7e40,0x7620,0x5540,
0x44a0,0x44c0,0x4cc0,0x4ce0,0x4cc0,0x4ca0,0x2b80,0x2b60,0x0900,0x1860,0x5a80,0x0000,0x6a20,0x8980,0x98e0,0xa0e0,
0xa0e0,0x98a0,0x0000,0x0000,0x0000,0x0000,0x0000,0x0000,0x0000,0x80a0,0xb160,0xfc20,0xf4a0,0xfc61,0xc180,0x9060,
0x0000,0x0000,0x0000,0x0000,0x0000,0x0000,0x0000,0x0000,0xa180,0x90c0,0x90c0,0x90c0,0x90e0,0x0000,0x0000,0x0000,
0x0000,0x0000,0x98c0,0xc1c0,0xec22,0xec01,0xec02,0xd240,0xb0e0,0x0000,0x0000,0x0000,0x0000,0x0000,0x0000,0x0000,
0x0000,0xa8a0,0xf3a0,0xfcc0,0xfd61,0xdac0,0x8860,0x0000,0x0000,0x0000,0x0000,0x0000,0x0000,0x9120,0xb940,0xdbe2,
0xf649,0xec82,0xe2e0,0xba00,0x8a00,0x8340,0x2980,0x08e0,0x4c80,0x5520,0x4cc0,0x4d00,0x5520,0x4d00,0x4d20,0x5560,
0x65c0,0x8e80,0xaee0,0xb740,0xc781,0xcfc3,0xcfa6,0xd7c7,0xcfa4,0xc7a1,0xc780,0xbf60,0xb740,0xaf40,0xaf40,0xb740,
0xb740,0xb740,0xb760,0xb740,0xbf40,0xb720,0xb720,0xaf00,0xa6e0,0x96c0,0x96e0,0x9f00,0x9f00,0x8ea0,0x8640,0x65a0,
0x4ce0,0x44a0,0x4480,0x3c60,0x3c40,0x33c0,0x2340,0x2340,0x0900,0x1040,0x5a60,0x6200,0x79a0,0xb9a0,0xeb60,0xf420,
0xf401,0xc9e0,0xa0c0,0x0000,0x0000,0x0000,0x0000,0x0000,0x0000,0x80c0,0xa920,0xf400,0xfc80,0xf400,0xb960,0x8860,
0x0000,0x0000,0x0000,0x0000,0x0000,0x0000,0x0000,0xa8e0,0xc140,0xe301,0xec01,0xebc1,0xeae1,0xb180,0x0000,0x0000,
0x0000,0xb1a0,0xc160,0xeb81,0xfea9,0xfe06,0xfd82,0xfba0,0xda40,0xb140,0x0000,0x0000,0x0000,0x0000,0x0000,0x0000,
0x0000,0xa880,0xfba0,0xfd00,0xfd41,0xd240,0x9080,0x91a0,0x0000,0x0000,0x0000,0x0000,0x0000,0x98e0,0xdb40,0xf523,
0xeda5,0xf4e1,0xfc60,0xe300,0xb1c0,0x69e1,0x0860,0x08a0,0x4440,0x4d00,0x4d00,0x4d00,0x4d00,0x4d20,0x5580,0x6600,
0x7e40,0x96c0,0xaf00,0xb740,0xbf41,0xc782,0xcfa3,0xc7a2,0xc7a1,0xc780,0xbf60,0xbf60,0xaf20,0xa700,0xaf20,0xaf20,
0xb740,0xb760,0xa720,0xaf20,0xb740,0xaf20,0xaf20,0xa700,0x9ee0,0x96e0,0x96e0,0x9f00,0x9f00,0x96e0,0x8640,0x75e0,
0x5d40,0x44c0,0x3c60,0x3400,0x2ba0,0x2320,0x2320,0x2b20,0x0920,0x0001,0x4981,0x7160,0xb9c0,0xe2c0,0xfda3,0xf4c2,
0xf4a1,0xfc62,0xb920,0xa1a0,0x0000,0x0000,0x0000,0x0000,0x0000,0x80c0,0xa920,0xf3c0,0xf460,0xf3e0,0xb120,0x8040,
0x0000,0x0000,0x0000,0x0000,0x0000,0x0000,0xa940,0xc1e1,0xdaa0,0xfdc6,0xfea8,0xf420,0xfba0,0xda20,0xa900,0x0000,
0x78e0,0xca20,0xfba0,0xfda4,0xff93,0xffd3,0xfdc5,0xf3c0,0xfc41,0xc9e0,0x90c0,0x0000,0x0000,0x0000,0x0000,0x0000,
0x0000,0xa080,0xf360,0xfd20,0xfd82,0xc9e0,0x9080,0x99c0,0x0000,0x0000,0x0000,0x0000,0x0000,0xa0c0,0xf542,0xfe86,
0xf607,0xfde4,0xf440,0xeb00,0xc9e0,0x40a0,0x0001,0x08a0,0x4420,0x4cc0,0x4ce0,0x4ce0,0x44e0,0x4d60,0x6600,0x7e80,
0x8680,0x9f00,0xaf40,0xaf20,0xaf20,0xc761,0xcfa3,0xc782,0xbf60,0xb740,0xb740,0xaf20,0x9f00,0x9f20,0xa720,0xa720,
0xa720,0xaf40,0xa720,0x9f20,0x9f00,0x9700,0x96e0,0x96e0,0x96e0,0x96e0,0x9700,0x9f00,0x9f20,0x9f00,0x8660,0x7600,
0x6dc0,0x5500,0x4460,0x33e0,0x2340,0x2300,0x2b40,0x2b20,0x0920,0x0001,0x1000,0x78c0,0xeaa0,0xe2a0,0xf524,0xfe8b,
0xfda5,0xf3c1,0xc140,0xa9c0,0x0000,0x0000,0x0000,0x0000,0x0000,0x80a0,0xb160,0xf420,0xf400,0xf3e0,0xa920,0x7840,
0x0000,0x0000,0x0000,0x0000,0x0000,0x0000,0xa940,0xf423,0xfce1,0xfe89,0xffae,0xfda3,0xf3a0,0xf300,0xe260,0x90e0,
0x7080,0xca40,0xfbe0,0xfbe0,0xfce2,0xfe25,0xfd41,0xf3e0,0xfbc0,0xc1c0,0x90c0,0x0000,0x0000,0x0000,0x0000,0x0000,
0x0000,0xa080,0xeb20,0xf4e0,0xf5a2,0xd260,0xb9a0,0xa1c0,0x0000,0x0000,0x0000,0x0000,0x0000,0x9080,0xe340,0xfd62,
0xf583,0xf4c1,0xf3e0,0xda40,0xc9c0,0x48a0,0x0001,0x08a0,0x3b60,0x4ca0,0x44a0,0x44c0,0x4d00,0x5580,0x6e20,0x86c0,
0x8ee0,0x9f00,0xaf40,0xb740,0xaf20,0xb720,0xbf61,0xbf41,0xb720,0xaf20,0xaf20,0x9f00,0x9700,0x9700,0x9f00,0x9700,
0x9700,0x9700,0x9f20,0x9f20,0x9f00,0x96e0,0x8ee0,0x8ee0,0x96e0,0x9700,0x9f00,0xa740,0x9f20,0x96e0,0x96a0,0x7600,
0x6dc0,0x5d60,0x44a0,0x33c0,0x2340,0x2300,0x2b81,0x2b00,0x0900,0x0840,0x1800,0x8900,0xda60,0xda80,0xec01,0xfe06,
0xec42,0xe280,0xda20,0xb1a0,0x0000,0x0000,0x0000,0x0000,0x0000,0x9900,0xdac0,0xf522,0xebc0,0xf3a0,0xa120,0x7840,
0x0000,0x0000,0x0000,0x0000,0x0000,0x0000,0x98a0,0xe361,0xfd41,0xf5a2,0xf5c3,0xf440,0xf320,0xf2e0,0xeaa0,0x8880,
0x70a0,0xca00,0xfb40,0xfb80,0xfc00,0xfc80,0xfc80,0xfc20,0xf3a0,0xc180,0x90a0,0x0000,0x0000,0x0000,0x0000,0x0000,
0x0000,0xa0c0,0xeac0,0xf440,0xf5a2,0xf400,0xeb00,0x9940,0x9a20,0x0000,0x0000,0xaa20,0xa980,0xc1a0,0xf2e0,0xf360,
0xf340,0xeb60,0xeac0,0xda20,0xd9e0,0x60c0,0x10e0,0x1980,0x2220,0x3be0,0x4480,0x44e0,0x4d20,0x5da0,0x7660,0x8ee0,
0x8ec0,0x96e0,0xb740,0xb740,0xb740,0xaf20,0xaf20,0xb720,0xb740,0xc761,0xbf61,0xaf00,0x96e0,0x9700,0x9700,0x9700,
0x9700,0x96e0,0x9700,0x9700,0x9f20,0x9700,0x8ee0,0x8ee0,0x8ee0,0x96e0,0x9f20,0xa740,0x9701,0x7e40,0x96e0,0x7620,
0x65c0,0x5d60,0x4cc0,0x33e0,0x2340,0x2340,0x33a1,0x2280,0x1140,0x1060,0x3860,0xa960,0xc9c0,0xda80,0xeb40,0xf3c0,
0xeb40,0xf300,0xf320,0xc200,0xa1c0,0x0000,0x0000,0x0000,0x7900,0x98a0,0xebc1,0xf501,0xebe0,0xeb40,0xa120,0x7040,
0x0000,0x0000,0x0000,0x0000,0x0000,0x0000,0xa080,0xeb21,0xfd21,0xfca0,0xf400,0xf360,0xeae0,0xf2c0,0xea80,0x88a0,
0x7080,0xc1e0,0xfb00,0xf320,0xf3a0,0xf3e0,0xf3a0,0xeb60,0xeb40,0xeb20,0xb9c0,0x9100,0x0000,0x0000,0x0000,0x0000,
0x0000,0x9900,0xd9c0,0xeb80,0xfe02,0xf500,0xeb00,0xb120,0x9960,0x91a0,0x99c0,0xb1c0,0xdae0,0xfc41,0xfba0,0xf2e0,
0xeac0,0xeae0,0xe260,0xda20,0xb140,0x40c0,0x3b01,0x32c0,0x19c0,0x3320,0x4460,0x4d00,0x4d40,0x5de0,0x7ea0,0x8ee0,
0x7e80,0x86a0,0xaf40,0xb740,0xb740,0xb740,0xb740,0xbf61,0xc762,0xc762,0xcf62,0xb721,0x9ee0,0x9700,0x9700,0x9700,
0x96e0,0x96e0,0x9700,0x9700,0x9700,0x9700,0x8ec0,0x8ec0,0x8ee0,0x8ec0,0x9f20,0xa740,0x96e1,0x7640,0x7e40,0x7600,
0x6de0,0x5d60,0x44c0,0x3420,0x2360,0x2b80,0x2b80,0x1a20,0x2220,0x1920,0x1820,0x78c0,0xc9c0,0xd220,0xeae0,0xeb00,
0xeb00,0xf360,0xfb60,0xf360,0xc260,0x9a40,0x9240,0x8180,0x88c0,0xa8c0,0xec61,0xf583,0xebc0,0xe2e0,0xa120,0x7040,
0x0000,0x0000,0x0000,0x0000,0x0000,0x98e0,0xdaa0,0xfc00,0xfc00,0xfc00,0xfba0,0xf360,0xeae0,0xf2c0,0xe260,0x8880,
0x0000,0xb180,0xda20,0xeaa0,0xeb00,0xe2a0,0xe2a0,0xda60,0xda60,0xf3e0,0xeb40,0xb9c0,0xa140,0x9980,0x0000,0x0000,
0x78c0,0xa0e0,0xd9c0,0xe300,0xfde2,0xeca0,0xe2a0,0xda00,0xb9a0,0x9960,0xa980,0xe340,0xfc60,0xfc20,0xfb60,0xe260,
0xd200,0xc1c0,0xc200,0x9160,0x40a0,0x42c1,0x5cc1,0x43e0,0x2a80,0x3320,0x4400,0x44c0,0x4d40,0x4d80,0x6e20,0x7ea0,
0x7e80,0x86a0,0xa700,0xb760,0xb740,0xbf40,0xc781,0xcf82,0xcf82,0xcf81,0xc761,0xbf20,0xa700,0x96e0,0x96e0,0x96e0,
0x96e0,0x96e0,0x96e0,0x9700,0x9700,0x8ee0,0x8ec0,0x8ec0,0x8ec0,0x8ec0,0x8ec0,0x8ec0,0x8680,0x7e60,0x7620,0x6de0,
0x65a0,0x5540,0x44a0,0x3440,0x2ba0,0x2b80,0x2300,0x1a40,0x22a0,0x2aa0,0x1960,0x38a0,0x9960,0xc1a0,0xd200,0xca20,
0xca20,0xda60,0xf320,0xfba0,0xf380,0xa9c0,0x8940,0xa9c0,0xca00,0xc120,0xec01,0xf582,0xe360,0xdaa0,0xa940,0x6800,
0x80c0,0x0000,0x8160,0x8900,0xa160,0xd320,0xf3e0,0xfc00,0xf320,0xeae0,0xeb00,0xeae0,0xeac0,0xe260,0xc9a0,0x80a0,
0x0000,0x88e0,0x98a0,0xda20,0xeaa0,0xe2a0,0xe280,0xe260,0xda40,0xda60,0xebc0,0xfd60,0xc1e0,0xa0e0,0x90e0,0x88c0,
0xa140,0xd200,0xe200,0xe2c0,0xf520,0xe440,0xdac0,0xd9e0,0xe200,0xda60,0xeb60,0xfc40,0xfc60,0xfba0,0xe220,0xc1c0,
0xa140,0x8140,0x6120,0x28a0,0x4b21,0x8622,0x6520,0x64a0,0x4ba0,0x3b40,0x43e0,0x44a0,0x44c0,0x4540,0x55a0,0x6620,
0x7ea0,0x8ec0,0xa700,0xb760,0xb760,0xbf60,0xc782,0xcf83,0xc781,0xbf20,0xb700,0xbf20,0xaf00,0x9ee0,0x96e0,0x96c0,
0x96e0,0x96e0,0x96e0,0x96e0,0x8ee0,0x86a0,0x86a0,0x86c0,0x8ec0,0x96e0,0x8680,0x7660,0x7e60,0x7640,0x6e00,0x65a0,
0x5540,0x4ce0,0x3ca0,0x3440,0x3400,0x2b40,0x1a40,0x22c0,0x2b00,0x3b60,0x3b60,0x3260,0x30c0,0x6920,0x9100,0x9900,
0xa9a0,0xb1a0,0xd200,0xf360,0xf3c0,0xdb61,0xcac0,0xca20,0xc180,0xd260,0xec81,0xf4c1,0xe300,0xda20,0xc200,0xa140,
0x90c0,0x88a0,0x98e0,0xa920,0xca80,0xfda1,0xf480,0xeaa0,0xea60,0xf2e0,0xf300,0xeb00,0xeac0,0xb940,0x9060,0x0000,
0x0000,0x0000,0x9100,0xb160,0xc1a0,0xc9c0,0xc9c0,0xc980,0xc960,0xd220,0xf3e0,0xf4a0,0xebc0,0xe3c0,0xd2c0,0xca20,
0xeac0,0xea60,0xd9c0,0xe2a0,0xf4a0,0xece0,0xe421,0xca00,0xc9a0,0xeb00,0xfce2,0xf481,0xf360,0xea40,0xc1a0,0x8900,
0x71a0,0x4940,0x20c0,0x2a00,0x7560,0x7e40,0x8e82,0x85a1,0x5c20,0x4380,0x3ba0,0x3c20,0x44e0,0x4560,0x4d80,0x5de0,
0x7e80,0x96e0,0xa700,0xb740,0xbf60,0xbf40,0xcf63,0xdfa7,0xc742,0xbf40,0xc741,0xc720,0xb700,0x9ee0,0x96c0,0x96c0,
0x96c0,0x96c0,0x96c0,0x96e0,0x8ec0,0x86a0,0x86a0,0x8ea0,0x9ee0,0xa700,0x8ea0,0x7e60,0x7e40,0x7600,0x5520,0x4cc0,
0x4cc0,0x44a0,0x3c60,0x3440,0x3420,0x2300,0x1aa0,0x3380,0x3c00,0x4c40,0x54e0,0x5d01,0x32e1,0x08a0,0x4900,0xa1e0,
0x9100,0x9920,0xb9a0,0xda20,0xeba0,0xf4e2,0xf481,0xc240,0xa9e0,0xdc81,0xed61,0xf4c0,0xe2c0,0xda40,0xeae0,0xe280,
0xc9a0,0xc9a0,0xd260,0xebe0,0xfd41,0xf440,0xeb00,0xc960,0xb900,0xc9c0,0xc9e0,0xc1c0,0xb180,0x98e0,0x0000,0x0000,
0x0000,0x0000,0x0000,0x80e0,0x78c0,0x80e0,0x88e0,0x90a0,0x9880,0xc180,0xda40,0xdaa0,0xfd40,0xfe00,0xf500,0xebc0,
0xda80,0xe240,0xe220,0xda40,0xf480,0xf641,0xfe42,0xcb00,0xa940,0xd281,0xfc22,0xf3e1,0xd200,0xb920,0x9960,0x8aa1,
0x4160,0x3200,0x3280,0x7da0,0x7e00,0x8621,0x9ec2,0x85a1,0x6480,0x4be0,0x3ba0,0x3c20,0x5560,0x55c0,0x4da0,0x55c0,
0x7640,0x96c0,0xaf20,0xb740,0xbf40,0xc740,0xd76a,0xe7cc,0xc762,0xcf81,0xd782,0xcf41,0xcf40,0xbf00,0x96c0,0x8ec0,
0x96c0,0x96c0,0x96c0,0x96c0,0x96c0,0x96c0,0x8ea0,0x8ea0,0x9ee0,0x9ee0,0x9ec0,0x8680,0x7e20,0x6dc0,0x4480,0x4460,
0x44a0,0x3c60,0x3c40,0x3440,0x3420,0x2b80,0x3380,0x3c00,0x3c20,0x4ce0,0x5500,0x5500,0x6541,0x2ac0,0x1940,0x7a40,
0xaa20,0xa9e0,0x9120,0xa900,0xda80,0xf420,0xd2e0,0x9980,0x9260,0xd4a0,0xe4e0,0xf4c0,0xe2e0,0xeac0,0xeae0,0xc120,
0xc9a0,0xe360,0xf4a0,0xfd61,0xec40,0xda60,0xd1e0,0xb8e0,0x9060,0x80a0,0x8080,0x7860,0x7860,0x0000,0x0000,0x0000,
0x0000,0x0000,0x0000,0x0000,0x0000,0x0000,0x0000,0x0000,0x9980,0x98e0,0xa8c0,0xc9c0,0xdac0,0xe3a0,0xf4e0,0xf500,
0xe380,0xda60,0xe200,0xda00,0xec80,0xf660,0xee20,0xb3c0,0x9220,0xaa40,0xeb20,0xe2c0,0xc1a0,0xa0e0,0x8140,0x7b41,
0x29e0,0x32e0,0x8e20,0xaf41,0x9f02,0x8e81,0x75a0,0x6ce0,0x6480,0x5c60,0x4c00,0x54c0,0x65e0,0x6e40,0x6620,0x5dc0,
0x7620,0x9ee0,0xaee0,0xb720,0xbf20,0xd745,0xefd5,0xd76b,0xc741,0xc740,0xcf40,0xc720,0xcf40,0xc720,0x96c0,0x8ec0,
0x8ec0,0x96c0,0x96c0,0x96c0,0x96c0,0x96c0,0x8ec0,0x96c0,0xa700,0xa700,0x9ec0,0x8660,0x7620,0x6dc0,0x54e0,0x4c80,
0x4480,0x3c40,0x3440,0x3c60,0x3c80,0x33e0,0x33c0,0x3be0,0x3c40,0x4cc0,0x5520,0x5d60,0x5d60,0x5540,0x2b81,0x1180,
0x5a40,0x79e0,0x5020,0x80a0,0xc140,0xeac0,0xc280,0x79e0,0x72c0,0xbc60,0xf520,0xec60,0xe2e0,0xeac0,0xda20,0xd240,
0xec41,0xfd41,0xec00,0xe340,0xdac0,0xc140,0xa880,0x98c0,0x0000,0x0000,0x0000,0x0000,0x0000,0x0000,0x0000,0x0000,
0x0000,0x0000,0x0000,0x0000,0x0000,0x0000,0x0000,0x0000,0x0000,0x0000,0x9100,0xa120,0xc180,0xd200,0xebe0,0xf5a0,
0xfde0,0xe3c0,0xca20,0xc2a0,0xbc60,0xb5c0,0x9560,0x7480,0x6ba0,0x7b00,0xb300,0xc260,0xb160,0xa100,0x79a0,0x10e0,
0x0900,0x6460,0xaf01,0x9e81,0x8e61,0x7dc0,0x6540,0x64c0,0x6480,0x6480,0x5ca0,0x6560,0x7640,0x7e80,0x7ea0,0x7e80,
0x8ea0,0xaf00,0xb700,0xbf00,0xbee0,0xdf6c,0xe7d4,0xd7a8,0xbf41,0xb700,0xc720,0xc740,0xbf20,0xa6c0,0x8ec0,0x8ec0,
0x8ec0,0x96c0,0x96c0,0x96c0,0x8ec0,0x96a0,0x96a0,0x8600,0x7de0,0x8620,0x8e60,0x8640,0x7e20,0x75e0,0x6580,0x5d00,
0x4c80,0x3c40,0x3c60,0x44a0,0x44a0,0x3400,0x33c0,0x3c00,0x3c20,0x4cc0,0x4d20,0x5d60,0x5520,0x5d60,0x6dc1,0x2300,
0x00c0,0x49a0,0x58a0,0x7880,0xb9a0,0xc260,0x92e0,0x5ac0,0x4300,0x8440,0xcd00,0xd440,0xcac0,0xda80,0xe320,0xf4c1,
0xf541,0xec60,0xeb20,0xc160,0xb0c0,0xa8c0,0x98a0,0x0000,0x0000,0x0000,0x0000,0x0000,0x0000,0x0000,0x0000,0x0000,
0x0000,0x0000,0x0000,0x0000,0x0000,0x0000,0x0000,0x0000,0x0000,0x0000,0x0000,0x99c0,0xa980,0xc1a0,0xd220,0xe3c0,
0xf580,0xf5e0,0xdce0,0x9c00,0x7d00,0x6d40,0x6d60,0x6540,0x5ca0,0x5400,0x6380,0x72a0,0x6120,0x50c0,0x3120,0x08e0,
0x5c22,0xaee1,0x9ea1,0x8600,0x7de0,0x6da0,0x6520,0x5ca0,0x5c60,0x5c80,0x64e0,0x6dc0,0x7660,0x7e80,0x86c0,0x8ec0,
0x9f00,0xaf20,0xbf40,0xc720,0xcf25,0xe7b0,0xb6c6,0x9660,0x9660,0xa6a0,0xb700,0xc720,0xbf40,0xa700,0x96c0,0x96c0,
0x96e0,0x96c0,0x96c0,0x96c0,0x8ea0,0x96c0,0x8e60,0x5460,0x4400,0x4c40,0x75a0,0xa701,0x96a0,0x7600,0x6da0,0x6560,
0x4cc0,0x3c60,0x3c80,0x44a0,0x44c0,0x3420,0x33a0,0x3be0,0x3c00,0x4480,0x4d00,0x5500,0x6540,0x7e01,0x8e62,0x6d21,
0x1260,0x3aa0,0x59a0,0x60e0,0x7a00,0x62c0,0x3ae0,0x3b40,0x2b60,0x4c00,0x8d40,0x9ca0,0xab60,0xc340,0xe420,0xf501,
0xeca0,0xdb20,0xd1e0,0xc160,0xa0a0,0x98e0,0x0000,0x0000,0x0000,0x0000,0x0000,0x0000,0x0000,0x0000,0x0000,0x0000,
0x0000,0x0000,0x0000,0x0000,0x0000,0x0000,0x0000,0x0000,0x0000,0x0000,0x0000,0x0000,0x9980,0xa100,0xc160,0xd1c0,
0xdae0,0xed20,0xd5a0,0x74c0,0x6520,0x8600,0x9640,0x85e0,0x6d60,0x54c0,0x3ba0,0x21e0,0x18a0,0x1060,0x3260,0x5c40,
0x9e82,0x9ec1,0x7de0,0x8620,0x7e00,0x6d80,0x5500,0x4c40,0x4400,0x5ca0,0x6500,0x7620,0x7e80,0x7e80,0x86a0,0x96e0,
0xa740,0xa720,0x9680,0xa6a0,0xcf67,0xbf29,0xa6a2,0x6d60,0x4c60,0x7580,0xaea0,0xbf20,0xbf40,0xa700,0x96e0,0x96e0,
0x96e0,0x96e0,0x96c0,0x96c0,0x96a0,0x8620,0x6520,0x4400,0x43e0,0x43c0,0x4c40,0x7de0,0x8620,0x75e0,0x6dc0,0x6580,
0x4d00,0x3c80,0x3ca0,0x44c0,0x44c0,0x3400,0x2b60,0x3b80,0x3bc0,0x3c20,0x44a0,0x44a0,0x7dc2,0x9ea2,0x8601,0x8601,
0x75a1,0x3bc0,0x08e0,0x18c0,0x1960,0x22c0,0x33c0,0x3c20,0x54c0,0x6540,0x7dc0,0x7d00,0x8420,0xb440,0xdc00,0xdb60,
0xd280,0xc1a0,0xb100,0xa0c0,0x0000,0x0000,0x0000,0x0000,0x0000,0x0000,0x0000,0x0000,0x0000,0x0000,0x0000,0x0000,
0x0000,0x0000,0x0000,0x0000,0x0000,0x0000,0x0000,0x0000,0x0000,0x0000,0x0000,0x0000,0x0000,0x88e0,0xa120,0xc140,
0xc9c0,0xc320,0x83e0,0x4c60,0x5d20,0x8e20,0xb6c1,0xb701,0x9660,0x7580,0x4c60,0x2ac0,0x1940,0x2160,0x8dc0,0x8e60,
0x7dc0,0x8620,0x8640,0x75e0,0x6dc0,0x6560,0x4cc0,0x3c00,0x3bc0,0x5c80,0x6d60,0x86a0,0x86c0,0x7660,0x7e80,0x9700,
0xa740,0xa720,0x8e60,0xa6a2,0x9e83,0x75c1,0x6d60,0x4c60,0x3bc0,0x4420,0x7dc0,0xaf00,0xbf60,0xa720,0x9700,0x9700,
0x96e0,0x96e0,0x96e0,0x96c0,0x96c1,0x6d21,0x4c20,0x4c00,0x43e0,0x4400,0x43e0,0x5ce0,0x8660,0x7e40,0x6dc0,0x65a0,
0x4d00,0x3ca0,0x3c80,0x3ca0,0x3ca0,0x33e0,0x2ae0,0x3b20,0x3b40,0x33c0,0x3c20,0x3c20,0x5ca0,0x6d40,0x7580,0x7dc0,
0x8e20,0x7580,0x1a20,0x0960,0x2300,0x3c60,0x5d60,0x6e00,0x7e20,0x8661,0x75c0,0x64e0,0x6c80,0x8c40,0xb3a0,0xcaa0,
0xc180,0xa8c0,0xa920,0x0000,0x0000,0x0000,0x0000,0x0000,0x0000,0x0000,0x0000,0x0000,0x0000,0x0000,0x0000,0x0000,
0x0000,0x0000,0x0000,0x0000,0x0000,0x0000,0x0000,0x0000,0x0000,0x0000,0x0000,0x0000,0x0000,0x0000,0x9100,0xb120,
0xb9c0,0x9260,0x5380,0x4460,0x54e0,0x6da0,0x9661,0xa680,0xa680,0xa6a0,0xa6c0,0x64c0,0x1a20,0x6420,0xa660,0x9660,
0x8621,0x7e00,0x7e00,0x75c0,0x6560,0x5500,0x4480,0x3be0,0x3ba0,0x5c80,0x75a0,0x8ec0,0x86a0,0x6e20,0x6e20,0x8ec0,
0xa740,0xa720,0xaf01,0xdfc7,0x8e42,0x5d20,0x54e0,0x4440,0x3be0,0x4420,0x6d40,0x9680,0xb760,0xa720,0x96e0,0x96e0,
0x96e0,0x96e0,0x96e0,0x96e0,0x96c1,0x6d41,0x5440,0x4c40,0x4c20,0x4420,0x4440,0x6540,0x96e0,0x8680,0x7600,0x65a0,
0x4d00,0x3ca0,0x3c80,0x3c60,0x3c60,0x33e0,0x2ac0,0x3aa0,0x42c0,0x2b40,0x2ba0,0x3c20,0x4420,0x5480,0x6d40,0x7dc0,
0x7de0,0x8640,0x7581,0x2b60,0x3400,0x4500,0x5da0,0x7640,0x8641,0x96a2,0x6d80,0x54a0,0x5c40,0x6420,0x8b80,0xaa60,
0xb980,0x9080,0x88c0,0x0000,0x0000,0x0000,0x0000,0x0000,0x0000,0x0000,0x0000,0x0000,0x0000,0x0000,0x0000,0x0000,
0x0000,0x0000,0x0000,0x0000,0x0000,0x0000,0x0000,0x0000,0x0000,0x0000,0x0000,0x0000,0x0000,0x0000,0x0000,0x9960,
0x91a0,0x6aa0,0x4380,0x3c40,0x4480,0x5500,0x6581,0x75c0,0x9ea0,0xbf20,0xaee1,0x5480,0x3b60,0x9e61,0xaee0,0x9ec1,
0x8641,0x75e0,0x65a0,0x65a0,0x5d60,0x5540,0x4ce0,0x33c0,0x2b20,0x5460,0x75a0,0x8680,0x7e60,0x65c0,0x65e0,0x8680,
0xa740,0xa720,0xbf22,0xe7ea,0x9683,0x5d40,0x54e0,0x4ca0,0x3c20,0x4440,0x7de0,0xb740,0xbf80,0xa700,0x96e0,0x96e0,
0x96e0,0x96e0,0x96e0,0x96e0,0x9ee1,0x75a1,0x5ca0,0x5460,0x4c40,0x4c60,0x4c60,0x6d80,0x96e0,0x96e0,0x8660,0x65c0,
0x5560,0x44a0,0x3c60,0x3460,0x3420,0x33e0,0x3300,0x3a00,0x4a40,0x3b20,0x2340,0x3c00,0x4420,0x54a0,0x6d61,0x75c0,
0x7e00,0x8640,0x8e81,0x6dc1,0x44c0,0x3480,0x4500,0x65c0,0x9f02,0x9682,0x5ce0,0x4c60,0x4c20,0x4ba0,0x6300,0x9ac0,
0xa960,0x88a0,0x0000,0x0000,0x0000,0x0000,0x0000,0x0000,0x0000,0x0000,0x0000,0x0000,0x0000,0x0000,0x0000,0x0000,
0x0000,0x0000,0x0000,0x0000,0x0000,0x0000,0x0000,0x0000,0x0000,0x0000,0x0000,0x0000,0x0000,0x0000,0x0000,0x58e0,
0x50e0,0x4a60,0x3340,0x2b80,0x3c60,0x4480,0x3c80,0x5d81,0x8601,0x9ea0,0x9660,0x7e00,0x9ea1,0xa6c0,0x9ea0,0x8e80,
0x75e0,0x5d80,0x5540,0x4ce0,0x4ce0,0x4480,0x3c20,0x1a80,0x1a00,0x4be0,0x8e40,0x8e80,0x6de0,0x5d80,0x5d80,0x7e40,
0xa700,0xa720,0xc743,0xe7ea,0x9663,0x5d60,0x5d20,0x4cc0,0x4480,0x4460,0x7de0,0xbfa1,0xb760,0xa720,0x8ec0,0x96c0,
0x96c0,0x96c0,0x96c0,0x96e0,0x96e0,0x9ee1,0x96c1,0x8e40,0x6500,0x54c0,0x8641,0x96c0,0x9f20,0x9f00,0x96a0,0x6e00,
0x5580,0x4d20,0x3c80,0x2bc0,0x33e0,0x33c0,0x3300,0x39c0,0x5180,0x3a00,0x2b00,0x2340,0x3be0,0x3c20,0x54c0,0x75a0,
0x75c0,0x7e20,0x7e40,0x7e40,0x7620,0x7621,0x5520,0x6560,0x8e41,0x7da0,0x5480,0x4400,0x43a0,0x4340,0x42a0,0x61e0,
0x7100,0x0000,0x0000,0x0000,0x0000,0x0000,0x0000,0x0000,0x0000,0x0000,0x0000,0x0000,0x0000,0x0000,0x0000,0x0000,
0x0000,0x0000,0x0000,0x0000,0x0000,0x0000,0x0000,0x0000,0x0000,0x0000,0x0000,0x0000,0x0000,0x0000,0x0000,0x0000,
0x40c0,0x3940,0x2a60,0x2b60,0x2bc0,0x3400,0x3c40,0x44a0,0x6580,0x6da0,0x6d60,0x8620,0x8e40,0x8640,0x8640,0x75e0,
0x65a0,0x4d20,0x3ca0,0x3c80,0x3c40,0x3400,0x2b40,0x0980,0x11a0,0x5400,0xaf01,0x96a0,0x6560,0x5520,0x5540,0x75c0,
0x9ee0,0xaf20,0xcf83,0xefea,0xa6a3,0x6da0,0x6580,0x5d40,0x5500,0x6da0,0x9f00,0xaf60,0xa720,0x9ee0,0x96c0,0x96c0,
0x96c0,0x96c0,0x96c0,0x96c0,0x96c0,0x9ee0,0x9ee0,0xa740,0x96a0,0x8e60,0xaf60,0xa740,0xa720,0x9f00,0x96c0,0x7600,
0x5d80,0x4d00,0x2be0,0x2340,0x2b80,0x3be0,0x3b60,0x49e0,0x4900,0x1860,0x2240,0x1b00,0x2320,0x33e0,0x3c40,0x54c0,
0x6d80,0x6da0,0x65a0,0x65a0,0x75e0,0x7e41,0x5d60,0x4cc0,0x5ce0,0x4c60,0x4400,0x43c0,0x3300,0x2a60,0x3200,0x3900,
0x0000,0x0000,0x0000,0x0000,0x0000,0x0000,0x0000,0x0000,0x0000,0x0000,0x0000,0x0000,0x0000,0x0000,0x0000,0x0000,
0x0000,0x0000,0x0000,0x0000,0x0000,0x0000,0x0000,0x0000,0x0000,0x0000,0x0000,0x0000,0x0000,0x0000,0x0000,0x0000,
0x0000,0x30e0,0x29c0,0x3340,0x2b60,0x2bc0,0x3420,0x3c40,0x4cc0,0x4ca0,0x4c80,0x5d60,0x6d80,0x6dc0,0x6dc0,0x6580,
0x5520,0x44a0,0x3420,0x3420,0x2bc0,0x2b80,0x2b00,0x0960,0x19e0,0x5440,0xa6e1,0x9ea1,0x6560,0x4ce0,0x4d00,0x75c0,
0xa700,0xb760,0xcfa3,0xe7c9,0xd786,0xbf23,0xa6c1,0x8e60,0x96c0,0xaf40,0xaf60,0xa720,0x9ee0,0x96c0,0x96c0,0x96c0,
0x96c0,0x96c0,0x96c0,0x96c0,0x96c0,0x96c0,0x96e0,0x9ee0,0x9ee0,0x9ee0,0x9f00,0x9f20,0x9f20,0x9f00,0x9f00,0x7e40,
0x5da0,0x4ce0,0x33e0,0x2b60,0x3380,0x3ba0,0x4be0,0x5240,0x40c0,0x1860,0x1a00,0x1ac0,0x1ae0,0x2380,0x33e0,0x3c20,
0x4ca0,0x54e0,0x4ce0,0x5500,0x5d20,0x5d40,0x3c00,0x33c0,0x3ba0,0x3380,0x3360,0x3300,0x3300,0x2a40,0x18c0,0x38e0,
0x0000,0x0000,0x0000,0x0000,0x0000,0x0000,0x0000,0x0000,0x0000,0x0000,0x0000,0x0000,0x0000,0x0000,0x0000,0x0000,
0x0000,0x0000,0x0000,0x0000,0x0000,0x0000,0x0000,0x0000,0x0000,0x0000,0x0000,0x0000,0x0000,0x0000,0x0000,0x0000,
0x0000,0x0000,0x2940,0x2220,0x3360,0x3bc0,0x3be0,0x4c80,0x4c40,0x4420,0x4420,0x4460,0x4cc0,0x4ce0,0x5500,0x4ce0,
0x4480,0x3c60,0x3400,0x2b80,0x2360,0x2b60,0x2240,0x1140,0x2aa0,0x5460,0x9e80,0x9ea1,0x6540,0x5d20,0x75c0,0x9e80,
0xaee0,0xbf60,0xcfa3,0xdfc7,0xdfc7,0xe7c9,0xe7c9,0xcf62,0xb760,0xb780,0xa740,0x9f20,0x96e0,0x96e0,0x96c0,0x96c0,
0x96c0,0x96c0,0x96c0,0x96c0,0x96c0,0x96c0,0x96c0,0x96c0,0x96c0,0x9ee0,0xaf60,0x9f20,0x9f20,0x9f20,0x96c0,0x7600,
0x5da0,0x4d20,0x3c60,0x2b80,0x3380,0x3ba0,0x5be0,0x6260,0x40c0,0x28e0,0x2220,0x1a80,0x1ac0,0x1b00,0x2360,0x33c0,
0x3400,0x4460,0x44a0,0x3c60,0x44a0,0x54e0,0x4400,0x3b80,0x43c0,0x43a0,0x3b80,0x3b40,0x4320,0x29e0,0x20e0,0x0000,
0x0000,0x0000,0x0000,0x0000,0x0000,0x0000,0x0000,0x0000,0x0000,0x0000,0x0000,0x0000,0x0000,0x0000,0x0000,0x0000,
0x0000,0x0000,0x0000,0x0000,0x0000,0x0000,0x0000,0x0000,0x0000,0x0000,0x0000,0x0000,0x0000,0x0000,0x0000,0x0000,
0x0000,0x0000,0x5260,0x1940,0x1940,0x1980,0x19a0,0x19c0,0x1980,0x1960,0x19c0,0x3b60,0x4c40,0x4460,0x4460,0x3c40,
0x33e0,0x2b80,0x2b60,0x2b40,0x3300,0x3280,0x10e0,0x10e0,0x4380,0x5cc0,0x7de0,0x75c0,0x54e0,0x6d60,0x9680,0xaec0,
0xb700,0xbf40,0xcfa2,0xdfc6,0xcf83,0xdfa7,0xefca,0xcf62,0xb760,0xaf60,0xa740,0x9f00,0x96e0,0x96e0,0x96e0,0x96e0,
0x96c0,0x96c0,0x96c0,0x96c0,0x96c0,0x96c0,0x96c0,0x9ee0,0x8620,0x6da0,0x8640,0x9f00,0x9f20,0x96e0,0x96c0,0x7e40,
0x6de0,0x5540,0x3c80,0x33c0,0x3380,0x4c00,0x5ba0,0x5a00,0x5140,0x28c0,0x1940,0x1a00,0x1a80,0x1ac0,0x1b00,0x2340,
0x2ba0,0x2ba0,0x33c0,0x33e0,0x3bc0,0x3ba0,0x2260,0x1980,0x19c0,0x19a0,0x1960,0x1960,0x1140,0x1920,0x0000,0x0000,
0x0000,0x0000,0x0000,0x0000,0x0000,0x0000,0x0000,0x0000,0x0000,0x0000,0x0000,0x0000,0x0000,0x0000,0x0000,0x0000,
0x0000,0x0000,0x0000,0x0000,0x0000,0x0000,0x0000,0x0000,0x0000,0x0000,0x0000,0x0000,0x0000,0x0000,0x0000,0x0000,
0x0000,0x0000,0x0000,0x1900,0x0060,0x08e0,0x1100,0x1100,0x1120,0x1960,0x00a0,0x1140,0x43a0,0x3380,0x2b60,0x2b40,
0x3340,0x3320,0x32c0,0x2a20,0x2160,0x1860,0x0001,0x1920,0x4c00,0x6d60,0x75a0,0x6520,0x5ce0,0x6d80,0x8e20,0xaea0,
0xbf41,0xbf40,0xd7a3,0xdfc5,0xbf20,0xbec0,0xbea0,0xa640,0xb740,0xaf60,0x9f40,0x9700,0x9700,0x96e0,0x96e0,0x96e0,
0x96c0,0x96c0,0x96c0,0x96c0,0x96c0,0x9ec0,0x8e60,0x6560,0x4c80,0x4460,0x4c80,0x5d00,0x96c0,0x9f00,0x96c0,0x9ee0,
0x8ea0,0x6dc0,0x4cc0,0x3c00,0x4be0,0x5bc0,0x5b00,0x5a40,0x59c0,0x2080,0x1060,0x10e0,0x1160,0x1a60,0x22e0,0x2300,
0x2b20,0x2b40,0x2b00,0x2b00,0x2ac0,0x1a20,0x0100,0x08c0,0x0900,0x1120,0x1960,0x0900,0x0040,0x2160,0x0000,0x0000,
0x0000,0x0000,0x0000,0x0000,0x0000,0x0000,0x0000,0x0000,0x0000,0x0000,0x0000,0x0000,0x0000,0x0000,0x0000,0x0000,
0x0000,0x0000,0x0000,0x0000,0x0000,0x0000,0x0000,0x0000,0x0000,0x0000,0x0000,0x0000,0x0000,0x0000,0x0000,0x0000,
0x0000,0x0000,0x1960,0x19c0,0x2ae0,0x5480,0x7560,0x7560,0x7560,0x7dc0,0x4380,0x11e0,0x0980,0x00e0,0x0960,0x2ac0,
0x32c0,0x21a0,0x10a0,0x1060,0x30e0,0x3900,0x0820,0x21a0,0x5460,0x7de0,0x8640,0x6580,0x6540,0x7dc0,0x8600,0xa680,
0xc742,0xc761,0xdfc3,0xbf22,0x9e60,0x8dc0,0x8560,0x95e0,0xa6c0,0xa720,0x9f40,0x9f20,0x9f00,0x9700,0x96e0,0x96e0,
0x96e0,0x96e0,0x96e0,0x96e0,0x9700,0xa720,0x7e00,0x4460,0x4460,0x4c80,0x4ca0,0x4c80,0x6540,0x7e00,0x96c0,0x9ee0,
0x8ea0,0x6dc0,0x6560,0x5ca0,0x5be0,0x63a0,0x6360,0x73c0,0x6340,0x2120,0x10a0,0x1940,0x08a0,0x08c0,0x1140,0x1a00,
0x2240,0x19e0,0x1160,0x08e0,0x0960,0x22a0,0x4c40,0x5d00,0x6d60,0x6d60,0x7580,0x6d00,0x32e0,0x1180,0x1960,0x0000,
0x0000,0x0000,0x0000,0x0000,0x0000,0x0000,0x0000,0x0000,0x0000,0x0000,0x0000,0x0000,0x0000,0x0000,0x0000,0x0000,
0x0000,0x0000,0x0000,0x0000,0x0000,0x0000,0x0000,0x0000,0x0000,0x0000,0x0000,0x0000,0x0000,0x0000,0x0000,0x0000,
0x0000,0x21a0,0x3300,0x4c20,0x7dc1,0xaf03,0xbf63,0xa702,0x8e81,0x75e0,0x6d60,0x5500,0x3c00,0x1220,0x0080,0x08c0,
0x08a0,0x0860,0x3120,0x4180,0x6220,0x49e0,0x0020,0x19a0,0x5480,0x8640,0x8640,0x5d40,0x5d00,0x7de0,0x8600,0x9e60,
0xbf22,0xcf82,0xcf62,0xaec0,0x7560,0x5c80,0x5ca0,0x64c0,0x6500,0x75a0,0x8ea0,0x9f20,0x9f00,0x9700,0x9700,0x96e0,
0x96e0,0x96e0,0x9700,0x9700,0x96e0,0x8640,0x6540,0x4c80,0x4c80,0x4480,0x4ca0,0x54c0,0x4c80,0x6540,0x96c0,0x96c0,
0x96c0,0x6da0,0x6580,0x64c0,0x5ba0,0x6380,0x6be0,0x6c40,0x6440,0x21a0,0x08a0,0x3260,0x3ac0,0x1940,0x1920,0x10c0,
0x0880,0x08a0,0x08a0,0x08e0,0x1a20,0x4c80,0x6d80,0x7e20,0x9680,0xb701,0xb6c2,0x9600,0x9620,0x5ca0,0x0180,0x21a0,
0x0000,0x0000,0x0000,0x0000,0x0000,0x0000,0x0000,0x0000,0x0000,0x0000,0x0000,0x0000,0x0000,0x0000,0x0000,0x0000,
0x0000,0x0000,0x0000,0x0000,0x0000,0x0000,0x0000,0x0000,0x0000,0x0000,0x0000,0x0000,0x0000,0x0000,0x0000,0x0000,
0x0000,0x1140,0x5c80,0x9e81,0xe7e5,0xdfe5,0xd7c4,0xc7a3,0x9701,0x9700,0x9f41,0x8660,0x6580,0x3400,0x0a00,0x00a0,
0x0060,0x10a0,0x6b20,0x7320,0x5a40,0x20c0,0x0001,0x19e0,0x5480,0x8660,0x7e20,0x4ce0,0x5d00,0x75a0,0x7de0,0x9640,
0xbf02,0xcf63,0x9641,0x75a0,0x5cc0,0x5c80,0x5c80,0x5480,0x5480,0x4c60,0x5ce0,0x8660,0x9f20,0x9700,0x9700,0x9700,
0x9700,0x9700,0x9700,0x9720,0x8ee0,0x5d40,0x4ca0,0x4ca0,0x4c80,0x4c80,0x4c80,0x4ca0,0x4c80,0x6da0,0x9680,0x96c0,
0x96e0,0x6da0,0x54e0,0x4c40,0x5380,0x6360,0x63c0,0x6440,0x5c20,0x21e0,0x00a0,0x3ac0,0x0000,0x53a0,0x5b61,0x1900,
0x0001,0x1980,0x3b60,0x3b80,0x54c0,0x6d80,0x7e20,0x8e60,0xa6e0,0xefce,0xffef,0xb6c0,0xb720,0x9640,0x2340,0x1a60,
0x0000,0x0000,0x0000,0x0000,0x0000,0x0000,0x0000,0x0000,0x0000,0x0000,0x0000,0x0000,0x0000,0x0000,0x0000,0x0000,
0x0000,0x0000,0x0000,0x0000,0x0000,0x0000,0x0000,0x0000,0x0000,0x0000,0x0000,0x0000,0x0000,0x0000,0x0000,0x0000,
0x1920,0x2240,0x6520,0xbf82,0xc783,0xc7c3,0xbf82,0xa701,0x96c0,0xa721,0xaf41,0x9f00,0x7640,0x5520,0x3c60,0x2b60,
0x1200,0x00c0,0x1940,0x4220,0x8be0,0x18c0,0x0001,0x2200,0x5480,0x7e40,0x6da0,0x4cc0,0x5d20,0x75a0,0x7de0,0x9640,
0xbf01,0xcf63,0x7de1,0x5d00,0x5480,0x5460,0x5460,0x5440,0x4c20,0x4c20,0x4440,0x5d40,0x9720,0x9700,0x9700,0x9700,
0x9700,0x9700,0x9700,0x9720,0x8f00,0x5d40,0x4ca0,0x4ca0,0x4ca0,0x4ca0,0x4ca0,0x4ca0,0x4ca0,0x75a0,0x8e80,0x96a0,
0x96c0,0x6d80,0x4480,0x4400,0x4b60,0x5340,0x5340,0x4ba0,0x4c00,0x1a00,0x00a0,0x3b00,0x0000,0x4300,0x29e0,0x1940,
0x1980,0x3b60,0x5d00,0x6da0,0x7e00,0x9ec1,0xa6e1,0x9ee0,0xa6e0,0xcf47,0xd766,0xbf00,0xc780,0x9680,0x5540,0x33a0,
0x08e0,0x0000,0x0000,0x0000,0x0000,0x0000,0x0000,0x0000,0x0000,0x0000,0x0000,0x0000,0x0000,0x0000,0x0000,0x0000,
0x0000,0x0000,0x0000,0x0000,0x0000,0x0000,0x0000,0x0000,0x0000,0x0000,0x0000,0x0000,0x0000,0x0000,0x0000,0x0820,
0x1960,0x54e0,0x75e0,0x8e80,0x96c1,0x9f01,0xa701,0x96c0,0x8ea1,0x9f01,0xaf42,0xa741,0x8ea0,0x6dc0,0x6e00,0x5520,
0x2b80,0x11c0,0x00c0,0x1940,0x7360,0x1080,0x0020,0x2240,0x4ca0,0x65c0,0x5540,0x4cc0,0x5d20,0x6da0,0x7de0,0x9640,
0xbf02,0xcf43,0x8601,0x5d20,0x4c60,0x4c40,0x4c40,0x4c20,0x4400,0x4420,0x3c20,0x5500,0x9720,0x9700,0x9700,0x9700,
0x9700,0x9700,0x9700,0x9720,0x9720,0x5d60,0x4c80,0x4cc0,0x4ca0,0x4ca0,0x54e0,0x54c0,0x5d20,0x7de0,0x7e20,0x8ea0,
0x8e80,0x5d20,0x4440,0x43c0,0x4320,0x4b20,0x3ae0,0x3b40,0x43c0,0x11e0,0x0060,0x3b01,0x4b60,0x0920,0x19c0,0x43a0,
0x6540,0x6dc0,0x75e0,0x8e80,0xaf22,0xc784,0xb742,0x96c0,0x96a0,0xa6c0,0xa6c0,0xaee0,0xaf00,0x7e40,0x5560,0x3be0,
0x0060,0x0000,0x0000,0x0000,0x0000,0x0000,0x0000,0x0000,0x0000,0x0000,0x0000,0x0000,0x0000,0x0000,0x0000,0x0000,
0x0000,0x0000,0x0000,0x0000,0x0000,0x0000,0x0000,0x0000,0x0000,0x0000,0x0000,0x0000,0x0000,0x0000,0x0000,0x1020,
0x19c0,0x4d00,0x7e20,0xa741,0x9ee0,0x9f00,0x9ee0,0x96c0,0x7e20,0x8660,0xa701,0x9ec0,0x96c0,0x8ec0,0x7e00,0x5d40,
0x3ba0,0x2ac0,0x19e0,0x1160,0x1100,0x0001,0x0860,0x2260,0x4480,0x5d80,0x5520,0x5520,0x5500,0x6580,0x75c0,0x8e00,
0xbf02,0xc743,0x8e20,0x6560,0x4ca0,0x4c40,0x4c20,0x4c00,0x4400,0x4420,0x4460,0x6da0,0x9700,0x96e0,0x9700,0x9700,
0x9700,0x9700,0x9700,0x9720,0x9720,0x6de0,0x54e0,0x5500,0x5d00,0x6540,0x6540,0x6540,0x8620,0x8620,0x7600,0x7e40,
0x7601,0x4cc0,0x4440,0x43a1,0x4300,0x42e0,0x3280,0x3320,0x3380,0x11a0,0x0040,0x1120,0x2200,0x19e0,0x3320,0x75e0,
0x8640,0x8ec0,0x96e0,0x9f00,0xaf42,0xa702,0x8660,0x7e40,0x8e80,0x96a0,0x96c0,0x96a0,0x7e20,0x5d40,0x4d00,0x33a0,
0x0040,0x3120,0x0000,0x0000,0x0000,0x0000,0x0000,0x0000,0x0000,0x0000,0x0000,0x0000,0x0000,0x0000,0x0000,0x0000,
0x0000,0x0000,0x0000,0x0000,0x0000,0x0000,0x0000,0x0000,0x0000,0x0000,0x0000,0x0000,0x0000,0x0000,0x0000,0x1840,
0x19c0,0x44e0,0x65c0,0x9ee0,0x9f00,0x9ee0,0x8ea0,0x8e80,0x7600,0x6d80,0x6da0,0x6560,0x75c0,0x8640,0x7e60,0x6560,
0x54c0,0x4400,0x2ae0,0x1a20,0x0920,0x0020,0x0840,0x2240,0x3c20,0x5d60,0x5d80,0x5d40,0x5520,0x5d60,0x6da0,0x8e00,
0xaea1,0xb701,0xb702,0x9681,0x6520,0x64e0,0x7d80,0x8580,0x5480,0x4c60,0x7600,0x8ea0,0x96c0,0x96e0,0x9700,0x9700,
0x9700,0x9700,0x9700,0x9700,0x9720,0x96e0,0x96c0,0x9ec0,0x9ec0,0x9ee0,0x96c0,0x96c0,0x96a0,0x8e80,0x7e40,0x6e00,
0x5540,0x3c80,0x3c40,0x3b80,0x3ae0,0x42c0,0x3240,0x32e0,0x3340,0x0920,0x0040,0x0080,0x1180,0x3340,0x5d20,0x8660,
0x9721,0x9f20,0x96e0,0x86a0,0x7e40,0x6e00,0x65a0,0x7620,0x8640,0x8660,0x8e60,0x8e60,0x6da0,0x4ce0,0x3ca0,0x2b60,
0x0020,0x3120,0x0000,0x0000,0x0000,0x0000,0x0000,0x0000,0x0000,0x0000,0x0000,0x0000,0x0000,0x0000,0x0000,0x0000,
0x0000,0x0000,0x0000,0x0000,0x0000,0x0000,0x0000,0x0000,0x0000,0x0000,0x0000,0x0000,0x0000,0x0000,0x91a0,0x2020,
0x11c0,0x34c0,0x4500,0x7e40,0x8660,0x8660,0x8680,0x7e20,0x6580,0x75c0,0x8e60,0x7e00,0x6580,0x6580,0x7600,0x7e20,
0x6da0,0x5d00,0x4c40,0x3320,0x2a80,0x2200,0x0001,0x11c0,0x2bc0,0x5500,0x65a0,0x65a0,0x5d60,0x5500,0x6580,0x8de0,
0x9e60,0xaee1,0xdfc4,0xc762,0x9e60,0x9e60,0xae80,0xae80,0x7da0,0x6d60,0x96c0,0x96c0,0x96c0,0x96e0,0x9700,0x9700,
0x9700,0x9700,0x9700,0x9700,0x9720,0x9f20,0xa740,0xa700,0x96a0,0xa720,0x9f00,0x9ee0,0x96c0,0x8ea0,0x7e40,0x6de1,
0x4d01,0x3c60,0x3c20,0x3360,0x3ae0,0x3aa0,0x2a20,0x32e0,0x3320,0x0900,0x08e0,0x1a00,0x1220,0x3bc0,0x8641,0x9f20,
0x9700,0x86a0,0x7640,0x7e80,0x8ec0,0x7e20,0x5d40,0x5d60,0x75c0,0x8620,0x7e00,0x7e20,0x6580,0x3c80,0x3440,0x2b40,
0x0040,0x2840,0x6960,0x0000,0x0000,0x0000,0x0000,0x0000,0x0000,0x0000,0x0000,0x0000,0x0000,0x0000,0x0000,0x0000,
0x0000,0x0000,0x0000,0x0000,0x0000,0x0000,0x0000,0x0000,0x0000,0x0000,0x0000,0x0000,0x0000,0x98e0,0xe2c0,0x40c0,
0x0980,0x34a0,0x3ca0,0x6e00,0x7e40,0x7e40,0x8660,0x65a0,0x6560,0x8620,0x96a0,0x9ec0,0x7e20,0x6e00,0x7620,0x7600,
0x7600,0x6560,0x6560,0x54c0,0x2b40,0x2ae0,0x08c0,0x0920,0x2b80,0x3c60,0x5560,0x65a0,0x5d60,0x5520,0x6520,0x85c0,
0x9e60,0xa6a0,0xd7c4,0xcf82,0xc760,0xc741,0xb6c0,0xa6a0,0x9ea0,0x9680,0x9ee0,0x96e0,0x96e0,0x96e0,0x9700,0x96e0,
0x9700,0x9700,0x9700,0x9700,0x9720,0x9720,0x9f20,0x9f00,0x9ec0,0x9f00,0x9ee0,0x96c0,0x96a0,0x8e80,0x7e40,0x65c1,
0x4d01,0x3c40,0x3be0,0x3b60,0x3280,0x3a80,0x2a00,0x2a40,0x11c0,0x00e0,0x11a0,0x2ac0,0x3be0,0x4ca0,0x7600,0x96e0,
0x8680,0x7e80,0x7e80,0xa741,0xbfa2,0xa701,0x7600,0x4480,0x3c60,0x4ca0,0x7de0,0x75c0,0x44a0,0x23c0,0x2380,0x1ae0,
0x0060,0x50c0,0xb1a0,0x8180,0x0000,0x0000,0x0000,0x0000,0x0000,0x0000,0x0000,0x0000,0x0000,0x0000,0x0000,0x0000,
0x0000,0x0000,0x0000,0x0000,0x0000,0x0000,0x0000,0x0000,0x0000,0x0000,0x0000,0x0000,0xa100,0xe260,0xfd82,0x6960,
0x08c0,0x33e0,0x3460,0x5520,0x7640,0x7620,0x5d60,0x44a0,0x75e1,0x8640,0x8e60,0x9ea0,0xbf04,0xb6e3,0x8e60,0x7e40,
0x7600,0x7600,0x6d80,0x65a0,0x54c0,0x33a0,0x1a00,0x0100,0x2b60,0x2c00,0x3ca0,0x5500,0x5d40,0x5500,0x5cc0,0x7d20,
0x95e0,0x9e80,0xd7c3,0xcfa2,0xc760,0xc740,0xc720,0xbf20,0xb720,0xaf40,0xa720,0x9f00,0x9f00,0x9700,0x9700,0x9700,
0x9700,0x9700,0x9700,0x9700,0x9720,0x9f20,0xa720,0xaf40,0xaf20,0xa700,0x9ee0,0x96a0,0x8ea0,0x8e80,0x7620,0x5da1,
0x44e0,0x3c60,0x3be0,0x3300,0x3280,0x3240,0x3ac0,0x2221,0x0060,0x00c0,0x11e0,0x3360,0x5d00,0x6da0,0x6580,0x7e20,
0x8ee0,0x9f20,0xc765,0xe7e9,0xc763,0xa701,0x96c0,0x6580,0x3400,0x2bc0,0x5ce0,0x5d20,0x2c00,0x23c0,0x1b00,0x1240,
0x0040,0x7981,0xfb21,0xa8e0,0x7980,0x0000,0x0000,0x0000,0x0000,0x0000,0x0000,0x0000,0x0000,0x0000,0x0000,0x0000,
0x0000,0x0000,0x0000,0x0000,0x0000,0x0000,0x0000,0x0000,0x0000,0x0000,0x0000,0x0000,0xa920,0xf340,0xfdc4,0x79c1,
0x0001,0x1200,0x2400,0x3cc0,0x5540,0x5520,0x3400,0x3c60,0x7e21,0x7e00,0x96a0,0xaee0,0xe7aa,0xf7d3,0xcf68,0x9ec0,
0x8e80,0x7e20,0x75e0,0x6580,0x6560,0x54c0,0x2b00,0x1220,0x2b40,0x2bc0,0x3420,0x44a0,0x5d00,0x5c80,0x5c00,0x7c60,
0x9560,0x9640,0xcf82,0xbf61,0xbf20,0xcf61,0xaea0,0x9620,0x9660,0x96a0,0xa720,0xa760,0x9f20,0x9f20,0x9700,0x9700,
0x9700,0x9700,0x9700,0x9700,0x9720,0x9f00,0x96a0,0x8620,0x7de0,0x6d60,0x75c0,0x96c0,0x8ea0,0x8e80,0x7600,0x4d40,
0x44c0,0x3c60,0x33c0,0x2ac0,0x2a80,0x2a60,0x4320,0x2220,0x00a0,0x0120,0x22c0,0x5500,0x6d80,0x5d60,0x6de0,0x96e0,
0xb741,0xcfa3,0xf7ed,0xf7ee,0xbf63,0xa721,0x8e80,0x7e20,0x4460,0x2b80,0x4440,0x3c60,0x3420,0x23a0,0x1b00,0x1200,
0x0001,0x92a2,0xfc83,0xd180,0x7860,0x0000,0x0000,0x0000,0x0000,0x0000,0x0000,0x0000,0x0000,0x0000,0x0000,0x0000,
0x0000,0x0000,0x0000,0x0000,0x0000,0x0000,0x0000,0x0000,0x0000,0x0000,0x0000,0x60a0,0xa960,0xeac0,0xfce2,0xaa61,
0x2060,0x1160,0x2380,0x34c0,0x44e0,0x4d20,0x3c60,0x3c60,0x6580,0x7dc0,0x8e40,0xa6c0,0xbf02,0xe7ac,0xefcc,0xbf22,
0xa700,0x8e60,0x8640,0x7620,0x6dc0,0x4c60,0x22e0,0x22e0,0x1200,0x1200,0x33c0,0x4440,0x5440,0x6440,0x7c20,0x8c40,
0x94c0,0x95e0,0xbf61,0xb740,0xb700,0xa6a0,0x64e0,0x5460,0x5480,0x54a0,0x7e00,0xaf80,0xa740,0x9f20,0x9720,0x9700,
0x9700,0x9700,0x9700,0x9700,0x9700,0xa740,0x75c1,0x4440,0x4c60,0x4440,0x54e0,0x96c0,0x8ea0,0x8680,0x7620,0x5560,
0x44e0,0x3c60,0x33c0,0x2ac0,0x2a80,0x32e0,0x2aa0,0x0100,0x0940,0x1a60,0x3ba0,0x54a0,0x5d20,0x6580,0x96a0,0xcfa3,
0xe7cc,0xefce,0xd787,0xcfa5,0xbf62,0xa720,0x8660,0x7600,0x33e0,0x2360,0x4480,0x3c60,0x3440,0x23a0,0x22e0,0x09a0,
0x1040,0xb2e2,0xfc41,0xda00,0x8060,0x0000,0x0000,0x0000,0x0000,0x0000,0x0000,0x0000,0x0000,0x0000,0x0000,0x0000,
0x0000,0x0000,0x0000,0x0000,0x0000,0x0000,0x0000,0x0000,0x0000,0x0000,0x0000,0x60a0,0xb1a0,0xda60,0xe340,0xf380,
0xb2a0,0x18a0,0x0960,0x3460,0x3cc0,0x44c0,0x4480,0x33e0,0x4480,0x6520,0x7da0,0x9ea0,0xaec0,0xbf20,0xdfa9,0xf7f2,
0xd789,0xaf02,0x96c0,0x8680,0x7e00,0x5d20,0x33c0,0x33c0,0x1a80,0x0120,0x22a0,0x43c0,0x4c00,0x5be0,0x8400,0x9c20,
0x94a0,0x95c0,0xb721,0xb760,0xa6c0,0x7540,0x5480,0x54a0,0x54a0,0x54a0,0x6560,0x9f20,0xa760,0x9f40,0x9720,0x9700,
0x9700,0x9700,0x8ee0,0x96e0,0x8ec0,0x7e00,0x5ce0,0x4c40,0x4c60,0x4c80,0x4c60,0x6540,0x8e80,0x96e0,0x7660,0x55a0,
0x44e0,0x4480,0x33e0,0x2b00,0x2ac0,0x3340,0x1a20,0x00c0,0x0980,0x1a80,0x4420,0x6500,0x75a0,0x9ec1,0xbf62,0xd7a5,
0xfff3,0xf7f0,0xbf62,0xbf81,0xaf41,0x96c0,0x7e60,0x65a0,0x3400,0x2b80,0x4ca0,0x44a0,0x3440,0x2bc0,0x1220,0x08e0,
0x9282,0xeb20,0xda40,0xd1c0,0x8080,0x0000,0x0000,0x0000,0x0000,0x0000,0x0000,0x0000,0x0000,0x0000,0x0000,0x0000,
0x0000,0x0000,0x0000,0x0000,0x0000,0x0000,0x0000,0x0000,0x0000,0x0000,0x0000,0x0000,0xa9c0,0xd200,0xda80,0xe2e0,
0xba00,0x1800,0x0020,0x2b60,0x3480,0x3c60,0x3c60,0x3420,0x33c0,0x5480,0x7560,0x8e20,0xa6c0,0xb720,0xc744,0xefcf,
0xe7cc,0xd7c5,0xa6e1,0x96a0,0x8e40,0x75c0,0x54e0,0x4420,0x3bc0,0x09c0,0x11e0,0x4380,0x43a0,0x4ba0,0x5b40,0x7b80,
0x8c60,0x8d80,0xaf20,0xbfa0,0x9660,0x5cc0,0x54a0,0x54a0,0x54a0,0x54a0,0x54a0,0x6560,0x8e80,0x9720,0x9700,0x9700,
0x96e0,0x8ee0,0x8ee0,0x8ee0,0x8681,0x54a0,0x4c20,0x4c20,0x4c40,0x4c60,0x4c60,0x4c60,0x8640,0x9f00,0x8680,0x5da0,
0x44e0,0x3c40,0x33c0,0x2b20,0x2b00,0x2b00,0x0960,0x0120,0x1240,0x2b20,0x54a0,0x8e40,0xa700,0xbf82,0xe7e6,0xdfc6,
0xdfa9,0xbf64,0xaf41,0xaf41,0x9ee0,0x8680,0x6de0,0x5d40,0x3c00,0x2b40,0x4c80,0x44a0,0x3440,0x2b60,0x0960,0x10a0,
0xc2e1,0xeaa0,0xd1a0,0xc140,0x80a0,0x0000,0x0000,0x0000,0x0000,0x0000,0x0000,0x0000,0x0000,0x0000,0x0000,0x0000,
0x0000,0x0000,0x0000,0x0000,0x0000,0x0000,0x0000,0x0000,0x0000,0x0000,0x0000,0x0000,0x99a0,0xa140,0xd240,0xda80,
0xb9e0,0x4880,0x0001,0x22a0,0x3460,0x3440,0x3440,0x3c40,0x33c0,0x4c40,0x6d20,0x8600,0x9ea0,0xaf00,0xb740,0xbf20,
0xbf22,0xe7a8,0xbf23,0xaf00,0x9ec0,0x8e40,0x7580,0x5ce0,0x4c60,0x22a0,0x11e0,0x4380,0x4360,0x3b40,0x4340,0x5340,
0x6400,0x7d80,0xa700,0xc7e1,0x7de0,0x5480,0x5ce0,0x54a0,0x54a0,0x4c80,0x4c60,0x6580,0x96e0,0x9720,0x9700,0x9700,
0x8ee0,0x8ee0,0x8ec0,0x8ee0,0x8661,0x5480,0x4c00,0x4400,0x4400,0x4420,0x4c60,0x4440,0x7e20,0x9700,0x7e60,0x5560,
0x3440,0x2bc0,0x2b80,0x2b40,0x2300,0x1a40,0x0160,0x1a80,0x3be0,0x5ce0,0x75e0,0x9ea0,0xbf63,0xd7aa,0xefeb,0xe7e6,
0xbf41,0xa720,0xa721,0x9ee0,0x8ea0,0x7620,0x5d60,0x54c0,0x33c0,0x2320,0x3c20,0x44a1,0x3400,0x2280,0x0900,0x30a0,
0xc200,0xeaa0,0xc9a0,0x98e0,0x8980,0x0000,0x0000,0x0000,0x0000,0x0000,0x0000,0x0000,0x0000,0x0000,0x0000,0x0000,
0x0000,0x0000,0x0000,0x0000,0x0000,0x0000,0x0000,0x0000,0x0000,0x0000,0x0000,0x0000,0x0000,0x68a0,0xb1e0,0xca20,
0xc200,0x8920,0x1000,0x2200,0x2c20,0x3420,0x3420,0x3c40,0x22e0,0x2260,0x6500,0x8600,0x9680,0x9ee0,0xaf41,0xb720,
0xc762,0xe7a9,0xefcc,0xcf65,0xaf21,0x9ea0,0x8620,0x6d80,0x54c0,0x3be0,0x1200,0x2260,0x3b20,0x3b60,0x3ba0,0x43a0,
0x5440,0x75c0,0x8ea0,0xbfc2,0x8e61,0x5480,0x54c0,0x54c0,0x4ca0,0x4ca0,0x4440,0x6de0,0x9f40,0x9700,0x9700,0x96e0,
0x8ee0,0x8ee0,0x8ec0,0x8ec0,0x8661,0x4c60,0x43e0,0x43e0,0x4400,0x4420,0x4420,0x4c60,0x7e40,0x7e60,0x65c0,0x4500,
0x3400,0x2b80,0x2b40,0x2b00,0x1a80,0x0980,0x1a80,0x4460,0x5d00,0x7de0,0x9ec0,0x9ec0,0xbf45,0xfff1,0xd7a9,0xb761,
0xaf41,0xa721,0x9ee1,0x96c0,0x8660,0x5d80,0x4d00,0x3400,0x2360,0x2b40,0x3c20,0x3c21,0x33c0,0x19a0,0x2880,0x8900,
0xd1e0,0xc1e0,0x9120,0x7900,0x0000,0x0000,0x0000,0x0000,0x0000,0x0000,0x0000,0x0000,0x0000,0x0000,0x0000,0x0000,
0x0000,0x0000,0x0000,0x0000,0x0000,0x0000,0x0000,0x0000,0x0000,0x0000,0x0000,0x0000,0x0000,0x0000,0x7980,0x8100,
0x9160,0x9120,0x6840,0x3960,0x2320,0x2be0,0x33e0,0x3c40,0x2b40,0x2280,0x6500,0x6d80,0x8e60,0x96a0,0x9ec0,0xaf00,
0xaf20,0xbf42,0xdfa8,0xd7a8,0xcf84,0xaee0,0x9ea0,0x7de0,0x6d60,0x4c60,0x2300,0x09a0,0x1a00,0x3b60,0x3ba0,0x3bc0,
0x54a0,0x75e0,0x8ee0,0x9f40,0xa741,0x8e61,0x5d20,0x4c80,0x4c80,0x4c80,0x4ca0,0x8641,0x9f20,0x96e0,0x96e0,0x96e0,
0x8ee0,0x8ec0,0x8ec0,0x8ec0,0x8e81,0x54a0,0x43c0,0x43c0,0x3bc0,0x3be0,0x3c00,0x5cc0,0x8640,0x65a0,0x5560,0x44c0,
0x3400,0x2b80,0x2b40,0x2ae0,0x1a40,0x1a40,0x2b80,0x5ce0,0x8600,0x9e80,0xbf42,0xd7a5,0xd7a6,0xcfa7,0xb742,0xa720,
0x9f00,0x9ee0,0x96c0,0x7e60,0x6dc0,0x44c0,0x3400,0x2320,0x2300,0x33a0,0x3c21,0x33c0,0x2b01,0x2100,0x6860,0xa0e0,
0xa140,0x8960,0x81a0,0x0000,0x0000,0x0000,0x0000,0x0000,0x0000,0x0000,0x0000,0x0000,0x0000,0x0000,0x0000,0x0000,
0x0000,0x0000,0x0000,0x0000,0x0000,0x0000,0x0000,0x0000,0x0000,0x0000,0x0000,0x0000,0x0000,0x0000,0x0000,0x6140,
0x4060,0x8100,0xb9a0,0x50a0,0x0900,0x23a0,0x2c00,0x3400,0x3c20,0x3c00,0x4ca0,0x5500,0x75e0,0x8680,0x8ea0,0x9ee0,
0xa720,0xb740,0xb721,0xcf84,0xcf65,0xbf22,0xa6c0,0x9660,0x75a0,0x5d00,0x33a0,0x2b00,0x1a00,0x2260,0x3ba0,0x33c0,
0x4480,0x7600,0x8ee0,0x86a0,0x8ec0,0x9ec0,0x8660,0x75e0,0x6d80,0x6da0,0x8661,0x9f01,0x9ee0,0x96e0,0x96e0,0x96e0,
0x8ec0,0x8ec0,0x8ec0,0x8ea0,0x8ea0,0x7de0,0x6d60,0x6500,0x5cc0,0x5ce0,0x6d60,0x8600,0x8640,0x5d80,0x4d00,0x44c0,
0x3c20,0x2b80,0x3360,0x19c0,0x0940,0x3b80,0x4420,0x6d80,0x8e60,0xbf81,0xcfa4,0xd7a6,0xcfa4,0xaf21,0xa721,0x9f00,
0x96e0,0x8680,0x7e20,0x6de0,0x5500,0x3c60,0x1b20,0x1aa0,0x2b60,0x33a0,0x3be0,0x2b20,0x1180,0x50e0,0x90c0,0x78a0,
0x7940,0x0000,0x0000,0x0000,0x0000,0x0000,0x0000,0x0000,0x0000,0x0000,0x0000,0x0000,0x0000,0x0000,0x0000,0x0000,
0x0000,0x0000,0x0000,0x0000,0x0000,0x0000,0x0000,0x0000,0x0000,0x0000,0x0000,0x0000,0x0000,0x0000,0x0000,0x0000,
0x6140,0x7940,0xca00,0x80c0,0x0001,0x1b20,0x2c20,0x3400,0x3420,0x3400,0x33e0,0x4460,0x65a0,0x7e60,0x8640,0x8e80,
0x9ee0,0xaf20,0xb740,0xb720,0xcf65,0xe7c9,0xbf21,0x9ec0,0x75a0,0x5d40,0x4460,0x3ba0,0x19c0,0x1180,0x3360,0x33e0,
0x4480,0x4d00,0x5d80,0x6600,0x86a0,0xa700,0xaf40,0xa720,0x9f00,0x96e0,0x96e0,0x96c0,0x96c0,0x96c0,0x96c0,0x96c0,
0x8ec0,0x8ec0,0x8ec0,0x8ea0,0x8e80,0x8e40,0x8e40,0x8620,0x8620,0x8e60,0x8e60,0x7e20,0x8ea0,0x65c0,0x3c80,0x3c40,
0x33c0,0x2b40,0x2b00,0x1980,0x1160,0x43e0,0x5d20,0x8660,0xa720,0xbf81,0xbf82,0xb762,0xaf41,0xa720,0x9f00,0x96c0,
0x8680,0x7600,0x65a0,0x5520,0x44a0,0x3c60,0x1ae0,0x1a80,0x2b40,0x3381,0x3bc0,0x1a60,0x0060,0x7120,0xa140,0x6900,
0x0000,0x0000,0x0000,0x0000,0x0000,0x0000,0x0000,0x0000,0x0000,0x0000,0x0000,0x0000,0x0000,0x0000,0x0000,0x0000,
0x0000,0x0000,0x0000,0x0000,0x0000,0x0000,0x0000,0x0000,0x0000,0x0000,0x0000,0x0000,0x0000,0x0000,0x0000,0x0000,
0x0000,0x81e0,0xa1a0,0xa900,0x3860,0x2b21,0x2c00,0x3400,0x3400,0x3420,0x2320,0x4461,0x5d40,0x65a0,0x7600,0x7e20,
0x96a0,0x9ec0,0xaf00,0xaf00,0xbf21,0xd7a6,0xbf22,0xa680,0x7e20,0x6560,0x5d20,0x4400,0x11a0,0x1180,0x3320,0x33c0,
0x3420,0x3c60,0x44c0,0x55a0,0x7e20,0xb700,0xb720,0xa6e0,0x9ec0,0x96c0,0x8ea0,0x96c0,0x96c0,0x96a0,0x8ec0,0x96c0,
0x8ec0,0x8ec0,0x8ec0,0x8ea0,0x8e80,0x8640,0x7dc0,0x7de0,0x8e40,0x8e60,0x8ea0,0x7620,0x7600,0x4d20,0x3440,0x2be0,
0x2b80,0x2b00,0x2280,0x2260,0x3320,0x4ca0,0x75e0,0x9ee0,0xb760,0xbf60,0xb781,0xaf60,0xa720,0x9f00,0x96e0,0x8ea0,
0x7e20,0x6dc0,0x54e0,0x44a0,0x4c80,0x2b60,0x1260,0x1ac0,0x2320,0x3361,0x3be1,0x1a20,0x1840,0x8100,0x8940,0x71c0,
0x0000,0x0000,0x0000,0x0000,0x0000,0x0000,0x0000,0x0000,0x0000,0x0000,0x0000,0x0000,0x0000,0x0000,0x0000,0x0000,
0x0000,0x0000,0x0000,0x0000,0x0000,0x0000,0x0000,0x0000,0x0000,0x88c0,0x80e0,0x0000,0x0000,0x0000,0x0000,0x0000,
0x0000,0x0000,0x8120,0xc120,0xa181,0x2180,0x2b20,0x3440,0x2c00,0x3420,0x2320,0x2b20,0x54e1,0x4d20,0x65c0,0x6dc0,
0x8640,0x8e80,0x96a0,0xa6e0,0xaf00,0xaf00,0xb6e0,0xc762,0xa6a1,0x75c0,0x75e0,0x4ca0,0x22a0,0x19e0,0x1a00,0x2b20,
0x2bc0,0x3420,0x44a0,0x4d20,0x7e40,0xaec0,0xa6c0,0x9ea0,0x9660,0x8620,0x75a0,0x7560,0x8e60,0x96a0,0x8ec0,0x8ec0,
0x8ec0,0x8ec0,0x8ec0,0x8ea0,0x8661,0x6d20,0x64c0,0x6500,0x9680,0x9680,0x96c0,0x7640,0x5da0,0x3ca0,0x2c00,0x2bc0,
0x2b40,0x22a0,0x1a00,0x2280,0x4ca0,0x6da0,0x7e20,0xbf24,0xefcd,0xc784,0xaf60,0xa720,0x9f20,0x96e0,0x8ea0,0x8660,
0x7600,0x5d40,0x4c80,0x4440,0x3c00,0x1280,0x0a00,0x2300,0x2320,0x2b20,0x22e0,0x29c0,0x7100,0x8080,0x7920,0x0000,
0x0000,0x0000,0x0000,0x0000,0x0000,0x78e0,0x78a0,0x78c0,0x78e0,0x0000,0x0000,0x0000,0x0000,0x0000,0x0000,0x0000,
0x0000,0x0000,0x0000,0x0000,0x0000,0x0000,0x0000,0xb980,0xd220,0xe2e0,0xda60,0xa920,0x8900,0x0000,0x0000,0x0000,
0x0000,0x0000,0x8960,0xb920,0xc181,0x1800,0x19e0,0x3440,0x2be0,0x3c40,0x2b40,0x1240,0x3c21,0x4cc0,0x5d60,0x6560,
0x6da0,0x7e40,0x8e80,0x9ec0,0xa6e0,0xa6e0,0xaee0,0xd781,0xcf82,0x9ea0,0x7e00,0x5520,0x2b60,0x1a20,0x00e0,0x22a0,
0x2ba0,0x3400,0x3c80,0x44e0,0x7620,0x85c0,0x7d80,0xa680,0x8e00,0x4c40,0x3b60,0x4380,0x7da0,0x96c0,0x8ea0,0x8ec0,
0x8ec0,0x8ec0,0x8ec0,0x8ec0,0x75c1,0x5440,0x5420,0x4c20,0x8e60,0x8ea0,0x86a0,0x6e00,0x4d60,0x3ca0,0x2be0,0x2b60,
0x2b00,0x19e0,0x1160,0x2b40,0x6560,0x96c0,0x96c0,0xcf69,0xfff5,0xc765,0xa720,0xa740,0x9f00,0x96e0,0x8ea0,0x7e20,
0x6560,0x54e0,0x4c80,0x3c00,0x22e0,0x09e0,0x1260,0x2320,0x2b61,0x22c0,0x0100,0x4900,0xc1a1,0x8080,0x81a0,0x0000,
0x0000,0x0000,0x0000,0x8980,0xa140,0xca00,0xd220,0xda40,0xda60,0xb960,0x0000,0x0000,0x0000,0x0000,0x0000,0x0000,
0x0000,0x0000,0x0000,0x0000,0x0000,0xa100,0xa880,0xeb60,0xfdc2,0xfc80,0xfc00,0xf340,0xb0e0,0x9940,0x0000,0x0000,
0x0000,0x0000,0x91c0,0xa100,0xc120,0x78c0,0x39a0,0x2ba0,0x3420,0x3400,0x2b60,0x09e0,0x1a80,0x4460,0x4480,0x4cc0,
0x5500,0x75e0,0x8640,0x8e80,0x96a0,0xa6e0,0xa6c0,0xbf00,0xbf20,0xaee0,0x8e60,0x6dc0,0x3400,0x22c0,0x1180,0x2280,
0x2b60,0x33c0,0x3c40,0x44e0,0x6de0,0x75a0,0x7dc0,0xa6a0,0x9e40,0x5440,0x4b80,0x5380,0x7520,0x9ee0,0x8ec0,0x96e0,
0x96e0,0x96e0,0x8ee0,0x96e0,0x6d81,0x5440,0x4be0,0x43c0,0x8e20,0x8e80,0x7640,0x5da0,0x4500,0x3420,0x2bc0,0x2b40,
0x2a80,0x1120,0x11e0,0x3400,0x65a0,0xa720,0xc781,0xd7a5,0xc766,0xaf21,0xa740,0xa720,0x9f00,0x96e0,0x8660,0x65a0,
0x5500,0x4c80,0x3be0,0x2300,0x1240,0x0a00,0x1ae0,0x2b40,0x2b61,0x1a80,0x10a0,0x7900,0xc160,0x90c0,0x0000,0x0000,
0x0000,0x0000,0x89a0,0xa140,0xd9e0,0xfc80,0xfd81,0xfd81,0xfc20,0xd1a0,0xa900,0x0000,0x0000,0x0000,0x0000,0x0000,
0x0000,0x0000,0x0000,0x0000,0x0000,0xc1a0,0xf2e0,0xfdc2,0xff69,0xfe88,0xfe86,0xfd01,0xd160,0xa0a0,0xa200,0x0000,
0x0000,0x0000,0x91a0,0x9100,0xb100,0xd1a0,0x91c0,0x3220,0x2b60,0x2360,0x2360,0x22e0,0x1a60,0x2b80,0x3400,0x3c20,
0x4cc0,0x5d20,0x75e0,0x7e20,0x8e60,0x9680,0xa6c0,0xa6a0,0xbf00,0xcf81,0xa6c0,0x7e20,0x44c0,0x2b60,0x3300,0x2240,
0x2260,0x2b80,0x3400,0x3ca0,0x5d60,0x75c0,0x8e20,0xa680,0xaea0,0x6c80,0x5b80,0x63c0,0x8560,0x9f00,0x96e0,0x9700,
0x96e0,0x96e0,0x96e0,0x96e0,0x8641,0x64e0,0x5c80,0x64c0,0x9620,0x8640,0x6de0,0x4d40,0x3460,0x2bc0,0x2b40,0x2b00,
0x2240,0x11a0,0x2b00,0x4460,0x6de0,0xa6e0,0xdfc4,0xd7c3,0xb760,0xaf40,0x9f00,0x9f00,0x96e0,0x8680,0x65c0,0x5520,
0x44a0,0x4440,0x3c00,0x1260,0x09e0,0x1240,0x1ac0,0x2b60,0x22c0,0x29c0,0x71c0,0x8900,0x98a0,0x90c0,0x0000,0x0000,
0x0000,0x8180,0x80c0,0xca20,0xfc20,0xf4a1,0xfeeb,0xff49,0xfdc0,0xfc00,0xeac0,0x9920,0x0000,0x0000,0x0000,0x0000,
0x0000,0x0000,0x0000,0x0000,0x7080,0xc180,0xfc20,0xfce0,0xfde3,0xfdc5,0xfda3,0xfc60,0xe260,0xc960,0xa120,0x8920,
0x7940,0x7980,0x8180,0x8920,0xa100,0xc980,0xc1a0,0x5100,0x1160,0x2300,0x2ba0,0x33c0,0x2b60,0x1a80,0x2b80,0x33e0,
0x3c40,0x4ce0,0x6580,0x75e0,0x8600,0x8e60,0x9680,0xa6c0,0xcf61,0xcf61,0xb740,0x7e60,0x5580,0x4460,0x3341,0x08e0,
0x1160,0x2b00,0x33e0,0x3c80,0x44e0,0x5d40,0x7de0,0x9e80,0xaea0,0xa620,0x9560,0x95a0,0xa6a0,0x9f00,0x9700,0x9700,
0x9700,0x96e0,0x96e0,0x96c0,0x96a0,0x8e60,0x9e80,0xa6a0,0x9e40,0x8620,0x6da0,0x44a0,0x2be0,0x2b40,0x2ac0,0x2200,
0x2220,0x2b00,0x33c0,0x54c0,0x7600,0xb702,0xefe8,0xcf82,0xbf60,0xaf20,0x96e0,0x8680,0x7640,0x6de0,0x5d80,0x4ce0,
0x3c60,0x3c20,0x3be1,0x1aa0,0x09e0,0x1260,0x22e0,0x1a40,0x0940,0x5160,0xa9e0,0x88a0,0x7820,0x8080,0x9160,0x99c0,
0x91a0,0xa1a0,0xa120,0xca00,0xfd20,0xfe43,0xfec8,0xf5e3,0xf4a0,0xfc40,0xf300,0x98e0,0x0000,0x0000,0x0000,0x0000,
0x0000,0x0000,0x0000,0x0000,0x7880,0xb960,0xfb40,0xf3a0,0xf3a0,0xf3a0,0xf3e0,0xfbe0,0xf320,0xeaa0,0xe2e0,0xd320,
0xc2a0,0xa9e0,0x8920,0x88e0,0xa920,0xc9c0,0xd200,0x9960,0x4120,0x3ae1,0x33c0,0x33c0,0x2b40,0x1220,0x1ac0,0x33c0,
0x3c20,0x3c40,0x4480,0x5500,0x75c1,0x8e40,0x8e60,0x9e80,0xbf21,0xcfa1,0xaf40,0x7e80,0x6620,0x5540,0x4401,0x1180,
0x1160,0x2ac0,0x33c0,0x3440,0x3c40,0x44a0,0x6da0,0x8e60,0xa6a0,0xb700,0xb720,0xb720,0xa700,0x9f00,0x9700,0x9700,
0x9f00,0x96e0,0x96e0,0x96c0,0x96a0,0x96a0,0x9ea0,0xa6a0,0x9640,0x7de0,0x5d20,0x3420,0x2360,0x22e0,0x2a60,0x10e0,
0x2200,0x3ba0,0x3c20,0x6560,0x8640,0xa6a2,0xefc7,0xbf41,0xaf20,0x9ee0,0x8ec0,0x7640,0x6de0,0x65c0,0x5540,0x44c0,
0x3420,0x2340,0x1260,0x1280,0x1ae0,0x1b00,0x1a80,0x1180,0x30c0,0x9980,0xc1a0,0x98c0,0x9080,0x9080,0x9060,0xa960,
0xd2a0,0xf3a0,0xeb40,0xeb00,0xfc00,0xfce0,0xfca0,0xfc20,0xfba0,0xf320,0xf2c0,0xa100,0x0000,0x0000,0x0000,0x0000,
0x0000,0x0000,0x0000,0x0000,0x7080,0xc160,0xfaa0,0xf320,0xf360,0xf3a0,0xf380,0xeb00,0xe260,0xeac0,0xfbc0,0xfca0,
0xfd60,0xf3e0,0xb9a0,0xb9c0,0xda80,0xda60,0xd240,0xca20,0x9180,0x4980,0x3b61,0x2ba0,0x2b40,0x2320,0x1240,0x22e0,
0x33e0,0x3c20,0x3c61,0x44a1,0x6561,0x7e00,0x8e60,0x9680,0x9ea0,0xbf60,0xa720,0x7ea0,0x6e60,0x65e0,0x4460,0x2b00,
0x19e0,0x2ae0,0x33a0,0x33e0,0x3400,0x4460,0x6dc0,0x7e20,0x8e80,0x9ec0,0xa6e0,0xa6e0,0xa700,0x9f00,0x9f00,0x96e0,
0x8ea0,0x96e0,0x96e0,0x96c0,0x96c0,0x96c0,0x9ea0,0x9680,0x7de0,0x6580,0x4ce0,0x2bc0,0x2b60,0x22c0,0x2a60,0x08a0,
0x2200,0x3bc0,0x4c80,0x8620,0x8e60,0x9660,0xbf21,0xaee0,0x96a0,0x8e80,0x8640,0x7e40,0x6dc0,0x5d60,0x4ce0,0x4480,
0x2ba0,0x0a80,0x0a60,0x1ae0,0x2340,0x2320,0x11a0,0x3100,0x8960,0xca20,0xca00,0xb160,0xb940,0xca00,0xca20,0xeb40,
0xfc40,0xfba0,0xfba0,0xfb60,0xfb20,0xfb40,0xf380,0xfba0,0xf300,0xf2a0,0xf280,0xa0e0,0x0000,0x0000,0x0000,0x0000,
0x0000,0x0000,0x0000,0x0000,0x0000,0xb920,0xf280,0xe260,0xda60,0xda80,0xda40,0xd200,0xda00,0xe240,0xeaa0,0xeb40,
0xf420,0xf440,0xf481,0xf501,0xf440,0xe2c0,0xd220,0xda60,0xca00,0x6900,0x1940,0x22c0,0x2b60,0x2b80,0x1ae0,0x0a00,
0x2300,0x3c20,0x4ca1,0x5541,0x5d41,0x75c0,0x7e20,0x8660,0x96c0,0xa720,0xa760,0x7ea0,0x7660,0x6e20,0x4480,0x2b40,
0x22a0,0x1a80,0x3380,0x33a0,0x33c0,0x4c80,0x5d40,0x6de0,0x7600,0x8660,0x96a0,0xa6c0,0xa6e0,0xa700,0x9f00,0x8ec1,
0x7600,0x8680,0x9700,0x96c0,0x96c0,0x96c0,0x96a0,0x7e00,0x75c0,0x6560,0x4480,0x33e0,0x2b40,0x2ac0,0x2220,0x1100,
0x2aa0,0x3c00,0x5d00,0x9660,0xa6e0,0xa6c0,0x9ec0,0x9680,0x8e60,0x7e00,0x75e0,0x75e0,0x65a0,0x4ce0,0x4480,0x33c0,
0x12a0,0x1ae0,0x2340,0x1b20,0x2320,0x1a00,0x2900,0x7920,0xb1c0,0xca40,0xdaa0,0xca20,0xeb60,0xfd41,0xfd00,0xfc00,
0xf3a0,0xf320,0xea80,0xeaa0,0xf2c0,0xeaa0,0xeac0,0xeac0,0xea80,0xea60,0xe200,0x98c0,0x0000,0x0000,0x0000,0x0000,
0x0000,0x0000,0x0000,0x0000,0x0000,0x90c0,0xb0e0,0xe240,0xea80,0xe240,0xda00,0xc180,0xa900,0xa920,0xb980,0xd200,
0xe2a0,0xf3c0,0xfd01,0xfd82,0xfce1,0xeb60,0xdaa0,0xd240,0xd260,0xa980,0x2880,0x0980,0x2b60,0x2b60,0x2320,0x1280,
0x0a00,0x2ba0,0x3c60,0x3c80,0x5541,0x6de1,0x7620,0x7e20,0x86a0,0x9700,0x86c0,0x7ea0,0x7680,0x7660,0x44c0,0x2ba0,
0x22e0,0x1a60,0x2280,0x2b40,0x2b60,0x4460,0x5500,0x6580,0x6de0,0x6de0,0x7e20,0x9ec0,0xa700,0xa700,0x9ee0,0x86a1,
0x7620,0x7640,0x8ec0,0x96e0,0x96e0,0x8ea0,0x7e40,0x75e0,0x6dc0,0x4d00,0x4480,0x33e0,0x2b40,0x2aa0,0x2240,0x2a80,
0x3ba0,0x4420,0x6560,0x9ea0,0xa6e0,0x9ec0,0x8e60,0x8640,0x7e00,0x75e0,0x75e0,0x6da0,0x54e0,0x3c40,0x3c00,0x1ae0,
0x0a20,0x1ae0,0x2340,0x2b60,0x2b00,0x2160,0x6100,0xb9c0,0xb9a0,0xc1e0,0xe360,0xf461,0xf480,0xf440,0xf3c0,0xeaa0,
0xd9e0,0xc980,0xb940,0xb140,0xc980,0xea60,0xea80,0xea80,0xeaa0,0xd1a0,0xa8a0,0x90e0,0x0000,0x0000,0x0000,0x0000,
0x0000,0x0000,0x0000,0x0000,0x0000,0x0000,0x8080,0xc1a0,0xd1e0,0xd1e0,0xd9e0,0xb120,0x7040,0x7060,0x88c0,0xa120,
0xc1a0,0xd200,0xda80,0xf3c0,0xfca0,0xfce0,0xfc40,0xdb00,0xca40,0xca00,0x8180,0x1940,0x1a80,0x2320,0x2b40,0x2320,
0x12a0,0x1ae0,0x2b60,0x3400,0x4ce1,0x5d40,0x65c0,0x6de0,0x7640,0x7640,0x7640,0x7680,0x7ea0,0x7640,0x5540,0x3420,
0x2b60,0x22a0,0x1160,0x2ac0,0x2b40,0x3c00,0x5500,0x5520,0x5d80,0x6de0,0x8641,0x9e80,0xa6c0,0x9ec0,0x96a0,0x6de0,
0x65c0,0x65e0,0x86a0,0x8ea0,0x8680,0x7620,0x6de0,0x6de0,0x5520,0x3c80,0x3420,0x33a0,0x3360,0x2240,0x2240,0x3b80,
0x4400,0x4460,0x6580,0x96a0,0x9ea0,0x8640,0x6da0,0x6580,0x6580,0x6560,0x6540,0x54c0,0x3c00,0x33c0,0x2b60,0x1260,
0x1aa0,0x2320,0x2300,0x2300,0x32a0,0x6a00,0xb1a0,0xc9e0,0xb9e0,0xd2c0,0xf4e1,0xfdc3,0xf420,0xe260,0xea80,0xe240,
0xb920,0x90a0,0x90c0,0x88a0,0x98c0,0xd9e0,0xe220,0xe220,0xd200,0xa900,0x8080,0x0000,0x0000,0x0000,0x0000,0x0000,
0x0000,0x0000,0x0000,0x0000,0x0000,0x0000,0x0000,0x78a0,0x7880,0x8080,0x80a0,0x80e0,0x0000,0x0000,0x0000,0x70e0,
0x80c0,0xa940,0xc180,0xe260,0xf360,0xf3e0,0xf400,0xfc41,0xdb20,0xca40,0xb1c0,0x61a0,0x19e0,0x1ae0,0x2320,0x2b20,
0x2b60,0x1ac0,0x1260,0x2b80,0x3c40,0x54e0,0x65a0,0x6e00,0x6e20,0x6e00,0x6e20,0x7e80,0x7e80,0x7e80,0x6600,0x3ca0,
0x3400,0x22c0,0x08e0,0x2220,0x2b00,0x2b60,0x3c20,0x4ce0,0x5500,0x5d80,0x75c0,0x8e60,0x9ea0,0x9ec0,0x7e00,0x5d60,
0x5d80,0x5d80,0x7600,0x8ea0,0x8680,0x6de0,0x6580,0x6580,0x3ca0,0x2c20,0x2be0,0x2b80,0x2ac0,0x19a0,0x2200,0x3ba0,
0x4460,0x4cc0,0x6da0,0x8660,0x8660,0x7600,0x65a0,0x6560,0x5d20,0x54c0,0x4c60,0x3be0,0x3380,0x2b20,0x1240,0x2320,
0x3380,0x2b20,0x1ac0,0x1200,0x29e0,0x8a00,0xca20,0xc1a0,0xd2c0,0xfd01,0xf480,0xebc0,0xeb40,0xda00,0xb0c0,0x9080,
0x78a0,0x8120,0x0000,0x0000,0x8920,0x8080,0x8880,0x8080,0x8080,0x8120,0x0000,0x0000,0x0000,0x0000,0x0000,0x0000,
0x0000,0x0000,0x0000,0x0000,0x0000,0x0000,0x0000,0x0000,0x0000,0x0000,0x0000,0x0000,0x0000,0x0000,0x0000,0x0000,
0x0000,0x8960,0x9100,0xa940,0xd200,0xda80,0xda80,0xeb80,0xf460,0xdb40,0xba00,0x99c0,0x4220,0x09c0,0x09e0,0x2320,
0x2b40,0x2320,0x0a20,0x2320,0x33e0,0x4460,0x6580,0x6e00,0x7640,0x6e20,0x7640,0x7e60,0x7e80,0x7ea0,0x7680,0x5da0,
0x3c80,0x2300,0x1180,0x1a00,0x22a0,0x2320,0x2bc0,0x3420,0x4d20,0x5d80,0x65a0,0x75c0,0x8e60,0x96a0,0x65a0,0x5520,
0x5d80,0x5560,0x65a0,0x8660,0x8660,0x65a0,0x5520,0x4ce0,0x3440,0x3420,0x2bc0,0x2b40,0x2260,0x1100,0x2a60,0x3c00,
0x4ca0,0x65a0,0x7e20,0x7e40,0x7e20,0x7e20,0x75e0,0x65a0,0x5d20,0x4c80,0x3be0,0x3380,0x3340,0x1200,0x09c0,0x3361,
0x33a1,0x1ae0,0x1200,0x11c0,0x31e0,0x8a00,0xb9e0,0xd260,0xeb60,0xf400,0xeb40,0xe280,0xc9a0,0x98a0,0x7860,0x6880,
0x0000,0x0000,0x0000,0x0000,0x0000,0x0000,0x0000,0x0000,0x0000,0x0000,0x0000,0x0000,0x0000,0x0000,0x0000,0x0000,
0x0000,0x0000,0x0000,0x0000,0x0000,0x0000,0x0000,0x0000,0x0000,0x0000,0x0000,0x0000,0x0000,0x0000,0x0000,0x0000,
0x0000,0x0000,0x0000,0x8120,0x9940,0xb160,0xc9e0,0xdac0,0xe360,0xf420,0xe360,0xb260,0x7200,0x2180,0x0120,0x09e0,
0x2340,0x33a1,0x1260,0x0a20,0x2b40,0x33c0,0x4cc1,0x6da0,0x6de0,0x7620,0x7640,0x7e80,0x86a0,0x86a0,0x86c0,0x7660,
0x4d20,0x33e0,0x3360,0x1a20,0x2260,0x2b40,0x2be0,0x3420,0x3cc0,0x5da0,0x6de0,0x6dc0,0x6da0,0x6da0,0x5d60,0x5540,
0x5540,0x5d60,0x5d80,0x6580,0x5d60,0x4ce0,0x44c0,0x3c40,0x3420,0x2be0,0x2b80,0x3380,0x3260,0x2180,0x43a0,0x54e0,
0x6560,0x8ea0,0x8e80,0x8680,0x8660,0x7600,0x6580,0x5d00,0x54c0,0x4400,0x2b40,0x2300,0x1a20,0x0160,0x1220,0x3341,
0x1ac0,0x0a00,0x0980,0x2200,0x5280,0xa2e0,0xe3a0,0xf3c0,0xf360,0xe280,0xda40,0xb140,0x8080,0x70a0,0x0000,0x0000,
0x0000,0x0000,0x0000,0x0000,0x0000,0x0000,0x0000,0x0000,0x0000,0x0000,0x0000,0x0000,0x0000,0x0000,0x0000,0x0000,
0x0000,0x0000,0x0000,0x0000,0x0000,0x0000,0x0000,0x0000,0x0000,0x0000,0x0000,0x0000,0x0000,0x0000,0x0000,0x0000,
0x0000,0x0000,0x0000,0x0000,0x8180,0x78e0,0xa160,0xc1e0,0xca40,0xd2c0,0xe320,0xcaa0,0x9a20,0x6a80,0x1980,0x0100,
0x1ac0,0x2b60,0x22e0,0x09c0,0x11e0,0x2b00,0x3c00,0x54e0,0x5d60,0x65c0,0x7600,0x7e60,0x8ea0,0x8ec0,0x96e0,0x8ec0,
0x65c0,0x3c60,0x3c00,0x11e0,0x2240,0x3340,0x2ba0,0x2c00,0x3460,0x4d20,0x65a0,0x6e00,0x6de0,0x6580,0x5d60,0x5540,
0x5540,0x5540,0x5540,0x5540,0x4ce0,0x44a0,0x3440,0x3400,0x33c0,0x2b80,0x2b40,0x4340,0x3201,0x3a60,0x64e0,0x5d20,
0x8660,0xa720,0x96a0,0x8680,0x6de0,0x6580,0x5d40,0x5500,0x4c60,0x3bc0,0x22c0,0x09c0,0x0980,0x1a20,0x2ac1,0x1a60,
0x09e0,0x0180,0x2240,0x52e0,0x72e0,0xb2e0,0xf420,0xf3a0,0xe2a0,0xd200,0xa100,0x8120,0x0000,0x0000,0x0000,0x0000,
0x0000,0x0000,0x0000,0x0000,0x0000,0x0000,0x0000,0x0000,0x0000,0x0000,0x0000,0x0000,0x0000,0x0000,0x0000,0x0000,
0x0000,0x0000,0x0000,0x0000,0x0000,0x0000,0x0000,0x0000,0x0000,0x0000,0x0000,0x0000,0x0000,0x0000,0x0000,0x0000,
0x0000,0x0000,0x0000,0x0000,0x0000,0x0000,0x7920,0x9960,0xb1c0,0xc200,0xdaa0,0xd2c0,0xbaa0,0x9a40,0x6a40,0x3260,
0x09c0,0x0a00,0x2b40,0x2b41,0x09c0,0x09c0,0x33a0,0x3c00,0x5500,0x5d40,0x6da0,0x75e0,0x7e20,0x96e0,0x9ee0,0x9f00,
0x65a0,0x44e0,0x3c20,0x19e0,0x1160,0x2ac0,0x2b60,0x2bc0,0x3440,0x3ca0,0x4500,0x5d60,0x65e0,0x65a0,0x5500,0x44e0,
0x44c1,0x44c1,0x4d01,0x4d01,0x44e1,0x3440,0x3420,0x33e0,0x2b60,0x2b40,0x32e0,0x3221,0x2100,0x42c0,0x6520,0x5d40,
0x8640,0xa720,0x8ea0,0x75e0,0x65a0,0x5d60,0x5520,0x54c0,0x3c20,0x2b20,0x1a80,0x09e0,0x1a20,0x3b41,0x2280,0x09a0,
0x0180,0x2240,0x5b00,0x8b80,0xa320,0xc2c0,0xd280,0xda20,0xc1a0,0x9100,0x0000,0x0000,0x0000,0x0000,0x0000,0x0000,
0x0000,0x0000,0x0000,0x0000,0x0000,0x0000,0x0000,0x0000,0x0000,0x0000,0x0000,0x0000,0x0000,0x0000,0x0000,0x0000,
0x0000,0x0000,0x0000,0x0000,0x0000,0x0000,0x0000,0x0000,0x0000,0x0000,0x0000,0x0000,0x0000,0x0000,0x0000,0x0000,
0x0000,0x0000,0x0000,0x0000,0x0000,0x0000,0x0000,0x0000,0x8120,0xa1a0,0xdaa0,0xe2e0,0xcaa0,0xb260,0xb2a0,0x82e1,
0x1960,0x01a0,0x1b00,0x2ba0,0x3381,0x1a80,0x2b00,0x3c00,0x4460,0x54e0,0x6540,0x6da0,0x6da0,0x8660,0xa720,0x8e80,
0x5d60,0x5520,0x4460,0x1a20,0x1120,0x1980,0x2ae0,0x2ba0,0x3400,0x3460,0x3440,0x3460,0x4d00,0x4ce0,0x3420,0x2c00,
0x2c00,0x2c00,0x3440,0x44a1,0x3c81,0x3400,0x2ba0,0x2b80,0x2b40,0x32e0,0x29a0,0x1880,0x1060,0x4340,0x5d00,0x5d60,
0x8e60,0x8e60,0x6dc0,0x65a0,0x5d40,0x5d00,0x54c0,0x3c00,0x2b60,0x2300,0x2300,0x22e0,0x3301,0x2ae1,0x1200,0x0980,
0x19e0,0x5b00,0x8b60,0xab00,0xcb40,0xcaa0,0xb900,0xb900,0x90e0,0x0000,0x0000,0x0000,0x0000,0x0000,0x0000,0x0000,
0x0000,0x0000,0x0000,0x0000,0x0000,0x0000,0x0000,0x0000,0x0000,0x0000,0x0000,0x0000,0x0000,0x0000,0x0000,0x0000,
0x0000,0x0000,0x0000,0x0000,0x0000,0x0000,0x0000,0x0000,0x0000,0x0000,0x0000,0x0000,0x0000,0x0000,0x0000,0x0000,
0x0000,0x0000,0x0000,0x0000,0x0000,0x0000,0x0000,0x0000,0x0000,0x68e0,0x9960,0xca40,0xd280,0xcaa0,0xba40,0xaa20,
0x7200,0x3a20,0x1200,0x1b00,0x3380,0x3380,0x2b60,0x2b60,0x33c0,0x4460,0x4ca0,0x54e0,0x6520,0x75a0,0x9ea0,0x8620,
0x7e00,0x6de0,0x3c40,0x1a40,0x1120,0x10e0,0x3260,0x3320,0x2b80,0x2bc0,0x2be0,0x3440,0x3ca0,0x3c80,0x3460,0x3440,
0x3441,0x3441,0x3420,0x3400,0x33e0,0x2ba0,0x2b80,0x3340,0x3aa0,0x5260,0x4120,0x1820,0x2120,0x53c0,0x6520,0x8620,
0xb740,0x8620,0x5d40,0x6580,0x4440,0x2ba0,0x3380,0x2b40,0x2b40,0x3380,0x2b20,0x3380,0x3300,0x09a0,0x09c0,0x2240,
0x4280,0x82e0,0xb320,0xc2e0,0xd2e0,0xb1a0,0xa080,0xa100,0x0000,0x0000,0x0000,0x0000,0x0000,0x0000,0x0000,0x0000,
0x0000,0x0000,0x0000,0x0000,0x0000,0x0000,0x0000,0x0000,0x0000,0x0000,0x0000,0x0000,0x0000,0x0000,0x0000,0x0000,
0x0000,0x0000,0x0000,0x0000,0x0000,0x0000,0x0000,0x0000,0x0000,0x0000,0x0000,0x0000,0x0000,0x0000,0x0000,0x0000,
0x0000,0x0000,0x0000,0x0000,0x0000,0x0000,0x0000,0x0000,0x0000,0x0000,0x0000,0x7900,0xb1e0,0xba00,0xc240,0xba40,
0xc260,0x9220,0x41e0,0x11e0,0x22e0,0x3380,0x2b40,0x2b40,0x2b60,0x2320,0x3380,0x4420,0x54c0,0x75a0,0x9ea0,0xaee0,
0xa6a0,0x7de0,0x3c20,0x22e0,0x1a40,0x21c0,0x3a00,0x42a0,0x32c0,0x2b20,0x33a0,0x3400,0x3c80,0x3440,0x3440,0x3440,
0x2c20,0x2c00,0x3400,0x2be0,0x2380,0x2b40,0x3300,0x3a80,0x5a00,0x61a0,0x30c0,0x20c0,0x3aa0,0x5440,0x6540,0xa6e0,
0xcf80,0x9660,0x6560,0x5d40,0x3c20,0x1ae0,0x1b00,0x2b60,0x2340,0x2b40,0x3380,0x2b40,0x1a60,0x11c0,0x3a40,0x6b00,
0x7a80,0xa280,0xba80,0xc240,0xb200,0x80e0,0x6860,0x0000,0x0000,0x0000,0x0000,0x0000,0x0000,0x0000,0x0000,0x0000,
0x0000,0x0000,0x0000,0x0000,0x0000,0x0000,0x0000,0x0000,0x0000,0x0000,0x0000,0x0000,0x0000,0x0000,0x0000,0x0000,
0x0000,0x0000,0x0000,0x0000,0x0000,0x0000,0x0000,0x0000,0x0000,0x0000,0x0000,0x0000,0x0000,0x0000,0x0000,0x0000,
0x0000,0x0000,0x0000,0x0000,0x0000,0x0000,0x0000,0x0000,0x0000,0x0000,0x0000,0x0000,0x6100,0x70e0,0xa9e0,0xca60,
0xba20,0xba40,0x8a20,0x3160,0x19e0,0x22e0,0x2300,0x2b20,0x2320,0x1a80,0x1aa0,0x33c1,0x4c80,0x6d40,0x8e00,0x9640,
0x9640,0x7dc0,0x4460,0x2320,0x2ae0,0x1980,0x0840,0x31a0,0x4280,0x3ac0,0x3b20,0x3380,0x33a0,0x2ba0,0x2ba0,0x2ba0,
0x2ba0,0x2ba0,0x2ba0,0x2b80,0x2340,0x2aa0,0x4220,0x6200,0x7220,0x28c0,0x0020,0x29c0,0x3b60,0x4c40,0x6520,0xa6a0,
0xb700,0x8600,0x6580,0x5d00,0x3400,0x2321,0x1b20,0x2320,0x2b80,0x2340,0x1ae0,0x1a80,0x21e0,0x5a80,0x8ae0,0x9aa0,
0xa2c0,0x89a0,0x89a0,0x78e0,0x7100,0x0000,0x0000,0x0000,0x0000,0x0000,0x0000,0x0000,0x0000,0x0000,0x0000,0x0000,
0x0000,0x0000,0x0000,0x0000,0x0000,0x0000,0x0000,0x0000,0x0000,0x0000,0x0000,0x0000,0x0000,0x0000,0x0000,0x0000,
0x0000,0x0000,0x0000,0x0000,0x0000,0x0000,0x0000,0x0000,0x0000,0x0000,0x0000,0x0000,0x0000,0x0000,0x0000,0x0000,
0x0000,0x0000,0x0000,0x0000,0x0000,0x0000,0x0000,0x0000,0x0000,0x0000,0x0000,0x0000,0x0000,0x0000,0x7140,0xb220,
0xba40,0xb200,0xa1e0,0x8a20,0x4140,0x1160,0x22c0,0x22c0,0x22e0,0x22e0,0x1ac0,0x2b60,0x3c00,0x6520,0x7da0,0x7dc0,
0x85e0,0x7dc0,0x4460,0x2320,0x22c0,0x10e0,0x0001,0x0840,0x2960,0x4261,0x42c1,0x3b00,0x2b20,0x2b40,0x2340,0x2320,
0x2300,0x1ae0,0x2300,0x2b40,0x2b20,0x4ac0,0x7241,0x8241,0x4960,0x0020,0x0020,0x21c0,0x3380,0x3c00,0x54e0,0x7dc0,
0x85c0,0x6d80,0x5d40,0x4ca0,0x33c0,0x1b41,0x1b00,0x2340,0x2b80,0x22e0,0x0180,0x1a00,0x6280,0x9a80,0xb280,0xb280,
0x91e0,0x50c0,0x3860,0x4920,0x0000,0x0000,0x0000,0x0000,0x0000,0x0000,0x0000,0x0000,0x0000,0x0000,0x0000,0x0000,
0x0000,0x0000,0x0000,0x0000,0x0000,0x0000,0x0000,0x0000,0x0000,0x0000,0x0000,0x0000,0x0000,0x0000,0x0000,0x0000,
0x0000,0x0000,0x0000,0x0000,0x0000,0x0000,0x0000,0x0000,0x0000,0x0000,0x0000,0x0000,0x0000,0x0000,0x0000,0x0000,
0x0000,0x0000,0x0000,0x0000,0x0000,0x0000,0x0000,0x0000,0x0000,0x0000,0x0000,0x0000,0x0000,0x0000,0x0000,0x6160,
0x7120,0xa1e0,0xaa20,0xa200,0x91c0,0x4120,0x0920,0x2280,0x22e0,0x2300,0x2320,0x2b80,0x4441,0x5cc0,0x7580,0x7dc0,
0x7580,0x6d40,0x4c60,0x2300,0x22c0,0x1100,0x0001,0x0020,0x0840,0x18e0,0x31e1,0x3aa0,0x3300,0x3320,0x2b40,0x2b40,
0x2b00,0x2b00,0x2b20,0x2b00,0x3320,0x4260,0x3100,0x28e0,0x18e0,0x1100,0x0020,0x19a0,0x2b80,0x33e0,0x4ca0,0x6520,
0x6500,0x6520,0x54e0,0x4460,0x2bc1,0x1b40,0x2320,0x2b61,0x2300,0x1260,0x1a00,0x5260,0x9260,0xaa40,0xb220,0x91e0,
0x5940,0x3920,0x4120,0x0000,0x0000,0x0000,0x0000,0x0000,0x0000,0x0000,0x0000,0x0000,0x0000,0x0000,0x0000,0x0000,
0x0000,0x0000,0x0000,0x0000,0x0000,0x0000,0x0000,0x0000,0x0000,0x0000,0x0000,0x0000,0x0000,0x0000,0x0000,0x0000,
0x0000,0x0000,0x0000,0x0000,0x0000,0x0000,0x0000,0x0000,0x0000,0x0000,0x0000,0x0000,0x0000,0x0000,0x0000,0x0000,
0x0000,0x0000,0x0000,0x0000,0x0000,0x0000,0x0000,0x0000,0x0000,0x0000,0x0000,0x0000,0x0000,0x0000,0x0000,0x3940,
0x28a0,0x5120,0x7960,0x99e0,0xa9e0,0x9180,0x30a0,0x1160,0x22a0,0x2320,0x2b60,0x33e1,0x4421,0x6500,0x7580,0x7560,
0x6d40,0x5ce0,0x4440,0x2340,0x22e0,0x1160,0x0040,0x29e0,0x2a00,0x0880,0x0020,0x2160,0x32a1,0x2aa0,0x2ae0,0x2ac0,
0x2ac0,0x2aa0,0x2aa0,0x2a80,0x3260,0x2160,0x0860,0x0060,0x0000,0x0000,0x0060,0x1180,0x2b40,0x2ba0,0x4440,0x5d00,
0x6520,0x5ce0,0x54c0,0x3c40,0x23a1,0x2381,0x2b81,0x1280,0x1ac0,0x22c0,0x42e0,0x8300,0xaa20,0xa1c0,0x7120,0x38a0,
0x28c0,0x0000,0x0000,0x0000,0x0000,0x0000,0x0000,0x0000,0x0000,0x0000,0x0000,0x0000,0x0000,0x0000,0x0000,0x0000,
0x0000,0x0000,0x0000,0x0000,0x0000,0x0000,0x0000,0x0000,0x0000,0x0000,0x0000,0x0000,0x0000,0x0000,0x0000,0x0000,
0x0000,0x0000,0x0000,0x0000,0x0000,0x0000,0x0000,0x0000,0x0000,0x0000,0x0000,0x0000,0x0000,0x0000,0x0000,0x0000,
0x0000,0x0000,0x0000,0x0000,0x0000,0x0000,0x0000,0x0000,0x0000,0x0000,0x0000,0x0000,0x0000,0x0000,0x0000,0x0000,
0x0000,0x3120,0x3900,0x38c0,0x7120,0x99a0,0x8160,0x28a0,0x1160,0x2280,0x2b61,0x2ba1,0x33e0,0x4c80,0x6500,0x6500,
0x54c0,0x4ca0,0x3be0,0x2340,0x2300,0x19e0,0x1120,0x0000,0x0000,0x0000,0x0000,0x1961,0x08a0,0x08c0,0x08c0,0x08c0,
0x08c0,0x08a0,0x08a0,0x08a0,0x0060,0x2180,0x0000,0x0000,0x0000,0x0000,0x08a0,0x1140,0x2320,0x2340,0x2ba0,0x3c20,
0x4460,0x4460,0x3c20,0x2bc1,0x23a1,0x23a1,0x1ac1,0x0a00,0x2b20,0x3340,0x4300,0x6240,0x7180,0x6900,0x40c0,0x3940,
0x0000,0x0000,0x0000,0x0000,0x0000,0x0000,0x0000,0x0000,0x0000,0x0000,0x0000,0x0000,0x0000,0x0000,0x0000,0x0000,
0x0000,0x0000,0x0000,0x0000,0x0000,0x0000,0x0000,0x0000,0x0000,0x0000,0x0000,0x0000,0x0000,0x0000,0x0000,0x0000,
0x0000,0x0000,0x0000,0x0000,0x0000,0x0000,0x0000,0x0000,0x0000,0x0000,0x0000,0x0000,0x0000,0x0000,0x0000,0x0000,
0x0000,0x0000,0x0000,0x0000,0x0000,0x0000,0x0000,0x0000,0x0000,0x0000,0x0000,0x0000,0x0000,0x0000,0x0000,0x0000,
0x0000,0x0000,0x0000,0x1080,0x28e0,0x48c0,0x7120,0x79c0,0x28e0,0x08c0,0x2260,0x2361,0x23a1,0x2bc1,0x3401,0x3c01,
0x33e1,0x33c1,0x2b80,0x1ae0,0x1ac0,0x1180,0x10e0,0x0000,0x0000,0x0000,0x0000,0x0000,0x0000,0x0000,0x0000,0x0000,
0x0000,0x0000,0x0000,0x0000,0x0000,0x0000,0x0000,0x0000,0x0000,0x0000,0x1100,0x0900,0x1aa0,0x1b00,0x1b20,0x1b21,
0x2361,0x2361,0x2361,0x2381,0x1b80,0x2381,0x09e0,0x1220,0x3360,0x2aa0,0x2a20,0x18e0,0x1040,0x3100,0x0000,0x0000,
0x0000,0x0000,0x0000,0x0000,0x0000,0x0000,0x0000,0x0000,0x0000,0x0000,0x0000,0x0000,0x0000,0x0000,0x0000,0x0000,
0x0000,0x0000,0x0000,0x0000,0x0000,0x0000,0x0000,0x0000,0x0000,0x0000,0x0000,0x0000,0x0000,0x0000,0x0000,0x0000,
0x0000,0x0000,0x0000,0x0000,0x0000,0x0000,0x0000,0x0000,0x0000,0x0000,0x0000,0x0000,0x0000,0x0000,0x0000,0x0000,
0x0000,0x0000,0x0000,0x0000,0x0000,0x0000,0x0000,0x0000,0x0000,0x0000,0x0000,0x0000,0x0000,0x0000,0x0000,0x0000,
0x0000,0x0000,0x0000,0x0000,0x0000,0x0000,0x28a0,0x38e0,0x1860,0x1900,0x1980,0x1a41,0x2301,0x2382,0x2382,0x2ba2,
0x2b82,0x2341,0x2300,0x1a81,0x0940,0x08e0,0x0000,0x0000,0x0000,0x0000,0x0000,0x0000,0x0000,0x0000,0x0000,0x0000,
0x0000,0x0000,0x0000,0x0000,0x0000,0x0000,0x0000,0x0000,0x0000,0x0000,0x2160,0x10c0,0x11c0,0x1aa0,0x1b00,0x2341,
0x2341,0x2361,0x2361,0x1b41,0x2361,0x1241,0x22c1,0x1200,0x0900,0x0080,0x0020,0x18e0,0x0000,0x0000,0x0000,0x0000,
0x0000,0x0000,0x0000,0x0000,0x0000,0x0000,0x0000,0x0000,0x0000,0x0000,0x0000,0x0000,0x0000,0x0000,0x0000,0x0000,
0x0000,0x0000,0x0000,0x0000,0x0000,0x0000,0x0000,0x0000,0x0000,0x0000,0x0000,0x0000,0x0000,0x0000,0x0000,0x0000,
0x0000,0x0000,0x0000,0x0000,0x0000,0x0000,0x0000,0x0000,0x0000,0x0000,0x0000,0x0000,0x0000,0x0000,0x0000,0x0000,
0x0000,0x0000,0x0000,0x0000,0x0000,0x0000,0x0000,0x0000,0x0000,0x0000,0x0000,0x0000,0x0000,0x0000,0x0000,0x0000,
0x0000,0x0000,0x0000,0x0000,0x0000,0x0000,0x0000,0x0000,0x0000,0x3a01,0x10a0,0x0080,0x1a21,0x2b42,0x2b41,0x2b41,
0x2321,0x2321,0x22a1,0x0940,0x1120,0x0000,0x0000,0x0000,0x0000,0x0000,0x0000,0x0000,0x0000,0x0000,0x0000,0x0000,
0x0000,0x0000,0x0000,0x0000,0x0000,0x0000,0x0000,0x0000,0x0000,0x0000,0x0000,0x0000,0x08c0,0x1180,0x22c1,0x2321,
0x2b21,0x2b21,0x2301,0x2301,0x0980,0x0060,0x1161,0x1160,0x0000,0x0000,0x0000,0x0000,0x0000,0x0000,0x0000,0x0000,
0x0000,0x0000,0x0000,0x0000,0x0000,0x0000,0x0000,0x0000,0x0000,0x0000,0x0000,0x0000,0x0000,0x0000,0x0000,0x0000,
0x0000,0x0000,0x0000,0x0000,0x0000,0x0000,0x0000,0x0000,0x0000,0x0000,0x0000,0x0000,0x0000,0x0000,0x0000,0x0000,
0x0000,0x0000,0x0000,0x0000,0x0000,0x0000,0x0000,0x0000,0x0000,0x0000,0x0000,0x0000,0x0000,0x0000,0x0000,0x0000,
0x0000,0x0000,0x0000,0x0000,0x0000,0x0000,0x0000,0x0000,0x0000,0x0000,0x0000,0x0000,0x0000,0x0000,0x0000,0x0000,
0x0000,0x0000,0x0000,0x0000,0x0000,0x0000,0x0000,0x0000,0x0000,0x0000,0x0000,0x1900,0x1940,0x19c0,0x19e0,0x19c0,
0x19e1,0x11a0,0x0940,0x08a0,0x0000,0x0000,0x0000,0x0000,0x0000,0x0000,0x0000,0x0000,0x0000,0x0000,0x0000,0x0000,
0x0000,0x0000,0x0000,0x0000,0x0000,0x0000,0x0000,0x0000,0x0000,0x0000,0x0000,0x0000,0x0000,0x10e0,0x1180,0x11a0,
0x11a0,0x19a0,0x19a0,0x19a0,0x10c0,0x0840,0x0840,0x0000,0x0000,0x0000,0x0000,0x0000,0x0000,0x0000,0x0000,0x0000,
0x0000,0x0000,0x0000,0x0000,0x0000,0x0000,0x0000,0x0000,0x0000,0x0000,0x0000,0x0000,0x0000,0x0000,0x0000,0x0000,
0x0000,0x0000,0x0000,0x0000,0x0000,0x0000,0x0000,0x0000,0x0000,0x0000,0x0000,0x0000,0x0000,0x0000,0x0000,0x0000,
0x0000,0x0000,0x0000,0x0000,0x0000,0x0000,0x0000,0x0000,0x0000,0x0000,0x0000,0x0000,0x0000,0x0000,0x0000,0x0000,
0x0000,0x0000,0x0000,0x0000,0x0000,0x0000,0x0000,0x0000,0x0000,0x0000,0x0000,0x0000,0x0000,0x0000,0x0000,0x0000,
0x0000,0x0000,0x0000,0x0000,0x0000,0x0000,0x0000,0x0000,0x0000,0x0000,0x0000,0x0000,0x0000,0x0860,0x0040,0x0040,
0x0040,0x0060,0x0000,0x0000,0x0000,0x0000,0x0000,0x0000,0x0000,0x0000,0x0000,0x0000,0x0000,0x0000,0x0000,0x0000,
0x0000,0x0000,0x0000,0x0000,0x0000,0x0000,0x0000,0x0000,0x0000,0x0000,0x0000,0x0000,0x0000,0x0000,0x1900,0x0020,
0x0040,0x0020,0x0020,0x0840,0x0000,0x0000,0x0000,0x0000,0x0000,0x0000,0x0000,0x0000,0x0000,0x0000,0x0000,0x0000,
0x0000,0x0000,0x0000,0x0000,0x0000,0x0000,0x0000,0x0000,0x0000,0x0000,0x0000,0x0000,0x0000,0x0000,0x0000,0x0000,
0x0000,0x0000,0x0000,0x0000,0x0000,0x0000,0x0000,0x0000,0x0000,0x0000,0x0000,0x0000,0x0000,0x0000,0x0000,0x0000,
};
