/* Generated background; original ImageGen art. */
static const uint16_t hi_city[384 * 154] = {
 0x08c9,0x08c9,0x08c9,0x08c9,0x08c9,0x08c9,0x08c9,0x08c9,0x08c9,0x08c9,0x08c9,0x08c9,0x08c9,0x08c9,0x08c9,0x08c9,
 0x08c9,0x08c9,0x08c9,0x08c9,0x08c9,0x08c9,0x08c9,0x08c9,0x08c9,0x08c9,0x08c9,0x08c9,0x08c9,0x08c9,0x08c9,0x08c9,
 0x08c9,0x08c9,0x08a9,0x08c9,0x08c9,0x08c9,0x08c9,0x08c9,0x08c9,0x08c9,0x08c9,0x08c9,0x08c9,0x08c9,0x08c9,0x08c9,
 0x08c9,0x08c9,0x08c9,0x08c9,0x08c9,0x08c9,0x08c9,0x08c9,0x08c9,0x08c9,0x08c9,0x08c9,0x08c9,0x08c9,0x08c9,0x08c9,
 0x08c9,0x08c9,0x08c9,0x08c9,0x08c9,0x08c9,0x110b,0x08c9,0x08c9,0x08c9,0x08c9,0x08c9,0x08c9,0x08c9,0x10ea,0x10c9,
 0x08c9,0x08c9,0x08c9,0x08c9,0x08c9,0x08c9,0x08c9,0x08c9,0x08c9,0x08c9,0x08c9,0x08c9,0x08c9,0x08c9,0x08c9,0x08a9,
 0x08c9,0x08c9,0x08c9,0x08c9,0x08c9,0x08c9,0x08c9,0x10c9,0x08c9,0x08c9,0x190a,0x08c9,0x08c9,0x08c9,0x08c9,0x08c9,
 0x08c9,0x08c9,0x08c9,0x08c9,0x08c9,0x08c9,0x08c9,0x08c9,0x08c9,0x08c9,0x08c9,0x08c9,0x08c9,0x08c9,0x08c9,0x08c9,
 0x08c9,0x10ea,0x08c9,0x08c9,0x08c9,0x08c9,0x08c9,0x08c9,0x08c9,0x08c9,0x08c9,0x08c9,0x08c9,0x08c9,0x08c9,0x08c9,
 0x08c9,0x08c9,0x08c9,0x08c9,0x08c9,0x08c9,0x08c9,0x08c9,0x08c9,0x08c9,0x08c9,0x08c9,0x08c9,0x08a8,0x08c9,0x08c9,
 0x08c9,0x08c9,0x08c9,0x08c9,0x08c9,0x10c9,0x10ea,0x08c9,0x08c9,0x10e9,0x10c9,0x08c9,0x08c9,0x08c9,0x08c9,0x08c9,
 0x08c9,0x08c9,0x08c9,0x08c9,0x08c9,0x08c9,0x08c9,0x10e9,0x08c9,0x08a8,0x08c9,0x08c9,0x08c9,0x08c9,0x10ea,0x10c9,
 0x08c9,0x08c9,0x10c9,0x08c9,0x08c9,0x08c9,0x08c9,0x08c9,0x08c9,0x08c9,0x08c9,0x08c9,0x08c9,0x08c9,0x08c9,0x08c9,
 0x08c9,0x08c9,0x08c9,0x08c9,0x08c9,0x08c9,0x08c9,0x08c9,0x08c9,0x08c9,0x08c9,0x08c9,0x08c9,0x08c9,0x08c9,0x08c9,
 0x08c9,0x08c9,0x210c,0x08c9,0x08c9,0x08c9,0x08c9,0x08c9,0x08c9,0x08c9,0x08c9,0x08c9,0x08c9,0x08c9,0x08c9,0x08c9,
 0x08c9,0x08c9,0x08c9,0x08c9,0x08c9,0x08c9,0x08c9,0x08c9,0x08c9,0x08c9,0x08c9,0x08c9,0x08c9,0x08c9,0x08c9,0x08c9,
 0x08c9,0x08c9,0x08c9,0x08c9,0x08c9,0x08c9,0x08c9,0x08c9,0x08c9,0x08c9,0x08c9,0x08c9,0x08c9,0x08c9,0x08c9,0x08c9,
 0x08c9,0x08c9,0x08c9,0x08c9,0x08c9,0x08e9,0x10ea,0x10ea,0x08c9,0x190b,0x190a,0x08c9,0x08c9,0x08c9,0x08ea,0x10ea,
 0x08c9,0x08c9,0x08c9,0x08c9,0x08c9,0x08c9,0x08c9,0x08c9,0x08c9,0x10ca,0x08c9,0x08c9,0x08a9,0x08c9,0x08c9,0x08c9,
 0x08c9,0x08c9,0x10ca,0x10ea,0x08c9,0x08ca,0x08c9,0x08c9,0x08c9,0x08c9,0x08c9,0x08c9,0x08c9,0x08c9,0x08c9,0x08c9,
 0x08c9,0x08c9,0x08c9,0x08c9,0x08c9,0x08ea,0x08ea,0x08ea,0x08ea,0x08ea,0x08c9,0x08c9,0x08c9,0x10ea,0x08ea,0x10ea,
 0x10ca,0x08c9,0x08c9,0x08c9,0x08c9,0x08c9,0x08c9,0x10c9,0x190a,0x08ea,0x08c9,0x08c9,0x08c9,0x08c9,0x08c9,0x08c9,
 0x08c9,0x08c9,0x08c9,0x08c9,0x08c9,0x08c9,0x08c9,0x08c9,0x10ea,0x10ea,0x08ea,0x08ea,0x08c9,0x08c9,0x08c9,0x08c9,
 0x10ea,0x10ea,0x08c9,0x08c9,0x08c9,0x08c9,0x08c9,0x08c9,0x08c9,0x08c9,0x08c9,0x08c9,0x08c9,0x08c9,0x08c9,0x08c9,
 0x08c9,0x08c9,0x08c9,0x08c9,0x08c9,0x08c9,0x08c9,0x08c9,0x08c9,0x08c9,0x08c9,0x08c9,0x08c9,0x08c9,0x08c9,0x08c9,
 0x08c9,0x08c9,0x08c9,0x08c9,0x08c9,0x08c9,0x08c9,0x08c9,0x08c9,0x08c9,0x08c9,0x08c9,0x08c9,0x08c9,0x08c9,0x08c9,
 0x08c9,0x08c9,0x190a,0x10ea,0x08c9,0x08c9,0x08c9,0x08c9,0x08c9,0x08c9,0x08c9,0x08a9,0x08c9,0x08c9,0x08c9,0x08c9,
 0x08c9,0x08c9,0x08c9,0x08c9,0x08c9,0x08c9,0x08c9,0x08c9,0x08c9,0x110a,0x10e9,0x08c9,0x08c9,0x08c9,0x08c9,0x08c9,
 0x08c9,0x10c9,0x08c9,0x08c9,0x08c9,0x08c9,0x10ea,0x08c9,0x10c9,0x08c9,0x08c9,0x08c9,0x08c9,0x08c9,0x08c9,0x10c9,
 0x08c9,0x08c9,0x08c9,0x08c9,0x08c9,0x08c9,0x08c9,0x08c9,0x08c9,0x08c9,0x08c9,0x08c9,0x08c9,0x08c9,0x08c9,0x10ea,
 0x08c9,0x08c9,0x08c9,0x08c9,0x08c9,0x08c9,0x08c9,0x10ea,0x10c9,0x08c9,0x08c9,0x08c9,0x08c9,0x08c9,0x08c9,0x08c9,
 0x08c9,0x08c9,0x08c9,0x08c9,0x08c9,0x08c9,0x08c9,0x08c9,0x08c9,0x08c9,0x08c9,0x08c9,0x08c9,0x08c9,0x08c9,0x08c9,
 0x08c9,0x10ea,0x08c9,0x08c9,0x08c9,0x08c9,0x08c9,0x08c9,0x08c9,0x10c9,0x10c9,0x08c9,0x08c9,0x08c9,0x10c9,0x08c9,
 0x10e9,0x10ea,0x08c9,0x08c9,0x08c9,0x08c9,0x08c9,0x08c9,0x08c9,0x08c9,0x08c9,0x08c9,0x08a9,0x216c,0x10ea,0x08c9,
 0x08c9,0x08c9,0x08c9,0x08c9,0x08c9,0x10c9,0x10ea,0x10c9,0x10c9,0x10c9,0x08c9,0x08c9,0x08c9,0x08c9,0x08c9,0x08c9,
 0x08c9,0x08c9,0x08c9,0x08c9,0x08c9,0x08c9,0x08c9,0x08c9,0x08c9,0x192a,0x08c9,0x08c9,0x08c9,0x10c9,0x10c9,0x10c9,
 0x10c9,0x10c9,0x08c9,0x08c9,0x08c9,0x10c9,0x08c9,0x08c9,0x08c9,0x08c9,0x08c9,0x08c9,0x08c9,0x08c9,0x08c9,0x08c9,
 0x08c9,0x08c9,0x08c9,0x08c9,0x08c9,0x08c9,0x08c9,0x08c9,0x08c9,0x08c9,0x08c9,0x08c9,0x08c9,0x08c9,0x08c9,0x08c9,
 0x08c9,0x08c9,0x08c9,0x08c9,0x08c9,0x08c9,0x08c9,0x08c9,0x08c9,0x08c9,0x08c9,0x08c9,0x08c9,0x08c9,0x08c9,0x08c9,
 0x08c9,0x08c9,0x08c9,0x08c9,0x08c9,0x08c9,0x08c9,0x08c9,0x08c9,0x10ea,0x08c9,0x08c9,0x08c9,0x08c9,0x08c9,0x08c9,
 0x08c9,0x08c9,0x08c9,0x10c9,0x10c9,0x08c9,0x10ea,0x10c9,0x10c9,0x08c9,0x08c9,0x08c9,0x08c9,0x08c9,0x08c9,0x08c9,
 0x08c9,0x08c9,0x08c9,0x08c9,0x08c9,0x10c9,0x10ea,0x10ea,0x10e9,0x08c9,0x10ea,0x10c9,0x08c9,0x10c9,0x10ea,0x10ea,
 0x08c9,0x08c9,0x08c9,0x08c9,0x08c9,0x08c9,0x08c9,0x08c9,0x08c9,0x08c9,0x08c9,0x10ea,0x192b,0x08c9,0x10c9,0x08c9,
 0x08c9,0x08c9,0x10c9,0x10ca,0x08c9,0x08c9,0x08ca,0x08c9,0x10c9,0x08c9,0x08c9,0x08c9,0x08ca,0x08c9,0x08ea,0x08c9,
 0x08ca,0x10ea,0x08c9,0x08c9,0x08c9,0x10ea,0x08ea,0x08ea,0x10ea,0x08ca,0x08c9,0x10ea,0x08c9,0x08c9,0x08c9,0x10ea,
 0x10eb,0x10ca,0x08c9,0x08c9,0x08c9,0x08c9,0x08c9,0x10c9,0x10ea,0x08c9,0x08ea,0x08c9,0x08c9,0x08c9,0x08c9,0x08c9,
 0x08c9,0x08c9,0x08c9,0x08c9,0x08c9,0x08c9,0x08ca,0x08c9,0x10ea,0x10ea,0x10e9,0x10ea,0x192b,0x10c9,0x08c9,0x08c9,
 0x08ca,0x08ca,0x08c9,0x08c9,0x10c9,0x08c9,0x08c9,0x08c9,0x08ca,0x08ca,0x08ca,0x08c9,0x08c9,0x08c9,0x08c9,0x08c9,
 0x08c9,0x08c9,0x08c9,0x08c9,0x08c9,0x10e9,0x10e9,0x08c9,0x10c9,0x10c9,0x08c9,0x08c9,0x08c9,0x08c9,0x08c9,0x08c9,
 0x08c9,0x08c9,0x08c9,0x08c9,0x08c9,0x08c9,0x08c9,0x08c9,0x08c9,0x08c9,0x08c9,0x08c9,0x08a8,0x08c9,0x08c9,0x08c9,
 0x08c9,0x08a8,0x214b,0x190a,0x08c9,0x08c9,0x08c9,0x08c9,0x08c9,0x08c9,0x08c9,0x110a,0x10ea,0x08c9,0x08c9,0x08c9,
 0x08c9,0x08c9,0x08c9,0x08c9,0x08c9,0x08c9,0x08c9,0x08c9,0x08c9,0x192b,0x190a,0x08c9,0x08c9,0x10c9,0x08c9,0x08c9,
 0x08c9,0x08c9,0x08c9,0x08c9,0x08c9,0x10c9,0x08c9,0x10e9,0x214c,0x08c9,0x10c9,0x10ea,0x10c9,0x08c9,0x10c9,0x08c9,
 0x08c9,0x08c9,0x08c9,0x08c9,0x08c9,0x08c9,0x08c9,0x08c9,0x08c9,0x08c9,0x08c9,0x08c9,0x08c9,0x08c9,0x08c9,0x10c9,
 0x08c9,0x08c9,0x08c9,0x08c9,0x08c9,0x08c9,0x08c9,0x10ea,0x10c9,0x08c9,0x08c9,0x10c9,0x10e9,0x08c9,0x08c9,0x08c9,
 0x08c9,0x08c9,0x08c9,0x08c9,0x08c9,0x08c9,0x08c9,0x08c9,0x08c9,0x08c9,0x08c9,0x08c9,0x08c9,0x08c9,0x08c9,0x08c9,
 0x08c9,0x08c9,0x08c9,0x08c9,0x10c9,0x08c9,0x08c9,0x08c9,0x08c9,0x10c9,0x10c9,0x10c9,0x10c9,0x10c9,0x10c9,0x08c9,
 0x110a,0x192b,0x08c9,0x10c9,0x08c9,0x08c9,0x08c9,0x08c9,0x08c9,0x08c9,0x08c9,0x08c9,0x08c9,0x10ea,0x08c9,0x08c9,
 0x08c9,0x08c9,0x08a9,0x08c9,0x10c9,0x10ea,0x08c9,0x10c9,0x08c9,0x10c9,0x08c9,0x08c9,0x08c9,0x08c9,0x08c9,0x10c9,
 0x08c9,0x08c9,0x08c9,0x08c9,0x08c9,0x08c9,0x08c9,0x08c9,0x10c9,0x296c,0x08c9,0x08c9,0x10c9,0x08c9,0x10c9,0x10c9,
 0x08c9,0x08c9,0x08c9,0x08c9,0x10c9,0x10c9,0x08c9,0x08c9,0x08c9,0x08c9,0x08c9,0x08c9,0x08c9,0x08c9,0x08c9,0x08c9,
 0x08c9,0x08c9,0x08c9,0x08c9,0x08c9,0x08c9,0x08c9,0x08c9,0x08c9,0x08c9,0x08c9,0x08c9,0x08c9,0x10c9,0x10c9,0x08c9,
 0x10c9,0x08c9,0x08c9,0x08c9,0x08c9,0x08c9,0x08c9,0x08c9,0x08c9,0x08c9,0x08c9,0x08c9,0x08c9,0x08c9,0x08c9,0x08c9,
 0x08c9,0x08c9,0x08c9,0x08c9,0x08c9,0x08c9,0x08c9,0x08c9,0x08c9,0x192b,0x10ca,0x08c9,0x10c9,0x08c9,0x08c9,0x08c9,
 0x08c9,0x08c9,0x08c9,0x10c9,0x10c9,0x10c9,0x08ca,0x08c9,0x10c9,0x08c9,0x08c9,0x08c9,0x08c9,0x08c9,0x10ca,0x08c9,
 0x08c9,0x10ea,0x10ea,0x08c9,0x08c9,0x10c9,0x10c9,0x10ca,0x10c9,0x10c9,0x10e9,0x10c9,0x10c9,0x10c9,0x08c9,0x08c9,
 0x08c9,0x08c9,0x08c9,0x08c9,0x08c9,0x08c9,0x08c9,0x08c9,0x08c9,0x08c9,0x08c9,0x110a,0x298c,0x08c9,0x10c9,0x10c9,
 0x08c9,0x10ea,0x10ca,0x08c9,0x10c9,0x08c9,0x08c9,0x08c9,0x08c9,0x10c9,0x08c9,0x08c9,0x08ca,0x08ca,0x08ca,0x08c9,
 0x08c9,0x08c9,0x08c9,0x08c9,0x10ca,0x08ea,0x08ca,0x08c9,0x08ca,0x10ea,0x10ea,0x10ea,0x08e9,0x08c9,0x08c9,0x08c9,
 0x08ca,0x08ca,0x10c9,0x10ea,0x10ea,0x10ca,0x10ca,0x08c9,0x08c9,0x10ca,0x08c9,0x08c9,0x08c9,0x08c9,0x08c9,0x08c9,
 0x08c9,0x08c9,0x08c9,0x08c9,0x08c9,0x08c9,0x08c9,0x10ea,0x10ea,0x10ca,0x10e9,0x10c9,0x296c,0x10ea,0x10c9,0x10ea,
 0x10ca,0x08c9,0x08c9,0x08c9,0x08c9,0x08c9,0x10c9,0x08c9,0x08ca,0x08ca,0x08ca,0x08c9,0x08c9,0x08c9,0x08c9,0x08c9,
 0x08c9,0x08c9,0x08c9,0x08c9,0x08c9,0x08c9,0x10c9,0x08c9,0x10c9,0x08c9,0x08c9,0x08c9,0x08c9,0x08c9,0x08c9,0x08c9,
 0x08c9,0x08c9,0x08c9,0x08c9,0x08c9,0x08c9,0x08c9,0x08c9,0x08c9,0x08c9,0x08c9,0x10e9,0x190a,0x08c9,0x08c9,0x08c9,
 0x08c9,0x08c9,0x10c9,0x08c9,0x08c9,0x08c9,0x08c9,0x08c9,0x08c9,0x08c9,0x08c9,0x110a,0x10ea,0x08c9,0x08c9,0x08c9,
 0x08c9,0x08c9,0x08c9,0x08c9,0x08c9,0x08c9,0x08c9,0x08c9,0x10c9,0x08a9,0x08c9,0x10ea,0x08c9,0x10ea,0x08c9,0x08c9,
 0x08c9,0x08c9,0x08c9,0x08c9,0x08c9,0x10ea,0x10ca,0x08c9,0x08c9,0x08c9,0x08c9,0x10c9,0x08c9,0x08c9,0x10c9,0x08c9,
 0x08c9,0x08c9,0x08c9,0x08c9,0x08c9,0x08c9,0x08c9,0x08c9,0x10c9,0x08c9,0x08c9,0x08c9,0x08c9,0x08c9,0x08c9,0x08c9,
 0x08c9,0x08c9,0x08a9,0x08c9,0x08c9,0x08c9,0x08c9,0x10ca,0x08c9,0x08c9,0x08c9,0x10ca,0x10ea,0x08c9,0x08c9,0x08c9,
 0x08c9,0x08c9,0x08c9,0x08c9,0x08c9,0x08c9,0x08c9,0x08c9,0x08c9,0x08c9,0x08c9,0x08c9,0x08c9,0x08c9,0x08c9,0x08c9,
 0x08c9,0x08c9,0x08c9,0x10c9,0x10c9,0x08c9,0x08c9,0x08c9,0x10c9,0x10c9,0x10c9,0x10c9,0x08c9,0x10c9,0x10c9,0x10e9,
 0x08c9,0x08c9,0x10c9,0x10c9,0x08c9,0x08c9,0x08c9,0x08c9,0x08c9,0x08c9,0x08c9,0x08c9,0x10c9,0x08c9,0x08c9,0x08c9,
 0x08c9,0x08c9,0x214b,0x10c9,0x08c9,0x10e9,0x10c9,0x10ea,0x08c9,0x08c9,0x10c9,0x10c9,0x08c9,0x10c9,0x10c9,0x10c9,
 0x08c9,0x08c9,0x08c9,0x10c9,0x10c9,0x08c9,0x08c9,0x08e9,0x10e9,0x08a9,0x08c9,0x08c9,0x10c9,0x10c9,0x10c9,0x10c9,
 0x10c9,0x08c9,0x10c9,0x10c9,0x10c9,0x10c9,0x08c9,0x08c9,0x08c9,0x08c9,0x08c9,0x08c9,0x10c9,0x10c9,0x10c9,0x08c9,
 0x08c9,0x08c9,0x08c9,0x08c9,0x08c9,0x08c9,0x08c9,0x08c9,0x08c9,0x08c9,0x08c9,0x08c9,0x08c9,0x08c9,0x10e9,0x10e9,
 0x08c9,0x08c9,0x08c9,0x08c9,0x08c9,0x08c9,0x08c9,0x08c9,0x08c9,0x08c9,0x08c9,0x08c9,0x08c9,0x10c9,0x08c9,0x08c9,
 0x08c9,0x10c9,0x08c9,0x08c9,0x10c9,0x08c9,0x10c9,0x08c9,0x08c9,0x08c9,0x08c9,0x10c9,0x10ea,0x08c9,0x08c9,0x10c9,
 0x10c9,0x10c9,0x08c9,0x08c9,0x10c9,0x10ca,0x08c9,0x08c9,0x08c9,0x08c9,0x10c9,0x10c9,0x08c9,0x08c9,0x10ca,0x08c9,
 0x08c9,0x110a,0x10ea,0x08c9,0x10ea,0x10e9,0x10c9,0x08c9,0x10c9,0x10e9,0x10e9,0x10c9,0x10c9,0x08e9,0x10c9,0x10ea,
 0x08ca,0x08c9,0x08c9,0x08c9,0x08c9,0x08c9,0x08c9,0x10ca,0x08c9,0x10c9,0x10ea,0x08c9,0x08a9,0x10c9,0x08c9,0x10c9,
 0x10ea,0x10ca,0x10ca,0x08c9,0x10c9,0x08ca,0x08ca,0x08ca,0x08ca,0x10ca,0x10ca,0x10ca,0x10ea,0x10ca,0x10c9,0x10ca,
 0x08c9,0x08c9,0x08c9,0x08c9,0x08c9,0x08e9,0x08ca,0x08e9,0x10ca,0x10ea,0x10ea,0x10ea,0x10ea,0x08e9,0x08ca,0x08ea,
 0x10ea,0x08c9,0x214c,0x216c,0x08c9,0x10ea,0x08c9,0x10c9,0x10c9,0x08c9,0x08c9,0x10c9,0x08c9,0x08c9,0x08c9,0x08c9,
 0x08c9,0x08c9,0x08c9,0x08c9,0x08c9,0x08c9,0x08c9,0x110a,0x10ea,0x08c9,0x08c9,0x08c9,0x08c9,0x10e9,0x10c9,0x10ea,
 0x10ea,0x08c9,0x08c9,0x08c9,0x08ca,0x10ca,0x10ca,0x10ca,0x10ca,0x10ea,0x10ea,0x10ea,0x08ca,0x08c9,0x08c9,0x08ca,
 0x194e,0x10eb,0x192d,0x194d,0x194d,0x10ea,0x08c9,0x08c9,0x08c9,0x08c9,0x08c9,0x10c9,0x10c9,0x10c9,0x08c9,0x08c9,
 0x08c9,0x08c9,0x08c9,0x08c9,0x08c9,0x08c9,0x08c9,0x08c9,0x08c9,0x08c9,0x08c9,0x10e9,0x298c,0x08c9,0x08c9,0x08c9,
 0x08c9,0x08c9,0x212b,0x10c9,0x08c9,0x08c9,0x08c9,0x08c9,0x08c9,0x08c9,0x08c9,0x08e9,0x10ea,0x08c9,0x08c9,0x08c9,
 0x08c9,0x08c9,0x08c9,0x08c9,0x08c9,0x08c9,0x08c9,0x08c9,0x08c9,0x08c9,0x08c9,0x08c9,0x08c9,0x08c9,0x08c9,0x08c9,
 0x08c9,0x08c9,0x08c9,0x08c9,0x08c9,0x08c9,0x10ca,0x08c9,0x08c9,0x08c9,0x10e9,0x08c9,0x08c9,0x08c9,0x10c9,0x08c9,
 0x10c9,0x10c9,0x10c9,0x08c9,0x08c9,0x08c9,0x08c9,0x08c9,0x10c9,0x10c9,0x08c9,0x08c9,0x08c9,0x10ea,0x10ca,0x08c9,
 0x08c9,0x08c9,0x21ac,0x10c9,0x08c9,0x08c9,0x08c9,0x08c9,0x08c9,0x08c9,0x08c9,0x08c9,0x08c9,0x08c9,0x08c9,0x08c9,
 0x08c9,0x08c9,0x08c9,0x08c9,0x08c9,0x10c9,0x08c9,0x08c9,0x08c9,0x08c9,0x08c9,0x08c9,0x08c9,0x08c9,0x08c9,0x08c9,
 0x08c9,0x08c9,0x08c9,0x10c9,0x08c9,0x08c9,0x08c9,0x08c9,0x08c9,0x10c9,0x10c9,0x10e9,0x08c9,0x10c9,0x10e9,0x08c9,
 0x10c9,0x10e9,0x08c9,0x10c9,0x08c9,0x08c9,0x08c9,0x08c9,0x08c9,0x08c9,0x08c9,0x08c9,0x08c9,0x10e9,0x08c9,0x08c9,
 0x08c9,0x08c9,0x214c,0x10ca,0x08c9,0x10c9,0x10ea,0x10ea,0x10c9,0x10c9,0x10c9,0x10c9,0x10c9,0x10c9,0x10c9,0x10c9,
 0x08c9,0x10e9,0x10c9,0x10e9,0x10c9,0x10c9,0x08c9,0x08c9,0x08c9,0x10c9,0x08c9,0x08c9,0x10ea,0x10c9,0x08c9,0x10c9,
 0x10e9,0x10c9,0x10c9,0x10c9,0x10c9,0x10e9,0x10e9,0x10c9,0x08c9,0x08c9,0x08c9,0x10c9,0x10c9,0x10c9,0x08c9,0x08ea,
 0x10c9,0x08c9,0x08c9,0x08c9,0x08c9,0x08c9,0x08c9,0x08c9,0x08c9,0x08c9,0x08c9,0x08c9,0x10ea,0x214b,0x08c9,0x10c9,
 0x08c9,0x08c9,0x08c9,0x08c9,0x08c9,0x08c9,0x08c9,0x08c9,0x08c9,0x08c9,0x08c9,0x08c9,0x10e9,0x10ea,0x08c9,0x08c9,
 0x10c9,0x10c9,0x10c9,0x10c9,0x10c9,0x10c9,0x10c9,0x08c9,0x08c9,0x10c9,0x08c9,0x10ca,0x10ea,0x08c9,0x10c9,0x10c9,
 0x10c9,0x10e9,0x10c9,0x08c9,0x08c9,0x10c9,0x10c9,0x08c9,0x08c9,0x10c9,0x10ea,0x08c9,0x192b,0x296c,0x08a9,0x08c9,
 0x10c9,0x08a9,0x214b,0x31ad,0x08a9,0x10ea,0x10c9,0x08c9,0x10ca,0x10c9,0x10e9,0x10c9,0x10c9,0x10ea,0x10c9,0x10ea,
 0x08ea,0x08c9,0x08c9,0x08c9,0x08c9,0x08c9,0x10c9,0x10c9,0x10ca,0x10ea,0x10ca,0x10e9,0x10e9,0x08c9,0x08c9,0x10c9,
 0x10ea,0x08c9,0x10c9,0x08c9,0x08c9,0x08ca,0x08ca,0x10ca,0x08ca,0x10ca,0x10ca,0x10ca,0x10ea,0x10ea,0x10ea,0x10c9,
 0x08c9,0x10c9,0x08c9,0x08c9,0x08c9,0x10ea,0x10ca,0x10ea,0x10ca,0x10ea,0x10ea,0x10ea,0x10ea,0x10ea,0x08ea,0x10ea,
 0x08ea,0x08e9,0x10ea,0x10ea,0x10ea,0x10eb,0x08ca,0x10ca,0x10ea,0x08c9,0x10c9,0x08ca,0x08c9,0x08c9,0x08c9,0x08c9,
 0x08c9,0x08c9,0x08ca,0x08c9,0x08c9,0x08ca,0x08ca,0x08c9,0x08c9,0x08c9,0x08c9,0x08c9,0x10ea,0x08ca,0x10ea,0x10ea,
 0x10c9,0x10c9,0x08c9,0x10c9,0x10ea,0x10ea,0x10ea,0x10ca,0x10ea,0x10ea,0x10ea,0x10ea,0x08ca,0x08ca,0x08ca,0x08ca,
 0x216f,0x216e,0x216f,0x2190,0x2990,0x298f,0x110b,0x08c9,0x08c9,0x08c9,0x08c9,0x08c9,0x10e9,0x10c9,0x08c9,0x08c9,
 0x08c9,0x08c9,0x08c9,0x08c9,0x08c9,0x08c9,0x08e9,0x08c9,0x08c9,0x08c9,0x08c9,0x08c9,0x08a9,0x08c9,0x08c9,0x08c9,
 0x08c9,0x08c9,0x08c9,0x08c9,0x08c9,0x08c9,0x08c9,0x08c9,0x08c9,0x08c9,0x10c9,0x08c9,0x08c9,0x08c9,0x08c9,0x08c9,
 0x08c9,0x08c9,0x08c9,0x08c9,0x08c9,0x08c9,0x08c9,0x08c9,0x08c9,0x08c9,0x08c9,0x08c9,0x08c9,0x08c9,0x08c9,0x08c9,
 0x08c9,0x08c9,0x08c9,0x08c9,0x08c9,0x08c9,0x08c9,0x08c9,0x10c9,0x08c9,0x08e9,0x08c9,0x08c9,0x08c9,0x10c9,0x10c9,
 0x10c9,0x10c9,0x08c9,0x10c9,0x10c9,0x08c9,0x08c9,0x08c9,0x10e9,0x10c9,0x10c9,0x08c9,0x08c9,0x10ea,0x10ea,0x08c9,
 0x08c9,0x08c9,0x192b,0x296c,0x08a9,0x08c9,0x08c9,0x08c9,0x08c9,0x08c9,0x08c9,0x08c9,0x08c9,0x08c9,0x08c9,0x08c9,
 0x08c9,0x08c9,0x08c9,0x08c9,0x10e9,0x08c9,0x08c9,0x08e9,0x10c9,0x08c9,0x08c9,0x08c9,0x08c9,0x08c9,0x08c9,0x08c9,
 0x08c9,0x08c9,0x08c9,0x08c9,0x08e9,0x10e9,0x10ea,0x08c9,0x10c9,0x10c9,0x10e9,0x10e9,0x08e9,0x08c9,0x10c9,0x10e9,
 0x10ea,0x10c9,0x08c9,0x10ea,0x10c9,0x08c9,0x08c9,0x08c9,0x08c9,0x08c9,0x08c9,0x08c9,0x08c9,0x08c9,0x08c9,0x08c9,
 0x08c9,0x08c9,0x08a9,0x08c9,0x10c9,0x10c9,0x10ea,0x10c9,0x08c9,0x10e9,0x10ea,0x10ea,0x08e9,0x08e9,0x10ea,0x10ea,
 0x10ea,0x10ea,0x10ea,0x10ea,0x10ea,0x10e9,0x10c9,0x10c9,0x08c9,0x08c9,0x08c9,0x08c9,0x08c9,0x08c9,0x10c9,0x10ea,
 0x10ea,0x10ea,0x10ea,0x10ea,0x10ea,0x10ea,0x10ea,0x10ea,0x10c9,0x10e9,0x10e9,0x10e9,0x10e9,0x08e9,0x10ea,0x08ea,
 0x10ea,0x10ea,0x08c9,0x08ea,0x08c9,0x08c9,0x08c9,0x08c9,0x08ea,0x08ea,0x08e9,0x08c9,0x08c9,0x10ea,0x10ea,0x08c9,
 0x08c9,0x08c9,0x08c9,0x08c9,0x08c9,0x08c9,0x08c9,0x08c9,0x08c9,0x08c9,0x10ca,0x10ea,0x10e9,0x10ea,0x08ca,0x08c9,
 0x08ea,0x08c9,0x08ea,0x08ea,0x10ea,0x10ea,0x10e9,0x10ea,0x10ea,0x08ca,0x08ca,0x08ca,0x08e9,0x08ca,0x08c9,0x08c9,
 0x10ea,0x10ea,0x10ea,0x10ea,0x08ca,0x08c9,0x08c9,0x08ca,0x08ea,0x10ea,0x10ea,0x08e9,0x10ea,0x10ea,0x08c9,0x08c9,
 0x08c9,0x08c9,0x10e9,0x212b,0x190b,0x08ca,0x10ea,0x10ea,0x10ea,0x10ea,0x10ea,0x10ea,0x10ea,0x10ea,0x10ea,0x08ea,
 0x08ca,0x08ca,0x08c9,0x08ea,0x08ea,0x08ea,0x08ea,0x08ea,0x08ea,0x10ea,0x10ea,0x10ea,0x08ea,0x08ea,0x08ea,0x08ea,
 0x08ea,0x08ea,0x08ea,0x08ea,0x08ea,0x08ea,0x08ea,0x10ea,0x08ea,0x08ca,0x10ea,0x10ea,0x10ea,0x10ea,0x10ea,0x10ea,
 0x10ea,0x08ca,0x08ca,0x08ea,0x08ea,0x08ea,0x10ea,0x10ea,0x10ea,0x10ea,0x10ea,0x10ea,0x10ea,0x10ea,0x10ea,0x10ea,
 0x10ea,0x08ea,0x10ea,0x10ea,0x10ea,0x10ea,0x08ea,0x10ea,0x10ea,0x08ca,0x08ea,0x08ca,0x10ea,0x10ea,0x08ca,0x08ea,
 0x08ea,0x08ea,0x08ea,0x10ea,0x08ca,0x08ca,0x08ea,0x08ca,0x08ea,0x08ca,0x08ea,0x08ca,0x08ea,0x08ea,0x110b,0x10ea,
 0x08ea,0x10ea,0x10ea,0x10ea,0x10ea,0x10ea,0x10ea,0x10ea,0x10ea,0x10ea,0x10ea,0x10ea,0x08ea,0x08ea,0x08ea,0x08ea,
 0x216f,0x216f,0x216f,0x216f,0x3190,0x31b0,0x214e,0x08c9,0x08c9,0x08c9,0x10c9,0x10c9,0x08c9,0x08c9,0x08c9,0x08c9,
 0x08c9,0x08c9,0x08c9,0x08c9,0x08c9,0x08e9,0x08c9,0x08c9,0x08c9,0x08e9,0x08e9,0x08c9,0x10c9,0x08c9,0x08c9,0x08c9,
 0x08c9,0x08c9,0x08c9,0x08c9,0x08c9,0x08c9,0x08c9,0x08c9,0x10c9,0x08c9,0x08e9,0x10e9,0x08c9,0x08c9,0x08c9,0x08c9,
 0x08c9,0x08c9,0x10e9,0x08ca,0x08c9,0x08c9,0x08c9,0x08c9,0x08c9,0x08c9,0x10c9,0x10c9,0x08c9,0x08c9,0x08c9,0x08c9,
 0x08c9,0x08c9,0x08c9,0x08c9,0x08c9,0x08c9,0x08c9,0x08c9,0x10c9,0x08c9,0x08c9,0x10c9,0x08c9,0x08c9,0x08c9,0x10c9,
 0x10c9,0x08c9,0x10c9,0x10c9,0x08c9,0x10e9,0x08c9,0x08c9,0x08c9,0x10c9,0x10c9,0x10ea,0x10c9,0x08c9,0x08c9,0x08c9,
 0x08c9,0x08c9,0x08c9,0x08c9,0x08c9,0x08c9,0x08c9,0x08c9,0x08e9,0x08c9,0x08c9,0x08c9,0x08c9,0x08c9,0x08c9,0x08c9,
 0x08c9,0x08c9,0x08c9,0x08e9,0x08ea,0x10ea,0x10ea,0x08ea,0x08ea,0x08c9,0x08c9,0x08c9,0x08c9,0x08c9,0x08e9,0x08e9,
 0x10e9,0x08e9,0x08c9,0x08c9,0x08e9,0x10e9,0x10e9,0x10e9,0x10c9,0x10e9,0x10e9,0x10e9,0x10e9,0x10ea,0x10e9,0x10ea,
 0x08c9,0x10c9,0x08c9,0x08ca,0x08c9,0x08c9,0x08c9,0x08c9,0x08c9,0x08c9,0x08c9,0x08c9,0x08c9,0x08c9,0x08c9,0x08c9,
 0x08c9,0x08c9,0x10c9,0x08c9,0x10c9,0x08e9,0x10e9,0x10e9,0x10c9,0x08ea,0x08e9,0x08ea,0x08ea,0x08e9,0x08e9,0x10ea,
 0x10ea,0x10ea,0x10ea,0x10ea,0x10ea,0x10ea,0x10ea,0x10e9,0x10e9,0x10c9,0x10e9,0x08c9,0x10e9,0x10ca,0x10e9,0x10ea,
 0x10ea,0x10ea,0x10ea,0x10ea,0x10ea,0x10ea,0x10ea,0x10ea,0x10ea,0x08e9,0x08c9,0x10e9,0x10e9,0x10e9,0x10ea,0x10ea,
 0x10ea,0x08ea,0x10ea,0x10ca,0x08c9,0x10ca,0x10ea,0x08ea,0x08ea,0x10ea,0x08ea,0x08ea,0x08ea,0x08ea,0x10ea,0x08ea,
 0x10ea,0x08c9,0x08c9,0x08c9,0x08c9,0x08c9,0x08c9,0x08c9,0x08c9,0x08c9,0x10ea,0x10ea,0x10ea,0x10ea,0x08ca,0x08c9,
 0x08c9,0x08c9,0x08ca,0x10ea,0x10ea,0x10ea,0x10ea,0x10ea,0x10ea,0x08ea,0x08ca,0x08ea,0x08ea,0x08ca,0x08ca,0x08c9,
 0x10ea,0x10ea,0x10ea,0x10ea,0x08ea,0x08e9,0x08ea,0x10ea,0x10ea,0x10ea,0x10ea,0x08ea,0x08e9,0x08c9,0x10c9,0x08c9,
 0x08c9,0x08c9,0x08c9,0x08ca,0x10ea,0x10ea,0x10ea,0x08ea,0x10ea,0x10ea,0x08ea,0x08ea,0x10ea,0x10ea,0x10ea,0x08ea,
 0x08ea,0x08c9,0x110a,0x10ea,0x08ea,0x08ea,0x08ea,0x10ea,0x10ea,0x10ea,0x08ea,0x08ea,0x08ea,0x08ea,0x08ea,0x10ea,
 0x08ea,0x08ea,0x08ea,0x10ea,0x08ea,0x08ea,0x08ea,0x10ea,0x10ea,0x10ea,0x10ea,0x10ea,0x10ea,0x10ea,0x10ea,0x10ea,
 0x08ea,0x08ca,0x10ea,0x08ea,0x10ea,0x10ea,0x10ea,0x08ea,0x10ea,0x10ea,0x10ea,0x10ea,0x10ea,0x10ea,0x10ea,0x10ea,
 0x10ea,0x10ea,0x10ea,0x10ea,0x10ea,0x10ea,0x10ea,0x10ea,0x10ea,0x08ea,0x08ea,0x10ea,0x08c9,0x08c9,0x08ea,0x08ca,
 0x08ea,0x08ea,0x08ca,0x08c9,0x10ea,0x08ea,0x08ea,0x08ea,0x08ea,0x08ea,0x08ea,0x08ea,0x08ca,0x10ea,0x08ea,0x08ea,
 0x10ea,0x10ea,0x10ea,0x10ea,0x10ea,0x10ea,0x10ea,0x10ea,0x10ea,0x10ea,0x10ea,0x10ea,0x10ea,0x10ea,0x08ea,0x08ea,
 0x216f,0x216f,0x216f,0x216f,0x2990,0x31b0,0x2990,0x190c,0x08c9,0x08c9,0x08c9,0x10ea,0x110b,0x08c9,0x08c9,0x08c9,
 0x08c9,0x10ea,0x110b,0x08e9,0x08e9,0x10e9,0x08e9,0x08c9,0x08c9,0x08e9,0x08c9,0x08c9,0x08c9,0x08c9,0x08c9,0x08c9,
 0x08c9,0x08c9,0x08c9,0x08c9,0x08c9,0x08c9,0x08c9,0x08c9,0x08c9,0x08e9,0x08e9,0x08e9,0x08c9,0x08c9,0x08ea,0x10c9,
 0x10c9,0x08c9,0x10ea,0x10ca,0x08ca,0x08c9,0x08c9,0x08e9,0x10e9,0x10e9,0x08c9,0x10e9,0x08c9,0x08c9,0x08c9,0x08c9,
 0x10e9,0x10ea,0x08c9,0x08e9,0x08c9,0x08c9,0x08c9,0x08c9,0x08e9,0x08e9,0x08c9,0x08c9,0x10ea,0x10ca,0x10ca,0x10ea,
 0x10ea,0x08ea,0x10ea,0x10ca,0x08ca,0x08c9,0x08c9,0x08c9,0x08c9,0x08c9,0x08c9,0x10ea,0x08c9,0x08c9,0x08c9,0x08c9,
 0x08c9,0x08e9,0x10e9,0x08c9,0x08c9,0x10c9,0x10c9,0x08c9,0x08c9,0x08c9,0x08c9,0x08c9,0x08c9,0x08c9,0x08c9,0x10e9,
 0x10e9,0x08ea,0x10ea,0x10ea,0x10ea,0x10ca,0x08ea,0x08ea,0x08ea,0x08ea,0x08ea,0x08e9,0x10e9,0x192b,0x08c9,0x08ea,
 0x10ea,0x10ea,0x10ea,0x10ea,0x08c9,0x08e9,0x10ea,0x10ea,0x10ea,0x08ea,0x08ea,0x10ea,0x10ea,0x10ea,0x10ea,0x10ea,
 0x10ea,0x10ea,0x08ea,0x10ea,0x08ea,0x08ea,0x08ea,0x10ea,0x10e9,0x08c9,0x08e9,0x08c9,0x08c9,0x08c9,0x08c9,0x08c9,
 0x08c9,0x08c9,0x08c9,0x08e9,0x10ea,0x10ea,0x10ea,0x10ea,0x08ea,0x08ea,0x08ea,0x08ea,0x08ea,0x08ea,0x08ea,0x08ea,
 0x10ea,0x10ea,0x10ea,0x10ea,0x10ea,0x10ea,0x10ea,0x10ea,0x10ea,0x10ea,0x10ea,0x10ea,0x10ea,0x10ea,0x10ea,0x10ea,
 0x10ea,0x10ea,0x10ea,0x10ea,0x10ea,0x10ea,0x10ea,0x10ea,0x08ea,0x110a,0x216c,0x08ea,0x10ea,0x10ea,0x10ea,0x10ea,
 0x08ea,0x10ea,0x10ea,0x10ea,0x10ea,0x10ea,0x10ea,0x10ea,0x10ea,0x10ea,0x10ea,0x08ea,0x10ea,0x10ea,0x10ea,0x10ea,
 0x10ea,0x08ea,0x10ea,0x10ea,0x08e9,0x08c9,0x08ea,0x08ea,0x08ca,0x08e9,0x08ea,0x08ea,0x10ea,0x08ea,0x10ea,0x08ea,
 0x08ea,0x08ea,0x10ea,0x08c9,0x08ca,0x10ea,0x10ea,0x10ea,0x08ea,0x10ea,0x10ea,0x08ea,0x08ea,0x08ea,0x08ea,0x10ea,
 0x10ea,0x10ea,0x10ea,0x08ea,0x08ea,0x08ca,0x10ea,0x10ea,0x10ea,0x10ea,0x10ea,0x10ea,0x10ea,0x08ea,0x10ea,0x08ea,
 0x08ca,0x08ca,0x08ea,0x10ea,0x08ea,0x10ea,0x10ea,0x10ea,0x10ea,0x10ea,0x08ea,0x08ea,0x10ea,0x08ea,0x08ea,0x08ea,
 0x08ea,0x08ca,0x216c,0x10ea,0x08ea,0x10ea,0x08ea,0x08ea,0x08ea,0x08ea,0x08ea,0x10ea,0x08ea,0x08ea,0x10ea,0x10ea,
 0x08ea,0x10ea,0x08ea,0x10ea,0x08ea,0x08ea,0x10ea,0x10ea,0x110b,0x10ea,0x10ea,0x10ea,0x10ea,0x10ea,0x10ea,0x10ea,
 0x08ea,0x08ea,0x10ea,0x08ea,0x10ea,0x110b,0x08ea,0x08ea,0x10ea,0x10ea,0x10ea,0x10ea,0x10ea,0x10ea,0x10ea,0x10ea,
 0x10ea,0x10ea,0x08ea,0x10ea,0x10ea,0x10ea,0x10ea,0x08ea,0x10ea,0x08ea,0x10ea,0x08c9,0x298c,0x214b,0x08c9,0x08ea,
 0x08ea,0x08ea,0x10ea,0x296c,0x08ca,0x08ea,0x08ea,0x08ea,0x10ea,0x10ea,0x08ea,0x08ea,0x08ea,0x08ea,0x10ea,0x10ea,
 0x10ea,0x08ea,0x10ea,0x10ea,0x10ea,0x10ea,0x10ea,0x10ea,0x10ea,0x10ea,0x10ea,0x10ea,0x10ea,0x10ea,0x10ea,0x08ea,
 0x216f,0x216f,0x216f,0x216f,0x296f,0x2990,0x216f,0x110b,0x08c9,0x08c9,0x10e9,0x192d,0x2170,0x192c,0x08e9,0x08c9,
 0x08c9,0x110c,0x214f,0x214e,0x10ea,0x08c9,0x08c9,0x10c9,0x08ea,0x08ea,0x10c9,0x10e9,0x08e9,0x08c9,0x08c9,0x08c9,
 0x08c9,0x08c9,0x08c9,0x08c9,0x08c9,0x08c9,0x08c9,0x08ca,0x08e9,0x08ea,0x08e9,0x08e9,0x08c9,0x08ea,0x08ea,0x10e9,
 0x10ea,0x08ea,0x10ea,0x10ea,0x08ea,0x08ca,0x08ca,0x08e9,0x10ea,0x08ea,0x08ea,0x10ea,0x08ea,0x08c9,0x08ea,0x08c9,
 0x192b,0x192b,0x08c9,0x08c9,0x08e9,0x08c9,0x08ca,0x08ca,0x08e9,0x10ea,0x08ea,0x08e9,0x10e9,0x10ea,0x10ea,0x10ea,
 0x10ea,0x10ea,0x08ea,0x10ea,0x08ea,0x08ca,0x08c9,0x10e9,0x08c9,0x08c9,0x10ea,0x10c9,0x08c9,0x08c9,0x08c9,0x08e9,
 0x08c9,0x08c9,0x10ca,0x10e9,0x08c9,0x10ca,0x10ea,0x08c9,0x08c9,0x08c9,0x08c9,0x10ea,0x10ea,0x10ea,0x10ea,0x08ea,
 0x08ea,0x08ea,0x10ea,0x10ea,0x08e9,0x298c,0x10ea,0x08ea,0x10ea,0x08ea,0x08ea,0x08ea,0x10ea,0x110a,0x08ea,0x08ea,
 0x10ea,0x10ea,0x10ea,0x08ea,0x08ea,0x10ea,0x10ea,0x10ea,0x10ea,0x08ea,0x08ea,0x10ea,0x10ea,0x10ea,0x10ea,0x10ea,
 0x10ea,0x10ea,0x08ea,0x08ea,0x10ea,0x10ea,0x10ea,0x08c9,0x08c9,0x10ea,0x08ea,0x08c9,0x08ea,0x08e9,0x08ea,0x08ea,
 0x08ea,0x08ea,0x08ea,0x10ea,0x10ea,0x10ea,0x10ea,0x08ea,0x10ea,0x08ea,0x08ea,0x08ea,0x10ea,0x08ea,0x10ea,0x10ea,
 0x10ea,0x10ea,0x10ea,0x10ea,0x10ea,0x10ea,0x10ea,0x10ea,0x10ea,0x10ea,0x10ea,0x10ea,0x08ea,0x08ea,0x08ea,0x10ea,
 0x10ea,0x10ea,0x10ea,0x10ea,0x10ea,0x10ea,0x10ea,0x10ea,0x10ea,0x08ea,0x10ea,0x10ea,0x10ea,0x10ea,0x08ea,0x08ea,
 0x08ea,0x08ea,0x08ea,0x08ea,0x10ea,0x10ea,0x10ea,0x10ea,0x10ea,0x10ea,0x10ea,0x10ea,0x10ea,0x08ea,0x10ea,0x08ea,
 0x10ea,0x10ea,0x08ea,0x08ea,0x10ea,0x10ea,0x08ea,0x08ea,0x08ea,0x08ea,0x08ea,0x10ea,0x10ea,0x10ea,0x10ea,0x08ea,
 0x08ea,0x10ea,0x08ea,0x192b,0x192b,0x08ca,0x10ea,0x10ea,0x10ea,0x10ea,0x08ea,0x08ea,0x08ea,0x08ea,0x08ea,0x08ea,
 0x08ea,0x08ea,0x10ea,0x10ea,0x08ea,0x08ea,0x10ea,0x10ea,0x10ea,0x10ea,0x10ea,0x10ea,0x08ea,0x08ea,0x08ea,0x08ea,
 0x08ea,0x08ea,0x08ea,0x08ea,0x10ea,0x10ea,0x10ea,0x10ea,0x10ea,0x10ea,0x10ea,0x08ea,0x10ea,0x08ea,0x08ea,0x08ea,
 0x08ea,0x10ea,0x08ca,0x10ea,0x08ea,0x10ea,0x10ea,0x08ea,0x08ea,0x08ea,0x10ea,0x08ea,0x08ea,0x08ea,0x10ea,0x10ea,
 0x10ea,0x10ea,0x08ea,0x08ea,0x08ea,0x08ea,0x08ea,0x10ea,0x10eb,0x10ea,0x10ea,0x110b,0x10ea,0x10ea,0x10ea,0x10ea,
 0x10ea,0x08ea,0x08ea,0x10ea,0x10ea,0x08ea,0x10ea,0x10ea,0x10ea,0x10ea,0x08ea,0x10ea,0x10ea,0x10ea,0x10ea,0x10ea,
 0x10ea,0x10ea,0x10ea,0x08ea,0x10ea,0x10ea,0x10ea,0x10ea,0x08ea,0x08ea,0x08ea,0x08ca,0x192b,0x192b,0x08ca,0x08ea,
 0x08ea,0x08ea,0x10ea,0x190b,0x08ea,0x10ea,0x08ea,0x08ea,0x10ea,0x08ea,0x08ea,0x08ea,0x08ea,0x10ea,0x10ea,0x10ea,
 0x08ca,0x296c,0x110b,0x08ea,0x10ea,0x10ea,0x10ea,0x10ea,0x10ea,0x10ea,0x10ea,0x10ea,0x10ea,0x10ea,0x10ea,0x08ea,
 0x216f,0x216f,0x216f,0x216f,0x296f,0x2970,0x194e,0x110b,0x110b,0x10e9,0x110b,0x194e,0x216f,0x216f,0x194e,0x192d,
 0x08c9,0x08e9,0x110c,0x216f,0x212d,0x10eb,0x10ea,0x10ea,0x08ea,0x08ea,0x10c9,0x10c9,0x08ca,0x10c9,0x08c9,0x08e9,
 0x08e9,0x08c9,0x08c9,0x08c9,0x08e9,0x08ca,0x08c9,0x08e9,0x08ea,0x08ea,0x08ea,0x08ea,0x10ea,0x10ea,0x10ea,0x10ea,
 0x10ea,0x08ea,0x08c9,0x08ea,0x08e9,0x08ea,0x08c9,0x08c9,0x10ea,0x10ea,0x08ea,0x10ea,0x08ea,0x08c9,0x08e9,0x08e9,
 0x08c9,0x08c9,0x08ea,0x08c9,0x08c9,0x08c9,0x08ca,0x10ea,0x10ea,0x10ea,0x08e9,0x08ea,0x08ea,0x08ea,0x10ea,0x10ea,
 0x10ea,0x10ea,0x10ea,0x10ea,0x08ea,0x08ea,0x08c9,0x08c9,0x08c9,0x08c9,0x10ea,0x10ea,0x08ea,0x08c9,0x08ea,0x08e9,
 0x10e9,0x10e9,0x08ea,0x08c9,0x10ea,0x10ca,0x08ea,0x08c9,0x08e9,0x10e9,0x08e9,0x08ea,0x10ea,0x10ea,0x10ea,0x08ea,
 0x10ea,0x10ea,0x10ea,0x10ea,0x10ea,0x10ea,0x10ea,0x08ea,0x08ea,0x10ea,0x10ea,0x10ea,0x10ea,0x08ca,0x10ea,0x08ea,
 0x10ea,0x10ea,0x10ea,0x10ea,0x10ea,0x08ea,0x08ea,0x10ea,0x10ea,0x10ea,0x10ea,0x10ea,0x10ea,0x10ea,0x10ea,0x10ea,
 0x10ea,0x08ea,0x10ea,0x10ea,0x10ea,0x10ea,0x08c9,0x216c,0x192b,0x08c9,0x08e9,0x08c9,0x08e9,0x10ea,0x10ea,0x10ea,
 0x10ea,0x10ea,0x08ea,0x10ea,0x10ea,0x10ea,0x10ea,0x10ea,0x10ea,0x08ea,0x10ea,0x08ea,0x08ea,0x10ea,0x10ea,0x10ea,
 0x10ea,0x10ea,0x10ea,0x10ea,0x10ea,0x10ea,0x08ea,0x08ea,0x10ea,0x10ea,0x10ea,0x10ea,0x08ea,0x10ea,0x08ea,0x08ea,
 0x10ea,0x10ea,0x10ea,0x10ea,0x10ea,0x10ea,0x10ea,0x10ea,0x08ea,0x10ea,0x08ea,0x10ea,0x10ea,0x10ea,0x10ea,0x10ea,
 0x10ea,0x10ea,0x08ea,0x08ea,0x10ea,0x10ea,0x10ea,0x10ea,0x10ea,0x08ea,0x10ea,0x10ea,0x10ea,0x10ea,0x10ea,0x10ea,
 0x10ea,0x10ea,0x10ea,0x10ea,0x10ea,0x08c9,0x08ca,0x10ea,0x08ea,0x08ea,0x10ea,0x10ea,0x10ea,0x08ea,0x08ea,0x10ea,
 0x10ea,0x10ea,0x08ea,0x110b,0x110b,0x08ea,0x10ea,0x10ea,0x10ea,0x10ea,0x08ea,0x10ea,0x10ea,0x10ea,0x10ea,0x08ea,
 0x10ea,0x10ea,0x10ea,0x10ea,0x08ea,0x10ea,0x10ea,0x10ea,0x10ea,0x10ea,0x10ea,0x08ea,0x10ea,0x10ea,0x10ea,0x10ea,
 0x08ea,0x10ea,0x08ea,0x10ea,0x08ea,0x10ea,0x10ea,0x10ea,0x10ea,0x10ea,0x10ea,0x08ea,0x08ea,0x10ea,0x08ea,0x08ea,
 0x08ea,0x10ea,0x10ea,0x10ea,0x10ea,0x10ea,0x10ea,0x10ea,0x08ea,0x10ea,0x10ea,0x08ea,0x10ea,0x08ea,0x10ea,0x10ea,
 0x10ea,0x10ea,0x10ea,0x08ea,0x08ea,0x08ea,0x10ea,0x10ea,0x10ea,0x10ea,0x10ea,0x10eb,0x10eb,0x10ea,0x10ea,0x10ea,
 0x10ea,0x10ea,0x10ea,0x10ea,0x10ea,0x10ea,0x10ea,0x10ea,0x08ea,0x194c,0x110b,0x08ea,0x10ea,0x10ea,0x10ea,0x10ea,
 0x10ea,0x10ea,0x10ea,0x10ea,0x10ea,0x10ea,0x10ea,0x10ea,0x08ea,0x08ea,0x08ea,0x08ea,0x08ca,0x08ca,0x08ea,0x08ea,
 0x08ea,0x08ea,0x08ea,0x08ea,0x10ea,0x08ea,0x08ea,0x08ea,0x10ea,0x10ea,0x08ea,0x08ea,0x10ea,0x10ea,0x10ea,0x10ea,
 0x08ea,0x10ea,0x10ea,0x10ea,0x10ea,0x10ea,0x10ea,0x10ea,0x10ea,0x10ea,0x10ea,0x10ea,0x10ea,0x10ea,0x08ea,0x08ea,
 0x216f,0x216f,0x216f,0x216f,0x3190,0x3990,0x3190,0x296f,0x216f,0x192d,0x194e,0x216f,0x216f,0x216f,0x216f,0x216f,
 0x192d,0x08c9,0x08e9,0x10ea,0x10eb,0x10ea,0x10ea,0x08ea,0x08ea,0x08ea,0x08ea,0x08ea,0x08ea,0x08ea,0x08ea,0x08ea,
 0x08ea,0x08ea,0x08ea,0x10ea,0x08ca,0x08ea,0x08ea,0x08ea,0x08ea,0x08ea,0x08ea,0x08ea,0x10ea,0x10ea,0x08ea,0x08ea,
 0x08ea,0x10ea,0x192b,0x08ea,0x08ea,0x08ea,0x08ea,0x08ea,0x08ea,0x08ea,0x10ea,0x10ea,0x08ea,0x08ea,0x08ea,0x08ea,
 0x08ea,0x08ea,0x08ea,0x08ea,0x08ea,0x08ca,0x08ca,0x10ea,0x10ea,0x08ea,0x08ea,0x08ea,0x10ea,0x10ea,0x10ea,0x10ea,
 0x08ea,0x08ea,0x08ea,0x08ea,0x10ea,0x08c9,0x190a,0x190b,0x08c9,0x08e9,0x08ca,0x08ea,0x08ea,0x10ea,0x10ea,0x10ea,
 0x10ea,0x08ea,0x08ea,0x08ea,0x08ea,0x08c9,0x08c9,0x08c9,0x08c9,0x08ea,0x10ea,0x08ea,0x08ea,0x10ea,0x10ea,0x10ea,
 0x10ea,0x08ea,0x08ea,0x08ea,0x08ea,0x08ea,0x08ea,0x08ea,0x08ea,0x08ea,0x08ea,0x08ea,0x08ea,0x10ea,0x08ea,0x10ea,
 0x10ea,0x10ea,0x10ea,0x10ea,0x10ea,0x10ea,0x10ea,0x10ea,0x10ea,0x08ea,0x10ea,0x10ea,0x10ea,0x10ea,0x10ea,0x10ea,
 0x10ea,0x10ea,0x10ea,0x08ea,0x08ea,0x08ea,0x08ea,0x110b,0x110a,0x08ea,0x08ea,0x08ea,0x08ea,0x08ea,0x08ea,0x10ea,
 0x08ea,0x10ea,0x10ea,0x10ea,0x10ea,0x10ea,0x10ea,0x10ea,0x10ea,0x10ea,0x10ea,0x10ea,0x10ea,0x10ea,0x10ea,0x08ea,
 0x10ea,0x10ea,0x10ea,0x10ea,0x10ea,0x08ea,0x08ea,0x10ea,0x08ea,0x10ea,0x10ea,0x10ea,0x10ea,0x10ea,0x10ea,0x10ea,
 0x10ea,0x10ea,0x10ea,0x10ea,0x10ea,0x10ea,0x10ea,0x10ea,0x08ea,0x10ea,0x10ea,0x10ea,0x10ea,0x10ea,0x08ea,0x10ea,
 0x10ea,0x10ea,0x10ea,0x10ea,0x10ea,0x10ea,0x10ea,0x10ea,0x10ea,0x08ea,0x10ea,0x10ea,0x10ea,0x10ea,0x10ea,0x10ea,
 0x10ea,0x08ea,0x10ea,0x10ea,0x08ea,0x192b,0x110b,0x08ea,0x10ea,0x08ea,0x10ea,0x08ea,0x10ea,0x08ea,0x08ea,0x08ea,
 0x10ea,0x08ea,0x08ea,0x08ea,0x08ea,0x10ea,0x10ea,0x10ea,0x10ea,0x10ea,0x10ea,0x10ea,0x10ea,0x10ea,0x10ea,0x10ea,
 0x10ea,0x10ea,0x10ea,0x10ea,0x10ea,0x10ea,0x10ea,0x10ea,0x10ea,0x10ea,0x10ea,0x10ea,0x10ea,0x10ea,0x08ea,0x10ea,
 0x10ea,0x10ea,0x10ea,0x10ea,0x08ea,0x08ea,0x08ea,0x10ea,0x10ea,0x10ea,0x10ea,0x08ea,0x08ea,0x08ea,0x08ea,0x10ea,
 0x08ea,0x08ea,0x10ea,0x10ea,0x08ea,0x10ea,0x10ea,0x10ea,0x10ea,0x10ea,0x10eb,0x10ea,0x10ea,0x08ea,0x10ea,0x10ea,
 0x10ea,0x10ea,0x10ea,0x110b,0x10ea,0x08ea,0x110b,0x110b,0x10ea,0x10eb,0x10eb,0x10eb,0x10eb,0x10ea,0x10ea,0x10ea,
 0x10ea,0x10ea,0x10ea,0x10ea,0x10ea,0x10ea,0x10ea,0x10ea,0x10ea,0x110b,0x10eb,0x10ea,0x10eb,0x10ea,0x10ea,0x10ea,
 0x10eb,0x110b,0x10ea,0x110b,0x110b,0x10ea,0x10ea,0x10ea,0x10ea,0x10ea,0x08ea,0x08ea,0x10ea,0x08ea,0x08ea,0x08ea,
 0x08ea,0x08ea,0x10ea,0x10ea,0x08ea,0x08ea,0x08ea,0x10ea,0x10ea,0x08ea,0x10ea,0x10ea,0x10ea,0x08ea,0x08ea,0x10ea,
 0x08ea,0x08ea,0x10ea,0x10ea,0x10ea,0x10ea,0x10ea,0x10ea,0x10ea,0x10ea,0x10eb,0x10ea,0x10ea,0x10eb,0x08ea,0x08ea,
 0x216f,0x216f,0x216f,0x216f,0x296f,0x39b0,0x39b0,0x3990,0x3190,0x2990,0x216f,0x216f,0x216f,0x296f,0x3190,0x216f,
 0x216f,0x110b,0x08c9,0x08ea,0x08e9,0x08e9,0x10ea,0x08e9,0x08ca,0x10ea,0x08ea,0x10ea,0x08ea,0x10ea,0x08ea,0x08ea,
 0x08ea,0x10ea,0x08ca,0x08ea,0x10ea,0x08ea,0x08ea,0x08ea,0x08ea,0x08ea,0x08ea,0x10ea,0x10ea,0x10ea,0x10ea,0x08ea,
 0x08ea,0x08ea,0x10ea,0x08ea,0x10ea,0x08ea,0x10ea,0x08ea,0x08ea,0x10ea,0x10ea,0x10ea,0x10ea,0x10ea,0x08ea,0x08ca,
 0x08ca,0x08ca,0x08ea,0x08ea,0x08ea,0x08ea,0x08ea,0x10ea,0x10ea,0x10ea,0x10ea,0x08ea,0x10ea,0x08ea,0x10ea,0x10ea,
 0x08ea,0x10ea,0x10ea,0x10ea,0x10ea,0x08c9,0x214c,0x214b,0x08c9,0x08c9,0x10ea,0x10ea,0x10ea,0x10ea,0x10ea,0x10ea,
 0x10ea,0x10ea,0x08ea,0x08ea,0x10ea,0x08ea,0x08c9,0x10ea,0x10ea,0x08ea,0x10ea,0x10ea,0x08ea,0x10ea,0x10ea,0x10ea,
 0x10ea,0x08ea,0x08ea,0x08ea,0x08ea,0x08ea,0x10ea,0x10ea,0x10ea,0x08ea,0x10ea,0x08ea,0x10ea,0x10ea,0x10ea,0x10ea,
 0x10ea,0x10ea,0x10ea,0x10ea,0x10ea,0x10ea,0x10ea,0x10ea,0x10ea,0x10ea,0x10ea,0x10ea,0x10ea,0x10ea,0x10ea,0x10ea,
 0x10ea,0x10ea,0x10ea,0x10ea,0x10ea,0x08ea,0x08c9,0x08ea,0x08ea,0x10ea,0x10ea,0x10ea,0x08ea,0x10ea,0x10ea,0x10ea,
 0x10ea,0x10ea,0x10ea,0x10ea,0x10ea,0x10ea,0x10ea,0x08ea,0x10ea,0x10ea,0x10ea,0x10ea,0x10ea,0x10ea,0x08ea,0x192b,
 0x10ea,0x10ea,0x10ea,0x10ea,0x10ea,0x10ea,0x10ea,0x10ea,0x10ea,0x10ea,0x10ea,0x10ea,0x10ea,0x10ea,0x10ea,0x10ea,
 0x10ea,0x10ea,0x10ea,0x10ea,0x10ea,0x10ea,0x10ea,0x10ea,0x10ea,0x10ea,0x10ea,0x10ea,0x10ea,0x10ea,0x10ea,0x10ea,
 0x10ea,0x10ea,0x10ea,0x10ea,0x10ea,0x10ea,0x10ea,0x10ea,0x10ea,0x10ea,0x10ea,0x10ea,0x10ea,0x10ea,0x10ea,0x10ea,
 0x10ea,0x10ea,0x10ea,0x10ea,0x08ea,0x192b,0x190b,0x08ea,0x10ea,0x10ea,0x10ea,0x10ea,0x10ea,0x10ea,0x10ea,0x10ea,
 0x10ea,0x10ea,0x10ea,0x10ea,0x10ea,0x10ea,0x10ea,0x10ea,0x10ea,0x10ea,0x10ea,0x10ea,0x110b,0x10ea,0x10ea,0x10ea,
 0x10ea,0x10ea,0x10ea,0x10ea,0x10ea,0x10ea,0x10ea,0x10ea,0x10ea,0x10ea,0x10ea,0x10ea,0x10ea,0x10ea,0x10ea,0x10ea,
 0x10ea,0x10ea,0x10ea,0x10ea,0x10ea,0x10ea,0x10ea,0x10eb,0x10ea,0x10ea,0x10ea,0x10ea,0x10ea,0x10ea,0x10ea,0x10ea,
 0x08ea,0x10ea,0x10ea,0x10ea,0x10ea,0x10ea,0x10eb,0x10eb,0x10eb,0x10eb,0x10eb,0x10ea,0x10ea,0x10ea,0x10ea,0x10ea,
 0x10ea,0x10ea,0x08ea,0x216c,0x110b,0x08ea,0x10ea,0x10ea,0x10ea,0x10eb,0x10eb,0x10eb,0x10eb,0x10eb,0x110b,0x10eb,
 0x110b,0x10eb,0x10ea,0x10ea,0x10ea,0x10ea,0x10ea,0x10ea,0x10ea,0x08ea,0x10ea,0x10ea,0x08ea,0x10ea,0x10ea,0x10ea,
 0x110b,0x10eb,0x10eb,0x110b,0x10eb,0x10eb,0x10ea,0x10ea,0x10ea,0x08ea,0x10ea,0x10ea,0x10ea,0x10ea,0x10ea,0x08ea,
 0x08ea,0x10ea,0x10ea,0x10ea,0x08ea,0x08ea,0x08ea,0x10ea,0x10ea,0x10ea,0x10ea,0x10ea,0x10ea,0x10ea,0x10ea,0x10ea,
 0x10ea,0x10ea,0x10ea,0x10ea,0x10ea,0x10ea,0x10ea,0x10ea,0x10ea,0x10ea,0x10ea,0x10eb,0x10ea,0x10ea,0x10ea,0x08ea,
 0x216f,0x216f,0x216f,0x216f,0x216f,0x296f,0x2990,0x2990,0x298f,0x2990,0x216f,0x216f,0x216f,0x296f,0x3190,0x398f,
 0x296f,0x192c,0x08e9,0x10ea,0x08ea,0x10ea,0x10ea,0x110b,0x110b,0x10ea,0x10ea,0x10ea,0x10ea,0x10ea,0x08ea,0x08ea,
 0x10ea,0x08ea,0x190b,0x190b,0x08ca,0x10ea,0x10ea,0x08ea,0x08ea,0x08ea,0x08ea,0x08ea,0x08ea,0x08ea,0x08ea,0x08ea,
 0x08ea,0x08ea,0x08ea,0x08ea,0x08ea,0x08ea,0x08ea,0x08ea,0x10ea,0x10ea,0x10ea,0x10ea,0x08ea,0x08ea,0x08ea,0x08ea,
 0x08ea,0x08ea,0x08ea,0x08ea,0x08ea,0x10ea,0x08ea,0x10ea,0x10ea,0x10ea,0x10ea,0x08ea,0x10ea,0x08ea,0x10ea,0x10ea,
 0x10ea,0x10ea,0x10ea,0x192b,0x08ea,0x10ea,0x08c9,0x08c9,0x10ea,0x190b,0x08ca,0x10ea,0x10ea,0x10ea,0x10ea,0x10ea,
 0x08ea,0x08ea,0x08ea,0x10ea,0x08ea,0x08ea,0x08ca,0x192b,0x216c,0x08c9,0x10ea,0x10ea,0x10ea,0x10ea,0x10ea,0x10ea,
 0x08ea,0x08ea,0x10ea,0x10ea,0x10ea,0x10ea,0x08ea,0x10ea,0x10ea,0x10ea,0x10ea,0x10ea,0x10ea,0x10ea,0x10ea,0x10ea,
 0x10ea,0x10ea,0x10ea,0x10ea,0x10ea,0x10ea,0x10ea,0x10ea,0x10ea,0x10ea,0x10ea,0x10ea,0x10ea,0x10ea,0x10ea,0x10ea,
 0x10ea,0x10ea,0x10ea,0x10ea,0x10ea,0x110b,0x190c,0x08ea,0x10ea,0x10ea,0x10ea,0x10ea,0x10ea,0x10ea,0x10ea,0x10ea,
 0x10ea,0x10ea,0x10ea,0x10ea,0x10ea,0x10ea,0x10ea,0x10ea,0x08ea,0x10ea,0x10ea,0x10ea,0x08ea,0x10ea,0x08ea,0x194c,
 0x110b,0x10ea,0x10ea,0x10ea,0x10ea,0x10ea,0x10ea,0x10ea,0x10ea,0x10ea,0x10ea,0x10ea,0x10ea,0x10ea,0x10ea,0x10ea,
 0x10ea,0x10ea,0x10ea,0x10ea,0x10ea,0x10ea,0x10ea,0x10ea,0x10ea,0x10ea,0x10ea,0x10ea,0x10ea,0x10ea,0x10ea,0x10ea,
 0x10ea,0x10ea,0x10ea,0x10ea,0x10ea,0x10ea,0x10ea,0x10ea,0x10ea,0x10ea,0x10ea,0x10ea,0x10ea,0x10ea,0x10ea,0x10ea,
 0x10ea,0x10ea,0x10ea,0x10ea,0x10ea,0x08ea,0x08ea,0x10ea,0x10ea,0x10ea,0x10ea,0x10ea,0x08ea,0x10ea,0x10ea,0x10ea,
 0x10ea,0x08ea,0x10ea,0x08ea,0x10ea,0x10ea,0x10ea,0x10ea,0x10ea,0x10ea,0x10ea,0x110b,0x10eb,0x10ea,0x10ea,0x10ea,
 0x10ea,0x10eb,0x10eb,0x10eb,0x10ea,0x10ea,0x10ea,0x10eb,0x10eb,0x10eb,0x10eb,0x10eb,0x10eb,0x110b,0x110b,0x10eb,
 0x10eb,0x110b,0x110b,0x10eb,0x10eb,0x10eb,0x10eb,0x110b,0x10eb,0x10eb,0x10eb,0x08ea,0x10ea,0x10ea,0x10ea,0x10eb,
 0x10eb,0x10eb,0x10eb,0x10eb,0x110b,0x110b,0x110b,0x110b,0x10eb,0x10eb,0x10eb,0x10eb,0x10eb,0x10eb,0x10eb,0x10eb,
 0x10eb,0x10eb,0x110b,0x08eb,0x10eb,0x10eb,0x10eb,0x10eb,0x10eb,0x10eb,0x110b,0x110b,0x110b,0x10eb,0x110b,0x10eb,
 0x110b,0x10eb,0x10eb,0x10eb,0x10eb,0x10ea,0x10ea,0x10eb,0x10eb,0x10ea,0x10eb,0x08eb,0x10eb,0x10eb,0x10eb,0x110b,
 0x10eb,0x10eb,0x10eb,0x10eb,0x10eb,0x10eb,0x10eb,0x10eb,0x10eb,0x10eb,0x110b,0x10eb,0x10ea,0x10ea,0x08ea,0x08ea,
 0x10ea,0x10ea,0x10ea,0x10ea,0x10ea,0x08ea,0x10eb,0x08eb,0x10ea,0x10ea,0x10eb,0x110b,0x10eb,0x10ea,0x10ea,0x10ea,
 0x10ea,0x10ea,0x10eb,0x10eb,0x10eb,0x110b,0x08ea,0x10eb,0x10eb,0x10eb,0x10eb,0x10eb,0x10eb,0x10eb,0x10ea,0x08ea,
 0x216f,0x216f,0x216f,0x216f,0x216f,0x216f,0x216f,0x216f,0x216f,0x216f,0x216f,0x216f,0x216f,0x216f,0x296f,0x418f,
 0x3990,0x214e,0x08ea,0x10ea,0x110b,0x10ea,0x10ea,0x110b,0x110b,0x10ea,0x10ea,0x10ea,0x10ea,0x10ea,0x10ea,0x08ea,
 0x08ea,0x192c,0x298f,0x318f,0x190b,0x08ea,0x08ea,0x08ea,0x08ea,0x08ea,0x08ea,0x08ea,0x08ea,0x10ea,0x08ea,0x08ea,
 0x08ea,0x10ea,0x10ea,0x10ea,0x08ea,0x08ea,0x08ea,0x08ea,0x08ea,0x08ea,0x10ea,0x10ea,0x08ea,0x08ea,0x08ea,0x08ea,
 0x08ea,0x08ea,0x08ea,0x08ea,0x08ea,0x10ea,0x10ea,0x08ea,0x10ea,0x10ea,0x08ea,0x08ea,0x10ea,0x10ea,0x08ea,0x10ea,
 0x10ea,0x10ea,0x10ea,0x08ea,0x10ea,0x08ea,0x08ea,0x10ea,0x10ea,0x10eb,0x08ea,0x08ea,0x10ea,0x10ea,0x10ea,0x10ea,
 0x08ea,0x08ea,0x08ea,0x08ea,0x08ea,0x08ea,0x10ea,0x08ea,0x08ea,0x10ea,0x10ea,0x10ea,0x10ea,0x10ea,0x110a,0x110a,
 0x10eb,0x10eb,0x10ea,0x10ea,0x10ea,0x10ea,0x10ea,0x10ea,0x10ea,0x10ea,0x10ea,0x10ea,0x10ea,0x10eb,0x10eb,0x10eb,
 0x10eb,0x10ea,0x10ea,0x10eb,0x10ea,0x10ea,0x110b,0x10ea,0x10ea,0x10ea,0x10ea,0x10ea,0x10ea,0x10ea,0x10ea,0x10ea,
 0x10eb,0x10ea,0x10ea,0x110b,0x110b,0x110b,0x214d,0x08ea,0x10ea,0x10ea,0x10ea,0x10ea,0x10ea,0x10ea,0x10ea,0x110a,
 0x110a,0x110b,0x110b,0x10eb,0x10ea,0x10ea,0x10ea,0x08ea,0x10ea,0x10ea,0x10ea,0x10ea,0x10ea,0x10ea,0x10ea,0x08ea,
 0x10ea,0x10ea,0x10ea,0x10ea,0x10eb,0x10ea,0x10ea,0x10ea,0x10ea,0x10ea,0x10ea,0x10ea,0x10ea,0x10ea,0x10eb,0x10ea,
 0x08ea,0x10ea,0x10ea,0x10ea,0x10ea,0x10eb,0x110b,0x110a,0x110b,0x10eb,0x10ea,0x10ea,0x10ea,0x10ea,0x10ea,0x10ea,
 0x10ea,0x10ea,0x110b,0x110a,0x10eb,0x10ea,0x08ea,0x10ea,0x10eb,0x10eb,0x10eb,0x110b,0x10eb,0x110b,0x110a,0x10eb,
 0x10ea,0x10ea,0x10ea,0x10ea,0x10ea,0x10ea,0x10ea,0x10ea,0x10ea,0x10ea,0x10eb,0x110a,0x08ea,0x110b,0x110a,0x10ea,
 0x08ea,0x10eb,0x10ea,0x110b,0x10eb,0x10ea,0x10eb,0x110b,0x110b,0x110b,0x110b,0x110b,0x10eb,0x10ea,0x10eb,0x10eb,
 0x10ea,0x10eb,0x10eb,0x10ea,0x10eb,0x110b,0x110b,0x110b,0x110b,0x10eb,0x110b,0x10eb,0x110b,0x110b,0x08eb,0x110b,
 0x110b,0x110b,0x110b,0x110b,0x110b,0x110b,0x110b,0x10eb,0x10eb,0x110b,0x10eb,0x110b,0x110b,0x10eb,0x10eb,0x10eb,
 0x10eb,0x10eb,0x110b,0x110b,0x110b,0x110b,0x110b,0x110b,0x10eb,0x110b,0x110b,0x10eb,0x110b,0x110b,0x110b,0x110b,
 0x110b,0x110b,0x110b,0x110b,0x110b,0x110b,0x10eb,0x10eb,0x112c,0x192c,0x110b,0x110b,0x110b,0x110b,0x10eb,0x110b,
 0x10eb,0x10eb,0x110b,0x10eb,0x10eb,0x10eb,0x10eb,0x10eb,0x10eb,0x10eb,0x10eb,0x10eb,0x110b,0x110b,0x110b,0x10eb,
 0x110b,0x110b,0x10eb,0x110b,0x110b,0x110b,0x10eb,0x10eb,0x10eb,0x10eb,0x10eb,0x10eb,0x110b,0x10eb,0x110b,0x10eb,
 0x08eb,0x10eb,0x10eb,0x10eb,0x110b,0x10eb,0x10eb,0x110b,0x110b,0x110b,0x110b,0x110b,0x110b,0x110b,0x10eb,0x10eb,
 0x10eb,0x10eb,0x10eb,0x10eb,0x110b,0x110b,0x10eb,0x10eb,0x10eb,0x110b,0x110b,0x110b,0x110b,0x110b,0x110b,0x110b,
 0x216f,0x216f,0x216f,0x216f,0x296f,0x296f,0x216f,0x216f,0x2970,0x112c,0x112c,0x216f,0x216f,0x214f,0x296f,0x296f,
 0x212d,0x212d,0x212e,0x192c,0x296f,0x192d,0x110b,0x10ea,0x10ea,0x10ea,0x10ea,0x10ea,0x10ea,0x10ea,0x10ea,0x110b,
 0x10ea,0x10ea,0x110b,0x318f,0x316e,0x110c,0x110b,0x08ea,0x10ea,0x10ea,0x10ea,0x10ea,0x10ea,0x10ea,0x10ea,0x10ea,
 0x10ea,0x10ea,0x10ea,0x10ea,0x10ea,0x10ea,0x10ea,0x10ea,0x10ea,0x10ea,0x10ea,0x10ea,0x10ea,0x10ea,0x08ea,0x08ea,
 0x08ea,0x08ea,0x10ea,0x10ea,0x10ea,0x10ea,0x10ea,0x10ea,0x10ea,0x10ea,0x10ea,0x10ea,0x10ea,0x10ea,0x10ea,0x10ea,
 0x10ea,0x10ea,0x10ea,0x10ea,0x08ea,0x08ea,0x08ea,0x08ea,0x08ea,0x08ea,0x10ea,0x10ea,0x10ea,0x10ea,0x10ea,0x10ea,
 0x08ea,0x10ea,0x10ea,0x10ea,0x10ea,0x10ea,0x10ea,0x10ea,0x10ea,0x10ea,0x10ea,0x10ea,0x10ea,0x110a,0x110a,0x10ea,
 0x10eb,0x10eb,0x10eb,0x10eb,0x10ea,0x10ea,0x10ea,0x10ea,0x10ea,0x10ea,0x10ea,0x10ea,0x10ea,0x10ea,0x10ea,0x10eb,
 0x10ea,0x10eb,0x10eb,0x10ea,0x10ea,0x10ea,0x10ea,0x10ea,0x10ea,0x10ea,0x110b,0x10ea,0x08ea,0x10ea,0x10ea,0x10ea,
 0x110b,0x10ea,0x10ea,0x10ea,0x110b,0x110a,0x08ea,0x10ea,0x10ea,0x10ea,0x10ea,0x10ea,0x10ea,0x10ea,0x10ea,0x110a,
 0x10ea,0x110b,0x110b,0x110b,0x10eb,0x10eb,0x10eb,0x10ea,0x10ea,0x10ea,0x10ea,0x10ea,0x10ea,0x10ea,0x10ea,0x10ea,
 0x10ea,0x10ea,0x10ea,0x10ea,0x10eb,0x10eb,0x10ea,0x10ea,0x10eb,0x10eb,0x110b,0x110b,0x110b,0x10eb,0x10eb,0x10eb,
 0x10ea,0x10eb,0x10eb,0x10eb,0x10eb,0x10eb,0x10eb,0x110b,0x10eb,0x110b,0x10eb,0x10eb,0x10eb,0x10eb,0x10ea,0x10ea,
 0x10ea,0x10eb,0x10eb,0x110b,0x10eb,0x10eb,0x10eb,0x10ea,0x10eb,0x10eb,0x10eb,0x110b,0x110b,0x10eb,0x10eb,0x10eb,
 0x10eb,0x10eb,0x10ea,0x10ea,0x10ea,0x10ea,0x10ea,0x10ea,0x10eb,0x10eb,0x10eb,0x10eb,0x10eb,0x10eb,0x10eb,0x10eb,
 0x10eb,0x10eb,0x10eb,0x10eb,0x10eb,0x10eb,0x10eb,0x10eb,0x110b,0x110b,0x10eb,0x10ea,0x10eb,0x10eb,0x10eb,0x110b,
 0x110b,0x10eb,0x10eb,0x10eb,0x10eb,0x110b,0x110b,0x110b,0x110b,0x110b,0x110b,0x110b,0x10eb,0x192c,0x214d,0x10eb,
 0x110b,0x110b,0x110b,0x110b,0x110b,0x10eb,0x10eb,0x10eb,0x110b,0x110b,0x110b,0x110b,0x08eb,0x10eb,0x110b,0x10eb,
 0x10eb,0x10eb,0x110b,0x110b,0x110b,0x110b,0x110b,0x10eb,0x110b,0x110b,0x10eb,0x110b,0x110b,0x110b,0x110b,0x110b,
 0x10eb,0x10eb,0x110b,0x110b,0x110b,0x110b,0x110c,0x110b,0x110b,0x110b,0x110b,0x110b,0x110b,0x10eb,0x10eb,0x10eb,
 0x10eb,0x10eb,0x10eb,0x10eb,0x10eb,0x10eb,0x10eb,0x110b,0x110b,0x10eb,0x110b,0x10eb,0x10eb,0x10eb,0x110b,0x110b,
 0x110b,0x110b,0x10eb,0x10eb,0x10eb,0x10eb,0x10eb,0x10eb,0x10eb,0x10eb,0x10eb,0x10eb,0x110b,0x10eb,0x110b,0x10eb,
 0x10eb,0x10eb,0x10eb,0x10eb,0x10eb,0x10eb,0x10eb,0x10eb,0x110b,0x110b,0x10eb,0x10eb,0x110b,0x110b,0x10eb,0x110b,
 0x10eb,0x10eb,0x10eb,0x10eb,0x10eb,0x10eb,0x110c,0x10eb,0x10eb,0x110b,0x10eb,0x110b,0x110b,0x110b,0x110b,0x10eb,
 0x216f,0x216f,0x216f,0x216f,0x216f,0x216f,0x192d,0x110b,0x214e,0x112c,0x08ea,0x110b,0x192c,0x214e,0x192c,0x192d,
 0x08ea,0x08ea,0x110b,0x10ea,0x110b,0x10eb,0x10ea,0x110a,0x08ea,0x10ea,0x10ea,0x110a,0x10ea,0x10ea,0x10ea,0x10eb,
 0x10ea,0x10ea,0x08ea,0x08eb,0x08ea,0x110b,0x110b,0x08ea,0x10ea,0x10ea,0x10ea,0x10ea,0x10ea,0x10ea,0x10ea,0x10eb,
 0x10eb,0x10ea,0x10ea,0x10ea,0x10ea,0x10ea,0x10ea,0x10ea,0x10eb,0x10eb,0x10ea,0x10ea,0x10ea,0x10ea,0x10ea,0x10ea,
 0x10ea,0x10ea,0x10ea,0x10ea,0x10ea,0x10ea,0x10ea,0x10ea,0x10ea,0x10ea,0x10ea,0x10ea,0x10eb,0x10eb,0x10ea,0x10ea,
 0x10ea,0x10ea,0x10ea,0x10ea,0x10ea,0x10ea,0x10ea,0x10ea,0x10ea,0x10ea,0x10ea,0x08ea,0x10ea,0x10ea,0x10eb,0x10eb,
 0x10ea,0x10ea,0x10ea,0x10ea,0x10ea,0x10ea,0x10ea,0x10ea,0x10ea,0x10ea,0x10ea,0x10ea,0x10ea,0x110b,0x110b,0x110b,
 0x110b,0x10eb,0x110b,0x10eb,0x10eb,0x10eb,0x110b,0x110b,0x10eb,0x10eb,0x10eb,0x10eb,0x110b,0x10eb,0x10eb,0x110b,
 0x10eb,0x110b,0x110b,0x110b,0x110b,0x10eb,0x10eb,0x10eb,0x10eb,0x110b,0x10eb,0x110b,0x192b,0x08ea,0x10eb,0x110b,
 0x110b,0x110b,0x110b,0x10ea,0x10eb,0x110b,0x110b,0x10eb,0x10eb,0x10eb,0x10eb,0x110b,0x10eb,0x10eb,0x110b,0x110b,
 0x110b,0x10eb,0x110b,0x110b,0x110b,0x110b,0x110b,0x10eb,0x10ea,0x10ea,0x10eb,0x10eb,0x10eb,0x110b,0x110b,0x110b,
 0x110b,0x10eb,0x10eb,0x110b,0x110b,0x110b,0x110b,0x110b,0x110b,0x10eb,0x110b,0x110b,0x110b,0x110b,0x110b,0x110b,
 0x10eb,0x110b,0x10eb,0x10eb,0x10eb,0x110b,0x110b,0x110b,0x110b,0x110b,0x110b,0x10eb,0x10ea,0x10eb,0x10eb,0x10ea,
 0x10eb,0x10eb,0x10eb,0x110b,0x110b,0x10eb,0x110b,0x110b,0x110b,0x110b,0x110b,0x110b,0x110b,0x110b,0x110b,0x110b,
 0x110b,0x110b,0x10eb,0x110b,0x110b,0x110b,0x110b,0x110b,0x110b,0x110b,0x10eb,0x10eb,0x110b,0x110b,0x110b,0x110b,
 0x110b,0x110b,0x110b,0x110b,0x110b,0x110b,0x110b,0x110b,0x110b,0x110b,0x110b,0x110b,0x10eb,0x110b,0x110b,0x110b,
 0x110b,0x110b,0x110b,0x110b,0x10eb,0x110b,0x110b,0x110b,0x110b,0x110b,0x110b,0x110b,0x110b,0x112c,0x194d,0x10eb,
 0x110b,0x110b,0x110b,0x110b,0x110b,0x110b,0x110b,0x110b,0x110b,0x110b,0x110b,0x08eb,0x216d,0x192c,0x090b,0x110b,
 0x110b,0x110b,0x110b,0x110b,0x110b,0x110b,0x110b,0x110b,0x110b,0x110b,0x110b,0x110b,0x110b,0x110b,0x110b,0x110b,
 0x110b,0x110b,0x110b,0x110b,0x110b,0x110b,0x110c,0x110c,0x110b,0x110b,0x110b,0x110b,0x110b,0x110b,0x110b,0x110b,
 0x110b,0x110b,0x110b,0x110b,0x110b,0x110b,0x110b,0x110b,0x110b,0x110b,0x110b,0x110b,0x110b,0x110b,0x110b,0x110c,
 0x110c,0x110b,0x110b,0x110b,0x110b,0x110b,0x090b,0x110b,0x110b,0x110b,0x110b,0x10eb,0x10eb,0x110b,0x08eb,0x110b,
 0x110b,0x110b,0x110b,0x110b,0x110b,0x110b,0x110b,0x110b,0x110b,0x110b,0x110b,0x110b,0x110b,0x110b,0x110b,0x110b,
 0x110b,0x110b,0x110b,0x110b,0x10eb,0x110b,0x110b,0x110b,0x110b,0x110b,0x110b,0x110b,0x110b,0x110b,0x110b,0x110b,
 0x216f,0x2170,0x2170,0x216f,0x216f,0x216f,0x110c,0x10ea,0x110a,0x112b,0x110b,0x08ea,0x10ea,0x10ea,0x10ea,0x10ea,
 0x10ea,0x10ea,0x08ea,0x10ea,0x08ea,0x08ea,0x090a,0x10ea,0x10ea,0x10eb,0x10eb,0x110a,0x110b,0x110b,0x110b,0x10ea,
 0x10ea,0x10ea,0x10ea,0x10ea,0x110a,0x10ea,0x10ea,0x10ea,0x10ea,0x110b,0x110b,0x110a,0x110b,0x10ea,0x10ea,0x10eb,
 0x10eb,0x110b,0x10ea,0x10ea,0x10ea,0x10ea,0x10ea,0x10eb,0x10eb,0x10eb,0x10eb,0x10eb,0x10ea,0x10ea,0x10ea,0x10eb,
 0x110b,0x10ea,0x10ea,0x10ea,0x10ea,0x10eb,0x10ea,0x10ea,0x10ea,0x10ea,0x10ea,0x10eb,0x10eb,0x10eb,0x110b,0x110b,
 0x10eb,0x10eb,0x10ea,0x10ea,0x10ea,0x10ea,0x10ea,0x10ea,0x10ea,0x10ea,0x10eb,0x10eb,0x10eb,0x10ea,0x110b,0x10eb,
 0x10eb,0x10ea,0x110a,0x110a,0x10ea,0x10ea,0x10ea,0x10ea,0x10ea,0x10ea,0x10ea,0x10eb,0x110a,0x110b,0x110b,0x110b,
 0x110b,0x110b,0x110b,0x110b,0x110b,0x110b,0x110b,0x10eb,0x110b,0x110b,0x110b,0x110b,0x110b,0x110b,0x10eb,0x110b,
 0x110b,0x110b,0x110b,0x110b,0x110b,0x110b,0x110b,0x10eb,0x110b,0x110b,0x10ea,0x110b,0x194c,0x10eb,0x110b,0x110b,
 0x110b,0x110b,0x110b,0x10eb,0x10eb,0x10ea,0x10ea,0x10eb,0x10eb,0x10eb,0x10eb,0x110b,0x110b,0x110b,0x110b,0x110b,
 0x110b,0x110b,0x110b,0x110b,0x110b,0x110b,0x110b,0x110b,0x110b,0x110b,0x110b,0x110b,0x110b,0x110b,0x110b,0x110b,
 0x110b,0x110b,0x110b,0x110b,0x110b,0x110b,0x110b,0x110b,0x110b,0x110b,0x110b,0x110b,0x110b,0x110b,0x110b,0x110b,
 0x110b,0x110b,0x110b,0x110b,0x110b,0x110b,0x110b,0x110b,0x110b,0x110b,0x110b,0x10eb,0x112b,0x110b,0x110b,0x110b,
 0x110b,0x110b,0x110b,0x110b,0x110b,0x110b,0x110b,0x110b,0x110b,0x110b,0x110b,0x110b,0x110b,0x110b,0x110b,0x110b,
 0x110b,0x110b,0x110b,0x110b,0x110b,0x110b,0x110b,0x110b,0x110b,0x110b,0x110b,0x110b,0x110b,0x110b,0x110b,0x110b,
 0x110b,0x110b,0x110b,0x110b,0x110b,0x110b,0x110b,0x110b,0x110b,0x110b,0x110b,0x110b,0x110b,0x110b,0x110b,0x110b,
 0x110b,0x110b,0x110b,0x110b,0x192b,0x110b,0x110b,0x110b,0x110b,0x110b,0x110b,0x110b,0x110b,0x110b,0x08eb,0x110b,
 0x110b,0x110b,0x110b,0x110b,0x110b,0x110b,0x110b,0x110b,0x110b,0x110b,0x110b,0x110c,0x194c,0x112c,0x110b,0x110b,
 0x110b,0x110b,0x110b,0x110b,0x110b,0x110b,0x110b,0x110b,0x110b,0x110b,0x110b,0x110b,0x110b,0x110b,0x110b,0x110b,
 0x110b,0x110b,0x110c,0x110c,0x110b,0x110c,0x110c,0x110b,0x110b,0x090b,0x110b,0x110b,0x110b,0x110b,0x110b,0x110b,
 0x110b,0x110b,0x110b,0x110b,0x110b,0x110b,0x110b,0x110b,0x110c,0x110b,0x110b,0x110b,0x110b,0x110b,0x110b,0x110c,
 0x110c,0x110b,0x110b,0x110b,0x110b,0x110b,0x110b,0x110b,0x110b,0x110b,0x110b,0x110b,0x110b,0x110b,0x216d,0x110b,
 0x110b,0x110b,0x110b,0x110b,0x110b,0x110b,0x110b,0x110b,0x110b,0x110b,0x110b,0x110b,0x110b,0x110b,0x110b,0x110b,
 0x110b,0x110b,0x110b,0x110b,0x110b,0x110b,0x110b,0x110b,0x110b,0x110b,0x110b,0x110b,0x110b,0x110b,0x110b,0x110b,
 0x216f,0x2170,0x2170,0x2170,0x2990,0x3190,0x216f,0x214e,0x214e,0x39b0,0x298e,0x214d,0x110b,0x10ea,0x10ea,0x10ea,
 0x10ea,0x10ea,0x10ea,0x10ea,0x10ea,0x10ea,0x110a,0x10ea,0x10ea,0x10eb,0x10eb,0x110b,0x110b,0x110b,0x110b,0x10ea,
 0x10ea,0x08ea,0x08ea,0x08ea,0x10ea,0x10ea,0x10ea,0x10ea,0x10ea,0x10ea,0x10ea,0x10ea,0x110a,0x110b,0x10ea,0x110b,
 0x110b,0x110b,0x110b,0x110b,0x10eb,0x110b,0x110b,0x10eb,0x10eb,0x110b,0x110b,0x110b,0x110b,0x10eb,0x10eb,0x110b,
 0x112b,0x110b,0x110b,0x10eb,0x10eb,0x10eb,0x10eb,0x10ea,0x10eb,0x10eb,0x10eb,0x10eb,0x110b,0x110b,0x110b,0x110b,
 0x110b,0x110b,0x110b,0x10eb,0x10eb,0x110b,0x10eb,0x10eb,0x110b,0x10eb,0x110b,0x110b,0x110b,0x110b,0x110b,0x110b,
 0x110b,0x110b,0x10eb,0x10eb,0x110b,0x110a,0x10eb,0x10eb,0x10eb,0x10eb,0x110b,0x110b,0x110b,0x110b,0x110b,0x110b,
 0x110b,0x110b,0x110b,0x110b,0x110b,0x110b,0x110b,0x110b,0x110b,0x110b,0x110b,0x110b,0x110b,0x110b,0x110b,0x110b,
 0x110b,0x110b,0x110b,0x110b,0x110b,0x110b,0x110b,0x110b,0x110b,0x110b,0x110b,0x110b,0x08ea,0x110b,0x110b,0x110b,
 0x110b,0x110b,0x110b,0x110b,0x10eb,0x110b,0x110b,0x10eb,0x10eb,0x110b,0x110b,0x110b,0x110b,0x110b,0x110b,0x110b,
 0x110b,0x110b,0x110b,0x110b,0x110b,0x110b,0x110b,0x110b,0x110b,0x110b,0x110b,0x110b,0x110b,0x110b,0x110b,0x110b,
 0x110b,0x110b,0x110b,0x110b,0x110b,0x110b,0x110b,0x110b,0x110b,0x110b,0x110b,0x110b,0x110b,0x110b,0x110b,0x110b,
 0x110b,0x110b,0x110b,0x110b,0x110b,0x110b,0x110b,0x110b,0x110b,0x110b,0x110b,0x110b,0x110b,0x110b,0x110b,0x110b,
 0x110b,0x110b,0x110b,0x110b,0x10eb,0x192c,0x110b,0x110b,0x110b,0x110b,0x110b,0x110b,0x110b,0x110b,0x110b,0x110b,
 0x110b,0x110b,0x110b,0x110b,0x110b,0x110b,0x110b,0x110b,0x110b,0x110b,0x110b,0x110b,0x110b,0x110b,0x110b,0x110b,
 0x110b,0x110b,0x110b,0x110b,0x110b,0x110b,0x110b,0x110b,0x110b,0x110b,0x110c,0x110b,0x110b,0x110b,0x110b,0x110b,
 0x110b,0x110b,0x110b,0x110b,0x216d,0x192c,0x110b,0x110b,0x110b,0x110b,0x110b,0x110b,0x110b,0x110b,0x110b,0x110b,
 0x110b,0x110b,0x110c,0x110c,0x110c,0x110c,0x110c,0x110c,0x110c,0x110b,0x110c,0x110c,0x110b,0x110b,0x110b,0x110b,
 0x110b,0x110c,0x110c,0x110c,0x110c,0x110c,0x110c,0x110c,0x110c,0x110c,0x110c,0x110c,0x110c,0x110c,0x110c,0x110b,
 0x110c,0x110c,0x110c,0x110c,0x110c,0x110c,0x110c,0x110c,0x110c,0x490a,0x190b,0x110c,0x110c,0x110c,0x110c,0x110c,
 0x110b,0x110b,0x110b,0x110c,0x110c,0x110c,0x110c,0x110c,0x110c,0x110c,0x110c,0x110b,0x110b,0x110b,0x110c,0x110c,
 0x110c,0x110c,0x110b,0x110b,0x110b,0x110b,0x110b,0x112c,0x194d,0x08eb,0x110b,0x110b,0x110b,0x112c,0x192d,0x110b,
 0x110b,0x110b,0x110b,0x110b,0x110b,0x110b,0x110c,0x110c,0x110c,0x110b,0x110c,0x110c,0x110c,0x110b,0x110b,0x110b,
 0x110b,0x110b,0x110b,0x110b,0x110b,0x110b,0x110b,0x110b,0x110b,0x110b,0x110b,0x110b,0x216f,0x214e,0x112c,0x194d,
 0x216f,0x216f,0x216f,0x216f,0x2990,0x2990,0x216f,0x296f,0x2990,0x49d0,0x41d1,0x216e,0x110a,0x10ea,0x10ea,0x10ea,
 0x10ea,0x10ea,0x10eb,0x10eb,0x10ea,0x10ea,0x10eb,0x10eb,0x10eb,0x110b,0x110b,0x110b,0x110b,0x110b,0x110b,0x08ea,
 0x110c,0x194e,0x194e,0x194d,0x110b,0x110a,0x10ea,0x10ea,0x110b,0x194e,0x216e,0x214e,0x110b,0x08ea,0x110b,0x110b,
 0x110b,0x110b,0x110b,0x110b,0x110b,0x110b,0x110b,0x110b,0x110b,0x110b,0x110b,0x110b,0x110b,0x110b,0x110b,0x110b,
 0x110b,0x110b,0x110b,0x110b,0x10eb,0x10eb,0x110b,0x110b,0x10eb,0x10eb,0x110b,0x110b,0x110b,0x110b,0x110b,0x110b,
 0x112c,0x110b,0x110b,0x110b,0x110b,0x090b,0x110b,0x110b,0x110b,0x110b,0x110b,0x110b,0x110b,0x110b,0x110b,0x110b,
 0x110b,0x110b,0x10eb,0x110b,0x110b,0x110b,0x110b,0x110b,0x110b,0x110b,0x110b,0x110b,0x110b,0x110b,0x110b,0x110b,
 0x110b,0x110b,0x110b,0x110b,0x110b,0x110b,0x110b,0x110b,0x110b,0x110b,0x110b,0x110b,0x110b,0x110b,0x216d,0x110b,
 0x110b,0x110b,0x110b,0x110b,0x110b,0x110b,0x110b,0x110b,0x110b,0x110b,0x110b,0x110b,0x110b,0x110b,0x110b,0x110b,
 0x110b,0x110b,0x110b,0x110b,0x110b,0x110b,0x110b,0x110b,0x110b,0x110b,0x110b,0x110b,0x110b,0x110b,0x110b,0x110b,
 0x110b,0x110b,0x110b,0x110b,0x110b,0x110b,0x110b,0x110b,0x110b,0x110b,0x110b,0x110b,0x110b,0x110b,0x110b,0x110b,
 0x110b,0x110b,0x110b,0x110b,0x110b,0x110b,0x110b,0x110b,0x110b,0x110b,0x110b,0x110b,0x110b,0x110b,0x110b,0x110b,
 0x110b,0x110b,0x110b,0x110b,0x110b,0x110b,0x110b,0x110b,0x110b,0x110b,0x110b,0x110b,0x110b,0x110b,0x110b,0x110b,
 0x10eb,0x110b,0x110b,0x110b,0x110c,0x110c,0x110b,0x110b,0x110b,0x110b,0x110b,0x110b,0x110b,0x110b,0x110b,0x110b,
 0x110b,0x110b,0x110b,0x110b,0x110b,0x110b,0x110b,0x110b,0x110b,0x110b,0x110b,0x110b,0x110b,0x110b,0x110b,0x110b,
 0x110b,0x110b,0x110b,0x110c,0x110b,0x110c,0x110b,0x110b,0x110b,0x110b,0x110c,0x110c,0x110c,0x110c,0x110b,0x110b,
 0x110c,0x110c,0x110c,0x112c,0x110b,0x110c,0x110c,0x110b,0x110c,0x110c,0x110c,0x110c,0x110b,0x110b,0x110c,0x110c,
 0x110c,0x110c,0x110c,0x110c,0x110c,0x110c,0x110c,0x110c,0x110c,0x110c,0x110c,0x110c,0x110c,0x110c,0x110c,0x110c,
 0x110c,0x110c,0x110c,0x110c,0x110c,0x110c,0x110c,0x110c,0x110c,0x110c,0x110c,0x110c,0x110c,0x110c,0x110c,0x110c,
 0x110c,0x110c,0x110c,0x110c,0x110c,0x110c,0x110c,0x112c,0x112c,0x392c,0x190c,0x110c,0x110c,0x110c,0x110c,0x110c,
 0x110c,0x110c,0x110c,0x110c,0x110c,0x110c,0x110c,0x110c,0x110c,0x110c,0x110c,0x110c,0x110c,0x110c,0x110c,0x110c,
 0x110c,0x110c,0x110c,0x110c,0x110b,0x110c,0x110c,0x110b,0x110b,0x110b,0x110b,0x110b,0x110c,0x110c,0x110c,0x110c,
 0x110c,0x110c,0x110c,0x110c,0x110c,0x110c,0x110c,0x110c,0x110c,0x110c,0x112c,0x112c,0x110c,0x110c,0x110c,0x110c,
 0x110c,0x110c,0x110c,0x110c,0x110c,0x110b,0x110c,0x110b,0x110c,0x110c,0x110b,0x216e,0x31d1,0x31d2,0x29b0,0x216e,
 0x216f,0x216f,0x216f,0x216f,0x216f,0x216f,0x298f,0x3190,0x3190,0x39b0,0x298f,0x090a,0x194d,0x110b,0x08ea,0x10ea,
 0x110b,0x110b,0x10ea,0x08ea,0x08ea,0x10ea,0x110b,0x110b,0x110b,0x110b,0x110b,0x110b,0x110b,0x110b,0x110a,0x194d,
 0x218f,0x29b1,0x2990,0x3991,0x192c,0x08ea,0x110a,0x194e,0x2990,0x29b1,0x2990,0x31b1,0x29b0,0x214d,0x10eb,0x10eb,
 0x110b,0x110b,0x110b,0x110b,0x110b,0x110b,0x110b,0x110b,0x110b,0x110b,0x110b,0x110b,0x110b,0x110b,0x110b,0x110b,
 0x110b,0x110b,0x110b,0x110b,0x110b,0x110b,0x110b,0x110b,0x110b,0x110b,0x110b,0x110b,0x10eb,0x10eb,0x110b,0x110b,
 0x110b,0x110b,0x110b,0x10eb,0x110b,0x110b,0x110b,0x110b,0x110b,0x110b,0x110b,0x110b,0x110b,0x110b,0x110b,0x110b,
 0x110b,0x110b,0x110b,0x110b,0x110b,0x110b,0x110b,0x110b,0x110b,0x110b,0x110b,0x110b,0x110b,0x110b,0x110b,0x110b,
 0x110b,0x110b,0x110b,0x110b,0x110b,0x110b,0x110b,0x110b,0x110b,0x110b,0x110b,0x110b,0x110b,0x110b,0x08eb,0x110b,
 0x110b,0x110b,0x110b,0x110b,0x110b,0x110b,0x110b,0x110b,0x110b,0x110b,0x110b,0x110b,0x110b,0x110b,0x110b,0x110b,
 0x110b,0x110b,0x110b,0x110b,0x110b,0x110b,0x110b,0x110b,0x110b,0x110b,0x110b,0x110b,0x110b,0x110b,0x110b,0x110c,
 0x110b,0x110b,0x110b,0x110b,0x110b,0x110b,0x110b,0x110b,0x110b,0x110b,0x110b,0x110b,0x110b,0x110b,0x110b,0x110b,
 0x110b,0x110b,0x110b,0x110b,0x110b,0x110b,0x110b,0x110b,0x110b,0x110b,0x110b,0x110b,0x110b,0x110b,0x110b,0x110b,
 0x110b,0x110b,0x110b,0x110b,0x110b,0x110c,0x110b,0x110b,0x110b,0x110b,0x110b,0x110b,0x110b,0x110b,0x10eb,0x192c,
 0x31af,0x08eb,0x110b,0x110b,0x110b,0x110b,0x110b,0x110b,0x110b,0x110b,0x110b,0x110c,0x110c,0x110c,0x110b,0x110b,
 0x110b,0x110b,0x110b,0x110b,0x110c,0x110c,0x110b,0x110c,0x110c,0x110b,0x110b,0x110b,0x110b,0x110b,0x110b,0x110b,
 0x110c,0x110c,0x110c,0x110c,0x112c,0x110c,0x110c,0x110c,0x110c,0x110b,0x110c,0x110c,0x110c,0x110c,0x110b,0x110b,
 0x110c,0x110c,0x110c,0x110c,0x110c,0x110c,0x110c,0x110c,0x110c,0x110c,0x110c,0x110c,0x110c,0x110c,0x110c,0x110c,
 0x110c,0x112c,0x110c,0x110c,0x110c,0x110c,0x110c,0x110c,0x110c,0x110c,0x110c,0x110c,0x110c,0x110c,0x110c,0x110c,
 0x110c,0x112c,0x110c,0x110c,0x110c,0x110c,0x112c,0x110c,0x110c,0x112c,0x110c,0x110c,0x112c,0x112c,0x110c,0x110c,
 0x110c,0x110c,0x112c,0x112c,0x112c,0x112c,0x112c,0x112c,0x110c,0x2210,0x112c,0x110c,0x112c,0x112c,0x112c,0x112c,
 0x110c,0x110c,0x110c,0x110c,0x110c,0x110c,0x110c,0x112c,0x112c,0x110c,0x110c,0x112c,0x112c,0x110c,0x112c,0x112c,
 0x112c,0x110c,0x110c,0x110c,0x110c,0x110c,0x110c,0x110c,0x110c,0x110c,0x110c,0x110c,0x110c,0x110c,0x110c,0x110c,
 0x110c,0x110c,0x110c,0x110c,0x110c,0x112c,0x112c,0x112c,0x112c,0x112c,0x112c,0x112c,0x110c,0x112c,0x112c,0x112c,
 0x112c,0x112c,0x112c,0x110c,0x112c,0x110c,0x110c,0x110c,0x110c,0x110c,0x110c,0x216e,0x31b1,0x2990,0x216f,0x194d,
 0x216f,0x216f,0x216f,0x216f,0x216f,0x216f,0x216f,0x2990,0x2990,0x298f,0x298f,0x296f,0x31b1,0x214e,0x08ea,0x110b,
 0x110b,0x194e,0x298f,0x214d,0x192c,0x08ea,0x110b,0x110b,0x110b,0x110b,0x110b,0x110b,0x110b,0x110b,0x194e,0x2990,
 0x2190,0x2990,0x2990,0x2990,0x2990,0x216e,0x194e,0x29b1,0x2990,0x2190,0x31b1,0x41d1,0x31d1,0x49d0,0x418e,0x10eb,
 0x110b,0x110b,0x110b,0x110b,0x110b,0x110b,0x110b,0x110b,0x110b,0x110b,0x110b,0x110b,0x110b,0x110b,0x110b,0x110b,
 0x110b,0x110b,0x110b,0x110b,0x110b,0x110b,0x110b,0x110b,0x110b,0x110b,0x10eb,0x110b,0x110b,0x110b,0x110b,0x110b,
 0x110b,0x110b,0x110b,0x10eb,0x10eb,0x10eb,0x110b,0x08eb,0x08eb,0x110b,0x110b,0x110b,0x110b,0x110b,0x110b,0x110b,
 0x110b,0x110b,0x110b,0x110b,0x110b,0x110b,0x110b,0x110b,0x110b,0x110b,0x110b,0x110b,0x110b,0x110b,0x110b,0x110b,
 0x110b,0x110b,0x110b,0x110b,0x110b,0x110b,0x110b,0x110b,0x110b,0x110b,0x110b,0x110b,0x110b,0x110b,0x110b,0x110b,
 0x110b,0x110b,0x110b,0x110b,0x110b,0x110b,0x110b,0x110b,0x110b,0x110b,0x110b,0x110b,0x110b,0x110b,0x110b,0x110b,
 0x110b,0x110b,0x110b,0x110b,0x110b,0x110b,0x110b,0x110b,0x110b,0x110b,0x110b,0x110b,0x110b,0x110b,0x110b,0x110c,
 0x110b,0x110b,0x110b,0x110b,0x110b,0x110b,0x110b,0x110b,0x110b,0x110b,0x110b,0x110b,0x110b,0x110b,0x110b,0x112c,
 0x110b,0x110b,0x110b,0x110c,0x110b,0x110b,0x110b,0x110b,0x110c,0x110b,0x110b,0x110b,0x110b,0x110c,0x110b,0x110c,
 0x110c,0x110b,0x110c,0x110c,0x112c,0x112c,0x112c,0x110b,0x110b,0x110b,0x110b,0x110b,0x110b,0x110b,0x110b,0x110b,
 0x112c,0x110b,0x110b,0x110b,0x110b,0x110c,0x110b,0x110b,0x110c,0x110c,0x110c,0x110c,0x110c,0x110c,0x110c,0x110c,
 0x110c,0x110c,0x110c,0x112c,0x110c,0x112c,0x112c,0x112c,0x112c,0x110b,0x110c,0x110c,0x110c,0x110c,0x110c,0x110c,
 0x110c,0x110c,0x110c,0x110c,0x112c,0x112c,0x110c,0x110c,0x110c,0x110c,0x110c,0x110c,0x112c,0x110c,0x110c,0x110c,
 0x110c,0x112c,0x110c,0x110c,0x110c,0x110c,0x110c,0x112c,0x112c,0x112c,0x112c,0x112c,0x112c,0x112c,0x110c,0x112c,
 0x112c,0x112c,0x112c,0x110c,0x110c,0x112c,0x112c,0x112c,0x112c,0x112c,0x110c,0x110c,0x110c,0x110c,0x110c,0x110c,
 0x110c,0x112c,0x112c,0x112c,0x112c,0x112c,0x112c,0x112c,0x112c,0x112c,0x112c,0x112c,0x112c,0x112c,0x112c,0x112c,
 0x110c,0x112c,0x112c,0x112c,0x112c,0x112c,0x112c,0x112c,0x110c,0x2230,0x112c,0x112c,0x112c,0x112c,0x112c,0x112c,
 0x112c,0x112c,0x112c,0x110c,0x110c,0x110c,0x112c,0x112c,0x112c,0x112c,0x110c,0x112c,0x112c,0x112c,0x112c,0x112c,
 0x112c,0x112c,0x112c,0x110c,0x112c,0x110c,0x110c,0x110c,0x110c,0x110c,0x110c,0x110c,0x110c,0x110c,0x110c,0x110c,
 0x112c,0x110c,0x112c,0x112c,0x112c,0x112c,0x112c,0x112c,0x112c,0x112c,0x112c,0x112c,0x112c,0x112c,0x112c,0x112c,
 0x112c,0x112c,0x112c,0x112c,0x110c,0x110c,0x112c,0x110c,0x110c,0x110c,0x110b,0x110b,0x194d,0x110b,0x110b,0x110b,
 0x216f,0x216f,0x216f,0x216f,0x216f,0x216f,0x296f,0x216f,0x218f,0x298f,0x3190,0x3190,0x296f,0x192c,0x08ea,0x110a,
 0x192d,0x2170,0x29b0,0x39d1,0x39b0,0x190c,0x110b,0x110b,0x110b,0x110b,0x110b,0x110b,0x110b,0x112c,0x2990,0x2190,
 0x2190,0x2190,0x2990,0x2990,0x29b0,0x2990,0x2190,0x2190,0x2990,0x31b0,0x49d1,0x49d1,0x39d1,0x59f0,0x6211,0x51ad,
 0x08eb,0x110b,0x110b,0x110b,0x110b,0x110b,0x110b,0x110b,0x110b,0x110b,0x110b,0x110b,0x110b,0x110b,0x110b,0x110b,
 0x110b,0x110b,0x110b,0x110b,0x110b,0x110b,0x110b,0x110b,0x110b,0x08eb,0x194c,0x192c,0x110b,0x110b,0x110b,0x110b,
 0x110b,0x110b,0x110b,0x110b,0x10eb,0x10eb,0x08eb,0x194c,0x192c,0x110b,0x110b,0x110b,0x110b,0x110b,0x110b,0x110b,
 0x110b,0x110b,0x110b,0x110b,0x110b,0x110b,0x110b,0x110b,0x110b,0x110b,0x110b,0x110b,0x110b,0x110b,0x110b,0x110b,
 0x110b,0x110b,0x110b,0x110b,0x110b,0x110b,0x110b,0x110b,0x110b,0x110b,0x110b,0x110b,0x110b,0x110b,0x110b,0x110b,
 0x110b,0x110b,0x110b,0x110b,0x110b,0x110b,0x110b,0x110b,0x110b,0x110b,0x110b,0x110b,0x110b,0x110b,0x110b,0x110b,
 0x110b,0x110b,0x110b,0x110b,0x110b,0x110b,0x110b,0x110b,0x110b,0x110b,0x110b,0x110b,0x110b,0x110b,0x110b,0x110b,
 0x110b,0x110b,0x110b,0x110c,0x110b,0x110c,0x110c,0x110c,0x110c,0x110c,0x110b,0x110b,0x110c,0x110c,0x110c,0x110c,
 0x110b,0x110b,0x110c,0x110c,0x110c,0x110b,0x110c,0x110c,0x110c,0x110c,0x110b,0x110b,0x110c,0x110c,0x110c,0x110c,
 0x110c,0x110c,0x110c,0x110c,0x110c,0x110c,0x110c,0x110c,0x110c,0x110c,0x110c,0x110c,0x110b,0x110b,0x110b,0x110c,
 0x110b,0x110b,0x110b,0x110c,0x110c,0x110c,0x110c,0x110c,0x110c,0x110c,0x110c,0x110c,0x110c,0x110c,0x110c,0x110c,
 0x110c,0x112c,0x112c,0x110c,0x112c,0x110c,0x110c,0x110c,0x110c,0x110c,0x110c,0x110c,0x192c,0x194d,0x110c,0x110c,
 0x110c,0x110c,0x110c,0x110c,0x112c,0x112c,0x112c,0x112c,0x110c,0x110c,0x112c,0x112c,0x110c,0x110c,0x110c,0x110c,
 0x110c,0x110c,0x110c,0x110c,0x110c,0x110c,0x110c,0x112c,0x110c,0x110c,0x112c,0x112c,0x112c,0x112c,0x112c,0x112c,
 0x112c,0x110c,0x110c,0x110c,0x112c,0x112c,0x112c,0x112c,0x112c,0x112c,0x112c,0x112c,0x110c,0x112c,0x112c,0x112c,
 0x112c,0x112c,0x112c,0x112c,0x112c,0x112c,0x112c,0x112c,0x112c,0x112c,0x112c,0x112c,0x112c,0x112c,0x112c,0x112c,
 0x112c,0x112c,0x112c,0x112c,0x112c,0x112c,0x112c,0x112d,0x112c,0x19f0,0x112d,0x112d,0x112d,0x112d,0x112d,0x112d,
 0x112c,0x112c,0x110c,0x110c,0x110c,0x110c,0x112c,0x112c,0x112c,0x112c,0x112c,0x112c,0x112c,0x112c,0x112c,0x112c,
 0x112c,0x112c,0x112c,0x112d,0x112c,0x112c,0x110c,0x110c,0x112c,0x110c,0x112c,0x112c,0x112c,0x112c,0x110c,0x112c,
 0x112c,0x112c,0x112c,0x112c,0x112c,0x112c,0x192c,0x112c,0x112c,0x112c,0x112c,0x112c,0x112c,0x112c,0x112c,0x112c,
 0x112c,0x112c,0x112c,0x112c,0x29b0,0x31d1,0x31d1,0x31d1,0x194e,0x112c,0x110b,0x110c,0x192d,0x194e,0x194d,0x110c,
 0x216f,0x216f,0x216f,0x216f,0x216f,0x216f,0x216f,0x216f,0x216f,0x216f,0x216f,0x296f,0x296f,0x192d,0x190c,0x192d,
 0x216f,0x2990,0x29b0,0x41d0,0x49d1,0x318f,0x110b,0x110b,0x110b,0x110b,0x110b,0x110b,0x110b,0x110b,0x2190,0x2990,
 0x2990,0x2990,0x2190,0x2190,0x2190,0x2190,0x2190,0x2990,0x2190,0x29b0,0x41d1,0x49f1,0x5a11,0x5a11,0x6a30,0x61cd,
 0x08eb,0x110b,0x110b,0x110b,0x110b,0x110b,0x110b,0x110b,0x110b,0x110b,0x110c,0x110b,0x110b,0x110b,0x110b,0x110b,
 0x110b,0x110b,0x110c,0x110b,0x110b,0x110b,0x110b,0x110b,0x110b,0x110b,0x110b,0x110c,0x110c,0x110b,0x110b,0x110b,
 0x110b,0x110b,0x110b,0x110b,0x110b,0x110b,0x090b,0x194c,0x192c,0x110b,0x110c,0x110c,0x110b,0x110b,0x110b,0x110b,
 0x110b,0x110b,0x110c,0x110c,0x110b,0x110b,0x110b,0x110b,0x110b,0x110b,0x110b,0x110c,0x110b,0x110c,0x110c,0x110c,
 0x110c,0x110c,0x110b,0x110b,0x110b,0x110b,0x110b,0x110b,0x110b,0x110b,0x110b,0x110b,0x110b,0x110b,0x110b,0x110b,
 0x110c,0x110c,0x110c,0x110c,0x112c,0x110b,0x110b,0x110b,0x110b,0x110b,0x110b,0x110c,0x110b,0x110b,0x110b,0x110b,
 0x110b,0x110c,0x110c,0x110c,0x110c,0x110c,0x110c,0x110c,0x110c,0x110c,0x110c,0x110c,0x110c,0x110c,0x110c,0x110b,
 0x110c,0x110c,0x110c,0x110c,0x110c,0x110c,0x110c,0x110c,0x110c,0x110c,0x110c,0x110c,0x112c,0x110c,0x110c,0x110c,
 0x110c,0x110c,0x110c,0x112c,0x110c,0x110c,0x110c,0x110c,0x112c,0x112c,0x112c,0x112c,0x112c,0x112c,0x112c,0x112c,
 0x112c,0x110c,0x112c,0x110c,0x110c,0x112c,0x110c,0x110c,0x110c,0x110c,0x110c,0x110c,0x110c,0x110c,0x110c,0x110c,
 0x110c,0x110c,0x110c,0x110c,0x110c,0x110c,0x110c,0x110c,0x110c,0x110c,0x112c,0x110c,0x110c,0x110c,0x110c,0x110c,
 0x110c,0x112c,0x112c,0x112c,0x112c,0x112c,0x110c,0x110c,0x110c,0x112c,0x112c,0x110c,0x194d,0x29ae,0x110c,0x112c,
 0x110c,0x110c,0x112c,0x112c,0x112c,0x112c,0x112c,0x112c,0x110c,0x110c,0x110c,0x112c,0x110c,0x110c,0x110c,0x110c,
 0x110c,0x110c,0x110c,0x110c,0x110c,0x112c,0x112c,0x112c,0x112c,0x112c,0x112c,0x110c,0x112c,0x112c,0x112c,0x112c,
 0x112c,0x112c,0x112c,0x112c,0x112c,0x112c,0x112c,0x112d,0x112c,0x112d,0x112c,0x112c,0x112c,0x112c,0x112c,0x112c,
 0x112c,0x112c,0x112c,0x112d,0x112d,0x112d,0x112d,0x112d,0x112d,0x112d,0x112d,0x112d,0x112d,0x112d,0x112d,0x112d,
 0x112d,0x112d,0x112d,0x112d,0x112d,0x112d,0x112d,0x112d,0x114d,0x19ef,0x292d,0x192d,0x112d,0x112d,0x112d,0x112d,
 0x112d,0x112d,0x112c,0x112d,0x112c,0x112c,0x112d,0x112c,0x112c,0x112d,0x112d,0x112d,0x112c,0x112c,0x112c,0x112d,
 0x112d,0x112d,0x112d,0x112d,0x112d,0x112c,0x112c,0x112c,0x112c,0x112c,0x112c,0x112c,0x112c,0x112d,0x112d,0x112d,
 0x112c,0x112c,0x112c,0x112c,0x112c,0x112c,0x194d,0x110c,0x112c,0x112c,0x112c,0x112c,0x112c,0x112c,0x112d,0x112d,
 0x112d,0x112c,0x196e,0x31d1,0x3a13,0x3a12,0x31f2,0x39f2,0x31f2,0x29d2,0x196e,0x090b,0x194e,0x39f2,0x31b1,0x218f,
 0x194e,0x194e,0x194e,0x194e,0x216f,0x216f,0x216f,0x216f,0x216f,0x216f,0x216f,0x216f,0x216f,0x2990,0x2990,0x2970,
 0x2990,0x298f,0x31b0,0x39d0,0x6210,0x49d0,0x294e,0x110b,0x110b,0x110b,0x110b,0x110b,0x110b,0x110a,0x194d,0x216f,
 0x2990,0x29b0,0x2990,0x2190,0x2190,0x2190,0x2190,0x2190,0x29b0,0x29b0,0x29b0,0x49f1,0x6210,0x5a11,0x8a4e,0x820d,
 0x496c,0x10eb,0x110b,0x110b,0x110b,0x110b,0x112c,0x110b,0x110b,0x110b,0x110b,0x110b,0x110b,0x110b,0x112c,0x112c,
 0x110b,0x110c,0x110b,0x110b,0x192d,0x110c,0x110c,0x110b,0x110b,0x110b,0x110b,0x110b,0x110b,0x110b,0x110b,0x110b,
 0x110b,0x110b,0x110b,0x110b,0x110b,0x110b,0x110b,0x090b,0x110b,0x110b,0x110b,0x110b,0x110b,0x110b,0x110b,0x110c,
 0x110b,0x110b,0x110c,0x110c,0x110c,0x110c,0x110c,0x110c,0x110c,0x110c,0x110c,0x110c,0x110c,0x112c,0x112c,0x110c,
 0x110c,0x110c,0x110c,0x110c,0x110c,0x110c,0x110c,0x110b,0x110c,0x110c,0x110c,0x110c,0x110b,0x110b,0x110c,0x110c,
 0x110c,0x110c,0x110c,0x110c,0x110c,0x110c,0x110c,0x110c,0x110c,0x110c,0x110c,0x110c,0x110c,0x110c,0x110c,0x110c,
 0x110c,0x110c,0x110c,0x112c,0x110c,0x110c,0x110c,0x110c,0x110c,0x110c,0x110c,0x110c,0x110c,0x110c,0x112c,0x110c,
 0x110c,0x110c,0x112c,0x112c,0x112c,0x112c,0x110c,0x192c,0x192c,0x110c,0x110c,0x112c,0x112c,0x110c,0x110c,0x110c,
 0x110c,0x110c,0x112c,0x110c,0x112c,0x110c,0x112c,0x112c,0x112c,0x112c,0x112c,0x112c,0x112c,0x112c,0x112c,0x112c,
 0x112c,0x112c,0x112c,0x112c,0x112c,0x112c,0x112c,0x112c,0x110c,0x110c,0x110c,0x112c,0x112c,0x112c,0x110c,0x110c,
 0x112c,0x110c,0x112c,0x112c,0x110c,0x192c,0x112c,0x112c,0x110c,0x112c,0x112c,0x112c,0x112c,0x112c,0x110c,0x110c,
 0x112c,0x112c,0x112c,0x112c,0x112c,0x112c,0x112c,0x112c,0x112c,0x112c,0x112c,0x112c,0x112c,0x110c,0x112c,0x112c,
 0x112c,0x112c,0x112c,0x112c,0x112c,0x112c,0x192c,0x112c,0x112c,0x112c,0x112c,0x112c,0x112c,0x112c,0x112c,0x112c,
 0x112c,0x110c,0x110c,0x112c,0x112c,0x112c,0x112c,0x112c,0x112c,0x112c,0x112c,0x112c,0x112c,0x112c,0x112d,0x112c,
 0x112c,0x112d,0x112c,0x112c,0x112c,0x112d,0x112d,0x112d,0x112d,0x112d,0x112d,0x112d,0x112d,0x112d,0x112d,0x112c,
 0x112d,0x112d,0x112d,0x112d,0x112d,0x112d,0x112d,0x112d,0x112d,0x112d,0x112d,0x112d,0x112d,0x112d,0x112d,0x112d,
 0x112d,0x112d,0x112d,0x112d,0x112d,0x112d,0x112d,0x114d,0x194e,0x116e,0x29f0,0x198f,0x112d,0x112d,0x112d,0x112d,
 0x112d,0x112d,0x112d,0x112d,0x112d,0x112d,0x112d,0x112d,0x112d,0x112d,0x112d,0x112d,0x112d,0x112d,0x112d,0x112d,
 0x112d,0x112d,0x112d,0x112d,0x112d,0x112d,0x112d,0x112d,0x112d,0x112c,0x112d,0x112d,0x112d,0x112d,0x112d,0x112d,
 0x112d,0x112d,0x112d,0x112d,0x112d,0x112c,0x112c,0x192d,0x112d,0x192d,0x112d,0x112d,0x192d,0x194d,0x112d,0x112d,
 0x112c,0x192d,0x3a12,0x4233,0x4212,0x3a12,0x31f2,0x39f2,0x31f2,0x31f2,0x29d1,0x112c,0x31d1,0x31f2,0x31f2,0x31f2,
 0x112c,0x194d,0x194e,0x196e,0x216f,0x216f,0x216f,0x216f,0x216f,0x216f,0x216f,0x216f,0x216f,0x216f,0x296f,0x2990,
 0x2990,0x2990,0x31b0,0x39b1,0x39b1,0x318f,0x110b,0x110a,0x110b,0x216f,0x194d,0x08ea,0x192c,0x192d,0x110a,0x196e,
 0x31d1,0x29d1,0x29b1,0x2990,0x2190,0x2190,0x29b0,0x29b0,0x49d0,0x6a10,0x51f0,0x6210,0x824f,0x824f,0x924d,0xaa8e,
 0x720d,0x08eb,0x110b,0x110b,0x110b,0x110b,0x110b,0x110b,0x110b,0x110b,0x110b,0x110c,0x110c,0x110b,0x110c,0x110c,
 0x110b,0x112c,0x194e,0x216f,0x31b1,0x296e,0x090b,0x110b,0x110c,0x110b,0x110b,0x110b,0x110b,0x110b,0x110b,0x110b,
 0x110b,0x110b,0x110b,0x110b,0x110b,0x110b,0x110b,0x110b,0x110b,0x110c,0x110b,0x110c,0x112c,0x112c,0x192d,0x110b,
 0x194d,0x31d0,0x216e,0x090b,0x110c,0x110c,0x110c,0x110c,0x110c,0x110c,0x112c,0x112c,0x112c,0x110c,0x110c,0x110c,
 0x112c,0x110c,0x110c,0x110c,0x110c,0x110c,0x110c,0x110c,0x110c,0x110c,0x110c,0x110c,0x110c,0x110c,0x110c,0x110c,
 0x110c,0x112c,0x110c,0x110c,0x110c,0x110c,0x110c,0x110c,0x110c,0x112c,0x110c,0x110c,0x110c,0x110c,0x110c,0x110c,
 0x110c,0x110c,0x112c,0x110c,0x110c,0x110c,0x110c,0x110c,0x110c,0x110c,0x110c,0x110c,0x110c,0x110c,0x110c,0x112c,
 0x112c,0x112c,0x110c,0x110c,0x110c,0x110c,0x112c,0x110c,0x29ce,0x192d,0x110c,0x110c,0x110c,0x112c,0x110c,0x110c,
 0x110c,0x110c,0x110c,0x110c,0x112c,0x110c,0x112c,0x110c,0x112c,0x112c,0x112c,0x112c,0x112c,0x112c,0x112c,0x112c,
 0x112c,0x112c,0x112c,0x110c,0x110c,0x110c,0x110c,0x110c,0x110c,0x110c,0x110c,0x112c,0x112c,0x112c,0x112c,0x110c,
 0x110c,0x112c,0x112c,0x112c,0x112c,0x216d,0x112c,0x112c,0x112c,0x112c,0x112c,0x112c,0x112c,0x112c,0x112c,0x110c,
 0x110c,0x110c,0x110c,0x112c,0x112c,0x112c,0x112c,0x112c,0x112c,0x112c,0x112c,0x112c,0x112c,0x112d,0x112c,0x112c,
 0x112c,0x112c,0x112c,0x112c,0x112c,0x112d,0x112d,0x112d,0x112d,0x112c,0x112c,0x112c,0x112c,0x112c,0x112c,0x110c,
 0x110c,0x110c,0x112c,0x112c,0x112d,0x112d,0x112d,0x112d,0x112d,0x112c,0x112d,0x112d,0x112d,0x112d,0x112d,0x112d,
 0x112d,0x112d,0x112d,0x112d,0x112d,0x112d,0x112d,0x112d,0x112d,0x112d,0x192d,0x112d,0x112d,0x112d,0x112d,0x112d,
 0x112d,0x112d,0x112d,0x112d,0x112d,0x112d,0x112d,0x112d,0x112d,0x112d,0x112d,0x112d,0x112d,0x112d,0x112d,0x112d,
 0x112d,0x112d,0x112d,0x112d,0x112d,0x112d,0x194d,0x194d,0x194e,0x114e,0x11f0,0x198f,0x112d,0x112d,0x112d,0x112d,
 0x112d,0x112d,0x112d,0x112d,0x112d,0x112d,0x112d,0x112d,0x112d,0x112d,0x112d,0x112d,0x112d,0x112d,0x192d,0x112d,
 0x112d,0x194d,0x112d,0x194d,0x194d,0x112d,0x112d,0x112d,0x112d,0x112d,0x112d,0x112d,0x192d,0x112d,0x112d,0x192d,
 0x192d,0x112d,0x112d,0x112d,0x112d,0x112d,0x192d,0x194d,0x192d,0x194d,0x112d,0x112d,0x112d,0x192d,0x112d,0x112d,
 0x112c,0x298f,0x5233,0x4a33,0x5233,0x4212,0x31f2,0x31f2,0x31f2,0x31f2,0x29d1,0x29d1,0x39f2,0x31f2,0x39f2,0x31f2,
 0x192d,0x192d,0x192d,0x192d,0x216f,0x216f,0x216f,0x216f,0x216f,0x216f,0x216f,0x216f,0x216f,0x216f,0x216f,0x2190,
 0x2990,0x2990,0x2990,0x29b0,0x2991,0x214e,0x10e9,0x110b,0x110c,0x29b1,0x31d1,0x218f,0x194d,0x218f,0x2190,0x29d1,
 0x31f1,0x31d1,0x29b0,0x2190,0x2190,0x2990,0x39b0,0x39b0,0x39b0,0x41d0,0x59f0,0x51d0,0x822e,0xa26d,0x9a6e,0xa26d,
 0x61cc,0x08eb,0x110b,0x110c,0x110c,0x110c,0x112c,0x110c,0x110b,0x110b,0x110c,0x112c,0x112c,0x110c,0x110c,0x110c,
 0x112c,0x112c,0x112c,0x218f,0x318f,0x41af,0x316e,0x112c,0x110c,0x110c,0x110c,0x110c,0x110c,0x110c,0x110c,0x110c,
 0x110c,0x110c,0x110c,0x110c,0x110c,0x110c,0x110c,0x110c,0x110c,0x112c,0x112c,0x112c,0x112c,0x112c,0x214e,0x298f,
 0x39d1,0x41f2,0x51f0,0x192c,0x112c,0x112c,0x110c,0x112c,0x112c,0x112c,0x112c,0x112c,0x112c,0x112c,0x112c,0x112c,
 0x112c,0x112c,0x112c,0x112c,0x112c,0x112c,0x110c,0x110c,0x110c,0x110c,0x112c,0x110c,0x112c,0x112c,0x112c,0x110c,
 0x112c,0x112c,0x112c,0x112c,0x112c,0x112c,0x112c,0x110c,0x112c,0x112c,0x112c,0x112c,0x112c,0x192c,0x110c,0x112c,
 0x112c,0x112c,0x112c,0x112c,0x112c,0x112c,0x112c,0x112c,0x110c,0x112c,0x110c,0x112c,0x112c,0x112c,0x112c,0x112c,
 0x112c,0x112c,0x112c,0x112c,0x112c,0x112c,0x112c,0x112c,0x110c,0x110c,0x112c,0x112c,0x112c,0x112c,0x110c,0x192c,
 0x192c,0x110c,0x112c,0x112c,0x112c,0x112c,0x112c,0x112c,0x112c,0x112c,0x112c,0x112d,0x112d,0x112d,0x112d,0x112d,
 0x112d,0x112d,0x112d,0x112c,0x112c,0x112c,0x112c,0x112c,0x112c,0x112c,0x112c,0x112c,0x112c,0x112c,0x112c,0x112c,
 0x112c,0x112c,0x112c,0x112d,0x112c,0x112c,0x112c,0x112c,0x112c,0x112d,0x112d,0x112d,0x112d,0x112d,0x112c,0x112c,
 0x112c,0x112c,0x112c,0x112c,0x112c,0x112c,0x112c,0x112d,0x112d,0x112d,0x112d,0x112d,0x112d,0x112d,0x112d,0x112d,
 0x112d,0x112d,0x112d,0x112d,0x112d,0x112d,0x112d,0x112d,0x112d,0x112d,0x112d,0x112d,0x112d,0x112d,0x112d,0x112d,
 0x112d,0x112d,0x112d,0x112d,0x112d,0x112d,0x192d,0x112d,0x112d,0x112d,0x192d,0x112d,0x112d,0x112d,0x112d,0x192d,
 0x112d,0x112d,0x112d,0x112d,0x112d,0x112d,0x112d,0x192d,0x112d,0x194d,0x194d,0x192d,0x192d,0x112d,0x112d,0x112d,
 0x112d,0x112d,0x192d,0x112d,0x112d,0x192d,0x112d,0x112d,0x112d,0x192d,0x194d,0x194d,0x114d,0x112d,0x112d,0x112d,
 0x112d,0x112d,0x194d,0x112d,0x114d,0x114d,0x194e,0x194e,0x194e,0x08eb,0x1a0f,0x198f,0x112e,0x194e,0x194e,0x194e,
 0x194e,0x194e,0x194e,0x194e,0x194e,0x114d,0x112d,0x112d,0x112d,0x112d,0x112d,0x112d,0x192e,0x194d,0x194e,0x194d,
 0x194d,0x194d,0x194d,0x194d,0x194e,0x194d,0x194d,0x194d,0x194d,0x194d,0x194d,0x194e,0x194e,0x194e,0x114e,0x194e,
 0x194d,0x194d,0x194d,0x192d,0x192d,0x194d,0x192d,0x214e,0x214e,0x112d,0x194d,0x112d,0x112d,0x112d,0x192d,0x194d,
 0x112d,0x39d0,0x5233,0x5233,0x5233,0x3a12,0x31f2,0x39f2,0x39f2,0x31f2,0x31f2,0x39f2,0x39f2,0x3a12,0x31f2,0x39f2,
 0x194d,0x216f,0x218f,0x216f,0x198f,0x216f,0x194e,0x194e,0x216f,0x2990,0x2990,0x2990,0x2990,0x2990,0x2990,0x2990,
 0x2190,0x2990,0x2990,0x2990,0x29b0,0x298f,0x192c,0x216f,0x216f,0x216f,0x31f1,0x31f1,0x29b0,0x29b0,0x29d1,0x29d1,
 0x31f1,0x31d1,0x29b0,0x218f,0x218f,0x2990,0x2990,0x2190,0x31b0,0x39d0,0x41d0,0x49f0,0x6a10,0x7a2e,0x49ae,0x720d,
 0x192b,0x110c,0x110c,0x112c,0x112c,0x110c,0x196e,0x110c,0x110c,0x192d,0x110c,0x110b,0x110c,0x110c,0x110c,0x112c,
 0x112c,0x112c,0x112c,0x110c,0x110c,0x192d,0x418e,0x112c,0x192d,0x112c,0x110c,0x110c,0x110c,0x112c,0x112c,0x112c,
 0x112c,0x112c,0x112c,0x110c,0x110c,0x112c,0x112c,0x112c,0x112c,0x112c,0x112c,0x112c,0x112c,0x110c,0x110c,0x194e,
 0x31b0,0x41d1,0x6a30,0x59ac,0x294e,0x214e,0x110b,0x192c,0x192c,0x112c,0x112c,0x112c,0x112c,0x112c,0x112c,0x112c,
 0x112c,0x112c,0x112c,0x112c,0x112c,0x112c,0x112c,0x112c,0x112c,0x112c,0x112c,0x112c,0x112c,0x112c,0x112c,0x112c,
 0x112c,0x112c,0x112c,0x112c,0x112c,0x112c,0x112c,0x112c,0x112c,0x112c,0x112c,0x110c,0x216d,0x298e,0x110c,0x112c,
 0x110c,0x110c,0x110c,0x112c,0x112c,0x112c,0x112c,0x112c,0x112c,0x112c,0x110c,0x110c,0x112c,0x112c,0x112c,0x112c,
 0x110c,0x110c,0x112c,0x112c,0x112c,0x112c,0x112c,0x112c,0x112c,0x112c,0x112c,0x112c,0x112c,0x112c,0x112c,0x192c,
 0x192d,0x110c,0x112c,0x112c,0x112c,0x112d,0x112d,0x112d,0x112d,0x112d,0x112d,0x192d,0x192d,0x192d,0x112d,0x112d,
 0x112d,0x112d,0x112d,0x112d,0x112d,0x112d,0x112d,0x192d,0x112d,0x112d,0x112d,0x112c,0x112d,0x112d,0x112d,0x192d,
 0x112d,0x112d,0x112d,0x112d,0x112d,0x112d,0x112d,0x112d,0x192d,0x112d,0x112d,0x112d,0x192d,0x192d,0x112d,0x112d,
 0x112d,0x112d,0x112d,0x112d,0x112d,0x192d,0x192d,0x192d,0x112d,0x112d,0x112d,0x112d,0x112d,0x192d,0x192d,0x112d,
 0x192d,0x192d,0x192d,0x112d,0x192d,0x192d,0x192d,0x192d,0x192d,0x192d,0x192d,0x192d,0x192d,0x192d,0x192d,0x192d,
 0x192d,0x112d,0x192d,0x192d,0x192d,0x192d,0x192d,0x192d,0x112d,0x192d,0x192d,0x192d,0x192d,0x192d,0x192d,0x192d,
 0x192d,0x192d,0x192d,0x192d,0x192d,0x192d,0x194d,0x194e,0x194d,0x194e,0x194e,0x192d,0x192d,0x192d,0x192d,0x192d,
 0x192d,0x192d,0x192d,0x192d,0x192d,0x192d,0x194e,0x194d,0x194e,0x194e,0x194e,0x194e,0x194e,0x194e,0x194e,0x192d,
 0x192e,0x192e,0x194e,0x194e,0x194e,0x194e,0x194e,0x194e,0x196e,0x10ec,0x1ab1,0x19af,0x192e,0x194e,0x194e,0x194e,
 0x194e,0x194e,0x194e,0x194e,0x194e,0x194e,0x194e,0x194d,0x194e,0x192e,0x194e,0x194e,0x194e,0x194e,0x194e,0x194e,
 0x194e,0x194e,0x194e,0x194e,0x194e,0x194e,0x194e,0x194e,0x194e,0x194e,0x194e,0x194e,0x194e,0x194e,0x194e,0x194d,
 0x192d,0x192d,0x192d,0x194e,0x194e,0x194e,0x214e,0x214f,0x194e,0x192d,0x194e,0x194d,0x194d,0x194d,0x194d,0x194d,
 0x112d,0x31b0,0x5233,0x5233,0x4a33,0x4212,0x4a33,0x4213,0x4213,0x39f2,0x39f2,0x4212,0x4212,0x4213,0x3a12,0x3a12,
 0x112d,0x192d,0x194d,0x112d,0x412c,0x314d,0x114d,0x216f,0x2990,0x2990,0x2990,0x2990,0x2990,0x2990,0x2990,0x2990,
 0x2990,0x2190,0x2990,0x2990,0x2990,0x29b0,0x29b0,0x29b0,0x29b1,0x29b0,0x31d1,0x31d1,0x31d1,0x29d1,0x31d1,0x29d1,
 0x29d1,0x29d1,0x29b0,0x29b0,0x39b0,0x49d0,0x31b0,0x2190,0x41d0,0x41d0,0x39d0,0x49d0,0x61ef,0x822f,0x294d,0x110c,
 0x112c,0x110c,0x110c,0x112c,0x112c,0x112c,0x112c,0x110c,0x192d,0x296e,0x110c,0x218f,0x29b0,0x29b0,0x216e,0x112c,
 0x112c,0x110c,0x110c,0x112c,0x112c,0x112c,0x090c,0x112c,0x112c,0x112c,0x112c,0x112c,0x112c,0x112c,0x112c,0x112c,
 0x112c,0x112c,0x112c,0x112c,0x110c,0x112c,0x112c,0x112c,0x112c,0x112c,0x112c,0x112c,0x112c,0x112c,0x112c,0x112c,
 0x112c,0x216e,0x298f,0x192c,0x110c,0x192c,0x192c,0x498d,0x212c,0x112c,0x112c,0x112c,0x112c,0x112c,0x112c,0x112c,
 0x112c,0x112c,0x112c,0x112c,0x112c,0x112c,0x112c,0x112c,0x112c,0x112c,0x112c,0x112c,0x112c,0x112c,0x112c,0x112c,
 0x112c,0x112d,0x112c,0x112c,0x112c,0x112c,0x112c,0x112c,0x112c,0x112c,0x112c,0x112c,0x110c,0x110c,0x112c,0x112c,
 0x112c,0x112c,0x112c,0x112c,0x112c,0x112c,0x112c,0x112c,0x112c,0x112c,0x112c,0x112c,0x112d,0x112c,0x112c,0x112c,
 0x112c,0x112c,0x112c,0x112c,0x112c,0x112c,0x112c,0x112c,0x112c,0x112c,0x112c,0x112c,0x112c,0x112c,0x112c,0x112c,
 0x112c,0x112c,0x112d,0x112d,0x112d,0x112d,0x112d,0x112d,0x112d,0x112d,0x192d,0x192d,0x192d,0x194d,0x192d,0x192d,
 0x112d,0x192d,0x192d,0x192d,0x192d,0x112d,0x192d,0x192d,0x192d,0x192d,0x192d,0x192d,0x192d,0x192d,0x192d,0x192d,
 0x192d,0x192d,0x192d,0x192d,0x192d,0x192d,0x192d,0x192d,0x192d,0x192d,0x112d,0x192d,0x192d,0x192d,0x192d,0x112d,
 0x112d,0x112d,0x192d,0x112d,0x112d,0x192d,0x192d,0x112d,0x192d,0x192d,0x192d,0x194d,0x114d,0x112d,0x192d,0x192d,
 0x192d,0x192d,0x192d,0x194d,0x194d,0x194d,0x194d,0x194d,0x192d,0x194d,0x194d,0x194d,0x194d,0x192d,0x192d,0x192d,
 0x192d,0x192d,0x192d,0x192d,0x192d,0x192d,0x192d,0x192d,0x192d,0x192d,0x192d,0x192d,0x192d,0x194d,0x194e,0x194e,
 0x192d,0x192d,0x194d,0x194e,0x194e,0x194e,0x194e,0x194e,0x194e,0x194e,0x194e,0x194e,0x194e,0x194e,0x192d,0x192e,
 0x192e,0x194e,0x194e,0x194e,0x194e,0x194e,0x194e,0x194e,0x194e,0x194e,0x194e,0x194e,0x194e,0x194e,0x194e,0x194e,
 0x194e,0x194e,0x194e,0x194e,0x194e,0x194e,0x194e,0x194e,0x194e,0x10ec,0x1a71,0x19f0,0x194f,0x194f,0x194f,0x194f,
 0x194e,0x194e,0x194e,0x194e,0x194e,0x194e,0x194e,0x194e,0x194e,0x194e,0x194e,0x194e,0x194e,0x194e,0x194e,0x194e,
 0x194e,0x194e,0x194e,0x194e,0x194e,0x194e,0x214f,0x216f,0x194e,0x194e,0x194f,0x29b1,0x196f,0x194e,0x194e,0x216f,
 0x2990,0x218f,0x216f,0x192d,0x192d,0x194e,0x194e,0x194e,0x194e,0x194e,0x194e,0x194e,0x194d,0x194d,0x194d,0x194e,
 0x194d,0x194d,0x218f,0x39d1,0x4a13,0x5233,0x4a33,0x4213,0x4213,0x4213,0x4212,0x3a12,0x3a12,0x3a12,0x4213,0x3a12,
 0x192d,0x192d,0x112d,0x112d,0x18a7,0x190a,0x196f,0x2990,0x2990,0x2990,0x2990,0x2990,0x2990,0x29b0,0x2990,0x2190,
 0x2190,0x2190,0x2190,0x2190,0x2990,0x2990,0x2190,0x2990,0x29b0,0x29b0,0x2990,0x29d1,0x29b1,0x29d1,0x31d1,0x31d1,
 0x29b0,0x29b0,0x31d1,0x29b0,0x31b0,0x49d1,0x41d1,0x29b0,0x2190,0x2190,0x3190,0x39b0,0x41d0,0x6210,0x398e,0x110b,
 0x110b,0x110b,0x110c,0x110c,0x112c,0x112c,0x112c,0x192d,0x110c,0x192d,0x29b0,0x31f1,0x31f1,0x39d1,0x41f1,0x216e,
 0x090b,0x110c,0x192d,0x192d,0x112c,0x112c,0x112c,0x112c,0x112c,0x112c,0x112c,0x112c,0x112d,0x112c,0x112c,0x112c,
 0x194d,0x194d,0x112c,0x112c,0x112c,0x112c,0x112c,0x112c,0x112c,0x112c,0x112c,0x112c,0x112c,0x112c,0x112c,0x112c,
 0x112c,0x112c,0x110c,0x112c,0x112c,0x112c,0x192c,0x112c,0x192c,0x112c,0x112c,0x112c,0x192c,0x192c,0x110c,0x112c,
 0x112c,0x112c,0x112d,0x112d,0x112d,0x112d,0x112d,0x112c,0x112c,0x112c,0x112c,0x112c,0x112d,0x112d,0x112d,0x112d,
 0x112c,0x112d,0x112c,0x112d,0x112d,0x112c,0x112d,0x112d,0x112d,0x112d,0x112d,0x112c,0x112c,0x112c,0x112c,0x112c,
 0x112d,0x112d,0x112d,0x112d,0x112d,0x112d,0x112d,0x112c,0x112c,0x112c,0x112d,0x112d,0x112d,0x112d,0x112d,0x112d,
 0x112d,0x112d,0x112d,0x112d,0x112d,0x112d,0x112d,0x192d,0x192d,0x112d,0x192d,0x192d,0x112d,0x112d,0x112d,0x112d,
 0x112d,0x112d,0x194d,0x194d,0x194d,0x192d,0x192d,0x192d,0x194d,0x194d,0x194d,0x194d,0x192d,0x194d,0x192d,0x192d,
 0x192d,0x194d,0x194d,0x194d,0x194d,0x194d,0x194d,0x194d,0x194d,0x194d,0x194d,0x192d,0x192d,0x194d,0x194d,0x194d,
 0x194d,0x194d,0x192d,0x192d,0x194d,0x194d,0x194d,0x194d,0x192d,0x194d,0x194d,0x194d,0x194d,0x194d,0x194d,0x194d,
 0x192d,0x192d,0x192d,0x192d,0x194d,0x194d,0x194d,0x194d,0x194d,0x194d,0x194d,0x194d,0x194d,0x194d,0x194d,0x194d,
 0x194d,0x194d,0x194d,0x194d,0x194d,0x194e,0x194d,0x194e,0x194e,0x194e,0x194e,0x194e,0x194e,0x194e,0x194d,0x194d,
 0x194d,0x194d,0x194d,0x192d,0x192e,0x194e,0x194e,0x194e,0x194e,0x194e,0x194e,0x194e,0x194e,0x194e,0x194e,0x194e,
 0x194e,0x194e,0x194e,0x194e,0x194e,0x194e,0x194e,0x194e,0x194e,0x194e,0x194e,0x194e,0x194e,0x194e,0x194e,0x194e,
 0x194e,0x194e,0x194e,0x194e,0x194e,0x194e,0x194e,0x194e,0x194e,0x194e,0x194e,0x194e,0x194e,0x194e,0x194e,0x194e,
 0x194e,0x194e,0x194e,0x194e,0x194e,0x196e,0x196f,0x196f,0x194e,0x110d,0x1251,0x2294,0x194f,0x196f,0x196f,0x196f,
 0x196f,0x196f,0x196f,0x216f,0x194e,0x194e,0x194e,0x194e,0x194e,0x194e,0x194e,0x194e,0x194e,0x194e,0x194e,0x194e,
 0x194e,0x196f,0x216f,0x216f,0x194e,0x216f,0x216f,0x194f,0x214e,0x216f,0x194e,0x194e,0x194e,0x194e,0x29b1,0x3a13,
 0x3a13,0x31f2,0x3a13,0x31d1,0x216f,0x194e,0x194e,0x194e,0x194e,0x194e,0x194e,0x194e,0x214e,0x2990,0x216f,0x194e,
 0x192d,0x298f,0x218f,0x39d1,0x5233,0x5233,0x4a13,0x4212,0x4a13,0x4213,0x4213,0x4212,0x41f2,0x4212,0x4213,0x4212,
 0x192d,0x192d,0x192d,0x194e,0x08a6,0x110a,0x192d,0x194d,0x218f,0x2190,0x216f,0x2990,0x2990,0x29b0,0x2990,0x2990,
 0x2990,0x2990,0x2190,0x2190,0x2190,0x2190,0x216f,0x216f,0x2190,0x2190,0x2190,0x2190,0x2190,0x29d1,0x31f1,0x31d1,
 0x29b0,0x31d1,0x39d1,0x29b1,0x31d1,0x41d1,0x41d1,0x29b0,0x29b0,0x2990,0x2990,0x2990,0x31b0,0x39b0,0x318f,0x110c,
 0x214d,0x318e,0x498e,0x314c,0x110c,0x112c,0x112c,0x110c,0x112d,0x29b1,0x31d1,0x31d1,0x31d1,0x39f1,0x39d1,0x298f,
 0x194d,0x298f,0x31d0,0x49f0,0x41ae,0x112d,0x112d,0x112c,0x112c,0x112d,0x112c,0x112d,0x112d,0x112d,0x112d,0x192d,
 0x112c,0x296e,0x296e,0x192d,0x192d,0x192d,0x192d,0x192d,0x192d,0x192d,0x192d,0x192d,0x112c,0x192c,0x112c,0x112c,
 0x112c,0x112c,0x112c,0x112c,0x112c,0x112c,0x112c,0x192c,0x212d,0x192d,0x112c,0x112c,0x214d,0x314d,0x314c,0x112c,
 0x112c,0x192d,0x192d,0x112d,0x112d,0x112d,0x112d,0x112d,0x112d,0x112c,0x112c,0x192d,0x192d,0x112d,0x192d,0x192d,
 0x192d,0x192d,0x192d,0x112d,0x112c,0x112d,0x112d,0x112d,0x112d,0x112d,0x112d,0x112d,0x112d,0x112d,0x112d,0x112c,
 0x112d,0x112d,0x112d,0x192d,0x112d,0x112d,0x112d,0x112d,0x112d,0x112c,0x112d,0x112d,0x112d,0x112d,0x192d,0x112d,
 0x192d,0x112d,0x192d,0x192d,0x192d,0x192d,0x192d,0x192d,0x192d,0x192d,0x192d,0x192d,0x192d,0x192d,0x192d,0x194d,
 0x192d,0x194d,0x194d,0x194d,0x194d,0x194d,0x194d,0x194d,0x194d,0x194d,0x194d,0x194d,0x194d,0x192d,0x192d,0x192d,
 0x192d,0x192d,0x194d,0x194d,0x194d,0x194d,0x194d,0x194d,0x194d,0x194d,0x194d,0x194d,0x194d,0x194d,0x194d,0x194d,
 0x194d,0x194d,0x194d,0x194d,0x194d,0x194d,0x194d,0x194d,0x194d,0x194d,0x194e,0x194e,0x194e,0x194d,0x194d,0x194d,
 0x194d,0x194d,0x192d,0x194d,0x194d,0x194d,0x194d,0x194d,0x194d,0x194e,0x194e,0x194e,0x194e,0x194e,0x194e,0x194d,
 0x194d,0x194d,0x194d,0x194e,0x194e,0x194e,0x194e,0x194e,0x194e,0x194e,0x194e,0x194e,0x194e,0x194e,0x194e,0x194e,
 0x194e,0x194e,0x194e,0x194e,0x194e,0x194e,0x194e,0x194e,0x194e,0x194e,0x194e,0x194e,0x194e,0x214e,0x214e,0x214e,
 0x214e,0x194e,0x194e,0x194e,0x194e,0x194e,0x194e,0x194e,0x194e,0x194e,0x194e,0x194e,0x194e,0x194e,0x194e,0x194e,
 0x194e,0x194e,0x194e,0x194e,0x214f,0x194e,0x194e,0x194e,0x194f,0x214f,0x194e,0x194e,0x194e,0x194e,0x194e,0x194e,
 0x194e,0x194e,0x194f,0x196f,0x196e,0x196f,0x196f,0x196f,0x194e,0x08ec,0x1a31,0x2b76,0x1990,0x194f,0x196f,0x196f,
 0x196f,0x216f,0x216f,0x216f,0x194f,0x194f,0x194e,0x194e,0x194e,0x194e,0x194e,0x216f,0x194f,0x216f,0x194e,0x196e,
 0x216f,0x216f,0x216f,0x194f,0x2990,0x49d2,0x2990,0x194f,0x216f,0x216f,0x216f,0x196f,0x216f,0x39f2,0x4213,0x3a13,
 0x3a12,0x31f2,0x3a13,0x3a13,0x3a13,0x29b0,0x194e,0x194e,0x214e,0x214e,0x194e,0x216e,0x31b0,0x4a34,0x4213,0x29b0,
 0x218f,0x4213,0x4213,0x5233,0x4a13,0x4a13,0x4212,0x3a12,0x4213,0x4a13,0x4212,0x41f2,0x4212,0x4212,0x4212,0x4212,
 0x194d,0x194d,0x194d,0x196e,0x08a6,0x10ea,0x114d,0x112c,0x112d,0x194d,0x114d,0x194e,0x298f,0x216f,0x216f,0x194e,
 0x194d,0x218f,0x2990,0x2990,0x216f,0x2990,0x2990,0x2190,0x2190,0x2990,0x2190,0x2190,0x2190,0x2990,0x29d1,0x29b0,
 0x29d0,0x31d1,0x39d1,0x31b1,0x39d1,0x41d1,0x31b0,0x31d0,0x49f0,0x6210,0x49cf,0x218f,0x218f,0x298f,0x31b0,0x39b0,
 0x51f0,0x49d0,0x722f,0x822e,0x396d,0x112c,0x112d,0x112c,0x196e,0x31d1,0x31d1,0x31d1,0x31d1,0x39f1,0x39f1,0x31d1,
 0x31d1,0x41f1,0x49f1,0x59f0,0x6a10,0x6a0d,0x112d,0x112d,0x112d,0x112d,0x192d,0x192d,0x192d,0x192d,0x192d,0x192d,
 0x192d,0x214e,0x214e,0x192d,0x192d,0x192d,0x192d,0x192d,0x192d,0x194d,0x192d,0x192d,0x112d,0x192d,0x216e,0x112d,
 0x112d,0x112c,0x112c,0x112d,0x112d,0x192d,0x112d,0x192d,0x192d,0x192d,0x112c,0x192c,0x112c,0x192d,0x294d,0x112d,
 0x112d,0x192d,0x192d,0x192d,0x192d,0x192d,0x192d,0x112d,0x192d,0x112d,0x112d,0x192d,0x192d,0x194d,0x192d,0x112d,
 0x112d,0x192d,0x192d,0x192d,0x192d,0x192d,0x112d,0x192d,0x192d,0x192d,0x192d,0x112d,0x112d,0x112d,0x112d,0x112d,
 0x192d,0x192d,0x192d,0x192d,0x192d,0x192d,0x192d,0x192d,0x192d,0x192d,0x192d,0x192d,0x192d,0x192d,0x192d,0x192d,
 0x192d,0x192d,0x194d,0x194d,0x192d,0x192d,0x194d,0x192d,0x194d,0x194d,0x194d,0x194d,0x194d,0x194d,0x194d,0x194d,
 0x194d,0x194d,0x194d,0x194d,0x194d,0x194d,0x194d,0x194d,0x194d,0x194d,0x194d,0x194d,0x194d,0x194d,0x194d,0x194d,
 0x194d,0x194d,0x194d,0x194d,0x194e,0x194e,0x194e,0x194e,0x194e,0x194e,0x194e,0x194e,0x194e,0x194e,0x194e,0x194e,
 0x194e,0x194e,0x194e,0x194e,0x194e,0x194e,0x194e,0x194e,0x194e,0x194e,0x194e,0x194e,0x194e,0x194e,0x194e,0x194e,
 0x194e,0x214d,0x214e,0x194e,0x194e,0x194e,0x194e,0x194e,0x194e,0x194e,0x194e,0x194e,0x194e,0x194e,0x194e,0x194e,
 0x194e,0x194e,0x194e,0x194e,0x196e,0x214e,0x214e,0x214e,0x214e,0x214e,0x214e,0x214e,0x214e,0x216e,0x216e,0x214e,
 0x214e,0x194e,0x214e,0x214e,0x194e,0x194e,0x214e,0x214e,0x214e,0x214e,0x214e,0x214e,0x214e,0x214e,0x214e,0x214e,
 0x214f,0x216f,0x216f,0x214f,0x216f,0x216f,0x216f,0x216f,0x216f,0x214f,0x216f,0x214e,0x214e,0x214e,0x214e,0x214e,
 0x216f,0x216f,0x216f,0x216f,0x216f,0x216f,0x216f,0x216f,0x216f,0x216f,0x216f,0x216f,0x214f,0x214f,0x216f,0x194e,
 0x216f,0x216f,0x216f,0x216f,0x216f,0x196f,0x216f,0x216f,0x39af,0x212d,0x1a51,0x4ddc,0x44d9,0x1970,0x2170,0x216f,
 0x216f,0x216f,0x216f,0x216f,0x216f,0x216f,0x216f,0x216f,0x216f,0x31b0,0x39b1,0x41d1,0x41b1,0x41d1,0x31b0,0x31b1,
 0x2970,0x216f,0x216f,0x296f,0x2990,0x3191,0x216f,0x216f,0x216f,0x216f,0x216f,0x216f,0x39d1,0x5a54,0x5233,0x4a33,
 0x3a13,0x3a13,0x3a13,0x3a13,0x3a13,0x29b1,0x2190,0x216f,0x194e,0x194e,0x218f,0x41f3,0x39d1,0x4a13,0x4213,0x3a13,
 0x3a12,0x4213,0x5233,0x5233,0x4212,0x4212,0x4212,0x4213,0x4a33,0x4a33,0x4213,0x4213,0x41f2,0x4212,0x4212,0x4212,
 0x194e,0x194e,0x194d,0x216e,0x10c7,0x110a,0x194d,0x194d,0x192d,0x112d,0x112d,0x114d,0x194d,0x194d,0x112d,0x194d,
 0x112c,0x194d,0x194e,0x196e,0x2190,0x2990,0x2990,0x2990,0x2190,0x2190,0x2190,0x216f,0x2190,0x2190,0x2190,0x2190,
 0x2990,0x31b0,0x39d1,0x31d1,0x39d1,0x39d0,0x39d0,0x49d0,0x51f0,0x6210,0x59ef,0x41af,0x218f,0x31b0,0x39d0,0x41d0,
 0x49d0,0x59f0,0x824e,0x926e,0x71ee,0x192d,0x112c,0x112c,0x194d,0x29b0,0x31d1,0x31d1,0x31d1,0x41f1,0x51f1,0x51f1,
 0x41f2,0x59f1,0x61f1,0x61f0,0x924e,0x7a0e,0x112d,0x112d,0x192d,0x192d,0x194d,0x192d,0x194d,0x192d,0x194d,0x192d,
 0x192d,0x192d,0x194d,0x192d,0x194d,0x192d,0x192d,0x192d,0x194d,0x214e,0x194d,0x194d,0x112d,0x112d,0x298f,0x214e,
 0x112c,0x192d,0x112d,0x112c,0x112d,0x112d,0x192d,0x112d,0x194d,0x192d,0x192d,0x192d,0x112d,0x112d,0x112d,0x192d,
 0x192d,0x192d,0x192d,0x194d,0x194d,0x192d,0x192d,0x192d,0x192d,0x192d,0x194d,0x194d,0x194d,0x194d,0x192d,0x194d,
 0x194d,0x192d,0x192d,0x194d,0x194d,0x194d,0x194d,0x194d,0x192d,0x194d,0x194d,0x194d,0x192d,0x192d,0x192d,0x192d,
 0x194d,0x192d,0x192d,0x192d,0x194d,0x194d,0x194d,0x194d,0x192d,0x192d,0x192d,0x192d,0x192d,0x192d,0x192d,0x194d,
 0x192d,0x192d,0x194d,0x194d,0x194d,0x194d,0x194d,0x194d,0x194d,0x194d,0x194d,0x194d,0x194d,0x194d,0x194d,0x194d,
 0x194d,0x194d,0x194e,0x194e,0x194d,0x194e,0x194e,0x194d,0x194e,0x194e,0x194d,0x194e,0x194e,0x194e,0x194d,0x194e,
 0x194e,0x194e,0x194e,0x194e,0x194e,0x214e,0x214e,0x214e,0x214e,0x214e,0x194e,0x194e,0x214e,0x194e,0x214e,0x194e,
 0x194e,0x196e,0x214e,0x214e,0x214e,0x214e,0x214e,0x214e,0x214e,0x194e,0x194e,0x194e,0x194e,0x194e,0x214e,0x214e,
 0x194e,0x218e,0x298f,0x194e,0x214e,0x214e,0x214e,0x214e,0x214e,0x214e,0x214e,0x214e,0x216e,0x214e,0x214e,0x194e,
 0x214e,0x194e,0x214e,0x196e,0x216e,0x214e,0x214e,0x214e,0x214e,0x216e,0x214e,0x216f,0x216e,0x216e,0x216e,0x216e,
 0x216e,0x216e,0x214e,0x214e,0x214e,0x214e,0x214e,0x216e,0x216e,0x216e,0x216f,0x216e,0x216f,0x216f,0x216f,0x216f,
 0x216f,0x216f,0x216f,0x216f,0x216f,0x216f,0x216f,0x216f,0x216f,0x216f,0x216f,0x216f,0x216f,0x216f,0x216f,0x216f,
 0x29b0,0x216f,0x216f,0x216f,0x216f,0x216f,0x216f,0x216f,0x216f,0x216f,0x216f,0x216f,0x216f,0x216f,0x2990,0x31b0,
 0x216f,0x39d1,0x39d2,0x2990,0x2990,0x3190,0x216f,0x194d,0x294d,0x18ec,0x2ad2,0x116d,0x114c,0x112c,0x192d,0x216f,
 0x216f,0x216f,0x2170,0x2990,0x216f,0x2990,0x216f,0x2190,0x216f,0x31b0,0x2990,0x3190,0x39b1,0x39b1,0x31b1,0x2190,
 0x216f,0x216f,0x216f,0x3190,0x2990,0x216f,0x216f,0x2170,0x2190,0x2190,0x2170,0x2170,0x31b1,0x5233,0x5a53,0x4a33,
 0x4a13,0x3a13,0x4213,0x3a13,0x31d1,0x31d1,0x4213,0x39d2,0x31b1,0x29b0,0x31d1,0x4213,0x4a13,0x4213,0x3a13,0x4213,
 0x4a33,0x5233,0x5233,0x4a12,0x4212,0x4a13,0x4a33,0x5233,0x4a33,0x4a33,0x4a33,0x4a13,0x4213,0x4213,0x4212,0x41f2,
 0x214e,0x216e,0x214e,0x218f,0x10c7,0x110b,0x194e,0x194e,0x214e,0x214e,0x194d,0x194d,0x194d,0x194d,0x194d,0x194d,
 0x192d,0x114d,0x112d,0x194e,0x2190,0x2990,0x2990,0x2990,0x29b0,0x2990,0x2990,0x29b0,0x2990,0x2190,0x2990,0x2190,
 0x2190,0x29b0,0x31d1,0x31b1,0x31b0,0x31b0,0x39d0,0x41d0,0x49f0,0x41f1,0x59f0,0x61ef,0x39d0,0x41d1,0x41d1,0x39d1,
 0x49d1,0x6210,0x6a0f,0x722f,0x398e,0x112c,0x194e,0x298f,0x112d,0x194d,0x31d1,0x31d1,0x39d1,0x49f0,0x61f1,0x7211,
 0x6a10,0x59f1,0x722f,0x822e,0xaa8d,0x924d,0x69ee,0x192d,0x192d,0x192d,0x194d,0x192d,0x194e,0x194e,0x194d,0x216e,
 0x296f,0x192d,0x192d,0x194d,0x192d,0x194d,0x192d,0x192d,0x192d,0x194d,0x296f,0x194e,0x194d,0x192d,0x112d,0x194d,
 0x216f,0x192d,0x192d,0x31b0,0x41f1,0x296e,0x194d,0x194d,0x192d,0x214e,0x298f,0x31d0,0x41d0,0x418d,0x112d,0x192d,
 0x192d,0x192d,0x192d,0x192d,0x194d,0x194d,0x194d,0x194d,0x194d,0x194d,0x194d,0x192d,0x194d,0x194d,0x194d,0x194d,
 0x194d,0x194d,0x194d,0x194d,0x194d,0x194d,0x194d,0x194d,0x194d,0x194d,0x194d,0x194d,0x194d,0x194d,0x194d,0x194d,
 0x194d,0x194e,0x194e,0x194d,0x194d,0x194d,0x194d,0x194d,0x194d,0x194d,0x194d,0x194d,0x194d,0x194d,0x194d,0x194d,
 0x194d,0x194d,0x194d,0x194d,0x194d,0x194d,0x194d,0x194e,0x194e,0x194e,0x194e,0x194e,0x194e,0x194d,0x194d,0x194e,
 0x194e,0x194e,0x214e,0x194e,0x194e,0x194e,0x214e,0x214e,0x214e,0x214e,0x214e,0x214e,0x214e,0x214e,0x214e,0x214e,
 0x214e,0x214e,0x216e,0x216e,0x216e,0x214e,0x216e,0x216e,0x216e,0x216e,0x216e,0x214e,0x214e,0x214e,0x216e,0x216e,
 0x216e,0x216e,0x214e,0x214e,0x216e,0x216f,0x214e,0x214e,0x214e,0x214e,0x214e,0x214e,0x214e,0x214e,0x216e,0x214e,
 0x214e,0x214e,0x214e,0x214e,0x214e,0x214e,0x214e,0x214e,0x214e,0x216e,0x216e,0x216e,0x216e,0x216e,0x214e,0x216e,
 0x216f,0x216f,0x214e,0x216e,0x216e,0x216f,0x216f,0x214f,0x216f,0x216f,0x216f,0x216f,0x216f,0x216f,0x216f,0x216f,
 0x216f,0x216f,0x216f,0x216f,0x216f,0x216f,0x216f,0x216f,0x216f,0x216f,0x216f,0x216f,0x216f,0x296f,0x296f,0x296f,
 0x216f,0x216f,0x296f,0x216f,0x216f,0x216f,0x216f,0x216f,0x216f,0x296f,0x296f,0x216f,0x216f,0x216f,0x216f,0x216f,
 0x216f,0x216f,0x216f,0x216f,0x216f,0x216f,0x216f,0x216f,0x216f,0x296f,0x2970,0x2970,0x216f,0x29b0,0x39d1,0x41d1,
 0x2990,0x2990,0x3190,0x3191,0x216f,0x3190,0x216f,0x08eb,0x08ec,0x08cc,0x3333,0x116e,0x08aa,0x08eb,0x110c,0x2190,
 0x2190,0x2190,0x2190,0x2990,0x2190,0x216f,0x2190,0x2190,0x2190,0x216f,0x216f,0x2190,0x2190,0x2190,0x2190,0x2190,
 0x2190,0x2190,0x2190,0x2190,0x2990,0x2990,0x2990,0x2990,0x2990,0x39b1,0x31b1,0x2990,0x29b1,0x41f2,0x5a53,0x4a33,
 0x5a33,0x4a13,0x4a33,0x4213,0x4213,0x4233,0x4213,0x4213,0x4213,0x4a33,0x4a13,0x41f2,0x4213,0x4213,0x3a13,0x4233,
 0x5233,0x5233,0x5233,0x5233,0x5213,0x5233,0x5233,0x5233,0x5233,0x5233,0x5233,0x4a12,0x5213,0x4a13,0x5213,0x5212,
 0x216e,0x216f,0x216e,0x218f,0x10a7,0x190b,0x196e,0x194e,0x110c,0x194d,0x194e,0x194d,0x216e,0x194e,0x194d,0x194e,
 0x194e,0x194d,0x194e,0x216e,0x2990,0x29b1,0x29b1,0x29d1,0x31d1,0x31d1,0x29b1,0x31d1,0x29b1,0x29b1,0x29b1,0x2990,
 0x2990,0x29b0,0x2190,0x2190,0x2190,0x29b0,0x31b0,0x31b0,0x31d1,0x39d1,0x41d0,0x49f0,0x49f1,0x41d1,0x41d1,0x39b1,
 0x39d1,0x51f0,0x61f0,0x6a10,0x49cf,0x114d,0x31b0,0x31d1,0x29b0,0x29b0,0x31d1,0x31d1,0x39d1,0x39d1,0x41f1,0x6211,
 0x8a2f,0x6a10,0x924e,0xaa6d,0xa26d,0xb2ad,0x926d,0x194d,0x194d,0x194d,0x194e,0x194e,0x31d1,0x39d1,0x218f,0x39f1,
 0x5212,0x41af,0x214e,0x194e,0x192d,0x194d,0x194d,0x194d,0x194d,0x194d,0x194d,0x194d,0x216e,0x298f,0x194e,0x29b0,
 0x41f2,0x29b0,0x29b0,0x39f2,0x5a32,0x6a31,0x216e,0x194e,0x194d,0x29af,0x39d1,0x39d1,0x51f2,0x9a8f,0x59cc,0x112d,
 0x194d,0x194d,0x192d,0x112d,0x194d,0x194d,0x194e,0x194e,0x194d,0x194d,0x194d,0x194d,0x194d,0x194e,0x194d,0x194d,
 0x194d,0x194d,0x194d,0x194e,0x194d,0x194d,0x194d,0x194d,0x194d,0x194e,0x194d,0x194e,0x194e,0x194e,0x194e,0x194e,
 0x194e,0x194e,0x194e,0x194d,0x194e,0x194e,0x194e,0x194e,0x194e,0x194e,0x194e,0x194e,0x194e,0x194e,0x194e,0x194e,
 0x194e,0x194e,0x214e,0x296e,0x194e,0x194e,0x194e,0x194e,0x194e,0x194e,0x194e,0x214e,0x194e,0x194e,0x214e,0x214e,
 0x194e,0x214e,0x214e,0x216e,0x214e,0x214e,0x214e,0x214e,0x214e,0x214e,0x216e,0x216e,0x214e,0x214e,0x214e,0x214e,
 0x216e,0x216e,0x216e,0x216e,0x216e,0x216e,0x216e,0x216e,0x216e,0x216e,0x216e,0x216e,0x216e,0x216e,0x216e,0x216e,
 0x216e,0x216e,0x216f,0x216f,0x216f,0x216f,0x216f,0x216f,0x216f,0x216e,0x216e,0x216e,0x216e,0x216e,0x216e,0x216e,
 0x216e,0x216e,0x216e,0x216f,0x216f,0x216f,0x216f,0x216f,0x216f,0x216f,0x216f,0x216f,0x216f,0x216f,0x216f,0x216f,
 0x296f,0x296f,0x296f,0x216f,0x216f,0x216f,0x216f,0x216f,0x216f,0x296f,0x296f,0x216f,0x216f,0x296f,0x296f,0x296f,
 0x296f,0x296f,0x296f,0x216f,0x296f,0x296f,0x296f,0x296f,0x296f,0x296f,0x298f,0x296f,0x296f,0x298f,0x296f,0x298f,
 0x298f,0x298f,0x298f,0x296f,0x296f,0x296f,0x298f,0x298f,0x298f,0x298f,0x298f,0x296f,0x298f,0x296f,0x298f,0x296f,
 0x296f,0x296f,0x296f,0x2990,0x298f,0x2990,0x2990,0x2990,0x2990,0x2990,0x2970,0x216f,0x2170,0x2990,0x2190,0x216f,
 0x2990,0x2970,0x216f,0x2170,0x2190,0x2990,0x216f,0x08eb,0x116d,0x1a4f,0x11ad,0x19f0,0x10ec,0x110c,0x112d,0x2990,
 0x2990,0x2990,0x2990,0x2990,0x2990,0x2990,0x2990,0x2990,0x2990,0x2990,0x2990,0x2990,0x2990,0x2990,0x2990,0x2990,
 0x2990,0x2990,0x2990,0x2990,0x2990,0x2990,0x31b1,0x31b1,0x31d1,0x5233,0x5233,0x41f2,0x4a13,0x5233,0x5a33,0x6a53,
 0x6233,0x5233,0x5233,0x5233,0x5213,0x4a13,0x4213,0x4213,0x5213,0x5a33,0x5a33,0x4a13,0x5213,0x5a33,0x5233,0x5a33,
 0x5a33,0x5a33,0x5a33,0x5a33,0x5a33,0x5233,0x5233,0x5a33,0x5a33,0x5a32,0x5a33,0x5a33,0x5a32,0x5a32,0x5a12,0x5212,
 0x216f,0x216e,0x216e,0x2190,0x10c7,0x192c,0x216f,0x216f,0x110b,0x194e,0x194e,0x194d,0x218f,0x194e,0x194e,0x194e,
 0x194e,0x216e,0x216f,0x298f,0x218f,0x29b0,0x29d1,0x29d1,0x29d1,0x31d1,0x31d1,0x29b1,0x29d1,0x31d1,0x31d1,0x29b1,
 0x29b0,0x29b0,0x2190,0x2190,0x2190,0x29b0,0x29b0,0x29b0,0x29b0,0x29b0,0x31b0,0x39d0,0x39d1,0x31d1,0x31b0,0x31b0,
 0x41d1,0x6a10,0x51f0,0x31b0,0x39b0,0x31b0,0x31d1,0x31d0,0x31d1,0x31d1,0x29b0,0x31d1,0x39f1,0x39f1,0x41f1,0x6211,
 0x6a10,0x6a10,0x8a4f,0xa26e,0xa26d,0x824d,0x318d,0x112d,0x194d,0x194d,0x192d,0x298f,0x39f2,0x39f1,0x4212,0x39f2,
 0x5a11,0x6211,0x7230,0x61ee,0x192d,0x194d,0x194e,0x194e,0x194e,0x194e,0x194e,0x194e,0x194e,0x214e,0x296f,0x31d1,
 0x39d1,0x39f2,0x39f2,0x41f2,0x4212,0x5212,0x31d1,0x31d1,0x29b0,0x29b0,0x31d1,0x39d1,0x49d1,0x6a30,0x41ad,0x112d,
 0x194d,0x298f,0x51f0,0x6a0e,0x214d,0x194d,0x214e,0x194e,0x194e,0x194d,0x194d,0x194e,0x194e,0x194e,0x194e,0x194e,
 0x194e,0x194e,0x194e,0x214e,0x214e,0x214e,0x194e,0x214e,0x194e,0x194e,0x194e,0x194e,0x194e,0x194e,0x194e,0x194e,
 0x194e,0x194e,0x194e,0x194e,0x194e,0x194e,0x194e,0x194e,0x194e,0x194e,0x194e,0x194e,0x194e,0x194e,0x214e,0x214e,
 0x214e,0x216e,0x216e,0x298f,0x194e,0x214e,0x214e,0x214e,0x214e,0x216e,0x216e,0x216e,0x216e,0x214e,0x214e,0x214e,
 0x216e,0x216e,0x216e,0x214e,0x214e,0x214e,0x216e,0x216e,0x216e,0x216e,0x216e,0x216e,0x216e,0x216e,0x216e,0x216e,
 0x216e,0x216e,0x216f,0x216f,0x216f,0x216f,0x216e,0x216e,0x216e,0x216e,0x216e,0x216e,0x216f,0x216f,0x296f,0x216f,
 0x216f,0x216f,0x216f,0x216f,0x216f,0x216f,0x296f,0x296f,0x296f,0x216f,0x216f,0x216f,0x216f,0x216f,0x296f,0x296f,
 0x216f,0x296f,0x296f,0x296f,0x216f,0x296f,0x296f,0x216f,0x296f,0x216f,0x296f,0x296f,0x296f,0x296f,0x296f,0x298f,
 0x298f,0x296f,0x296f,0x296f,0x296f,0x296f,0x296f,0x296f,0x296f,0x298f,0x298f,0x298f,0x296f,0x296f,0x296f,0x296f,
 0x296f,0x296f,0x296f,0x296f,0x296f,0x296f,0x296f,0x298f,0x298f,0x298f,0x2990,0x2990,0x2990,0x298f,0x298f,0x298f,
 0x2990,0x2990,0x2990,0x2990,0x2990,0x2990,0x2990,0x2990,0x2990,0x2990,0x2990,0x2990,0x2990,0x2990,0x3190,0x2990,
 0x2970,0x2990,0x2990,0x2990,0x2990,0x2990,0x2990,0x2990,0x2990,0x2990,0x2990,0x2990,0x2990,0x2990,0x2990,0x3190,
 0x2990,0x2990,0x2990,0x2990,0x2990,0x31b1,0x216f,0x090c,0x118f,0x1a70,0x092b,0x1a31,0x110e,0x112e,0x112d,0x2991,
 0x2990,0x2991,0x2991,0x2991,0x31b1,0x31b1,0x31b1,0x31b1,0x31b1,0x3190,0x2990,0x2990,0x2990,0x3190,0x2990,0x2990,
 0x3190,0x2990,0x31b1,0x31b1,0x39b1,0x31b1,0x29b1,0x41f2,0x4a13,0x5233,0x5233,0x5233,0x5233,0x5a33,0x7a52,0x9271,
 0x6a52,0x5a33,0x7252,0x6a53,0x5a33,0x5a33,0x5233,0x5233,0x6233,0x6a52,0x6233,0x6253,0x6a53,0x6a53,0x6a53,0x6253,
 0x6253,0x6233,0x6232,0x6232,0x5213,0x5213,0x4a13,0x5a33,0x5a13,0x5212,0x4a12,0x5a13,0x5a13,0x4a12,0x5a13,0x5a13,
 0x2990,0x192c,0x190b,0x29b1,0x10a7,0x190b,0x2170,0x216f,0x10c9,0x196f,0x218f,0x21af,0x196e,0x216e,0x194e,0x194e,
 0x216e,0x2990,0x29b1,0x29b0,0x31d1,0x29d1,0x29d1,0x31d1,0x31d1,0x31d1,0x31d1,0x31d1,0x29d1,0x29d1,0x29d1,0x31d1,
 0x29b1,0x31d1,0x29b0,0x29b0,0x29b0,0x29b0,0x2990,0x29b0,0x2190,0x2190,0x2990,0x29b0,0x29b0,0x29b0,0x29b0,0x29b0,
 0x39b0,0x49d0,0x29b0,0x2990,0x49f0,0x59f0,0x41d1,0x49d1,0x39d1,0x39d1,0x39d1,0x41f1,0x41f1,0x49f1,0x49f1,0x49f1,
 0x41f1,0x59f0,0x820f,0x822f,0x6a0f,0x318e,0x090d,0x316d,0x214d,0x29b0,0x216e,0x194e,0x39f1,0x39f2,0x39f2,0x41f1,
 0x5a11,0x6211,0x7230,0xa28d,0x49ad,0x112e,0x214e,0x194e,0x214e,0x214e,0x194e,0x214e,0x214e,0x214e,0x216e,0x216e,
 0x216e,0x31d1,0x39f2,0x39d1,0x41f2,0x41f2,0x41f2,0x41f2,0x41f2,0x41f1,0x39d1,0x39d1,0x41f1,0x51f1,0x59f1,0x398f,
 0x2990,0x49f2,0x51f1,0x8a70,0x61cd,0x112d,0x194e,0x194e,0x194e,0x216e,0x216e,0x194e,0x194e,0x214e,0x214e,0x214e,
 0x214e,0x214e,0x216e,0x214e,0x214e,0x214e,0x214e,0x214e,0x214e,0x216e,0x214e,0x214e,0x214e,0x216e,0x214e,0x214e,
 0x214e,0x214e,0x214e,0x214e,0x214e,0x214e,0x214e,0x214e,0x214e,0x214e,0x214e,0x216e,0x214e,0x214e,0x214e,0x214e,
 0x216e,0x216e,0x216e,0x214e,0x216e,0x216e,0x216e,0x216e,0x216e,0x216e,0x216f,0x216e,0x216e,0x216e,0x216e,0x216e,
 0x216e,0x216e,0x216f,0x216e,0x216e,0x216e,0x216e,0x216e,0x216f,0x216f,0x296f,0x216f,0x216f,0x296f,0x296f,0x296f,
 0x216f,0x296f,0x296f,0x296f,0x296f,0x296f,0x296f,0x296f,0x296f,0x296f,0x296f,0x296f,0x296f,0x296f,0x296f,0x296f,
 0x296f,0x298f,0x298f,0x298f,0x296f,0x296f,0x296f,0x296f,0x296f,0x296f,0x296f,0x296f,0x296f,0x296f,0x296f,0x296f,
 0x298f,0x296f,0x296f,0x298f,0x298f,0x296f,0x296f,0x296f,0x298f,0x296f,0x296f,0x296f,0x298f,0x298f,0x298f,0x298f,
 0x298f,0x298f,0x298f,0x298f,0x298f,0x298f,0x2990,0x2990,0x2990,0x2990,0x3190,0x2990,0x3190,0x298f,0x298f,0x298f,
 0x3190,0x2990,0x3190,0x3190,0x3190,0x3190,0x3190,0x3190,0x3190,0x3190,0x3190,0x3190,0x3190,0x3190,0x3190,0x3190,
 0x3190,0x31b0,0x31b0,0x3190,0x3190,0x2990,0x3190,0x3190,0x3190,0x3190,0x31b0,0x31b0,0x31b0,0x31b0,0x3190,0x3190,
 0x3190,0x3190,0x3190,0x31b0,0x31b0,0x31b0,0x31b0,0x31b0,0x31b0,0x31b0,0x31b0,0x31b0,0x31b1,0x31b1,0x31b1,0x31b1,
 0x31b1,0x31b1,0x31b1,0x31b1,0x31b1,0x39d2,0x2990,0x090c,0x118f,0x122f,0x094b,0x1251,0x090e,0x092d,0x112d,0x3191,
 0x3191,0x31b1,0x31b1,0x31b1,0x31b1,0x31b1,0x31b1,0x31b1,0x31b1,0x31b1,0x31b1,0x31b1,0x31b1,0x31b1,0x31b1,0x31b1,
 0x31b1,0x39b1,0x39b1,0x31b1,0x5a33,0x5233,0x41f2,0x5233,0x5233,0x5233,0x6232,0x6a52,0x6a52,0x7252,0x9271,0x8272,
 0x7273,0x8272,0x9a92,0x7273,0x5a53,0x6a52,0x7252,0x7252,0x7a72,0x7a72,0x7253,0x7253,0x7252,0x6a52,0x6232,0x6232,
 0x5212,0x5212,0x5212,0x5a12,0x5213,0x41d2,0x29b0,0x41f2,0x51f2,0x31b1,0x29b0,0x41d2,0x49d2,0x31b1,0x31d1,0x31d1,
 0x29b1,0x190b,0x18ea,0x29b1,0x10a6,0x190b,0x2190,0x216e,0x10a7,0x216f,0x216f,0x218f,0x39d1,0x216f,0x216f,0x216f,
 0x194d,0x298f,0x31d1,0x31b0,0x31d1,0x31d1,0x31d1,0x31d1,0x31d1,0x31d1,0x31d1,0x31d1,0x31d1,0x31d1,0x31d1,0x31d1,
 0x31d1,0x31d1,0x29d1,0x29b0,0x29b0,0x2990,0x2990,0x2990,0x2190,0x2190,0x2990,0x2990,0x2990,0x2990,0x29b0,0x2990,
 0x2990,0x31b0,0x31b0,0x39b0,0x6a10,0x6a10,0x41d1,0x51f1,0x5a11,0x49f1,0x49f1,0x49f1,0x49f1,0x49f1,0x49f1,0x51f1,
 0x49d1,0x39d1,0x7210,0x822f,0x720f,0x69ef,0x51ce,0x822f,0x6a0f,0x41d1,0x39f1,0x298f,0x39f2,0x41f2,0x5a10,0x49f1,
 0x6211,0x6a11,0x8a4f,0xa2ae,0x720e,0x296e,0x214e,0x214e,0x214e,0x214e,0x216e,0x296e,0x216e,0x214e,0x194e,0x214e,
 0x194e,0x214e,0x216e,0x216e,0x41f1,0x5212,0x49f1,0x49f1,0x5212,0x51f2,0x51f2,0x49f2,0x49f2,0x41f1,0x49f1,0x49f1,
 0x39f1,0x41f1,0x41d1,0x51f1,0x51cf,0x294e,0x294d,0x194e,0x31b0,0x39f1,0x51f1,0x51cf,0x318e,0x216e,0x216e,0x214e,
 0x214e,0x418f,0x59ef,0x296e,0x296e,0x316e,0x216e,0x216e,0x216e,0x216e,0x216e,0x214e,0x216e,0x216e,0x216e,0x216e,
 0x216e,0x216e,0x216e,0x216e,0x216e,0x216e,0x216e,0x216e,0x216f,0x216e,0x216e,0x216e,0x216e,0x216e,0x216e,0x214e,
 0x216e,0x216e,0x216e,0x216e,0x216e,0x216e,0x296f,0x216f,0x296f,0x296f,0x296f,0x296f,0x296e,0x296e,0x296e,0x296f,
 0x296f,0x296f,0x296f,0x296f,0x296f,0x296f,0x296f,0x296f,0x296f,0x296f,0x296f,0x296f,0x296f,0x296f,0x296f,0x296f,
 0x296f,0x296f,0x296f,0x296f,0x296f,0x296f,0x298f,0x298f,0x296f,0x296f,0x296f,0x296f,0x296f,0x296f,0x296f,0x296f,
 0x298f,0x298f,0x298f,0x298f,0x298f,0x298f,0x296f,0x298f,0x298f,0x296f,0x296f,0x296f,0x298f,0x298f,0x318f,0x298f,
 0x318f,0x298f,0x298f,0x318f,0x298f,0x298f,0x296f,0x296f,0x318f,0x318f,0x298f,0x318f,0x318f,0x318f,0x318f,0x318f,
 0x318f,0x318f,0x3190,0x3190,0x3190,0x3190,0x3190,0x3190,0x3190,0x3190,0x3190,0x3190,0x3190,0x3190,0x3190,0x3190,
 0x3190,0x3190,0x3190,0x3190,0x3190,0x3190,0x3190,0x3190,0x3190,0x3190,0x3190,0x3190,0x3190,0x3190,0x3190,0x3190,
 0x3190,0x31b0,0x31b0,0x31b0,0x3190,0x3190,0x3190,0x31b0,0x31b0,0x31b0,0x31b0,0x31b1,0x31b0,0x31b0,0x31b0,0x31b0,
 0x31b0,0x3190,0x31b0,0x31b0,0x39b1,0x31b1,0x31b1,0x39b1,0x39b1,0x39b1,0x31b1,0x31b1,0x39b1,0x39b1,0x39b1,0x39b1,
 0x39b1,0x39b1,0x39b1,0x39b1,0x39d1,0x39d2,0x3190,0x112d,0x118e,0x120f,0x096c,0x1a52,0x090e,0x090d,0x112d,0x3191,
 0x3191,0x39b1,0x31b1,0x39b1,0x39b1,0x39b1,0x39b1,0x39d1,0x39d1,0x31b1,0x39b1,0x39b1,0x39b1,0x31b1,0x31b1,0x31b1,
 0x31b1,0x49f2,0x41d2,0x5212,0x6a53,0x6253,0x7272,0x8292,0x8a92,0x7273,0x9ab1,0xa291,0x9a91,0x9291,0x7a51,0x5212,
 0x41f1,0x8a71,0x8272,0x8272,0x9a91,0x9a71,0x6232,0x5a12,0x5212,0x39f2,0x6232,0x7252,0x7252,0x5a12,0x41d2,0x39b1,
 0x41d1,0x39d2,0x51f2,0x5a13,0x5a13,0x49d1,0x3191,0x29b0,0x39b1,0x31b1,0x29b0,0x31b1,0x39d1,0x31b1,0x31b1,0x31b1,
 0x31b1,0x212c,0x18e9,0x29b1,0x0886,0x18ea,0x216f,0x216f,0x10c8,0x216f,0x218f,0x216f,0x216f,0x214f,0x216f,0x216f,
 0x216e,0x216e,0x298f,0x2990,0x29b0,0x31d1,0x31d1,0x29b0,0x31d1,0x31d1,0x31d1,0x31d1,0x31d1,0x31d1,0x31d1,0x31d1,
 0x31d1,0x31d1,0x31d1,0x31d1,0x29b0,0x29b0,0x29b0,0x2990,0x2990,0x2990,0x2990,0x2990,0x2990,0x2990,0x2990,0x31b0,
 0x2990,0x2990,0x39b1,0x41d1,0x41d1,0x41f1,0x41d1,0x41d0,0x51f0,0x49f1,0x41d1,0x49f1,0x49f1,0x49f1,0x51f1,0x59f1,
 0x7210,0x59f0,0x720f,0x6a10,0x6a10,0x6a10,0x5a10,0x51f0,0x51f1,0x41f1,0x41f1,0x41f1,0x41f1,0x4a11,0x6a31,0x6211,
 0x7230,0x924f,0xb28d,0xaaad,0xa28e,0x398e,0x214e,0x216e,0x214e,0x216e,0x216e,0x296f,0x216e,0x216e,0x216e,0x216e,
 0x216e,0x216e,0x216e,0x31b0,0x41d0,0x51d0,0x39af,0x216e,0x318f,0x41d1,0x41d1,0x49f1,0x49f2,0x5211,0x51f0,0x51f1,
 0x51f1,0x49f1,0x49f1,0x49f1,0x6210,0x7a10,0x51af,0x2990,0x4212,0x41f2,0x5212,0x9290,0x722d,0x112e,0x296e,0x216e,
 0x214e,0x296e,0x398f,0x318f,0x398f,0x49cf,0x318e,0x318f,0x296e,0x216e,0x296e,0x296f,0x216e,0x296e,0x296f,0x216e,
 0x216e,0x216f,0x296f,0x296f,0x296f,0x296f,0x296f,0x296f,0x296f,0x296f,0x296f,0x296f,0x296f,0x296f,0x296f,0x296f,
 0x296f,0x296f,0x296f,0x296f,0x296f,0x296f,0x296f,0x296f,0x296f,0x296f,0x296f,0x296f,0x296f,0x296f,0x296f,0x296f,
 0x296f,0x296f,0x296f,0x296f,0x296f,0x296f,0x296f,0x296f,0x296f,0x296f,0x296f,0x296f,0x296f,0x296f,0x298f,0x298f,
 0x298f,0x298f,0x318f,0x318f,0x318f,0x318f,0x318f,0x318f,0x3190,0x318f,0x318f,0x318f,0x318f,0x318f,0x318f,0x318f,
 0x318f,0x318f,0x318f,0x318f,0x318f,0x318f,0x318f,0x318f,0x318f,0x316f,0x318f,0x318f,0x318f,0x318f,0x3190,0x3190,
 0x3190,0x3190,0x3190,0x318f,0x3190,0x3190,0x3190,0x3190,0x3190,0x3190,0x3190,0x3190,0x3190,0x3190,0x3190,0x3190,
 0x3190,0x3190,0x3190,0x3190,0x3190,0x3190,0x3990,0x31b0,0x3990,0x3990,0x39b0,0x39b0,0x3990,0x3190,0x3990,0x3190,
 0x3990,0x39b0,0x3990,0x3990,0x39b0,0x39b0,0x39b0,0x39b0,0x3990,0x3990,0x39b0,0x3990,0x3990,0x3990,0x3990,0x39b0,
 0x39b0,0x39b0,0x39b1,0x39b1,0x39b1,0x39b0,0x39b1,0x39b1,0x39b1,0x39b1,0x39b1,0x39b1,0x39b1,0x39b1,0x39b1,0x39b1,
 0x39b1,0x39b1,0x39b1,0x39b1,0x39b1,0x39b1,0x49d0,0x39b1,0x39b1,0x39b1,0x41b0,0x41d1,0x39d1,0x41b1,0x39b1,0x39d1,
 0x39d1,0x39d1,0x39d2,0x41d2,0x39d2,0x41f2,0x31b0,0x090d,0x11af,0x1af1,0x094c,0x1a91,0x110d,0x090d,0x192d,0x39b1,
 0x39b1,0x39b1,0x39b1,0x39d1,0x39d2,0x41d2,0x39d2,0x39d1,0x39d2,0x39b1,0x41d1,0x41d2,0x31b1,0x5210,0x7251,0x5212,
 0x5a31,0x8272,0x8a91,0x8a91,0xa2b0,0xaad0,0x8271,0x8270,0x9ab0,0xc2f0,0xa2b0,0x6211,0x9270,0x6a31,0x31d1,0x31b1,
 0x31b1,0x39d1,0x5a11,0x8a71,0x7a50,0x51f1,0x31b1,0x31b1,0x39b1,0x49f1,0x7232,0x6212,0x5212,0x5212,0x41d2,0x39b1,
 0x51f2,0x41d2,0x39b1,0x39b1,0x41d1,0x39b1,0x31b1,0x31b1,0x31b1,0x31b1,0x39b1,0x31b1,0x39d1,0x39d1,0x39d1,0x31d1,
 0x31d2,0x10a7,0x10a7,0x29b1,0x0885,0x10c9,0x214e,0x29b0,0x10c8,0x2970,0x2990,0x216f,0x218f,0x218f,0x216f,0x298f,
 0x218f,0x216f,0x216e,0x216e,0x216f,0x29b0,0x218f,0x216f,0x218f,0x29b0,0x31d1,0x31d1,0x31d1,0x31d1,0x31d1,0x31d1,
 0x31d1,0x31d1,0x31d1,0x31d1,0x31d1,0x31d1,0x29b1,0x29b0,0x29b0,0x29b0,0x2190,0x2990,0x2190,0x2990,0x2990,0x2990,
 0x2990,0x2190,0x29b0,0x39b1,0x31b0,0x29b0,0x31b0,0x39d1,0x39d1,0x31b1,0x39d1,0x51f1,0x51f1,0x49d1,0x6a10,0x59f1,
 0x924f,0x6a10,0x51f0,0x820f,0x59f0,0x49f1,0x6210,0x7a2f,0x51f1,0x49f1,0x49f1,0x49f1,0x51f1,0x5a11,0x5212,0x49f1,
 0x6a0f,0xaa6d,0xbaad,0xbaed,0xbaed,0x318e,0x214e,0x216e,0x296e,0x296f,0x296f,0x296f,0x296f,0x296f,0x296f,0x296f,
 0x296f,0x296f,0x296f,0x216f,0x216e,0x216f,0x216f,0x216f,0x216e,0x216e,0x216f,0x41d0,0x5a11,0x6a10,0x8a2f,0x61f0,
 0x59f0,0x6a10,0x7a30,0x7210,0x6a10,0x6a10,0x61f1,0x6211,0x5a11,0x5a11,0x5a11,0x6a31,0x6a0f,0x49af,0x196f,0x318e,
 0x316e,0x214e,0x296f,0x296f,0x296f,0x296e,0x296f,0x41af,0x39af,0x318f,0x318f,0x296f,0x298f,0x296f,0x296f,0x296f,
 0x296f,0x296f,0x296f,0x296f,0x296f,0x296f,0x296f,0x296f,0x296f,0x296f,0x296f,0x298f,0x298f,0x296f,0x296f,0x298f,
 0x298f,0x296f,0x296f,0x296f,0x296f,0x296f,0x298f,0x318f,0x318f,0x318f,0x318f,0x318f,0x318f,0x318f,0x316f,0x296f,
 0x316f,0x296f,0x318f,0x318f,0x318f,0x318f,0x318f,0x318f,0x318f,0x318f,0x318f,0x318f,0x318f,0x318f,0x3190,0x3190,
 0x318f,0x318f,0x3190,0x3190,0x3190,0x3190,0x3190,0x3190,0x3190,0x3190,0x3190,0x3190,0x318f,0x318f,0x318f,0x318f,
 0x3190,0x3190,0x3190,0x318f,0x318f,0x3190,0x3190,0x3990,0x3990,0x3990,0x3190,0x3190,0x3190,0x3990,0x3990,0x3990,
 0x39b0,0x3990,0x3990,0x3190,0x3190,0x3990,0x3990,0x3990,0x3990,0x3990,0x3990,0x3990,0x39b0,0x3990,0x3990,0x3990,
 0x3990,0x39b0,0x3990,0x39b0,0x39b0,0x39b0,0x39b0,0x39b0,0x39b0,0x39b0,0x39b0,0x39b0,0x39b0,0x39b0,0x39b0,0x39b0,
 0x39b0,0x39b1,0x41b1,0x39b0,0x39b0,0x39b1,0x39b1,0x41b1,0x39b0,0x39b1,0x39b1,0x39b1,0x39b1,0x39b1,0x39b1,0x39b1,
 0x39b1,0x39b1,0x39b1,0x39b1,0x39b1,0x39b1,0x39b1,0x39d1,0x39d1,0x41d1,0x39b1,0x41b1,0x41d1,0x41d1,0x41d1,0x41d1,
 0x41d1,0x41d1,0x41d1,0x41d1,0x41d1,0x41d1,0x41d1,0x41d1,0x41d1,0x41d1,0x41b1,0x41d1,0x41d1,0x41d1,0x41d2,0x41d2,
 0x41d2,0x41d2,0x41d2,0x49f2,0x49f2,0x51f3,0x41d1,0x092d,0x11af,0x1270,0x116c,0x1a92,0x08ed,0x092e,0x192d,0x41d2,
 0x41d2,0x49f2,0x41d2,0x41d2,0x41d2,0x41d2,0x41d2,0x41d2,0x49f2,0x49f2,0x5a11,0x5a12,0x6232,0x8a70,0x6a31,0x5212,
 0x5211,0x8250,0x8a50,0x49f1,0x6a30,0xaaaf,0x41d1,0x31b2,0x6231,0x9270,0x41d1,0x31b2,0x31b1,0x39b1,0x39d2,0x41d2,
 0x39d2,0x39d1,0x39d1,0x39d2,0x39d2,0x41d2,0x49f2,0x39d1,0x41d1,0x41d2,0x41d2,0x39d2,0x39d1,0x39d1,0x39d1,0x39d1,
 0x39b1,0x39b1,0x39b1,0x31b1,0x31b1,0x31b1,0x39d1,0x41b1,0x41b1,0x4991,0x41b1,0x41b1,0x39d1,0x41d2,0x39d2,0x41f2,
 0x31d2,0x18e9,0x10a7,0x31b0,0x0885,0x10c8,0x190b,0x31b0,0x10c8,0x2990,0x29b1,0x29b0,0x31d1,0x29b1,0x29b0,0x2990,
 0x2990,0x2990,0x2990,0x298f,0x296f,0x2990,0x298f,0x218f,0x29b0,0x31d1,0x31d1,0x218f,0x216f,0x31b1,0x2990,0x31d1,
 0x31d1,0x31d1,0x31d1,0x31d1,0x31d1,0x31d1,0x31d1,0x31d1,0x31d1,0x29b0,0x2990,0x2990,0x2990,0x2990,0x2990,0x2990,
 0x2990,0x2190,0x29b0,0x29b0,0x29b0,0x2990,0x29b0,0x39d1,0x31b1,0x29b0,0x49f1,0x51f1,0x41d1,0x59f0,0x6a10,0x6211,
 0x6a10,0x7230,0x7230,0x8230,0x822f,0x7a0f,0x822f,0xa26e,0x722f,0x49f1,0x51f1,0x5211,0x5211,0x51f1,0x5a11,0x5a11,
 0x7231,0xa28e,0xa28d,0x51ef,0x5a0e,0x216f,0x296e,0x296e,0x216e,0x216e,0x39af,0x398f,0x216f,0x296f,0x296f,0x296f,
 0x296f,0x296f,0x296f,0x296f,0x296f,0x296f,0x296f,0x296f,0x298f,0x296f,0x298f,0x41d0,0x720f,0x7230,0x49cf,0x214e,
 0x296f,0x7230,0xa28f,0x7a2f,0x51af,0x49d0,0x5a11,0x7251,0x7231,0x7231,0x8a50,0x7230,0x7250,0x9250,0x51f0,0x620f,
 0x824e,0x318e,0x296f,0x296f,0x318f,0x296f,0x296f,0x296e,0x298f,0x318f,0x318f,0x318f,0x318f,0x318f,0x318f,0x316f,
 0x316f,0x298f,0x318f,0x318f,0x318f,0x318f,0x298f,0x318f,0x316f,0x296f,0x318f,0x318f,0x296f,0x318f,0x318f,0x318f,
 0x318f,0x318f,0x318f,0x318f,0x318f,0x318f,0x318f,0x318f,0x3190,0x3190,0x318f,0x318f,0x318f,0x3190,0x3190,0x318f,
 0x318f,0x318f,0x318f,0x318f,0x318f,0x318f,0x318f,0x318f,0x318f,0x318f,0x318f,0x3190,0x3190,0x3190,0x3190,0x3190,
 0x318f,0x318f,0x3190,0x3190,0x39b0,0x39b0,0x39b0,0x39b0,0x39b0,0x39b0,0x3990,0x39b0,0x3990,0x3990,0x3990,0x3990,
 0x3190,0x3990,0x3990,0x3990,0x3990,0x3990,0x3990,0x39b0,0x39b0,0x39b0,0x39b0,0x3990,0x3990,0x3990,0x3990,0x39b0,
 0x39b0,0x39b0,0x39b0,0x39b0,0x39b0,0x39b0,0x39b0,0x39b0,0x39b0,0x39b0,0x39b0,0x39b0,0x39b0,0x39b0,0x39b0,0x39b0,
 0x39b0,0x39b0,0x39b0,0x39b0,0x41b0,0x41b0,0x41b0,0x41b0,0x41b0,0x41b0,0x41b0,0x41b1,0x41b1,0x41b1,0x41b1,0x41b1,
 0x41b1,0x41b1,0x41b1,0x41b1,0x41d1,0x41d1,0x41d1,0x41b1,0x41b1,0x41b1,0x41b1,0x41b1,0x41b1,0x41d1,0x41d1,0x41d1,
 0x41b1,0x41d1,0x41d1,0x41d1,0x41d1,0x41d1,0x41d1,0x41d1,0x41d1,0x41d1,0x41d1,0x41d1,0x41d1,0x41d1,0x41d1,0x49d1,
 0x49d1,0x49d1,0x41d1,0x41d1,0x41d1,0x41d1,0x31b1,0x49d1,0x41d1,0x49d2,0x39b1,0x41d1,0x49d1,0x41d2,0x49d2,0x49d2,
 0x49f2,0x49d2,0x49f2,0x49f2,0x49f2,0x5212,0x39b1,0x114e,0x11b0,0x120f,0x118c,0x1a92,0x114f,0x112d,0x192d,0x49d2,
 0x41d2,0x49f2,0x49f2,0x49f2,0x49f2,0x49f2,0x41d2,0x41d2,0x49d2,0x49f2,0x41d2,0x49f2,0x51f2,0x49f2,0x39d2,0x41d2,
 0x39b2,0x39d2,0x41d1,0x39b2,0x39d1,0x41f1,0x41d2,0x41d2,0x41d2,0x39b2,0x39d2,0x41d1,0x41d1,0x41d1,0x41f2,0x41f2,
 0x41f2,0x41f2,0x41f2,0x41f2,0x41d2,0x49f2,0x5212,0x41d2,0x39d1,0x41d2,0x41d2,0x41d2,0x41d2,0x41d2,0x41d2,0x41d2,
 0x41d2,0x41d2,0x39d1,0x39d1,0x39d1,0x41d1,0x41d2,0x49d2,0x6990,0xa12d,0x7190,0x49d1,0x41f2,0x41f2,0x41f2,0x41f2,
 0x39d2,0x10a6,0x1086,0x294d,0x10a7,0x0884,0x18e9,0x212c,0x0865,0x292b,0x318f,0x31d1,0x31d1,0x29b0,0x29b0,0x29b0,
 0x3190,0x31b0,0x2990,0x3190,0x3190,0x2990,0x2990,0x2990,0x2990,0x2990,0x2990,0x2990,0x298f,0x296f,0x2990,0x31d1,
 0x31d1,0x31d1,0x31d1,0x31d1,0x31d1,0x31b1,0x31b1,0x31b1,0x31b1,0x31b1,0x31d1,0x29d1,0x29b1,0x29b0,0x29b0,0x31b1,
 0x29b1,0x29b1,0x31d1,0x31d1,0x29b0,0x29b0,0x29b0,0x31b0,0x29b0,0x31b1,0x41d1,0x41d1,0x49f1,0x51f1,0x51d1,0x51f1,
 0x51f1,0x59f1,0x6210,0x6210,0x59f0,0x6a10,0x822f,0x6210,0x51f0,0x49f1,0x6210,0x924f,0x5a11,0x51f1,0x8a4f,0x6a31,
 0x5211,0x8a4f,0x61ce,0x192f,0x216f,0x296e,0x296f,0x316f,0x41af,0x41b0,0x49d0,0x822e,0x51cf,0x216f,0x296f,0x296f,
 0x296f,0x296f,0x296f,0x296f,0x296f,0x296f,0x296f,0x296f,0x296f,0x296f,0x316f,0x296f,0x316f,0x318f,0x216f,0x296f,
 0x296f,0x41af,0x41af,0x318f,0x216f,0x216f,0x31af,0x7a2f,0x722f,0x39af,0x51cf,0x9a6f,0xb28e,0x620f,0x61ee,0x9a6e,
 0xb2ce,0x8a4f,0x8a4e,0x51cf,0x316f,0x49ae,0x398e,0x318f,0x318f,0x318f,0x318f,0x318f,0x318f,0x318f,0x316f,0x316f,
 0x316f,0x318f,0x318f,0x318f,0x318f,0x318f,0x318f,0x318f,0x318f,0x318f,0x318f,0x318f,0x3190,0x3990,0x3190,0x3190,
 0x3990,0x3990,0x3990,0x3190,0x3190,0x3190,0x3990,0x3990,0x3990,0x3190,0x3990,0x3990,0x3190,0x3990,0x3990,0x3990,
 0x3990,0x3990,0x3990,0x3990,0x398f,0x318f,0x318f,0x3990,0x3990,0x3990,0x3990,0x3990,0x3990,0x39b0,0x39b0,0x39b0,
 0x39b0,0x39b0,0x39b0,0x39b0,0x39b0,0x39b0,0x39b0,0x39b0,0x39b0,0x39b0,0x39b0,0x39b0,0x39b0,0x39b0,0x39b0,0x39b0,
 0x3990,0x3990,0x3990,0x39b0,0x39b0,0x39b0,0x39b0,0x39b0,0x39b0,0x41b0,0x41b0,0x39b0,0x39b0,0x41b0,0x41b0,0x41b0,
 0x41b0,0x41b0,0x41b0,0x41b0,0x41b0,0x41b0,0x41b0,0x41b0,0x41b0,0x41b0,0x41b0,0x41b0,0x41b0,0x41b0,0x41b0,0x41b0,
 0x41b0,0x41b0,0x41b0,0x41b0,0x41b1,0x49b1,0x41b1,0x41b1,0x41d1,0x41d1,0x41d1,0x49d1,0x49d1,0x49d1,0x49d1,0x49d1,
 0x49d1,0x49d1,0x49d1,0x49d1,0x49d1,0x49d1,0x49d1,0x49d1,0x49d1,0x49d1,0x49d1,0x49d1,0x49d1,0x49d1,0x49d1,0x49d1,
 0x49d1,0x49d1,0x49d1,0x49f2,0x49d1,0x49d1,0x49d1,0x49d1,0x49d1,0x49d2,0x49d1,0x49d2,0x49d2,0x49f2,0x49f2,0x49f2,
 0x49f2,0x49f2,0x49f2,0x49f2,0x49f2,0x49d2,0x3190,0x51d2,0x51d2,0x51d2,0x49d1,0x49d2,0x51f2,0x51f2,0x51f2,0x51f2,
 0x51f2,0x51f2,0x51f2,0x51f2,0x51f2,0x5213,0x41d1,0x090d,0x11af,0x1ab1,0x098d,0x1a92,0x110e,0x090d,0x192d,0x51f2,
 0x49f2,0x49f2,0x51f2,0x49f2,0x41d2,0x49f2,0x49f2,0x49f2,0x49f2,0x49f2,0x49f2,0x49f2,0x49f2,0x49f2,0x49f2,0x49f2,
 0x49f2,0x49f2,0x49f2,0x49f2,0x49f2,0x49f2,0x49f2,0x49f2,0x49f2,0x49f2,0x49f2,0x49f2,0x49f2,0x49f2,0x49f2,0x49f2,
 0x49f2,0x4a13,0x4a13,0x4a12,0x49f2,0x49f2,0x49f2,0x49f2,0x49f2,0x41f2,0x41d2,0x41f2,0x49f2,0x41d2,0x41d2,0x41f2,
 0x49f2,0x49f2,0x49f2,0x51f2,0x49f2,0x49d2,0x41d2,0x49d2,0xa14e,0xfa6a,0x996f,0x59d2,0x49f2,0x49f2,0x49f2,0x49f2,
 0x39d1,0x210a,0x0023,0x18c8,0x18c8,0x08c6,0x18ea,0x294f,0x0865,0x1086,0x296e,0x31d1,0x31b1,0x31b1,0x31b0,0x31b0,
 0x2990,0x29b0,0x3190,0x3190,0x3190,0x3190,0x3190,0x3190,0x3190,0x3190,0x3190,0x3190,0x3190,0x2990,0x2990,0x2990,
 0x2990,0x2990,0x31b0,0x31d1,0x31d1,0x31b1,0x29b0,0x31b1,0x31b1,0x31d1,0x31d1,0x31d1,0x31d1,0x31d1,0x31d1,0x31d1,
 0x31d1,0x31d1,0x31d1,0x31d1,0x31d1,0x29b0,0x29b0,0x29b0,0x29b1,0x29b1,0x31b1,0x31b1,0x41d1,0x39d1,0x41d1,0x49d1,
 0x49d1,0x49d1,0x49d0,0x59f1,0x59f1,0x51f1,0x59f0,0x49d1,0x59f1,0x6a10,0x8a2f,0x9a4e,0x924f,0x6a11,0x8a6f,0x8a70,
 0x6211,0x7210,0x924f,0x49af,0x216f,0x216f,0x318f,0x296f,0x39af,0x41b0,0x51d0,0x69ef,0xaa8d,0x69ee,0x318f,0x296f,
 0x316f,0x296f,0x296f,0x296f,0x316f,0x316f,0x318f,0x318f,0x318f,0x398f,0x418f,0x316f,0x316f,0x296f,0x316f,0x296f,
 0x318f,0x296f,0x296f,0x296f,0x318f,0x318f,0x318f,0x318f,0x318f,0x296f,0x216f,0x49ce,0x720e,0x296f,0x194f,0x59ef,
 0x6a2e,0x398f,0x51cf,0x49cf,0x316f,0x720e,0x49af,0x398f,0x398f,0x318f,0x39af,0x41af,0x318f,0x318f,0x49af,0x318f,
 0x318f,0x398f,0x318f,0x318f,0x398f,0x398f,0x3990,0x398f,0x398f,0x398f,0x3990,0x3990,0x39b0,0x3990,0x39b0,0x3990,
 0x3990,0x3990,0x3990,0x39b0,0x3990,0x3990,0x3990,0x3990,0x3990,0x39b0,0x39b0,0x39b0,0x39b0,0x39b0,0x39b0,0x3990,
 0x3990,0x39b0,0x39b0,0x39b0,0x39b0,0x41f0,0x3990,0x3990,0x39b0,0x3990,0x39b0,0x39b0,0x39b0,0x39b0,0x39b0,0x41b0,
 0x39b0,0x41b0,0x41b0,0x41b0,0x41b0,0x41b0,0x41b0,0x41b0,0x41b0,0x41b0,0x41b0,0x41b0,0x41b0,0x41b0,0x41b0,0x41b0,
 0x41b0,0x41b0,0x41b0,0x41b0,0x41b0,0x41b0,0x41b0,0x41b0,0x41b0,0x41b0,0x41b0,0x41b0,0x41b0,0x41b0,0x41b0,0x41b0,
 0x49b0,0x49d0,0x49d0,0x49d0,0x49b0,0x49b0,0x49b0,0x49b0,0x49b0,0x49b0,0x49d0,0x49d0,0x49d0,0x49d0,0x49d0,0x49d0,
 0x49d0,0x49d0,0x49d1,0x49d1,0x49d1,0x49d0,0x49d0,0x49d1,0x49d1,0x49d1,0x49d1,0x49d1,0x51d1,0x49d1,0x49d1,0x49d1,
 0x49d1,0x51d1,0x51d1,0x49d1,0x51d1,0x51d1,0x51f1,0x51f1,0x51d1,0x51f1,0x51d1,0x51d1,0x51f1,0x51f1,0x51f1,0x51f2,
 0x51d1,0x51d1,0x51f1,0x51f2,0x51f2,0x51f1,0x49f1,0x51f2,0x51f2,0x51f2,0x51f2,0x51f2,0x51f2,0x51f2,0x51f2,0x51f2,
 0x51f2,0x51f2,0x51f2,0x51f2,0x51f2,0x59f2,0x41d1,0x5a33,0x5a12,0x59f3,0x49b1,0x51d1,0x51f2,0x51f2,0x51f2,0x51f2,
 0x51f2,0x5212,0x51f2,0x5a12,0x5212,0x5a13,0x41d1,0x090d,0x11af,0x1ad1,0x096c,0x1a92,0x114f,0x092e,0x192d,0x5a13,
 0x5212,0x5212,0x51f3,0x51f2,0x59f1,0x51f2,0x51f2,0x51f2,0x51f2,0x5212,0x5212,0x51f2,0x5212,0x5212,0x5212,0x5212,
 0x51f2,0x51f2,0x51f2,0x51f2,0x51f2,0x49f2,0x41f2,0x49f2,0x41f2,0x41f2,0x51f2,0x51f2,0x51f2,0x49f2,0x49f2,0x4a13,
 0x5213,0x49f2,0x5213,0x7232,0x6a12,0x6212,0x6212,0x5a12,0x51f2,0x49f2,0x49f2,0x51f2,0x49f2,0x51f2,0x5212,0x49f2,
 0x5a12,0x5212,0x5212,0x6a32,0x6232,0x5212,0x49f2,0x51f2,0x71b0,0x68a6,0x79b1,0x59f2,0x51f2,0x5212,0x5212,0x51f2,
 0x41f2,0x39af,0x10a7,0x2109,0x0843,0x0844,0x294e,0x18c8,0x0844,0x292c,0x3190,0x39b1,0x31b1,0x31d1,0x31b1,0x39d1,
 0x39b1,0x39d1,0x39d1,0x39d1,0x31b0,0x3190,0x3190,0x3190,0x3190,0x3190,0x31b0,0x31b0,0x31b0,0x3190,0x3190,0x2990,
 0x3190,0x31b1,0x29b0,0x31b0,0x31b0,0x31b1,0x29b0,0x31b0,0x31b1,0x31d1,0x39d1,0x39d1,0x31d1,0x31d1,0x31d1,0x31d1,
 0x31d1,0x31d1,0x31d1,0x31d1,0x31d1,0x31d1,0x31b1,0x29b1,0x29b0,0x29b1,0x29b1,0x29b1,0x29b1,0x31b1,0x39b1,0x39b1,
 0x39d1,0x39b1,0x39b0,0x51f1,0x49f1,0x41d1,0x49d1,0x51f1,0x59f1,0x6211,0x7a30,0x924f,0xa28f,0xaa8f,0x928f,0xa28f,
 0x924f,0x6a10,0x7210,0x6a10,0x398f,0x51cf,0x9a6e,0x69ee,0x2170,0x298f,0x298f,0x318f,0x620f,0x7a2e,0x39af,0x298f,
 0x398f,0x61ef,0x41af,0x51af,0x398f,0x398f,0x39b0,0x318f,0x3990,0x49af,0x49af,0x41b0,0x41b0,0x39b0,0x49af,0x398f,
 0x318f,0x318f,0x318f,0x318f,0x318f,0x318f,0x318f,0x318f,0x318f,0x318f,0x318f,0x296f,0x296f,0x398f,0x398f,0x318f,
 0x318f,0x318f,0x318f,0x318f,0x398f,0x318f,0x318f,0x39af,0x398f,0x3990,0x41b0,0x61ef,0x51d0,0x41b0,0x822e,0x61ee,
 0x318f,0x3990,0x49cf,0x51cf,0x398f,0x39b0,0x41af,0x39af,0x39b0,0x39af,0x39b0,0x39b0,0x39b0,0x41b0,0x41b0,0x41b0,
 0x41b0,0x41b0,0x41b0,0x41b0,0x41b0,0x41b0,0x41b0,0x41b0,0x41b0,0x41b0,0x41b0,0x41b0,0x41b0,0x41b0,0x41b0,0x41b0,
 0x41b0,0x41b0,0x41b0,0x41b0,0x41b0,0x49d0,0x4190,0x4190,0x4190,0x41b0,0x41b0,0x41b0,0x41b0,0x41b0,0x41b0,0x41b0,
 0x41b0,0x41b0,0x41b0,0x41b0,0x41b0,0x49b0,0x49b0,0x49b0,0x49b0,0x49b0,0x49b0,0x49b0,0x49b0,0x49b0,0x41b0,0x49b0,
 0x49b0,0x49b0,0x49b0,0x49d0,0x49d0,0x49b0,0x49b0,0x49b0,0x49b0,0x49b0,0x49b0,0x49b0,0x49b0,0x49b0,0x49d0,0x49d0,
 0x49d0,0x51d0,0x51d0,0x51d0,0x51d0,0x51d0,0x51d0,0x51d0,0x51b0,0x51d0,0x51d0,0x51d0,0x51d0,0x51d0,0x51d0,0x51d0,
 0x51d0,0x51d0,0x51d0,0x51d1,0x51d1,0x51d1,0x51d1,0x51d1,0x51d1,0x51d1,0x51f1,0x51f1,0x51f1,0x51f1,0x51f1,0x51f1,
 0x51f1,0x51f1,0x59f1,0x51f1,0x59f1,0x59f1,0x59f1,0x59f1,0x59f1,0x59f1,0x59f1,0x59f1,0x59f1,0x59f2,0x59f2,0x59f2,
 0x59f2,0x59f2,0x59f2,0x59f2,0x59f2,0x59f2,0x59f2,0x59f2,0x59f2,0x59f2,0x59f2,0x5a12,0x5a12,0x59f2,0x5a12,0x5a12,
 0x5a12,0x5a12,0x5a12,0x5a12,0x6212,0x49d1,0x20ee,0x290e,0x212e,0x41b1,0x49b1,0x51f1,0x5a12,0x59f2,0x5a12,0x5a12,
 0x5a12,0x6212,0x6232,0x6232,0x6212,0x6233,0x49d1,0x092e,0x11d0,0x1210,0x11ad,0x1a93,0x0950,0x096f,0x192d,0x5a12,
 0x5a12,0x5a12,0x5a13,0x5a12,0x49b0,0x5a12,0x5a12,0x5a12,0x5a12,0x5a12,0x5a12,0x6212,0x5a12,0x5a12,0x5a12,0x5a12,
 0x5a12,0x5a12,0x59f2,0x51f2,0x41f3,0x39f3,0x39f2,0x31f2,0x31f2,0x31d2,0x49f2,0x51f2,0x59f2,0x39f3,0x4213,0x5a33,
 0x6233,0x51f2,0x6233,0x9252,0x7232,0x7252,0x6232,0x59f2,0x5a12,0x5a12,0x5a12,0x5a12,0x5a12,0x7232,0x6a32,0x5a12,
 0x6a52,0x5a32,0x5213,0x5212,0x5212,0x51f2,0x49f2,0x5212,0x396d,0x0864,0x49af,0x5a12,0x59f2,0x5a12,0x5a12,0x5a12,
 0x4a13,0x20e9,0x290b,0x41d1,0x1064,0x0844,0x294e,0x212b,0x0843,0x210b,0x31b0,0x39d1,0x39d1,0x31d1,0x31d1,0x31d1,
 0x31d1,0x39f1,0x41f1,0x4212,0x39f1,0x31b0,0x31b0,0x39d1,0x39b0,0x39b0,0x31b0,0x31b0,0x31b0,0x31b0,0x31b0,0x31b0,
 0x3190,0x3190,0x3190,0x3190,0x3190,0x2990,0x3190,0x31b1,0x39b1,0x39d1,0x31d1,0x31b1,0x39d1,0x31d1,0x31d1,0x31d1,
 0x31d1,0x31d1,0x31d1,0x31d1,0x31d1,0x31d1,0x31d1,0x31d1,0x31d1,0x31b1,0x29b0,0x29b0,0x29b0,0x29b0,0x29b0,0x29b0,
 0x31b0,0x31b0,0x31b0,0x31d0,0x39d1,0x31d1,0x41d1,0x51f1,0x49f1,0x41f1,0x5211,0x7a50,0x9a8f,0xa28e,0x7a50,0x6a31,
 0x8a4f,0x8a4f,0x6211,0x6a10,0x7210,0xb28d,0xc2cd,0xbacd,0x61ef,0x3190,0x3190,0x3190,0x3190,0x3190,0x3190,0x3190,
 0x3990,0x49d0,0x49cf,0x61cf,0x59f0,0x61f0,0x59f0,0x49d0,0x41b0,0x41b0,0x49d0,0x41b0,0x41b0,0x51d0,0x61ef,0x59cf,
 0x41b0,0x51cf,0x39b0,0x41af,0x39af,0x39b0,0x318f,0x398f,0x398f,0x398f,0x398f,0x39af,0x41af,0x39af,0x39b0,0x39b0,
 0x41af,0x398f,0x41b0,0x41b0,0x41af,0x49cf,0x49cf,0x41af,0x41af,0x41b0,0x41b0,0x41b0,0x49d0,0x41b0,0x49d0,0x61ef,
 0x41b0,0x49d1,0x6210,0x924e,0x924e,0x51cf,0x41af,0x49cf,0x49cf,0x41b0,0x41b0,0x41b0,0x41b0,0x41b0,0x41b0,0x41b0,
 0x41b0,0x41b0,0x41b0,0x41b0,0x41b0,0x41b0,0x49b0,0x49b0,0x41b0,0x49b0,0x49b0,0x49b0,0x49b0,0x49b0,0x49b0,0x49b0,
 0x49b0,0x49b0,0x49d0,0x49b0,0x49b0,0x41b0,0x41b0,0x49b0,0x41b0,0x49b0,0x49b0,0x49b0,0x49b0,0x49b0,0x49b0,0x49b0,
 0x49b0,0x49b0,0x49b0,0x49d0,0x49d0,0x49d0,0x49d0,0x49d0,0x49d0,0x49d0,0x49d0,0x49d0,0x51d0,0x51d0,0x49d0,0x51d0,
 0x51d0,0x51d0,0x51d0,0x51d0,0x51d0,0x51d0,0x51d0,0x51d0,0x51d0,0x51d0,0x51d0,0x51b0,0x51d0,0x51d0,0x51d0,0x51d0,
 0x51d0,0x51f0,0x51f0,0x51f0,0x51f0,0x51f0,0x51d0,0x51d0,0x59d0,0x59d0,0x51d0,0x59d1,0x59f1,0x59f1,0x59f1,0x59d1,
 0x59d0,0x59d0,0x59f1,0x59f1,0x59f1,0x59f1,0x59f1,0x59f1,0x61f1,0x61f1,0x6211,0x6211,0x6211,0x6211,0x6211,0x59f1,
 0x61f1,0x5a11,0x6211,0x6211,0x6211,0x6211,0x6211,0x6211,0x61f1,0x6211,0x6211,0x6211,0x6212,0x6212,0x6212,0x6212,
 0x6212,0x6212,0x6212,0x6212,0x6212,0x6212,0x6212,0x6212,0x6212,0x6212,0x6212,0x6212,0x6212,0x6212,0x6212,0x6212,
 0x6212,0x6212,0x6232,0x6212,0x6a32,0x41d0,0x1271,0x33d5,0x120f,0x212d,0x212e,0x51f1,0x6a32,0x6212,0x6232,0x6a32,
 0x6a32,0x6a32,0x6a33,0x6a32,0x6a32,0x7233,0x51d1,0x090e,0x11d0,0x22d1,0x098c,0x1a93,0x1171,0x116f,0x212d,0x6232,
 0x6232,0x6212,0x6a13,0x6233,0x41b1,0x7233,0x6a32,0x6a32,0x7232,0x6a32,0x6a32,0x6232,0x6232,0x6a32,0x6212,0x5a12,
 0x59f2,0x4a13,0x41f3,0x39f3,0x39f3,0x39f3,0x39f3,0x41f2,0x39f2,0x49f2,0x5a12,0x5a33,0x5213,0x5213,0x7253,0x7253,
 0x7a53,0x6a12,0x7232,0x7232,0x6a32,0x6a32,0x6a32,0x6a12,0x8272,0x7a52,0x7232,0x7a52,0x7232,0x6a32,0x6212,0x5a12,
 0x5a12,0x5a12,0x5212,0x5213,0x5a12,0x6a12,0x6212,0x5a12,0x396d,0x0844,0x49af,0x6232,0x6212,0x6212,0x6212,0x6212,
 0x5234,0x316e,0x18a7,0x20e9,0x0843,0x0022,0x20e9,0x18c7,0x0043,0x10c8,0x31b0,0x39d1,0x39d1,0x39d1,0x39d1,0x39d1,
 0x31d1,0x31d1,0x39d1,0x39f1,0x41f2,0x41d1,0x39d1,0x39d1,0x39b1,0x41d1,0x39b0,0x39b0,0x39b0,0x39b0,0x39b0,0x39b0,
 0x39b0,0x3990,0x3990,0x3990,0x3990,0x3990,0x3990,0x31b0,0x29b0,0x31d1,0x29b0,0x31b0,0x39d1,0x31d1,0x31b1,0x3190,
 0x31b0,0x39d1,0x39d1,0x39d1,0x39d1,0x39f1,0x39d1,0x39d1,0x39f1,0x31d1,0x31b1,0x31b1,0x29b1,0x29b1,0x29b0,0x29b0,
 0x29b0,0x29b0,0x29b0,0x31b0,0x41d1,0x41d1,0x41f1,0x49f1,0x51f1,0x51f1,0x51f1,0x6211,0x7230,0x6a11,0x6a11,0x5a11,
 0x6a10,0x924f,0x7a50,0x7a30,0x924f,0x9a4e,0x9a6e,0xa28e,0xa26d,0x398f,0x3990,0x39b0,0x39b0,0x39b0,0x39b0,0x39b0,
 0x39b0,0x3190,0x3990,0x39b0,0x39d0,0x39d0,0x39d0,0x49d0,0x41b0,0x39b0,0x41b0,0x51cf,0x41b0,0x39b0,0x41b0,0x49cf,
 0x41b0,0x59cf,0x59ef,0x722f,0x61ef,0x51f0,0x59ef,0x41af,0x39b0,0x41b0,0x39b0,0x41b0,0x41b0,0x41b0,0x41b0,0x41b0,
 0x41b0,0x41b0,0x41b0,0x41b0,0x49b0,0x59f0,0x620f,0x59ef,0x59f0,0x49b0,0x41b0,0x41b0,0x41b0,0x41b0,0x41b0,0x39b0,
 0x41b0,0x41b0,0x51d0,0x59cf,0x69ef,0x59cf,0x418f,0x59cf,0x59ef,0x41b0,0x51d0,0x49b0,0x41b0,0x49b0,0x41b0,0x41b0,
 0x41b0,0x41b0,0x49b0,0x49b0,0x49d0,0x49d0,0x49d0,0x49d0,0x49d0,0x49d0,0x49d0,0x49d0,0x49d0,0x49d0,0x49d0,0x49d0,
 0x49d0,0x49d0,0x49d0,0x51d0,0x51d0,0x49d0,0x49d0,0x49d0,0x51d0,0x51d0,0x51d0,0x49d0,0x49d0,0x49d0,0x49d0,0x49d0,
 0x49d0,0x49d0,0x51d0,0x51d0,0x51d0,0x51d0,0x51d0,0x51d0,0x51d0,0x51d0,0x51d0,0x51d0,0x51d0,0x51d0,0x51d0,0x59d0,
 0x59f0,0x59f0,0x59f0,0x59f0,0x59f0,0x59f0,0x59f0,0x59f0,0x59f0,0x59d0,0x59d0,0x59f0,0x59d0,0x59d0,0x59f0,0x59f1,
 0x59f1,0x59f1,0x59f1,0x59f1,0x59f1,0x59f0,0x59f0,0x59f0,0x59f0,0x59f0,0x61f1,0x61f0,0x59f1,0x61f1,0x61f1,0x61f1,
 0x61f1,0x61f1,0x61f1,0x61f1,0x61f1,0x6211,0x6211,0x61f1,0x6211,0x6211,0x6211,0x6211,0x6211,0x6211,0x6211,0x6211,
 0x6211,0x6211,0x6211,0x6211,0x6a11,0x6a11,0x6a11,0x6a11,0x6a11,0x6a11,0x6a11,0x6a11,0x6a12,0x6a12,0x6a32,0x6a32,
 0x6a32,0x6a32,0x6a12,0x6a12,0x6a12,0x6a32,0x6a32,0x6a32,0x6a32,0x6a32,0x6a12,0x6a12,0x6a32,0x6a32,0x6a32,0x6a32,
 0x6a32,0x6a32,0x6a32,0x6a32,0x7232,0x49d1,0x44f9,0x6e9d,0x1ad1,0x59cc,0x520e,0x49b0,0x7a73,0x6a32,0x6a32,0x6a32,
 0x7232,0x7232,0x6a32,0x7232,0x6a33,0x7253,0x5a12,0x092e,0x11cf,0x1ad2,0x11cd,0x1ab3,0x1171,0x096f,0x212d,0x6a52,
 0x6a32,0x6a32,0x6a33,0x7253,0x39b0,0x6212,0x7a73,0x7253,0x7252,0x7232,0x6a33,0x5a33,0x6213,0x49f3,0x49f3,0x6212,
 0x41f3,0x39f3,0x5212,0x5a32,0x31d3,0x39d3,0x6232,0x8a71,0x8a71,0x8251,0x7a52,0x7252,0x6a32,0x7231,0x7a52,0x7a52,
 0x8a72,0x6a11,0x8251,0x8271,0x8272,0x8272,0x8252,0x8252,0x7a52,0x7252,0x6232,0x6a32,0x6232,0x5a12,0x5a12,0x5a12,
 0x5a12,0x5a12,0x6232,0x6232,0x5a32,0x5a32,0x6232,0x6a32,0x416c,0x1065,0x59b0,0x6212,0x6232,0x6a32,0x6a32,0x6212,
 0x4a12,0x5234,0x18c8,0x396e,0x20c8,0x18c7,0x4a12,0x2109,0x0865,0x4213,0x41f1,0x41d1,0x41d1,0x39d1,0x39d1,0x39d1,
 0x39d1,0x39d1,0x39d1,0x39d1,0x39f1,0x4212,0x41f1,0x41f1,0x49f1,0x49f2,0x49f1,0x41d1,0x39b0,0x39b0,0x41d0,0x41d0,
 0x41b0,0x39b0,0x39b0,0x39b0,0x31b0,0x31b0,0x3990,0x39b0,0x31b0,0x29b0,0x29b0,0x29b0,0x29b0,0x31b0,0x39b1,0x31b0,
 0x31b0,0x39b0,0x39d1,0x39d1,0x41d1,0x41d1,0x41d1,0x41d1,0x41d1,0x41d1,0x39d1,0x31d1,0x31d1,0x31d1,0x31d1,0x31d1,
 0x31d1,0x31d1,0x31d1,0x31d1,0x31d1,0x39d1,0x39d1,0x31d1,0x31d1,0x41d1,0x41d1,0x49f1,0x51f1,0x51f1,0x5a11,0x59f1,
 0x5a11,0x7230,0x7a30,0x6a31,0x7210,0x822f,0x8230,0x822f,0x59cf,0x3190,0x39b0,0x39b0,0x41b0,0x41b0,0x41b0,0x39b0,
 0x39b0,0x41b0,0x41b0,0x41b0,0x39b0,0x41b0,0x41d0,0x39b0,0x41b0,0x41b0,0x39b0,0x39b0,0x39b0,0x41b0,0x41b0,0x39b0,
 0x39b0,0x39b0,0x39b0,0x41b0,0x49d0,0x49d0,0x49d0,0x51d0,0x49cf,0x49d0,0x41b0,0x41b0,0x41b0,0x41b0,0x49b0,0x49b0,
 0x49d0,0x49d0,0x49d0,0x49d0,0x49d0,0x49d0,0x49b0,0x49d0,0x49d0,0x49d0,0x49d0,0x49d0,0x49d0,0x49d0,0x49b0,0x49b0,
 0x49d0,0x49b0,0x49b0,0x41b0,0x41b0,0x41b0,0x49b0,0x49b0,0x49af,0x49b0,0x49d0,0x49d0,0x49d0,0x51d0,0x51d0,0x49d0,
 0x51d0,0x51d0,0x51d0,0x51d0,0x51d0,0x51d0,0x51d0,0x51d0,0x51d0,0x51f0,0x51f0,0x51f0,0x51d0,0x51f0,0x51d0,0x59d0,
 0x59d0,0x59f0,0x59f0,0x59f0,0x59f0,0x59f0,0x51d0,0x51d0,0x59f0,0x59f0,0x59f0,0x59d0,0x59d0,0x59d0,0x59f0,0x59d0,
 0x59d0,0x59f0,0x59d0,0x59f0,0x59f0,0x59f0,0x59f0,0x59f0,0x59f0,0x59f0,0x59f0,0x59f0,0x61f0,0x61f1,0x59f0,0x59f1,
 0x61f1,0x6211,0x6210,0x61f0,0x61f0,0x61f0,0x61f0,0x61f0,0x61f0,0x61f0,0x61f0,0x61f0,0x61f0,0x61f0,0x61f1,0x61f1,
 0x61f0,0x6a10,0x6a11,0x6a11,0x6a11,0x6a11,0x6a11,0x6a11,0x6a10,0x6a11,0x6a11,0x6a11,0x6a31,0x6a11,0x6a11,0x6a11,
 0x7231,0x7231,0x7231,0x7231,0x7211,0x7211,0x7211,0x7231,0x7231,0x7231,0x7231,0x7231,0x7231,0x7231,0x7231,0x7231,
 0x7231,0x7231,0x7231,0x7231,0x7231,0x7231,0x7231,0x7231,0x7231,0x7231,0x7232,0x7231,0x7232,0x7232,0x7252,0x7232,
 0x7232,0x7252,0x7a52,0x7232,0x7a32,0x7252,0x7252,0x7252,0x7232,0x7232,0x7232,0x7a32,0x7252,0x7252,0x7252,0x7252,
 0x7a52,0x7a52,0x7a52,0x7a52,0x8272,0x51b0,0x2af3,0x4c37,0x11ae,0x292b,0x4a0f,0x59f0,0x8273,0x7a52,0x7a52,0x7a52,
 0x7a52,0x7a52,0x7a52,0x7252,0x7a53,0x8273,0x6232,0x114e,0x19f1,0x0a30,0x19ee,0x22b4,0x0950,0x0990,0x210c,0x7253,
 0x7253,0x7a73,0x7a53,0x8293,0x31b0,0x21b1,0x7252,0x8273,0x6a32,0x6212,0x7233,0x7a72,0x7252,0x6a51,0x8a71,0xbad1,
 0x8292,0x7a72,0xaad1,0xbaef,0x8a91,0x8a91,0x9ab1,0xaad0,0xaad0,0x9291,0x9290,0x9ab1,0x8270,0x7a30,0x8272,0x7a51,
 0x8a72,0x6a11,0x8251,0x8271,0x8272,0x8272,0x8272,0x7a52,0x7252,0x7a52,0x7252,0x6a32,0x6a32,0x7232,0x7232,0x7232,
 0x7231,0x7232,0x7a51,0x7a52,0x6a52,0x6a52,0x6a32,0x6a31,0x20a5,0x1044,0x20c7,0x59cf,0x7252,0x7231,0x7232,0x7232,
 0x51f2,0x5213,0x20e9,0x1065,0x0022,0x0844,0x1086,0x0001,0x1085,0x41d1,0x49d1,0x49f1,0x49f1,0x41f1,0x41d1,0x41d1,
 0x41d1,0x41f1,0x39d1,0x39d1,0x39f1,0x39f1,0x39f1,0x41f1,0x49f1,0x41f1,0x51f1,0x49f1,0x49f1,0x49d1,0x49f1,0x41d0,
 0x41d0,0x41d0,0x41d0,0x41d0,0x41d0,0x39b0,0x39b0,0x39b0,0x39b0,0x39b0,0x39b0,0x39b0,0x39b0,0x39b0,0x31b0,0x39b0,
 0x39b0,0x39b0,0x39b1,0x39d1,0x39d1,0x39d0,0x39b0,0x39b0,0x39d1,0x41d1,0x41f1,0x39d1,0x41d1,0x41d1,0x39d1,0x39d1,
 0x39d1,0x39d1,0x39d1,0x39d1,0x31d1,0x31d1,0x31d1,0x31d1,0x31d1,0x39d1,0x39d1,0x39d1,0x41f1,0x41f1,0x51f1,0x49f1,
 0x59f1,0x49f1,0x7230,0x8a4f,0x5211,0x6a10,0x7a30,0x7a2f,0x69ef,0x41b0,0x39b0,0x49d0,0x7a2f,0x6a0f,0x49d0,0x822f,
 0x61ef,0x41b0,0x49d0,0x49d0,0x41d0,0x49d0,0x59d0,0x59d0,0x59f0,0x49d0,0x41b0,0x41b0,0x49b0,0x41b0,0x41b0,0x41b0,
 0x41b0,0x41b0,0x41b0,0x49d0,0x41b0,0x41b0,0x41b0,0x49d0,0x49d0,0x49af,0x49b0,0x49b0,0x49b0,0x41b0,0x49b0,0x49d0,
 0x51d0,0x49d0,0x49d0,0x51d0,0x51d0,0x51d0,0x51d0,0x51d0,0x51d0,0x51d0,0x51d0,0x51d0,0x51d0,0x51d0,0x51d0,0x49d0,
 0x51d0,0x51d0,0x51d0,0x51d0,0x51d0,0x51af,0x49b0,0x49af,0x51af,0x51b0,0x51d0,0x51d0,0x51d0,0x51d0,0x51d0,0x51d0,
 0x51d0,0x51d0,0x51d0,0x51d0,0x51d0,0x51d0,0x59d0,0x59f0,0x59f0,0x59f0,0x59f0,0x59f0,0x59f0,0x59f0,0x59f0,0x59f0,
 0x59f0,0x61f0,0x61f0,0x6210,0x6210,0x61f0,0x59f0,0x59f0,0x59f0,0x59f0,0x59f0,0x59f0,0x59f0,0x59f0,0x59f0,0x59f0,
 0x61f0,0x61f0,0x61f0,0x61f0,0x6210,0x6210,0x6210,0x6210,0x6210,0x6210,0x6a10,0x6a10,0x6a10,0x6a10,0x6a10,0x6a11,
 0x6a11,0x6a11,0x6a10,0x6a10,0x6a11,0x6a10,0x6a10,0x6a10,0x6a10,0x6a10,0x6a10,0x6a10,0x6a10,0x6a10,0x7210,0x7211,
 0x7210,0x7210,0x7210,0x7211,0x7231,0x7231,0x7231,0x7231,0x7231,0x7231,0x7231,0x7a31,0x7a31,0x7a31,0x7a31,0x7a31,
 0x7a51,0x7a51,0x7a51,0x7a31,0x7a31,0x8251,0x7a31,0x7a51,0x8251,0x8251,0x8251,0x8251,0x8251,0x7a51,0x7a51,0x7a51,
 0x7a51,0x7a51,0x7a31,0x7a31,0x7a31,0x7a31,0x7a31,0x7a31,0x7a31,0x7a31,0x7a31,0x7a51,0x7a51,0x7a52,0x7a51,0x7a31,
 0x7a31,0x7a52,0x7a52,0x7a52,0x7a52,0x7a52,0x7a52,0x7a52,0x7a51,0x7a52,0x7a52,0x8252,0x8252,0x8252,0x8272,0x8272,
 0x8252,0x8252,0x8272,0x8252,0x8a72,0x59f0,0x116f,0x19af,0x110d,0x090c,0x090d,0x61f0,0x8252,0x8252,0x8252,0x8252,
 0x9292,0x9272,0x9292,0x9292,0x8a72,0xa2b2,0x7a51,0x112e,0x19f1,0x1ab2,0x11cd,0x1ab3,0x1190,0x096f,0x294e,0x9292,
 0x92b2,0x92b1,0x9ab1,0xa2d1,0x49cf,0x1991,0x29b1,0x9291,0xaad1,0x8250,0xaad1,0xaad1,0xa2d1,0xb2f0,0xaad1,0xb2d1,
 0xaad1,0x9a91,0x8a72,0x9292,0x9291,0x9291,0x8272,0x7a72,0x7a52,0x7a52,0x7a52,0x8272,0x7231,0x51d0,0x69f1,0x6a11,
 0x7231,0x59d0,0x7231,0x7a32,0x7a52,0x7a52,0x7a52,0x7a52,0x8252,0x8252,0x8252,0x7a52,0x7a52,0x7a52,0x7a52,0x7a51,
 0x7a51,0x7a51,0x7a51,0x7a52,0x7a52,0x7a52,0x7a51,0x7231,0x3929,0x18a5,0x3128,0x61ce,0x7a52,0x7a51,0x7a52,0x7a52,
 0x41b0,0x5213,0x20e8,0x312b,0x20c8,0x1065,0x396e,0x310a,0x1084,0x49d1,0x49f2,0x49f1,0x49f1,0x49f2,0x49f1,0x49f2,
 0x4a12,0x4a12,0x49f1,0x49f1,0x49f1,0x49f1,0x49f1,0x49f1,0x49f1,0x49f1,0x49f1,0x49f1,0x49f1,0x51f1,0x51f1,0x51f1,
 0x49d0,0x49d0,0x49d0,0x49d0,0x49d0,0x49d0,0x49d0,0x49b0,0x49d0,0x49d0,0x49d0,0x49d0,0x49d0,0x49d0,0x41b0,0x39b0,
 0x41b0,0x41b0,0x39d0,0x41d0,0x49d0,0x49b0,0x49b0,0x39d0,0x41d0,0x41d1,0x41d1,0x41d1,0x39d1,0x39d1,0x41d1,0x41d1,
 0x41d1,0x39d1,0x31d1,0x39d1,0x39d1,0x39d1,0x39d1,0x31d1,0x31d1,0x39d1,0x39d1,0x39d1,0x39d1,0x39f1,0x41f1,0x41f1,
 0x49f1,0x51f1,0x5a11,0x6a10,0x5a11,0x61f1,0x6a10,0x6a10,0x7a0f,0x6a0f,0x7230,0x6a10,0x6a30,0x8250,0x7a10,0xaa8e,
 0x9a6e,0x51f1,0x59d0,0x49b0,0x49d0,0x49d0,0x49d0,0x51f0,0x51f0,0x61f0,0x6210,0x61f0,0x59f0,0x59f0,0x61ef,0x51d0,
 0x49d0,0x49d0,0x51d0,0x51d0,0x59f0,0x51d0,0x51d0,0x51f0,0x51d0,0x51d0,0x59d0,0x51d0,0x51d0,0x51d0,0x51d0,0x51d0,
 0x51d0,0x51d0,0x51d0,0x51d0,0x51d0,0x51d0,0x51d0,0x51d0,0x51d0,0x59d0,0x59d0,0x59d0,0x59d0,0x51d0,0x51d0,0x51d0,
 0x51d0,0x51d0,0x51d0,0x51d0,0x51d0,0x51d0,0x51d0,0x51d0,0x59d0,0x59d0,0x59d0,0x59d0,0x59d0,0x59f0,0x59f0,0x59f0,
 0x59f0,0x59f0,0x59f0,0x59f0,0x59f0,0x61f0,0x61f0,0x61f0,0x61f0,0x61f0,0x61f0,0x61f0,0x61f0,0x61f0,0x61f0,0x61f0,
 0x61f0,0x6210,0x6210,0x6a10,0x6a10,0x6a10,0x6a10,0x69f0,0x69f0,0x69f0,0x6a10,0x6a10,0x6a10,0x6a10,0x6a10,0x6a10,
 0x6a10,0x6a10,0x6a10,0x6a10,0x6a10,0x6a10,0x6a10,0x6a10,0x6a10,0x6a10,0x7210,0x7210,0x7210,0x7210,0x7210,0x7210,
 0x7210,0x7231,0x7231,0x7230,0x7230,0x7210,0x7230,0x7230,0x7230,0x7a30,0x7a30,0x7a30,0x7a10,0x7230,0x7a30,0x7a30,
 0x7a30,0x7a30,0x7a30,0x7a31,0x7a31,0x8231,0x7a31,0x8230,0x8230,0x8230,0x8231,0x8251,0x8250,0x8251,0x8a51,0x8a51,
 0x8a50,0x8250,0x8230,0x8251,0x8251,0x8251,0x8a51,0x8a71,0x8a71,0x8a71,0x8a51,0x8a51,0x8a51,0x8a51,0x8251,0x8a51,
 0x8251,0x8a51,0x8a50,0x8a50,0x8a50,0x9270,0x9271,0x9271,0x9271,0x9271,0x9271,0x9271,0x9271,0x9271,0x9271,0x9271,
 0x9271,0x8a71,0x9272,0x9271,0x9271,0x8a72,0x9271,0x8a71,0x8a71,0x8a71,0x8a71,0x9271,0x9272,0x9272,0x9292,0x8a72,
 0x8a71,0x9271,0x9271,0x9271,0x9a92,0x61f0,0x08ec,0x112d,0x090c,0x194d,0x114d,0x7210,0xaa92,0x9a71,0x9271,0x9272,
 0x9a91,0x9a92,0x9a91,0x9ab1,0x9291,0xa2b1,0x7a30,0x110e,0x1a52,0x1251,0x096d,0x11f1,0x19b1,0x096f,0x314d,0xa2b2,
 0x9ab2,0x9ab2,0x9291,0x9291,0x39af,0x2191,0x21b1,0x39f1,0x8a50,0x61cf,0x9a91,0x8a71,0x9271,0x9271,0x9271,0x9271,
 0x9271,0x9271,0x8a72,0x9272,0x8a72,0x9272,0x9272,0x8a72,0x9272,0x8a71,0x8a71,0x8a71,0x7231,0x416d,0x4251,0x29af,
 0x192d,0x214d,0x49af,0x8251,0x8251,0x8a51,0x8a72,0x8a72,0x8a72,0x8271,0x8a51,0x8251,0x8251,0x8251,0x8251,0x8251,
 0x8251,0x8251,0x8251,0x8251,0x8251,0x8251,0x8a72,0x61cd,0x28c7,0x28c6,0x4129,0x61ce,0x8a72,0x8251,0x8271,0x8271,
 0x4190,0x41d0,0x20e8,0x5a34,0x20e9,0x10a5,0x41af,0x498e,0x28e9,0x396d,0x5212,0x5212,0x5213,0x5213,0x5212,0x5213,
 0x5233,0x5232,0x49f1,0x49f1,0x49f1,0x49f1,0x41f1,0x49f1,0x49f1,0x41d1,0x49d1,0x49f1,0x49f1,0x49f1,0x49f1,0x59f1,
 0x59f1,0x59f1,0x51f0,0x51d0,0x51d0,0x51d0,0x51d0,0x51d0,0x51d0,0x51d0,0x51d0,0x51d0,0x51d0,0x51d0,0x51d0,0x51d0,
 0x51d0,0x51d0,0x51d0,0x51d0,0x51d0,0x51d0,0x51d0,0x51d0,0x51d0,0x51d0,0x51d0,0x51d0,0x41d1,0x41d1,0x39d1,0x39d1,
 0x39d1,0x41d1,0x39d1,0x39d1,0x39d1,0x39d1,0x39d1,0x39d1,0x39d1,0x39d1,0x39d1,0x39d1,0x39d1,0x39d1,0x39f1,0x39f1,
 0x39f1,0x41f1,0x41f1,0x49f1,0x49f1,0x51f1,0x51f1,0x51f1,0x6211,0x6a11,0x7230,0x7230,0x8a50,0x8250,0x6a11,0x8a6f,
 0xbace,0x7230,0x7a2f,0x7a0e,0x49d0,0x59f0,0x720f,0x51f0,0x51f0,0x51f0,0x6210,0x6210,0x61f0,0x59f0,0x720f,0x822f,
 0x69ef,0x59f0,0x59f0,0x6210,0x6210,0x6a10,0x6210,0x51ef,0x59f0,0x59f0,0x51d0,0x59d0,0x59d0,0x59d0,0x59d0,0x59d0,
 0x59d0,0x59d0,0x59d0,0x59d0,0x59f0,0x59d0,0x59d0,0x59f0,0x59f0,0x59f0,0x59f0,0x59d0,0x59d0,0x59d0,0x59d0,0x59d0,
 0x61f0,0x61f0,0x61f0,0x61f0,0x61f0,0x59f0,0x59d0,0x59f0,0x61f0,0x61f0,0x61f0,0x61f0,0x61f0,0x61f0,0x61f0,0x61f0,
 0x61f0,0x61f0,0x61f0,0x61f0,0x61f0,0x69f0,0x69f0,0x69f0,0x6a10,0x6a10,0x6a10,0x6a10,0x6a10,0x6a10,0x7210,0x7210,
 0x6a10,0x6a10,0x6a10,0x6a10,0x6a10,0x7210,0x6a10,0x6a10,0x7210,0x7210,0x7210,0x7210,0x7210,0x7210,0x7210,0x7210,
 0x7230,0x7210,0x7230,0x7230,0x7a30,0x7a30,0x7210,0x7a10,0x7a30,0x7a30,0x7230,0x7210,0x7210,0x7a30,0x7a30,0x8230,
 0x7a30,0x7a30,0x7a30,0x7a30,0x7a30,0x7a30,0x7a30,0x7a30,0x8230,0x8250,0x8230,0x7a30,0x7a30,0x7a30,0x7a30,0x7a30,
 0x7a30,0x8230,0x8230,0x8231,0x8231,0x8231,0x8a50,0x8251,0x8251,0x8a51,0x8a31,0x8a30,0x8a51,0x8a51,0x8a51,0x8a50,
 0x7a51,0x7251,0x8250,0x9270,0x9270,0x9270,0x9270,0x9270,0x9270,0x9270,0x9270,0x9270,0x9270,0x9270,0x9270,0x9a70,
 0x9a70,0x9a70,0x9a70,0x9a70,0x9a70,0x9a70,0x9a70,0x9a90,0x9a91,0x9a91,0x9a91,0x9a91,0x9a91,0x9a91,0x9a71,0x9a71,
 0x9271,0x9a91,0x9a92,0x9272,0x9292,0x9a91,0x8a72,0x8272,0x8272,0x9271,0x9291,0x7a52,0x8a72,0x9272,0x8272,0x7273,
 0x7a52,0x7252,0x7a51,0x7a32,0x7a52,0x61f1,0x118f,0x112e,0x090d,0x112d,0x114e,0x294d,0x7a30,0xa291,0x8a71,0x7a72,
 0x9a92,0x9a92,0x9a91,0x9a91,0x9a91,0xa292,0x7a30,0x112e,0x1a12,0x1a91,0x098e,0x1213,0x1171,0x0970,0x316e,0xaab1,
 0x9a91,0x9a91,0x9a91,0xa291,0x41af,0x1991,0x29b1,0x29b1,0x2990,0x61cf,0xaab1,0x9a91,0xa2b1,0xa2b1,0x9a91,0x9a91,
 0x9a91,0x9a91,0x9a91,0x9a91,0x9a91,0x9a91,0x9a71,0x9a71,0x9a91,0x9a71,0xa291,0x8250,0x112d,0x214d,0x114d,0x112c,
 0x110c,0x090d,0x294e,0x9271,0x9271,0x9a71,0x9271,0x9291,0x9272,0x9271,0x9271,0x9271,0x9271,0x9271,0x9271,0x9271,
 0x9271,0x9271,0x9271,0x8a71,0x9271,0x9271,0x9a92,0x598b,0x30e8,0x3908,0x59ac,0x71ee,0x9292,0x8a71,0x8a71,0x8a71,
 0x292c,0x314d,0x0864,0x28e9,0x20c7,0x0843,0x418e,0x18a5,0x18a7,0x20e9,0x5213,0x41af,0x398e,0x398e,0x418e,0x418e,
 0x398e,0x41b0,0x51f1,0x49f1,0x49f1,0x49f1,0x49f1,0x41f1,0x41d1,0x39d1,0x39d1,0x39d1,0x39d1,0x39d1,0x39d1,0x49d1,
 0x49f1,0x49f1,0x59f1,0x51f1,0x49f1,0x49d1,0x51d0,0x51d0,0x51f0,0x59f0,0x59f0,0x59f0,0x51d0,0x59d0,0x59d0,0x51d0,
 0x51d0,0x51d0,0x51d0,0x59f0,0x51f0,0x59f0,0x51f0,0x59f0,0x59f0,0x51f0,0x49f1,0x51f0,0x61f0,0x59f0,0x51d0,0x39d1,
 0x39d1,0x41d1,0x49f0,0x59f0,0x51f0,0x49d1,0x41d1,0x41d1,0x41d1,0x41d1,0x41f1,0x41f1,0x41f1,0x41f1,0x41f1,0x39f1,
 0x39d1,0x39f1,0x39f1,0x41f1,0x49f1,0x49f1,0x49f1,0x51f1,0x51f1,0x61f1,0x51f1,0x5a11,0x6a11,0x6211,0x6a11,0x7a30,
 0x926f,0x9a6f,0x7230,0x7a30,0x61f0,0x7a0f,0xbaad,0x824f,0x6210,0x720f,0x59f0,0x61f0,0x59f0,0x59f0,0x61f0,0x6a0f,
 0x720f,0x6a10,0x7a50,0x8a4f,0x8250,0x8250,0x8a70,0x722f,0x6a10,0x8a2f,0x720f,0x61f0,0x61f0,0x61f0,0x61f0,0x61f0,
 0x61f0,0x61f0,0x61f0,0x61f0,0x61f0,0x61f0,0x61f0,0x61f0,0x61f0,0x61f0,0x61f0,0x61f0,0x61f0,0x61f0,0x61f0,0x61f0,
 0x61ef,0x61f0,0x61f0,0x69f0,0x69f0,0x69f0,0x61f0,0x69f0,0x69f0,0x69f0,0x69f0,0x6a10,0x6a10,0x69f0,0x6a10,0x6a10,
 0x6a10,0x6a10,0x6a10,0x6a10,0x7210,0x7210,0x6a10,0x6a10,0x6a10,0x6211,0x7210,0x5a11,0x6210,0x7230,0x6a11,0x6210,
 0x7230,0x7210,0x7a10,0x7210,0x7a10,0x6a11,0x5a11,0x5212,0x5a11,0x7230,0x7a10,0x7a10,0x7a30,0x7a30,0x7a30,0x7a30,
 0x7a30,0x8230,0x7a30,0x7a30,0x7a30,0x7a30,0x7a30,0x8230,0x8250,0x8230,0x8230,0x8230,0x8230,0x8230,0x7231,0x5a11,
 0x6a11,0x7251,0x8251,0x8250,0x8250,0x8250,0x8250,0x8230,0x7a30,0x7a30,0x8230,0x8230,0x8230,0x8230,0x8230,0x8250,
 0x9270,0x9250,0x8a50,0x9a70,0x8a50,0x9270,0x8a50,0x8251,0x8250,0x7231,0x7a51,0x9a70,0x7a51,0x6232,0x7a51,0x7232,
 0x5a32,0x5a32,0x7251,0x7a51,0x7a51,0x9270,0x8271,0x8a50,0x9270,0x9270,0x9270,0x9270,0x9a70,0x9a70,0x9a90,0x9a90,
 0x9a70,0x9a70,0x9a70,0x9a70,0x9a70,0x9a70,0x9a90,0xa290,0x9a91,0xb2d0,0xbacf,0xbad0,0xbad0,0xaad0,0xa291,0xa290,
 0xa2b0,0x9291,0x9291,0x7272,0x8271,0x8272,0x6a52,0x7252,0x8271,0x9291,0x8272,0x8a91,0x9ab1,0xaad1,0x9292,0x9ab2,
 0xaaf1,0xb2f0,0x9ab1,0x8a71,0xb2d0,0x720f,0x116e,0x196e,0x090c,0x110b,0x196e,0x08ec,0x2272,0x5210,0xa291,0xa291,
 0xa291,0xa291,0xaab1,0xaab1,0xa2b1,0xb2d1,0x8250,0x112f,0x1a32,0x1ab2,0x11ce,0x1a53,0x19d2,0x0990,0x294d,0xaab1,
 0xa291,0xaab1,0xaab1,0xb2d1,0x41af,0x1191,0x29d1,0x29d1,0x21b1,0x296f,0x9a90,0xaab1,0xaab1,0xaab1,0xaab1,0xaab1,
 0xaab1,0xaab1,0xa2b1,0xa2b1,0xaab1,0xa2b1,0xa291,0xa291,0xa2b1,0xa291,0xaab1,0x8a70,0x08ec,0x08ec,0x08eb,0x110c,
 0x112d,0x090d,0x296e,0x9a91,0x9a91,0xa291,0x9a91,0x9a91,0x9a91,0x9a91,0x9a91,0xa291,0xa291,0xa291,0xa291,0x9a91,
 0x9a91,0x9a91,0x9a91,0x9a71,0x9a91,0x9a91,0xa2b2,0x61ab,0x1885,0x1865,0x38e8,0x69cc,0x9291,0x9270,0x9271,0x9271,
 0x0022,0x0043,0x0001,0x20c7,0x20c7,0x0863,0x5a12,0x1065,0x310a,0x20c7,0x49ae,0x28e8,0x20c7,0x18a6,0x20e9,0x290a,
 0x290a,0x20e8,0x51f0,0x51f1,0x51f1,0x51f0,0x51f1,0x49f1,0x49f1,0x49f1,0x49f1,0x49f1,0x51f1,0x51f1,0x49f1,0x39d1,
 0x31d1,0x31d1,0x39d1,0x31d1,0x39d1,0x39d1,0x39f1,0x41d1,0x39d1,0x51f1,0x61f0,0x61f0,0x61f0,0x61f0,0x59f0,0x59f0,
 0x59f0,0x61f0,0x61f0,0x61f0,0x59f0,0x61f0,0x59f0,0x59f0,0x59f0,0x49d0,0x49d0,0x51d0,0x49d0,0x49f1,0x59f0,0x51d0,
 0x49d1,0x39d1,0x39d1,0x41d0,0x59f0,0x61f0,0x49d0,0x59d0,0x61f0,0x59f0,0x59d0,0x59f0,0x61f0,0x61f0,0x49f1,0x51f0,
 0x59f0,0x51f0,0x49f1,0x49f1,0x51f1,0x41d1,0x49f1,0x5a11,0x5a11,0x51f1,0x51f1,0x5a11,0x6211,0x6211,0x5a11,0x6211,
 0x6211,0x6a11,0x6a11,0x6a30,0x7a30,0x6211,0x8250,0x9a8f,0xaaae,0x926e,0x6210,0x7230,0x6a10,0x61f0,0x61f0,0x61f0,
 0x61f0,0x61f0,0x6a10,0x6a10,0x6a10,0x6a10,0x6210,0x6a10,0x6a10,0x7210,0x6a10,0x6a10,0x69f0,0x6a10,0x69f0,0x6a10,
 0x6a10,0x7210,0x7210,0x7210,0x7210,0x7210,0x7210,0x7210,0x7210,0x7210,0x7210,0x7210,0x7210,0x7210,0x7210,0x7210,
 0x7210,0x7210,0x7210,0x7230,0x7230,0x7230,0x7210,0x7210,0x7230,0x7230,0x7230,0x7a30,0x7a30,0x7a30,0x7a30,0x7a30,
 0x7a30,0x7a30,0x7a30,0x7a30,0x7a30,0x7a30,0x7a30,0x7a30,0x7a30,0x7a50,0x7a50,0x7a30,0x7a30,0x7230,0x6210,0x51f1,
 0x6210,0x7a30,0x6a10,0x6210,0x61f0,0x49f1,0x49f1,0x49f1,0x49f1,0x5211,0x7210,0x6211,0x6a10,0x7a30,0x8230,0x8230,
 0x8a50,0x8a50,0x8230,0x8a50,0x8a50,0x8a50,0x8a50,0x8a70,0x9270,0x8a50,0x7231,0x8250,0x9a50,0x8a50,0x5a12,0x4a12,
 0x5a32,0x6a52,0x7252,0x8a70,0x9a6f,0x8a50,0x9250,0x7231,0x6232,0x6232,0x7232,0x8a50,0x8a50,0x8a50,0x8a50,0x8a50,
 0x8a50,0x8a50,0x9250,0x9a70,0x9a90,0x9a90,0x9270,0x9a90,0xa290,0x9a70,0xa290,0xa2af,0x9a70,0x8a71,0x8a70,0x9290,
 0x9290,0x8a70,0x8a90,0x7231,0x7a51,0x8a70,0x7a51,0x7a51,0x9270,0x8a50,0x8251,0x9270,0x8250,0x9270,0x9270,0x9a90,
 0x9a91,0x9a90,0x9a90,0xaab0,0xaab0,0xa2b0,0xaab0,0xaab0,0xaab0,0xb2d0,0xbad0,0xbacf,0xc2ef,0xbacf,0xbacf,0xbaef,
 0xbaf0,0xbaf0,0xb2d0,0xb2d0,0xaab0,0xa290,0xa290,0xa290,0xa290,0xaab0,0xaab0,0xb2d0,0xb2d0,0xbaf0,0xb2d0,0xaab0,
 0xb2d0,0xb2d0,0xaab0,0xb2d0,0xc2f0,0x7a2f,0x00ed,0x112e,0x110c,0x08ca,0x08eb,0x090d,0x090c,0x090c,0x9a90,0xbaf1,
 0xb2d0,0xaab0,0xb2d1,0xb2d1,0xaab1,0xb2d1,0x8a50,0x092e,0x11f1,0x12b1,0x09ad,0x1a54,0x1150,0x012f,0x316d,0xbad1,
 0xb2d1,0xbad1,0xb2d1,0xc2f1,0x49af,0x1170,0x29d2,0x29b1,0x29b1,0x2191,0x9270,0xbad1,0xb2d0,0xb2d0,0xb2f0,0xb2d1,
 0xb2d0,0xb2d1,0xb2d1,0xb2d1,0xbad1,0xbad1,0xb2d1,0xbad1,0xb2d1,0xb2b1,0xbaf1,0x9a90,0x10ed,0x110d,0x110d,0x110c,
 0x112d,0x090e,0x318e,0xb2b0,0xaab0,0xb2b0,0xb2b1,0xb2b1,0xb2b1,0xaab1,0xaab1,0xaab1,0xaab1,0xaab1,0xaab1,0xaab1,
 0xaab0,0xaab0,0xa2b1,0xa2b1,0xaab0,0xaab0,0xb311,0x5989,0x514a,0x1043,0x69cb,0x5169,0x924f,0xa290,0x9a90,0x9a91,
 0x0022,0x0023,0x0001,0x20c7,0x20c7,0x0842,0x51ae,0x1064,0x414c,0x20a7,0x496b,0x61d0,0x51ae,0x496d,0x7254,0x59f1,
 0x6a13,0x414b,0x59f0,0x6232,0x6211,0x6212,0x5a11,0x59f1,0x59f1,0x59f1,0x59f1,0x59f1,0x59f1,0x59f1,0x59f0,0x51f1,
 0x51f1,0x5a11,0x41f1,0x41f1,0x41f1,0x41f1,0x39f1,0x31d1,0x31d1,0x39f1,0x49f1,0x41f1,0x51f0,0x49d0,0x49f1,0x61f1,
 0x61f0,0x61f0,0x61f0,0x61f0,0x61f0,0x61f0,0x61f0,0x61f0,0x61f0,0x51f0,0x41d0,0x41d0,0x41d0,0x31d1,0x41d1,0x39d1,
 0x39d1,0x39d1,0x31d1,0x31d1,0x39d0,0x41d0,0x49d0,0x41d0,0x39d0,0x51d0,0x59d0,0x61f0,0x7210,0x7210,0x59f0,0x61f0,
 0x69f0,0x6a10,0x6a10,0x61f0,0x41d1,0x39d1,0x59f0,0x6a10,0x6210,0x5a11,0x4a11,0x4212,0x5a12,0x5a11,0x6211,0x6211,
 0x5a11,0x51f1,0x51f1,0x51f1,0x5a11,0x6231,0x6231,0x6a51,0x7a50,0x926f,0x7230,0x8a50,0x926f,0x7a30,0x7210,0x6a10,
 0x7210,0x7210,0x7210,0x7210,0x7210,0x7210,0x7210,0x7210,0x7210,0x7210,0x7210,0x7210,0x7210,0x7210,0x7210,0x7210,
 0x7210,0x7210,0x7210,0x7230,0x7230,0x7230,0x7230,0x7230,0x7230,0x7230,0x7230,0x7230,0x7210,0x7210,0x7a10,0x7a10,
 0x7a30,0x7a30,0x7a30,0x7a30,0x7a30,0x7a30,0x7a30,0x7a30,0x7a30,0x7a30,0x7a30,0x7a30,0x7a30,0x7a30,0x7a30,0x7a30,
 0x7a30,0x7a30,0x7a30,0x7a30,0x7a30,0x7a30,0x7a30,0x7a30,0x8230,0x8250,0x7a30,0x7a30,0x7a30,0x7a30,0x8230,0x8230,
 0x8230,0x7a30,0x7230,0x7a50,0x5a11,0x5a11,0x6a31,0x5a11,0x49f2,0x5a11,0x6a30,0x5a11,0x5a11,0x6a30,0x8230,0x6a30,
 0x8a50,0x9250,0x9250,0x8230,0x8a50,0x8a50,0x6a31,0x5a11,0x8250,0x8a50,0x5a32,0x4a12,0x7a51,0x8a50,0x5212,0x5212,
 0x4a12,0x5a32,0x6212,0x6a31,0x8a50,0x9270,0x6231,0x6232,0x5a32,0x6232,0x6a32,0x9ab0,0xa2b0,0x9270,0x9250,0x9250,
 0x9250,0x9250,0x9270,0x9a70,0x9270,0x9270,0x9270,0x9270,0x9270,0x9a70,0x9a70,0x9a70,0x9a70,0xa290,0xa290,0xaab0,
 0xaab0,0xaab0,0xaab0,0xb2cf,0xbaef,0xb2af,0xa290,0xa290,0xa290,0x9a70,0xa290,0xa290,0xa290,0xa290,0xa290,0xa290,
 0xa2b0,0xa2b1,0xa2b0,0xaab0,0xaab0,0xaab0,0xaab0,0xaab0,0xaab0,0xaab0,0xaab1,0xaab1,0xaab0,0xaab0,0xaa90,0xaa90,
 0xaab0,0xb2d0,0xaab0,0xaab0,0xaab0,0xaab0,0xb2b0,0xaab0,0xaab0,0x8a4f,0xaab0,0xaab0,0xaab1,0xaab1,0xaad1,0xb2d0,
 0xb2d0,0xb2d0,0xaab0,0xaab0,0xbad1,0x7a2f,0x19d1,0x21f1,0x08eb,0x08eb,0x112e,0x114e,0x198f,0x198e,0x9a90,0xc2f0,
 0xbad0,0xbad0,0xbad0,0xc2f0,0xc2f0,0xcb10,0x9a90,0x1170,0x1a12,0x12b1,0x1a2e,0x22d6,0x19b2,0x094f,0x316d,0xcaf0,
 0xc2f0,0xc2f0,0xc2f1,0xcb11,0x49cf,0x1150,0x29d2,0x2190,0x29b1,0x29b1,0x9a90,0xc2f0,0xbaf0,0xbaf0,0xbaf0,0xbaf0,
 0xbad0,0xc2f0,0xc2f0,0xc2f0,0xc2f0,0xbaf1,0xc2f1,0xc2f1,0xbaf0,0xbaf0,0xc2f1,0xa2b0,0x112d,0x192d,0x110c,0x090c,
 0x112d,0x110d,0x39ae,0xbab0,0xb2b0,0xb2b0,0xbad0,0xbad0,0xbad0,0xbad0,0xbad0,0xb2d0,0xbad0,0xb2d1,0xb2d1,0xbad0,
 0xa2b1,0xa2b1,0xaab0,0xa2b1,0xaab0,0x9ab1,0xb2f2,0x61aa,0x618b,0x1884,0x820d,0x4928,0xa290,0x9a91,0x9a91,0x9a91,
 0x0865,0x0865,0x0865,0x0865,0x0865,0x0044,0x0864,0x0865,0x0865,0x0064,0x314b,0x398e,0x292a,0x28e8,0x498d,0x20c7,
 0x18c7,0x20e7,0x314b,0x396c,0x396c,0x394b,0x51ce,0x6a11,0x6210,0x6211,0x6210,0x6210,0x6210,0x6210,0x6210,0x6a10,
 0x6a10,0x6a10,0x6a11,0x6a10,0x6a10,0x6210,0x59f0,0x59f0,0x51f0,0x5a10,0x51f1,0x5a11,0x49f1,0x41f1,0x49f1,0x6210,
 0x59f0,0x51f0,0x61f0,0x6210,0x6a10,0x6a10,0x6a10,0x6a10,0x6a10,0x6a10,0x6a10,0x6a10,0x6a10,0x5a10,0x6210,0x6210,
 0x59f0,0x59f0,0x51f0,0x61f0,0x59f0,0x41d0,0x49d0,0x49d0,0x41d0,0x39d0,0x41d1,0x59f0,0x61f0,0x59f0,0x69f0,0x69f0,
 0x6a10,0x59f0,0x51f0,0x51f0,0x31d0,0x31d1,0x41d0,0x51f0,0x6a10,0x7210,0x6210,0x5a11,0x6210,0x5a10,0x6a10,0x69f0,
 0x6a10,0x5a11,0x51f1,0x51f1,0x5a11,0x6211,0x6a10,0x5a11,0x5a11,0x49f1,0x49d1,0x59f0,0x6210,0x6a30,0x7250,0x6a30,
 0x6a11,0x7231,0x6a31,0x7230,0x7a30,0x7a10,0x7210,0x7a30,0x7a30,0x7a30,0x7a30,0x7a30,0x8230,0x7a30,0x6a31,0x7230,
 0x8250,0x7a30,0x7a30,0x8230,0x8250,0x8250,0x8250,0x8250,0x8230,0x8230,0x8230,0x8230,0x8230,0x8250,0x8230,0x8230,
 0x8230,0x8230,0x8230,0x8230,0x8250,0x8250,0x8230,0x8230,0x8230,0x8250,0x8250,0x8250,0x8250,0x8250,0x8250,0x8250,
 0x8250,0x8250,0x8a50,0x8a50,0x8a50,0x8a50,0x8a50,0x8a50,0x8a50,0x8a50,0x8250,0x8250,0x8250,0x8a50,0x8a50,0x8a50,
 0x8a50,0x8a50,0x8a50,0x9270,0x8a70,0x8a50,0x9a8f,0x8a4f,0x6a10,0x8a50,0xa28f,0x9270,0x9270,0x8a70,0x8a50,0x8a50,
 0x8230,0x8a30,0x7a30,0x49d1,0x5a11,0x6231,0x4a12,0x4a12,0x5212,0x6a31,0x5212,0x49f2,0x4a12,0x4a12,0x49f2,0x49f2,
 0x49f2,0x4a12,0x5212,0x5212,0x5a32,0x7251,0x5212,0x4a12,0x4a12,0x5a12,0x6232,0x7251,0x9270,0x9270,0xb2af,0x8a50,
 0x8a50,0x9a70,0x9270,0xa270,0xa290,0xa290,0xa290,0xa290,0xaa90,0xaa90,0xaa90,0xb2b0,0xaab0,0xaab0,0xb2b0,0xaab0,
 0xaab0,0xaab0,0xb2b0,0xb2b0,0xaab0,0xb2b0,0xb2b0,0xb2b0,0xb2b0,0xb2b0,0xb2af,0xb2af,0xb2b0,0xb2b0,0xb2b0,0xb2b0,
 0xaab0,0xaab0,0xb2d0,0xb2d0,0xb2d0,0xb2d0,0xb2d0,0xbad0,0xbad0,0xbad0,0xbad0,0xb2d0,0xbad0,0xbacf,0xbad0,0xbad0,
 0xbad0,0xbad0,0xbad0,0xbaf0,0xbaf0,0xbad0,0xbad0,0xb2b0,0xb2af,0x822f,0xbab0,0xbad0,0xbad0,0xbad0,0xbad0,0xbaf0,
 0xc2f0,0xc2f0,0xc2f0,0xbaf0,0xcb10,0x7a0e,0x096f,0x2a73,0x08aa,0x08eb,0x21d0,0x112d,0x218f,0x112e,0xaaaf,0xd310,
 0xcb10,0xcb10,0xcb10,0xcb10,0xcaef,0xd330,0xa2af,0x1170,0x19f2,0x09ef,0x11ce,0x1a33,0x19d2,0x11d2,0x39af,0xcaf0,
 0xc2f0,0xcb10,0xc310,0xd310,0x49cf,0x1150,0x29d2,0x2190,0x29b1,0x2191,0xa290,0xd310,0xcaef,0xcb10,0xcb30,0xcb30,
 0xd330,0xc310,0xc2f0,0xc2f0,0xaad1,0xa2d1,0xc2f0,0xcb10,0xc310,0xbaf0,0xcb11,0xa2b0,0x112d,0x112d,0x110c,0x112c,
 0x194d,0x090d,0x318e,0xc2f0,0xc2f0,0xc2d0,0xb2d1,0xbad0,0xa2d1,0xaad1,0xb2b1,0x9ab1,0xa2b1,0xa2b1,0x9ab2,0xaad1,
 0x92b2,0x9ab1,0xa2b1,0x9291,0x9291,0x8a91,0x7a4f,0x1863,0x30c5,0x1043,0x4128,0x0843,0x824f,0xa2b2,0x9a91,0x9a91,
 0x0886,0x0886,0x0886,0x0886,0x0886,0x0886,0x0866,0x0866,0x0886,0x0866,0x0887,0x08a8,0x0045,0x0866,0x0065,0x0865,
 0x08c9,0x08a7,0x0887,0x0887,0x0886,0x0044,0x28e8,0x7231,0x6a10,0x6a10,0x6a10,0x6a10,0x6a10,0x6a10,0x6a10,0x7210,
 0x7230,0x7230,0x7230,0x7230,0x7210,0x6a10,0x7210,0x7210,0x7210,0x7230,0x7230,0x7230,0x7230,0x7230,0x7210,0x7210,
 0x6a10,0x6a10,0x6a10,0x6a10,0x7210,0x6a10,0x7230,0x7210,0x7210,0x7210,0x7210,0x7210,0x7210,0x7210,0x7210,0x7210,
 0x7210,0x6a10,0x7210,0x7210,0x7210,0x6a10,0x6a10,0x6a10,0x6a10,0x6a10,0x6a10,0x59f0,0x59f0,0x59f0,0x6a10,0x59f0,
 0x51f0,0x49f0,0x41f0,0x41f0,0x49d0,0x41d0,0x39d0,0x39f1,0x41f1,0x41f0,0x51f0,0x51f0,0x59f0,0x61f0,0x6a10,0x7210,
 0x7210,0x7210,0x7a30,0x6a10,0x5a11,0x7230,0x7230,0x7a30,0x7210,0x6a10,0x6a10,0x7210,0x6a10,0x6211,0x6210,0x6210,
 0x6a10,0x6211,0x5a11,0x7230,0x8230,0x7210,0x6a10,0x7a10,0x8230,0x8230,0x8250,0x8250,0x7231,0x6211,0x5a11,0x5a11,
 0x8250,0x9a6f,0xaaaf,0x8a50,0x8250,0x8a4f,0x8a50,0x8a50,0x8a50,0x8a50,0x8a50,0x8a50,0x8a50,0x8a50,0x8a50,0x8a50,
 0x8a4f,0x8a4f,0x8a50,0x8a50,0x8a4f,0x8a50,0x8a4f,0x8a2f,0x8a50,0x8a50,0x8a50,0x8a70,0x8a50,0x8a50,0x8a50,0x8a50,
 0x8a50,0x8a50,0x8a50,0x9270,0x9270,0x9270,0x8a70,0x926f,0x9270,0x9270,0x9270,0x9270,0x924f,0x924f,0x9a4f,0x924f,
 0x9a6f,0x9a6f,0x9270,0x9270,0x926f,0x926f,0x9250,0x926f,0x924f,0x9250,0x9270,0x9a70,0x9270,0x8a50,0x8250,0x8a50,
 0x7230,0x7230,0x7a4f,0x7a50,0x51f1,0x5212,0x6231,0x5212,0x4a12,0x49f2,0x51f1,0x59f1,0x51f1,0x51f2,0x5212,0x5212,
 0x5212,0x5a32,0x5212,0x4a12,0x41f2,0x41f2,0x41f2,0x41f2,0x4212,0x4a12,0x5232,0x6252,0x5a32,0x5a12,0x8a70,0x5a11,
 0x8a50,0x8250,0x7231,0xbacf,0xbacf,0xb2af,0xbacf,0xbacf,0xc2cf,0xbaaf,0xbaaf,0xbaaf,0xbacf,0xbacf,0xbacf,0xc2cf,
 0xbacf,0xbacf,0xbaaf,0xbaaf,0xbacf,0xbacf,0xbad0,0xbacf,0xbad0,0xbad0,0xbacf,0xb2cf,0xbacf,0xbacf,0xb2d0,0xbacf,
 0xbad0,0xbad0,0xbacf,0xc2ef,0xc2ef,0xc2cf,0xc2ef,0xc2ef,0xc2cf,0xc2ef,0xc2ef,0xc2ef,0xc2ef,0xc2ef,0xcaef,0xc2ef,
 0xc2ef,0xc2ef,0xc2f0,0xc310,0xa2af,0xbaef,0xc2ef,0xbaf0,0xbacf,0x8a2f,0xcacf,0xcaef,0xcb0f,0xcaef,0xcb0f,0xcb0f,
 0xcb10,0xcb10,0xcb10,0xc2f0,0xd310,0x7a0d,0x092d,0x2232,0x08cc,0x090c,0x116f,0x116e,0x114e,0x21cf,0xaaaf,0xd330,
 0xcb0f,0xcb10,0xd310,0xd330,0xd330,0xe350,0xaaaf,0x19b1,0x2a95,0x01af,0x11cd,0x19f2,0x2212,0x11f3,0x41d0,0xd330,
 0xb2f1,0xc2f0,0xd310,0x71ee,0x110d,0x114f,0x29d1,0x29d1,0x29d1,0x29b1,0xaaaf,0xc2f0,0xc2cf,0xaab0,0x9ad1,0xbb11,
 0xc310,0xa2b1,0x9ab1,0xa2b1,0x92b2,0x9ab2,0xa2b2,0xb2f1,0xb2d1,0xa2b1,0xb2d1,0x9a70,0x110d,0x192d,0x110c,0x110d,
 0x194e,0x194e,0x318e,0xbaf0,0xb2d1,0xaad1,0x92b2,0x9ab2,0x92b2,0x92b2,0x92b2,0x92b2,0x92b2,0x9ab1,0x92b2,0x8a92,
 0x9292,0x9292,0x9291,0x8a91,0x8a91,0x9ab2,0x61cc,0x30c5,0x5969,0x0822,0x594a,0x1063,0x59ab,0xa2d2,0x9271,0x9291,
 0x0043,0x0043,0x0843,0x0844,0x0844,0x0844,0x0844,0x0844,0x0843,0x0843,0x0844,0x0844,0x0844,0x0864,0x0865,0x0864,
 0x0865,0x0886,0x0885,0x0865,0x0865,0x0045,0x3909,0x7231,0x6a10,0x7210,0x7230,0x7230,0x7230,0x7230,0x7230,0x7230,
 0x7230,0x7230,0x7230,0x7230,0x7230,0x7230,0x7210,0x7230,0x7230,0x7230,0x7a30,0x7a30,0x7a30,0x7a30,0x7a30,0x7a30,
 0x7a10,0x7a10,0x7a10,0x7a30,0x7a30,0x7a30,0x7a30,0x7a30,0x7a30,0x7a30,0x7a30,0x7a30,0x7a30,0x7a30,0x7a30,0x7a30,
 0x7a30,0x7a30,0x7a30,0x7a0f,0x7a2f,0x7a30,0x7a30,0x7a30,0x7a30,0x7a30,0x8230,0x8230,0x8230,0x8230,0x8230,0x8230,
 0x7a30,0x7a30,0x7a30,0x7a30,0x7a30,0x7a30,0x7a30,0x7a30,0x7230,0x7230,0x6a30,0x7230,0x51f0,0x5a10,0x5a10,0x6210,
 0x7230,0x7a30,0x7a30,0x6a10,0x51f1,0x5a10,0x7230,0x8230,0x8230,0x8230,0x8230,0x8230,0x822f,0x822f,0x822f,0x8230,
 0x8230,0x8230,0x8230,0x7a30,0x8250,0x8250,0x8250,0x59f1,0x5211,0x8a50,0x8a50,0x8251,0x6231,0x4a11,0x5211,0x5a11,
 0x6a10,0xaaaf,0x9a90,0x6a32,0x6a31,0x926f,0x9a6f,0x9a6f,0xa2af,0x9250,0x9a6f,0x9a6f,0x9a6f,0x9a6f,0x9a6f,0x9a4f,
 0x9a6f,0x9a6f,0x9a6f,0x9a6f,0x9a4f,0x9a4f,0x924f,0x924f,0x926f,0x9a70,0x9a70,0x9270,0x9a70,0x926f,0x926f,0x9270,
 0x9270,0x9a6f,0x9a70,0x9a6f,0x9a6f,0x9a6f,0x9a70,0x9a6f,0x9a6f,0xa26f,0xa26f,0xa26f,0xa26f,0xa26f,0xa26f,0xa26f,
 0xa26f,0xa28f,0xa26f,0x9a6f,0x9a6f,0x9a6f,0x9a6f,0x9a6f,0x9a6f,0x9a6f,0x9a8f,0x9a8f,0xa28f,0xa26f,0xa28f,0xa290,
 0xa28f,0xa28f,0xaaaf,0xaaaf,0x926f,0x9270,0x9a8f,0x8a6f,0x928f,0xb2ce,0x9a8f,0x6211,0x9290,0xa2af,0x7a51,0x8a71,
 0x7231,0x5a12,0x6a32,0x7252,0x6a32,0x5a12,0x5a12,0x6a32,0x5a12,0x6232,0x5a12,0x5a12,0x59f2,0x5a12,0x5a12,0x51f2,
 0x6212,0x5a11,0x5a12,0x8271,0x8271,0x7251,0xb2af,0xaa8f,0xaa90,0xc2cf,0xbacf,0xbacf,0xc2cf,0xc2cf,0xc2cf,0xb2af,
 0xbaaf,0xc2cf,0xbacf,0xbacf,0xb2b0,0xbacf,0xbad0,0xbad0,0xbad0,0xbacf,0xc2cf,0xc2cf,0xc2cf,0xc2cf,0xc2ef,0xcaef,
 0xcb0f,0xd30e,0xd2ef,0xd30f,0xd2ef,0xcaef,0xd30f,0xd30f,0xd30f,0xd2ef,0xd2ef,0xcaef,0xcaef,0xd2ef,0xbaf0,0xbad0,
 0xcaef,0xc2f0,0xcb10,0xd310,0x9a6e,0xb28e,0xc2ae,0xa28e,0xb2af,0x924f,0xdb2f,0xd32f,0xc310,0xd310,0xd30f,0xb2f0,
 0xcaef,0xd2ef,0xbad0,0xc2cf,0xdb0f,0x7a0e,0x11d0,0x32d3,0x08ab,0x110c,0x1170,0x1991,0x1990,0x21af,0xb2ae,0xdb0f,
 0xcb0f,0xcb10,0xc310,0xd310,0xaab0,0xa2af,0x926f,0x114f,0x1a12,0x1292,0x1a4f,0x2295,0x19b2,0x11d2,0x41af,0xc2d0,
 0xaaf1,0xcb30,0xd331,0x61ee,0x110d,0x192d,0x114f,0x2990,0x31b1,0x2191,0x722f,0xb2f1,0xb2d0,0xaad0,0xa2d1,0xa2d1,
 0xaad0,0xa2b1,0xa2b1,0xbb10,0xb2f0,0xaaf1,0xbaf0,0x9ab1,0x9ab1,0xbad0,0xc2f1,0xaaaf,0x110d,0x112e,0x112d,0x110c,
 0x194e,0x298f,0x39ae,0xaad1,0xb2f1,0xbaf1,0xaad1,0xb2f1,0xb2f0,0xaad1,0xaad1,0xaad1,0xaad1,0xaad1,0xaad1,0xb2f0,
 0xa2d1,0x9ab1,0xbad0,0xaad0,0xaad0,0xbaf1,0x71ec,0x6189,0x4948,0x0022,0x3907,0x0841,0x69ab,0xb2d1,0xb2b0,0xaad0,
 0x0022,0x0022,0x0022,0x0043,0x0042,0x0042,0x0022,0x0022,0x0022,0x0022,0x0022,0x0886,0x0043,0x0042,0x0042,0x0043,
 0x0864,0x0064,0x0001,0x0843,0x28a5,0x3108,0x7a51,0x7a30,0x7a30,0x7a30,0x7a30,0x7230,0x7a30,0x7a30,0x7a30,0x7a50,
 0x7a50,0x8250,0x8250,0x8250,0x8250,0x8250,0x8250,0x8250,0x8230,0x8250,0x8250,0x8250,0x8250,0x8250,0x8250,0x8250,
 0x8230,0x8230,0x7a30,0x7a30,0x8250,0x8a30,0x8230,0x8230,0x8a50,0x8250,0x8250,0x8250,0x8230,0x8230,0x8250,0x8250,
 0x8a50,0x8a50,0x8a4f,0x8a4f,0x924f,0x924f,0x9270,0x8a50,0x8a50,0x8a50,0x8250,0x8250,0x8230,0x8230,0x8230,0x8230,
 0x8230,0x822f,0x824f,0x8250,0x8250,0x8250,0x8250,0x8a50,0x8a50,0x8a50,0x8a50,0x8a50,0x8a70,0x8a50,0x8a50,0x8250,
 0x8250,0x8250,0x8250,0x8a50,0x8a50,0x8230,0x8250,0x8250,0x8a50,0x8a50,0x8a50,0x8a4f,0x8a4f,0x8a4f,0x8a4f,0x8a4f,
 0x8a4f,0x8250,0x8a50,0x9a4f,0x7a30,0x8250,0x7230,0x41f2,0x49f1,0x5a11,0x5211,0x4a11,0x5211,0x4a11,0x4a12,0x5211,
 0x5a11,0x7251,0x6a31,0x6211,0x7231,0x8270,0xa26f,0xa28f,0xa28f,0x9a6f,0x9a6f,0x8a50,0x9270,0xa28f,0xa28f,0xa28f,
 0xa28f,0xa26f,0xa26f,0xa26f,0xa26f,0xa26f,0xa26f,0xa26f,0xa26f,0xa28f,0xa28f,0xa290,0xa28f,0xa28f,0xa26f,0xa26f,
 0xa26f,0xa26f,0xa28f,0xaa8f,0xaa8f,0xaa8f,0xaa8f,0xaa8f,0xaa8f,0xaa8f,0xaa8f,0xaa8f,0xaa8f,0xaa8f,0xaa8f,0xaa8f,
 0xaa8f,0xa28f,0xaa8f,0xaa8f,0xaa8f,0xaa8f,0xaa8f,0xa28f,0xa28f,0xa28f,0xaa8f,0xaaaf,0xaaaf,0xaaaf,0xaa8f,0xaa8f,
 0xaa8f,0xaa8f,0xa28f,0xa28f,0xaaaf,0xaaaf,0xaaaf,0xb2cf,0xb2cf,0xbacf,0xb2af,0xaacf,0xcb2f,0xd32e,0xa2b0,0xb2cf,
 0x9a90,0x7a51,0xb2d0,0xeb8d,0xaaf0,0x9a90,0x8270,0x6a31,0xa2cf,0xdb8e,0x9291,0x9290,0xaaf0,0x8a71,0x7a51,0x9ab0,
 0x9ab0,0x9ab0,0x7a70,0x7a71,0x7a71,0x7a50,0x8a6f,0xa2af,0x8a90,0xa2b0,0xc2ce,0xbacf,0x8a91,0xa2b0,0xbacf,0x7a51,
 0x8271,0xbaaf,0xb2d0,0x9ab1,0x8a91,0xa2b0,0xaad0,0xb2d0,0xd30e,0xd30e,0xd30e,0xdb0e,0xdb0e,0xd30e,0xd30e,0xd30e,
 0xd30f,0xd30f,0xd30e,0xcb0f,0xc2ef,0xc2ef,0xc2ef,0xb2d0,0xbaf0,0xc2ef,0xbacf,0xaab0,0xa2b0,0xaad0,0xa2b1,0xa2b1,
 0xaad1,0xa2b0,0xb2f0,0xaacf,0x318f,0x216f,0x29d0,0x216e,0x296e,0x214e,0x9290,0xbb11,0xa2f1,0xb2d1,0xb2d0,0x9ab1,
 0xaab1,0xb2b0,0x9a91,0xa290,0xb2d1,0x720f,0x11d1,0x2ab4,0x08cc,0x090c,0x092e,0x112e,0x29b0,0x192e,0xaa8f,0xc2f0,
 0xb2d0,0xb2d1,0xb2f1,0xc331,0x5a0f,0x298e,0x216e,0x1190,0x19d1,0x2270,0x0a0f,0x1a55,0x19d3,0x0992,0x39af,0xd2ef,
 0xdb2f,0xdb4f,0xe391,0x722f,0x112d,0x214d,0x090c,0x31af,0x31b0,0x2190,0x6a2f,0xdb4f,0xcb0f,0xd32f,0xd32f,0xd32f,
 0xd34f,0xd330,0xd330,0xdb6f,0xdb4f,0xdb2f,0xdb2f,0xcb0f,0xcb0f,0xdb2f,0xe370,0xbb0f,0x192e,0x192e,0x192d,0x090c,
 0x194d,0x112e,0x398d,0xdb2f,0xd330,0xdb50,0xdb50,0xdb50,0xd32f,0xd30f,0xd32f,0xcb10,0xd330,0xd32f,0xd30f,0xd32f,
 0xcb10,0xc310,0xc2f0,0xcb10,0xcb10,0xdb30,0x6167,0x0021,0x5988,0x1063,0x61a9,0x0001,0x820b,0xcb31,0xc2f0,0xcaef,
 0x0043,0x0043,0x0043,0x0043,0x0043,0x0043,0x0843,0x0043,0x0843,0x0043,0x0022,0x10a7,0x0864,0x0043,0x0844,0x0023,
 0x0066,0x3109,0x1885,0x30e7,0x618a,0x4949,0x9271,0x8a50,0x8a70,0x8a50,0x8a50,0x8a50,0x8a50,0x8a70,0x8a50,0x8a70,
 0x8a70,0x8a70,0x8a70,0x9270,0x9270,0x9270,0x9270,0x9250,0x9250,0x8a50,0x8a50,0x8a50,0x9250,0x9270,0x9270,0x9270,
 0x8250,0x5a32,0x5212,0x5a32,0x6a31,0x7a51,0x9250,0x9250,0x9250,0x9250,0x9250,0x9270,0x9270,0x9270,0x9270,0x9270,
 0x9250,0x9250,0x924f,0x924f,0x924f,0x924f,0x9270,0x9a70,0x9a70,0x9270,0x9270,0x9250,0x9250,0x9250,0x9270,0x9270,
 0x9250,0x9250,0x924f,0x926f,0x9270,0x9270,0x9270,0x9270,0x9250,0x9270,0x9270,0x9250,0x9270,0x9270,0x9270,0x9270,
 0x9270,0x9270,0x9a70,0x9a70,0x9270,0x9a90,0x9270,0x8a50,0x926f,0x9a6f,0x9a6f,0x9a6f,0x9a4f,0x8a4f,0x5a10,0x6a30,
 0x6210,0x41d1,0x51f0,0x7a30,0x51f1,0x49f1,0x5211,0x5211,0x49f2,0x41f2,0x49f1,0x49f1,0x49f1,0x4a12,0x4a12,0x5212,
 0x4a12,0x4a12,0x5211,0x51f1,0x5211,0x6231,0x6a31,0x7230,0x9a6f,0x926f,0x6a31,0x6211,0x7a51,0xb2af,0xaaaf,0xa28f,
 0xb2af,0xaa8f,0xaa8f,0xaa8f,0xaa8f,0xb28f,0xaa8f,0xb28f,0xaa8f,0xaa8f,0xaaaf,0xaaaf,0xaaaf,0xb2af,0xaa8f,0xaaaf,
 0xb28f,0xaa8f,0xb28f,0xaa8f,0xaaaf,0xb2af,0xb2af,0xb2af,0xb2af,0xb2af,0xb2af,0xb2af,0xb2af,0xb2af,0xb2af,0xb2af,
 0xb2af,0xb2af,0xaa8f,0xaa8f,0xaa8f,0xaa8f,0xaa8f,0xaa8f,0xaa8f,0xaaaf,0xb2af,0xb2af,0xb2af,0xb2af,0xbaaf,0xbacf,
 0xb2af,0xbacf,0xbacf,0xbacf,0xbacf,0xbacf,0xbacf,0xbacf,0xbacf,0xbacf,0xbacf,0xc2cf,0xbacf,0xbacf,0xc2ef,0xcaef,
 0xd32f,0xd32f,0xdb2e,0xd30e,0xd30e,0xdb0d,0xcaee,0xbacf,0xd34e,0xe38e,0xd32e,0xd32e,0xebad,0xcb2f,0xc30f,0xdb4e,
 0xe36e,0xdb4e,0xc2ce,0xcaee,0xd30e,0xc2cf,0xc2cf,0xbaef,0xbaef,0xb2af,0xa28f,0x8a70,0x7272,0x7272,0x7a71,0x7a51,
 0x7a51,0x8271,0x8a71,0x8a91,0x9291,0x9291,0x9291,0x9ab1,0xaaaf,0xa290,0xb2cf,0xc2ef,0xbaef,0xcb0f,0xd30f,0xdb2e,
 0xdb0e,0xdb0e,0xdb2e,0xdb4e,0xdb4f,0xdb4f,0xcb2f,0xd32f,0xd30f,0xd32f,0xcb2f,0xd32e,0xc30f,0xc30f,0xcb0f,0xc2f0,
 0xcb2f,0xc2ef,0xb2af,0x5250,0x659c,0x761d,0x4cfa,0x118f,0x08ec,0x00ed,0x51ce,0xbaef,0xc2ef,0xcb0f,0xcb0f,0xcb0f,
 0xc2f0,0xcb0f,0xd330,0xd32f,0xcb10,0x822e,0x0970,0x1a13,0x08ec,0x112c,0x29f0,0x08ec,0x110d,0x110d,0xb2ce,0xdb4f,
 0xcb0f,0xd32f,0xc2f0,0xc2f0,0x318e,0x112e,0x1170,0x19f3,0x2255,0x094d,0x122e,0x1a53,0x2213,0x11d3,0x4a11,0xe34f,
 0xdb4f,0xdb4f,0xeb90,0x6a0e,0x090d,0x194e,0x112e,0x39f1,0x31b1,0x1990,0x724f,0xe36f,0xd32f,0xdb2f,0xdb2f,0xd34f,
 0xdb4f,0xdb4f,0xdb4f,0xd32f,0xd32f,0xd32f,0xd32f,0xdb4f,0xdb4f,0xdb4f,0xe390,0xbb0f,0x110e,0x194e,0x192d,0x110d,
 0x114e,0x114f,0x39ae,0xdb4e,0xdb4f,0xdb6f,0xdb6f,0xdb6f,0xdb6f,0xdb4f,0xdb4f,0xd330,0xcb30,0xcb2f,0xd32f,0xcb30,
 0xcb30,0xcb30,0xcb10,0xcb10,0xcb0f,0xdb30,0x6167,0x0822,0x4126,0x0843,0x5127,0x30c5,0x79ea,0xd310,0xc2ef,0xcaef,
 0x0845,0x0845,0x0845,0x0845,0x0865,0x0845,0x0845,0x0865,0x0844,0x0844,0x0844,0x0865,0x0043,0x0043,0x0044,0x0023,
 0x0044,0x30c7,0x2064,0x20a5,0x4928,0x5148,0xa291,0x9270,0x9290,0x9270,0x9270,0x9270,0x9270,0x9270,0x9270,0x9270,
 0x9270,0x9270,0x9a70,0x8a70,0x8a70,0x9270,0x9a70,0x9270,0x9270,0x9270,0x9270,0x9270,0x9270,0x9270,0x8a70,0x6a31,
 0x6231,0x4a12,0x5212,0x5a32,0x6232,0x6a52,0x8a71,0xa28f,0x9a70,0x9a70,0x9270,0x9270,0x9270,0x9270,0x9270,0x9270,
 0x9270,0x9a70,0x8a50,0x9250,0x924f,0x924f,0x9a6f,0x8a50,0x9270,0x9a70,0x9a70,0x9a70,0x9a70,0x9a70,0x9a70,0x9a70,
 0x9a70,0x9a70,0x9a70,0x9a70,0x9a70,0x9a70,0xa290,0x9a70,0x9a6f,0xa290,0x926f,0x9a70,0x9a70,0x9a90,0xa290,0xa290,
 0x9a90,0xa290,0xa290,0xa290,0xa290,0x9a90,0x9a90,0x9a70,0x9270,0x8a50,0x7231,0x8250,0x924f,0x9270,0x9290,0x9290,
 0x8a70,0x8250,0x824f,0x8a6f,0x7a70,0x7a71,0x8250,0x59f1,0x8250,0x9a6f,0x7a50,0x7a51,0x7a51,0x7a51,0x7a30,0x6211,
 0x6211,0x6231,0x6231,0x7231,0x6231,0x5212,0x5211,0x51f1,0x5a11,0x5a11,0x5a11,0x5a12,0x5a32,0x8270,0xa2af,0x6a30,
 0x9270,0xbaae,0xbaaf,0xbaaf,0xbaae,0xbaae,0xbaae,0xbaae,0xbaaf,0xb2af,0xbacf,0xbacf,0xbaaf,0xbaaf,0xb2af,0xb2af,
 0xaa8f,0xa28f,0x9a90,0xaa8f,0xaaaf,0xaab0,0xaab0,0xb2af,0xb2af,0xaaaf,0xb2af,0xbacf,0xbacf,0xaaaf,0xaaaf,0xb2af,
 0xaa8f,0xaa8f,0xaa8f,0xaa8f,0xb28f,0xbaaf,0xbaaf,0xbaae,0xbaaf,0xc2cf,0xc2cf,0xc2cf,0xc2cf,0xc2ce,0xc2ce,0xc2ce,
 0xc2ee,0xcaee,0xcb0e,0xcb0e,0xcb0e,0xcaee,0xcaee,0xcaee,0xcaee,0xcaee,0xcaee,0xcaee,0xcaee,0xcaee,0xc2ee,0xcaee,
 0xc2ce,0xc2ef,0xc2ef,0xc2ee,0xc2ee,0xc2cf,0xcaef,0xcaee,0xc2ef,0xc2cf,0xcaee,0xcaef,0xcacf,0xcb0f,0xcb0f,0xbacf,
 0xbacf,0xbacf,0xbacf,0xbaaf,0xb2af,0xb2b0,0xbacf,0xaad0,0xb2d0,0xaa8f,0xa290,0xa2b0,0xa2b0,0xaab0,0xb2cf,0xbacf,
 0xcb2f,0xdb6e,0xc32f,0xaad0,0xc30f,0xb2f0,0xcb2f,0xc32f,0xc32f,0xbb0f,0xd32e,0xbaef,0xc30f,0xcb2e,0xcb2f,0xe38e,
 0xdb4e,0xdb2e,0xe34e,0xeb6e,0xe36e,0xe36e,0xeb6e,0xeb6e,0xeb4e,0xe34e,0xe34e,0xe34e,0xe34e,0xdb2e,0xe34e,0xeb6e,
 0xe36e,0xeb8e,0xd32e,0x21af,0x63d6,0x6354,0x2a12,0x114f,0x110d,0x192d,0x212c,0xd2ed,0xeb4e,0xe34e,0xeb6e,0xf3ad,
 0xeb8e,0xf3ae,0xebae,0xeb8e,0xfbce,0x9a8c,0x09b0,0x2a93,0x08cb,0x194c,0x3a92,0x090e,0x112e,0x112e,0xc30e,0xe34e,
 0xdb2e,0xdb2e,0xdb2f,0xd32f,0x318e,0x194e,0x1170,0x19f3,0x1a35,0x092f,0x1290,0x1a53,0x1192,0x11f3,0x4a30,0xf3ae,
 0xeb8e,0xeb6e,0xfbaf,0x722d,0x090d,0x192d,0x092e,0x41f1,0x31d1,0x1970,0x828f,0xe36e,0xd32e,0xebaf,0xe36f,0xe36e,
 0xe36e,0xeb6e,0xf38e,0xf38e,0xf38e,0xeb8e,0xeb8e,0xe38f,0xe38f,0xe3af,0xf3cf,0xc32e,0x192d,0x192d,0x112d,0x112d,
 0x198f,0x1190,0x41ce,0xf3ce,0xebae,0xf3ae,0xf3ae,0xebae,0xd36f,0xcb50,0xc350,0xd36f,0xf38f,0xeb8f,0xeb6f,0xe36f,
 0xdb6f,0xe36f,0xe36f,0xe36f,0xdb4f,0xf3b0,0x5967,0x5966,0x4106,0x1064,0x30c5,0x38c5,0x81eb,0xcaf0,0xc2ef,0xcaef,
 0x0866,0x0866,0x0886,0x0865,0x0886,0x0865,0x0865,0x0865,0x0865,0x0865,0x0844,0x08a7,0x10e9,0x08a7,0x08c7,0x0886,
 0x0044,0x08a7,0x0065,0x0065,0x0886,0x20c7,0x926f,0x9a90,0x8a70,0x9270,0x9a70,0x9270,0x9a90,0x9a90,0x9a90,0x9290,
 0x9270,0x9a70,0x7a51,0x5a32,0x5a32,0x6a51,0x8a70,0x9a70,0x9a70,0x9a70,0x7a51,0x6a31,0x9270,0xa290,0x8a70,0x5212,
 0x5212,0x5212,0x5212,0x5212,0x6232,0x6a32,0x7a51,0xaaaf,0xa2b0,0x7a51,0x9270,0xa290,0x9a70,0x9a70,0x9a90,0x9a70,
 0x8a50,0x6a31,0x4a12,0x5232,0x8a70,0x9250,0x6231,0x5a32,0x6a32,0x8a71,0xa28f,0x9a90,0xa290,0xa290,0xa290,0xa290,
 0xa290,0xa290,0xa290,0xa290,0xa290,0xa28f,0xa28f,0xa290,0xa290,0xaab0,0x8a6f,0xa270,0xa270,0x9a70,0xa290,0xa290,
 0xa290,0x9a90,0x9a90,0x9a90,0x9a90,0x9a70,0x9a70,0x9a70,0x9270,0x8a70,0x8a70,0x8a50,0x7a31,0x8a71,0x9a90,0xa2b0,
 0xaaaf,0xb2cf,0xb2cf,0xb2cf,0xb2af,0xb2af,0xaab0,0x9a90,0xaab0,0xbacf,0xc2ef,0xbacf,0xbacf,0xbacf,0x9270,0x9a90,
 0xb2cf,0x8a70,0x9a70,0xb2af,0x8a70,0x8a50,0x8250,0x8251,0xb2ce,0x8a70,0x7a51,0x8270,0x7230,0x7a50,0x8290,0x7230,
 0x6a31,0x8a70,0x8a70,0x9270,0xb2af,0xb28f,0xb2af,0xbacf,0xc2ef,0xbacf,0xc2cf,0xc2ef,0xc2ee,0xc2ee,0xb2cf,0xbaef,
 0xc2ee,0xa2b0,0x9ab0,0xbaee,0xaad0,0xa2b0,0xa2d0,0xaab0,0xaab0,0x9a90,0xa2b0,0xbacf,0xaad0,0xa2b0,0xbaaf,0xc2ce,
 0xc2ce,0xbacf,0xc2cf,0xcace,0xc2ce,0xc2ce,0xc2ce,0xcaee,0xcaee,0xcaee,0xd30e,0xd30e,0xd30e,0xd30e,0xd2ee,0xd30e,
 0xd30e,0xd30e,0xd32e,0xd32e,0xd30e,0xdb0e,0xdb0d,0xdb2d,0xd2ee,0xd30e,0xd30e,0xd30e,0xd30e,0xd30e,0xcaee,0xcaee,
 0xcaee,0xcb0e,0xcaee,0xcaee,0xcaee,0xcaee,0xcaef,0xcaef,0xcaef,0xcaef,0xcaee,0xcaef,0xcb0f,0xcaef,0xcaef,0xcb0f,
 0xd30f,0xd30f,0xcaef,0xcaef,0xd2ef,0xcaef,0xd30f,0xd30f,0xdb2f,0xdb0e,0xd2ee,0xdb0e,0xd32e,0xdb2e,0xdb2e,0xdb2e,
 0xe38e,0xebae,0xeb8e,0xe36e,0xdb4e,0xdb4e,0xe36e,0xe36e,0xe36e,0xeb6e,0xeb6e,0xe34e,0xe34e,0xe34e,0xe34e,0xe36e,
 0xe36e,0xe36e,0xe36e,0xe34e,0xe34e,0xe34e,0xeb6d,0xeb8e,0xe36e,0xeb6e,0xe34e,0xe34e,0xeb6e,0xeb6e,0xeb6e,0xe36e,
 0xe36e,0xeb8e,0xd38f,0x214e,0x18ed,0x18cd,0x2211,0x116e,0x110d,0x194f,0x296e,0xdb4d,0xf38e,0xeb6e,0xeb8e,0xeb8e,
 0xebae,0xebae,0xebae,0xeb8e,0xfbce,0x9acd,0x0990,0x19b0,0x08eb,0x08ea,0x11b0,0x114f,0x196f,0x196f,0xc32e,0xf38e,
 0xeb8e,0xf3ae,0xf3ae,0xebce,0x41ce,0x292e,0x114f,0x19d2,0x1a35,0x094f,0x1290,0x1a74,0x19b3,0x11f3,0x4210,0xf3ae,
 0xf3ce,0xf3ce,0xfc0f,0x7a6e,0x010e,0x192d,0x092d,0x318f,0x39d1,0x1991,0x728f,0xbb2d,0xd38e,0xfbee,0xf3ce,0xf3ce,
 0xfbee,0xebaf,0xd34f,0xb310,0xcb50,0xdb8f,0xf3ae,0xfbcd,0xfbce,0xf3ce,0xfc0e,0xcb6e,0x214e,0x194e,0x112d,0x112e,
 0x1990,0x0950,0x41ee,0xfc0d,0xf3cd,0xdb8e,0xb330,0x8ad2,0x6a73,0x6253,0x5a32,0x6272,0x82b1,0xb310,0xd34f,0xeb8e,
 0xf38e,0xeb8e,0xeb8e,0xeb8e,0xe38f,0xfbf0,0x69a7,0x3904,0x79e8,0x0842,0xaaaa,0x28c4,0x79e9,0xe34f,0xd30e,0xe34e,
 0x0886,0x0886,0x0886,0x0886,0x0886,0x0886,0x0865,0x0886,0x0865,0x0844,0x0044,0x08c8,0x110a,0x08a7,0x08a8,0x0886,
 0x0844,0x110a,0x08c8,0x08c8,0x08c8,0x3107,0x822f,0x8271,0x7271,0xaaaf,0x8a71,0x8a91,0xaab0,0x8a91,0x9a90,0xaa90,
 0x8a71,0x8a71,0x6252,0x5a32,0x5a32,0x5a32,0x6a52,0x9290,0x8271,0xaa8f,0x7251,0x4212,0x5a32,0x8271,0xa2b0,0x6a31,
 0x4a12,0x5212,0x5212,0x5212,0x5a32,0x6232,0x7a51,0xaab0,0x7a72,0x6232,0x8271,0xb2af,0xb2af,0xb28f,0xb2af,0xb28f,
 0x5a31,0x41f2,0x5212,0x5212,0x6a51,0x7251,0x6232,0x5a32,0x6a52,0x7a71,0xb2cf,0xbacf,0xa290,0xa290,0xa290,0xaab0,
 0xaab0,0xaab0,0xaab0,0xaab0,0xaab0,0xaa8f,0xa28f,0xa28f,0xa28f,0xaab0,0x8a6f,0xa28f,0xaa8f,0xaa8f,0xa28f,0xa28f,
 0xa28f,0xa290,0xa290,0xa290,0xaab0,0xaa90,0xaa90,0xa290,0xa290,0xaa8f,0xa28f,0xa290,0xaab0,0xaab0,0x9a90,0x9a90,
 0x9a90,0x9ab0,0xa2b0,0x9ab0,0x9a90,0x9a90,0xa2b0,0xb2af,0xaab0,0xaad0,0xaab0,0xa290,0xb2af,0xb2af,0xaaaf,0xbacf,
 0xbaef,0xb2cf,0xbaaf,0xbaaf,0xb2af,0xbaaf,0xbaaf,0xbacf,0xc2ce,0xbacf,0xbacf,0xbacf,0xb2af,0xcb2e,0xc30e,0xbacf,
 0xbacf,0xb2cf,0xb2cf,0xb2cf,0xbacf,0xbacf,0xb2cf,0xbacf,0xc2cf,0xbacf,0xbacf,0xbaef,0xc2ef,0xc2ee,0xcaee,0xcb0e,
 0xd32e,0xd32e,0xcb0e,0xd32e,0xcb2f,0xd32f,0xcb0f,0xc2ef,0xc2ef,0xb2cf,0xb2cf,0xaad0,0xaacf,0xaab0,0xa290,0xaaaf,
 0xaaaf,0x9ab0,0xa2b0,0xaaaf,0xa2af,0xaacf,0xaaaf,0xaaaf,0xb2cf,0xbace,0xbacf,0xbacf,0xbacf,0xbacf,0xc2ef,0xc2cf,
 0xc2ce,0xc2ef,0xc2ef,0xbacf,0xc2ce,0xcace,0xcaee,0xcaee,0xcaee,0xcaee,0xcaee,0xcaee,0xcaee,0xcaee,0xcaee,0xcaee,
 0xcaee,0xcaee,0xcb0e,0xcaee,0xcaee,0xcaef,0xcaef,0xcb0e,0xcb0e,0xcaee,0xcaee,0xd30e,0xd30e,0xd30e,0xd30e,0xd30e,
 0xd30e,0xd30e,0xdb2e,0xdb0e,0xdb0e,0xdb2e,0xdb2e,0xdb2e,0xdb2e,0xdb2e,0xdb2e,0xe32e,0xe32e,0xdb2e,0xe34e,0xe34e,
 0xdb4e,0xdb2e,0xdb2e,0xdb4e,0xdb4e,0xdb2e,0xdb2e,0xdb2e,0xdb2e,0xcb0e,0xd30e,0xdb2e,0xdb4e,0xdb4e,0xdb2e,0xdb2e,
 0xe34e,0xe34e,0xe36e,0xeb6e,0xeb8d,0xeb6e,0xeb6d,0xeb6d,0xe34e,0xe36e,0xe34e,0xe34e,0xeb6e,0xeb6e,0xeb6e,0xeb6e,
 0xeb8e,0xf3ae,0xcb4e,0x112e,0x116f,0x110e,0x3396,0x19f0,0x110d,0x114f,0x218f,0xe38e,0xf3ae,0xf3ad,0xf3ae,0xf3ae,
 0xf38e,0xf38e,0xebae,0xebae,0xfbce,0x9acd,0x0950,0x2233,0x090d,0x090c,0x194f,0x112e,0x114f,0x112e,0xcb4e,0xfbce,
 0xebae,0xf3ae,0xf3ae,0xebae,0x31ae,0x216f,0x1990,0x19d2,0x2296,0x1a52,0x0a6f,0x22d6,0x2a56,0x1a35,0x11b1,0x82af,
 0xfc2e,0xf3ee,0xfc6e,0x7a8d,0x08ee,0x192d,0x112d,0x29d1,0x2190,0x29b1,0x420f,0x29ae,0x9b4e,0xfcee,0xfc2e,0xebcf,
 0xb330,0x8292,0x7273,0x7a72,0x7293,0x6a74,0x82b2,0xbb30,0xe3cf,0xf40e,0xfc6d,0xdbed,0x112e,0x194e,0x194e,0x112e,
 0x116f,0x092f,0x318e,0xb350,0x8ab2,0x7273,0x6253,0x6253,0x6253,0x5a33,0x5233,0x4a13,0x4213,0x4a33,0x5233,0x7a92,
 0xab10,0xe36e,0xeb8e,0xfbad,0xf3ad,0xfbef,0x8a28,0x4965,0x9a49,0x1062,0xeb8d,0x28a3,0x71a7,0xfbae,0xeb6e,0xeb6e,
 0x0887,0x0886,0x0887,0x0866,0x0887,0x08a7,0x0886,0x0887,0x0865,0x0844,0x0043,0x08a7,0x110a,0x08a7,0x08a7,0x0886,
 0x0844,0x10e9,0x08c8,0x0886,0x08a7,0x30e7,0x6231,0x6a73,0x7a92,0x8a71,0x6232,0x8a71,0xa28f,0x6a72,0x6252,0x9290,
 0x9a90,0x7272,0x5a52,0x5a52,0x5a32,0x5a32,0x5a52,0x6252,0x4a33,0x6a51,0x6251,0x4a32,0x5232,0x5232,0x5232,0x5212,
 0x4a12,0x4a12,0x4a12,0x4a12,0x5212,0x5212,0x5a12,0x6232,0x6252,0x6a52,0x7a51,0x8a71,0x7a51,0xbaae,0xa28f,0x9a90,
 0xb2af,0x6a31,0x5232,0x5a32,0x5a32,0x6252,0x6232,0x6252,0x7a72,0x8a91,0xc2ee,0xb2cf,0x9a90,0xb2af,0xb2b0,0xa2b0,
 0xaab0,0xaab0,0xb2b0,0xb2af,0xb2af,0xb2af,0xb2af,0xb2af,0xb2af,0xb2cf,0x928f,0xb2af,0xb2af,0xb2af,0xb2af,0xb2af,
 0xaaaf,0xaaaf,0xaaaf,0xaaaf,0xb2af,0xb2cf,0xb2cf,0xb2b0,0xb2af,0xb2af,0xb2af,0xb2af,0xaaaf,0xb2af,0xaaaf,0xaaaf,
 0xaab0,0xb2d0,0xaad0,0xaab0,0xaab0,0xaaaf,0xb2af,0xbacf,0xbacf,0xbacf,0xbacf,0xbacf,0xbacf,0xbacf,0xc2cf,0xbacf,
 0xbacf,0xbacf,0xbacf,0xbacf,0xc2cf,0xbacf,0xc2cf,0xc2cf,0xc2cf,0xc2cf,0xc2cf,0xc2cf,0xc2ef,0xc2ef,0xc2ef,0xc2ef,
 0xc2ef,0xc2ef,0xc2ef,0xc2cf,0xc2ce,0xc2ee,0xc2ee,0xc2ee,0xc2cf,0xc2ef,0xc2ef,0xc2ef,0xc2ef,0xc2ef,0xc2ef,0xc2ef,
 0xc2ef,0xc2ef,0xc2ef,0xc2ef,0xc2ef,0xc2ef,0xc2ef,0xc2ef,0xc2ef,0xcaef,0xcaee,0xcaee,0xd30e,0xcb0e,0xbaef,0xbacf,
 0xb2cf,0xb2cf,0xc2ef,0xbaef,0xbacf,0xcaee,0xc2ce,0xc2ef,0xcaef,0xbacf,0xbacf,0xc2cf,0xc2cf,0xbacf,0xbacf,0xbacf,
 0xbacf,0xbacf,0xbacf,0xc2ce,0xc2ce,0xc2ce,0xc2ce,0xc2ce,0xcace,0xbacf,0xc2ee,0xcaee,0xcaee,0xd2ee,0xd2ee,0xd30e,
 0xd30e,0xdb2e,0xdb2e,0xdb2d,0xe32d,0xe34e,0xe34e,0xe34e,0xe36e,0xe34e,0xe34e,0xe34e,0xe34e,0xe34e,0xe34e,0xe34d,
 0xe34e,0xe34e,0xe34d,0xe34d,0xe34d,0xe34d,0xe34d,0xe34d,0xe34d,0xe36d,0xe36e,0xe36e,0xe36d,0xeb6d,0xeb8d,0xebad,
 0xebad,0xebad,0xebcd,0xebcd,0xf3cd,0xdbae,0xebce,0xebcd,0xf3ee,0xc34d,0xdb4d,0xeb8d,0xeb8d,0xe36e,0xe36e,0xe36e,
 0xe32e,0xe34e,0xe34e,0xdb2e,0xe34e,0xdb2e,0xdb2e,0xe36e,0xe34e,0xe36e,0xf3ad,0xf3cd,0xf3ed,0xfc0c,0xfc2c,0xfc4d,
 0xfc2d,0xfc6d,0xd3cd,0x194f,0x196f,0x10ee,0x2b76,0x1a11,0x110e,0x114f,0x216f,0xec2d,0xfc8d,0xfc8d,0xfc6d,0xfc6d,
 0xfc6d,0xfc4d,0xfc4d,0xf42d,0xfc6d,0xab2d,0x094f,0x19b0,0x090d,0x090c,0x21b0,0x196f,0x116f,0x21af,0xcb6e,0xfbee,
 0xebce,0xf3ce,0xf3ce,0xebae,0x41ef,0x29b1,0x1970,0x19d2,0x2295,0x1ab3,0x0a4f,0x22b5,0x2256,0x1a14,0x1191,0x420f,
 0xf42d,0xf44e,0xfc8e,0x7a6c,0x08ed,0x194e,0x114e,0x31f2,0x2990,0x2190,0x5a30,0x39af,0x216e,0xc390,0xab32,0x8ab3,
 0x7a73,0x7253,0x7273,0x7211,0x6a53,0x6253,0x6253,0x6254,0x7273,0x82b2,0xbb71,0xb36f,0x112e,0x112e,0x112d,0x090d,
 0x116f,0x114e,0x214e,0x6a54,0x6a53,0x6a53,0x6a53,0x6253,0x5a33,0x4a33,0x4a33,0x4a33,0x4a33,0x4a33,0x5233,0x4a13,
 0x4a13,0x5a32,0x7292,0xc350,0xebae,0xfbed,0x4924,0xa2c9,0x5145,0x0842,0x8227,0x4964,0x79e7,0xfbce,0xf3ad,0xf3ae,
 0x0886,0x0886,0x0886,0x0886,0x0886,0x0886,0x0886,0x0886,0x0864,0x0844,0x0023,0x08a7,0x10e9,0x08a7,0x08a7,0x0886,
 0x0044,0x10ea,0x10e9,0x110a,0x08c8,0x3108,0x6231,0x7293,0x6a72,0x6252,0x6232,0x6a52,0x6a52,0x6252,0x6253,0x6252,
 0x7252,0x7272,0x6252,0x6252,0x6252,0x6252,0x5a52,0x5a32,0x5a32,0x5233,0x5232,0x5232,0x5232,0x5232,0x5212,0x5a12,
 0x5212,0x5a32,0x5a12,0x5a12,0x5a12,0x5212,0x5212,0x5212,0x5212,0x5a32,0x6a52,0x6232,0x5a32,0x7a71,0x6232,0x5233,
 0x8a70,0x7a71,0x5a32,0x6252,0x6252,0x6232,0x6232,0x6a32,0x7252,0x7251,0x8271,0x7251,0x9a8f,0xb2cf,0x8271,0x7252,
 0xaab0,0xc2ef,0xbacf,0xbacf,0xc2cf,0xc2cf,0xc2cf,0xc2ef,0xc2ef,0xcaef,0x722f,0xa2af,0xc2cf,0xbacf,0xc2cf,0xc2cf,
 0xc2cf,0xc2cf,0xc2ef,0xc2ef,0xc2ef,0xc2ef,0xc2ef,0xc2ef,0xc2ef,0xc2ef,0xc2ef,0xc2ef,0xbacf,0xc2cf,0xc2cf,0xc2cf,
 0xc2ef,0xc2ef,0xc2ef,0xbacf,0xc2cf,0xc2cf,0xc2ef,0xbaef,0xbaef,0xc2ef,0xcaee,0xcaee,0xcaee,0xcaee,0xcaee,0xcaef,
 0xcaef,0xcaef,0xcaef,0xcaee,0xcb0f,0xcb0f,0xcaee,0xcaee,0xcaee,0xcaee,0xcaee,0xcaee,0xcaee,0xcaee,0xcb0e,0xcb0e,
 0xcb0e,0xcb0e,0xcaee,0xd30e,0xcaee,0xd30e,0xd30e,0xcb0e,0xd30e,0xcb0f,0xcb0f,0xcb0f,0xcb0e,0xd30e,0xcb0e,0xcb0e,
 0xcaee,0xcaef,0xcb0e,0xcb0e,0xcb0e,0xd30e,0xd30e,0xd30e,0xd30e,0xd32e,0xdb2e,0xdb2d,0xdb0e,0xdb2e,0xdb2e,0xdb2e,
 0xdb2e,0xdb0e,0xdb2d,0xe34d,0xe34d,0xe34d,0xe34d,0xe34d,0xe34d,0xe34d,0xe34d,0xe34d,0xe34e,0xe32d,0xdb2e,0xdb2e,
 0xdb2e,0xdb4e,0xdb2e,0xdb2d,0xdb2d,0xdb2d,0xdb2d,0xdb2d,0xdb0d,0xdb2d,0xdb2d,0xdb2d,0xe32d,0xe34d,0xe34d,0xe34d,
 0xeb6d,0xeb6d,0xf38d,0xf3ac,0xf38c,0xf38c,0xf3ad,0xf3ad,0xf3ad,0xf3ad,0xf3ad,0xf3ad,0xf3ad,0xf38d,0xf3ad,0xf3ad,
 0xebad,0xf3ad,0xf3cd,0xf3cd,0xf3ec,0xfbec,0xf3cc,0xf3ec,0xfbed,0xfc0d,0xfc0d,0xf3ed,0xfbed,0xf40d,0xf40d,0xfc0d,
 0xf3ed,0xfc0d,0xfc2d,0xfc2d,0xfc4d,0xfc2e,0xfc4d,0xfc4d,0xec2d,0xd3cd,0xe3ac,0xfbec,0xfbec,0xfc0d,0xfc0d,0xf40d,
 0xf42e,0xf42d,0xf40e,0xebee,0xf42e,0xf3ee,0xf42e,0xf40d,0xf3ad,0xf3ed,0xf40d,0xfc2d,0xebee,0xebee,0xf44e,0xfc8d,
 0xf44d,0xfc4d,0xd3ad,0x196f,0x196f,0x196f,0x2b35,0x19d1,0x112f,0x1170,0x216e,0xec0c,0xf40d,0xebee,0xdb8f,0xf46e,
 0xe3ef,0xe3ae,0xf40d,0xfc2d,0xfc6d,0x9b2c,0x094f,0x1a13,0x090d,0x090d,0x19b1,0x196f,0x194f,0x196f,0xd3ef,0xfc6e,
 0xfc6d,0xfc2d,0xf42d,0xf44d,0x41ef,0x1991,0x1170,0x19f3,0x22b5,0x12d2,0x124f,0x22d6,0x19f4,0x2255,0x19f2,0x11b2,
 0xc3ef,0xfcae,0xfc6e,0x622d,0x090d,0x194e,0x114e,0x3212,0x2190,0x1990,0x31b0,0x316f,0x110d,0x6211,0x8294,0x7a73,
 0x7273,0x6a53,0x6a54,0x6212,0x6253,0x5a54,0x5a53,0x6253,0x6253,0x6a53,0x7254,0x6232,0x112e,0x192e,0x112d,0x112d,
 0x116f,0x114e,0x216e,0x6a53,0x6a53,0x6253,0x5a53,0x5a54,0x41f2,0x4a13,0x4a33,0x4a33,0x4a33,0x4233,0x4233,0x4a33,
 0x5233,0x4a33,0x5233,0x5a53,0x6a73,0x92b1,0x3906,0x69eb,0x4127,0x0842,0x69e9,0x79e7,0x7a08,0xd390,0x92b1,0x82b1,
 0x0864,0x0865,0x0865,0x0865,0x0865,0x0865,0x0865,0x0864,0x0865,0x0865,0x0023,0x08a8,0x10e8,0x112b,0x112b,0x0865,
 0x0844,0x110b,0x08e9,0x08c8,0x08c8,0x30e8,0x824f,0x8ab2,0x8292,0x8a91,0x7a72,0x7252,0x6a52,0x6a52,0x6a52,0x6252,
 0x6252,0x6252,0x6a52,0x6a52,0x6a52,0x6a52,0x6a52,0x6a52,0x6a52,0x6a52,0x6a52,0x6a52,0x6a52,0x6a52,0x6a52,0x6a52,
 0x7252,0x6a52,0x6a52,0x6a52,0x6a32,0x6232,0x6232,0x5a32,0x5a32,0x5a32,0x5a32,0x6232,0x5a32,0x5a32,0x6232,0x6252,
 0x6253,0x6a53,0x6a52,0x7252,0x7252,0x6a52,0x6a52,0x6a52,0x7252,0x7252,0x6a52,0x6a52,0x8271,0x7a51,0x6a52,0x7a51,
 0x9ab1,0xc2ef,0xbacf,0xbaaf,0xc2af,0xcace,0xcaee,0xcaee,0xcaee,0xcaee,0x49f0,0x9a8f,0xc2ce,0xbacf,0xc2ef,0xc2ef,
 0xc2ef,0xc2ef,0xc2ef,0xc2ef,0xc2ef,0xc2ef,0xc2ef,0xcb0f,0xcaef,0xcaef,0xcaef,0xcaef,0xcaee,0xcaee,0xcaee,0xcaee,
 0xcaee,0xd2ee,0xcaee,0xcaee,0xcb0e,0xcb0f,0xcb0f,0xcb0f,0xcb0f,0xcb0e,0xd30e,0xd30e,0xcaee,0xcaee,0xcaee,0xcb0e,
 0xd30e,0xd30e,0xd30e,0xd30e,0xd30f,0xd30e,0xd30e,0xd30e,0xd30e,0xd30e,0xd30e,0xd30e,0xd30e,0xd30e,0xd30e,0xd30e,
 0xd30e,0xd30e,0xd30e,0xd30e,0xd30e,0xd30e,0xd30e,0xd30e,0xd32e,0xd32e,0xd32e,0xd30e,0xd30e,0xd30e,0xd30e,0xdb2e,
 0xdb2e,0xdb2e,0xdb2e,0xdb2e,0xdb2e,0xe34e,0xe34e,0xe34e,0xe34e,0xe34d,0xe34d,0xe34d,0xe34d,0xe34d,0xe34d,0xe34d,
 0xe34d,0xeb6d,0xeb6d,0xeb8d,0xeb8c,0xeb6d,0xeb6d,0xeb8d,0xeb8d,0xeb8d,0xf38d,0xf38d,0xeb8d,0xf38d,0xf38d,0xeb8d,
 0xf38d,0xf38d,0xf3ad,0xf3ad,0xf38d,0xf3ad,0xf3ac,0xf3ac,0xf3ac,0xf3ac,0xf3ac,0xf3ad,0xf3ac,0xf3ac,0xf3ac,0xf3cc,
 0xfbcc,0xfbcc,0xfbcc,0xe36d,0xdb2e,0xeb6d,0xe38d,0xf3ac,0xfbcc,0xf3cd,0xf3cd,0xf3cd,0xfbcd,0xf3cd,0xf3cd,0xf3ad,
 0xf3cd,0xfbec,0xf3ed,0xfc0d,0xfc0d,0xdb8e,0xd34f,0xf3ed,0xfc4c,0xebed,0xebcd,0xfc0c,0xfc0d,0xfc0d,0xfc0d,0xfc0d,
 0xf40d,0xf40d,0xf40d,0xfc0d,0xebcd,0xa2ee,0xa30f,0x82ad,0x8a8d,0x8a8d,0xcb4c,0xfc0d,0xf3ed,0xfbed,0xfbcd,0xf3cd,
 0xf3ed,0xf40d,0xf40d,0xf40d,0xf40e,0xfc0d,0xf3ed,0xfc0d,0xeb8d,0xebce,0xebae,0xeb8e,0xdb4f,0xd32f,0xe36f,0xe38f,
 0xe38f,0xeb8e,0xc2ed,0x112e,0x198f,0x110e,0x2b14,0x19f0,0x194f,0x1150,0x218f,0xe3cd,0xf3ce,0xebad,0xf3cd,0xf3cd,
 0xf3ee,0xf3ce,0xf3cd,0xe38d,0x59ed,0x192d,0x19d0,0x19f3,0x112e,0x08ec,0x1990,0x114f,0x116f,0x1990,0xd54f,0xfdcf,
 0xd410,0xdbce,0xfcad,0xfcce,0x420f,0x1991,0x21d1,0x2214,0x22b6,0x1ab2,0x122e,0x2af6,0x2235,0x2234,0x2213,0x19d1,
 0x7292,0x92f2,0x9ad3,0x41af,0x092e,0x112d,0x114e,0x3a33,0x2190,0x1970,0x39d1,0x318f,0x090e,0x5a11,0x7a93,0x6a73,
 0x6a53,0x6253,0x6254,0x49f2,0x5a53,0x6254,0x5a53,0x5a53,0x6253,0x6253,0x7273,0x6232,0x192e,0x194e,0x194e,0x114f,
 0x114f,0x114e,0x216f,0x5a33,0x5a33,0x5233,0x5233,0x5a54,0x39d2,0x4a13,0x41f3,0x4213,0x4a54,0x4233,0x4233,0x4233,
 0x4233,0x4233,0x4a13,0x5233,0x5a33,0x6233,0x20e9,0x10eb,0x394c,0x0843,0x51cf,0x1085,0x312a,0x6254,0x5213,0x5a33,
 0x0886,0x0886,0x0886,0x0886,0x0886,0x0886,0x0886,0x0865,0x0865,0x0865,0x0044,0x08c8,0x10ea,0x08e9,0x08e9,0x0865,
 0x0043,0x10e9,0x08e9,0x112a,0x08c8,0x28e8,0x9a6f,0xaad1,0xa2b0,0xa2d0,0xa2b0,0xa2b0,0x9ab1,0x9ab1,0x8a91,0x6252,
 0x8a91,0xaaaf,0x7a71,0x8271,0x8271,0x6a53,0x8271,0x9290,0x9a90,0x8a71,0x7a51,0x6a52,0x6a52,0x7252,0x7252,0x7252,
 0x6a52,0x6a52,0x6a52,0x6a52,0x6232,0x6252,0x6a52,0x6a52,0x6a52,0x6a52,0x7252,0x6a52,0x6a52,0x6a52,0x6a52,0x6252,
 0x7272,0x7272,0x6a72,0x6a52,0x6a52,0x6a52,0x6a52,0x6a52,0x6a52,0x6a52,0x6a52,0x6252,0x6a32,0x6a32,0x7252,0x7252,
 0x7a72,0x8a91,0x9a90,0xbaae,0x9a90,0x92b1,0xc2ef,0xcaee,0xdb0e,0x826f,0x39d1,0x6a50,0xc30f,0xd32e,0xd32e,0xdb4e,
 0xdb4e,0xd32e,0xcb0f,0xdb2e,0xd32f,0xd30e,0xdb2d,0xd32e,0xdb2e,0xdb2e,0xd30e,0xd30e,0xd32e,0xd30e,0xdb0e,0xd30e,
 0xdb0e,0xdb0e,0xdb0e,0xdb0e,0xdb2e,0xd32e,0xd32e,0xd30e,0xd30e,0xd30e,0xd30e,0xd30e,0xd30e,0xd30e,0xd30e,0xd30e,
 0xd32e,0xdb2e,0xd30e,0xd30e,0xd30e,0xd32e,0xd32e,0xdb2e,0xdb2e,0xd32e,0xd32e,0xdb2e,0xd30e,0xd32e,0xd30e,0xdb2e,
 0xd32e,0xcb0e,0xcaee,0xd30e,0xd30e,0xd32e,0xd32e,0xdb2e,0xe34d,0xeb6d,0xe34d,0xe36d,0xeb6d,0xeb6d,0xeb6d,0xeb6d,
 0xeb6d,0xeb6d,0xeb4d,0xe34d,0xe34d,0xe36d,0xe34d,0xe34d,0xeb6d,0xeb6d,0xeb8d,0xeb8d,0xeb8d,0xeb8d,0xeb8d,0xeb8d,
 0xf38d,0xf38d,0xf3ad,0xeb8d,0xf38c,0xeb8d,0xf3ad,0xf3ad,0xf3ad,0xf3ad,0xf3ac,0xf3ac,0xf3ac,0xf3ad,0xf3ad,0xf3cc,
 0xf3ad,0xebad,0xf3cd,0xf3ed,0xf3cd,0xf3cd,0xf3cd,0xebad,0xeb6d,0xe34d,0xeb8d,0xdb2e,0xe34d,0xe34e,0xd32e,0xdb4e,
 0xd32e,0xcb0f,0xd30e,0xc2ce,0xc2cf,0xc2ef,0xc2ef,0xcb2e,0xd34e,0xe38e,0xf3cd,0xe36e,0xdb4e,0xf38d,0xe34e,0xcaee,
 0xe36d,0xeb8d,0xcb0f,0xcb2f,0xd32f,0xc2f0,0xcb2f,0xd34f,0xdb8e,0xd34f,0xdb4e,0xebce,0xd3af,0xf40d,0xebed,0xebad,
 0xfc0c,0xfc2c,0xfc2d,0xfc6d,0x720b,0x5374,0x4b74,0x00ee,0x196f,0x214f,0xbb2d,0xfc2d,0xf42d,0xf3ee,0xf40d,0xfc2d,
 0xf40d,0xf42d,0xf44d,0xf48d,0xf46d,0xf46d,0xf46d,0xfcad,0xf48d,0xf48d,0xf4cd,0xf4ad,0xf48d,0xf46d,0xfc8d,0xfcad,
 0xf48d,0xfc8d,0xd3ed,0x194f,0x21b0,0x110f,0x3335,0x2212,0x1171,0x218f,0x31ae,0xec6d,0xfc8d,0xfcad,0xfcad,0xfcad,
 0xfccd,0xfcce,0xfd2e,0xabce,0x00ce,0x090d,0x118f,0x2a74,0x114e,0x08eb,0x19b0,0x194e,0x196e,0x116f,0xa3d1,0xa352,
 0x8253,0x8292,0xab31,0xbb50,0x31cf,0x1990,0x19d1,0x2254,0x2295,0x1250,0x120e,0x22d6,0x2ab6,0x2235,0x2213,0x19d1,
 0x5a33,0x7274,0x7a94,0x39b0,0x092e,0x194e,0x114e,0x3a33,0x2190,0x1170,0x39d1,0x41af,0x112e,0x5212,0x6a74,0x6253,
 0x6253,0x6254,0x6254,0x49f2,0x6253,0x6254,0x5a54,0x5a53,0x5a53,0x5a53,0x6254,0x5a12,0x192e,0x196f,0x114f,0x114e,
 0x116f,0x114e,0x194e,0x5233,0x5233,0x5233,0x5233,0x5233,0x3190,0x31b0,0x2990,0x194f,0x4a33,0x4213,0x4233,0x4233,
 0x4233,0x4233,0x4a33,0x4a33,0x4a33,0x5a33,0x2109,0x298f,0x0865,0x0001,0x0865,0x18c7,0x292a,0x6274,0x6253,0x6253,
 0x08a7,0x08a7,0x08a7,0x08a7,0x08a7,0x08a7,0x08a7,0x0866,0x0865,0x0864,0x0044,0x08c8,0x110a,0x08a7,0x08a8,0x0886,
 0x0043,0x10c8,0x08c8,0x08a7,0x08a7,0x30e8,0xa28f,0xc310,0xbaf0,0xb2f0,0xa2f1,0xbaf0,0xbaf0,0xbaf0,0xb2f0,0xaad1,
 0xa2d1,0xb2f0,0xb2f0,0xb2d0,0xb2d0,0xa2b0,0xa2b0,0xb2f0,0xbaef,0xb2cf,0xaacf,0x9ab0,0x9ab1,0x9ab1,0x9ab0,0xaab0,
 0x92b1,0x9ad1,0x92b1,0xa2d1,0xa2d0,0x9291,0x8a91,0x8271,0x7a71,0x7252,0x7252,0x8291,0x7a72,0x7252,0x8a91,0x9290,
 0x7272,0x7a72,0x9291,0xa2b0,0xbaef,0xc2ef,0xb2cf,0x8a91,0x8292,0x7a92,0x8a91,0xa2d0,0x7a71,0x8271,0x8a71,0x8a91,
 0x8a91,0x8271,0x7a71,0x8271,0x8a91,0x8291,0x8291,0x9ab0,0xa2b0,0x5a10,0x29b0,0x6a6f,0xb2ef,0xb2cf,0xbaef,0xc30f,
 0xc30f,0xa2d0,0x9ab0,0xc2ef,0xb2f0,0xb2d0,0xd32e,0xe34e,0xe34e,0xdb2e,0xdb2e,0xe34e,0xe34e,0xe34e,0xe34d,0xe34d,
 0xe34e,0xe34e,0xe34d,0xe34d,0xe34d,0xe36d,0xe36d,0xe36d,0xeb6d,0xe36e,0xdb4e,0xd32e,0xd32e,0xd32e,0xdb2e,0xe36e,
 0xe36e,0xeb8e,0xeb8d,0xeb8d,0xeb6d,0xeb8d,0xf38d,0xf38d,0xf3ad,0xe36e,0xeb8d,0xf3ad,0xf38d,0xf3ad,0xeb6d,0xe34d,
 0xe36d,0xe36e,0xe36e,0xeb8d,0xe36d,0xeb8d,0xeb8d,0xeb8d,0xeb8d,0xdb4e,0xe36d,0xeb8d,0xe36e,0xe38e,0xcb2f,0xcb2f,
 0xeb8d,0xeb8d,0xe36e,0xfbcd,0xf3cd,0xf3ad,0xf3cd,0xf3cd,0xfbcd,0xf3cd,0xf3cd,0xf3cd,0xf3cd,0xf3cd,0xf3ac,0xf3cc,
 0xf3cc,0xf3cd,0xf3ec,0xf3ec,0xf3cd,0xf3cd,0xebad,0xe3ad,0xe3ad,0xd34e,0xebad,0xe38d,0xdb4e,0xcb0e,0xcb2e,0xe38e,
 0xd32f,0xc30f,0xe3ae,0xebce,0xf3ed,0xf3ec,0xf3cc,0xf3ed,0xebcd,0xebad,0xebcd,0xebcd,0xe3ae,0xe3ae,0xe3ae,0xe38e,
 0xdb8e,0xdbae,0xd32e,0xd32e,0xd32e,0xd34e,0xd34e,0xd32e,0xd34f,0xdb4e,0xe36e,0xd34e,0x9aae,0xdb4e,0xd32e,0xd32e,
 0xd34e,0xdb8e,0xdb8e,0xd34f,0xd36f,0xdb8f,0xdb6f,0xd34f,0xd34f,0xdb4e,0xdb4f,0xd36f,0xd38f,0xdb8e,0xd36e,0xd34e,
 0xebcd,0xec0d,0xebed,0xebed,0x214c,0x090c,0x110b,0x110d,0x110d,0x08ed,0x726d,0xfc2d,0xf42d,0xec2e,0xf44e,0xfcce,
 0xfcee,0xfd0e,0xfd0d,0xfd2d,0xfd2d,0xfd0d,0xfd0d,0xfd0d,0xfd0d,0xfd0d,0xfd2d,0xfd4d,0xfd0d,0xfd0d,0xfd0d,0xfd2d,
 0xfd2d,0xfd4d,0xd46d,0x198f,0x19b0,0x110f,0x3356,0x2232,0x194f,0x198f,0x218e,0xed0d,0xfd2d,0xfd2d,0xfd0e,0xfd4e,
 0xfd8e,0xfdaf,0xfdae,0xabce,0x196f,0x114e,0x092e,0x2234,0x21d0,0x08eb,0x19d0,0x198f,0x218f,0x114f,0x7252,0x8a93,
 0x7a72,0x7a73,0x7a73,0x7a73,0x29d1,0x19b1,0x21f3,0x2275,0x22b6,0x1210,0x120e,0x22b5,0x2234,0x2a75,0x21f3,0x19d1,
 0x5a33,0x7294,0x7294,0x39b0,0x092e,0x114e,0x114e,0x3a33,0x2190,0x1990,0x39d1,0x51f0,0x196f,0x39d1,0x6274,0x6253,
 0x6274,0x6254,0x6274,0x39d2,0x4213,0x5a54,0x5a54,0x5254,0x5254,0x5253,0x6254,0x5212,0x112e,0x112e,0x194e,0x116f,
 0x196f,0x092e,0x194e,0x5233,0x5233,0x5233,0x5254,0x41f1,0x212d,0x090c,0x316e,0x110d,0x110c,0x298f,0x4a34,0x4213,
 0x4a33,0x4a33,0x4233,0x4a33,0x4213,0x4a54,0x1085,0x190a,0x18ea,0x0000,0x2109,0x18e8,0x292a,0x6254,0x6253,0x6253,
 0x08a8,0x08a7,0x08a7,0x08a7,0x08a7,0x08a7,0x08a7,0x0886,0x0865,0x0865,0x0044,0x08c8,0x10e9,0x0887,0x08a8,0x0886,
 0x0043,0x10e9,0x08c9,0x08a8,0x08c8,0x30e8,0xa26f,0xa2d1,0x92d2,0x92d2,0x92d2,0xa2d0,0xa2d0,0xaaf0,0xbb10,0xb2f1,
 0xa2d1,0xa2d1,0x9ab1,0x92b1,0xb2cf,0xc2ef,0xbaf0,0xbaf0,0xbaf0,0xc2ef,0xc2ef,0xcb0f,0xbaf0,0xa2d1,0xa2d0,0xcb0f,
 0xc30f,0xc30f,0xbaf0,0xa2d0,0xbb10,0xbb10,0x8a91,0x9ab0,0xb2cf,0xb2ef,0xbaef,0xaad0,0xb2cf,0xc30f,0xbaef,0xa2b0,
 0x8271,0x7a72,0x8291,0x8a91,0xb2f0,0xc30f,0xcb2f,0x9ab1,0x8a91,0xb2ef,0xcb0f,0xd32f,0xcb2f,0xcb2f,0xdb4e,0xcb2f,
 0xbaee,0xa2b0,0x9ab1,0xa2b1,0xbb10,0xc30f,0xaab0,0x9ab0,0x9ab0,0x6231,0x39f1,0x72af,0xb310,0x9a90,0x9ab0,0xa2b0,
 0xa2b0,0xa2b0,0x9ab0,0x9ab0,0x9ab0,0x9ab1,0x9ab0,0xaad0,0xaad0,0xaaf0,0xaad0,0xbb0f,0xd32e,0xcb2e,0xd30e,0xd30e,
 0xdb2e,0xdb4e,0xe34e,0xe34e,0xe34d,0xe34d,0xe36d,0xe36d,0xeb6d,0xe36d,0xe36e,0xeb6e,0xe36e,0xe36e,0xe36e,0xdb4e,
 0xe34e,0xe36e,0xe36e,0xe38e,0xdb6e,0xd34e,0xe36d,0xd34e,0xdb6e,0xdb6e,0xe36d,0xdb6e,0xeb8d,0xeb8d,0xeb6d,0xeb6d,
 0xeb6d,0xeb6d,0xf38d,0xeb8d,0xeb8d,0xdb4e,0xdb4e,0xd34e,0xcb2f,0xc330,0xcb2f,0xd32f,0xc32f,0xc30f,0xbaef,0xbaef,
 0xc30f,0xc30f,0xbaf0,0xd36e,0xe38d,0xcb4f,0xe38e,0xebad,0xe38e,0xf3cd,0xf3ad,0xebad,0xf3ed,0xf3cd,0xf3cc,0xf3ed,
 0xf3ed,0xf3cd,0xf3ed,0xf3ec,0xf3cd,0xf3cd,0xebcd,0xebcd,0xebcd,0xe3ae,0xf3ed,0xebed,0xe3ce,0xebcd,0xebcd,0xd34f,
 0xcb2f,0xd32f,0xcb2f,0xcb2f,0xd34e,0xd34e,0xd34e,0xdb6e,0xdb8e,0xe3ad,0xf40c,0xfc4d,0xf42d,0xf42d,0xfc6c,0xfc4c,
 0xfc6c,0xfcac,0xfc8d,0xfc6d,0xfc8d,0xfc6d,0xfc4d,0xfc8d,0xfc6d,0xfc6d,0xfc8d,0xecae,0xb38d,0xfc6d,0xfc8d,0xfc8d,
 0xfc8d,0xfc8d,0xfc8d,0xfc6d,0xfc6d,0xfcad,0xfcad,0xfc8d,0xfcad,0xfcad,0xfcae,0xfcae,0xfcad,0xfc8d,0xfc8d,0xfcad,
 0xfcad,0xf4ad,0xfcee,0xa34d,0x08cc,0x08eb,0x08eb,0x090d,0x192d,0x00ed,0x6aae,0xfd0e,0xfccd,0xfd2e,0xfd2e,0xfd2d,
 0xfd0e,0xe48f,0xbbb0,0xbbd0,0xd46f,0xfd2e,0xf4ee,0xfd2d,0xfd6d,0xfd8e,0xfd6e,0xfd6e,0xfd4e,0xfd4e,0xfd2d,0xfd2d,
 0xfd2d,0xfd6e,0xdcce,0x1990,0x19b1,0x112f,0x4458,0x2252,0x194f,0x1150,0x29b0,0xf5af,0xfdee,0xfdce,0xfd6e,0xe4af,
 0xbbd0,0xb391,0xb351,0x7251,0x1190,0x114e,0x114e,0x21f3,0x090d,0x112d,0x2a32,0x1170,0x1190,0x21f0,0x7252,0x8a93,
 0x8293,0x7a73,0x7273,0x6a53,0x29d1,0x19b1,0x2234,0x2a95,0x22b6,0x1a51,0x122f,0x2ad6,0x2a55,0x2a75,0x2213,0x2a13,
 0x5253,0x6a74,0x6a94,0x39b0,0x112e,0x112d,0x114e,0x4233,0x21b0,0x1190,0x41f1,0x39d1,0x094f,0x39d1,0x6254,0x5a54,
 0x6274,0x6274,0x4a33,0x1170,0x29d1,0x5a54,0x5a54,0x5254,0x5254,0x5253,0x5a54,0x4a12,0x112e,0x114e,0x114e,0x1990,
 0x114f,0x116e,0x216f,0x4a33,0x5233,0x5254,0x4a53,0x194e,0x090c,0x08ec,0x194d,0x218e,0x090c,0x298f,0x4a34,0x4233,
 0x4a33,0x4a33,0x4213,0x4213,0x4213,0x4a33,0x18c7,0x1086,0x214d,0x0043,0x298f,0x0044,0x18c8,0x4a13,0x5233,0x6253,
 0x08a7,0x0886,0x0865,0x0866,0x0865,0x0865,0x0887,0x0886,0x0865,0x0865,0x0044,0x10c8,0x18e8,0x1066,0x1087,0x0886,
 0x0844,0x10ea,0x10e9,0x08c8,0x08c8,0x28e7,0xaaae,0xc2f0,0xb2f0,0xb2f0,0xc310,0xc30f,0xc310,0xb2f0,0xc330,0xc310,
 0xcb0f,0xcb0f,0xbaf0,0xb2d0,0xb2f0,0xb2f0,0xbaf0,0xbaef,0xbaef,0xd30f,0xcb0f,0xbb0f,0xc2ef,0xc2ef,0xcb0f,0xcb0f,
 0xbb10,0xbaf0,0xaad0,0xaad0,0xaab0,0xa2d0,0xa2d0,0xaad0,0xaad0,0xc30f,0xbb0f,0xa2d0,0xb2cf,0xd30f,0xb2f0,0xa2b0,
 0xaad0,0xa2d0,0xa2d0,0x9ad0,0xa2d0,0xa2d0,0xa2d0,0xa2b0,0xa2b0,0xaad0,0xb2f0,0xaaf1,0xbb0f,0xc30f,0xe36e,0xd32f,
 0xbaef,0xd34f,0xdb4f,0xdb4f,0xdb4f,0xd32f,0xdb0e,0xd30e,0xe32e,0x7a70,0x39d2,0x8311,0xe3ae,0xd30e,0xdb2e,0xdb2e,
 0xdb2e,0xdb2e,0xd30e,0xd32f,0xc32f,0xcb2f,0xcb2f,0xc30f,0xc30f,0xc30f,0xcb2e,0xc30f,0xc32f,0xc30f,0xcb2e,0xcb0e,
 0xc30f,0xcb2f,0xd34f,0xcb4f,0xdb6e,0xd34e,0xe36e,0xdb6e,0xe36e,0xe36e,0xeb6e,0xeb6d,0xeb8d,0xeb8d,0xeb8d,0xeb8d,
 0xeb6d,0xeb8d,0xeb8e,0xebae,0xeb8e,0xeb8e,0xeb6d,0xeb6d,0xeb6d,0xeb8d,0xeb8d,0xeb8d,0xeb8d,0xebad,0xeb6d,0xeb8d,
 0xeb8d,0xeb8d,0xeb8d,0xebad,0xeb8d,0xeb6d,0xeb6d,0xeb8e,0xeb8d,0xebad,0xebae,0xeb8d,0xeb8d,0xeb8d,0xeb8d,0xe36e,
 0xe38e,0xebad,0xdb6e,0xdb6e,0xdb4e,0xdb6e,0xdb6e,0xdb6e,0xdb6e,0xebad,0xebad,0xe3ae,0xfc0d,0xebcd,0xebed,0xf40d,
 0xf3ed,0xf3ed,0xf3ed,0xf3ec,0xfbec,0xfc0c,0xfc0d,0xfc2d,0xfc2d,0xfc0d,0xfc0d,0xfc0d,0xfc0d,0xfc0d,0xfc2d,0xfc2d,
 0xfc2d,0xfc2d,0xfc0d,0xfc0d,0xf42d,0xfc4d,0xfc4d,0xf40d,0xebed,0xf3cd,0xf3cd,0xf3cd,0xebcd,0xebcd,0xf40d,0xf3ed,
 0xf40d,0xf40d,0xf3ed,0xf3ed,0xf40c,0xf40c,0xfc0d,0xfc2d,0xfc4d,0xfc4d,0xfc4d,0xf44d,0xab6d,0xfc4d,0xfc4d,0xfc4d,
 0xfc6d,0xfc6d,0xfc6d,0xfc8d,0xfc8d,0xfcad,0xfccd,0xfccd,0xfd0d,0xfd2d,0xfd2e,0xfd2d,0xfd2d,0xfd4d,0xfd4d,0xfd6e,
 0xfd6d,0xfd4d,0xfdcd,0x93ad,0x110d,0x214d,0x114d,0x114d,0x112c,0x00cc,0x6b0e,0xfe6e,0xfe0e,0xfdef,0xed50,0xc430,
 0xa331,0x8ad2,0x6a33,0x6a33,0x7272,0x7ad2,0x7ab2,0x9312,0xabd1,0xc431,0xed90,0xf5cf,0xfdef,0xfe0e,0xfe0e,0xfdee,
 0xfdee,0xfe2e,0xdd6f,0x19b0,0x21f1,0x1990,0x2b14,0x19f1,0x1970,0x1190,0x29af,0xe590,0xed50,0xcc50,0xab71,0x9292,
 0x8272,0x8a72,0x8a72,0x5a11,0x1191,0x114f,0x21d1,0x2a54,0x090d,0x112d,0x19d1,0x1990,0x1990,0x21f1,0x6a52,0x8293,
 0x8293,0x6a53,0x6253,0x6253,0x29d1,0x19d2,0x2274,0x2ad7,0x22d7,0x1ab3,0x0a0f,0x22d6,0x2a75,0x2255,0x2234,0x1a13,
 0x5254,0x6274,0x5a74,0x318f,0x090c,0x194e,0x116f,0x4a74,0x29b0,0x1190,0x39d1,0x41d1,0x2190,0x41d1,0x6274,0x5a54,
 0x5a54,0x5a74,0x4a13,0x116f,0x29b1,0x5254,0x5254,0x5254,0x5254,0x5254,0x5a54,0x4a12,0x112d,0x114e,0x114e,0x1190,
 0x1170,0x116e,0x196e,0x4a33,0x4a33,0x4a34,0x4a33,0x194e,0x192d,0x216e,0x218f,0x320f,0x112d,0x218f,0x4a34,0x4233,
 0x4a33,0x41f2,0x4213,0x4213,0x4a33,0x41f1,0x0864,0x190a,0x10c8,0x0844,0x18c9,0x10a7,0x1086,0x39f2,0x4213,0x4233,
 0x0887,0x0865,0x0865,0x0866,0x0887,0x0886,0x0886,0x08a7,0x0865,0x0865,0x0044,0x18a8,0x3929,0xb289,0xba68,0x28c6,
 0x1065,0x10ea,0x08c9,0x08c9,0x08c8,0x30e7,0xaa8d,0xcb0f,0xcb0f,0xd32f,0xd32f,0xd32f,0xd32f,0xd32f,0xcb2f,0xcb2f,
 0xcb0f,0xcb2f,0xd32f,0xd32f,0xd32f,0xd32f,0xd32f,0xd30f,0xd32f,0xd32f,0xd32f,0xd32f,0xd32f,0xd32f,0xd32f,0xd32f,
 0xd32f,0xd32f,0xdb2f,0xdb2f,0xd32f,0xd32f,0xd32f,0xdb2f,0xdb2f,0xd32f,0xd32f,0xdb2f,0xd32f,0xd32f,0xd32f,0xdb4f,
 0xdb4f,0xdb4f,0xdb2f,0xdb2f,0xdb2e,0xdb2f,0xdb4f,0xdb4f,0xdb4f,0xe36f,0xdb4f,0xd350,0xdb4f,0xd32f,0xd34f,0xd34f,
 0xdb6f,0xdb6f,0xdb4f,0xdb4f,0xdb4e,0xdb4e,0xdb4e,0xdb4e,0xeb6e,0x826f,0x39d1,0x82f0,0xeb8d,0xdb2e,0xe36e,0xe36e,
 0xe36e,0xeb6e,0xeb6e,0xeb6d,0xe36e,0xeb6e,0xeb8e,0xeb8e,0xeb8e,0xeb8e,0xeb8e,0xeb8e,0xeb6e,0xeb6e,0xe36e,0xeb8e,
 0xf3ae,0xeb8e,0xeb8e,0xeb8e,0xeb8e,0xeb8e,0xeb8e,0xeb8e,0xeb8e,0xe38e,0xeb6e,0xeb8e,0xeb8e,0xeb8e,0xeb8e,0xeb8e,
 0xeb8e,0xeb8d,0xeb8e,0xeb8e,0xeb8e,0xeb8e,0xeb8d,0xeb8d,0xeb6d,0xeb8d,0xeb8d,0xeb8d,0xeb8d,0xeb8d,0xeb8d,0xeb8d,
 0xebad,0xf3ad,0xebad,0xebad,0xebad,0xf3ad,0xf3ad,0xf3cd,0xf3cd,0xf3cd,0xf3ed,0xf3ed,0xf3ed,0xf3ed,0xf3ed,0xf3ed,
 0xf40d,0xf3ed,0xfbed,0xfc0d,0xfc0d,0xfc0d,0xfc0d,0xfbec,0xfc0d,0xf3ed,0xfc0d,0xfc0d,0xf3ed,0xfbed,0xf3ed,0xf3ed,
 0xf40d,0xf40d,0xfc2d,0xfc2d,0xfc2d,0xfc4d,0xfc4d,0xfc4d,0xfc6d,0xfc6d,0xfc6d,0xfc6d,0xfc4d,0xfc4d,0xfc6d,0xfc6d,
 0xfc6d,0xfc8d,0xfc8d,0xfc6d,0xfc6d,0xfc6d,0xfc6d,0xfc6d,0xfc6c,0xfc6c,0xfc4c,0xfc6c,0xfc8c,0xfc8d,0xfc8d,0xfc8d,
 0xfcad,0xfcad,0xfc8d,0xfc6d,0xfc6d,0xfc6d,0xfc8d,0xfc8d,0xfcad,0xfcad,0xfd0e,0xbbee,0x72cd,0xfccd,0xfc8d,0xfcad,
 0xfcad,0xfced,0xfced,0xfd0d,0xfd0d,0xfd0d,0xfd4e,0xfd6e,0xfd6e,0xfd6e,0xfd6e,0xfd6e,0xfd6e,0xfd8e,0xfdae,0xfdcd,
 0xfdae,0xfd8e,0xfe0e,0x9bcd,0x08ed,0x194d,0x116e,0x1190,0x110d,0x08cc,0x5a8e,0xc3d0,0xab70,0xa332,0x8ab2,0x8272,
 0x7a73,0x7273,0x7273,0x7273,0x7253,0x5a33,0x6253,0x6233,0x5a13,0x7233,0x8ab2,0x8ad2,0xab92,0xd4f0,0xdd30,0xf5ef,
 0xfdaf,0xfdcf,0xd48f,0x196f,0x1990,0x1151,0x2b16,0x2212,0x1170,0x19b1,0x196f,0x92b1,0x9292,0x8a72,0x8a92,0x7a93,
 0x7273,0x8292,0x7a73,0x6232,0x1190,0x196f,0x114f,0x19f3,0x198f,0x092d,0x1170,0x1990,0x1990,0x1190,0x6a73,0x7a94,
 0x6253,0x5a33,0x5a53,0x5a53,0x29d2,0x19d2,0x2254,0x2ad7,0x3358,0x1a93,0x124f,0x2b17,0x2a55,0x2255,0x2213,0x2233,
 0x4a54,0x6295,0x5275,0x29b0,0x090c,0x194d,0x198f,0x4a94,0x29d1,0x116f,0x31f1,0x41f1,0x2190,0x41f2,0x5a74,0x5254,
 0x5254,0x5a74,0x41f3,0x1170,0x1991,0x4233,0x5254,0x5254,0x5254,0x5254,0x5254,0x4212,0x112d,0x116e,0x198f,0x19d1,
 0x19b1,0x114e,0x196f,0x4a33,0x4233,0x4a33,0x4233,0x194e,0x194d,0x218e,0x116f,0x31af,0x218e,0x196f,0x4a54,0x4a33,
 0x41f2,0x214e,0x39f2,0x4a33,0x4a54,0x39d0,0x0022,0x296d,0x10a7,0x0002,0x212b,0x190a,0x0043,0x41f2,0x4213,0x4213,
 0x0887,0x0866,0x08a7,0x08a7,0x08e9,0x08c8,0x0886,0x08a7,0x0845,0x0865,0x0044,0x1888,0x49c9,0xec8b,0xf3aa,0x3106,
 0x1886,0x10ea,0x08c8,0x0886,0x0886,0x30e7,0xc2cd,0xdb4f,0xd32f,0xdb4f,0xdb4f,0xdb4f,0xdb4f,0xdb4f,0xdb4f,0xdb4f,
 0xdb2f,0xdb4f,0xdb4f,0xdb4f,0xdb4f,0xdb4f,0xdb4f,0xdb2f,0xdb2e,0xdb4f,0xdb4e,0xdb4e,0xdb4f,0xdb4f,0xdb4f,0xdb4f,
 0xdb4f,0xdb4f,0xdb4f,0xdb4f,0xdb4f,0xdb4f,0xdb4f,0xdb4e,0xdb4e,0xdb4e,0xdb4e,0xdb4e,0xdb4e,0xdb4e,0xdb4e,0xe34e,
 0xe36e,0xe36e,0xe34e,0xe36e,0xe36e,0xe36e,0xe38e,0xe38e,0xe38f,0xeb8f,0xeb8e,0xeb8e,0xeb8e,0xeb8e,0xeb8e,0xeb8e,
 0xe36e,0xe36e,0xe36e,0xe36e,0xe36e,0xe36e,0xeb6e,0xe36e,0xf38e,0x8a8f,0x31b1,0x82f0,0xebce,0xe36e,0xeb8e,0xeb8e,
 0xebae,0xc34f,0x92d0,0xd36e,0xeb8e,0xeb8d,0xeb8d,0xeb8e,0xebae,0xebae,0xebce,0xebae,0xebae,0xeb8e,0xebae,0xe38e,
 0xa2ef,0xa2ef,0xebad,0xebad,0xebad,0xebad,0xebad,0xebad,0xebad,0xebad,0xebad,0xebad,0xebad,0xebcd,0xf3cd,0xf3cd,
 0xf3cd,0xf3cd,0xf3cd,0xf3ad,0xf3ad,0xf3ad,0xf3cd,0xf3cd,0xf3cd,0xf3ad,0xf3cd,0xf3ad,0xf3cd,0xf3cd,0xf3cd,0xf3cd,
 0xf3cd,0xf3cd,0xf3cd,0xf3cd,0xf3cd,0xf3ed,0xf3ed,0xf3ed,0xf3ed,0xf3ed,0xf40d,0xf40d,0xf40d,0xf40d,0xf40d,0xf40d,
 0xf40d,0xf40d,0xf40d,0xf40d,0xf40d,0xfc2d,0xfc2d,0xfc2d,0xfc2d,0xf42d,0xf42d,0xfc2d,0xfc0d,0xfc0d,0xfc0d,0xfc2d,
 0xfc4d,0xfc4d,0xfc4d,0xfc6d,0xfc8d,0xfc8d,0xfc6d,0xfc6d,0xfc8d,0xfc8d,0xfc8d,0xfc8d,0xfc8d,0xfcad,0xfcad,0xfcad,
 0xfcad,0xfc8d,0xfcad,0xfcad,0xfc8d,0xfc8d,0xfc6d,0xfc8d,0xfc8d,0xfc8d,0xfcad,0xfccd,0xfccd,0xfccd,0xfccd,0xfced,
 0xfced,0xfd0d,0xfd0d,0xfd0d,0xfd0d,0xfd2d,0xfd4d,0xfd2d,0xfd0d,0xfd2d,0xe50e,0x29cf,0x5a8e,0xfdee,0xfd8e,0xfd8d,
 0xfd6d,0xfd6e,0xfd8e,0xfdad,0xfd8e,0xfd8e,0xfdae,0xfdce,0xfdce,0xfdce,0xfdce,0xfdee,0xfe0e,0xfdef,0xe52f,0xcc30,
 0xa351,0xa331,0xbb91,0x6a6e,0x00cb,0x08eb,0x094d,0x1190,0x110d,0x112d,0x41b0,0x9293,0x8272,0x8272,0x8272,0x7a92,
 0x7273,0x6a73,0x6253,0x6a73,0x6253,0x5a53,0x6253,0x6253,0x6253,0x6a73,0x7253,0x6a53,0x7a73,0x8273,0x8ab2,0x9af2,
 0xaaf1,0xd370,0xcb2e,0x21d0,0x21f2,0x19b1,0x3376,0x2253,0x1150,0x1190,0x194f,0x7a51,0x8272,0x8272,0x7273,0x6a53,
 0x7273,0x7273,0x7294,0x5233,0x19f2,0x196f,0x198f,0x21f2,0x114e,0x196e,0x3a72,0x1991,0x19b1,0x29d0,0x5a33,0x6274,
 0x5a54,0x5a54,0x5a53,0x5a54,0x29f2,0x19f3,0x32b5,0x2ab6,0x3337,0x1a72,0x0a0f,0x2af7,0x3296,0x2a55,0x2213,0x2213,
 0x4a54,0x5a74,0x5254,0x296f,0x112c,0x190c,0x112d,0x4253,0x21b0,0x1990,0x21b0,0x29b0,0x1990,0x3a12,0x5a74,0x5254,
 0x5254,0x5254,0x21d2,0x1991,0x19b1,0x4a33,0x5254,0x5254,0x5254,0x5254,0x5254,0x4a12,0x114e,0x118f,0x19af,0x11b0,
 0x19b0,0x116f,0x196f,0x4a33,0x4234,0x4a34,0x4233,0x216f,0x194e,0x114e,0x31f0,0x218f,0x112e,0x196f,0x4a54,0x4a33,
 0x218f,0x08ca,0x39f2,0x4a33,0x4a54,0x39d0,0x10a6,0x190a,0x214e,0x0022,0x18e9,0x190a,0x10a6,0x41f2,0x4213,0x4213,
 0x0887,0x0865,0x08a7,0x08a7,0x11ac,0x11ab,0x0866,0x08a7,0x0865,0x0865,0x0044,0x20c8,0x51c9,0xe3e9,0xebca,0x3106,
 0x1865,0x18c9,0x08a8,0x08a7,0x0887,0x30e8,0xd32d,0xf3ce,0xebae,0xebae,0xebae,0xebae,0xeb8e,0xebae,0xebae,0xebae,
 0xebae,0xebae,0xeb8e,0xebae,0xeb8e,0xebae,0xebae,0xebae,0xeb8e,0xeb8e,0xeb8e,0xebae,0xebae,0xebae,0xebae,0xebae,
 0xebae,0xebae,0xebae,0xebae,0xebae,0xebae,0xeb8e,0xebae,0xebae,0xebae,0xf3ce,0xf3ce,0xf3ce,0xf3ce,0xf3ce,0xf3ae,
 0xf3ce,0xf3cd,0xf3ee,0xf3ee,0xf3ee,0xf3ee,0xf3ee,0xf3ee,0xf3ee,0xf3ee,0xf3ee,0xf3ee,0xf3ed,0xf3ed,0xf3ed,0xf3ed,
 0xf3ed,0xf3ed,0xfc0d,0xf3ed,0xf3ed,0xf3ed,0xf3cd,0xebce,0xfc0e,0x92f0,0x39d2,0x8b31,0xfc6e,0xf3ee,0xf3ee,0xf3ed,
 0xebad,0x6a51,0x49f2,0x82b0,0xfc2e,0xf40e,0xf40e,0xf40e,0xf40e,0xf40d,0xf40d,0xf40d,0xf40d,0xf3ee,0xfc2e,0xb32f,
 0x4a12,0x5a31,0xd3ce,0xfc2d,0xf40d,0xf40d,0xfc0d,0xfc0d,0xfc2d,0xf42d,0xf40d,0xf40d,0xf40d,0xf40d,0xf40d,0xf42d,
 0xfc2d,0xfc2d,0xfc4d,0xfc4d,0xfc2d,0xfc2d,0xfc2d,0xfc2d,0xfc4d,0xfc4d,0xfc2d,0xfc2d,0xfc2d,0xfc4d,0xfc2d,0xfc4d,
 0xfc4d,0xfc4d,0xfc4d,0xfc6d,0xfc6d,0xfc6d,0xfc6d,0xfc6d,0xfc6d,0xfc8d,0xfc8d,0xfcad,0xfcad,0xfc8d,0xfc8d,0xfc8d,
 0xfc8d,0xfc8d,0xfc8d,0xfc8d,0xfc8d,0xfcad,0xfcad,0xfc8d,0xfcae,0xfcce,0xfcce,0xfccd,0xfccd,0xfccd,0xfccd,0xfccd,
 0xfced,0xfced,0xfd0d,0xfd0d,0xfced,0xfced,0xfd0d,0xfd0d,0xfd0d,0xfd0e,0xfd4e,0xfd2e,0xfd2e,0xfd2d,0xfd2e,0xfd4e,
 0xfd4e,0xfd4e,0xfd4e,0xfd4e,0xfd4e,0xfd6e,0xfd2d,0xfd4e,0xfd4e,0xfd6e,0xfd8e,0xfd8e,0xfd6d,0xfd6d,0xfd4d,0xfd4d,
 0xfd4d,0xfd6d,0xfd8d,0xfd8d,0xfd8e,0xfd8e,0xfdae,0xfdae,0xfdae,0xfe0f,0x938e,0x08ee,0x216e,0xdd4f,0xfe0f,0xfe0f,
 0xfe2e,0xfe2e,0xedaf,0xe56e,0xf5ae,0xfe0e,0xfe2e,0xfe4e,0xfe4e,0xfe2e,0xfdef,0xe530,0xc430,0xab71,0x8a71,0x7232,
 0x7a52,0x8272,0x8a72,0x51d0,0x090c,0x212c,0x196e,0x198f,0x08ec,0x010d,0x39af,0x8ab3,0x7a92,0x7293,0x7273,0x7273,
 0x6a53,0x6253,0x6253,0x6a53,0x5a53,0x5a53,0x5a53,0x6253,0x6253,0x6253,0x6253,0x6253,0x6a53,0x7273,0x7a93,0x7a73,
 0x7a73,0x8a93,0x7a92,0x1990,0x1990,0x112f,0x3375,0x1a11,0x114f,0x1190,0x2170,0x7273,0x7273,0x6a73,0x6a73,0x6a53,
 0x6253,0x6253,0x6253,0x4a12,0x2233,0x198f,0x21d1,0x3254,0x196f,0x114e,0x21f0,0x21d0,0x19b1,0x19b0,0x5233,0x6274,
 0x5a53,0x4212,0x5a74,0x5a54,0x21d2,0x19d2,0x2a95,0x2ab6,0x2a96,0x11b0,0x1270,0x2b17,0x2a76,0x3296,0x2a75,0x1a12,
 0x4a54,0x6295,0x296f,0x110c,0x110b,0x110c,0x090c,0x298e,0x31f2,0x19b1,0x19b0,0x31d0,0x2190,0x31f2,0x5a74,0x5274,
 0x5a74,0x5254,0x21d2,0x21b1,0x21d1,0x4233,0x5254,0x5254,0x5254,0x5254,0x5a74,0x39f1,0x114e,0x116f,0x114f,0x19d1,
 0x116f,0x118f,0x196f,0x4233,0x4a54,0x4a54,0x4a54,0x218f,0x196e,0x116e,0x298f,0x112e,0x090d,0x216e,0x5274,0x4a33,
 0x21b1,0x08a9,0x31b1,0x5254,0x4a54,0x39cf,0x18c7,0x212c,0x10c9,0x0022,0x18c8,0x214b,0x10c7,0x41d1,0x4213,0x29d1,
 0x0866,0x0886,0x08a7,0x08a8,0x114a,0x0929,0x0866,0x0887,0x0845,0x0865,0x0044,0x20a8,0x59c9,0xe3ea,0xebea,0x3927,
 0x2085,0x18e9,0x08a8,0x08a8,0x08a7,0x4108,0xd34d,0xf3ce,0xebce,0xf3ee,0xf3ee,0xf3ce,0xf3ce,0xebce,0xebce,0xebce,
 0xebce,0xebce,0xebce,0xf3ce,0xf3ce,0xf3ce,0xf3ee,0xf3ce,0xebce,0xf3ce,0xf3ce,0xf3ee,0xf3ee,0xf3ee,0xf3ee,0xf3ee,
 0xf3ee,0xf3ee,0xf3ce,0xf3ce,0xf3ce,0xf3ce,0xf3ce,0xf3ee,0xf3ee,0xf3ee,0xf3ce,0xf3ce,0xf3ed,0xf40d,0xf40d,0xf40e,
 0xf40e,0xf40e,0xf40e,0xf40e,0xf40e,0xf40e,0xf42e,0xf42e,0xf40e,0xf40e,0xfc2e,0xfc2d,0xfc2d,0xfc4d,0xfc4d,0xfc4d,
 0xfc4d,0xfc4d,0xdbce,0xf42d,0xfc2d,0xf42d,0xf42d,0xf42d,0xfc6e,0x9310,0x4213,0x8312,0xfc6e,0xfc2d,0xfc4d,0xfc2d,
 0xec0d,0x7271,0x5a32,0x82b0,0xfc0d,0xf40d,0xfc2d,0xfc4e,0xfc4d,0xfc4e,0xfc4d,0xfc4d,0xfc4d,0xf44d,0xf46e,0xa370,
 0x6232,0x6252,0xcbcf,0xfc8d,0xfc6d,0xfc4d,0xe40d,0xbb6e,0xfc4d,0xfc4d,0xfc4d,0xf42d,0xf42d,0xfc4d,0xfc6d,0xfc6d,
 0xfc6d,0xfc6d,0xfc6d,0xfc8d,0xfc8d,0xfc8d,0xfc8d,0xfc6d,0xfc6d,0xfc8d,0xfc8d,0xfc8d,0xfc8d,0xfcad,0xfc8d,0xfc8d,
 0xfcad,0xfccd,0xfccd,0xfccd,0xfccd,0xfccd,0xfccd,0xfced,0xfced,0xfced,0xfd0e,0xfcee,0xfcee,0xfcee,0xfcee,0xfcee,
 0xfcee,0xfcce,0xfcee,0xfcee,0xfcee,0xfd0e,0xfd2e,0xfd2e,0xfd2e,0xfd2e,0xfd4e,0xfd4e,0xfd4e,0xfd4e,0xfd6e,0xfd6e,
 0xfd6e,0xfd6e,0xfd6e,0xfd6e,0xfd6e,0xfd8e,0xfdae,0xfd8e,0xfdae,0xfdae,0xfdcf,0xfdef,0xfdef,0xfdcf,0xfdce,0xfdce,
 0xfdce,0xfdce,0xfdce,0xfdce,0xfdae,0xfdae,0xfdae,0xfdce,0xfdee,0xfdee,0xf58e,0xf58f,0xfdae,0xfded,0xfded,0xfe0e,
 0xfe0e,0xfdee,0xfdee,0xfdee,0xfe0e,0xfe0e,0xfdee,0xfdee,0xfe0f,0xf5cf,0x3a0f,0x1950,0x3232,0xd54f,0xfe4f,0xf5af,
 0xed70,0xd471,0xa350,0x92b0,0xa2f0,0xb370,0xbbf0,0xcc70,0xcc70,0xb370,0xa2f1,0x9271,0x8271,0x7a52,0x7a72,0x6a52,
 0x7a72,0x7a72,0x8a92,0x51ef,0x08ec,0x190c,0x218f,0x21f1,0x092e,0x00ec,0x318f,0x7a73,0x7273,0x7273,0x6a53,0x6253,
 0x5a53,0x6253,0x6254,0x6254,0x5a53,0x5a53,0x6253,0x6253,0x5a33,0x6253,0x6253,0x5a33,0x5a53,0x6253,0x6253,0x6a73,
 0x7253,0x7273,0x6212,0x19d0,0x2a93,0x1170,0x3bd7,0x2273,0x19b1,0x21f1,0x2170,0x6a53,0x6a53,0x6253,0x6a53,0x6253,
 0x5a53,0x5a53,0x6254,0x4a33,0x2233,0x198f,0x19b0,0x3212,0x1990,0x116f,0x19b1,0x19b0,0x21d1,0x21f1,0x5254,0x6294,
 0x4212,0x2191,0x4a34,0x5233,0x29d2,0x19b2,0x4b97,0x3b78,0x3b38,0x2253,0x12b1,0x2b17,0x2a55,0x3296,0x2a54,0x2a53,
 0x4a74,0x6296,0x216e,0x090b,0x296c,0x110c,0x114c,0x318e,0x3a12,0x21d1,0x21d1,0x31d0,0x31f1,0x31f2,0x5a74,0x5274,
 0x5a74,0x5a75,0x21d2,0x21f2,0x2a32,0x4a34,0x5254,0x4a54,0x5254,0x5274,0x5a75,0x2190,0x114e,0x116f,0x116f,0x19d0,
 0x2212,0x21d1,0x116e,0x19b0,0x4a54,0x5275,0x4a54,0x196f,0x298e,0x196e,0x298f,0x194e,0x112d,0x216f,0x6ab5,0x5254,
 0x4213,0x310a,0x4a13,0x5275,0x5254,0x39cf,0x0864,0x318e,0x192a,0x0000,0x294c,0x31d0,0x0864,0x41f2,0x4213,0x29b1,
 0x08a7,0x08a7,0x08a8,0x08a8,0x0888,0x0887,0x08a8,0x0887,0x0866,0x0865,0x0044,0x20a8,0x59c9,0xec2a,0xec2a,0x3927,
 0x2886,0x210b,0x08c9,0x08c8,0x08a7,0x38e8,0xd34d,0xf3ce,0xebae,0xf3ce,0xf3ce,0xf3ce,0xf3ee,0xf3ce,0xf3ce,0xf3ce,
 0xf3ee,0xf3ce,0xf3ce,0xf3ce,0xf3ce,0xf3ee,0xf3ee,0xf3ee,0xf3ee,0xf3ee,0xf3ee,0xf3ee,0xf3ee,0xf3ee,0xf3ee,0xf3ee,
 0xf3ee,0xf3ee,0xf3ee,0xf3ce,0xf3ee,0xf3ce,0xf3cd,0xf3cd,0xf3ce,0xf3ee,0xf3ee,0xf3ee,0xf3ed,0xf3ed,0xf40d,0xf40d,
 0xf40d,0xf40d,0xf40e,0xfc2d,0xfc2d,0xfc2e,0xfc2e,0xfc2e,0xfc2e,0xfc4d,0xfc6d,0xfc6d,0xfc6d,0xfc6d,0xfc6d,0xf44d,
 0xfc6d,0xcbcf,0x5a32,0xa310,0xfc8d,0xf46d,0xfc6d,0xec4e,0xfc8e,0x7ab1,0x4a12,0x5a32,0xdbed,0xf42d,0xc3af,0xf44d,
 0xf44d,0x7291,0x5a32,0x82d1,0xfc6d,0xfc6d,0xab6f,0x8ad0,0xe44e,0xfcad,0xfcae,0xd40f,0xec6e,0xfcad,0xa34f,0x82d0,
 0x6231,0x6232,0xd40e,0xdc2e,0xb38f,0xfcac,0xb38f,0x5213,0xe44e,0xfcad,0xfcad,0xab4f,0x9b10,0xfced,0xfcad,0xfccd,
 0xfccd,0xfccd,0xfcad,0xfcad,0xfcad,0xfcad,0xfccd,0xfccd,0xfcce,0xfcce,0xfccd,0xfccd,0xfccd,0xfccd,0xfced,0xfced,
 0xfced,0xfd0d,0xfd0d,0xfd0d,0xfd0d,0xfd0e,0xfd2e,0xfd2e,0xfd2e,0xfd2e,0xfd2d,0xfd2e,0xfd4e,0xfd4e,0xfd4e,0xfd4e,
 0xfd4d,0xfd0d,0xfd4e,0xfd6e,0xfd6e,0xfd6e,0xfd6e,0xfd4e,0xfd4e,0xfd6e,0xfd6e,0xfd6e,0xfd6e,0xfd8e,0xfdae,0xfdae,
 0xfdae,0xfdce,0xfdce,0xfdce,0xfdae,0xfdce,0xfdce,0xfdef,0xfdef,0xfdce,0xfdef,0xfe0f,0xfe0f,0xfe0f,0xfdee,0xfdef,
 0xfdee,0xfdee,0xfdce,0xfdce,0xfdce,0xfdee,0xfdce,0xe4ef,0xcc50,0xb3b0,0x92d1,0x8ab1,0x9b10,0xc42f,0xd46f,0xdcb0,
 0xed2e,0xfd4e,0xfd4e,0xf56f,0xd4d0,0xd490,0xed0e,0xf50e,0xfd4e,0xbc0e,0x112f,0x21af,0x19b0,0xb410,0xc3d0,0xa2d0,
 0x9a91,0x9251,0x8231,0x8251,0x8a71,0x8271,0x7a52,0x7a52,0x7a52,0x8252,0x8272,0x7a72,0x7a72,0x6a52,0x6252,0x6a52,
 0x7272,0x7272,0x8273,0x49d0,0x110c,0x10ec,0x112e,0x1190,0x112d,0x090d,0x318f,0x7273,0x6253,0x6253,0x5a53,0x5a53,
 0x5a53,0x6254,0x5a54,0x5a54,0x5a53,0x5a53,0x5a53,0x5a53,0x5a53,0x5a53,0x5a53,0x5a53,0x6253,0x6253,0x6253,0x6253,
 0x6253,0x6a74,0x5a33,0x1990,0x19f1,0x114f,0x3335,0x2254,0x19b2,0x21f2,0x2190,0x5a33,0x6253,0x6253,0x6253,0x5a53,
 0x6254,0x6254,0x6274,0x4a33,0x2213,0x21d0,0x2211,0x39f1,0x21d1,0x198f,0x3233,0x19d1,0x19d1,0x19b0,0x4212,0x6274,
 0x4213,0x31f2,0x3a13,0x5a54,0x29d2,0x19d1,0x3af7,0x3318,0x4359,0x1a12,0x1ad2,0x3338,0x3ab6,0x3275,0x2a34,0x2212,
 0x4a54,0x6296,0x216f,0x112c,0x112c,0x112d,0x114e,0x298f,0x3a12,0x29f2,0x21d1,0x31d0,0x29d0,0x21d1,0x4212,0x5a95,
 0x5a94,0x5254,0x2a13,0x21f2,0x19b1,0x4233,0x5274,0x5274,0x5274,0x5a75,0x5a95,0x2190,0x116e,0x1990,0x1990,0x19d1,
 0x19d1,0x19b0,0x198f,0x118f,0x4a33,0x5a75,0x5a94,0x21b0,0x216f,0x114e,0x31af,0x218f,0x116f,0x2190,0x6295,0x4a54,
 0x49f2,0x3109,0x41f2,0x4a54,0x4a75,0x212a,0x0000,0x1909,0x0885,0x0022,0x10a7,0x214b,0x0022,0x296d,0x4213,0x29b1,
 0x08a8,0x08a7,0x08a8,0x08a8,0x08a8,0x08a8,0x10c8,0x0887,0x0865,0x0865,0x0044,0x18c9,0x4989,0xdb49,0xdb48,0x28e6,
 0x1865,0x210a,0x08ea,0x08c9,0x08c9,0x3109,0x9aaf,0xb311,0xaaf1,0xb311,0xab11,0xab11,0xab11,0xb331,0xbb30,0xbb30,
 0xbb30,0xbb31,0xbb30,0xbb30,0xbb31,0xc350,0xc330,0xbb30,0xbb31,0xbb31,0xbb31,0xbb31,0xbb31,0xbb31,0xbb31,0xbb31,
 0xbb11,0xbb30,0xb330,0xb330,0xb310,0xb330,0xbb30,0xbb30,0xbb30,0xbb30,0xbb30,0xbb30,0xbb10,0xbb10,0xbb10,0xc330,
 0xbb30,0xbb10,0xbb10,0xbb10,0xc330,0xc350,0xcb50,0xcb50,0xcb50,0xcb70,0xcb70,0xd370,0xd36f,0xd36f,0xdb8f,0xd36f,
 0xdb6f,0xa2f1,0x5a53,0x8ad2,0xdbaf,0xd36e,0xc32e,0x8291,0xcb6f,0x7ab1,0x5232,0x6252,0xb350,0xc34f,0x7271,0x92d0,
 0xc32f,0x6a72,0x6252,0x82d2,0xdbd0,0xd390,0x7292,0x6233,0xab30,0xd3af,0xc350,0x5a51,0x92d0,0xd38f,0x82b0,0x8291,
 0x6232,0x6231,0xbb4e,0xa2f0,0x6a31,0xd38e,0xab10,0x5a32,0xcb6f,0xe3ce,0xec0f,0x8ad1,0x8291,0xe3cd,0xdbae,0xd38f,
 0xcb8f,0xd3af,0xe3ce,0xe3ce,0xebee,0xebee,0xebce,0xebce,0xebce,0xebce,0xe3ce,0xebee,0xf40d,0xebee,0xebed,0xf40d,
 0xec0e,0xf42e,0xf42e,0xf42e,0xfc2d,0xfc4d,0xf44e,0xf44e,0xf42e,0xec0e,0xf42e,0xf42e,0xf40e,0xf44e,0xf44e,0xf40e,
 0xec2e,0xf42e,0xec2e,0xf44e,0xf42e,0xf40e,0xf42d,0xf40e,0xf42e,0xf42e,0xf42e,0xf44e,0xf46e,0xfc6d,0xfc6d,0xfc6d,
 0xfc8d,0xf46e,0xfc8d,0xfc8d,0xfc8d,0xfcad,0xfc8d,0xfcae,0xfcae,0xfc8e,0xf48d,0xf46d,0xf46d,0xf46d,0xf4ad,0xf4ad,
 0xfccd,0xfc8d,0xfcad,0xfcad,0xf46d,0xcbef,0xb390,0x8271,0x7a51,0x7a31,0x7a51,0x8271,0x8251,0x7a31,0x8251,0x8a51,
 0x9270,0xa2b0,0xa2b0,0x8a91,0x7a52,0x8251,0x9291,0xb2f0,0xd34f,0x9aae,0x112e,0x29b0,0x3251,0x7231,0x8a71,0x8271,
 0x8271,0x7a72,0x7231,0x6a31,0x7a72,0x7a72,0x7a72,0x7a92,0x7292,0x7a92,0x7272,0x7272,0x6a53,0x6a53,0x6a52,0x6a52,
 0x6a52,0x6252,0x6a53,0x39af,0x08eb,0x112d,0x114e,0x196f,0x112d,0x010c,0x298f,0x6253,0x5a53,0x5a53,0x5a53,0x6253,
 0x5a53,0x6254,0x6254,0x5a53,0x5a53,0x6254,0x5a54,0x5a53,0x5a53,0x6253,0x6253,0x6253,0x6253,0x5a33,0x5233,0x6253,
 0x6a73,0x6274,0x5a53,0x1990,0x2232,0x21f3,0x3b96,0x2253,0x1970,0x19b1,0x2190,0x5a33,0x5a53,0x5a53,0x5a53,0x4a13,
 0x5a53,0x6274,0x6274,0x4a33,0x2a34,0x31f1,0x194d,0x216e,0x296e,0x2190,0x29f2,0x29f1,0x2212,0x2212,0x4232,0x6a95,
 0x3a33,0x3a33,0x4254,0x4a33,0x19b1,0x2213,0x3296,0x3ab7,0x32d8,0x19b0,0x12d1,0x3b59,0x42d7,0x3ad7,0x32b6,0x2a33,
 0x4a74,0x5a95,0x194e,0x194c,0x296d,0x192d,0x096f,0x29af,0x31f2,0x2a33,0x21d1,0x31d0,0x39f0,0x1990,0x29b1,0x5ab5,
 0x5ab5,0x4a54,0x2a33,0x2a33,0x19d1,0x4233,0x62b5,0x6ab5,0x5a75,0x4233,0x4a54,0x2190,0x116f,0x1190,0x11d1,0x2a53,
 0x19f2,0x19b0,0x198f,0x116e,0x5a53,0x6274,0x6294,0x21b0,0x1990,0x194f,0x39f0,0x21b0,0x116f,0x21d1,0x5ab5,0x4a74,
 0x2190,0x08a7,0x194e,0x4233,0x5ab6,0x2109,0x0886,0x190a,0x190a,0x0844,0x18c9,0x296d,0x0865,0x192b,0x31f2,0x29b0,
 0x08a8,0x0887,0x0865,0x0865,0x0865,0x0865,0x08a7,0x08a7,0x0865,0x0865,0x0044,0x18c8,0x2909,0x40e7,0x38c7,0x1886,
 0x1886,0x210a,0x08e9,0x08c8,0x10c8,0x3929,0x8a90,0x9af2,0x9ad2,0x9ad2,0x8ad2,0x8ad2,0x8ad2,0x8ad2,0x92f2,0x92d2,
 0x92d2,0x9ad2,0x9af2,0x9af2,0x9af2,0x92d2,0x92d2,0x92d2,0x92d2,0x92f2,0x9af2,0xa2f1,0xaaf1,0xaaf1,0xab11,0xab11,
 0xab11,0xaaf1,0xa2f1,0xaaf1,0xab11,0xab11,0xab11,0xab11,0xab11,0xab11,0xab11,0xab11,0xaaf1,0xaaf1,0xaaf1,0xaaf1,
 0xaaf1,0xaaf1,0xaaf1,0xaaf1,0xaaf1,0xab11,0xaaf1,0xaaf1,0xab11,0xab11,0xb311,0xb331,0xb311,0xb311,0xbb31,0xc350,
 0xc330,0x92b1,0x5a32,0x8291,0xbb10,0xbb30,0x8292,0x5a33,0xaad1,0x7271,0x5232,0x6252,0xa2f1,0xab11,0x6a72,0x82b2,
 0xb311,0x6a72,0x6252,0x7a92,0xa2d1,0xa2b1,0x7271,0x6252,0xa2f0,0xaaf0,0xa2b1,0x6251,0x8a90,0xbb10,0x7a92,0x7271,
 0x6252,0x6251,0x92b1,0x8ab1,0x7272,0x92b1,0xa2b0,0x6232,0xaad0,0xc310,0xc330,0x8291,0x7a71,0xb2f0,0xb2f0,0xb310,
 0xb310,0xb310,0xbb10,0xbb30,0xcb6f,0xd36f,0xd36f,0xdb6e,0xe38e,0xe38e,0xe38e,0xebae,0xe38e,0xe38e,0xe38e,0xe38e,
 0xe38e,0xe38e,0xd36f,0xc350,0xcb70,0xcb70,0xe3af,0xebae,0xe3ae,0xebae,0xebce,0xebce,0xe3ce,0xe3ae,0xe38e,0xe3ae,
 0xdbaf,0xe3af,0xe3af,0xe3ae,0xe38e,0xe3ae,0xebae,0xebae,0xebae,0xebae,0xebae,0xebae,0xe3ae,0xe38e,0xe3ae,0xdb8f,
 0xd36f,0xcb4f,0xd36f,0xe38e,0xe3ae,0xebce,0xf3ed,0xf3ed,0xf40d,0xf3ed,0xf3ed,0xf3cd,0xf3ed,0xfc0d,0xfc0d,0xfc0d,
 0xf3ed,0xf3ed,0xcb6e,0xbb2f,0x9291,0x7a31,0x7a31,0x8271,0x7a91,0x7272,0x7a71,0x7a51,0x7a71,0x8271,0x7a71,0x8271,
 0x8271,0x7271,0x6a52,0x6a51,0x7251,0x7a72,0x8292,0x8292,0x8a92,0x6a30,0x31cf,0x41f0,0x19f1,0x7271,0x7a92,0x7a72,
 0x7a72,0x8272,0x6a31,0x6a31,0x7a73,0x7272,0x7272,0x7273,0x7273,0x7273,0x6a73,0x6a53,0x6a53,0x6253,0x6253,0x5a53,
 0x5a33,0x5a33,0x6253,0x39b0,0x08eb,0x08ec,0x112d,0x21b0,0x198f,0x092d,0x298f,0x6274,0x5a53,0x5a53,0x5a53,0x5a53,
 0x5a53,0x6253,0x6274,0x6274,0x6254,0x5233,0x5a53,0x6253,0x6253,0x6a53,0x6253,0x6253,0x6253,0x39d2,0x5233,0x5a53,
 0x5233,0x6a94,0x5a53,0x1970,0x19b1,0x1991,0x2b76,0x2274,0x2213,0x19f2,0x2190,0x5a33,0x6253,0x6254,0x4233,0x3213,
 0x4254,0x6274,0x6a94,0x39d1,0x00eb,0x08eb,0x08eb,0x08ea,0x08ea,0x114e,0x2a12,0x21f2,0x2a32,0x21f2,0x4a33,0x6294,
 0x4253,0x3a54,0x4a74,0x3212,0x19b0,0x21f2,0x3ab6,0x42d7,0x4359,0x2a53,0x1ad2,0x4399,0x4b18,0x3ad7,0x3295,0x3273,
 0x5294,0x5a95,0x298e,0x216b,0x110c,0x110c,0x2a73,0x21f0,0x29b0,0x3a33,0x21d1,0x21d1,0x3a52,0x21b1,0x31f2,0x62d5,
 0x62d5,0x5295,0x3254,0x2a54,0x21f2,0x4a54,0x6295,0x6ad5,0x4a34,0x1191,0x3a33,0x29b1,0x1190,0x19d1,0x1a13,0x2252,
 0x19f2,0x19d1,0x198f,0x116e,0x5a52,0x6274,0x5a53,0x29d1,0x2190,0x296f,0x41d1,0x21b1,0x19b0,0x21b0,0x5294,0x5293,
 0x2190,0x10a6,0x216e,0x4213,0x62b6,0x2129,0x10a7,0x3214,0x10a8,0x0022,0x18c8,0x39f1,0x1086,0x190b,0x3a13,0x31d1,
 0x08a8,0x0886,0x0886,0x0886,0x08a7,0x08a8,0x08a7,0x08c8,0x0866,0x0865,0x0044,0x10a8,0x3948,0xd349,0xd309,0x30e6,
 0x1866,0x210a,0x08ea,0x08c9,0x08a7,0x28c7,0x8291,0x92f2,0x92d2,0x92d2,0x92d2,0x92d2,0x92f2,0x92f2,0x92d2,0x92d2,
 0x8ad2,0x92d2,0x92d2,0x92f2,0x92d2,0x92d2,0x92d2,0x92d2,0x92d2,0x92d2,0x92f2,0x92f2,0x9af2,0xa2f1,0xa2f1,0xa2f1,
 0xab11,0xab11,0xab11,0xab11,0xab11,0xab11,0xab11,0xab11,0xab11,0xab11,0xab11,0xab11,0xb311,0xb311,0xb311,0xb311,
 0xb311,0xaaf1,0x7a92,0xab11,0xb311,0xb311,0xb311,0xb311,0xb311,0xb311,0xb331,0xab11,0x92d1,0xab11,0xb331,0xa2f1,
 0xa2f1,0x92d1,0x5a52,0x7a91,0x9ad1,0x92f2,0x8ad2,0x6252,0x9ad1,0x7271,0x5a52,0x6252,0xa2f1,0xa2f1,0x6252,0x7ab2,
 0x9ad2,0x7272,0x6252,0x7a92,0x7a92,0x8291,0x7271,0x6252,0x92b1,0x7a71,0x92b1,0x6a71,0x8291,0x92b1,0x7271,0x6a52,
 0x6a72,0x6a72,0x7a92,0x7292,0x7272,0x8a91,0x8ab1,0x6a72,0xaaf1,0x92b1,0xb310,0x8a91,0x7271,0xbaf0,0xbb10,0xbb30,
 0xbb50,0xab11,0xb310,0xbb10,0xb310,0xb310,0xb330,0xbb30,0xbb50,0xc350,0xc350,0xc350,0xbb50,0xbb30,0xb330,0xb330,
 0xab10,0xa2f1,0xa2f1,0x9af1,0xa311,0xa311,0xab31,0xb330,0xb330,0xd36f,0xd38f,0xd36f,0xdb8e,0xdb8e,0xdb8f,0xebce,
 0xebce,0xebce,0xebae,0xe38e,0xebae,0xe3ae,0xe3ae,0xe3ae,0xdb8e,0xdb8e,0xdb8f,0xcb6f,0xcb6f,0xcb50,0xc32f,0xc32f,
 0xc32f,0xc34f,0xc34f,0xc34f,0xc34f,0xcb4f,0xd36f,0xd36f,0xe38e,0xebcd,0xf3ed,0xf3ed,0xebcd,0xd36e,0xc34f,0xb30f,
 0xa2d0,0x92d1,0x7a71,0x7251,0x7251,0x7a71,0x7a71,0x7251,0x6a52,0x6a52,0x6a52,0x6a52,0x7252,0x7251,0x7252,0x7252,
 0x6a52,0x6232,0x5a32,0x5a32,0x6232,0x6a52,0x7252,0x7251,0x7a52,0x5a11,0x216f,0x29b0,0x19b1,0x6232,0x7a72,0x7a72,
 0x7a73,0x5a32,0x1990,0x2190,0x5a32,0x6a73,0x6a73,0x6a73,0x6a73,0x6273,0x6253,0x6253,0x5a53,0x5a53,0x5a53,0x5a53,
 0x5a53,0x5a33,0x6253,0x39b0,0x090c,0x090c,0x114d,0x21b1,0x114e,0x116f,0x31b0,0x6274,0x5a53,0x6253,0x4a33,0x5253,
 0x6254,0x6274,0x6a74,0x5a53,0x3190,0x39d1,0x6254,0x6a53,0x6a53,0x6a53,0x6253,0x6253,0x6253,0x296f,0x192e,0x31b1,
 0x5233,0x7295,0x31d1,0x21d1,0x2212,0x19d2,0x2b15,0x2253,0x1992,0x21f2,0x116f,0x39f1,0x6274,0x6274,0x4233,0x4a53,
 0x4234,0x6a94,0x6a94,0x39af,0x00aa,0x08eb,0x08eb,0x110b,0x10eb,0x08eb,0x2a12,0x2a53,0x2a33,0x2212,0x31f2,0x6295,
 0x5294,0x5295,0x52b5,0x4233,0x19b0,0x2a13,0x42d7,0x5338,0x5379,0x21d2,0x1af3,0x4399,0x4af8,0x3ab7,0x3a95,0x2212,
 0x5274,0x62d6,0x2190,0x192d,0x112d,0x112c,0x29cf,0x114c,0x194e,0x3a33,0x29f2,0x4253,0x3232,0x21b0,0x31f2,0x8336,
 0x6af6,0x4a75,0x3a95,0x2a54,0x21f2,0x5274,0x6ab5,0x6295,0x5274,0x21f2,0x3a34,0x2190,0x1990,0x19d1,0x2212,0x1a12,
 0x1a13,0x19f2,0x19b0,0x198f,0x3253,0x4253,0x6a94,0x298f,0x0887,0x08a8,0x0866,0x0886,0x08ea,0x21d1,0x52b4,0x4a74,
 0x10ea,0x0843,0x10c9,0x4255,0x5ad7,0x214b,0x18c7,0x31d1,0x192b,0x0001,0x31d0,0x18e8,0x0864,0x18e8,0x4a34,0x31b1,
 0x08c8,0x0886,0x08a8,0x08c8,0x08c9,0x08c8,0x0886,0x08a8,0x0866,0x0865,0x0065,0x20c9,0x51c9,0xf4ab,0xfc8b,0x3106,
 0x1865,0x210a,0x08c9,0x08c8,0x10e8,0x3109,0x8291,0x92f2,0x92d2,0x92f2,0x92f2,0x92f2,0x92f2,0x92f2,0x92d2,0x92d2,
 0x92d2,0x92d2,0x9af2,0x9af2,0x9af2,0x9af2,0x9af2,0x9af2,0x9af2,0x9af2,0x9af2,0x9af2,0x9af2,0x9af2,0x9af2,0x92f2,
 0x92f2,0x9af2,0x9af2,0xa2f2,0xa311,0xa2f1,0xa311,0xa311,0xab11,0xb311,0xab11,0xb311,0xb311,0xb311,0xb311,0xb311,
 0xb311,0x9ad1,0x5a32,0xa2f1,0xbb30,0xab11,0x92d1,0xbb31,0xaaf1,0x8ab1,0xb331,0xa2f1,0x6252,0xa2f1,0xbb31,0x8292,
 0x7a92,0x92d1,0x6252,0x82b2,0x82b2,0x7272,0x8ab2,0x5a32,0x7ab2,0x7292,0x7292,0x6a72,0x92d2,0x82b2,0x6a72,0x6272,
 0x8292,0x6a52,0x6252,0x6a51,0x7272,0x7272,0x7292,0x6a72,0x7272,0x6252,0x7271,0x6a72,0x7271,0x7251,0x6a52,0x6a52,
 0x7272,0x7272,0x7a92,0x7272,0x7272,0x6a51,0x7271,0x7272,0x9ad1,0x7272,0x8ab1,0x82b1,0x7a72,0xa2d0,0xa2f0,0xaaf0,
 0xb330,0x9af1,0x8ab1,0xaaf1,0xaaf1,0xa2f1,0xa2f1,0xa2f1,0xa2f1,0xa2f1,0xa2f1,0xa2f1,0xa2f1,0xa2f1,0x9af1,0x9af1,
 0xa2f1,0xa311,0xa311,0xab11,0xab11,0xab11,0xab11,0xaaf1,0xab11,0xa311,0xaaf1,0xaaf1,0xb310,0xb310,0xb331,0xc350,
 0xc350,0xbb30,0xcb4f,0xdb6f,0xdb8f,0xdb6f,0xd36f,0xd36f,0xcb6f,0xcb6f,0xcb6f,0xcb4f,0xcb4f,0xcb4f,0xcb4f,0xd36f,
 0xd36f,0xd34f,0xcb4f,0xd36f,0xd36f,0xd36f,0xc32f,0xcb2f,0xbb0f,0xb30f,0xa2f0,0x92d1,0x92b1,0x7a71,0x7a51,0x7a51,
 0x8271,0x7251,0x7a71,0x7a71,0x7271,0x7251,0x6a52,0x6a52,0x6a52,0x6a52,0x6a52,0x6a52,0x7251,0x7252,0x6a52,0x5a32,
 0x5a32,0x5a32,0x5a32,0x5a32,0x6232,0x6232,0x6a52,0x6232,0x6a32,0x51f1,0x114e,0x31f1,0x21d1,0x5a32,0x6a73,0x6252,
 0x6253,0x49f1,0x1990,0x19b0,0x31f1,0x6a73,0x6273,0x6a73,0x6273,0x6273,0x6253,0x6273,0x5a53,0x6253,0x6253,0x5a53,
 0x5a53,0x5a53,0x6273,0x39d0,0x090c,0x112c,0x114e,0x21f1,0x198f,0x094e,0x29af,0x6253,0x5a53,0x4a12,0x4253,0x5a74,
 0x6a74,0x6a94,0x6a94,0x39d1,0x194e,0x39f2,0x7274,0x6a53,0x7a52,0x7a32,0x6a74,0x6a74,0x318f,0x10ec,0x292d,0x090d,
 0x29b0,0x5a53,0x31f2,0x2212,0x2232,0x1991,0x3bf7,0x2ab4,0x21d2,0x2213,0x1990,0x41f2,0x6a95,0x6274,0x4213,0x39f1,
 0x4233,0x6274,0x6a94,0x41d0,0x18eb,0x190b,0x214c,0x112c,0x192c,0x090c,0x29f2,0x3a54,0x3a53,0x3253,0x3a33,0x6ab5,
 0x5295,0x62d5,0x5274,0x3a12,0x21f2,0x3254,0x4af7,0x5317,0x639a,0x29f3,0x1b13,0x439a,0x4af8,0x5339,0x4275,0x2a12,
 0x5274,0x62d6,0x218f,0x192d,0x196d,0x112c,0x21f0,0x198e,0x2190,0x3a34,0x3213,0x3a33,0x4273,0x21f1,0x29f1,0x62b5,
 0x62d6,0x52b5,0x42d5,0x42d6,0x2a13,0x39f1,0x72f6,0x93b7,0x6ad5,0x21f2,0x3233,0x19b0,0x19b0,0x19d1,0x2214,0x3ab4,
 0x2a53,0x19f2,0x19d0,0x19b0,0x4a94,0x4a74,0x5274,0x190a,0x0023,0x08ea,0x0044,0x0065,0x0065,0x19b0,0x5af5,0x5ab6,
 0x10a8,0x0022,0x10e9,0x4a96,0x4a74,0x0864,0x296c,0x1909,0x214c,0x0044,0x316d,0x18e9,0x318e,0x1085,0x4234,0x3a13,
 0x08a8,0x0887,0x0886,0x08a7,0x08a7,0x0886,0x08a7,0x08a7,0x0865,0x0865,0x0065,0x20c9,0x51a8,0xebe9,0xebca,0x3927,
 0x2087,0x212b,0x08ea,0x08a7,0x10c8,0x4949,0x82b1,0x9b12,0x9af2,0x9af2,0x9af2,0x9af2,0x9af2,0x9af2,0xa2f2,0xab13,
 0xa2f2,0x9af2,0x9af2,0x9af2,0x9af1,0x9af2,0x9af2,0xa312,0xa312,0xa312,0xa312,0xa312,0xa312,0x9af2,0x9af2,0x9af2,
 0x9af2,0x9af2,0xa2f2,0x9af2,0x9af2,0x9b12,0x9b12,0xa312,0xab11,0xab11,0xb311,0xb311,0xb311,0xb310,0xaaf1,0xaaf1,
 0xbb31,0xa2f1,0x6252,0xa311,0xc351,0x82b2,0x7a92,0xb331,0x6a72,0x6a72,0xab31,0x92d1,0x6a72,0x82b1,0x7a91,0x7a92,
 0x6272,0x7292,0x6a72,0x7a92,0x7a92,0x6a52,0x7272,0x6a72,0x6a72,0x6a92,0x7a92,0x7292,0x7292,0x6a72,0x6a72,0x6a72,
 0x6a72,0x6a52,0x6a52,0x6252,0x6a52,0x6a72,0x7272,0x7272,0x7272,0x7272,0x6252,0x6a52,0x6a52,0x6a52,0x6a52,0x7272,
 0x7272,0x7272,0x7272,0x7272,0x7272,0x7272,0x7272,0x7272,0x7272,0x7272,0x7a92,0x7a92,0x7a92,0x8292,0x8292,0x7a72,
 0x8ab1,0x8ab1,0x7271,0xab31,0x92d1,0xab11,0xa2f1,0xab11,0xab11,0xa2f1,0xa2f1,0xa2f1,0xaaf1,0xaaf1,0xaaf1,0xaaf1,
 0xab11,0xab11,0xab11,0xab11,0xab11,0xb311,0xb311,0xb311,0xb331,0xb310,0xb310,0xb310,0xb311,0xb331,0xb331,0xb311,
 0xb310,0xaaf0,0xb310,0xb310,0xb310,0xc32f,0xcb4f,0xcb4f,0xcb6f,0xcb6f,0xd36f,0xd36f,0xd36f,0xd36f,0xd36f,0xb310,
 0xa2f0,0xa2f0,0xaaf0,0xb310,0xb30f,0x8a90,0x6a30,0x7a70,0x7250,0x6a31,0x6a51,0x6a52,0x6a52,0x7271,0x6a51,0x6a51,
 0x6a51,0x6a51,0x6a51,0x6a51,0x6a51,0x6252,0x6252,0x6a52,0x6252,0x5a32,0x6252,0x5a31,0x5a31,0x5a32,0x5a32,0x5a32,
 0x5a32,0x5a32,0x5a32,0x5a52,0x5a32,0x5a32,0x5a32,0x6232,0x6233,0x49f1,0x194f,0x29b1,0x19b1,0x4a12,0x6253,0x5a53,
 0x6253,0x41f2,0x19b0,0x3a32,0x3a11,0x6252,0x6252,0x6253,0x6253,0x5232,0x6273,0x6a73,0x4213,0x5233,0x6253,0x5a53,
 0x6253,0x5a33,0x6274,0x39d0,0x092d,0x114e,0x196e,0x29d0,0x114d,0x114d,0x194e,0x5a53,0x6274,0x31f1,0x4a94,0x5a95,
 0x6a94,0x6a94,0x5a53,0x192e,0x112d,0x2190,0x6a74,0x7295,0xaa10,0xc20e,0x6274,0x6a73,0x192d,0x10ec,0x110c,0x114d,
 0x114e,0x198e,0x31f1,0x2213,0x2233,0x19b1,0x2b34,0x2253,0x21f3,0x2a34,0x1990,0x39f1,0x6a94,0x7294,0x39f2,0x21d1,
 0x3212,0x6294,0x72d5,0x4211,0x08eb,0x190b,0x214d,0x114d,0x090c,0x112d,0x3233,0x4294,0x4a74,0x3a74,0x4254,0x72b5,
 0x6ad5,0x6295,0x5a94,0x4a54,0x3233,0x3a54,0x5317,0x5b59,0x63bb,0x21b1,0x1b33,0x4bda,0x5b59,0x639a,0x5317,0x3233,
 0x5274,0x62d6,0x31ae,0x296c,0x112c,0x192c,0x2231,0x11af,0x21b0,0x5295,0x3a53,0x3a53,0x4274,0x29f2,0x29f2,0x4253,
 0x72f5,0x6af6,0x4316,0x3a73,0x198f,0x112e,0x31d0,0x8b35,0x7b15,0x2a33,0x2a33,0x21d1,0x21f2,0x2213,0x2213,0x3294,
 0x2a54,0x1a12,0x19d1,0x19d1,0x3a53,0x3232,0x3233,0x112b,0x0022,0x08e9,0x0043,0x0044,0x0886,0x21d1,0x6b35,0x8376,
 0x212d,0x0886,0x216d,0x4254,0x4a53,0x0021,0x296c,0x29cf,0x0022,0x0022,0x18e8,0x296d,0x210a,0x1085,0x4233,0x296d,
 0x08c8,0x08a8,0x08c8,0x08c8,0x08c9,0x08c9,0x10e9,0x08a7,0x0865,0x0865,0x0064,0x20a8,0x51c9,0xec4a,0xf46b,0x3947,
 0x2086,0x210b,0x08c9,0x08c8,0x10c8,0x3109,0x92b0,0xab12,0xa2f2,0xa312,0xa312,0xa312,0xa312,0xb353,0x92af,0x59aa,
 0x722d,0xa2f1,0xab32,0xa2f1,0xa2f1,0xa311,0xa311,0xa312,0xa312,0xa312,0xab12,0xa312,0xab12,0xa311,0xa311,0xab11,
 0xab11,0xab11,0xab11,0xab11,0xb311,0xab11,0xb331,0xbb51,0xb331,0xb331,0xa2f1,0xab11,0x7a92,0xaaf1,0x92b1,0x82b2,
 0xbb31,0x8ad2,0x6272,0x8ad2,0x82b2,0x6252,0x7292,0x7a91,0x6252,0x6a72,0x6a72,0x6a72,0x6a72,0x6252,0x6252,0x7272,
 0x6a72,0x7292,0x7a92,0x7272,0x7272,0x7272,0x7272,0x7292,0x7292,0x7292,0x7a92,0x7272,0x6a72,0x7272,0x7292,0x7292,
 0x7292,0x7292,0x7272,0x7272,0x7272,0x7272,0x7292,0x7a92,0x7272,0x7272,0x7272,0x7272,0x7272,0x6a52,0x7272,0x7a92,
 0x7a92,0x7a92,0x7a72,0x8292,0x7a92,0x7a92,0x8292,0x7a92,0x7272,0x8292,0x7a92,0x7a92,0x7a92,0x7a92,0x7a72,0x7a72,
 0x7a72,0x7a72,0x7a71,0x8ad1,0x7a92,0x8ab1,0x8ab2,0xa2f1,0x92f1,0xaaf1,0xb311,0xbb30,0xb331,0xbb30,0xbb30,0xbb30,
 0xc330,0xc330,0xbb30,0xbb30,0xbb30,0xc351,0xc351,0xbb51,0xc350,0xbb30,0xbb30,0xbb30,0xc330,0xbb30,0xbb30,0xbb30,
 0xc350,0xc350,0xc330,0xcb4f,0xbb30,0xb310,0x9ad0,0xa2d0,0x8a90,0x7271,0x8ab0,0x8ad1,0x82b1,0x8290,0x7271,0x5a31,
 0x5211,0x5a31,0x5a31,0x5a11,0x5a11,0x5a11,0x5a11,0x5a11,0x5a11,0x5a11,0x5a31,0x5a31,0x5a31,0x5232,0x5212,0x5232,
 0x5211,0x5212,0x5212,0x5211,0x5212,0x5232,0x5232,0x5232,0x5232,0x5232,0x5232,0x5a32,0x5a32,0x5a32,0x5a32,0x5a32,
 0x5a32,0x6232,0x6232,0x5a32,0x5a52,0x6252,0x5a32,0x5232,0x5a32,0x41f1,0x196f,0x3a11,0x19b1,0x31d0,0x6253,0x5a53,
 0x6273,0x41f1,0x21b0,0x3232,0x39f1,0x5a32,0x5a52,0x5a32,0x7294,0x6a94,0x7294,0x6a74,0x5254,0x6253,0x7293,0x5212,
 0x31d1,0x4a32,0x6a73,0x41d0,0x090c,0x090d,0x198e,0x21d1,0x116e,0x116e,0x092d,0x5232,0x6a95,0x31d1,0x3a32,0x62b5,
 0x7294,0x7ab4,0x39af,0x090c,0x112d,0x112e,0x5253,0x6275,0x61d0,0x618e,0x6274,0x6253,0x194d,0x114e,0x114e,0x196e,
 0x196f,0x218f,0x2190,0x2233,0x2a95,0x2213,0x4418,0x2ab4,0x2a13,0x2a75,0x198f,0x1990,0x5a74,0x6ab5,0x29d2,0x2a12,
 0x3a33,0x72d5,0x82f6,0x4a11,0x190c,0x192c,0x194d,0x110b,0x08eb,0x110c,0x4a95,0x52d6,0x5af6,0x52d6,0x3a12,0x296e,
 0x5232,0x9377,0x72f6,0x5ab5,0x4274,0x4275,0x6358,0x6b9a,0x6bba,0x21b1,0x2353,0x53fa,0x6379,0x6b99,0x6359,0x3233,
 0x5274,0x62b5,0x298f,0x194d,0x092d,0x112d,0x21cf,0x19d0,0x21b0,0x5ab6,0x4254,0x4274,0x4274,0x3232,0x3212,0x6af5,
 0x6af5,0x5af6,0x3ab5,0x196e,0x194d,0x196e,0x092e,0x218f,0x7315,0x3a95,0x3a95,0x21f2,0x21f1,0x2a12,0x2a32,0x3274,
 0x2a53,0x2213,0x21f2,0x19b0,0x29d0,0x196e,0x2a33,0x196d,0x0044,0x110a,0x0043,0x0043,0x0864,0x21d0,0x5293,0x6af3,
 0x08a7,0x0002,0x08a7,0x62f6,0x39ce,0x0022,0x4253,0x3a53,0x08a6,0x0021,0x296b,0x39b1,0x290b,0x10c7,0x4a33,0x0003,
 0x08c8,0x08c8,0x08c8,0x08c8,0x08c8,0x08c8,0x10e9,0x08a7,0x0866,0x0865,0x0065,0x28c9,0x51e9,0xec6b,0xec2a,0x3927,
 0x2887,0x212c,0x10ea,0x08c8,0x10c8,0x394a,0x92b1,0xab12,0xab11,0xab11,0xab32,0xab32,0xb352,0x92cf,0x1063,0x0003,
 0x0044,0x20c6,0x826d,0xbb52,0xab31,0xb352,0xbb52,0xb332,0xb331,0xb331,0xb331,0xb331,0xb331,0xb331,0xb331,0xb331,
 0xbb31,0xb331,0xb311,0xb311,0x9af1,0xa2f1,0x92d1,0x8ab1,0x82b2,0x8ab2,0x7a92,0x7ab2,0x6a72,0x7a92,0x7292,0x7272,
 0x7292,0x7272,0x7272,0x7272,0x6a72,0x7272,0x7272,0x6a72,0x7292,0x7a92,0x7a92,0x7292,0x7272,0x8292,0x7a92,0x8292,
 0x7a92,0x7ab2,0x7a92,0x7a92,0x82b2,0x8292,0x7a92,0x7a92,0x7a92,0x82b2,0x8ad2,0x82b2,0x7a92,0x7a92,0x82b2,0x7ab2,
 0x82b2,0x7a92,0x7a72,0x7a72,0x8292,0x8ab2,0x7a92,0x8292,0x7a72,0x8291,0x7a92,0x7a92,0x8291,0x7a92,0x7a92,0x8292,
 0x8ab2,0x82b2,0x8ab2,0x92d1,0x8ad2,0x8ab2,0x8ab2,0x92d2,0x8ab2,0x8ab2,0x92d2,0x8ab2,0x8291,0x8291,0x8291,0x8ab1,
 0x8292,0x8ab1,0x8ab1,0x8292,0x8291,0x7a71,0x7a91,0x8291,0x82b1,0x8ab1,0x8ab1,0x9af1,0x92d1,0x92d1,0xa2d0,0xa2f0,
 0xbb30,0xaaf0,0xaaf0,0xb330,0xc350,0xc371,0xbb51,0xc371,0xc350,0xc330,0xcb50,0xd370,0xd370,0xd390,0xd370,0xd390,
 0x9af0,0x92d1,0xa310,0x92b0,0x7a71,0x5a11,0x5211,0x5211,0x5a11,0x5231,0x5a31,0x5211,0x5211,0x5211,0x5211,0x5a31,
 0x5a31,0x5a31,0x5a31,0x5a31,0x5a31,0x5a31,0x5a31,0x5a11,0x51f1,0x49f1,0x5211,0x5211,0x5211,0x5211,0x5212,0x5211,
 0x5211,0x5232,0x5232,0x5212,0x5a32,0x5232,0x5232,0x5232,0x5a52,0x5a52,0x6252,0x6232,0x5a32,0x6252,0x6a72,0x6a52,
 0x6a52,0x6a52,0x51f1,0x5a11,0x6252,0x6a52,0x5211,0x196f,0x5a53,0x5233,0x1990,0x3a11,0x19d0,0x31b0,0x6a73,0x6a73,
 0x6a73,0x41f1,0x21d1,0x2a12,0x3a12,0x6a74,0x5a32,0x2990,0x41d1,0x6273,0x82f4,0x72b3,0x6ab4,0x72b4,0x7ab4,0x4211,
 0x31d1,0x4212,0x4212,0x298f,0x092d,0x090d,0x198e,0x3211,0x19b0,0x19b0,0x116f,0x29b1,0x5253,0x31f1,0x196f,0x5a73,
 0x82d4,0x82d5,0x298f,0x114e,0x196e,0x116f,0x4a53,0x5254,0x51f0,0x51af,0x6254,0x6a94,0x218f,0x19b0,0x196e,0x21ae,
 0x198f,0x29d0,0x29b1,0x2a13,0x3b16,0x2234,0x4438,0x2ad5,0x21f3,0x2234,0x21d1,0x196f,0x5273,0x5af6,0x29f2,0x4233,
 0x4a74,0x8316,0x5294,0x31d0,0x08eb,0x112c,0x114c,0x110b,0x190b,0x110c,0x4a75,0x52b6,0x62d6,0x5273,0x110c,0x08eb,
 0x192d,0x72b3,0x62b4,0x62b5,0x4a74,0x4254,0x6b78,0x739a,0x6bba,0x29d2,0x2354,0x647b,0x7379,0x737a,0x6318,0x3213,
 0x4a74,0x52b5,0x2190,0x216d,0x216e,0x194d,0x21cf,0x198e,0x218f,0x5295,0x4254,0x4a74,0x5294,0x3a53,0x4233,0x9bb8,
 0x7336,0x6316,0x2a12,0x116e,0x298e,0x192d,0x218f,0x198f,0x3212,0x4ad6,0x4295,0x21f1,0x21d1,0x2a12,0x3253,0x4ad5,
 0x3a75,0x3255,0x2a13,0x21f1,0x3211,0x4a10,0x3255,0x21ae,0x0043,0x110b,0x0043,0x0865,0x08c7,0x21d0,0x5ad3,0x6af5,
 0x214b,0x0001,0x216e,0x7bba,0x41ee,0x0002,0x3a32,0x3a32,0x0044,0x0001,0x2108,0x296d,0x212a,0x0043,0x4211,0x1087,
 0x08c8,0x08c8,0x10c8,0x10c8,0x10c8,0x10c8,0x10c9,0x08a7,0x0886,0x0865,0x0065,0x28e9,0x59c9,0xebea,0xeb49,0x3907,
 0x2086,0x210b,0x10ea,0x08c8,0x10e8,0x3929,0x6231,0x7272,0x7272,0x7272,0x7272,0x7271,0x7292,0x416b,0x0001,0x0865,
 0x0865,0x0045,0x0044,0x59aa,0x8291,0x7a92,0x3927,0x3907,0x7a92,0x7271,0x7271,0x7271,0x7271,0x7271,0x7a71,0x7a71,
 0x7a71,0x7a71,0x7a71,0x7251,0x6a51,0x7251,0x6231,0x6231,0x6a51,0x6a51,0x6a51,0x7271,0x7271,0x7271,0x7291,0x7272,
 0x7252,0x8271,0x7271,0x7a71,0x8291,0x7a91,0x8a91,0x8291,0x8291,0x8a91,0x8291,0x8291,0x8a91,0x8a91,0x8ab1,0x8ab1,
 0x8292,0x8ab1,0x8ab1,0x92d1,0x8ab1,0x8ab1,0x92b1,0x92b1,0x8ab1,0x92d1,0x9ad1,0x9af1,0x92d1,0x92d1,0x8ab1,0x92b1,
 0x92d1,0x92b1,0x8a70,0x8a91,0x92b1,0x9ad1,0x92b1,0x92d1,0x9ad1,0x9ab0,0x9ab1,0x9ad1,0xa2d0,0xa2f1,0xa2f1,0xa2d0,
 0xa2d0,0x9ad1,0xab10,0xb310,0xab10,0xaaf0,0xab10,0xab10,0xa2f0,0xa2f0,0xab10,0xa2f0,0x9ad0,0xa2f0,0xaaf0,0xa2f0,
 0xa2f0,0xb310,0xb310,0xaad0,0xa2d0,0xa2d0,0xa2d0,0xaad0,0xaaf0,0xaaf0,0xaaf0,0xa2d0,0xa2f0,0xa2f0,0xa2f0,0xa2f0,
 0x9ad0,0xa2d0,0xa2f0,0xa2f0,0xab10,0xab10,0xaaf0,0xb310,0xb310,0xb310,0xab10,0xab10,0xa2f0,0x6250,0x6231,0x6251,
 0x4a11,0x49f1,0x5211,0x49f1,0x51f1,0x5a11,0x5a31,0x6251,0x5a31,0x5a11,0x5a31,0x5a31,0x5a31,0x5a31,0x5a31,0x5a31,
 0x6231,0x6231,0x6251,0x6a71,0x6a52,0x5a11,0x5211,0x5211,0x5a11,0x6251,0x6251,0x6231,0x5a11,0x5a31,0x6a51,0x6232,
 0x6a52,0x6a52,0x6a52,0x6a52,0x6a52,0x6232,0x7272,0x6a52,0x6a72,0x7292,0x7292,0x6a52,0x6a52,0x7272,0x7273,0x7293,
 0x7ab3,0x6252,0x192d,0x192c,0x6231,0x7a93,0x49f0,0x090d,0x218f,0x5232,0x21b0,0x4232,0x21d1,0x196f,0x6a73,0x5231,
 0x6a53,0x49f1,0x19b0,0x3232,0x4233,0x6a73,0x192d,0x090d,0x090c,0x298e,0x9314,0x8314,0x6ab4,0x6252,0x7ab3,0x4a12,
 0x3a12,0x4a33,0x3212,0x092d,0x114d,0x114e,0x29ef,0x4251,0x19b0,0x198f,0x114e,0x29d1,0x6ab4,0x3a12,0x118f,0x5a94,
 0xabb5,0xcc74,0x41f0,0x114e,0x196e,0x196e,0x3a33,0x4254,0x316c,0x394d,0x4213,0x6274,0x198f,0x116e,0x194d,0x31ee,
 0x198f,0x21b0,0x31f2,0x3254,0x3a95,0x3295,0x3cda,0x2274,0x3255,0x3295,0x21f2,0x21d1,0x3233,0x5357,0x3a12,0x4253,
 0x4a94,0x62d5,0x3a53,0x218f,0x190a,0x296c,0x114d,0x112c,0x112d,0x112d,0x5ad6,0x39f1,0x192c,0x214c,0x110b,0x110c,
 0x194d,0x114d,0x114e,0x4232,0x5ab5,0x5ab5,0x7379,0x7b99,0x83da,0x31d2,0x1b14,0x643b,0x7b7a,0x739a,0x6b39,0x4295,
 0x2a13,0x5b16,0x31d1,0x296d,0x216d,0x112c,0x29ad,0x196d,0x29d0,0x62b6,0x4a74,0x5294,0x6294,0x5a95,0x3a11,0x4210,
 0x9355,0x93b7,0x2a12,0x198f,0x5291,0x4a50,0x21d0,0x196f,0x29f1,0x4ab5,0x4a95,0x29f2,0x2a12,0x3a74,0x3a74,0x4ad5,
 0x4295,0x29f1,0x08a7,0x08a7,0x10a7,0x2108,0x10c8,0x08a7,0x08a7,0x08c9,0x0887,0x0886,0x0887,0x10e9,0x10e8,0x190a,
 0x0886,0x0043,0x0887,0x212a,0x18e8,0x0866,0x190a,0x18e9,0x0065,0x0865,0x0866,0x0886,0x10e8,0x0044,0x10c8,0x0887,
 0x08a7,0x08a7,0x0087,0x00a7,0x00a7,0x0087,0x08c8,0x08a7,0x0866,0x0865,0x0065,0x2909,0x3928,0x79e8,0x71a8,0x20c7,
 0x2086,0x18ea,0x10e9,0x08c9,0x08c9,0x2909,0x49f1,0x5232,0x5232,0x5232,0x5232,0x5231,0x5253,0x316c,0x0023,0x0865,
 0x0865,0x0865,0x0865,0x0023,0x28e8,0x51d0,0x18c7,0x41ce,0x5a52,0x5232,0x5231,0x5231,0x5211,0x5211,0x5211,0x5211,
 0x5231,0x5231,0x5231,0x5a31,0x5a31,0x5a31,0x5a31,0x5a31,0x5a31,0x5a31,0x5a31,0x5a11,0x5a11,0x5211,0x5211,0x5211,
 0x5231,0x5a31,0x5231,0x5a31,0x5a31,0x5231,0x5a11,0x5211,0x5211,0x5a11,0x5211,0x5a31,0x5a31,0x5211,0x5a31,0x5a31,
 0x5a31,0x6251,0x6252,0x6231,0x6a31,0x6231,0x6a51,0x6a51,0x6251,0x6a51,0x7272,0x7272,0x6a51,0x6231,0x6231,0x6231,
 0x6a52,0x6a72,0x5a31,0x6a31,0x6a31,0x6a31,0x6a31,0x7251,0x6a51,0x7251,0x7251,0x6a51,0x7251,0x7251,0x7251,0x7251,
 0x7231,0x7251,0x7a71,0x7a71,0x7a71,0x7a51,0x7271,0x7a51,0x7a51,0x7a50,0x7a51,0x8271,0x7251,0x7a51,0x7a71,0x7251,
 0x7250,0x7a50,0x7a50,0x7250,0x7a50,0x7a50,0x7a50,0x8251,0x8270,0x8250,0x8270,0x8a90,0x8a90,0x8a90,0x8a90,0x8290,
 0x8a90,0x8290,0x8a70,0x8270,0x8a70,0x8a70,0x8270,0x7a50,0x8a90,0x7a70,0x6a50,0x6230,0x6250,0x6230,0x6a50,0x7270,
 0x7a70,0x7a70,0x8290,0x7a51,0x8290,0x7a90,0x7271,0x92f1,0x82b1,0x6a51,0x82b1,0x7271,0x6a51,0x7250,0x6a51,0x7a70,
 0x7251,0x7a91,0x7272,0x6a52,0x6231,0x6251,0x5a11,0x6a51,0x6a31,0x59f1,0x51f1,0x6211,0x59f1,0x6211,0x6232,0x6232,
 0x6232,0x7272,0x7272,0x6a32,0x7272,0x82b2,0x7a92,0x7ab2,0x7293,0x7a92,0x7a93,0x7a93,0x92f2,0x7a92,0x7a72,0x8ab2,
 0x8ad2,0x6a51,0x092e,0x092d,0x6251,0x8ab3,0x41af,0x092d,0x196e,0x4a11,0x21d1,0x3a32,0x21f2,0x116f,0x49f1,0x198f,
 0x4a11,0x5a32,0x21f2,0x3233,0x4a53,0x49d0,0x00eb,0x112c,0x194d,0x31cd,0x6a51,0x82f4,0x196e,0x298f,0xa356,0x5a94,
 0x3254,0x5294,0x4253,0x114d,0x114d,0x194e,0x29cf,0x3211,0x198f,0x198f,0x112c,0x29d1,0x4273,0x3253,0x21f2,0x62d5,
 0x6ab2,0x7b11,0x31ae,0x112e,0x198f,0x196e,0x3a33,0x4254,0x090b,0x090b,0x118f,0x31f1,0x218f,0x116e,0x116e,0x31ef,
 0x198f,0x198f,0x31d1,0x3a95,0x3275,0x3275,0x4d9c,0x2a95,0x42b7,0x42d7,0x21f2,0x21d1,0x2a12,0x5316,0x3a33,0x4273,
 0x4274,0x72f5,0x62f5,0x31d0,0x110b,0x194c,0x196d,0x112c,0x112c,0x194d,0x7337,0x3a11,0x112c,0x194d,0x192c,0x110b,
 0x31cd,0x194d,0x194d,0x39f1,0x7316,0x72f5,0x7bb9,0x7bb9,0x8c1b,0x31b1,0x2b34,0x6c3b,0x839a,0x8bfa,0x6b38,0x5ad7,
 0x3213,0x7316,0x31d0,0x110d,0x194d,0x112c,0x196d,0x114d,0x31f1,0x7b37,0x5ab5,0x62b5,0x39f1,0x31d0,0x194e,0x194d,
 0x5a51,0x8376,0x4273,0x19b0,0x3a51,0x3211,0x19b0,0x198f,0x29f1,0x4a95,0x4ab5,0x3213,0x3233,0x4295,0x3a54,0x52f5,
 0x4ad5,0x214b,0x0023,0x0865,0x0845,0x0044,0x0845,0x0044,0x0887,0x0844,0x0043,0x0044,0x0844,0x0043,0x0022,0x0002,
 0x0023,0x0022,0x0043,0x0022,0x0023,0x0865,0x0023,0x0023,0x0844,0x0043,0x0043,0x0043,0x0023,0x0044,0x0023,0x0043,
 0x08c9,0x08a8,0x6968,0x5968,0x5168,0x61a8,0x08c8,0x08c9,0x0887,0x0865,0x0065,0x28e9,0x4169,0xbb29,0xbae8,0x28c6,
 0x2086,0x210b,0x10ea,0x08e9,0x10c9,0x3129,0x41f0,0x5232,0x4a11,0x4a11,0x4a11,0x4a11,0x4a32,0x41af,0x0043,0x0865,
 0x0865,0x0865,0x0865,0x0865,0x0023,0x1085,0x5232,0x5253,0x4a11,0x4a31,0x4a11,0x4a11,0x4a11,0x4a11,0x4a11,0x4a11,
 0x4a11,0x4a11,0x5211,0x5211,0x4a31,0x4a31,0x5231,0x5211,0x4a11,0x4a11,0x4a11,0x4a11,0x4a11,0x4a11,0x4a11,0x4a11,
 0x4a11,0x4a11,0x4a11,0x4a11,0x4a11,0x4a11,0x4a11,0x4a11,0x4a11,0x4a11,0x4a11,0x4a11,0x4a11,0x5211,0x5211,0x5211,
 0x5231,0x5231,0x5231,0x5231,0x5231,0x5231,0x5231,0x5231,0x5a11,0x5a11,0x5a32,0x5a32,0x5a31,0x5231,0x5a31,0x5231,
 0x5231,0x5211,0x5211,0x5211,0x5a11,0x5a11,0x5a11,0x5a11,0x5a11,0x5a31,0x5a31,0x5a31,0x6231,0x5a31,0x5a11,0x5a11,
 0x5a11,0x5a31,0x5a11,0x6231,0x6231,0x6231,0x6231,0x6231,0x6231,0x6231,0x5a11,0x6211,0x5a11,0x5a11,0x5a11,0x5a11,
 0x6211,0x6231,0x6231,0x6231,0x6231,0x6231,0x6231,0x6231,0x6a30,0x6a30,0x6a30,0x6a30,0x6a30,0x6a30,0x6a30,0x7230,
 0x6a30,0x7230,0x7230,0x7250,0x7250,0x7250,0x7a50,0x7a50,0x7a50,0x7a70,0x8a90,0x8270,0x8291,0x8a91,0x8a90,0x9290,
 0x8a70,0x9290,0x92b0,0x8a91,0x9ab0,0xa2d0,0xa2d1,0xaaf0,0xa2cf,0x9ab0,0xa2f0,0xa2d0,0xaad0,0xa2d0,0xaaef,0xab0f,
 0xab10,0xb30f,0xb30f,0xab0f,0xb32f,0xc36f,0xbb4f,0xc36f,0xc36e,0xbb6e,0xbbae,0xbbae,0xc3cf,0xbb8f,0xc38f,0xbb6f,
 0xb32f,0xbb2e,0xb30f,0xb330,0xb350,0xb370,0xab30,0xb330,0xab31,0xa311,0xa2d0,0xaaf0,0x92b0,0x316d,0xaaf0,0xbb50,
 0xbb71,0x8a90,0x112e,0x112d,0x92d0,0xcb91,0x5a0f,0x092e,0x194d,0x5a50,0x21d1,0x3a32,0x29f1,0x196e,0x5231,0x198f,
 0x6292,0x72d4,0x2a13,0x4273,0x3a12,0x49ef,0x090c,0x298d,0x31ce,0x31ee,0x7273,0x6251,0x010c,0x298f,0x6293,0x4a73,
 0x4274,0x4253,0x29d1,0x116e,0x114e,0x114e,0x3210,0x4251,0x198f,0x19b0,0x114e,0x2a12,0x3233,0x4274,0x2a12,0x5293,
 0x194d,0x00cb,0x08aa,0x10eb,0x092c,0x118f,0x42b5,0x4254,0x08eb,0x090b,0x1190,0x3a32,0x29b0,0x116f,0x196e,0x31ef,
 0x1990,0x1990,0x31f2,0x4ad7,0x42d6,0x42b6,0x2b15,0x2232,0x42d7,0x42d7,0x2a13,0x29f2,0x3212,0x6316,0x4233,0x4253,
 0x4253,0x8336,0x7b56,0x3a11,0x112d,0x196e,0x29af,0x214d,0x110c,0x192d,0x8b98,0x4232,0x190c,0x194d,0x110b,0x216c,
 0x41ed,0x216d,0x216d,0x4a32,0x8356,0x7b36,0x941a,0x8bfa,0xa45c,0x39d1,0x2335,0x7c7b,0xa41b,0x9c3b,0x8399,0x5ab6,
 0x3a33,0x4a74,0x218f,0x112e,0x218e,0x298e,0x29ce,0x218e,0x3a12,0x8b77,0x6af5,0x4a73,0x29af,0x08ec,0x090c,0x112d,
 0x090c,0x4a53,0x4273,0x21af,0x4271,0x4ab2,0x21d1,0x1190,0x3212,0x52f6,0x52f5,0x3234,0x3a54,0x4ab5,0x42b5,0x6b97,
 0x5b16,0x31ad,0x0024,0x0865,0x0865,0x0865,0x0865,0x0044,0x0865,0x0844,0x0044,0x0044,0x0865,0x0844,0x0043,0x0844,
 0x0844,0x0043,0x0864,0x0865,0x0865,0x0865,0x0043,0x0044,0x0044,0x0043,0x0044,0x0043,0x0043,0x0043,0x0043,0x0043,
 0x08e9,0x08a9,0xc2e9,0xbbcb,0xabab,0xcbeb,0x18c9,0x10e9,0x0887,0x0886,0x0065,0x20c9,0x59e9,0xfccb,0xfc2a,0x3927,
 0x28a7,0x210b,0x10ea,0x08c8,0x08c8,0x3108,0x39d0,0x4212,0x4211,0x4211,0x4211,0x4211,0x4211,0x4a32,0x18c7,0x0044,
 0x0865,0x0864,0x0865,0x0864,0x0043,0x0844,0x398d,0x4211,0x41f1,0x4211,0x4211,0x4211,0x4211,0x4211,0x4211,0x4211,
 0x4211,0x4211,0x4211,0x4211,0x4a11,0x4a31,0x4a31,0x4a31,0x5251,0x5211,0x4a12,0x41f1,0x5a52,0x6252,0x4a31,0x5251,
 0x4211,0x4211,0x4211,0x4211,0x4211,0x4211,0x4a11,0x4211,0x4a11,0x4a11,0x4a11,0x4a11,0x4a11,0x4a11,0x4a11,0x4a11,
 0x4a11,0x4a11,0x4a11,0x4a11,0x4a11,0x4a11,0x4a11,0x4a11,0x4a11,0x4211,0x4a11,0x5212,0x4a11,0x4a11,0x4a11,0x4a11,
 0x4a11,0x4a11,0x4a11,0x4a11,0x4a11,0x4a11,0x4a11,0x4a11,0x4a11,0x4a11,0x4a11,0x4a11,0x4a11,0x5211,0x4a11,0x4a11,
 0x4a11,0x4a11,0x4a11,0x4a11,0x5211,0x5211,0x5211,0x5211,0x5211,0x5211,0x4a11,0x4a11,0x4a11,0x4a11,0x4a11,0x4a11,
 0x4a11,0x4a11,0x5211,0x5211,0x5211,0x5211,0x5211,0x5211,0x5211,0x5210,0x5210,0x5211,0x5211,0x51f0,0x51f0,0x51f0,
 0x5a10,0x5210,0x5a11,0x5a11,0x5a11,0x6210,0x5a11,0x6231,0x6211,0x5a11,0x5a11,0x6231,0x6211,0x6211,0x6211,0x6a31,
 0x6a31,0x6a31,0x6a31,0x6a51,0x7251,0x7251,0x7251,0x7a50,0x8270,0x8a70,0x8a70,0x8270,0x8291,0x9ab0,0xa2d0,0x9ab0,
 0xaad0,0xaad0,0xbaef,0xc30f,0xcb2f,0xe36e,0xeb8d,0xf3ce,0xfc6d,0xfcad,0xfd2e,0xfccd,0xfc8d,0xebce,0xe38e,0xdb6e,
 0xdb6f,0xc350,0xc350,0xb2f0,0xaad0,0xaaf1,0x9ad1,0xaaf1,0x92d2,0x92b1,0x9290,0x8a70,0x398e,0x110c,0x7230,0x9ad3,
 0x8ad3,0x8293,0x29af,0x196f,0x6a72,0x8ab3,0x41f0,0x218e,0x114e,0x21af,0x29f2,0x4232,0x3212,0x2190,0x5a72,0x198e,
 0x4231,0x5273,0x3212,0x5293,0x3a32,0x29d0,0x114d,0x194e,0x216d,0x29cd,0x5a53,0x218e,0x092c,0x114d,0x094d,0x3212,
 0x4ab5,0x4253,0x31f1,0x198f,0x19b0,0x11b0,0x31f0,0x4211,0x21d1,0x19d1,0x114e,0x3232,0x4273,0x4233,0x3232,0x6336,
 0x194d,0x212c,0x10eb,0x192c,0x192c,0x194d,0x42b5,0x4275,0x18ec,0x110b,0x1190,0x3211,0x29b0,0x298e,0x29af,0x4250,
 0x21b1,0x21b0,0x31f2,0x4a96,0x4ab6,0x4296,0x4438,0x32b4,0x4ab6,0x4ab6,0x29f2,0x3a34,0x4254,0x5ab5,0x5a94,0x5a94,
 0x4a73,0x62d4,0x5ad5,0x29f1,0x192c,0x216d,0x19af,0x196e,0x112d,0x112d,0x7b36,0x5232,0x00ca,0x194d,0x194d,0x216d,
 0x422f,0x298e,0x194d,0x5232,0x7b16,0x7b36,0xac7b,0xa41b,0xb4bc,0x4a12,0x2b55,0x8cdc,0xa41b,0xa45b,0xa3fa,0x72f6,
 0x5253,0x5a74,0x216f,0x196e,0x298e,0x298f,0x114e,0x092d,0x3a11,0x8b77,0x8b55,0x112d,0x114d,0x194d,0x216d,0x194d,
 0x114d,0x116e,0x3a73,0x29f1,0x3a31,0x3a51,0x21d0,0x198f,0x31f2,0x62f6,0x6316,0x3212,0x192b,0x298d,0x194b,0x322e,
 0x2a0e,0x216b,0x0866,0x0866,0x0866,0x0865,0x0865,0x0865,0x0844,0x0865,0x0865,0x0865,0x0865,0x0865,0x0886,0x0887,
 0x0866,0x0865,0x0865,0x0844,0x0844,0x0844,0x0865,0x0865,0x0865,0x0865,0x0865,0x0865,0x0865,0x0865,0x0865,0x0865,
 0x08e9,0x08a8,0xb2a9,0xabcb,0x9b4a,0xc40b,0x18c9,0x10c8,0x0886,0x0865,0x0065,0x28e9,0x59c9,0xec4a,0xf44b,0x4148,
 0x30a8,0x210b,0x10e9,0x08c8,0x10c8,0x3108,0x31d0,0x3a12,0x3a11,0x39f1,0x39f1,0x3a11,0x39f1,0x4212,0x31ae,0x0844,
 0x0865,0x0865,0x0844,0x0866,0x0865,0x0044,0x1086,0x4211,0x3a11,0x3a11,0x3a11,0x3a11,0x3a11,0x39f1,0x39f1,0x39f1,
 0x39f1,0x39f1,0x39f1,0x3a11,0x39f1,0x39f1,0x41f0,0x31af,0x298e,0x31ae,0x29af,0x216e,0x318e,0x314d,0x29cf,0x4270,
 0x2990,0x39f1,0x39f1,0x39f1,0x39f1,0x41f1,0x41f1,0x41f1,0x39f1,0x41f1,0x41f1,0x41f1,0x41f1,0x41f1,0x41f1,0x41f1,
 0x41f1,0x4211,0x4211,0x41f1,0x41f1,0x41f1,0x41f1,0x4211,0x39f1,0x6210,0x5211,0x4211,0x4211,0x41f1,0x4211,0x4a11,
 0x4211,0x4211,0x4a11,0x4a11,0x4211,0x4a11,0x4a11,0x4a11,0x4a11,0x4a11,0x4211,0x4a11,0x4a11,0x4a11,0x4a11,0x49f1,
 0x49f1,0x49f1,0x49f1,0x49f1,0x49f1,0x49f1,0x49f1,0x4a11,0x49f1,0x49f1,0x49f1,0x41f1,0x41f1,0x41f1,0x41f1,0x41f1,
 0x49f1,0x4a11,0x4a11,0x4a11,0x4a11,0x4a11,0x4a11,0x4a11,0x4a11,0x49f1,0x49f0,0x49f0,0x49f0,0x49f0,0x49f0,0x49f0,
 0x49f1,0x49f1,0x49f1,0x51f1,0x51f1,0x5211,0x5211,0x5210,0x51f0,0x5211,0x5211,0x5211,0x5211,0x5211,0x5211,0x5a11,
 0x5211,0x5a11,0x6231,0x6231,0x6211,0x6211,0x6231,0x6231,0x6a31,0x6a31,0x7251,0x8271,0x7a51,0x8a71,0x8250,0x7a70,
 0xa290,0x9a90,0xaaaf,0xbace,0xbacf,0xcb4f,0xdb6e,0xe38e,0xebee,0xfc4d,0xf4ae,0xf44e,0xebce,0xd34f,0xc30f,0xc2ef,
 0xb2f0,0xaaf0,0xaaf0,0xaad0,0xa2b1,0x7251,0x51f0,0x8251,0x7a51,0x7272,0x7272,0x6a72,0x216e,0x092d,0x49f0,0x7ab3,
 0x6a73,0x49f0,0x29af,0x218f,0x39d0,0x4212,0x39d1,0x21af,0x114e,0x198f,0x3233,0x4253,0x3a54,0x21b1,0x21af,0x116e,
 0x198e,0x3a32,0x4a53,0x62d5,0x4273,0x29d0,0x112d,0x112d,0x196d,0x29ef,0x4253,0x29f0,0x198f,0x196f,0x198e,0x3a32,
 0x6317,0x5ab5,0x4273,0x196f,0x19af,0x19d0,0x4251,0x4a52,0x21d1,0x21d1,0x114e,0x3a32,0x4294,0x4233,0x3a52,0x73b6,
 0x196e,0x194d,0x192c,0x114e,0x194d,0x216e,0x42b4,0x4254,0x20ea,0x10ea,0x1190,0x3a31,0x29f1,0x31f0,0x29af,0x3a10,
 0x29d1,0x31f2,0x3a33,0x5af7,0x6338,0x5296,0x5d3b,0x32d4,0x52b7,0x5af8,0x3a33,0x3a33,0x3a33,0x6b16,0x6af6,0x6ad5,
 0x7316,0x7b15,0x8b76,0x4232,0x112c,0x112c,0x198d,0x194d,0x112d,0x00ec,0x5292,0x6ad3,0x08cb,0x216d,0x090b,0x298c,
 0x422f,0x196d,0x114d,0x6293,0x9377,0x9356,0xb4bc,0xac5b,0xc4dc,0x5233,0x2b35,0x94fd,0xbc5c,0xb47b,0xac3b,0x9bb8,
 0x72d5,0x72f6,0x39d1,0x192d,0x218e,0x216d,0x298d,0x214d,0x216e,0x9334,0xbbd5,0x194d,0x194e,0x218e,0x420f,0x196e,
 0x114d,0x196e,0x4273,0x3a31,0x3a31,0x4a71,0x29f0,0x1990,0x4252,0x8357,0x7378,0x31f1,0x296e,0x5295,0x190a,0x21ee,
 0x222e,0x116a,0x0045,0x0865,0x0043,0x0023,0x0043,0x0844,0x0022,0x0865,0x0044,0x0023,0x0044,0x0064,0x0844,0x0044,
 0x0865,0x0843,0x0043,0x0844,0x0043,0x0043,0x0864,0x0043,0x0844,0x0043,0x0843,0x0043,0x0044,0x0043,0x0844,0x0844,
 0x08c9,0x08c8,0x28e8,0x28e8,0x20e8,0x20e8,0x08c9,0x08a8,0x0886,0x0866,0x0065,0x28e9,0x59ca,0xec0a,0xf40b,0x3948,
 0x28a7,0x210b,0x10e9,0x08c9,0x08c8,0x2909,0x31f0,0x3a12,0x39f1,0x31f1,0x31f1,0x31f1,0x31f1,0x31f1,0x3a12,0x1909,
 0x0022,0x0865,0x0865,0x0865,0x0865,0x0865,0x0044,0x296c,0x3a12,0x31f1,0x39f1,0x31f1,0x39f1,0x39f1,0x39f1,0x31f1,
 0x31f1,0x31f1,0x31f1,0x31f1,0x29b0,0x218f,0x218f,0x114d,0x194d,0x114d,0x214d,0x194d,0x194d,0x194d,0x196d,0x29ce,
 0x114e,0x31af,0x31b0,0x29af,0x31d0,0x31f1,0x31f1,0x39f1,0x39f1,0x39f1,0x39f1,0x39f1,0x39f1,0x39f1,0x39f1,0x39f1,
 0x39f1,0x39f1,0x39f1,0x39f1,0x39f1,0x39f1,0x39f1,0x39f1,0x3a12,0x416c,0x41d0,0x3a11,0x39f1,0x39f1,0x39f1,0x39f1,
 0x39f1,0x39f1,0x39f1,0x39f1,0x39f1,0x39f1,0x39f1,0x41f1,0x41f1,0x41f1,0x39f1,0x39f1,0x39f1,0x41f1,0x41f1,0x41f1,
 0x39f1,0x39f1,0x39f1,0x39f1,0x39f1,0x39f1,0x39f1,0x39f1,0x39f1,0x39f1,0x39f1,0x39f1,0x39f1,0x39f1,0x39f1,0x39f1,
 0x41f1,0x41f1,0x41f1,0x41f1,0x41f1,0x41f1,0x41f1,0x41f1,0x41f1,0x41f1,0x41f0,0x41f0,0x41f0,0x41f0,0x41d0,0x41d0,
 0x41f0,0x41f1,0x41f1,0x41f1,0x41f0,0x41f0,0x41f0,0x41f0,0x41f1,0x41f1,0x41f1,0x41f1,0x41f1,0x41f1,0x41f1,0x49f1,
 0x49f1,0x49f1,0x4a11,0x4a11,0x4a11,0x4a11,0x5211,0x5231,0x5211,0x5231,0x5a51,0x5211,0x4a10,0x5a30,0x5a30,0x5a11,
 0x620f,0x620f,0x6a30,0x8a90,0x82b1,0xb2f0,0xb2ef,0xaaef,0xe3ae,0xe38d,0xf3cc,0xe36c,0xd34e,0xb330,0xb331,0x9ad0,
 0x8a90,0x9290,0x8270,0x5a0f,0x8250,0x6252,0x214d,0x49f0,0x7a72,0x5a11,0x49f0,0x7293,0x29b0,0x196e,0x39d0,0x6273,
 0x298e,0x090c,0x198e,0x196e,0x196e,0x218f,0x21b0,0x21d0,0x218f,0x21b0,0x3a74,0x4a94,0x4a95,0x29b0,0x112d,0x194d,
 0x08eb,0x196e,0x6af6,0x6af5,0x4a73,0x29d0,0x110c,0x112d,0x198e,0x3231,0x3253,0x29f0,0x21ae,0x198e,0x198e,0x4233,
 0x7b58,0x5295,0x3a53,0x21d0,0x21f1,0x21f1,0x3211,0x3a11,0x21f1,0x21f1,0x19b0,0x4a94,0x5b36,0x3a53,0x21d1,0x4273,
 0x214d,0x212d,0x112c,0x194d,0x112d,0x114d,0x4294,0x4275,0x08ea,0x090a,0x21b0,0x29f1,0x29d0,0x198f,0x198f,0x39cf,
 0x29d0,0x29d1,0x3a33,0x6b38,0x6b58,0x5ab7,0x3bb7,0x3ab5,0x7359,0x7378,0x6317,0x5295,0x62d5,0x7336,0x62b5,0x218f,
 0x31d0,0x198f,0x7b35,0x5a92,0x090d,0x196d,0x114d,0x092d,0x114d,0x090d,0x31d1,0x3a11,0x112c,0x192c,0x08eb,0x216c,
 0x31ef,0x29cf,0x218f,0x3a11,0x29d1,0x31b0,0xbc79,0xccba,0xdd1a,0x5273,0x3b96,0xb5bc,0xd4fb,0xd53b,0xccdb,0x9b98,
 0x29d0,0x29f0,0x29d0,0x21af,0x218f,0x196e,0x218d,0x194d,0x196e,0x298e,0x4230,0x216e,0x218f,0x21af,0x4250,0x198f,
 0x196f,0x116e,0x29d1,0x4a73,0x4252,0x4a92,0x3a33,0x29f2,0x3a32,0x72d4,0xc3f6,0x298d,0x318d,0x5ad6,0x10a6,0x0024,
 0x0044,0x0043,0x0844,0x0865,0x0844,0x0023,0x0043,0x0023,0x0043,0x0864,0x0864,0x0022,0x0043,0x0043,0x0043,0x0043,
 0x0864,0x0043,0x0043,0x0044,0x0043,0x0043,0x0865,0x0043,0x0043,0x0043,0x0843,0x0843,0x0043,0x0043,0x0043,0x0043,
 0x10e9,0x10e9,0x08e9,0x08e9,0x08c9,0x08c9,0x10e9,0x08a8,0x0887,0x0886,0x0086,0x30ea,0x59ea,0xf48a,0xf40a,0x3127,
 0x28a7,0x190b,0x10e9,0x08e9,0x1109,0x3109,0x31f0,0x3a32,0x31f1,0x3a12,0x3a12,0x3a12,0x39f2,0x31f1,0x31f1,0x296c,
 0x0021,0x0022,0x0865,0x0866,0x0866,0x0865,0x0845,0x10a6,0x31d0,0x31f1,0x31f1,0x39f1,0x3a11,0x39f1,0x39f1,0x39f1,
 0x31f1,0x39f1,0x39f1,0x31f1,0x39f1,0x31f1,0x3a11,0x29d1,0x31d1,0x31d0,0x39f1,0x29d1,0x31d1,0x49f1,0x4232,0x62b3,
 0x31d1,0x4232,0x41f1,0x39f1,0x39f1,0x31f1,0x39f1,0x3a11,0x39f1,0x39f1,0x39f1,0x39f1,0x39f1,0x39f1,0x39f1,0x39f1,
 0x39f1,0x39f1,0x39f1,0x39f1,0x39f1,0x39f1,0x39f1,0x39f1,0x3a12,0x194b,0x31af,0x3a11,0x39f1,0x39f1,0x39f1,0x39f1,
 0x39f1,0x39f1,0x39f1,0x39f1,0x39f1,0x39f1,0x39f1,0x39f1,0x39f1,0x39f1,0x39f1,0x39f1,0x39f1,0x39f1,0x39f1,0x39f1,
 0x39f1,0x39f1,0x39f1,0x39f1,0x39f1,0x39f1,0x39f1,0x39f1,0x39f1,0x39f1,0x39f1,0x39f1,0x39f1,0x39f1,0x39f1,0x39f1,
 0x39f1,0x39f1,0x39f1,0x39f1,0x41f1,0x39f1,0x39f1,0x39f1,0x39f1,0x39f1,0x39f0,0x39f0,0x39f0,0x41f0,0x41d0,0x41d0,
 0x41f0,0x41f1,0x41f1,0x41f1,0x41f0,0x41f0,0x41f0,0x41f0,0x41f0,0x41f1,0x41f1,0x41f1,0x41f1,0x41f1,0x41f1,0x41f1,
 0x41f1,0x41f1,0x41f1,0x4211,0x4a11,0x4a11,0x4a11,0x4a11,0x4a11,0x5231,0x5231,0x49f0,0x5211,0x5a10,0x5a10,0x5210,
 0x6a50,0x7a70,0x7271,0x9af1,0x8ab0,0xaacf,0xbaef,0xbaef,0xdb2e,0xe32d,0xf40d,0xebee,0xd36f,0xbb2f,0xab10,0xa311,
 0x92b1,0x8a70,0x6210,0x00ec,0x41ae,0x7252,0x114d,0x218e,0x5a32,0x41d0,0x112e,0x41f0,0x218f,0x196e,0x194e,0x31d0,
 0x114e,0x112d,0x2210,0x19cf,0x218e,0x21af,0x198f,0x31f0,0x29af,0x21d1,0x4a94,0x5ab4,0x5294,0x29b0,0x216d,0x218e,
 0x194d,0x298f,0x8b36,0x7af5,0x5a94,0x39f1,0x194c,0x216d,0x21cf,0x21d0,0x4294,0x3211,0x31ce,0x29cf,0x19ae,0x62b4,
 0x8337,0x7b16,0x4a74,0x21d0,0x29f1,0x2a11,0x4231,0x4231,0x29f2,0x2a11,0x21af,0x5273,0x7b57,0x4a94,0x21d1,0x2a12,
 0x194e,0x216e,0x110b,0x190c,0x192c,0x114d,0x4295,0x4a96,0x110b,0x112c,0x3232,0x31f1,0x29b0,0x218f,0x218f,0x3a10,
 0x4232,0x3a11,0x31d1,0x7b59,0x7b79,0x7b38,0x6479,0x5357,0x8bba,0x8399,0x7338,0x5ab5,0x9376,0xa3d6,0x7b35,0x196f,
 0x196e,0x114d,0x5a93,0x298f,0x194d,0x218e,0x196e,0x1190,0x116f,0x114d,0x3a12,0x31d1,0x110c,0x216d,0x192d,0x218d,
 0x3a0f,0x298e,0x216e,0x114e,0x29d1,0x1950,0xac76,0xfe37,0xfedb,0x6335,0x3b97,0xce9d,0xfe7c,0xfe3b,0xfd7b,0xabb8,
 0x196e,0x196e,0x218f,0x29af,0x39f0,0x29d0,0x21af,0x21af,0x114e,0x196e,0x3a31,0x218f,0x29af,0x21af,0x420f,0x218f,
 0x218f,0x114d,0x21d1,0x4273,0x3a52,0x4ab3,0x4274,0x3a33,0x216d,0x10a6,0x20a6,0x0865,0x0886,0x10a8,0x0887,0x0865,
 0x0044,0x0865,0x0865,0x0844,0x0886,0x10c8,0x08a7,0x08c8,0x08e9,0x110a,0x110a,0x08e9,0x08e9,0x110a,0x08e9,0x08e8,
 0x08c8,0x08c8,0x08a8,0x08a7,0x08c8,0x08c8,0x08c8,0x08c8,0x08c7,0x08c7,0x10c7,0x10c7,0x10c8,0x08c8,0x08c8,0x10c8,
 0x08e9,0x08e9,0x10e9,0x10e9,0x10e9,0x10e9,0x10e9,0x08c8,0x0887,0x0887,0x0065,0x20c9,0x4989,0xd3ca,0xdb69,0x3107,
 0x2087,0x190b,0x10e9,0x08e9,0x110a,0x3929,0x29f0,0x3212,0x3212,0x29ae,0x216c,0x216d,0x31f1,0x3212,0x192b,0x0864,
 0x0843,0x0863,0x0843,0x0023,0x0865,0x0865,0x0865,0x0043,0x298e,0x31f1,0x31f2,0x3212,0x3212,0x3a12,0x3a12,0x3212,
 0x3212,0x31f1,0x31f1,0x31f1,0x31f1,0x31f1,0x31f1,0x39f1,0x31f1,0x39f1,0x3a11,0x3a11,0x39f1,0x39f1,0x3a12,0x4212,
 0x31f1,0x31f1,0x31f1,0x31d1,0x31d1,0x31f1,0x31f1,0x31f1,0x31f1,0x39f1,0x31f1,0x31f1,0x39f1,0x39f1,0x39f1,0x39f1,
 0x39f1,0x39f1,0x39f1,0x39f1,0x39f1,0x39f1,0x39f1,0x39f1,0x3a12,0x210a,0x31d0,0x3a12,0x39f1,0x39f1,0x39f1,0x39f1,
 0x3a11,0x39f1,0x39f1,0x39f1,0x39f1,0x39f1,0x39f1,0x39f1,0x39f1,0x39f1,0x39f1,0x39f1,0x39f1,0x39f1,0x39f1,0x39f1,
 0x39f1,0x39f1,0x39f1,0x39f1,0x39f1,0x39f1,0x39f1,0x39f1,0x39f1,0x39f1,0x39f1,0x39f1,0x39f1,0x39f1,0x39f1,0x39f1,
 0x39f1,0x39f1,0x39f1,0x39f1,0x41f1,0x39f1,0x39f1,0x39f1,0x39f1,0x39f1,0x39f1,0x41f0,0x39f1,0x51d0,0x49d0,0x39f1,
 0x41f1,0x41f1,0x41f1,0x41f1,0x41f1,0x41f1,0x41d1,0x41f1,0x41f1,0x41f1,0x41f1,0x41f1,0x41f1,0x41f1,0x41f1,0x41f1,
 0x41f1,0x4211,0x4211,0x4211,0x4211,0x4a11,0x4a11,0x4a11,0x5211,0x49f1,0x49f1,0x4a11,0x49f1,0x5211,0x5a31,0x5a51,
 0x6231,0x7250,0x5a31,0x6a51,0x6a30,0x6a4f,0x724f,0x7a4f,0x92af,0xb2ef,0xcb6f,0xbb50,0xa2f0,0xb2cf,0xb2af,0x620e,
 0x620f,0x9290,0x39af,0x090d,0x296d,0x296e,0x114d,0x196e,0x194e,0x194e,0x114e,0x092d,0x196e,0x218e,0x29ce,0x198e,
 0x114e,0x198e,0x3251,0x21d0,0x29d0,0x29d0,0x198f,0x39f0,0x298f,0x29b0,0x6ab5,0x8335,0x8316,0x3a12,0x218f,0x218f,
 0x196f,0x31cf,0x5a51,0x5231,0x82d3,0x41d0,0x198e,0x114e,0x198f,0x21cf,0x29d1,0x3a31,0x39ef,0x29d0,0x21d0,0x196e,
 0x4251,0x8b56,0x5233,0x29d0,0x31f1,0x3211,0x4a72,0x5273,0x3a12,0x3a32,0x29d0,0x6294,0x7af5,0x31f0,0x114e,0x29d1,
 0x218f,0x19d0,0x112d,0x214d,0x192d,0x116d,0x4ad5,0x4a96,0x090a,0x08c8,0x21d1,0x31f2,0x29f2,0x31f0,0x31d0,0x4a50,
 0x3a31,0x3a10,0x3a12,0x93b9,0x9bd9,0x9378,0x7cfa,0x63d8,0x9bfa,0x93ba,0x7b38,0x5a96,0x9376,0xb3f6,0x8b56,0x218f,
 0x218e,0x198e,0x4232,0x29b0,0x198f,0x21af,0x21af,0x096f,0x116f,0x092c,0x3a12,0x31f1,0x092d,0x196e,0x114d,0x216d,
 0x31ce,0x29ae,0x218f,0x196f,0x31f1,0x29b1,0xb4d6,0x9cb5,0x9518,0x3ab4,0x2a53,0x7c15,0xa435,0x9c15,0xe559,0x8b55,
 0x21b0,0x196f,0x29b0,0x218f,0x3a30,0x3211,0x21b0,0x21b0,0x116e,0x29cf,0x39f1,0x194e,0x218f,0x29d0,0x4a70,0x196e,
 0x196e,0x112d,0x29f1,0x52b4,0x52b3,0x52b3,0x4a73,0x3a12,0x0887,0x0045,0x0066,0x0866,0x0866,0x0045,0x0845,0x0044,
 0x0043,0x0844,0x0844,0x0844,0x0885,0x08a7,0x0866,0x0886,0x0886,0x0886,0x0886,0x0886,0x0885,0x0885,0x0864,0x0864,
 0x0864,0x0865,0x0865,0x0865,0x0844,0x0864,0x0864,0x0864,0x0864,0x0864,0x0864,0x0864,0x0864,0x0864,0x0864,0x0864,
 0x08e9,0x10e9,0x08e9,0x10e9,0x10e9,0x10e9,0x10e9,0x08c8,0x0887,0x0886,0x0865,0x10ea,0x10e9,0x30e8,0x3909,0x10a7,
 0x1087,0x192c,0x110a,0x10ea,0x10e9,0x3929,0x21d0,0x29f1,0x1909,0x0044,0x0065,0x0044,0x196e,0x2a33,0x112b,0x0885,
 0x0042,0x10c8,0x29b0,0x10a6,0x0022,0x0001,0x0000,0x10e8,0x29f0,0x29d0,0x192a,0x10c7,0x08c6,0x194c,0x192b,0x10c7,
 0x10e8,0x218e,0x29d0,0x29f1,0x29f1,0x29f1,0x31f1,0x31f1,0x29f1,0x31f1,0x3a11,0x3211,0x31f1,0x31f1,0x31f1,0x31f1,
 0x31f1,0x31f1,0x31d1,0x31d1,0x31d1,0x29d1,0x31d1,0x31f1,0x31f1,0x31f1,0x31d1,0x31f1,0x31f1,0x31f1,0x31f1,0x39f1,
 0x39f1,0x39f1,0x39f1,0x39f1,0x39f1,0x39f1,0x39f1,0x39f1,0x3a12,0x190a,0x31af,0x3a12,0x39f1,0x39f1,0x3a11,0x39f1,
 0x3a11,0x3a11,0x3a11,0x3a11,0x3a11,0x3a11,0x3a11,0x39f1,0x39f1,0x39f1,0x39f1,0x39f1,0x39f1,0x39f1,0x39f1,0x39f1,
 0x39f1,0x39f1,0x39f1,0x39f1,0x39f1,0x39f1,0x39f1,0x39f1,0x39f1,0x39f1,0x39f1,0x39f1,0x39f1,0x39f1,0x39f1,0x39f1,
 0x39f1,0x39f1,0x39f1,0x39f1,0x39f1,0x39f1,0x39f1,0x39f1,0x39f1,0x41f1,0x41f1,0x39f1,0x41d0,0x316f,0x39d0,0x4211,
 0x41f1,0x41f1,0x41f1,0x41f1,0x41f1,0x41f1,0x41f1,0x39f1,0x39f1,0x41f1,0x41f1,0x41f1,0x41f1,0x41f1,0x41f1,0x41f1,
 0x41f1,0x4211,0x4211,0x41f1,0x41f1,0x41f1,0x41f1,0x4a11,0x49f1,0x41f1,0x4211,0x41f1,0x41f1,0x49f1,0x5211,0x5211,
 0x5a31,0x6251,0x5a11,0x6a10,0x7230,0x722f,0x8a8f,0x8a8f,0x9ad0,0xa2af,0xbaef,0x5a0f,0x318f,0x7a6f,0x39ae,0x112d,
 0x216e,0x29ae,0x194f,0x218f,0x196f,0x196f,0x196e,0x196e,0x216e,0x198f,0x218f,0x196e,0x218e,0x3210,0x31d0,0x29b0,
 0x39f0,0x21b0,0x3a11,0x29b0,0x3a11,0x218e,0x218e,0x41f0,0x31af,0x39d0,0x82f4,0x72d3,0x6272,0x41f0,0x218f,0x31d0,
 0x218f,0x114e,0x198f,0x198f,0x4211,0x39d0,0x118f,0x198f,0x196e,0x114d,0x29af,0x3210,0x4210,0x31f0,0x21b0,0x216e,
 0x29af,0x62b3,0x39f0,0x3a32,0x4233,0x4232,0x5251,0x5a72,0x4233,0x4a53,0x3212,0x8336,0x72f4,0x116e,0x218f,0x29b0,
 0x196e,0x29f1,0x196f,0x29b0,0x192c,0x114d,0x4a94,0x5295,0x112b,0x0865,0x196e,0x52b4,0x4273,0x3212,0x4211,0x41f0,
 0x4a31,0x3a11,0x4233,0xac5a,0xa43a,0xa3b9,0x84da,0x7bf9,0xac3a,0xac5a,0xa41a,0x5253,0x39b0,0x5231,0x9355,0x29d0,
 0x29d0,0x31f0,0x29d0,0x198f,0x3a10,0x21d1,0x198f,0x198f,0x114e,0x112d,0x4a53,0x21b0,0x116e,0x196f,0x094d,0x216d,
 0x39cf,0x31f0,0x29d0,0x198f,0x39f1,0x31b0,0x5af3,0x21d1,0x1130,0x3191,0x5a92,0x194f,0x112f,0x218f,0x7333,0x196e,
 0x21af,0x116e,0x21b0,0x3211,0x29f0,0x29f0,0x31f0,0x31f1,0x21b0,0x114e,0x218f,0x114e,0x3a11,0x4251,0x3a0f,0x216e,
 0x298e,0x114e,0x3a12,0x6315,0x6314,0x5ad3,0x5273,0x39f1,0x298e,0x0886,0x0866,0x0886,0x0866,0x0865,0x0865,0x0044,
 0x0043,0x0043,0x0864,0x0043,0x0844,0x0865,0x0044,0x0865,0x0865,0x0865,0x0865,0x0865,0x0065,0x0044,0x0864,0x0043,
 0x0043,0x0043,0x0043,0x0043,0x0043,0x0043,0x0043,0x0043,0x0043,0x0043,0x0043,0x0043,0x0043,0x0043,0x0043,0x0043,
 0x08e9,0x10e9,0x08c8,0x08c8,0x08c8,0x08c8,0x08c8,0x08a7,0x0887,0x0887,0x0865,0x110a,0x192b,0x290a,0x292b,0x10c8,
 0x0866,0x192c,0x110b,0x10ea,0x1109,0x312a,0x2211,0x21ae,0x0000,0x0022,0x0043,0x0044,0x0886,0x21f1,0x19d0,0x08a6,
 0x0001,0x10e8,0x31f1,0x31f1,0x218d,0x194c,0x196c,0x29f0,0x2a12,0x218e,0x0001,0x10c7,0x1909,0x0843,0x08a7,0x190a,
 0x10a6,0x0864,0x29d0,0x29f1,0x29f1,0x29f1,0x29f1,0x29f1,0x29f1,0x29f1,0x31f1,0x31f1,0x31f1,0x31f1,0x31f1,0x31f1,
 0x31f1,0x31f1,0x31f1,0x29d1,0x29d1,0x29d1,0x29d1,0x29f1,0x29f1,0x29f1,0x29f1,0x29f1,0x29f0,0x29f1,0x31f1,0x31f1,
 0x31f1,0x31f1,0x31f1,0x31f1,0x31f1,0x31f1,0x39f1,0x31f1,0x3a12,0x212b,0x31af,0x3a11,0x3a11,0x3a11,0x3a11,0x3a11,
 0x3a11,0x3a11,0x3a11,0x3a11,0x3a11,0x39f1,0x39f1,0x39f1,0x39f1,0x39f1,0x39f1,0x39f1,0x39f1,0x3a11,0x39f1,0x39f1,
 0x39f1,0x39f1,0x39f1,0x39f1,0x39f1,0x39f1,0x39f1,0x39f1,0x39f1,0x39f1,0x39f1,0x39f1,0x39f1,0x39f1,0x39f1,0x39f1,
 0x39f1,0x39f1,0x39f1,0x39f1,0x39f1,0x39f1,0x39f1,0x39f1,0x41f1,0x39f1,0x4211,0x4211,0x296e,0x110d,0x318d,0x522f,
 0x39d1,0x41f1,0x41f1,0x41f1,0x41f1,0x41f1,0x41f1,0x39f1,0x41f1,0x41f1,0x41f1,0x41f1,0x41f1,0x49f1,0x41f1,0x49f1,
 0x49f1,0x4a11,0x5211,0x5211,0x51f1,0x51f1,0x5211,0x5211,0x5a11,0x5a10,0x5a11,0x6231,0x6231,0x7230,0x7230,0x7250,
 0x9270,0x9290,0x8a70,0xa2af,0x92af,0x8a8f,0x9aef,0x622f,0x622e,0x39ad,0x31ad,0x092d,0x114d,0x196e,0x116e,0x39cf,
 0x298e,0x216e,0x39cf,0x41f0,0x29b0,0x62b0,0x5250,0x29af,0x41ef,0x6a8f,0x41d0,0x29b0,0x5250,0x72b1,0x39d1,0x41d0,
 0x6a71,0x39d0,0x51f0,0x2990,0x6a51,0x39d0,0x31b0,0x5211,0x49f0,0x39d0,0x39b0,0x29b0,0x31b0,0x296f,0x31af,0x39d0,
 0x29b0,0x298f,0x5210,0x31d0,0x39f1,0x41f1,0x21af,0x2190,0x218e,0x216e,0x41f1,0x4231,0x4210,0x3a11,0x29d0,0x29d0,
 0x39d0,0x41f0,0x39f0,0x3a11,0x5253,0x4a52,0x6a92,0x6a72,0x5252,0x5a53,0x39d1,0x39d0,0x5252,0x21af,0x39f1,0x41f1,
 0x218f,0x39f1,0x218f,0x21b0,0x10c9,0x196d,0x62d5,0x4a33,0x190b,0x08c8,0x194e,0x7335,0x5a93,0x4211,0x5252,0x4211,
 0x6272,0x4a32,0x62f4,0x8356,0x72f6,0xccda,0xad1a,0x93d8,0xc45b,0xa3d8,0xac3a,0x5252,0x31b0,0x41f1,0x8b75,0x41f1,
 0x41f0,0x39f1,0x39f1,0x216e,0x4210,0x29b0,0x21af,0x29d0,0x2190,0x196e,0x4a53,0x29b0,0x196e,0x218f,0x114e,0x29af,
 0x39f0,0x4210,0x31d0,0x218f,0x4a11,0x39d0,0x216f,0x4211,0x41f1,0x4a11,0x5a73,0x4212,0x4a12,0x4a52,0x5a92,0x298f,
 0x39ef,0x194e,0x298f,0x5a72,0x5a92,0x4231,0x31b0,0x39f1,0x116e,0x116e,0x29cf,0x198f,0x31d1,0x29d0,0x31ef,0x196f,
 0x21b0,0x196f,0x5253,0x8336,0x7af4,0x7b55,0x7b15,0x4a53,0x31f2,0x10c8,0x0886,0x0886,0x0886,0x0886,0x08a7,0x0887,
 0x0043,0x0865,0x0865,0x0043,0x0886,0x0886,0x0866,0x0886,0x0887,0x08a7,0x08a8,0x08a8,0x08a8,0x08c9,0x0886,0x0844,
 0x0844,0x0844,0x0044,0x0044,0x0044,0x0044,0x0044,0x0044,0x0044,0x0844,0x0844,0x0844,0x0864,0x0844,0x0865,0x0865,
 0x10e9,0x08c8,0x08e9,0x08c8,0x10e9,0x08c9,0x08c8,0x10c9,0x08a7,0x0887,0x0865,0x110a,0x114c,0x110a,0x110b,0x10c9,
 0x0866,0x194c,0x110a,0x10e9,0x1109,0x4149,0x2a11,0x21ae,0x0043,0x0865,0x0043,0x0044,0x0865,0x21ae,0x0886,0x0043,
 0x0021,0x0043,0x1909,0x216c,0x0863,0x194c,0x2a12,0x29f1,0x29f1,0x29f1,0x10c7,0x21d0,0x2a54,0x1909,0x216d,0x2a34,
 0x218d,0x10e8,0x29f2,0x21d0,0x21f1,0x21f0,0x21f0,0x29d0,0x21f0,0x29f0,0x29f1,0x29f1,0x29f1,0x29f1,0x29f1,0x31f1,
 0x31d0,0x31b0,0x29d1,0x29d1,0x29d0,0x29d0,0x29d0,0x29d1,0x21d1,0x29d1,0x29d1,0x29d0,0x29d0,0x29d1,0x29f1,0x29f1,
 0x29f1,0x29f1,0x29f1,0x29f1,0x29f1,0x31f1,0x31f1,0x31f1,0x216c,0x192a,0x194b,0x29d0,0x31f1,0x29f1,0x29f1,0x31f1,
 0x31f1,0x31f1,0x31f1,0x31f1,0x31f1,0x31f1,0x31f1,0x3a11,0x3a11,0x31f1,0x39f1,0x39f1,0x31f1,0x31f1,0x31f1,0x31f1,
 0x39f1,0x3a11,0x39f1,0x39f1,0x39f1,0x39f1,0x39f1,0x39f1,0x39f1,0x39f1,0x39f1,0x39f1,0x39f1,0x39f1,0x39f1,0x39f1,
 0x39f1,0x39f1,0x41f0,0x39f1,0x39f1,0x39f1,0x39f1,0x39f1,0x39f1,0x4211,0x39f1,0x194e,0x090c,0x090c,0x090c,0x08ec,
 0x31af,0x4211,0x39f1,0x39f1,0x39f1,0x39f1,0x41f1,0x5230,0x41f1,0x41f1,0x39f1,0x39f1,0x41f1,0x4a11,0x5231,0x49f1,
 0x4a11,0x4a11,0x49f1,0x5a31,0x5a11,0x5211,0x5211,0x6a51,0x6a51,0x6231,0x6251,0x7271,0x6a52,0x8251,0x8250,0x6a30,
 0x826f,0x9aaf,0x8270,0xab30,0xab10,0x9af0,0xab30,0x828f,0x6a2e,0x7a8e,0x7aad,0x5a0e,0x5a0f,0x41cf,0x31b0,0x4a0f,
 0x298f,0x216e,0x298e,0x214d,0x212d,0x41cd,0x214d,0x194d,0x296d,0x5a4f,0x39af,0x2990,0x522f,0x6a6f,0x41ef,0x398d,
 0x72b0,0x31ce,0x41ce,0x59ee,0xa310,0x6291,0x6250,0xa311,0x8b13,0x6a51,0xbbb0,0x6270,0x5a2f,0x7ab0,0x39d0,0x5231,
 0x31cf,0x41cf,0x51f0,0x6a50,0x49f1,0x298f,0x29cf,0x29d0,0x29af,0x31af,0x4a11,0x4a51,0x4a10,0x41f0,0x31d0,0x5231,
 0x3190,0x296f,0x39f0,0x39d0,0x6a52,0x7272,0x92d2,0x9af2,0x7a93,0x7273,0x39b0,0x298f,0x39d1,0x39d1,0x4a33,0x5a73,
 0x39d1,0x4a31,0x298e,0x218f,0x0885,0x196c,0x7b16,0x39cf,0x0886,0x0866,0x192c,0x72b4,0x5232,0x5211,0x39f2,0x31d1,
 0x6a73,0x5a53,0x4a12,0x49d1,0x6294,0x8b14,0x8af4,0x82d3,0x8293,0x7231,0x9335,0x6a93,0x49d1,0x5212,0x6292,0x39f1,
 0x2990,0x4a11,0x4a11,0x218f,0x39d0,0x39d1,0x29b0,0x29d1,0x29d1,0x196e,0x6a94,0x39cf,0x196e,0x29d0,0x198f,0x31d0,
 0x5231,0x4210,0x39f0,0x31d0,0x5232,0x41d1,0x39d0,0x5211,0x5a31,0x6a72,0x6a72,0x6252,0x6a72,0x5a53,0x41f1,0x2990,
 0x29af,0x216e,0x31b0,0x5252,0x5a52,0x5232,0x41f1,0x41f1,0x194d,0x29af,0x21af,0x198f,0x4252,0x4232,0x4230,0x29b1,
 0x31f2,0x2190,0x5232,0x7af5,0x6273,0x9b34,0xabb6,0x5a73,0x39f1,0x10a8,0x0886,0x0886,0x0887,0x0886,0x08a7,0x0887,
 0x0043,0x0844,0x0844,0x0022,0x0886,0x0866,0x0887,0x08c8,0x08c8,0x08c9,0x08c9,0x08c9,0x08a8,0x08e9,0x08c8,0x0844,
 0x0865,0x0865,0x0864,0x0865,0x0865,0x0865,0x0865,0x0865,0x0865,0x0865,0x0865,0x0865,0x0865,0x0865,0x0865,0x0865,
 0x08c8,0x08a7,0x110a,0x110a,0x110b,0x10ea,0x10e9,0x10e9,0x08a8,0x0887,0x0865,0x110b,0x114c,0x110b,0x192b,0x10c8,
 0x0866,0x194c,0x0909,0x10e9,0x110a,0x598a,0x3212,0x19cf,0x0022,0x0886,0x0043,0x0023,0x0043,0x192a,0x0021,0x0022,
 0x0042,0x0002,0x08c8,0x114c,0x0000,0x0864,0x2212,0x2211,0x21f1,0x2211,0x10e8,0x19af,0x2213,0x08e8,0x194b,0x2212,
 0x194c,0x1109,0x21f1,0x19d0,0x21d0,0x21f0,0x21d0,0x21d0,0x21d0,0x21f0,0x21f1,0x21f1,0x21f1,0x21f0,0x29f0,0x39d1,
 0x716e,0x814d,0x41b0,0x29d1,0x21d0,0x21d0,0x21d0,0x21d0,0x21d1,0x21d1,0x21d1,0x21d1,0x21d1,0x29f1,0x29f1,0x29f1,
 0x29f1,0x29f1,0x29f1,0x29f1,0x29f1,0x21d1,0x29f1,0x29f2,0x112a,0x1109,0x110a,0x29cf,0x29f1,0x29f1,0x29f1,0x31f1,
 0x31f1,0x29f1,0x29f1,0x29d1,0x29f1,0x21d1,0x29f1,0x3211,0x31f1,0x4231,0x31f1,0x31f1,0x29f1,0x29f1,0x29f1,0x31f1,
 0x31f1,0x4211,0x72b0,0x39f1,0x3a11,0x3a11,0x3a11,0x3a31,0x4231,0x4231,0x7ad0,0x4a31,0x4211,0x4231,0x4211,0x4231,
 0x4211,0x5a71,0x82f0,0x4a31,0x4a31,0x4231,0x4a31,0x4a31,0x5a51,0x9330,0x6a90,0x298e,0x31ae,0x318d,0x39ad,0x39ad,
 0x7acd,0x82d0,0x5231,0x4a10,0x5211,0x5231,0x5a31,0x8af1,0x6250,0x41f0,0x5210,0x4a10,0x5210,0x6a70,0x82d0,0x5210,
 0x5230,0x5210,0x49f0,0x6250,0x6a50,0x51f0,0x5a10,0x7a8f,0x6230,0x51f0,0x6230,0x6a4f,0x59ef,0x59ef,0x622f,0x49ef,
 0x6a2f,0x6a2f,0x5a0f,0x6a2f,0x724f,0x724f,0xa2cf,0xa2d0,0xb2ef,0xcb6e,0xd3af,0x9af1,0x92d0,0x6231,0x5211,0x8aaf,
 0x49f0,0x39d0,0x6a50,0x39cf,0x296f,0x5a8f,0x31ef,0x218f,0x298e,0x31ef,0x218e,0x196e,0x194d,0x194d,0x194d,0x194d,
 0x194d,0x194d,0x194d,0x318d,0x41ce,0x31ce,0x31ae,0x420e,0x41ee,0x41ce,0x72af,0x522f,0x6a6f,0x6ab0,0x5a31,0x7291,
 0x6270,0x6270,0x9330,0x8acf,0x8acf,0x49ce,0x3a10,0x6271,0x4a30,0x31d1,0x9b50,0x6a90,0x6252,0x5a31,0x4211,0x92f0,
 0x6250,0x6251,0x7ab0,0x5250,0x5a31,0xb391,0xe471,0xec50,0xab70,0x39d0,0x41ef,0x5211,0x6230,0x49f1,0x6a73,0x7293,
 0x41d1,0x6a52,0x31af,0x218f,0x0885,0x21af,0x8b76,0x41f0,0x10ea,0x0887,0x18ea,0x8ad3,0x7272,0x6a53,0x51f1,0x41f1,
 0x8ad3,0x82b3,0x5a31,0x8251,0x6211,0xb311,0xe3b0,0xdbb0,0xd370,0xa2d0,0x82d3,0x6252,0x8291,0x8292,0x41d0,0x39d0,
 0x41d0,0x6231,0x6232,0x31b0,0x4211,0x4a12,0x31d0,0x39f1,0x39d1,0x196f,0x5a53,0x318f,0x29af,0x39d1,0x198e,0x39d0,
 0x5a32,0x5232,0x41f0,0x41d1,0x6a73,0x5212,0x2990,0x41f1,0x8a91,0xb2d0,0xa2d0,0xaad1,0x8270,0x6a52,0x316e,0x4a11,
 0x4a11,0x298f,0x4a12,0x6a72,0x5a51,0x6a72,0x4a12,0x5232,0x218f,0x39f1,0x31d1,0x29b0,0x5253,0x4a53,0x4232,0x31b0,
 0x41d1,0x318f,0x2990,0x4212,0x4a32,0x6ab3,0x72b3,0x5232,0x61f0,0x10a6,0x0866,0x0886,0x0886,0x0886,0x08a7,0x0887,
 0x0844,0x0844,0x0844,0x0043,0x0887,0x08a8,0x08c8,0x08c9,0x08ea,0x090b,0x090b,0x090b,0x08ea,0x08e9,0x08c8,0x0864,
 0x08a7,0x08a8,0x0887,0x08a8,0x08a8,0x08a8,0x08a8,0x08a8,0x08a8,0x08a7,0x08a7,0x08a7,0x08a7,0x08a7,0x08a7,0x08a7,
 0x10e9,0x08a7,0x10e9,0x110a,0x110b,0x10ea,0x10e9,0x10e9,0x08a8,0x08a7,0x0865,0x110b,0x114c,0x110a,0x112b,0x10c9,
 0x0866,0x194c,0x114c,0x112b,0x10e9,0x38e7,0x214c,0x112b,0x0843,0x0843,0x0843,0x0043,0x0844,0x1109,0x0864,0x0843,
 0x0864,0x0864,0x08a6,0x112b,0x0043,0x0886,0x196d,0x196c,0x196d,0x2232,0x1109,0x19ae,0x1a11,0x0909,0x114b,0x2232,
 0x198d,0x1109,0x2212,0x21f0,0x19f0,0x19d0,0x21d0,0x21f0,0x21f0,0x21d0,0x21d0,0x21f0,0x19f0,0x19d0,0x29f0,0x4191,
 0xb96b,0xd1ca,0x5170,0x21d0,0x21f1,0x21f1,0x19d0,0x19d0,0x19d0,0x21d1,0x21f1,0x3210,0x29f0,0x21d0,0x21d0,0x21d0,
 0x21d0,0x21d0,0x21d0,0x21d1,0x29f1,0x4230,0x21d0,0x21f1,0x1109,0x10e8,0x112a,0x21cf,0x2a11,0x29f1,0x29f1,0x4251,
 0x62b1,0x31f1,0x3211,0x3211,0x2a11,0x2a31,0x3231,0x4231,0x4a52,0x8331,0x6290,0x4231,0x4a51,0x4a31,0x4a51,0x3a31,
 0x5271,0x6290,0x72d0,0x5a50,0x41ef,0x39f0,0x420f,0x4210,0x41ef,0x522f,0x5a6f,0x522f,0x39ef,0x420f,0x41ef,0x41ee,
 0x41ce,0x520e,0x626e,0x4a0f,0x39af,0x31ae,0x39ae,0x318e,0x41ee,0x5a4f,0x5a2f,0x39ce,0x318e,0x39ad,0x31ad,0x4a0e,
 0x49ed,0x41cd,0x296d,0x214c,0x296d,0x298e,0x31af,0x216d,0x298d,0x216e,0x216d,0x194d,0x218e,0x218e,0x216d,0x298e,
 0x296e,0x194d,0x29d0,0x218f,0x298f,0x31d0,0x39d0,0x296d,0x318f,0x41f0,0x41cf,0x294d,0x294d,0x41ae,0x41af,0x41ae,
 0x51cf,0x59f0,0x49cf,0x51ef,0x520f,0x49cf,0x726f,0x6a50,0x826f,0xa2ef,0xb30f,0xbb0e,0xb2ce,0x9a6f,0x9a8f,0xb30e,
 0x7250,0x7230,0xa2d0,0x6a51,0x6211,0xbb70,0x7291,0x5211,0x8270,0xb34f,0x5a10,0x51f0,0x8290,0xa370,0x49d1,0x49d1,
 0x9b0e,0x624f,0x296f,0x218f,0x522f,0x298e,0x194f,0x49ce,0x296d,0x090d,0x112e,0x216e,0x216e,0x114e,0x29ae,0x29ae,
 0x298e,0x196e,0x522f,0x6a2e,0x31ae,0x318e,0x41ef,0x6271,0x5a30,0x41d0,0x934f,0x6270,0x5a30,0x5210,0x5231,0x9351,
 0x726f,0x520f,0x72cf,0x624f,0x59f0,0x72ef,0xa451,0xa410,0x72ef,0x4a0f,0x8af0,0x8b11,0xd451,0x6a70,0x92f1,0xcbaf,
 0x8311,0x8ad3,0x49f0,0x31f1,0x0886,0x39ef,0xcc14,0x5a0c,0x0863,0x10c6,0x20a6,0xd471,0xa332,0xa2f3,0x7ab2,0x4a32,
 0xd453,0xcc52,0xa371,0xc350,0xab50,0xbb4f,0xfe93,0xff14,0xfeb2,0xb350,0x92d1,0xbbb1,0xa2f0,0xab30,0x624f,0x51f0,
 0x5a0f,0x9af1,0x8ad1,0x5210,0x7271,0x6a92,0x5a31,0x4a11,0x49f1,0x218f,0x8af0,0x5a4f,0x41f2,0x4a12,0x31d0,0x49f0,
 0x7291,0x7ab1,0x6250,0x51f1,0xa2d1,0x7272,0x6250,0x6230,0xa350,0xfcf0,0xecd0,0xf4ef,0xb34f,0xab10,0x49ae,0x82b2,
 0x82b1,0x51f0,0x72b2,0x7292,0x6252,0x6a51,0x7251,0x6a32,0x39d0,0x5a30,0x49f0,0x2190,0x7272,0x82b1,0x7292,0x41f1,
 0x5232,0x41f2,0x7292,0xb352,0x8ab2,0x7ab2,0x520f,0x8291,0x7a91,0x20c7,0x0887,0x0887,0x0887,0x0887,0x08a7,0x08a7,
 0x0844,0x0864,0x0844,0x0043,0x0887,0x08c9,0x08c9,0x08ea,0x090a,0x096e,0x0990,0x0990,0x092c,0x090b,0x08c9,0x0865,
 0x08a7,0x08a8,0x08a8,0x08a8,0x08a8,0x08a8,0x10a8,0x10a8,0x08a8,0x08a8,0x08a8,0x08a8,0x08a8,0x08a8,0x08a7,0x0887,
 0x110a,0x10e9,0x110a,0x110a,0x110a,0x110a,0x110a,0x10e9,0x08c8,0x08a7,0x0866,0x110b,0x114c,0x110a,0x112b,0x10e9,
 0x0887,0x194c,0x114c,0x112b,0x0886,0x0021,0x0022,0x0022,0x0043,0x0043,0x0043,0x0043,0x0886,0x0865,0x0043,0x0865,
 0x0886,0x0864,0x0864,0x0844,0x0864,0x0864,0x0044,0x1044,0x1865,0x2233,0x112a,0x21ef,0x2a93,0x08e7,0x21ad,0x42f6,
 0x19af,0x1129,0x2233,0x4a51,0x2a32,0x11f1,0x2211,0x19f1,0x19d0,0x3211,0x29f1,0x19d0,0x21f0,0x21f0,0x19b0,0x21af,
 0x30a7,0x3065,0x296f,0x3231,0x19f1,0x19f1,0x19d0,0x19d0,0x19d0,0x21f0,0x21f1,0x62b1,0x3210,0x21f0,0x29f0,0x3211,
 0x2a10,0x3211,0x3231,0x3230,0x4a90,0x6af0,0x4210,0x3a31,0x1929,0x2109,0x314a,0x3a0f,0x4271,0x4250,0x4291,0x62d0,
 0x5311,0x5270,0x4270,0x4a4f,0x31ef,0x3a50,0x320f,0x322f,0x3a71,0x322f,0x3a2e,0x21ef,0x218d,0x218d,0x218d,0x196d,
 0x198d,0x198e,0x198e,0x196d,0x114c,0x114d,0x112c,0x090b,0x114d,0x114d,0x090c,0x092d,0x198e,0x114d,0x092c,0x092c,
 0x116e,0x092c,0x092d,0x1190,0x19af,0x118f,0x092c,0x198f,0x1190,0x094e,0x19b0,0x19b0,0x198f,0x090c,0x198f,0x19d1,
 0x198f,0x198f,0x21b0,0x21b0,0x114d,0x21d0,0x21d0,0x29ad,0x29cf,0x31f1,0x29b0,0x114d,0x29f1,0x29d0,0x39ef,0x29f1,
 0x31d0,0x194d,0x29d0,0x21af,0x31cf,0x31d0,0x39d0,0x298e,0x31cf,0x41f1,0x41f0,0x318e,0x318f,0x41cf,0x49d0,0x41af,
 0x41af,0x6a0f,0x59f0,0x6a30,0x6a31,0x8ab1,0xa2f1,0xb311,0xbb10,0xcb4f,0xcb4e,0xbace,0xb2cf,0xa2af,0x8a70,0x9ad0,
 0x8271,0x6a51,0x9290,0x8272,0x7a51,0xb30f,0x8a91,0x59f0,0x8250,0xcb90,0x7251,0x6231,0x92d1,0xab50,0x51d0,0x59f0,
 0xbb6f,0x39af,0x216f,0x31b0,0xa330,0x6251,0x39d1,0xbb30,0x7291,0x31b0,0x9af1,0x8acf,0x6a30,0x49cf,0x4210,0x4a10,
 0x416e,0x5270,0x218f,0x39ae,0x114e,0x112d,0x112d,0x112d,0x112d,0x192d,0x112d,0x112d,0x112c,0x112c,0x112c,0x194d,
 0x214d,0x110d,0x112c,0x192d,0x296d,0x218f,0x112f,0x192e,0x296e,0x194e,0x31ae,0x39ef,0x39ce,0x31ae,0x5a4f,0x8aef,
 0x6a90,0x31af,0x41f1,0x398e,0x0044,0x318b,0x9b51,0x4188,0x30e4,0x28e5,0x498b,0xac12,0x82f1,0x7291,0x6a91,0x4a31,
 0xab71,0x9b70,0x726f,0x9a8f,0x92ef,0x8a8f,0x9b51,0xbc11,0xbbd1,0x92f0,0x8af0,0x82af,0x8aaf,0xb350,0x7ab0,0x5a30,
 0x620f,0xbb8f,0xc410,0x5210,0x7a70,0x92f1,0x82d1,0x6a50,0x5211,0x39cf,0xcbd0,0x9350,0x4a10,0x6271,0x39d0,0x6ab0,
 0xcbf0,0xbbd1,0x9372,0x59f0,0xcbf0,0x9b71,0x92ef,0x9ab0,0xac11,0xd571,0xddd3,0xdd71,0xa3b1,0xbbb0,0x51ce,0x9331,
 0xa310,0x51cf,0xa3f2,0x7ad2,0x82b2,0x92d1,0xab11,0xab92,0x6a70,0xa2d0,0x7230,0x4a11,0x82d0,0xabb1,0x9b32,0x51f1,
 0x82b3,0x6232,0x8b12,0xccd2,0x7271,0x9310,0x82b0,0xb331,0xa370,0x2907,0x0087,0x0886,0x0886,0x0866,0x08a7,0x0886,
 0x0043,0x0864,0x0844,0x0043,0x0887,0x08a8,0x08e9,0x090b,0x094d,0x1cfb,0x2dde,0x34dc,0x094e,0x092c,0x08e9,0x0864,
 0x0887,0x08a8,0x0887,0x0865,0x0885,0x0885,0x0885,0x0886,0x0887,0x0886,0x0885,0x0885,0x0865,0x0886,0x0887,0x0887,
 0x110a,0x110a,0x110b,0x110a,0x110b,0x112a,0x112b,0x10e9,0x10c9,0x10a7,0x0866,0x190b,0x194c,0x110b,0x112b,0x10e9,
 0x0866,0x194c,0x114c,0x112c,0x08c7,0x0022,0x0042,0x0042,0x0022,0x0022,0x0022,0x0021,0x0864,0x0864,0x0021,0x0043,
 0x0865,0x0043,0x0043,0x0043,0x0043,0x0043,0x0043,0x0043,0x0864,0x19ce,0x0885,0x10e7,0x08e7,0x0021,0x0886,0x112b,
 0x0885,0x212a,0x3233,0x4a32,0x21b0,0x218d,0x4a51,0x62b1,0x4250,0x21f1,0x2a11,0x2a10,0x3211,0x3a11,0x4a71,0x31aa,
 0x0042,0x0002,0x5a29,0x62d3,0x4251,0x3a51,0x3a31,0x4a0f,0x3211,0x4a71,0x4230,0x72d1,0x6290,0x3a30,0x3a51,0x31f0,
 0x31f0,0x31ef,0x29cf,0x320f,0x3a2f,0x4291,0x3a0f,0x21ce,0x08c8,0x0866,0x08a8,0x196d,0x116d,0x116d,0x116d,0x198d,
 0x116d,0x114c,0x114d,0x114d,0x112c,0x090c,0x116e,0x116e,0x116e,0x092c,0x116e,0x198e,0x198e,0x116e,0x090b,0x19af,
 0x21d1,0x19af,0x116e,0x21f0,0x21f1,0x21f0,0x198f,0x114d,0x2a11,0x2a11,0x29cf,0x29f0,0x2a11,0x29f1,0x19b0,0x21d0,
 0x21f1,0x29cf,0x4a2e,0x19d0,0x21f1,0x21d1,0x198f,0x29f1,0x19d0,0x4a30,0x31f0,0x21b0,0x21d0,0x196e,0x21d0,0x21b0,
 0x424f,0x31f0,0x21b0,0x21b0,0x114d,0x196e,0x114e,0x4a2e,0x29ae,0x196f,0x196e,0x114d,0x196e,0x29af,0x522f,0x198f,
 0x198f,0x196e,0x196e,0x4a0f,0x626f,0x218f,0x298f,0x41cf,0x6a70,0x39d0,0x6230,0x6a30,0x5a10,0x7a70,0x7a90,0x7270,
 0x8ab0,0xaaf0,0x9290,0x8a70,0x7a70,0x92b0,0xa2d0,0x9290,0xa2cf,0xb32f,0xbb70,0xab10,0xa2f0,0x9ad0,0x9ad0,0x92b1,
 0x92b1,0x7a51,0x9a8f,0x8a70,0x7230,0xa2ce,0x8270,0x6a31,0x8271,0xb310,0x6a31,0x6231,0x8ab1,0xa2f0,0x6a31,0x7a51,
 0xb311,0x7271,0x7251,0x5a31,0x9ab0,0x5210,0x31b0,0x622f,0x41cf,0x294e,0x620d,0x39ed,0x114e,0x194d,0x194e,0x194d,
 0x112c,0x112d,0x092d,0x216d,0x194d,0x112c,0x092c,0x112c,0x114d,0x092c,0x196d,0x112c,0x114c,0x114d,0x114d,0x216d,
 0x298d,0x218d,0x114d,0x194e,0x196e,0x196e,0x298d,0x216d,0x214d,0x214d,0x196e,0x298e,0x41ce,0x316e,0x192d,0x192e,
 0x194e,0x196f,0x196e,0x112d,0x0065,0x110b,0x196f,0x0886,0x0043,0x0043,0x10e9,0x2170,0x216f,0x216f,0x194e,0x216e,
 0x192e,0x112e,0x192e,0x192e,0x194f,0x216f,0x294e,0x51af,0x396f,0x194f,0x194e,0x194e,0x216e,0x216e,0x296e,0x194e,
 0x296e,0x398e,0x39af,0x196f,0x216e,0x216e,0x298e,0x298f,0x298e,0x31af,0x216f,0x39cf,0x31af,0x298f,0x298e,0x39f0,
 0x4a10,0x31b0,0x298f,0x398e,0x39af,0x398e,0x214e,0x318f,0x39cf,0x2990,0x39d0,0x3190,0x31b0,0x41f0,0x318f,0x298e,
 0x39ae,0x296e,0x216f,0x31b0,0x4a10,0x4a10,0x522f,0x7330,0x4210,0x39f0,0x39f0,0x4a31,0x3212,0x3211,0x29b0,0x31af,
 0x5210,0x41cf,0x2990,0x31d0,0x29b0,0x21b0,0x29d1,0x3a11,0x39f0,0x08a7,0x0887,0x0045,0x1909,0x298b,0x10e9,0x08a7,
 0x0043,0x0844,0x0044,0x0043,0x0887,0x08a9,0x08ea,0x090c,0x0990,0x2dfe,0x475f,0x2d7d,0x014f,0x092c,0x08e9,0x0865,
 0x0887,0x08a8,0x0886,0x0043,0x0044,0x0043,0x0043,0x0886,0x08c8,0x0043,0x0043,0x0043,0x0043,0x0844,0x0887,0x0887,
 0x110a,0x08c8,0x0886,0x08a7,0x08a8,0x08a7,0x08e9,0x110a,0x08c9,0x08a8,0x0866,0x192b,0x192b,0x08a7,0x08a8,0x08a8,
 0x0887,0x216d,0x114c,0x112c,0x08e9,0x0022,0x0042,0x0042,0x0043,0x0042,0x0043,0x0043,0x0865,0x0865,0x0022,0x0043,
 0x0865,0x0844,0x0865,0x0844,0x0844,0x0864,0x0864,0x0022,0x08a6,0x19cf,0x0022,0x08a7,0x0866,0x08a7,0x0886,0x1909,
 0x214a,0x18c7,0x18c7,0x0864,0x0044,0x0864,0x10a6,0x28a3,0x6a4d,0x4292,0x3a71,0x3a50,0x3a30,0x3a31,0x4a71,0x2128,
 0x0864,0x0865,0x2107,0x29ef,0x21cf,0x19ae,0x198e,0x196d,0x116d,0x198e,0x118e,0x116e,0x196d,0x116d,0x116d,0x116d,
 0x094d,0x094d,0x118f,0x19af,0x116f,0x19ae,0x19af,0x19d0,0x08e9,0x0087,0x08a8,0x196e,0x198f,0x198e,0x21d0,0x21af,
 0x196e,0x19af,0x21d0,0x21d0,0x21d0,0x116d,0x21f0,0x21f1,0x21f0,0x218f,0x21f1,0x21f1,0x21f1,0x21d0,0x196d,0x21f1,
 0x21f1,0x21af,0x4a70,0x2a11,0x21f1,0x21f1,0x19af,0x114d,0x21f1,0x19b0,0x5250,0x21d0,0x198f,0x19af,0x114d,0x198e,
 0x198f,0x29cf,0x526f,0x116e,0x198e,0x114d,0x114d,0x198f,0x116f,0x526f,0x39ce,0x114e,0x114e,0x114e,0x116e,0x116e,
 0x6aaf,0x5a30,0x218f,0x198f,0x21b0,0x21af,0x198e,0x628f,0x39ef,0x198f,0x198f,0x21d0,0x19b0,0x31f0,0x5a71,0x21d0,
 0x29d0,0x21d0,0x21d0,0x4a10,0x5211,0x31d1,0x39d1,0x41f0,0x41f0,0x39d0,0x49f0,0x49f0,0x49f0,0x5210,0x5231,0x6251,
 0x6a51,0x6251,0x6231,0x5a10,0x5a10,0x5a30,0x7250,0x7250,0x92af,0x9aef,0x9aef,0x9af0,0x92b0,0x8a91,0x8a90,0x7251,
 0x5a11,0x51f1,0x5211,0x5a11,0x4a11,0x6230,0x5210,0x4211,0x5211,0x6231,0x4211,0x39f1,0x5231,0x6a51,0x39f2,0x4a11,
 0x6a51,0x5211,0x41f0,0x39f1,0x6a51,0x4212,0x39f1,0x6251,0x41f1,0x29b0,0x5210,0x6a50,0x41f0,0x298f,0x198f,0x31d0,
 0x198f,0x19af,0x198e,0x520f,0x196e,0x114e,0x116e,0x21cf,0x21af,0x196e,0x5a50,0x29f0,0x29d0,0x49f0,0x41ef,0x216e,
 0x624f,0x72b0,0x114f,0x49f0,0x6a51,0x8aaf,0xd40e,0xd3ef,0x9aef,0x41d0,0x31af,0x524e,0x5a6e,0x216f,0x31cf,0x5a90,
 0x4a0f,0x114f,0x196f,0x198e,0x0885,0x192a,0x3211,0x08a6,0x0086,0x08c9,0x08ea,0x5ad2,0x7af1,0x31cf,0x4211,0x4a31,
 0x39d0,0x8330,0x4a50,0x5231,0x2190,0x298e,0x4250,0x420f,0x39ce,0x298f,0x298f,0x196e,0x218e,0x31ce,0x218e,0x114d,
 0x114d,0x194d,0x216d,0x194d,0x194d,0x194d,0x214e,0x196e,0x114e,0x114d,0x194d,0x194d,0x114d,0x114d,0x114d,0x114e,
 0x218e,0x298e,0x216e,0x114e,0x196e,0x216d,0x192d,0x192e,0x216e,0x216e,0x192e,0x214e,0x214e,0x214e,0x216e,0x216e,
 0x114d,0x194d,0x194d,0x218e,0x21af,0x116f,0x196e,0x114e,0x114e,0x196e,0x114e,0x114e,0x29d0,0x29d0,0x198f,0x198f,
 0x196f,0x196f,0x298f,0x39ef,0x39f0,0x39f0,0x29d0,0x21b1,0x21b0,0x08a8,0x08a7,0x0046,0x39eb,0x9c10,0x08c9,0x0886,
 0x0023,0x0044,0x0864,0x0043,0x0887,0x08c9,0x08ea,0x090c,0x09b1,0x361d,0x4f7f,0x257d,0x0990,0x094d,0x08e9,0x0865,
 0x08a7,0x08c8,0x0886,0x0865,0x0887,0x0886,0x0865,0x08a7,0x08c9,0x0886,0x0886,0x0886,0x0887,0x0865,0x0887,0x0887,
 0x110a,0x08c8,0x08c8,0x10c9,0x10ea,0x10ea,0x10e9,0x112b,0x08e9,0x08a8,0x0865,0x112b,0x110a,0x0866,0x0888,0x08a7,
 0x0887,0x214c,0x112b,0x112c,0x10e9,0x0022,0x0042,0x0042,0x0042,0x0042,0x0043,0x0023,0x0864,0x0865,0x0022,0x0043,
 0x10a7,0x0865,0x0865,0x0865,0x0865,0x0844,0x0844,0x0023,0x08a6,0x19ad,0x0022,0x0886,0x0023,0x0909,0x00c7,0x10a7,
 0x212b,0x0022,0x0001,0x0021,0x0043,0x0022,0x0065,0x0023,0x116e,0x11d1,0x118f,0x116f,0x096e,0x116e,0x1190,0x08e9,
 0x0886,0x0066,0x0066,0x196d,0x118e,0x118f,0x19af,0x116e,0x118e,0x19d0,0x19d0,0x218e,0x31cf,0x19f0,0x19d0,0x19d0,
 0x198e,0x198e,0x21f1,0x21f0,0x21d0,0x31cf,0x21f1,0x2212,0x08e9,0x08a8,0x08a7,0x198e,0x21b0,0x198f,0x21f1,0x29f0,
 0x4210,0x19d0,0x21f0,0x21f1,0x21f1,0x118f,0x21f1,0x21d0,0x19af,0x4a2e,0x21af,0x19af,0x21d0,0x19b0,0x116e,0x19af,
 0x198e,0x198e,0x528e,0x21ae,0x118f,0x116e,0x116e,0x114d,0x116d,0x218e,0x6aae,0x41ef,0x196e,0x116e,0x116e,0x116e,
 0x198f,0x39f0,0x7aef,0x21b0,0x19b0,0x198e,0x198f,0x21d0,0x19d0,0x72d1,0x5230,0x19d0,0x21d0,0x21b0,0x21d0,0x21d0,
 0x5a50,0x4a31,0x29f1,0x29d0,0x21d0,0x29d0,0x21b0,0x41f0,0x31d0,0x21d0,0x21d0,0x21d0,0x21d0,0x29d0,0x39f0,0x21d0,
 0x21d0,0x21d0,0x21d0,0x39d1,0x39f1,0x29d0,0x31d1,0x31d1,0x31d0,0x31d0,0x39d0,0x39d0,0x41f0,0x49f1,0x41f1,0x41f1,
 0x49f0,0x49f1,0x41f1,0x49f1,0x49f1,0x6a30,0x7251,0x8290,0x9290,0xb30f,0xbb0f,0xa2cf,0x9ab0,0x8270,0x7230,0x6a30,
 0x5a11,0x51f1,0x59f1,0x51f1,0x5211,0x5211,0x5a31,0x4212,0x39f1,0x5231,0x31f1,0x29f1,0x4211,0x5211,0x31d1,0x31d1,
 0x41f1,0x39f1,0x29d1,0x29f1,0x4a11,0x29d1,0x31d1,0x51f1,0x39f1,0x3a12,0x5a52,0x6232,0x5a33,0x4212,0x29f1,0x4232,
 0x21d0,0x39f0,0x41f0,0x39cf,0x29af,0x198f,0x116f,0x19b0,0x19b0,0x198f,0x39f1,0x3a10,0x31f0,0x31af,0x39d0,0x21b0,
 0x39f1,0x6251,0x21b1,0x41f1,0x5a12,0x9291,0xcb90,0xd38f,0x92b1,0x6232,0x41f1,0x62b0,0x5ab0,0x116f,0x19af,0x3a11,
 0x29d0,0x092d,0x114d,0x10ea,0x0042,0x114d,0x194c,0x0065,0x08c8,0x08a7,0x00a8,0x4a50,0x5a91,0x114f,0x21b1,0x29f1,
 0x21b2,0x82d1,0x39f0,0x2990,0x29b0,0x7a70,0xcd57,0xdcd1,0x9b11,0x49f1,0x41f1,0x116f,0x31cf,0x6290,0x420f,0x114e,
 0x196e,0x29ae,0x4a0e,0x116f,0x196f,0x218f,0x39f1,0x198f,0x114e,0x116e,0x4a11,0x49ef,0x094e,0x216e,0x114e,0x29af,
 0x72b0,0x7ad0,0x4a30,0x196f,0x39f0,0x49ef,0x318f,0x41f1,0x7ab0,0xc3cf,0xc492,0xcbcf,0x7a8f,0x6a71,0x31f1,0x6291,
 0x19b0,0x41f0,0x298f,0x4230,0x72f0,0x29d0,0x5291,0x5a91,0x1970,0x31d0,0x218f,0x196f,0x5250,0x5a70,0x29d1,0x21b0,
 0x31d1,0x21b1,0x4212,0x8b91,0x62b2,0x6ab2,0x3a11,0x21d1,0x31cf,0x0866,0x0886,0x0045,0x41a9,0x82cc,0x00ca,0x08a8,
 0x0044,0x0865,0x0865,0x0043,0x08a8,0x08c9,0x08e9,0x092c,0x09b1,0x363d,0x471f,0x35bd,0x0970,0x094d,0x08e9,0x0865,
 0x08a7,0x08c9,0x0887,0x0886,0x0887,0x0065,0x0886,0x08a7,0x08c8,0x0886,0x0886,0x0887,0x08a7,0x0886,0x0887,0x0887,
 0x112b,0x10e9,0x192b,0x110b,0x218d,0x192b,0x08c8,0x112b,0x10ea,0x10c9,0x0887,0x194d,0x196e,0x2a31,0x3273,0x110a,
 0x0888,0x29af,0x196d,0x114d,0x110a,0x0022,0x0042,0x0042,0x0042,0x0043,0x0043,0x0022,0x0864,0x0886,0x0022,0x0043,
 0x0886,0x0845,0x0887,0x0866,0x0865,0x0844,0x0844,0x0042,0x0864,0x1109,0x0022,0x0064,0x0023,0x092a,0x0909,0x0886,
 0x1129,0x096b,0x0022,0x0042,0x0044,0x0022,0x0865,0x0064,0x192b,0x19d1,0x19d0,0x19d1,0x19d0,0x118e,0x19d0,0x08a5,
 0x0022,0x0043,0x18a5,0x29f1,0x19d1,0x19d0,0x19f1,0x118f,0x19af,0x19f1,0x19f0,0x29d0,0x2a11,0x19f1,0x21f1,0x19f1,
 0x19af,0x198f,0x21f1,0x19d0,0x21cf,0x62b0,0x21f1,0x21f1,0x08c9,0x0087,0x0066,0x114c,0x198e,0x116e,0x19d0,0x29f0,
 0x5a6f,0x118f,0x19af,0x118f,0x116e,0x114d,0x116e,0x198e,0x196f,0x5a8f,0x29ae,0x116e,0x116e,0x116e,0x116e,0x116e,
 0x198e,0x31cf,0x9bb0,0x4210,0x21d0,0x19af,0x19af,0x19af,0x29d0,0x29d0,0x82cf,0x4210,0x19d0,0x19d0,0x21d0,0x19d0,
 0x19b0,0x29af,0x5a4f,0x21d0,0x21d0,0x21d0,0x19d0,0x19b0,0x19b0,0x4210,0x31f0,0x19d0,0x19d0,0x21d0,0x21d0,0x19d0,
 0x4210,0x31f0,0x21d0,0x21d0,0x21d0,0x21d0,0x21b0,0x39f1,0x21d0,0x21d0,0x21d0,0x21d0,0x21d0,0x21d0,0x31d0,0x21d0,
 0x21d0,0x21d0,0x21d0,0x29d0,0x31d1,0x31d1,0x31d1,0x31d1,0x31f1,0x31d1,0x31d0,0x39d0,0x31d0,0x41d0,0x39f0,0x41f1,
 0x5211,0x6231,0x6231,0x6210,0x5a10,0x7a4f,0x8a90,0x8ab0,0x8ab0,0xb30f,0xaaef,0x9a8e,0x8a6f,0x8a70,0x8250,0x7250,
 0x6231,0x5231,0x6231,0x5231,0x5211,0x41f1,0x49f1,0x41f1,0x39f1,0x4a11,0x39f1,0x31f1,0x39f1,0x41f1,0x31f1,0x39d1,
 0x31d1,0x39d1,0x29d1,0x21d0,0x41f1,0x31f1,0x31f1,0x41f1,0x39f1,0x31f2,0x4a32,0x5232,0x4212,0x31f1,0x29f1,0x31f1,
 0x21d0,0x4210,0x6251,0x31d0,0x5231,0x31d0,0x11b0,0x1a12,0x19d0,0x11af,0x3a32,0x3a31,0x31f0,0x29b0,0x31d0,0x4231,
 0x4a12,0x5211,0x31d1,0x31d1,0x4a11,0x6a31,0x92b0,0x9ad0,0x6a31,0x4a12,0x5233,0x62b2,0x6291,0x39d0,0x31d0,0x5211,
 0x298f,0x116e,0x198f,0x08a8,0x0022,0x08c8,0x08a6,0x0042,0x0023,0x0043,0x0021,0x20e6,0x3a11,0x116f,0x2190,0x21b1,
 0x19b1,0x41d0,0x29b0,0x31d1,0x29f1,0x5a12,0xb436,0xb3b4,0x6a52,0x5233,0x5232,0x31af,0x094e,0x31cf,0x39af,0x116f,
 0x116e,0x29ae,0x49f0,0x118f,0x116e,0x218f,0x29b0,0x092d,0x114d,0x112d,0x29d0,0x21af,0x114e,0x196e,0x114d,0x218e,
 0x5230,0x4a10,0x39f0,0x21b0,0x41f0,0x218f,0x49ef,0x6a30,0xa2ef,0xfc8e,0xfd92,0xf4d1,0xa311,0x8a90,0x31d0,0x7a70,
 0x21b1,0x4a31,0x39d0,0x116f,0x3a10,0x21b0,0x218f,0x198f,0x198f,0x29af,0x198f,0x116f,0x41ef,0x41f0,0x1990,0x19b0,
 0x21b0,0x1990,0x39f2,0x9351,0x5273,0x6272,0x29d1,0x21f1,0x29d0,0x0866,0x0886,0x0024,0x622a,0xc3ee,0x08ca,0x08a8,
 0x0844,0x0844,0x0865,0x0044,0x08a8,0x08c9,0x08e9,0x092c,0x09b1,0x2e1d,0x475f,0x35dd,0x0970,0x094d,0x08ea,0x0865,
 0x0887,0x08c9,0x0887,0x0044,0x0865,0x0044,0x0064,0x0864,0x0865,0x0064,0x0044,0x0044,0x0864,0x0865,0x0886,0x0887,
 0x114c,0x10e9,0x08c9,0x08c8,0x0887,0x0043,0x0043,0x0865,0x0885,0x0886,0x0866,0x08a7,0x08a7,0x19ab,0x19ab,0x0885,
 0x0065,0x10e8,0x08c8,0x08c8,0x0886,0x0022,0x0022,0x0043,0x0043,0x0843,0x0043,0x0043,0x0864,0x0886,0x0022,0x0844,
 0x0865,0x0043,0x0886,0x0865,0x0844,0x0043,0x0043,0x0022,0x0885,0x118d,0x0000,0x0043,0x0002,0x0908,0x0909,0x1109,
 0x118b,0x118c,0x0021,0x0042,0x0044,0x0044,0x0886,0x0043,0x192b,0x4232,0x19f1,0x19f1,0x19f1,0x19d0,0x19af,0x0085,
 0x08e8,0x0065,0x08e9,0x19f1,0x19d1,0x19d0,0x19af,0x116d,0x19af,0x19f0,0x11d0,0x4250,0x3210,0x118f,0x19af,0x19af,
 0x198e,0x116e,0x118f,0x118e,0x198e,0x628f,0x31ae,0x196d,0x08c8,0x08ca,0x08ea,0x114d,0x118f,0x198f,0x19b0,0x3210,
 0x7b11,0x29d0,0x21b0,0x21af,0x19af,0x198f,0x198f,0x19b0,0x21d0,0x8b10,0x4a11,0x21d1,0x19d0,0x21d0,0x19d0,0x19d1,
 0x21f1,0x29b0,0x6a70,0x21f0,0x21d0,0x19d0,0x19d0,0x19d0,0x21d0,0x19b0,0x41ef,0x21b0,0x19d0,0x19d0,0x19d0,0x19d0,
 0x19d0,0x21b0,0x29d0,0x19af,0x19d0,0x19d0,0x19d0,0x19d0,0x19d0,0x29d0,0x21d0,0x19d0,0x19d0,0x21d0,0x21d0,0x21d0,
 0x29f0,0x21d0,0x21d0,0x21d0,0x19d0,0x21d0,0x21d0,0x29d0,0x21d0,0x21d0,0x21d0,0x21d0,0x21d0,0x29d1,0x29d1,0x21d0,
 0x21d0,0x21d0,0x21d0,0x21d0,0x29b0,0x29d0,0x29d1,0x29d0,0x29d0,0x29d0,0x29d0,0x31d0,0x39d0,0x39f0,0x39f1,0x4211,
 0x4211,0x39f1,0x39f1,0x49f0,0x41f1,0x5210,0x5210,0x5210,0x6a30,0x7a4f,0x7a4f,0x7a4f,0x7a30,0x6a31,0x6a51,0x5a31,
 0x4a11,0x4a11,0x41f1,0x49f1,0x39d0,0x39d1,0x41f1,0x39f1,0x31f1,0x41f1,0x31f1,0x29f1,0x31f1,0x41f1,0x29d1,0x29d1,
 0x39d1,0x31d1,0x29d1,0x21d1,0x39f1,0x21d1,0x29d1,0x39f1,0x39d1,0x21d1,0x3211,0x4212,0x39f2,0x29f1,0x19d0,0x29f1,
 0x19d0,0x29d0,0x4211,0x31f1,0x3a32,0x29f1,0x11d0,0x3a73,0x21f1,0x116f,0x41f1,0x29f0,0x29d0,0x21d0,0x29d0,0x29f1,
 0x3a12,0x4212,0x31f1,0x21d1,0x39f1,0x4a11,0x7251,0x7272,0x5a33,0x4212,0x3a12,0x4a32,0x4a32,0x29d1,0x21b0,0x31f1,
 0x21b0,0x198f,0x1990,0x08e9,0x0085,0x110a,0x110a,0x0065,0x08e9,0x192c,0x08c9,0x18c7,0x3212,0x116f,0x2190,0x2990,
 0x21b0,0x5211,0x31f2,0x29f2,0x2a12,0x5213,0x6336,0x5272,0x49f1,0x4233,0x4233,0x31f1,0x49f0,0x6231,0x39f1,0x19b0,
 0x21d0,0x31d0,0x39f1,0x1190,0x116e,0x218f,0x31b0,0x114e,0x114e,0x112d,0x29b0,0x218f,0x114e,0x218f,0x196f,0x29ae,
 0x522f,0x41ef,0x31cf,0x218f,0x7251,0x5211,0x5231,0x7ab2,0x9ab1,0xeb90,0xe431,0xdbf1,0x9b12,0x92b1,0x41d0,0x49f0,
 0x29d1,0x4a11,0x31af,0x19b0,0x4211,0x21b0,0x29cf,0x21af,0x196e,0x29af,0x196f,0x198f,0x31f0,0x39f0,0x31d0,0x19b0,
 0x21af,0x118f,0x29f1,0x6a91,0x5253,0x5252,0x3212,0x2a12,0x39f1,0x0887,0x0887,0x0865,0x18e8,0x41ca,0x10c8,0x0886,
 0x0044,0x0845,0x0844,0x0044,0x08a9,0x08ca,0x08e9,0x092c,0x09d1,0x261d,0x4f7f,0x3e3d,0x0990,0x094d,0x08ea,0x0865,
 0x08a7,0x08c8,0x08c8,0x08a7,0x08a7,0x08a7,0x08a7,0x0887,0x08a7,0x08a7,0x0886,0x0886,0x0887,0x08a7,0x0887,0x08a7,
 0x112b,0x10e9,0x192a,0x214b,0x192a,0x0885,0x110a,0x110a,0x0864,0x08a7,0x0886,0x10e8,0x1129,0x2a0e,0x10c6,0x196d,
 0x08a8,0x08a6,0x08e8,0x194c,0x10e8,0x0022,0x0042,0x0043,0x0043,0x0843,0x0843,0x0022,0x0864,0x0885,0x0022,0x0843,
 0x0864,0x0043,0x0865,0x0865,0x0865,0x0043,0x0044,0x0022,0x08a5,0x19ce,0x0000,0x0885,0x0844,0x116a,0x0929,0x10e7,
 0x114a,0x118c,0x0001,0x0042,0x0845,0x0865,0x0887,0x0065,0x218d,0x5292,0x11b0,0x19cf,0x19d0,0x19d0,0x19d0,0x08a6,
 0x08c7,0x0064,0x00a7,0x118f,0x118f,0x118e,0x116e,0x116e,0x116e,0x118e,0x116e,0x5a8e,0x420f,0x196f,0x118f,0x116e,
 0x198f,0x116e,0x116e,0x118f,0x21d0,0x9330,0x4a30,0x21af,0x08c8,0x08ea,0x090b,0x19b0,0x21d1,0x21b0,0x198f,0x29ae,
 0x5a2e,0x21b0,0x21d0,0x21d0,0x19d0,0x19d0,0x19d0,0x19d0,0x19d0,0x5a0f,0x31f1,0x19d1,0x19d0,0x19d0,0x19d0,0x19d0,
 0x19d0,0x21d0,0x5230,0x19d0,0x19d0,0x19b0,0x19af,0x19cf,0x19d0,0x19d0,0x39f0,0x21d0,0x19d0,0x19d0,0x19d0,0x19d0,
 0x19d0,0x21d0,0x29d0,0x19d0,0x19d0,0x19d0,0x19d0,0x19d0,0x19d0,0x29d0,0x21d0,0x21d0,0x19d0,0x19d0,0x21d0,0x21d0,
 0x21d0,0x21d0,0x21d0,0x21d0,0x21d0,0x21d0,0x21d0,0x29d0,0x21d0,0x21d0,0x21d0,0x21d0,0x21d0,0x31f1,0x51f1,0x29d1,
 0x21d0,0x21d0,0x21d0,0x21b0,0x21b0,0x21d0,0x21d0,0x29d0,0x31d1,0x31d0,0x29d1,0x31d0,0x29d0,0x39d0,0x41f1,0x39f1,
 0x39f1,0x49f1,0x5211,0x5a31,0x4a11,0x6211,0x6231,0x6230,0x6a30,0x7a4f,0x7a50,0x6a51,0x6a51,0x6a51,0x5a31,0x4a10,
 0x39f1,0x39d0,0x31d0,0x39d0,0x39d0,0x41d1,0x41f1,0x31f1,0x31d1,0x39d1,0x29d1,0x29f1,0x31f1,0x31f1,0x29f1,0x29d1,
 0x31f1,0x31f1,0x29f1,0x29d1,0x39f1,0x29d1,0x29d1,0x31d1,0x31d1,0x21b1,0x29f1,0x3a12,0x31f2,0x21f1,0x21d1,0x29f1,
 0x21f1,0x3a32,0x4a11,0x39f1,0x4212,0x31f1,0x11d0,0x3232,0x21d0,0x096f,0x31f1,0x2a11,0x2a11,0x21d1,0x21d1,0x3a32,
 0x4212,0x39f1,0x39d1,0x29b1,0x39f1,0x4232,0x6a72,0x7292,0x4212,0x39f1,0x39f1,0x4211,0x4212,0x3212,0x3212,0x3a33,
 0x21b0,0x116e,0x196e,0x0886,0x0085,0x194c,0x19af,0x0085,0x08c8,0x08a7,0x0065,0x39aa,0x6b55,0x39f0,0x5251,0x5210,
 0x39f0,0x5a31,0x31f2,0x29f2,0x2a12,0x39d2,0x6396,0x62b3,0x49f2,0x4212,0x3a13,0x3a13,0x5a32,0x6a53,0x3a12,0x21f1,
 0x21f1,0x3211,0x31f1,0x198f,0x114e,0x216f,0x298f,0x114e,0x116e,0x116e,0x29d1,0x21b0,0x114e,0x198f,0x196f,0x29af,
 0x41ef,0x31cf,0x29af,0x218f,0x5a11,0x49f0,0x6231,0x7ab3,0xa312,0xdbb1,0xd3f1,0xc370,0x8ad2,0x8ab2,0x5a31,0x5211,
 0x5a11,0x7271,0x31af,0x196f,0x31d0,0x19b0,0x31f0,0x29d0,0x19b0,0x29b0,0x198f,0x198f,0x29d0,0x29cf,0x31af,0x118f,
 0x1990,0x1990,0x29f1,0x5a71,0x4212,0x5a52,0x3a12,0x3212,0x39f1,0x10a7,0x0886,0x0866,0x0887,0x0067,0x08a8,0x08a7,
 0x0844,0x0844,0x0844,0x0043,0x08c9,0x08ea,0x08c9,0x092d,0x09b1,0x365d,0x475f,0x35fd,0x09b1,0x094d,0x090a,0x0865,
 0x08a7,0x08c9,0x08c8,0x08a8,0x08a8,0x08a8,0x08a8,0x08a8,0x08a8,0x08a7,0x08a7,0x08a7,0x08a7,0x08a7,0x08a7,0x10a7,
 0x114c,0x112b,0x196c,0x198d,0x196d,0x08a6,0x112b,0x112b,0x0864,0x0885,0x0865,0x10c8,0x1109,0x114a,0x08a6,0x110a,
 0x08a7,0x08a5,0x08c7,0x112b,0x08e8,0x0022,0x0043,0x0043,0x0042,0x0864,0x0043,0x0021,0x0843,0x0864,0x0022,0x0042,
 0x0043,0x0043,0x0865,0x0844,0x0843,0x0044,0x0043,0x0022,0x0885,0x118d,0x0022,0x0864,0x0823,0x08e8,0x08e8,0x0021,
 0x08a5,0x118c,0x0001,0x0043,0x0844,0x0845,0x0886,0x0065,0x194b,0x5ab1,0x21f0,0x19d0,0x19d0,0x21f1,0x520e,0x10e7,
 0x110a,0x0065,0x08a6,0x198e,0x29f0,0x11b0,0x19d0,0x19d1,0x19d0,0x19d0,0x11b0,0x7ad0,0x5a91,0x19d1,0x19d0,0x19d0,
 0x19b0,0x19b0,0x19d0,0x19d0,0x19cf,0x522f,0x19d0,0x19b1,0x08e9,0x08ea,0x08c9,0x08ea,0x118f,0x194d,0x10eb,0x10ea,
 0x292a,0x110b,0x110c,0x298e,0x2a11,0x19d0,0x19d0,0x19d0,0x19b0,0x31d0,0x21d0,0x19b0,0x19d0,0x19b0,0x19b0,0x19d0,
 0x19d0,0x19d0,0x31f0,0x19b0,0x19af,0x19af,0x19af,0x19af,0x19b0,0x19d0,0x29d0,0x21d0,0x19d0,0x19d0,0x19b0,0x19d0,
 0x19b0,0x19b0,0x21d0,0x19d0,0x19d0,0x19d0,0x19d0,0x19d0,0x19d0,0x21d0,0x19d0,0x19d0,0x19d0,0x19d0,0x19d0,0x19d0,
 0x21d0,0x21d0,0x19d0,0x21d0,0x21d0,0x21d0,0x19d0,0x29d1,0x21d0,0x21d0,0x19d0,0x21d0,0x21d0,0x39af,0x616b,0x19b0,
 0x21d0,0x21d0,0x21b0,0x21b0,0x21d0,0x21d0,0x21d0,0x21d0,0x21d0,0x29d0,0x29d0,0x31b0,0x31d0,0x31d0,0x31f1,0x39f1,
 0x4211,0x39f1,0x4211,0x4a11,0x39d0,0x51f0,0x5a31,0x6251,0x7a90,0x82b0,0x7271,0x7a50,0x6a0f,0x5a10,0x5a10,0x5210,
 0x39f1,0x5210,0x39f1,0x4a11,0x31d1,0x31d0,0x31f1,0x39f1,0x31d1,0x31d1,0x31f1,0x29f1,0x31f1,0x31f1,0x29f1,0x29d1,
 0x29d1,0x31f1,0x29d1,0x29d1,0x31f1,0x29f1,0x21d0,0x31f1,0x29d1,0x21d1,0x21f1,0x3a32,0x29f1,0x21f1,0x21f1,0x21d1,
 0x21f1,0x29f1,0x31f1,0x39f1,0x29f1,0x21b0,0x11d0,0x32b4,0x2211,0x11b0,0x3a93,0x2211,0x19d0,0x19d0,0x19d0,0x3232,
 0x39f2,0x59b1,0x996e,0x49b0,0x29f2,0x31f1,0x5a51,0x5252,0x39f2,0x29d1,0x29d1,0x3212,0x3a12,0x29f2,0x2a12,0x3a33,
 0x21d1,0x116f,0x198f,0x0886,0x112b,0x10c8,0x19af,0x19ae,0x0043,0x08c6,0x21ad,0x318b,0x52d5,0x21f1,0x3212,0x3a32,
 0x29f2,0x4a32,0x21b0,0x29b0,0x31f2,0x5213,0x73d7,0x6af4,0x4234,0x4233,0x3212,0x29f2,0x3a12,0x4233,0x3a33,0x21d1,
 0x21f1,0x21f1,0x3a11,0x21b0,0x116e,0x198f,0x198f,0x116e,0x116e,0x116f,0x29f2,0x19b0,0x116f,0x118f,0x116e,0x218e,
 0x39ef,0x31cf,0x21b0,0x198f,0x29d1,0x21b1,0x4211,0x5232,0x7ab2,0xa373,0xabf4,0x92d1,0x6252,0x6232,0x4a11,0x4212,
 0x4232,0x5272,0x21b0,0x198f,0x29d0,0x19b0,0x21b0,0x21b0,0x21b0,0x21d0,0x21b0,0x118f,0x29d0,0x31d0,0x21af,0x1990,
 0x1990,0x1990,0x21d1,0x4a52,0x3a33,0x4233,0x31f2,0x2a12,0x29d0,0x0887,0x0886,0x0866,0x0887,0x10a7,0x08a8,0x08a8,
 0x0843,0x0043,0x0044,0x0043,0x08a9,0x08ea,0x08c9,0x092d,0x09b1,0x363d,0x579f,0x3dfd,0x0991,0x094d,0x090a,0x0866,
 0x08a7,0x08c8,0x08c8,0x08a7,0x08a7,0x08a7,0x08a7,0x08a7,0x08a7,0x08a7,0x08a7,0x08a7,0x08a7,0x08a7,0x08a7,0x08a7,
 0x196d,0x196c,0x116c,0x116d,0x114c,0x0063,0x110a,0x196d,0x08a6,0x110a,0x10c9,0x21af,0x1129,0x1109,0x08a5,0x112a,
 0x0885,0x0885,0x08a7,0x116c,0x08a5,0x0001,0x0022,0x0021,0x0021,0x0023,0x0021,0x0001,0x0022,0x0022,0x0021,0x0022,
 0x0023,0x0022,0x0843,0x0002,0x0001,0x0022,0x0021,0x0001,0x0043,0x08e9,0x0022,0x0022,0x0001,0x0063,0x0042,0x0000,
 0x0064,0x096b,0x0000,0x0021,0x0002,0x0023,0x0023,0x0001,0x194b,0x93d5,0x3253,0x2212,0x21f1,0x2a32,0x294a,0x0085,
 0x0909,0x00a7,0x08a7,0x21af,0x3232,0x19d0,0x19b0,0x19b0,0x19b0,0x19d0,0x11b0,0x4a30,0x31f1,0x11d0,0x19d0,0x19d0,
 0x19af,0x19b0,0x19d0,0x19af,0x19af,0x39cf,0x19af,0x090b,0x08ea,0x10e9,0x08c9,0x08a7,0x110b,0x10c9,0x08eb,0x08ea,
 0x210c,0x08eb,0x08eb,0x192c,0x198e,0x116e,0x19af,0x19d0,0x19b0,0x21b0,0x19b0,0x19af,0x19af,0x19af,0x19b0,0x19d0,
 0x19d0,0x19d0,0x21d0,0x19d0,0x19b0,0x19af,0x19b0,0x19b0,0x19d0,0x19d0,0x21d0,0x19b0,0x19d0,0x19d0,0x19d0,0x19d0,
 0x19d0,0x19b0,0x19b0,0x19d0,0x19d0,0x19d0,0x19d0,0x19d0,0x19d0,0x19d0,0x19d0,0x19d0,0x19d0,0x19b0,0x19d0,0x19d0,
 0x21d0,0x19d0,0x19d0,0x21d0,0x19b0,0x21d0,0x21d0,0x21d1,0x21d0,0x19d0,0x19d0,0x21d0,0x29f1,0x192c,0x0086,0x21d1,
 0x19d0,0x19d0,0x19b0,0x21d0,0x21d0,0x21b0,0x21b0,0x21d0,0x21d0,0x29d1,0x29d0,0x29d0,0x29d0,0x29d0,0x31d0,0x39f1,
 0x31f1,0x39f1,0x41f1,0x41f1,0x31d0,0x49f0,0x5211,0x6231,0x6a51,0x7270,0x826f,0x6a2f,0x6a30,0x5a30,0x5a31,0x5210,
 0x39f0,0x41f0,0x39f0,0x39d0,0x39d0,0x31f1,0x29d1,0x29d1,0x29d1,0x29d1,0x29d0,0x21d0,0x29f1,0x29d1,0x21d1,0x29d1,
 0x29d1,0x29f1,0x29f1,0x29d1,0x29f1,0x29f1,0x29f0,0x31f1,0x29d1,0x21d1,0x21f1,0x3212,0x2a12,0x21f1,0x21f1,0x21d1,
 0x21d1,0x21d1,0x29d1,0x29f1,0x29f1,0x21d0,0x11d0,0x2253,0x19f1,0x11d1,0x4252,0x21d1,0x11b0,0x19b0,0x19d0,0x3211,
 0x3a12,0x7971,0xe1cb,0x698f,0x21d1,0x29d0,0x4a10,0x41f1,0x31f2,0x31f2,0x21f1,0x3212,0x3212,0x31f1,0x21f1,0x29f1,
 0x21d1,0x11b0,0x19d1,0x08a7,0x19f1,0x08a7,0x08c6,0x2231,0x0064,0x112a,0x29f1,0x2949,0x5b15,0x21d1,0x2a11,0x3a12,
 0x29f2,0x31f2,0x21d2,0x3213,0x4233,0x4a13,0x8c58,0x8336,0x4a54,0x4233,0x3233,0x2a12,0x4212,0x4212,0x31f2,0x21d1,
 0x21d0,0x31f1,0x3212,0x21b1,0x118f,0x118f,0x21d0,0x19af,0x116e,0x198f,0x29d1,0x1990,0x116e,0x198f,0x116e,0x198e,
 0x31cf,0x29b0,0x21b0,0x21b0,0x4232,0x29d1,0x4a12,0x4a32,0x6a72,0xa313,0xb373,0x9a91,0x6a53,0x7294,0x6253,0x4212,
 0x29f2,0x39f1,0x2190,0x21d0,0x4251,0x19b0,0x3a11,0x29d0,0x218f,0x21b0,0x19b0,0x118f,0x31cf,0x31d0,0x29d0,0x1990,
 0x1990,0x19b0,0x21f1,0x3232,0x4253,0x3a33,0x21f2,0x2212,0x29f0,0x0886,0x0886,0x0866,0x08a7,0x10a7,0x08a8,0x08a8,
 0x0844,0x0065,0x0844,0x0023,0x08a8,0x08ea,0x090a,0x094d,0x09d1,0x2dfd,0x575f,0x3dfd,0x0970,0x094d,0x090a,0x0865,
 0x08a7,0x08c9,0x08c8,0x10a8,0x08a8,0x08a8,0x08a8,0x10a8,0x10a7,0x10a8,0x18c8,0x10c8,0x10a8,0x10a8,0x10a8,0x10a8,
 0x198d,0x198e,0x198e,0x110a,0x1109,0x0885,0x112a,0x1109,0x0884,0x08a7,0x0886,0x194b,0x1129,0x19cd,0x1129,0x19ae,
 0x08a7,0x0885,0x08a6,0x08c7,0x08a5,0x0885,0x0885,0x08a5,0x0885,0x0885,0x08a5,0x08a5,0x08a5,0x08a6,0x08a5,0x08a5,
 0x08a5,0x0864,0x0864,0x20e5,0x20a5,0x08a6,0x10c6,0x10a6,0x10a6,0x18a5,0x08a5,0x08a6,0x10c7,0x08c7,0x10c7,0x10c7,
 0x08e7,0x0908,0x0884,0x0885,0x10c6,0x0885,0x1086,0x0865,0x192b,0x5291,0x31ad,0x19d0,0x2233,0x29cf,0x10c8,0x08c7,
 0x0908,0x08a7,0x0086,0x21ae,0x2a32,0x19d0,0x19d0,0x19b0,0x19b0,0x19d0,0x11d0,0x39f0,0x29d0,0x11b0,0x19b0,0x19b0,
 0x19b0,0x198e,0x116e,0x198e,0x21b0,0x21b0,0x11b0,0x092c,0x0086,0x0086,0x0086,0x08a7,0x114d,0x112d,0x114d,0x194d,
 0x298e,0x114e,0x112d,0x112d,0x116f,0x198f,0x19af,0x19b0,0x19b0,0x21d0,0x19b0,0x11b0,0x118f,0x118f,0x198f,0x19af,
 0x19d0,0x19d0,0x21d0,0x19d0,0x19b0,0x19b0,0x19b0,0x19b0,0x19d0,0x19d0,0x21d0,0x19d0,0x19b0,0x19b0,0x19b0,0x19d0,
 0x19d0,0x19b0,0x19b0,0x19d0,0x19d0,0x19d0,0x19d0,0x19b0,0x19b0,0x19b0,0x19d0,0x19d0,0x19d0,0x19b0,0x19d0,0x19b0,
 0x21b0,0x19d0,0x19d0,0x19d0,0x19d0,0x21f0,0x21d0,0x21d0,0x21d0,0x21d0,0x21d0,0x21d0,0x218d,0x192c,0x08e9,0x19af,
 0x29d0,0x29d0,0x19d0,0x21b0,0x19b0,0x21d0,0x21d0,0x29d0,0x29d0,0x21d0,0x29d0,0x29d0,0x29d0,0x29d0,0x31d0,0x39f1,
 0x29d1,0x31f1,0x31d0,0x29d1,0x29d1,0x39d0,0x49f0,0x39d0,0x49d0,0x51f0,0x59f0,0x5a10,0x5211,0x4a11,0x4a11,0x41f1,
 0x31d0,0x39d0,0x31d0,0x39d0,0x39d1,0x39f1,0x39f1,0x29d1,0x29d0,0x29d0,0x29d1,0x21d0,0x29d0,0x21d0,0x21d0,0x29f1,
 0x29f1,0x29f1,0x29d1,0x21d0,0x29d0,0x29d1,0x29f1,0x31f1,0x29f1,0x21f1,0x21f1,0x3212,0x29f1,0x21d0,0x21d1,0x19d0,
 0x21d0,0x21f1,0x31f1,0x29f1,0x31f1,0x21d0,0x11d0,0x1a13,0x19f1,0x19d1,0x4232,0x31f1,0x19d1,0x21f1,0x19f1,0x3a12,
 0x31f1,0x392c,0x3824,0x28ea,0x21b0,0x29f2,0x4211,0x41f1,0x29f1,0x29d1,0x21f1,0x3212,0x29f2,0x31f2,0x21f1,0x3212,
 0x21f1,0x19d0,0x19af,0x08a7,0x11af,0x19af,0x10e8,0x114a,0x0085,0x08c7,0x114b,0x10e7,0x3251,0x21f1,0x62b2,0x6272,
 0x29f2,0x5273,0x29b1,0x218f,0x31d1,0x31f1,0x42d2,0x5273,0x4a33,0x3212,0x2a12,0x29f1,0x39f1,0x39f2,0x31f2,0x29f1,
 0x21d1,0x31f1,0x3212,0x21d1,0x19b0,0x19d1,0x2a12,0x19d0,0x1190,0x19af,0x31f1,0x198f,0x116e,0x116f,0x118f,0x19af,
 0x3a31,0x29d0,0x21b0,0x21d0,0x31f2,0x31f2,0x5252,0x3a33,0x5a12,0x82b2,0x9394,0x8292,0x5a53,0x5a53,0x5a52,0x3212,
 0x3a12,0x4a31,0x21b0,0x21b0,0x3a31,0x19b0,0x29d1,0x21b0,0x29b0,0x21d1,0x21b0,0x118f,0x29d0,0x39ef,0x31f0,0x19b0,
 0x19b0,0x19d0,0x2212,0x2a12,0x3212,0x2a12,0x21f2,0x2a32,0x21f1,0x0886,0x0886,0x0865,0x0886,0x0067,0x08a8,0x08a7,
 0x0844,0x0866,0x0844,0x0043,0x08a9,0x08ea,0x08ea,0x094d,0x09d1,0x465e,0x577f,0x35dd,0x0970,0x096d,0x090b,0x0865,
 0x08a7,0x08c9,0x08a8,0x0886,0x0886,0x0886,0x0886,0x08a7,0x08a7,0x10a7,0x18a7,0x1887,0x1087,0x1087,0x10a8,0x10a7,
 0x196c,0x196c,0x10e8,0x0022,0x0844,0x0843,0x0844,0x0843,0x0043,0x0022,0x0044,0x08ea,0x0885,0x08a7,0x08a7,0x08a7,
 0x08a7,0x08a7,0x08a7,0x08a7,0x08a7,0x08a7,0x08a7,0x08c8,0x08c8,0x08e8,0x08e8,0x08c8,0x08c8,0x08c8,0x08c8,0x08c8,
 0x08c8,0x0886,0x10e8,0x31cd,0x2909,0x08c8,0x18e9,0x10c8,0x10c8,0x20e8,0x08c8,0x10e9,0x190a,0x110a,0x1109,0x10e9,
 0x10e8,0x10c8,0x10c8,0x10e9,0x1929,0x10c8,0x20c8,0x10a7,0x08a6,0x18a6,0x3084,0x116c,0x19af,0x0001,0x0001,0x118e,
 0x0909,0x0065,0x08c8,0x2129,0x298c,0x11d1,0x19d1,0x19d0,0x19b0,0x19d0,0x11b0,0x29f0,0x21d0,0x11af,0x11af,0x118f,
 0x19af,0x19d0,0x19d0,0x41d0,0x31b0,0x21b0,0x19d0,0x116d,0x08e9,0x08c8,0x08c9,0x08a8,0x114d,0x114e,0x114e,0x116e,
 0x298f,0x114e,0x114d,0x114d,0x112c,0x212d,0x198f,0x19af,0x19af,0x19b0,0x19af,0x11af,0x11af,0x19af,0x19af,0x19b0,
 0x19af,0x19af,0x19b0,0x19af,0x19af,0x19af,0x19af,0x19d0,0x19b0,0x19d0,0x19d0,0x19b0,0x19af,0x19b0,0x19b0,0x19b0,
 0x19b0,0x19b0,0x19b0,0x19b0,0x19b0,0x19b0,0x19b0,0x19b0,0x19b0,0x19b0,0x19b0,0x19b0,0x19b0,0x19b0,0x19b0,0x19b0,
 0x19b0,0x19b0,0x19b0,0x19d0,0x19d0,0x19d0,0x19d0,0x21d0,0x21d0,0x19d0,0x19d0,0x21d0,0x0886,0x0865,0x08e8,0x0086,
 0x10e9,0x29f1,0x21d0,0x21d0,0x21d0,0x21d0,0x21d0,0x21d0,0x21d0,0x19d0,0x29d0,0x29d0,0x29d0,0x31d0,0x29d0,0x29d0,
 0x31f0,0x29d0,0x39d0,0x41f1,0x49f1,0x39f1,0x5210,0x49f0,0x5a10,0x6230,0x6230,0x6a30,0x5a10,0x41f0,0x49f0,0x49f0,
 0x31d0,0x39d0,0x31f0,0x31f1,0x21d1,0x31d1,0x29f1,0x21d0,0x21d0,0x21d0,0x29d0,0x21d0,0x21d0,0x29d0,0x19d0,0x21d0,
 0x29d1,0x21d1,0x21d1,0x21d0,0x21d0,0x21d1,0x21d0,0x21d1,0x21d1,0x21d1,0x21f1,0x3232,0x21f1,0x21d1,0x21d1,0x21d1,
 0x21d1,0x21d1,0x29f1,0x29f1,0x29f1,0x19d0,0x11b0,0x2211,0x19d1,0x19d1,0x29d1,0x21d1,0x21d1,0x21f1,0x19f1,0x29f1,
 0x29b0,0x08a7,0x00c7,0x08c8,0x216e,0x2a12,0x3a12,0x4212,0x21d1,0x19b0,0x21b0,0x29f1,0x29f2,0x29f2,0x21f1,0x29f2,
 0x21f2,0x19af,0x08c9,0x08c9,0x090a,0x090a,0x08ea,0x0864,0x0064,0x0885,0x0886,0x0886,0x0044,0x110a,0x2a12,0x294b,
 0x4212,0x4a34,0x10c9,0x0002,0x0066,0x08a7,0x098b,0x18a9,0x396e,0x0084,0x196d,0x2a12,0x29f1,0x29f1,0x29f1,0x29f1,
 0x21f2,0x31f1,0x21f2,0x21f1,0x198f,0x11d1,0x1a33,0x19d0,0x116e,0x29b0,0x29f2,0x19b0,0x118f,0x198f,0x198f,0x198f,
 0x3231,0x31f0,0x21af,0x29d1,0x3a12,0x3a12,0x5a73,0x4232,0x5232,0x82b2,0x9374,0x82d3,0x6273,0x5232,0x4a12,0x29f1,
 0x3212,0x3a12,0x21d1,0x3a11,0x19b0,0x19b0,0x21d0,0x19b0,0x1990,0x21b0,0x21d1,0x1990,0x21b0,0x39f0,0x31f0,0x19b1,
 0x21d1,0x19d1,0x2212,0x3212,0x31f2,0x29f2,0x21f2,0x2212,0x21d1,0x0886,0x0886,0x0024,0x2969,0x938e,0x10c9,0x08a7,
 0x0844,0x0844,0x0844,0x0044,0x08a8,0x08ea,0x090a,0x094d,0x11f1,0x361d,0x4f5f,0x3dfc,0x0970,0x094d,0x08ea,0x0865,
 0x0887,0x08c9,0x08a7,0x0866,0x0887,0x0866,0x0887,0x1087,0x0886,0x4907,0x6968,0x4107,0x7168,0x30c6,0x20c8,0x10a7,
 0x08e8,0x08e9,0x08c6,0x0043,0x0865,0x0844,0x0865,0x0844,0x0044,0x0843,0x0865,0x0866,0x0844,0x0844,0x0844,0x0844,
 0x0845,0x0844,0x0844,0x0844,0x0844,0x0844,0x0844,0x0844,0x0844,0x0844,0x0844,0x0844,0x0844,0x0844,0x0844,0x0844,
 0x0844,0x0864,0x0886,0x08c9,0x0044,0x0022,0x0023,0x0043,0x0044,0x0044,0x0044,0x0044,0x0844,0x0844,0x0844,0x0023,
 0x0043,0x0043,0x0023,0x0023,0x0023,0x0043,0x0043,0x0043,0x0844,0x0865,0x1065,0x19ae,0x198d,0x0000,0x0022,0x112b,
 0x112b,0x08a7,0x092c,0x08c8,0x090a,0x19f1,0x19d0,0x19d0,0x19d0,0x19d0,0x11b0,0x19b0,0x19b0,0x19b0,0x19b0,0x19d0,
 0x19b0,0x19d0,0x11b0,0x71af,0x51d0,0x21d0,0x19d0,0x116d,0x08e9,0x08c8,0x08ea,0x08ea,0x19b0,0x19b0,0x11af,0x19d0,
 0x29f1,0x19b0,0x118f,0x198f,0x31af,0x896c,0x398f,0x11af,0x19b0,0x19b0,0x19b0,0x19b0,0x19b0,0x19b0,0x19b0,0x19b0,
 0x19b0,0x19b0,0x19d0,0x19b0,0x19af,0x19af,0x19b0,0x19d0,0x19d0,0x19d0,0x19d0,0x19b0,0x19b0,0x19b0,0x19b0,0x19b0,
 0x19d0,0x19d0,0x19d0,0x19b0,0x19b0,0x19b0,0x19d0,0x19d0,0x19b0,0x19b0,0x19b0,0x19b0,0x19b0,0x19b0,0x19b0,0x19b0,
 0x19b0,0x19b0,0x19b0,0x19d0,0x19d0,0x19d0,0x19d0,0x19d0,0x21d0,0x21d0,0x21d0,0x21f1,0x08c8,0x0023,0x08c8,0x08a7,
 0x08e9,0x19f1,0x19d0,0x21d0,0x29d0,0x21d0,0x21d0,0x21d0,0x21d1,0x29f1,0x29f1,0x29d1,0x29d1,0x29d0,0x29d0,0x29f0,
 0x31f0,0x21d0,0x31d1,0x31f1,0x29d1,0x41f0,0x41d0,0x41f0,0x5211,0x5a31,0x6a51,0x5a10,0x49f0,0x41f0,0x49f0,0x41d0,
 0x31d0,0x39f0,0x29f0,0x31f1,0x29d0,0x29d1,0x29d1,0x21d0,0x21b0,0x21b0,0x21b0,0x21d0,0x21d0,0x29d0,0x21d0,0x21d1,
 0x21d1,0x21d1,0x21d1,0x21d0,0x29d1,0x21d1,0x21d0,0x29d1,0x29d1,0x21d1,0x21d1,0x2a12,0x21f1,0x21d1,0x21d1,0x19d1,
 0x21d1,0x21f1,0x29f1,0x29d1,0x29f1,0x19d0,0x19b0,0x21f1,0x19f1,0x19d1,0x21d1,0x21d1,0x21d1,0x21f1,0x21d1,0x3212,
 0x29f1,0x10c9,0x10a8,0x08a6,0x192c,0x21b0,0x39f0,0x39f1,0x21d2,0x21f1,0x21f1,0x2a12,0x29f2,0x21f2,0x21f2,0x21f2,
 0x1a12,0x19d0,0x08c9,0x08c8,0x08c9,0x090a,0x08e9,0x0044,0x0044,0x0865,0x0045,0x0844,0x0044,0x118d,0x116d,0x0085,
 0x216d,0x3212,0x0044,0x0064,0x0044,0x0064,0x228f,0x216b,0x10a6,0x0021,0x08a7,0x2a12,0x3213,0x3212,0x29f2,0x2a12,
 0x21f2,0x29f1,0x29f1,0x21d1,0x19b0,0x19d1,0x3a52,0x11af,0x39f0,0x4252,0x2a95,0x19d1,0x19b0,0x19b0,0x19af,0x19af,
 0x29d0,0x39f0,0x21d0,0x21d1,0x29f1,0x29d1,0x41f2,0x31f2,0x4a33,0x7ab3,0x8b13,0x6a73,0x5232,0x4a33,0x5233,0x29d1,
 0x29d1,0x3a11,0x21b0,0x21d1,0x31f1,0x19d0,0x31f1,0x19b0,0x19b0,0x31f1,0x19b1,0x19b0,0x21d1,0x21f1,0x19d0,0x19d1,
 0x19d1,0x21d1,0x21f1,0x2a12,0x3212,0x2a12,0x19f2,0x21f2,0x19d0,0x0886,0x0886,0x0024,0x41ca,0x8b8e,0x08c9,0x08a8,
 0x0844,0x0845,0x0844,0x0044,0x08a9,0x08ea,0x090a,0x094d,0x11f1,0x363d,0x4f1f,0x3dbd,0x0970,0x092d,0x08ea,0x0865,
 0x0887,0x10ca,0x08a8,0x0886,0x08a7,0x0887,0x18c9,0x18a7,0x1887,0xa2a8,0xc309,0x7a08,0xec0b,0x5967,0x30e8,0x18c8,
 0x114c,0x114c,0x110a,0x0043,0x0865,0x0844,0x0844,0x0843,0x0043,0x0022,0x0865,0x08a7,0x0044,0x0865,0x0865,0x0865,
 0x0865,0x0865,0x0865,0x0865,0x0865,0x0865,0x0865,0x0865,0x0865,0x0865,0x0865,0x0865,0x0865,0x0865,0x0865,0x0865,
 0x0865,0x0865,0x0886,0x10e9,0x0043,0x0043,0x0864,0x0864,0x0865,0x0865,0x0864,0x0864,0x0865,0x0865,0x0865,0x0865,
 0x0865,0x0865,0x0865,0x0864,0x0844,0x0865,0x0865,0x0044,0x0864,0x0864,0x0864,0x112a,0x112a,0x0022,0x0022,0x090a,
 0x0885,0x0064,0x08c7,0x0085,0x110a,0x21f1,0x19d0,0x19d0,0x19d0,0x19d0,0x19d0,0x19d0,0x21f1,0x19d1,0x19d0,0x19d0,
 0x19d0,0x19d0,0x19d0,0x30ea,0x292c,0x19d1,0x19d0,0x110b,0x08a7,0x08ea,0x08e9,0x08e9,0x198f,0x19b0,0x11d0,0x19d0,
 0x21d0,0x19b0,0x19af,0x19b0,0x216e,0x30a8,0x218e,0x11b0,0x11b0,0x19d0,0x19d0,0x19b0,0x19b0,0x19b0,0x19d0,0x19b0,
 0x19b0,0x19b0,0x19d0,0x19b0,0x19af,0x19af,0x19af,0x19af,0x19af,0x19af,0x19b0,0x19af,0x19af,0x19af,0x19af,0x19af,
 0x19af,0x19b0,0x19b0,0x19b0,0x19b0,0x19b0,0x19b0,0x19b0,0x19af,0x19af,0x19af,0x19b0,0x19b0,0x19b0,0x19b0,0x19b0,
 0x19b0,0x19b0,0x19b0,0x19b0,0x19b0,0x19d0,0x19d0,0x19d0,0x21d0,0x21d1,0x19af,0x10ea,0x10c9,0x0865,0x08c8,0x08c8,
 0x08c9,0x214b,0x21f1,0x198f,0x19af,0x19d0,0x19d0,0x21b0,0x218e,0x218e,0x218e,0x31cf,0x29f1,0x21d1,0x29d1,0x29f1,
 0x29d0,0x21d0,0x21d0,0x21d0,0x21d0,0x29d0,0x29d0,0x31d1,0x49f1,0x49f1,0x4a11,0x5211,0x49f0,0x39f0,0x41f0,0x39d0,
 0x31d0,0x31d0,0x21d0,0x31f0,0x29d0,0x29d0,0x29d1,0x21d0,0x21b0,0x21b0,0x21d0,0x21d0,0x21d0,0x29d0,0x21d0,0x21d1,
 0x21d1,0x21d1,0x21d1,0x21d0,0x29d1,0x21b1,0x21d1,0x21d1,0x21d1,0x19d0,0x29f1,0x21f1,0x21d1,0x19d0,0x19d0,0x19d0,
 0x19d0,0x19d1,0x21f1,0x21d1,0x29f1,0x19d1,0x19d0,0x21f1,0x19d0,0x19f1,0x21f1,0x21f1,0x21f2,0x21f1,0x19f1,0x3212,
 0x29f1,0x08a7,0x0886,0x0886,0x196d,0x21f1,0x31f1,0x214d,0x192c,0x114d,0x114c,0x114b,0x1109,0x114b,0x114c,0x116c,
 0x1a12,0x19f1,0x08c9,0x08c9,0x08c8,0x08ea,0x08c8,0x0865,0x0866,0x0866,0x0065,0x0045,0x0044,0x08c6,0x0885,0x08c7,
 0x08e9,0x112a,0x0865,0x0865,0x0865,0x0045,0x1109,0x1109,0x0043,0x0844,0x0865,0x196d,0x218e,0x29f2,0x21f2,0x29f2,
 0x21f1,0x29f2,0x2a12,0x198f,0x114d,0x196e,0x39cf,0x116e,0x29ef,0x2a51,0x2273,0x1190,0x11b0,0x21cf,0x5a2f,0x4a31,
 0x4231,0x4231,0x29f1,0x21d1,0x21d1,0x21d1,0x29f2,0x3212,0x5233,0x6a93,0x8333,0x5a52,0x4212,0x4213,0x3a33,0x29f2,
 0x21d1,0x29f1,0x118f,0x4a31,0x39f0,0x194c,0x296d,0x196f,0x19d1,0x2a12,0x19d1,0x19d1,0x21d2,0x21d1,0x21d0,0x19b0,
 0x19b0,0x21d1,0x19f2,0x2a12,0x29f1,0x29f2,0x21f1,0x1a12,0x19f1,0x0886,0x0886,0x0024,0x49a9,0xa3cd,0x08ca,0x08a8,
 0x0844,0x0844,0x0865,0x0044,0x08a8,0x08ea,0x090b,0x094d,0x11f1,0x365d,0x471f,0x359c,0x0970,0x094d,0x090b,0x0865,
 0x08a7,0x10ea,0x08a7,0x18c9,0x210b,0x1087,0x290c,0x20e8,0x28c8,0xbb09,0xd40b,0x8ac9,0xf4cb,0x5126,0x30e8,0x10a8,
 0x112b,0x08c7,0x08e9,0x0023,0x0865,0x0844,0x0844,0x0844,0x0043,0x0022,0x0885,0x08c8,0x0844,0x0865,0x0865,0x0865,
 0x0865,0x0865,0x0865,0x0865,0x0865,0x0865,0x0865,0x0865,0x0865,0x0865,0x0865,0x0865,0x0865,0x0865,0x0865,0x0865,
 0x0865,0x0864,0x0865,0x10c7,0x0043,0x0843,0x0844,0x0844,0x0844,0x0844,0x0844,0x0844,0x0864,0x0844,0x0844,0x0864,
 0x0844,0x0844,0x0844,0x0844,0x0844,0x0844,0x0844,0x0043,0x0043,0x0043,0x0823,0x11f0,0x1a31,0x0022,0x0043,0x114c,
 0x0064,0x0022,0x0909,0x0085,0x1929,0x3a51,0x11d0,0x19d0,0x19d1,0x19d1,0x19d1,0x19d1,0x19f1,0x19d1,0x19d0,0x19d0,
 0x19d0,0x19b0,0x19d0,0x00e9,0x08ea,0x19d1,0x19d0,0x0086,0x090c,0x08a8,0x112b,0x114c,0x110a,0x118f,0x19d0,0x19b0,
 0x19b0,0x19af,0x11af,0x118f,0x090a,0x010a,0x08e9,0x19af,0x19b0,0x19b0,0x19d0,0x19b0,0x19d0,0x19d0,0x19d0,0x19b0,
 0x19b0,0x19b0,0x19d0,0x19b0,0x19b0,0x19af,0x19b0,0x19af,0x19af,0x19af,0x19b0,0x19af,0x19af,0x19af,0x19af,0x19af,
 0x19af,0x19b0,0x19af,0x19af,0x19af,0x19af,0x19af,0x19af,0x19af,0x11af,0x11af,0x11af,0x11af,0x11af,0x19b0,0x19b0,
 0x19b0,0x19b0,0x19b0,0x19b0,0x19b0,0x19b0,0x19d0,0x19d0,0x19d0,0x19f1,0x198e,0x0065,0x0886,0x0886,0x0865,0x0886,
 0x0045,0x0865,0x21d0,0x114c,0x198e,0x21d0,0x21f1,0x08a7,0x00a7,0x0909,0x090a,0x2908,0x29d0,0x21d1,0x21d0,0x29d1,
 0x29d1,0x29f1,0x29d1,0x31d1,0x31f1,0x39f1,0x39f1,0x41f1,0x5210,0x5a10,0x5a11,0x6231,0x4a11,0x41f1,0x39f1,0x29d1,
 0x29d1,0x29d0,0x21d0,0x31f0,0x29d1,0x31f1,0x29d1,0x21d0,0x21d0,0x21d0,0x21d0,0x21d0,0x21d0,0x21d0,0x21d0,0x19d1,
 0x21d0,0x21d0,0x21d0,0x29d1,0x31b1,0x29b1,0x21b1,0x21d1,0x21d1,0x19d0,0x21f1,0x29f1,0x19d1,0x19d0,0x19d0,0x19d0,
 0x19d0,0x19d0,0x21d1,0x21d1,0x21f1,0x19d1,0x19d1,0x19d0,0x19d1,0x19d1,0x21f1,0x21f1,0x21f1,0x21f1,0x21f1,0x2a12,
 0x21d0,0x10e8,0x10e9,0x10c8,0x196d,0x29f3,0x3a13,0x18eb,0x218e,0x198f,0x19ae,0x08c7,0x112a,0x114c,0x08e9,0x114c,
 0x118d,0x08e8,0x0887,0x08a8,0x0865,0x08c8,0x0886,0x0044,0x0044,0x0844,0x0043,0x0045,0x0022,0x08e8,0x08c6,0x0044,
 0x08e8,0x1109,0x0045,0x0865,0x0865,0x0865,0x0887,0x0065,0x0864,0x0844,0x0864,0x118e,0x112a,0x2a12,0x21d1,0x21d1,
 0x19d1,0x21d1,0x21d1,0x116f,0x090c,0x112d,0x092d,0x114d,0x090c,0x090c,0x114e,0x112c,0x090b,0x110b,0x190b,0x29b0,
 0x19d1,0x21b0,0x19b0,0x21f1,0x29f2,0x21f2,0x2a12,0x3a12,0x5233,0x6a93,0x7ad3,0x6a73,0x4a12,0x3a12,0x29f2,0x21f1,
 0x21f2,0x29d1,0x198f,0x198f,0x114e,0x0043,0x0065,0x08ca,0x19d0,0x21f2,0x19d1,0x198f,0x116e,0x19b0,0x19d1,0x29f1,
 0x21d1,0x11b1,0x21f2,0x21f2,0x19f1,0x21f2,0x21f2,0x2213,0x19f1,0x0886,0x0886,0x0044,0x2109,0x420c,0x08c9,0x08a8,
 0x0844,0x0844,0x0065,0x0044,0x08a8,0x08ea,0x090b,0x094d,0x09f1,0x367d,0x577f,0x45bc,0x0970,0x094d,0x08ea,0x0865,
 0x0887,0x10ea,0x08a8,0x08a7,0x10c8,0x0866,0x10a7,0x10a7,0x10a7,0x4927,0x5968,0x3907,0x6188,0x30c6,0x28a7,0x10a7,
 0x198c,0x198c,0x1109,0x0023,0x0864,0x0864,0x0844,0x0844,0x0843,0x0042,0x0886,0x08a7,0x0844,0x0865,0x0865,0x0865,
 0x0865,0x0865,0x0865,0x0865,0x0865,0x0865,0x0865,0x0865,0x0865,0x0865,0x0865,0x0865,0x0865,0x0865,0x0865,0x0865,
 0x0865,0x0844,0x0865,0x10c8,0x0864,0x0864,0x0864,0x0844,0x0864,0x0864,0x0865,0x0865,0x0865,0x0865,0x0865,0x0865,
 0x0866,0x0865,0x0865,0x0865,0x0865,0x0865,0x0865,0x0844,0x0865,0x0865,0x0866,0x11ce,0x11cf,0x0043,0x00a6,0x114c,
 0x10e8,0x1063,0x11ae,0x08a6,0x2169,0x3252,0x11d0,0x19d0,0x11af,0x11af,0x19d0,0x19d1,0x19d1,0x19d0,0x19d0,0x19d0,
 0x19d0,0x19d1,0x19b0,0x08c9,0x10ea,0x19f2,0x19d0,0x0086,0x0886,0x0065,0x0886,0x08a7,0x0886,0x118e,0x19d0,0x11b0,
 0x19d0,0x11d0,0x19d0,0x11af,0x090a,0x110a,0x090a,0x19b0,0x19d0,0x19d0,0x19d0,0x19d0,0x19d0,0x19d0,0x19d0,0x19b0,
 0x19b0,0x19b0,0x19d0,0x19d0,0x19b0,0x19b0,0x19b0,0x19af,0x19af,0x19af,0x19af,0x19af,0x19af,0x19af,0x19af,0x19af,
 0x19af,0x19af,0x19af,0x19af,0x198f,0x19af,0x19af,0x19af,0x19af,0x11af,0x11af,0x11af,0x11af,0x11af,0x11af,0x19b0,
 0x19b0,0x19b0,0x19b0,0x19b0,0x19b0,0x19b0,0x21d1,0x19d0,0x19d1,0x21f1,0x198e,0x0866,0x0886,0x0886,0x0886,0x08a7,
 0x0886,0x0886,0x19f0,0x116d,0x19af,0x2212,0x21f2,0x0865,0x094b,0x118d,0x1a0f,0x00c8,0x19af,0x29f1,0x21d1,0x21d1,
 0x21d0,0x29d1,0x19d0,0x19d0,0x21d0,0x29d0,0x31d1,0x29d0,0x29d0,0x29f0,0x5211,0x5a11,0x39d0,0x41f1,0x41f1,0x39d0,
 0x21b0,0x21b0,0x29b0,0x21b0,0x21d1,0x21d0,0x21b0,0x21d0,0x21b0,0x21d0,0x21d0,0x21d1,0x21d0,0x21d1,0x21d1,0x21d0,
 0x21d1,0x21d0,0x29b0,0x516f,0x812e,0x5190,0x29b1,0x21b1,0x21d1,0x19d0,0x21d1,0x21d1,0x19d1,0x19d1,0x19d0,0x19d0,
 0x19d0,0x19b0,0x21d1,0x21d1,0x21d1,0x19d1,0x19d0,0x19d1,0x19d0,0x19d1,0x21f1,0x21f1,0x21f1,0x21f1,0x21f1,0x2a12,
 0x2a11,0x08a6,0x0886,0x0064,0x192b,0x29f3,0x4a33,0x292a,0x21d0,0x19af,0x19d0,0x114a,0x2232,0x19f1,0x114c,0x1a32,
 0x1211,0x0908,0x0065,0x0887,0x0043,0x0886,0x0865,0x0043,0x0065,0x0044,0x0044,0x0865,0x0043,0x0909,0x094a,0x0001,
 0x08c7,0x114a,0x0023,0x0043,0x0043,0x0043,0x0886,0x0865,0x0043,0x0843,0x0885,0x19ae,0x114b,0x2233,0x21f2,0x21f2,
 0x21f2,0x21f1,0x21f1,0x19b0,0x1990,0x19b1,0x29f2,0x29f2,0x19b1,0x2212,0x4b35,0x116e,0x196e,0x116e,0x29ae,0x31d0,
 0x29f2,0x21d1,0x21d1,0x19f1,0x2212,0x21f2,0x3212,0x3212,0x3a13,0x5a73,0x7334,0x5253,0x4212,0x31f2,0x3212,0x21f2,
 0x21f2,0x31f1,0x1990,0x19b1,0x114d,0x08a8,0x08c9,0x08a7,0x118e,0x1a13,0x110a,0x0064,0x0064,0x114c,0x2213,0x19d1,
 0x19d1,0x19d1,0x19f2,0x2a12,0x21f2,0x19f2,0x2212,0x2233,0x19f1,0x0886,0x0886,0x0865,0x0887,0x0087,0x10c8,0x0887,
 0x0844,0x0845,0x0844,0x0044,0x08c9,0x08ea,0x090b,0x094d,0x09d1,0x363d,0x473f,0x2d7c,0x0970,0x092d,0x08eb,0x0865,
 0x08a7,0x10ea,0x10c9,0x08a8,0x08a8,0x08a8,0x08a7,0x10a8,0x10a8,0x10a7,0x1087,0x20a8,0x18a8,0x10a8,0x10a8,0x0887,
 0x0043,0x0043,0x0043,0x0844,0x0844,0x0865,0x0844,0x0844,0x0844,0x0844,0x0886,0x0886,0x0844,0x0865,0x0865,0x0865,
 0x0865,0x0865,0x0866,0x0866,0x0866,0x0866,0x0886,0x0886,0x0886,0x0886,0x0886,0x0886,0x0886,0x0886,0x0886,0x0886,
 0x0865,0x0864,0x0886,0x10c8,0x0887,0x0886,0x0886,0x0886,0x0886,0x0887,0x08a7,0x0887,0x0887,0x0887,0x1087,0x10a7,
 0x10a7,0x10a7,0x0887,0x1087,0x10a7,0x10a7,0x10a7,0x10a7,0x0887,0x0865,0x0886,0x0043,0x0843,0x0043,0x0043,0x0043,
 0x20e8,0x49aa,0x10e8,0x1109,0x1908,0x08a7,0x08a8,0x10c9,0x1885,0x10a5,0x19f1,0x19f1,0x19d0,0x19b0,0x19b0,0x19d0,
 0x19d1,0x1a12,0x116d,0x0886,0x08c8,0x1a12,0x19d0,0x08a7,0x110b,0x0886,0x08c8,0x08c8,0x090a,0x19d0,0x19f1,0x19d0,
 0x19d0,0x19d1,0x19d1,0x11b0,0x090a,0x08e9,0x0909,0x19d0,0x19d1,0x19d1,0x19d0,0x19d0,0x19d0,0x19f1,0x21d0,0x29af,
 0x19b0,0x19b0,0x19b0,0x19b0,0x19b0,0x19af,0x19af,0x11af,0x19af,0x19af,0x19af,0x19af,0x11af,0x11af,0x19af,0x19af,
 0x19af,0x19af,0x19af,0x19af,0x19af,0x19af,0x19af,0x19af,0x19af,0x11af,0x11af,0x11af,0x11b0,0x11b0,0x11af,0x19b0,
 0x19b0,0x19b0,0x19b0,0x19d0,0x19d0,0x19d0,0x21d1,0x21d1,0x21d1,0x21f1,0x198e,0x0866,0x0886,0x0886,0x0865,0x08a7,
 0x0865,0x08a7,0x19f0,0x08e8,0x110a,0x21d0,0x196e,0x0887,0x08c8,0x08c8,0x11cf,0x0909,0x19b0,0x21f1,0x21d1,0x21f1,
 0x29d1,0x29d1,0x21d0,0x29d1,0x21d0,0x29d0,0x29d1,0x31d1,0x39f1,0x4211,0x4211,0x4211,0x39f1,0x39f0,0x31d0,0x29b0,
 0x21b0,0x21b0,0x21b0,0x19b0,0x21d0,0x21d1,0x21b0,0x21b0,0x19b0,0x21d0,0x19d0,0x19d0,0x21d0,0x19d0,0x21d0,0x19d1,
 0x21d1,0x21b0,0x3191,0xa14d,0xfa8b,0x790e,0x29d1,0x21b1,0x21d1,0x19d0,0x19d1,0x21d1,0x19d1,0x19d1,0x19d0,0x19b0,
 0x19d0,0x19d0,0x19d0,0x19d0,0x19d1,0x19d1,0x19d1,0x19d1,0x19f1,0x21f1,0x21f1,0x21f2,0x21f2,0x21f2,0x19f1,0x2212,
 0x21d0,0x10e8,0x110a,0x08c8,0x08a7,0x10c8,0x18e9,0x0886,0x08c8,0x10e9,0x08e9,0x08a7,0x08e8,0x0886,0x08a7,0x114b,
 0x114b,0x0909,0x0929,0x114a,0x114b,0x116c,0x116c,0x116c,0x116c,0x116b,0x116b,0x114b,0x114b,0x114b,0x114b,0x092a,
 0x092a,0x096b,0x114b,0x114a,0x112a,0x1129,0x112a,0x112a,0x08e9,0x0865,0x0886,0x0886,0x0887,0x08e9,0x08c8,0x198f,
 0x2233,0x21f2,0x21f2,0x19d1,0x19d0,0x19d1,0x3274,0x3a73,0x1a33,0x2a94,0x4377,0x1a14,0x19f2,0x2233,0x2213,0x29f2,
 0x29f2,0x21f2,0x21f1,0x2211,0x21f2,0x21f2,0x3213,0x29f2,0x4212,0x6273,0x7395,0x5a73,0x4213,0x4213,0x3212,0x19d1,
 0x21f2,0x2a33,0x19d1,0x1a13,0x08e9,0x08c7,0x08e9,0x08a6,0x0864,0x1a13,0x0086,0x114c,0x118f,0x1109,0x2213,0x21f1,
 0x19f1,0x19d1,0x19f1,0x2212,0x2a12,0x1a12,0x2233,0x2234,0x19f1,0x08a7,0x0886,0x0866,0x08a7,0x08a7,0x08c8,0x08a7,
 0x0844,0x0844,0x0864,0x0844,0x08c9,0x08ea,0x090b,0x094d,0x09d1,0x363d,0x473f,0x463d,0x09b1,0x094d,0x090b,0x0865,
 0x08c8,0x08e9,0x10c9,0x10c8,0x10c8,0x10a8,0x10c8,0x10a8,0x10a8,0x10c8,0x10c8,0x10c8,0x10c8,0x10c8,0x10a8,0x10a8,
 0x0042,0x0022,0x0022,0x0043,0x0843,0x0843,0x0043,0x0043,0x0043,0x0042,0x0864,0x0864,0x0022,0x0042,0x0042,0x0043,
 0x0043,0x0043,0x0043,0x0043,0x0043,0x0843,0x0043,0x0043,0x0043,0x0043,0x0843,0x0844,0x0843,0x0843,0x0843,0x0043,
 0x0043,0x0043,0x0865,0x0886,0x0864,0x0043,0x0843,0x0843,0x0843,0x0843,0x0843,0x1043,0x1044,0x1044,0x0844,0x0843,
 0x0843,0x1044,0x0843,0x1064,0x0864,0x0864,0x0864,0x0843,0x0843,0x0864,0x0864,0x0022,0x0043,0x0043,0x0043,0x0022,
 0x0866,0x0886,0x0844,0x0844,0x0044,0x0844,0x0844,0x0844,0x1044,0x1885,0x2213,0x19f2,0x19d2,0x19b0,0x19d1,0x19f1,
 0x19f1,0x1a12,0x114c,0x0064,0x0886,0x114c,0x19af,0x0886,0x0887,0x0066,0x0887,0x08a8,0x08c9,0x19f2,0x19f2,0x19d1,
 0x19d1,0x19d1,0x19d0,0x11af,0x0909,0x08e9,0x0909,0x19d1,0x19f1,0x19f1,0x19d0,0x19d1,0x19f1,0x19ae,0x21f1,0x41d0,
 0x19b0,0x19d0,0x19b0,0x19d0,0x19b0,0x19b0,0x19b0,0x19af,0x19af,0x19af,0x19b0,0x19b0,0x19af,0x19af,0x19af,0x19af,
 0x19af,0x19af,0x19af,0x11af,0x19af,0x19af,0x19af,0x19af,0x19af,0x19af,0x11b0,0x11b0,0x11b0,0x1990,0x19b0,0x19b0,
 0x19b0,0x19b0,0x19b0,0x19b0,0x19d0,0x19d1,0x21d1,0x19d0,0x19d1,0x21f1,0x198e,0x0866,0x0886,0x0886,0x08a7,0x08c9,
 0x0865,0x08a7,0x198d,0x08a6,0x08a6,0x08a6,0x0064,0x0023,0x0866,0x0023,0x114b,0x112a,0x21af,0x31f2,0x29d1,0x29f2,
 0x29f2,0x21d1,0x29d1,0x29d1,0x31f1,0x31f1,0x31f2,0x39f1,0x41f1,0x41f2,0x5231,0x4a11,0x41f2,0x39f1,0x41f1,0x39f1,
 0x31d1,0x29d0,0x29d0,0x29d1,0x29f1,0x29d1,0x29d1,0x29d1,0x21b0,0x21d1,0x21d1,0x21d1,0x21d1,0x21d1,0x21d1,0x21d1,
 0x21d1,0x21d1,0x31b1,0x614e,0x60a7,0x51b0,0x21d0,0x21d1,0x21d1,0x19d1,0x19d1,0x21d1,0x19d1,0x19d1,0x19d0,0x19d1,
 0x19d1,0x19d1,0x19d1,0x19d1,0x19d1,0x19d1,0x19d1,0x19d1,0x19f1,0x21f1,0x21f2,0x21f2,0x19f2,0x21f2,0x21f2,0x2212,
 0x19cf,0x10e8,0x112a,0x10e8,0x0064,0x0865,0x0065,0x0866,0x0065,0x0886,0x0865,0x0845,0x0844,0x0044,0x0885,0x0886,
 0x0865,0x0886,0x08a7,0x08a8,0x08a7,0x08a6,0x08a7,0x08c7,0x08a6,0x0886,0x08a6,0x08a6,0x08a7,0x08a7,0x08a7,0x08a7,
 0x08a7,0x0886,0x08a7,0x0886,0x0865,0x0865,0x0865,0x0865,0x0886,0x0844,0x0865,0x0865,0x0865,0x0844,0x0023,0x196d,
 0x2213,0x21f2,0x19f2,0x2212,0x19d2,0x19d2,0x3ab5,0x32b5,0x11f2,0x2212,0x32d5,0x19d2,0x19d1,0x21b1,0x21d2,0x21d1,
 0x3a12,0x29f2,0x21f1,0x21f2,0x21f2,0x2212,0x29f3,0x29f2,0x4213,0x72b3,0x72f4,0x6a94,0x4a54,0x4233,0x31f2,0x21f1,
 0x3212,0x2a12,0x19f1,0x19d1,0x0909,0x0884,0x08a6,0x0043,0x0021,0x2233,0x114c,0x1109,0x114b,0x196d,0x2234,0x19f2,
 0x19f2,0x19d1,0x21f2,0x2212,0x2212,0x2212,0x2233,0x2254,0x2212,0x08a7,0x0887,0x0866,0x0887,0x08a7,0x10c9,0x08c8,
 0x0864,0x0845,0x0865,0x0844,0x08a8,0x08ea,0x090b,0x092d,0x09f1,0x3e9d,0x4f5f,0x363e,0x11f2,0x116e,0x090b,0x0865,
 0x08c8,0x08e9,0x10c9,0x10a8,0x10c8,0x10a8,0x10c8,0x10c9,0x10c8,0x10a7,0x10c8,0x10c8,0x10a8,0x10a8,0x10a8,0x10a8,
 0x0042,0x0042,0x0042,0x0022,0x0042,0x0042,0x0042,0x0843,0x0042,0x0022,0x0885,0x08a6,0x0022,0x0042,0x0022,0x0022,
 0x0042,0x0042,0x0042,0x0042,0x0042,0x0042,0x0042,0x0042,0x0042,0x0042,0x0042,0x0043,0x0042,0x0042,0x0042,0x0042,
 0x0042,0x0042,0x0865,0x08a8,0x20a6,0x0042,0x0042,0x0043,0x0843,0x0043,0x0843,0x0043,0x0843,0x0043,0x0043,0x0043,
 0x0043,0x0843,0x0843,0x0843,0x0043,0x0843,0x0843,0x0042,0x1043,0x20a6,0x08a7,0x0043,0x0022,0x0042,0x0022,0x0022,
 0x0844,0x0843,0x0042,0x0043,0x0043,0x0042,0x0042,0x0042,0x0821,0x114b,0x1a13,0x19f2,0x19d1,0x11b0,0x19d1,0x19b0,
 0x19b0,0x19f1,0x19af,0x0886,0x08a7,0x19d0,0x11d0,0x0086,0x08a8,0x08a8,0x08c8,0x08c8,0x08a7,0x19f1,0x19f2,0x19f2,
 0x19f1,0x19f1,0x19f1,0x19f1,0x0909,0x08c8,0x090a,0x1a53,0x2294,0x1a53,0x19d0,0x19f1,0x116d,0x11af,0x11af,0x090a,
 0x19d1,0x19b0,0x19d0,0x19d0,0x19b0,0x19b0,0x19b0,0x19b0,0x19af,0x19af,0x19b0,0x19b0,0x19b0,0x19b0,0x19b0,0x19b0,
 0x19b0,0x19b0,0x19b0,0x19b0,0x19b0,0x19af,0x19af,0x19af,0x19b0,0x19b0,0x19b0,0x11b0,0x11b0,0x11b0,0x11b0,0x11af,
 0x19b0,0x19b0,0x19b0,0x19d1,0x19d1,0x19d1,0x21f1,0x21f1,0x19f1,0x19f2,0x116c,0x0044,0x0866,0x0865,0x0065,0x0886,
 0x0886,0x0023,0x08c7,0x114b,0x0885,0x0885,0x0022,0x0044,0x0866,0x0023,0x1109,0x08a6,0x29cf,0x21f3,0x21d1,0x21d1,
 0x21d1,0x19d1,0x21d1,0x21d1,0x21d1,0x29d1,0x29d1,0x29d0,0x31d1,0x31d1,0x41f1,0x31f1,0x31d1,0x29d1,0x21d1,0x21d1,
 0x19d1,0x21d0,0x21d0,0x21d0,0x21d0,0x21d1,0x21d0,0x19b0,0x19b0,0x19b0,0x21d1,0x19d0,0x21d0,0x19d0,0x21d0,0x21d1,
 0x21d1,0x21b0,0x21d1,0x196d,0x0085,0x21d0,0x21d0,0x21d0,0x19d1,0x19d0,0x19d1,0x19d1,0x19d1,0x19d1,0x19d0,0x19d0,
 0x19d0,0x19d1,0x19d1,0x19d1,0x19d1,0x19d1,0x19d1,0x19f1,0x19f1,0x19f1,0x21f2,0x21f2,0x21f2,0x19f1,0x19f1,0x2212,
 0x19f1,0x0886,0x08a7,0x08a6,0x08e8,0x08c8,0x10c8,0x08c9,0x08c8,0x08a8,0x0865,0x0865,0x0865,0x0865,0x0043,0x0064,
 0x0865,0x0044,0x0865,0x0865,0x0866,0x0865,0x0864,0x0865,0x0865,0x0865,0x0865,0x0865,0x0865,0x0865,0x0865,0x0864,
 0x0044,0x0044,0x0044,0x0043,0x0844,0x0865,0x0844,0x0044,0x0885,0x0043,0x0843,0x0844,0x0844,0x0844,0x0886,0x19f1,
 0x1a13,0x1a12,0x2213,0x19f2,0x19d1,0x19d2,0x2254,0x2275,0x1a13,0x19b1,0x1a13,0x19d2,0x116f,0x196f,0x19d1,0x21f1,
 0x29f2,0x19d1,0x21f1,0x19d1,0x21f2,0x19f2,0x3213,0x2a13,0x3213,0x5253,0x62d3,0x5273,0x3a33,0x3a33,0x3213,0x2213,
 0x29f2,0x21f2,0x19d1,0x118e,0x114d,0x0885,0x114b,0x0909,0x0885,0x19b0,0x116d,0x08a7,0x08e8,0x198f,0x19d1,0x1a13,
 0x19f2,0x2212,0x2212,0x2212,0x2a33,0x2233,0x2233,0x2254,0x2211,0x0887,0x0887,0x0865,0x0866,0x0066,0x08c8,0x08a8,
 0x0844,0x0844,0x0844,0x0844,0x08a8,0x08ea,0x090a,0x092d,0x09d0,0x361d,0x575f,0x35fe,0x11f2,0x114e,0x090b,0x0886,
 0x08c8,0x08e9,0x10c9,0x08a7,0x10a7,0x10c8,0x10a8,0x10c8,0x10a7,0x0866,0x10a7,0x10a7,0x10a7,0x10a8,0x10a8,0x10a8,
 0x0022,0x0022,0x0022,0x0022,0x0042,0x0042,0x0844,0x0845,0x0042,0x0022,0x0866,0x0886,0x0022,0x0042,0x0022,0x0022,
 0x0042,0x0042,0x0042,0x0042,0x0042,0x0042,0x0022,0x0042,0x0042,0x0022,0x0022,0x0042,0x0042,0x0042,0x0042,0x0042,
 0x0043,0x0042,0x0865,0x08a8,0x28a6,0x0844,0x0865,0x0865,0x0865,0x0865,0x0865,0x0865,0x0886,0x0865,0x0886,0x0866,
 0x0865,0x0865,0x0865,0x0865,0x0865,0x0865,0x0864,0x0044,0x1063,0x20a6,0x08c8,0x0863,0x0022,0x0042,0x0022,0x0022,
 0x0887,0x0886,0x0043,0x0844,0x0844,0x0843,0x0065,0x0864,0x2064,0x11d0,0x1a13,0x1a12,0x1a12,0x1a12,0x19f2,0x19f2,
 0x19f2,0x2234,0x114b,0x112b,0x110a,0x2254,0x19f1,0x08c8,0x112c,0x110b,0x112b,0x11b0,0x0086,0x19d0,0x1a12,0x19f2,
 0x19f2,0x1a12,0x11af,0x114d,0x08a8,0x08c9,0x08c8,0x11cf,0x0909,0x11ae,0x11af,0x0886,0x08c8,0x08e9,0x112c,0x112c,
 0x19d1,0x19d1,0x19d1,0x19d1,0x19d0,0x19b0,0x19b0,0x19d0,0x19d0,0x19d0,0x19d0,0x19b0,0x19b0,0x19b0,0x19b0,0x19b0,
 0x19d0,0x19d0,0x19d0,0x19b0,0x19b0,0x19b0,0x19b0,0x19b0,0x19b0,0x19b0,0x19b0,0x19b0,0x19b0,0x19b0,0x19b0,0x19b0,
 0x19b0,0x19d0,0x19d0,0x19d0,0x19d1,0x19f1,0x19f1,0x1a12,0x114d,0x090b,0x112a,0x08a7,0x0866,0x0885,0x08e8,0x08e9,
 0x08c8,0x08a7,0x0909,0x114c,0x08c8,0x08c8,0x08c8,0x08e9,0x10e9,0x10e9,0x0887,0x0886,0x112a,0x214c,0x29f1,0x21d1,
 0x21d1,0x21f1,0x21d1,0x21d1,0x21d1,0x29f2,0x39f2,0x31d1,0x31f1,0x39f2,0x3a12,0x3a12,0x3a12,0x31f2,0x29f1,0x31f1,
 0x21d1,0x21d1,0x21d1,0x21d1,0x21d1,0x21f1,0x21f1,0x21d1,0x21d1,0x19b0,0x19d0,0x19d0,0x21d1,0x19b0,0x21d1,0x19d0,
 0x19d1,0x19d1,0x19d1,0x112b,0x0864,0x21b0,0x21d1,0x21d1,0x21d1,0x19d1,0x19d1,0x19d1,0x19d1,0x19d1,0x19d1,0x19d0,
 0x19d0,0x19d1,0x19d1,0x19f1,0x19d1,0x19d1,0x19f1,0x19f1,0x19f1,0x21f2,0x2212,0x2212,0x21f2,0x21f2,0x21f2,0x2213,
 0x19d1,0x08a7,0x110b,0x08c8,0x110a,0x090a,0x08e9,0x110a,0x110a,0x08e9,0x0865,0x0865,0x0866,0x0866,0x0865,0x08e9,
 0x08e9,0x08c9,0x110a,0x08e9,0x110a,0x08c8,0x08c9,0x10e9,0x08c9,0x08ea,0x08e9,0x08e9,0x10ea,0x08e9,0x08e9,0x08c9,
 0x08e9,0x08c9,0x08c9,0x0886,0x0864,0x0887,0x0866,0x0887,0x08c8,0x0844,0x0865,0x0865,0x0865,0x0865,0x08a8,0x1a12,
 0x2212,0x2213,0x2213,0x1a12,0x19d1,0x19d1,0x118f,0x11b1,0x19d1,0x19d1,0x1a12,0x19f2,0x1190,0x118f,0x2213,0x1a12,
 0x2212,0x19f2,0x19f1,0x21b1,0x21f2,0x19f2,0x3233,0x2a13,0x3a34,0x4a74,0x5ab4,0x4a54,0x3214,0x3214,0x3213,0x2213,
 0x2a12,0x2a13,0x19f1,0x0885,0x0864,0x0885,0x08a7,0x10c9,0x0866,0x0865,0x0865,0x0865,0x0864,0x0022,0x08e8,0x2233,
 0x2213,0x2a55,0x2a75,0x21d0,0x3253,0x2a95,0x2a96,0x32d7,0x2a95,0x0887,0x08a8,0x0865,0x1928,0x526c,0x08a8,0x08a7,
 0x0844,0x0865,0x0865,0x0844,0x08c9,0x08ea,0x090b,0x094e,0x11d1,0x2dfe,0x5f7f,0x3e3e,0x09b1,0x114d,0x110b,0x0886,
 0x08a8,0x10c9,0x08a8,0x0044,0x0865,0x0887,0x0865,0x0865,0x112a,0x0023,0x0864,0x0865,0x0844,0x0886,0x10a8,0x10a8,
 0x0022,0x0022,0x0042,0x0022,0x0042,0x0043,0x0043,0x0844,0x0042,0x0021,0x08a6,0x114a,0x0001,0x0042,0x0042,0x0022,
 0x0042,0x0042,0x0022,0x0022,0x0042,0x0042,0x0042,0x0042,0x0042,0x0042,0x0042,0x0042,0x0042,0x0042,0x0042,0x0042,
 0x0042,0x0042,0x0865,0x08a8,0x28c6,0x0844,0x0866,0x0865,0x0886,0x0886,0x10a7,0x10a7,0x1087,0x1087,0x0886,0x0886,
 0x0886,0x0886,0x0886,0x0886,0x0886,0x0866,0x0866,0x0065,0x1064,0x28a6,0x08a8,0x0843,0x0022,0x0042,0x0022,0x0022,
 0x08a7,0x10a8,0x0844,0x0844,0x0845,0x0844,0x0065,0x0887,0x2085,0x11cf,0x2234,0x1a12,0x1a13,0x19f2,0x2213,0x19f2,
 0x1a13,0x2255,0x112a,0x08e9,0x08c7,0x116d,0x19f1,0x08e8,0x08e9,0x0886,0x08c7,0x090b,0x0886,0x19f1,0x1a12,0x1a12,
 0x1a12,0x2234,0x116c,0x08e9,0x0866,0x0865,0x0065,0x08e9,0x0886,0x08a6,0x118e,0x0065,0x08c8,0x0886,0x08c9,0x112b,
 0x19d1,0x19d1,0x19d0,0x19b0,0x19b0,0x19b0,0x19d0,0x19d0,0x19d0,0x19d0,0x19d0,0x19d1,0x19d0,0x19b0,0x19d0,0x19d0,
 0x19d0,0x19d0,0x19d0,0x19b0,0x19b0,0x19b0,0x19b0,0x19b0,0x19b0,0x19b0,0x19b0,0x19b0,0x19b0,0x19b0,0x19b0,0x19b0,
 0x19b0,0x19b0,0x19b0,0x19b0,0x19d1,0x19d1,0x19f1,0x1a13,0x112b,0x0045,0x0866,0x0866,0x0865,0x0865,0x08a6,0x0865,
 0x0885,0x0886,0x0886,0x0886,0x08a7,0x0886,0x0886,0x0886,0x0886,0x08a7,0x0886,0x0886,0x0043,0x18c8,0x29f2,0x21f1,
 0x21f1,0x19d0,0x19d1,0x19d1,0x19d1,0x21f1,0x29f2,0x29f1,0x29f2,0x3212,0x3a12,0x31f2,0x29f2,0x29f2,0x29f2,0x21d2,
 0x21d1,0x21d1,0x19d1,0x19d1,0x19d1,0x19d0,0x19d1,0x19d1,0x19b0,0x21d1,0x19d1,0x19b1,0x21d1,0x21d1,0x19d1,0x21f1,
 0x21d1,0x21d1,0x19d0,0x112a,0x0885,0x192c,0x198f,0x21f2,0x21d1,0x19d1,0x19d1,0x21d1,0x21d1,0x19d1,0x19d1,0x19d1,
 0x19d1,0x19d1,0x19d1,0x19d1,0x19d1,0x19f1,0x19f1,0x19f1,0x19f2,0x21f2,0x2212,0x21f2,0x21f2,0x21f2,0x21f2,0x2212,
 0x2a31,0x0043,0x112b,0x08a8,0x110a,0x08ea,0x08e9,0x110a,0x08e9,0x08c8,0x0065,0x0865,0x0886,0x0866,0x0866,0x08c8,
 0x0885,0x0865,0x0865,0x08a7,0x110a,0x08c7,0x10e9,0x08c8,0x08c8,0x10e9,0x08c8,0x08e9,0x08a8,0x0886,0x0887,0x0886,
 0x0886,0x0887,0x110a,0x08c7,0x0844,0x0886,0x0865,0x0887,0x08c8,0x0845,0x0865,0x0865,0x0865,0x0845,0x08a8,0x1a12,
 0x2212,0x2212,0x19f2,0x1a13,0x19f2,0x19d1,0x19d1,0x19f2,0x19d1,0x19d2,0x1a34,0x19d0,0x114c,0x112c,0x116e,0x19d0,
 0x2212,0x19af,0x114d,0x112d,0x19d1,0x2213,0x3233,0x2a13,0x3a54,0x5a94,0x4a53,0x4a33,0x3a13,0x3a14,0x3213,0x2213,
 0x2a13,0x2a34,0x19f1,0x0864,0x0865,0x0865,0x0864,0x10c8,0x0865,0x0865,0x0865,0x0044,0x0865,0x0023,0x10e9,0x2234,
 0x2213,0x198d,0x112b,0x10a6,0x10c7,0x112a,0x112b,0x114b,0x198e,0x08a7,0x08a7,0x0024,0x2128,0x6a8b,0x08a8,0x10c8,
 0x0845,0x0845,0x0845,0x0844,0x10c9,0x110b,0x090a,0x094d,0x118f,0x2459,0x2cdb,0x2459,0x118f,0x112c,0x110a,0x0885,
 0x10c8,0x10eb,0x10c9,0x0845,0x08a8,0x112b,0x0865,0x0886,0x116b,0x0843,0x08a7,0x08a7,0x0865,0x0886,0x10a9,0x10a8,
 0x0022,0x0022,0x0042,0x0042,0x0043,0x0844,0x0844,0x0865,0x0043,0x0001,0x08c7,0x118b,0x0022,0x0043,0x0022,0x0042,
 0x0042,0x0042,0x0042,0x0042,0x0042,0x0042,0x0042,0x0042,0x0042,0x0042,0x0042,0x0042,0x0042,0x0042,0x0043,0x0042,
 0x0042,0x0043,0x0865,0x08a8,0x28c6,0x0865,0x0865,0x0865,0x0887,0x0887,0x0066,0x0866,0x1066,0x1086,0x1886,0x1086,
 0x1066,0x1066,0x0866,0x0866,0x0886,0x0886,0x0866,0x0065,0x1864,0x28a6,0x08a8,0x0843,0x0022,0x0023,0x0042,0x0022,
 0x08a7,0x10a8,0x0044,0x0844,0x0845,0x0844,0x0065,0x1087,0x1885,0x11af,0x1a34,0x1a13,0x2233,0x1a12,0x1a12,0x2213,
 0x1a13,0x2275,0x116d,0x116c,0x092a,0x11af,0x1a33,0x08a7,0x090b,0x0886,0x08a7,0x08c8,0x08c9,0x1a12,0x1a34,0x1a33,
 0x1a12,0x19f1,0x114b,0x0909,0x0886,0x0886,0x0886,0x0865,0x0886,0x0886,0x08e9,0x0887,0x08a7,0x08a7,0x0887,0x08c9,
 0x19f1,0x19f1,0x19d1,0x19d1,0x19d1,0x19d1,0x19d1,0x19d0,0x19d1,0x19d1,0x19d1,0x19d1,0x19b0,0x116f,0x118f,0x19d0,
 0x19d0,0x19d0,0x19b0,0x19d0,0x19d0,0x19b0,0x19b0,0x19b0,0x19b0,0x19b0,0x19b0,0x1990,0x19b0,0x19b0,0x19b0,0x19b0,
 0x19d0,0x19d1,0x19d1,0x19d1,0x19d1,0x19d1,0x21f2,0x2212,0x19b0,0x0886,0x08a7,0x0886,0x0886,0x0866,0x0887,0x08c8,
 0x08c8,0x08a8,0x08a8,0x08e9,0x08e9,0x08c9,0x08c8,0x08a7,0x0886,0x0885,0x0886,0x08a7,0x0886,0x192c,0x2a13,0x29f2,
 0x21f1,0x29f1,0x29d2,0x29d2,0x31f2,0x3a12,0x3a12,0x31f2,0x39f2,0x3a12,0x4212,0x31f2,0x3a12,0x3a12,0x29f2,0x39f2,
 0x29f2,0x29d2,0x21d1,0x21d1,0x21d1,0x21f1,0x19d1,0x21d1,0x19d1,0x19d1,0x21d1,0x21d1,0x19d1,0x21d1,0x21d1,0x21d1,
 0x21d1,0x21d1,0x21f2,0x19af,0x08a6,0x08a7,0x194d,0x21f2,0x21d1,0x19d1,0x19d1,0x19d1,0x19d1,0x19d1,0x19d1,0x19b0,
 0x19d1,0x19b1,0x19b1,0x19b1,0x19b1,0x19d1,0x19f1,0x19d1,0x19d1,0x19f2,0x2212,0x19f2,0x19f2,0x19f2,0x1a12,0x1a33,
 0x19cf,0x08c7,0x08e8,0x08c7,0x08e9,0x08ea,0x08ea,0x08ea,0x110a,0x08c9,0x0865,0x0866,0x0887,0x0866,0x0866,0x08c9,
 0x0886,0x0866,0x0044,0x08a7,0x110b,0x110a,0x110a,0x10e9,0x08e9,0x10e9,0x10ea,0x110a,0x0886,0x0065,0x0866,0x0866,
 0x0866,0x0043,0x08e9,0x08a7,0x0865,0x0887,0x0887,0x0886,0x08c8,0x0866,0x0866,0x0866,0x0866,0x0865,0x08a8,0x1a13,
 0x2213,0x2213,0x2213,0x2213,0x2213,0x19d1,0x19d1,0x19d1,0x19d0,0x19d1,0x2234,0x116e,0x08c9,0x090b,0x08a8,0x114d,
 0x198f,0x116e,0x110b,0x090b,0x21b0,0x3255,0x3254,0x2a34,0x3234,0x3a54,0x62b4,0x3a34,0x3234,0x2213,0x2a14,0x2214,
 0x3214,0x3234,0x21f2,0x0865,0x0886,0x0887,0x0864,0x08a7,0x0865,0x0865,0x0865,0x0845,0x0866,0x0044,0x110a,0x2254,
 0x2234,0x114c,0x08c7,0x2232,0x2211,0x114b,0x1129,0x0886,0x198e,0x08a8,0x10a7,0x0844,0x0887,0x08a8,0x08a8,0x08a7,
 0x0844,0x0865,0x0865,0x0845,0x10ca,0x110c,0x110a,0x112c,0x116e,0x11b1,0x1191,0x11b1,0x118e,0x110b,0x110b,0x0887,
 0x08a8,0x10ea,0x08a7,0x0865,0x0865,0x092a,0x0085,0x0864,0x112a,0x0044,0x092b,0x0886,0x0844,0x0887,0x10c9,0x10a8,
 0x0021,0x0021,0x0021,0x0022,0x0022,0x0022,0x0022,0x0022,0x0022,0x0001,0x0065,0x00a7,0x0022,0x0022,0x0022,0x0022,
 0x0022,0x0022,0x0022,0x0022,0x0022,0x0022,0x0022,0x0022,0x0022,0x0022,0x0022,0x0022,0x0022,0x0022,0x0022,0x0042,
 0x0043,0x0042,0x0865,0x18a8,0x30c6,0x0865,0x0866,0x0865,0x10a7,0x20a7,0x4106,0x6187,0x6187,0x6987,0x28a6,0x4906,
 0x6987,0x6187,0x6187,0x20a6,0x1086,0x0886,0x0866,0x0065,0x1864,0x30a6,0x08a7,0x0843,0x0042,0x0043,0x0042,0x0022,
 0x08a7,0x08a7,0x0044,0x0864,0x0865,0x0844,0x0865,0x10a7,0x2085,0x19f1,0x2275,0x2275,0x2275,0x2254,0x2254,0x2254,
 0x2254,0x2ab6,0x198d,0x1a11,0x114b,0x2253,0x19f1,0x08c7,0x08ea,0x08ea,0x090a,0x090b,0x090a,0x19f1,0x2254,0x1a54,
 0x1a34,0x08c8,0x0886,0x0886,0x0886,0x0886,0x08a7,0x0887,0x0886,0x0886,0x0886,0x08a8,0x08a7,0x08a7,0x0887,0x08a7,
 0x08a7,0x116d,0x1a12,0x19d1,0x19d1,0x19d1,0x19d1,0x19d1,0x19d1,0x19d1,0x19d1,0x19d1,0x19d1,0x19d1,0x19b0,0x19d1,
 0x19d1,0x19d1,0x19d0,0x19d0,0x19b0,0x19d0,0x19b0,0x19b0,0x21b0,0x396f,0x490f,0x29b0,0x1990,0x19b0,0x19b0,0x19b0,
 0x19d1,0x19d1,0x19d1,0x19d1,0x19d1,0x19d1,0x19d1,0x19f2,0x116e,0x0886,0x0887,0x0887,0x0887,0x0866,0x08c8,0x10ea,
 0x08a7,0x08a7,0x08a7,0x08ea,0x08e9,0x08a7,0x0886,0x0886,0x08c8,0x08a7,0x08c8,0x08a8,0x08a7,0x110b,0x19f2,0x21d2,
 0x21f2,0x21f2,0x21f2,0x19d1,0x19d1,0x21f1,0x19f2,0x21f2,0x3a12,0x3a12,0x3232,0x3212,0x31f2,0x21f2,0x19d1,0x19d1,
 0x19d1,0x19d1,0x19d1,0x19d1,0x19d1,0x19d1,0x19d1,0x19d1,0x19b0,0x19d1,0x19b0,0x19b0,0x19b0,0x19d0,0x19d1,0x19d1,
 0x21d1,0x21f2,0x114d,0x08a6,0x0885,0x0886,0x198e,0x21f2,0x21d1,0x19d1,0x19d1,0x19d1,0x19d1,0x19d1,0x19d1,0x19d1,
 0x19d1,0x19d1,0x19d1,0x19d1,0x19d1,0x19d1,0x19d1,0x19d1,0x19f1,0x19f2,0x1a12,0x2212,0x19f2,0x2233,0x19b0,0x110b,
 0x08e9,0x1109,0x08a7,0x10e9,0x08c9,0x090b,0x11af,0x09b0,0x092d,0x08ea,0x0886,0x0886,0x0887,0x0866,0x0865,0x08c8,
 0x08c8,0x08c8,0x08a7,0x10e9,0x110a,0x110a,0x110a,0x1109,0x10ea,0x110a,0x110a,0x10ea,0x08c8,0x08c8,0x08c8,0x08c8,
 0x08c8,0x08a7,0x10e9,0x08a7,0x0866,0x08a8,0x08a7,0x0886,0x08a8,0x0865,0x0886,0x0866,0x0866,0x0865,0x08a8,0x1a33,
 0x2213,0x2233,0x2234,0x2233,0x2233,0x19f2,0x19d1,0x1a13,0x19d1,0x116e,0x110b,0x110b,0x08ea,0x110b,0x110b,0x110c,
 0x090c,0x112d,0x112c,0x110b,0x196d,0x19b0,0x3254,0x3254,0x3234,0x3234,0x4a74,0x3a54,0x3a34,0x3234,0x2213,0x2214,
 0x2213,0x2214,0x19d0,0x0865,0x0887,0x0887,0x0865,0x0886,0x0845,0x0865,0x0844,0x0845,0x0845,0x0824,0x114c,0x2ad8,
 0x2ad8,0x1a33,0x118e,0x32d8,0x2a74,0x2253,0x19ad,0x112b,0x2ab7,0x10c8,0x10e9,0x0887,0x08a8,0x0888,0x10c9,0x10a8,
 0x0845,0x0866,0x0866,0x0865,0x10ea,0x112c,0x110a,0x112c,0x116e,0x11af,0x11af,0x11af,0x116e,0x112c,0x112b,0x08a7,
 0x08c8,0x10c9,0x10e9,0x10c9,0x08c8,0x112b,0x0865,0x08c8,0x08c8,0x0844,0x08c8,0x0844,0x0044,0x0886,0x10ea,0x10ea,
 0x08a7,0x08a7,0x08a7,0x08a7,0x08a7,0x08a6,0x08a6,0x08a6,0x08a6,0x08a7,0x08a7,0x08c8,0x08a6,0x08a7,0x08a6,0x08a6,
 0x0886,0x0886,0x0886,0x0886,0x0886,0x0886,0x0886,0x1086,0x1086,0x1086,0x1086,0x1086,0x1086,0x1086,0x10a6,0x1064,
 0x0042,0x0042,0x0865,0x20a8,0x38e7,0x0865,0x0887,0x0886,0x18c7,0x38e8,0xaa48,0xfb6a,0xe2e9,0xfc0a,0x6208,0xb2a9,
 0xfbca,0xf3ea,0xfc2b,0x4926,0x20a6,0x0886,0x0866,0x0065,0x2084,0x38c6,0x08a7,0x0843,0x0042,0x0043,0x0043,0x0022,
 0x08a7,0x10a7,0x0044,0x0865,0x0865,0x0844,0x0865,0x10a7,0x1885,0x1a12,0x2ab7,0x2275,0x2275,0x2275,0x2275,0x2a96,
 0x2254,0x2ad7,0x19cf,0x1a31,0x116b,0x2af6,0x112a,0x10e9,0x08c8,0x08a7,0x116e,0x092c,0x08e9,0x1a33,0x2254,0x1a33,
 0x1a75,0x10ea,0x0887,0x0886,0x0886,0x0886,0x0887,0x0866,0x0886,0x0886,0x0887,0x0886,0x0886,0x0886,0x0887,0x08a7,
 0x0887,0x118f,0x19f2,0x19f2,0x21f2,0x19d1,0x19d2,0x19f2,0x19f2,0x19f2,0x2212,0x1a12,0x1a12,0x2212,0x19f2,0x19f2,
 0x1a12,0x19f2,0x19f2,0x19f2,0x19d1,0x19d1,0x19b0,0x19b0,0x2191,0x894e,0xd9ab,0x612f,0x21b1,0x19b0,0x19b0,0x19b0,
 0x19b0,0x19b0,0x19d1,0x19d1,0x19d1,0x19d1,0x19d1,0x19d2,0x116e,0x0886,0x0887,0x0887,0x0887,0x0865,0x08a8,0x08c8,
 0x08c8,0x08c9,0x08a8,0x0886,0x0886,0x0886,0x0065,0x0865,0x08a8,0x08c8,0x08e9,0x08c9,0x08a7,0x110a,0x3211,0x19f2,
 0x19f2,0x19f2,0x1a12,0x19f2,0x21f2,0x21f2,0x21f2,0x21f2,0x29f2,0x3212,0x2a13,0x2a12,0x29f2,0x29f2,0x21f2,0x19d2,
 0x21f2,0x19d1,0x21d2,0x19d1,0x19d1,0x19d1,0x19d1,0x19d1,0x19d1,0x19d1,0x19d1,0x19d0,0x19d0,0x19d1,0x19d1,0x19d1,
 0x19d1,0x21f2,0x10e9,0x08a6,0x08c8,0x190a,0x218e,0x19d2,0x19d1,0x19d1,0x19d1,0x19d1,0x21d1,0x19d1,0x19d0,0x19d0,
 0x19b0,0x19b0,0x19b0,0x19d1,0x19d1,0x19d1,0x19d1,0x19d1,0x19f1,0x19f1,0x19f2,0x2213,0x2213,0x2234,0x08a7,0x0003,
 0x0044,0x0845,0x0045,0x0865,0x090a,0x094e,0x359c,0x35bd,0x014e,0x08ea,0x0887,0x0887,0x0887,0x0886,0x0845,0x08c8,
 0x110a,0x110a,0x110a,0x110a,0x110a,0x1109,0x110a,0x110a,0x110a,0x110a,0x110a,0x110a,0x110a,0x110a,0x110a,0x110a,
 0x110a,0x110a,0x110a,0x08a7,0x0865,0x0887,0x0886,0x0887,0x08a8,0x0865,0x0045,0x0865,0x0865,0x0866,0x08c8,0x2234,
 0x2234,0x2234,0x2213,0x2234,0x2254,0x19f2,0x19d2,0x19d2,0x19f2,0x114d,0x08e9,0x110a,0x110b,0x110b,0x110b,0x090a,
 0x08ea,0x08ea,0x110b,0x112c,0x112c,0x112c,0x2a34,0x2234,0x2a34,0x3235,0x3a75,0x3255,0x2a54,0x3255,0x2235,0x2a13,
 0x2213,0x19d1,0x19f0,0x0044,0x0865,0x0865,0x0864,0x0865,0x0043,0x0043,0x0043,0x0043,0x0043,0x0001,0x116b,0x2232,
 0x19cf,0x116b,0x08e8,0x196c,0x08c6,0x196c,0x114a,0x112a,0x2ab6,0x10a8,0x10c8,0x0844,0x10c9,0x10ea,0x10a9,0x10a8,
 0x0845,0x0865,0x0845,0x0844,0x10c9,0x10ea,0x08c9,0x090b,0x114d,0x118f,0x118f,0x118f,0x116e,0x110b,0x110a,0x0887,
 0x10c9,0x10ea,0x10ea,0x0865,0x0023,0x10c8,0x0823,0x08a7,0x0886,0x0843,0x0886,0x0023,0x0023,0x0023,0x08a8,0x0887,
 0x0865,0x0864,0x0864,0x0865,0x0865,0x0865,0x0864,0x0864,0x0864,0x0865,0x08a7,0x08a7,0x0885,0x0886,0x0864,0x0864,
 0x0864,0x0865,0x0865,0x0864,0x0864,0x0864,0x0864,0x0864,0x0864,0x0886,0x0865,0x0864,0x0864,0x0864,0x0864,0x1886,
 0x1085,0x0843,0x0865,0x20c8,0x40c6,0x0866,0x0887,0x0886,0x20c7,0x40c7,0xab8a,0xf3ea,0xd2a8,0xfcab,0x6269,0xabaa,
 0xf40b,0xe38a,0xf48b,0x5147,0x28a6,0x0886,0x0866,0x0065,0x2084,0x40c6,0x08a8,0x0843,0x0022,0x0043,0x0043,0x0022,
 0x08a7,0x08a7,0x0043,0x0844,0x0844,0x0043,0x0865,0x1087,0x1885,0x2211,0x2ab6,0x2a96,0x2ab6,0x2a96,0x2a96,0x2ab7,
 0x2ab7,0x2295,0x116c,0x11ad,0x08c8,0x116c,0x112a,0x08a7,0x08a7,0x0886,0x08c8,0x090b,0x112c,0x11af,0x2295,0x2275,
 0x2295,0x110b,0x08a7,0x08a7,0x08a8,0x0887,0x08c8,0x08c9,0x08ca,0x08c9,0x08ca,0x08c9,0x08a8,0x08c8,0x08c8,0x08a8,
 0x08a7,0x118f,0x1a13,0x19f2,0x21f2,0x19d1,0x19d1,0x19f2,0x19f2,0x19d0,0x114d,0x116e,0x116e,0x198f,0x118f,0x198f,
 0x198e,0x114c,0x196d,0x116d,0x196d,0x194d,0x19b0,0x19d1,0x2990,0x914d,0xd9c8,0x710f,0x19d1,0x19b0,0x19d1,0x19d1,
 0x19d1,0x19d1,0x19d1,0x19d1,0x19d1,0x19d1,0x19d1,0x19f2,0x118e,0x0886,0x08a7,0x0886,0x0886,0x0866,0x08a7,0x08c8,
 0x08a7,0x08a7,0x08a7,0x08a7,0x08a7,0x08a8,0x08a7,0x08a7,0x0886,0x08a7,0x0886,0x0886,0x08a7,0x212b,0x69ce,0x2213,
 0x19f2,0x19f2,0x19f2,0x21f2,0x21f2,0x2a13,0x2213,0x2212,0x2a13,0x3213,0x3233,0x3213,0x2a13,0x3213,0x2a13,0x31f3,
 0x29f3,0x21f2,0x21f2,0x21f2,0x19d2,0x21f2,0x19d1,0x19d1,0x19d1,0x19b1,0x19d1,0x19d1,0x19d1,0x19d1,0x19d1,0x19d1,
 0x19d1,0x19f1,0x198e,0x08c8,0x0022,0x10c8,0x29d1,0x19d1,0x21d2,0x19d1,0x19d1,0x19d1,0x19d1,0x19d1,0x19d1,0x19d1,
 0x19d0,0x19d0,0x19d0,0x19d1,0x19d1,0x19d1,0x19d1,0x19f1,0x19f2,0x19f2,0x19f2,0x19f2,0x19f2,0x2213,0x110a,0x0865,
 0x0886,0x0887,0x0886,0x08a7,0x112c,0x09b0,0x365e,0x3e5d,0x098f,0x08ea,0x0887,0x0886,0x0886,0x0866,0x0865,0x08c8,
 0x08c8,0x08c8,0x08c8,0x10e9,0x110a,0x08e9,0x110a,0x110a,0x08c8,0x10ea,0x10e9,0x10e9,0x08c9,0x08c9,0x08e9,0x08c9,
 0x08c8,0x08a8,0x110a,0x10c8,0x0886,0x0886,0x0886,0x0887,0x08a8,0x0886,0x1908,0x10a6,0x0865,0x0866,0x08c8,0x2234,
 0x2234,0x2234,0x2234,0x2234,0x2233,0x19f2,0x19d1,0x19d1,0x19f2,0x118f,0x112c,0x114d,0x114c,0x112b,0x114d,0x116e,
 0x114d,0x114e,0x112c,0x114d,0x196e,0x116e,0x2234,0x2234,0x2a33,0x3234,0x3254,0x4a95,0x3a76,0x3254,0x1109,0x08a5,
 0x08a6,0x0064,0x110a,0x0885,0x0043,0x0064,0x08a6,0x0885,0x08a6,0x08a6,0x08a6,0x0886,0x0885,0x0865,0x08c7,0x0885,
 0x0044,0x0865,0x0865,0x0865,0x0065,0x0065,0x0085,0x0086,0x1109,0x092b,0x094b,0x08e8,0x11ad,0x11ce,0x118d,0x116d,
 0x092a,0x092a,0x092a,0x0929,0x118c,0x11ad,0x118d,0x11ae,0x1272,0x1315,0x12f4,0x12d3,0x0a10,0x09ae,0x11ce,0x11ad,
 0x11ce,0x11ef,0x11ce,0x0909,0x0908,0x0909,0x08e9,0x08e8,0x08e8,0x08e8,0x08e8,0x08e8,0x08e8,0x08c7,0x08e9,0x08c8,
 0x0022,0x0022,0x0022,0x0043,0x0844,0x0043,0x0022,0x0043,0x0022,0x0043,0x0866,0x08a7,0x0022,0x0022,0x0022,0x0022,
 0x0023,0x0022,0x0043,0x0043,0x0023,0x0023,0x0043,0x0043,0x0043,0x0044,0x0864,0x0043,0x0023,0x0844,0x0043,0x0022,
 0x1085,0x0843,0x0865,0x10a8,0x30c7,0x0886,0x0886,0x0886,0x20c7,0x40c6,0xb3ea,0xfc6b,0xe34a,0xfd2c,0x5a68,0xb349,
 0xf3ca,0xe349,0xf44b,0x5167,0x30a6,0x0886,0x0866,0x0065,0x2884,0x40e6,0x08a8,0x0843,0x0023,0x0843,0x0022,0x0022,
 0x0887,0x08a7,0x0022,0x0844,0x0844,0x0022,0x0865,0x1087,0x2085,0x118e,0x196e,0x2a95,0x32f7,0x2ad7,0x2ad7,0x2ab6,
 0x32d7,0x21f0,0x08a7,0x08e9,0x08ea,0x0887,0x08a8,0x08c8,0x08c8,0x08c8,0x08c9,0x08a8,0x08a8,0x08c8,0x2ad7,0x1a12,
 0x2ad6,0x110a,0x0886,0x08a7,0x08a7,0x0887,0x08e9,0x08ea,0x08ea,0x090b,0x090b,0x08ea,0x08ea,0x08c8,0x08a8,0x08c8,
 0x08a8,0x19b0,0x2234,0x2213,0x2213,0x19d1,0x19d1,0x19f2,0x2213,0x114b,0x0023,0x0865,0x0865,0x0887,0x0886,0x0885,
 0x08e8,0x0065,0x0886,0x0085,0x1086,0x3087,0x196e,0x19f3,0x21f3,0x292c,0x2002,0x316f,0x19b1,0x19b0,0x19b0,0x11b0,
 0x19b1,0x19b1,0x19b1,0x19d1,0x19d1,0x19f2,0x19f2,0x1a13,0x116d,0x0866,0x0886,0x08a7,0x0887,0x0886,0x08a8,0x08e9,
 0x10e9,0x10e9,0x10e9,0x10e9,0x10e9,0x08e9,0x08c9,0x08c9,0x08a8,0x08a7,0x08a7,0x0887,0x08a7,0x110a,0x114c,0x21f2,
 0x2213,0x21f2,0x21f2,0x2a13,0x2213,0x2a13,0x3233,0x3233,0x3213,0x3233,0x3233,0x3213,0x3213,0x21f2,0x21f2,0x21f2,
 0x21f2,0x19f2,0x19f2,0x19f2,0x19d2,0x19d2,0x19d2,0x19d1,0x19d1,0x19d1,0x19d1,0x19d1,0x19f1,0x19f1,0x19d1,0x19d1,
 0x19d1,0x19d1,0x2212,0x110a,0x0022,0x08e9,0x19b0,0x21f2,0x19f1,0x19d1,0x19d1,0x19d1,0x19d1,0x19f1,0x19f2,0x19f2,
 0x1a12,0x1a13,0x19f2,0x1a12,0x2233,0x1a12,0x1a13,0x1a13,0x2213,0x2233,0x2234,0x2233,0x2233,0x2254,0x19cf,0x0887,
 0x18ea,0x10c9,0x10c9,0x10c9,0x090b,0x098f,0x363e,0x3e5d,0x098f,0x090b,0x0887,0x0886,0x0886,0x0886,0x0866,0x08e9,
 0x0865,0x0865,0x0865,0x08a8,0x112b,0x08e9,0x110b,0x10e9,0x08e9,0x110a,0x110a,0x190a,0x51a8,0x7a29,0x7a09,0x69c9,
 0x824a,0x9249,0x5169,0x20c8,0x1086,0x0887,0x0887,0x08a7,0x08a7,0x08a7,0xc572,0x5a0a,0x0046,0x0886,0x08c8,0x2254,
 0x2255,0x2234,0x2234,0x2254,0x2234,0x1a13,0x19f2,0x2213,0x2213,0x198f,0x112b,0x112c,0x112c,0x110b,0x114e,0x114d,
 0x114d,0x116e,0x112c,0x196e,0x196e,0x196e,0x2214,0x2234,0x2a55,0x3275,0x4a95,0x2234,0x2256,0x114c,0x0085,0x19f1,
 0x0043,0x0043,0x0043,0x0043,0x0023,0x08a7,0x08a7,0x0043,0x0864,0x0864,0x0864,0x0043,0x0043,0x0043,0x0022,0x0044,
 0x0864,0x0064,0x0865,0x0865,0x0865,0x0864,0x0044,0x0044,0x0022,0x08e9,0x112b,0x08a6,0x094b,0x0908,0x08e9,0x090a,
 0x0885,0x0886,0x08a6,0x08a6,0x112b,0x118e,0x094b,0x112a,0x11ce,0x094a,0x098d,0x11ef,0x090a,0x08e9,0x096c,0x0886,
 0x0885,0x0885,0x0885,0x0886,0x0085,0x0886,0x0065,0x0065,0x0065,0x0064,0x0865,0x0064,0x0864,0x0865,0x0064,0x0064,
 0x0022,0x0022,0x0023,0x0022,0x0844,0x0023,0x0022,0x0043,0x0022,0x0022,0x0023,0x0043,0x0022,0x0023,0x0022,0x0023,
 0x0823,0x0023,0x0023,0x0023,0x0023,0x0023,0x0843,0x0844,0x0823,0x0843,0x0844,0x0823,0x0023,0x0844,0x0843,0x0022,
 0x1065,0x0823,0x0845,0x18a8,0x38c6,0x0866,0x0886,0x0886,0x20c7,0x40e7,0xaaa8,0xf3ca,0xdb09,0xfc8b,0x6289,0xb2c9,
 0xf3aa,0xeb8a,0xfc6a,0x5967,0x30a7,0x0886,0x1086,0x0065,0x28a4,0x40e6,0x08a8,0x0843,0x0023,0x0043,0x0022,0x0022,
 0x08a7,0x08a7,0x0843,0x0844,0x0844,0x0043,0x0865,0x1087,0x2085,0x116e,0x112c,0x32d6,0x3318,0x32f7,0x32f7,0x32d6,
 0x32f8,0x2232,0x08a7,0x08e9,0x10ea,0x08a7,0x08c8,0x08a6,0x08c8,0x08c8,0x08c9,0x08c9,0x08a7,0x08e9,0x32d6,0x114b,
 0x2af7,0x110a,0x0887,0x08a7,0x0087,0x0887,0x08e9,0x08ea,0x092c,0x25bb,0x1bb5,0x08a9,0x08e9,0x0887,0x10c7,0x10a8,
 0x08c8,0x19d1,0x2234,0x2213,0x2213,0x21f2,0x19f2,0x19f2,0x2213,0x112b,0x0043,0x0864,0x0843,0x0844,0x0022,0x0000,
 0x1109,0x0044,0x0023,0x0044,0x0045,0x10c9,0x114c,0x19f2,0x19b0,0x090b,0x0063,0x116e,0x19b1,0x19b0,0x19b0,0x11b0,
 0x19b1,0x19b1,0x19b1,0x19d2,0x19f2,0x19f2,0x19d1,0x1a13,0x114c,0x0866,0x0886,0x0887,0x0886,0x0886,0x08a8,0x08e9,
 0x08c9,0x08e9,0x08e9,0x08e9,0x08c9,0x08e9,0x08e9,0x08e9,0x08a8,0x08a7,0x08c8,0x08c8,0x08a7,0x110a,0x08a6,0x21d0,
 0x2a34,0x2a13,0x2213,0x2a34,0x2a33,0x3233,0x3234,0x3a34,0x3a34,0x3254,0x3a33,0x3a13,0x3a13,0x3213,0x3213,0x3213,
 0x3234,0x2a34,0x2a34,0x2213,0x2213,0x21f2,0x21f2,0x19f2,0x19f2,0x19f2,0x19f2,0x19f1,0x19f1,0x19f1,0x19d1,0x19d2,
 0x19d1,0x19d1,0x21f2,0x110a,0x0022,0x090a,0x19b0,0x19d1,0x19d1,0x21f2,0x19f2,0x19f2,0x19f2,0x21f2,0x19f2,0x2212,
 0x19af,0x114c,0x21f1,0x2253,0x19d0,0x2233,0x1a13,0x1a13,0x2233,0x2213,0x2254,0x2254,0x2233,0x2275,0x19cf,0x0887,
 0x10c9,0x08c9,0x10c9,0x10c9,0x110b,0x11b0,0x361e,0x3e5d,0x09af,0x090b,0x0887,0x08c9,0x08c8,0x0887,0x0845,0x08c8,
 0x0886,0x0845,0x0866,0x08c9,0x112b,0x08e9,0x112b,0x110a,0x10ea,0x110a,0x110b,0x292a,0x6a49,0x8b0b,0xab6b,0x82aa,
 0x9b2b,0xa36b,0x69cb,0x30e8,0x1887,0x0888,0x08a7,0x08a7,0x08a8,0x08a7,0xac4e,0x4988,0x0066,0x0886,0x08c8,0x2255,
 0x2255,0x2234,0x2213,0x2234,0x1a13,0x1a14,0x19f3,0x19f3,0x2214,0x198f,0x090b,0x296c,0x212c,0x090b,0x112d,0x3bf5,
 0x19cf,0x114e,0x114d,0x218f,0x196e,0x196e,0x2234,0x2a54,0x2a55,0x3ab7,0x52b6,0x3275,0x2a95,0x194c,0x0909,0x2275,
 0x0844,0x0865,0x0865,0x0043,0x0844,0x0886,0x0864,0x0864,0x0866,0x0865,0x0865,0x0864,0x0864,0x0064,0x0865,0x0844,
 0x0865,0x0844,0x0044,0x0064,0x0044,0x0864,0x0865,0x0044,0x0864,0x0866,0x0886,0x0866,0x08a8,0x0886,0x08a7,0x08a7,
 0x0844,0x0865,0x0865,0x0865,0x08a7,0x10c8,0x08a7,0x10a8,0x08e9,0x0886,0x0886,0x08a7,0x08a7,0x0887,0x0887,0x0865,
 0x0865,0x0865,0x0865,0x0866,0x0845,0x0865,0x0844,0x0044,0x0865,0x0844,0x0865,0x0844,0x0844,0x0844,0x0844,0x0044,
 0x0864,0x0864,0x0884,0x0884,0x0885,0x0885,0x0864,0x0864,0x0085,0x0064,0x0885,0x0886,0x0064,0x0064,0x0864,0x0864,
 0x0864,0x0084,0x0084,0x0884,0x0885,0x0885,0x0885,0x0885,0x0885,0x0885,0x0885,0x0885,0x0084,0x0885,0x0885,0x0885,
 0x18c8,0x0885,0x0886,0x10c8,0x30c7,0x0865,0x0886,0x0887,0x28c7,0x40e7,0xaa88,0xf389,0xe349,0xfc8a,0x5a68,0xb349,
 0xfc0b,0xebaa,0xfd0b,0x5987,0x30a6,0x0886,0x1086,0x0065,0x28a4,0x40e6,0x08a8,0x0843,0x0023,0x0843,0x0022,0x0022,
 0x10a7,0x08a7,0x0023,0x0865,0x0844,0x0043,0x0865,0x0886,0x1044,0x114d,0x112d,0x32b6,0x3b39,0x3b39,0x3b39,0x3b39,
 0x2a95,0x112b,0x08c8,0x08e9,0x110a,0x08c8,0x08c8,0x08c8,0x08a7,0x08c8,0x08c9,0x08a8,0x08a7,0x08a7,0x21ef,0x08e9,
 0x2ab5,0x114c,0x08a8,0x1908,0x3128,0x0887,0x10ea,0x08ca,0x094d,0x2e7e,0x1c17,0x0889,0x08c8,0x0886,0x18e9,0x10c8,
 0x08c8,0x19d1,0x2234,0x2213,0x2213,0x2213,0x2213,0x1a13,0x2234,0x114d,0x0844,0x0886,0x0043,0x0864,0x0844,0x0043,
 0x10e9,0x0865,0x0865,0x0866,0x0887,0x10ca,0x114c,0x2213,0x112a,0x08a6,0x0063,0x112b,0x19f2,0x19d1,0x19d1,0x19b1,
 0x19b1,0x19b1,0x19f1,0x19f2,0x19f2,0x19f2,0x19d1,0x1a13,0x116d,0x0866,0x0886,0x0866,0x0886,0x0886,0x08a8,0x10e9,
 0x2928,0x3149,0x1908,0x2929,0x2928,0x10a7,0x0886,0x0886,0x08c8,0x08c8,0x08a7,0x08a7,0x0886,0x10e9,0x08c7,0x21d1,
 0x2a34,0x2213,0x2213,0x2213,0x2213,0x2213,0x2a54,0x3a33,0x31f2,0x2a34,0x3234,0x3234,0x3233,0x29f2,0x2a13,0x2a13,
 0x2213,0x2213,0x2213,0x1a12,0x19f2,0x19f2,0x19f2,0x21f2,0x19f2,0x19f1,0x19f1,0x19d1,0x19d1,0x19f2,0x19f2,0x19f2,
 0x19f2,0x19f2,0x19f2,0x08c7,0x0000,0x08e8,0x2213,0x19f2,0x21f2,0x21f2,0x21f2,0x19d2,0x19f2,0x19f2,0x2213,0x198f,
 0x0065,0x0022,0x10e8,0x19d0,0x0886,0x1a12,0x2254,0x2254,0x2234,0x2254,0x2212,0x118e,0x2213,0x2296,0x19f1,0x10a8,
 0x28e9,0x28c8,0x20c8,0x10c9,0x110a,0x09af,0x3e5e,0x467e,0x09b0,0x090b,0x0887,0x08a7,0x08a7,0x0886,0x0865,0x08c8,
 0x0886,0x08c8,0x08a7,0x08c8,0x112c,0x08e9,0x112b,0x110a,0x10ea,0x110a,0x110b,0x312a,0x6229,0x934b,0xb44b,0x830a,
 0x9b8b,0x9b8a,0x69c9,0x28c8,0x1087,0x0887,0x0886,0x08a7,0x08c8,0x08c8,0xe655,0x7269,0x0025,0x0865,0x08a8,0x2254,
 0x2255,0x2255,0x2255,0x2255,0x2213,0x2214,0x2213,0x2213,0x2234,0x19b0,0x110c,0x216d,0x214c,0x110b,0x114d,0x2272,
 0x19b0,0x114d,0x112c,0x114d,0x196e,0x114d,0x2234,0x2255,0x2254,0x3296,0x3ad7,0x196d,0x198d,0x08c8,0x08a6,0x118d,
 0x0001,0x0023,0x0023,0x0001,0x0022,0x0023,0x0022,0x0001,0x0022,0x0001,0x0022,0x0002,0x0002,0x0001,0x0022,0x0021,
 0x0022,0x0022,0x0022,0x0002,0x0001,0x0022,0x0023,0x0001,0x0001,0x0022,0x0022,0x0022,0x0044,0x0023,0x0865,0x0865,
 0x0022,0x0022,0x0022,0x0022,0x0043,0x0844,0x0043,0x0043,0x0064,0x0043,0x0023,0x0022,0x0022,0x0022,0x0022,0x0022,
 0x0022,0x0021,0x0022,0x0022,0x0021,0x0022,0x0022,0x0022,0x0022,0x0022,0x0023,0x0021,0x0022,0x0023,0x0022,0x0022,
 0x08c8,0x08c8,0x08c8,0x08c7,0x08e9,0x08c8,0x08c8,0x08c8,0x08c8,0x08a7,0x08a7,0x08c8,0x08a7,0x08c8,0x08e9,0x08c8,
 0x08c8,0x08c8,0x08c8,0x08c8,0x08c8,0x08c8,0x08c8,0x08c8,0x08c8,0x08e8,0x090a,0x114b,0x08e9,0x08c8,0x08e9,0x08e9,
 0x08c8,0x08c8,0x08a8,0x08a7,0x0887,0x0865,0x0865,0x0887,0x20c8,0x38c7,0xaaa8,0xf3eb,0xdb49,0xfd0b,0x4a06,0xaac8,
 0xf3aa,0xe349,0xf44a,0x5986,0x30a6,0x0887,0x1086,0x0865,0x28a4,0x4906,0x08a8,0x0843,0x0023,0x0843,0x0022,0x0023,
 0x10a8,0x1086,0x0043,0x0845,0x0845,0x0043,0x0065,0x0865,0x2086,0x090b,0x112d,0x32b6,0x3b7a,0x2211,0x2211,0x3317,
 0x2273,0x0066,0x08a7,0x08e9,0x08e9,0x08a8,0x08c8,0x08c8,0x08c8,0x08c8,0x08c8,0x08c8,0x0886,0x08a7,0x19cf,0x08c8,
 0x2a93,0x114b,0x0067,0x3968,0x722a,0x0088,0x110b,0x090b,0x094d,0x369e,0x1c17,0x08aa,0x08a8,0x10e8,0x524d,0x29cd,
 0x10e9,0x19f2,0x2275,0x2275,0x2234,0x21f2,0x2233,0x2234,0x2255,0x114c,0x0023,0x0865,0x0864,0x0865,0x0865,0x0865,
 0x08a8,0x0866,0x0845,0x0845,0x0866,0x10a7,0x114c,0x2213,0x19d1,0x19af,0x08a7,0x19f2,0x19f2,0x19f2,0x19d1,0x19d1,
 0x19f2,0x19d1,0x2213,0x2233,0x2213,0x2213,0x1a12,0x2233,0x116d,0x0887,0x0886,0x0886,0x0887,0x0886,0x10c8,0x192a,
 0xab2a,0xc38a,0x4169,0xc3ab,0xc34a,0x2908,0x0087,0x08a8,0x10e9,0x08c8,0x08a8,0x08a7,0x08a8,0x08e9,0x08e9,0x19d0,
 0x2234,0x2213,0x2213,0x2213,0x2a34,0x3254,0x2a54,0x116e,0x190b,0x110c,0x2211,0x19b0,0x19b0,0x112c,0x21d1,0x3234,
 0x2a13,0x21f3,0x2213,0x2213,0x2213,0x2213,0x2213,0x2213,0x19f2,0x21f2,0x19f2,0x19f2,0x19f2,0x19f2,0x19f2,0x19f2,
 0x19f2,0x1a13,0x19f2,0x0886,0x0065,0x08e8,0x19f1,0x19f2,0x19f2,0x21f3,0x21f3,0x2213,0x19f2,0x19f2,0x2234,0x114c,
 0x0045,0x0845,0x08c8,0x114b,0x0043,0x19af,0x2296,0x2254,0x19af,0x19d0,0x19ae,0x08c8,0x2211,0x2ab6,0x21f1,0x0867,
 0x7a09,0xbb49,0x8209,0x10a9,0x110a,0x098f,0x469e,0x4ebe,0x09b0,0x090b,0x0887,0x0866,0x0866,0x0866,0x0865,0x10c9,
 0x08a7,0x110b,0x08a7,0x08a7,0x114c,0x112b,0x112b,0x090a,0x08e9,0x112b,0x112b,0x292a,0x59e9,0x9b0b,0x932b,0x726a,
 0x8aeb,0xa36c,0x59aa,0x18c8,0x0886,0x0887,0x0887,0x08c8,0x08a8,0x0866,0x4a8d,0x3148,0x0045,0x0865,0x08a8,0x2255,
 0x2255,0x2255,0x2276,0x2275,0x2255,0x2255,0x2213,0x21f2,0x2213,0x19b0,0x112c,0x294d,0x294d,0x112c,0x114d,0x2b76,
 0x11f1,0x318d,0x298c,0x31ad,0x218e,0x198f,0x2a76,0x2a76,0x3275,0x3296,0x5b98,0x1129,0x2316,0x116b,0x08c6,0x118c,
 0x00c5,0x08e7,0x08e8,0x08c7,0x08c7,0x08e7,0x08c6,0x08c6,0x08c6,0x08c6,0x08c6,0x08c6,0x08c6,0x08c7,0x08c7,0x08e7,
 0x08c7,0x08c7,0x08c6,0x08c7,0x08c7,0x08c6,0x08c7,0x08e7,0x08e7,0x08c7,0x08e7,0x08c6,0x08c6,0x08c6,0x08c7,0x08c7,
 0x08c7,0x08e7,0x08c7,0x08e7,0x08e7,0x08e7,0x08e7,0x08e7,0x08e7,0x08e7,0x08c6,0x08e7,0x08e7,0x08c6,0x08c6,0x08c6,
 0x08a6,0x08c7,0x08c7,0x08c6,0x08c6,0x08c6,0x08c6,0x08c6,0x08a6,0x08c6,0x08a6,0x08c6,0x08c6,0x08c6,0x08c6,0x08c6,
 0x0823,0x0023,0x0023,0x0023,0x0843,0x0843,0x0844,0x0844,0x0843,0x0843,0x0043,0x0043,0x0043,0x0023,0x0043,0x0843,
 0x0823,0x0843,0x0843,0x0023,0x0023,0x0823,0x0823,0x0844,0x0023,0x0022,0x0845,0x0844,0x0844,0x0844,0x0844,0x0844,
 0x0844,0x0844,0x0023,0x0044,0x0844,0x0844,0x0865,0x10a7,0x18c8,0x28c7,0x30e5,0x4946,0x4927,0x4968,0x28c6,0x3906,
 0x4926,0x4106,0x4127,0x28a5,0x28a6,0x0887,0x1086,0x0865,0x28a4,0x40e6,0x08c8,0x0863,0x0023,0x0844,0x0022,0x0023,
 0x10a7,0x10a7,0x0843,0x0864,0x0865,0x0043,0x0865,0x1086,0x28a7,0x114d,0x196f,0x3af7,0x437a,0x198d,0x2ad6,0x2293,
 0x2272,0x08e9,0x08a7,0x08c8,0x08c9,0x08a8,0x08a7,0x08c8,0x08c9,0x08a8,0x08c8,0x08e9,0x08a7,0x0887,0x11ae,0x118d,
 0x2af6,0x114c,0x0887,0x18c8,0x2928,0x0087,0x10ea,0x090b,0x094d,0x1cd9,0x1b55,0x08cb,0x08c9,0x08a7,0x1909,0x1109,
 0x08c8,0x19f1,0x2276,0x3294,0x2213,0x2255,0x2254,0x2233,0x2254,0x114c,0x0022,0x0865,0x0044,0x0865,0x0865,0x0865,
 0x0044,0x0044,0x0043,0x0043,0x0022,0x0022,0x19ae,0x2a33,0x2255,0x19f2,0x08c7,0x2213,0x2212,0x1a12,0x19f1,0x19f1,
 0x116e,0x19f2,0x19af,0x2212,0x2234,0x2233,0x2213,0x2233,0x116d,0x0887,0x08c8,0x08a8,0x08a8,0x0886,0x10e9,0x192b,
 0xc40b,0xe48b,0x51c9,0xe4cc,0xe48b,0x3129,0x08a9,0x08c9,0x10ea,0x08c8,0x08a8,0x08a7,0x0887,0x110a,0x112a,0x19d1,
 0x2a54,0x2a34,0x2a34,0x2a33,0x2213,0x3234,0x29b0,0x08c9,0x192c,0x08ca,0x116d,0x112c,0x10ea,0x08e9,0x218f,0x3234,
 0x2a13,0x2a14,0x2214,0x2234,0x2234,0x2233,0x2213,0x2213,0x1a13,0x1a13,0x1a12,0x19f2,0x19f2,0x19f2,0x19f2,0x1a12,
 0x1a13,0x2213,0x2212,0x08c8,0x0865,0x1109,0x19f2,0x2212,0x2213,0x2214,0x2214,0x2213,0x1a13,0x2213,0x2254,0x196c,
 0x0044,0x0844,0x08a7,0x092a,0x0864,0x1a11,0x22b7,0x2275,0x116d,0x1a52,0x19f1,0x118e,0x19cf,0x2af8,0x2211,0x0847,
 0x7a49,0xb369,0x8269,0x18c9,0x190b,0x09af,0x3e7e,0x3e3d,0x096e,0x090b,0x0887,0x0887,0x0887,0x0866,0x0865,0x10e9,
 0x110a,0x112b,0x112b,0x110a,0x112b,0x112b,0x112b,0x112b,0x112b,0x112b,0x112b,0x192b,0x110b,0x110b,0x190a,0x212a,
 0x190b,0x190a,0x212b,0x08a7,0x0865,0x08a8,0x08a8,0x08c9,0x10c9,0x0866,0x0026,0x0046,0x0865,0x0845,0x08c8,0x2275,
 0x2275,0x2275,0x2275,0x2a96,0x2a76,0x2a76,0x2234,0x19b0,0x2235,0x19b0,0x092b,0x216d,0x294d,0x112c,0x114e,0x1ab2,
 0x11af,0x216e,0x298e,0x214e,0x198f,0x19b0,0x2a75,0x8397,0x5a93,0x3af7,0x3b37,0x1129,0x2335,0x092a,0x08c8,0x08e8,
 0x092a,0x110a,0x090a,0x090a,0x114b,0x114b,0x08e8,0x08e8,0x08e8,0x08e8,0x08e8,0x110a,0x0909,0x090a,0x0909,0x0909,
 0x090a,0x090a,0x090a,0x090a,0x08e9,0x0909,0x1109,0x0909,0x090a,0x0909,0x08e9,0x08e9,0x08e9,0x08e9,0x0909,0x0909,
 0x08e9,0x0909,0x0909,0x0909,0x08e9,0x090a,0x090a,0x112a,0x1109,0x090a,0x08e9,0x1109,0x08e9,0x08e9,0x08e9,0x08e9,
 0x08e9,0x1109,0x0909,0x08e9,0x08e9,0x098d,0x08e9,0x08e9,0x08e9,0x08e9,0x08e9,0x08e9,0x08e9,0x08e9,0x090a,0x110a,
 0x0042,0x0042,0x0042,0x0043,0x0043,0x0043,0x0043,0x0043,0x0043,0x0042,0x0042,0x0043,0x0043,0x0043,0x0043,0x0042,
 0x0042,0x0042,0x0043,0x0042,0x0043,0x0043,0x0043,0x0043,0x0043,0x0043,0x0043,0x0043,0x0043,0x0043,0x0043,0x0042,
 0x0042,0x0042,0x0042,0x0022,0x0022,0x0844,0x0865,0x08a7,0x18a8,0x18a8,0x20a7,0x28c7,0x30c7,0x28a7,0x30c7,0x28c7,
 0x30c7,0x30c7,0x28c7,0x18a7,0x18a7,0x0887,0x0886,0x0065,0x2084,0x40e7,0x10a7,0x0843,0x0043,0x0844,0x0042,0x0022,
 0x10a8,0x0886,0x0022,0x0043,0x0845,0x0023,0x0866,0x1086,0x28a6,0x112c,0x196f,0x112b,0x110a,0x08c9,0x08e9,0x08c8,
 0x114b,0x112c,0x112b,0x112b,0x118e,0x118d,0x118d,0x116d,0x114b,0x114c,0x116c,0x114c,0x112c,0x112b,0x08ea,0x110b,
 0x116d,0x08c9,0x10c8,0x08a7,0x0887,0x0886,0x08e9,0x092b,0x094d,0x2b34,0x1a52,0x08eb,0x08e9,0x10c9,0x10e9,0x08c8,
 0x08a7,0x21f1,0x32d7,0x112c,0x19af,0x2af9,0x2232,0x0886,0x08c9,0x08a8,0x0886,0x10c9,0x08c8,0x08a7,0x10c8,0x08c8,
 0x08c8,0x08a6,0x0886,0x10a7,0x0887,0x0066,0x30e8,0x310a,0x092c,0x114c,0x08c8,0x21af,0x10c6,0x19af,0x2234,0x19af,
 0x114d,0x2254,0x198e,0x21f1,0x1a13,0x2213,0x2233,0x2254,0x118e,0x08a7,0x0887,0x0887,0x0887,0x0886,0x10c8,0x110a,
 0x620a,0x6a6a,0x316a,0x6a6a,0x6a6a,0x20e9,0x0886,0x0887,0x08c9,0x08a7,0x08a8,0x08a7,0x08a8,0x110a,0x112a,0x2212,
 0x2a55,0x2234,0x2234,0x2233,0x2254,0x198f,0x08ea,0x08c9,0x090b,0x090c,0x090c,0x112d,0x110c,0x110c,0x112b,0x198f,
 0x2234,0x2234,0x2234,0x2233,0x2254,0x2254,0x2233,0x2254,0x112a,0x0022,0x0063,0x0064,0x0064,0x0064,0x0064,0x0043,
 0x114c,0x2234,0x19f0,0x0064,0x0021,0x08a7,0x2234,0x2234,0x2234,0x2234,0x2234,0x2234,0x2255,0x112b,0x08c9,0x08c8,
 0x0886,0x0866,0x0865,0x0844,0x0865,0x08a7,0x08c8,0x08c8,0x08a7,0x08c8,0x08a7,0x08a7,0x08a7,0x08c9,0x10c8,0x10a9,
 0x7a49,0xbb4a,0x824a,0x18a9,0x10ea,0x09af,0x3e5e,0x365e,0x09b0,0x08eb,0x0887,0x0887,0x0887,0x0866,0x0865,0x110a,
 0x112b,0x110a,0x110a,0x110b,0x114c,0x112b,0x112b,0x114b,0x112b,0x112b,0x112b,0x112b,0x112b,0x112b,0x112b,0x112b,
 0x112b,0x112a,0x110a,0x08c8,0x0865,0x0886,0x0886,0x0886,0x10c9,0x0865,0x0886,0x0886,0x0865,0x0845,0x08c8,0x2a96,
 0x2a96,0x2a96,0x2a75,0x2a75,0x2255,0x2a75,0x19d1,0x112d,0x2213,0x19d2,0x114c,0x196e,0x218e,0x112c,0x196e,0x22b3,
 0x19af,0x194d,0x296d,0x112d,0x196f,0x192b,0x0886,0x3107,0x18c7,0x10e8,0x10c7,0x0043,0x0884,0x0864,0x0864,0x0864,
 0x0865,0x0865,0x0865,0x0865,0x0865,0x0865,0x0865,0x0865,0x0865,0x0865,0x0865,0x0865,0x0865,0x0865,0x0865,0x0865,
 0x0844,0x0864,0x0864,0x0864,0x0865,0x0865,0x0865,0x0864,0x0865,0x0865,0x0865,0x0865,0x0865,0x0865,0x0865,0x0865,
 0x0865,0x0865,0x0865,0x0865,0x0865,0x0865,0x0865,0x0865,0x0865,0x0865,0x0865,0x0865,0x0865,0x0865,0x0865,0x0865,
 0x0865,0x0865,0x0865,0x0865,0x0865,0x08a7,0x0865,0x0865,0x0865,0x0865,0x0865,0x0865,0x0865,0x0865,0x0865,0x0865,
 0x0042,0x0042,0x0042,0x0042,0x0042,0x0042,0x0042,0x0042,0x0042,0x0042,0x0042,0x0042,0x0042,0x0042,0x0042,0x0042,
 0x0042,0x0042,0x0043,0x0042,0x0042,0x0042,0x0042,0x0042,0x0042,0x0042,0x0043,0x0844,0x0022,0x0022,0x0042,0x0043,
 0x0042,0x0043,0x0022,0x0042,0x0043,0x0865,0x0865,0x0887,0x18a8,0x10a8,0x08a7,0x08a7,0x08a7,0x08a7,0x0887,0x08a7,
 0x0887,0x08a7,0x08a7,0x08a7,0x10a7,0x0886,0x0886,0x0865,0x2084,0x30c7,0x08a8,0x0843,0x0043,0x0843,0x0043,0x0022,
 0x10a8,0x08a6,0x0844,0x0845,0x0844,0x0043,0x0088,0x1086,0x28a5,0x112c,0x1990,0x08e9,0x08a8,0x08c8,0x0887,0x08a8,
 0x10ea,0x08c9,0x08c8,0x08c8,0x08c8,0x08c8,0x08e9,0x08c8,0x08c8,0x08c8,0x08c8,0x08c8,0x08c9,0x08c8,0x08c8,0x08c8,
 0x08c8,0x08a7,0x08a8,0x18e8,0x2909,0x08a7,0x110a,0x112c,0x096e,0x2cbb,0x1b15,0x08eb,0x08e9,0x10e9,0x290a,0x10c9,
 0x08c8,0x2a74,0x2a53,0x10c9,0x2211,0x2ab6,0x2210,0x0023,0x0844,0x0843,0x0844,0x0044,0x0044,0x0844,0x0844,0x0844,
 0x0844,0x0864,0x0864,0x0844,0x0844,0x0844,0x0865,0x0866,0x0022,0x0864,0x0043,0x0886,0x0000,0x19d0,0x1a54,0x110b,
 0x114d,0x2253,0x21d0,0x2211,0x19af,0x2234,0x2234,0x2255,0x198e,0x08a7,0x08a7,0x08a8,0x0887,0x0866,0x08c8,0x110a,
 0x00ca,0x00ca,0x090a,0x00ca,0x00ea,0x110a,0x10e9,0x10e9,0x08e9,0x08c8,0x08c9,0x08c8,0x08a8,0x19ae,0x19ad,0x19f1,
 0x2255,0x2234,0x2a34,0x2a34,0x2a75,0x19b0,0x112c,0x110b,0x112c,0x112c,0x112c,0x114d,0x112c,0x112c,0x114d,0x19b0,
 0x2a56,0x2234,0x2a54,0x2234,0x2234,0x2a54,0x2a75,0x198e,0x0063,0x114d,0x114c,0x0863,0x08c8,0x092b,0x114c,0x08e9,
 0x0000,0x1a11,0x19cf,0x0064,0x08a6,0x08e8,0x2234,0x2254,0x2254,0x2254,0x2234,0x2255,0x2a96,0x110a,0x0845,0x0865,
 0x0866,0x0866,0x0865,0x0865,0x0865,0x0865,0x0845,0x0865,0x0865,0x0865,0x0865,0x0865,0x0865,0x0845,0x0845,0x18c9,
 0x290a,0x392a,0x310a,0x10c9,0x08c9,0x09d0,0x467e,0x4ebe,0x09d1,0x08eb,0x0887,0x0887,0x0887,0x0866,0x0865,0x110a,
 0x112b,0x112a,0x110a,0x110a,0x114c,0x112b,0x112b,0x114b,0x112b,0x112b,0x112b,0x112b,0x092b,0x090b,0x090b,0x110b,
 0x092b,0x090b,0x112b,0x08c8,0x0886,0x08a8,0x08a8,0x08a7,0x08a8,0x0865,0x0887,0x0886,0x0866,0x0865,0x10c9,0x2ab6,
 0x32b6,0x3296,0x3296,0x2a96,0x2a96,0x2a55,0x196f,0x110d,0x21d2,0x21f3,0x116d,0x218e,0x316d,0x114d,0x196f,0x32f4,
 0x19b0,0x216d,0x298e,0x196e,0x29b0,0x10c9,0x0845,0x0045,0x0866,0x0866,0x0866,0x0865,0x0844,0x0843,0x0023,0x0023,
 0x0023,0x0043,0x0043,0x0022,0x0022,0x0022,0x0022,0x0042,0x0043,0x0043,0x0043,0x0843,0x0043,0x0043,0x0043,0x0043,
 0x0843,0x0844,0x0843,0x0043,0x0843,0x0043,0x0844,0x0043,0x0843,0x0843,0x0843,0x0844,0x0043,0x0843,0x0043,0x0043,
 0x0844,0x0043,0x0043,0x0043,0x0043,0x0844,0x0844,0x0843,0x0844,0x0844,0x0844,0x0844,0x0844,0x0844,0x0843,0x0843,
 0x0043,0x0043,0x0043,0x0043,0x0023,0x0844,0x0844,0x0023,0x0043,0x0043,0x0043,0x0843,0x0043,0x0043,0x0043,0x0043,
 0x0042,0x0042,0x0042,0x0042,0x0042,0x0042,0x0042,0x0042,0x0042,0x0042,0x0042,0x0042,0x0042,0x0042,0x0042,0x0042,
 0x0042,0x0042,0x0043,0x0042,0x0042,0x0042,0x0042,0x0042,0x0042,0x0042,0x0843,0x0864,0x0043,0x0043,0x0043,0x0043,
 0x0844,0x0864,0x0044,0x0043,0x0843,0x0865,0x0865,0x0887,0x10a8,0x10a8,0x10a7,0x10a7,0x10a7,0x10a7,0x1087,0x08a7,
 0x10a7,0x10a7,0x10a7,0x10a7,0x10a7,0x0886,0x0866,0x0865,0x1864,0x28a6,0x08a8,0x0864,0x0043,0x0843,0x0043,0x0023,
 0x0887,0x08a6,0x0843,0x0844,0x0844,0x0843,0x0887,0x10a7,0x28a6,0x114d,0x19d1,0x110a,0x10e9,0x110a,0x08c9,0x08c8,
 0x112b,0x112b,0x110a,0x110a,0x10e9,0x110b,0x112b,0x112b,0x10e9,0x110a,0x110a,0x110a,0x110a,0x110a,0x110a,0x10ea,
 0x110a,0x08a7,0x08a8,0x2109,0x292a,0x08a8,0x112b,0x112c,0x11ae,0x2e1d,0x1bd6,0x08aa,0x08e9,0x08a8,0x210a,0x190a,
 0x08c9,0x2253,0x19cf,0x10e9,0x2232,0x114c,0x2231,0x0865,0x0844,0x0864,0x0865,0x0865,0x0844,0x0865,0x0865,0x0865,
 0x0865,0x0865,0x0865,0x0865,0x0044,0x0844,0x0865,0x0885,0x08e9,0x08c7,0x0043,0x08eb,0x0865,0x19f0,0x19f1,0x112b,
 0x08e9,0x112b,0x110b,0x112c,0x196d,0x2234,0x2234,0x2255,0x116d,0x08c7,0x10e9,0x08a7,0x0887,0x0866,0x08c9,0x110a,
 0x112a,0x112a,0x110a,0x112a,0x112a,0x110a,0x112b,0x112b,0x10ea,0x08c8,0x10e9,0x08e9,0x08c8,0x08e9,0x08e8,0x19af,
 0x2213,0x2234,0x2234,0x3254,0x3276,0x19b0,0x110c,0x112c,0x112d,0x112d,0x116e,0x114d,0x112c,0x112c,0x112c,0x198f,
 0x2255,0x2a55,0x2a54,0x2234,0x2a54,0x2a54,0x2a97,0x114b,0x08e8,0x2297,0x118f,0x0001,0x1a12,0x19d0,0x08ea,0x116e,
 0x0001,0x2212,0x1a11,0x00e8,0x08c7,0x0908,0x2233,0x2275,0x2a75,0x2232,0x19f1,0x2275,0x2295,0x19d0,0x0845,0x0886,
 0x0866,0x0886,0x0866,0x0865,0x0886,0x0886,0x0866,0x0886,0x0866,0x0866,0x0866,0x0866,0x0866,0x0866,0x0866,0x210a,
 0x18ea,0x08aa,0x10ca,0x10a9,0x08c9,0x11d1,0x3e7e,0x4ebe,0x09d1,0x08eb,0x0887,0x0887,0x0887,0x0866,0x0865,0x10e9,
 0x08a6,0x08a7,0x0886,0x08c8,0x114c,0x112b,0x114b,0x112b,0x110a,0x112b,0x112b,0x112b,0x2909,0x4129,0x3949,0x3149,
 0x4149,0x4149,0x292a,0x10c9,0x0886,0x0887,0x0887,0x08a7,0x10c8,0x0845,0x0865,0x0865,0x0866,0x0845,0x10e9,0x32d7,
 0x32f8,0x19af,0x2a53,0x3af8,0x32f8,0x2a74,0x194e,0x190c,0x2a14,0x2213,0x116e,0x21af,0x298e,0x116e,0x198f,0x22b3,
 0x19d1,0x216f,0x218f,0x218f,0x21d0,0x29cf,0x0865,0x0886,0x0886,0x08a6,0x08a7,0x08a7,0x08a7,0x0865,0x0864,0x0864,
 0x0844,0x0844,0x0043,0x0043,0x0865,0x0843,0x0042,0x0043,0x0844,0x0043,0x0043,0x0865,0x0865,0x0865,0x0865,0x0885,
 0x0886,0x0866,0x0866,0x0886,0x0886,0x0866,0x0866,0x0866,0x0866,0x0866,0x0866,0x0865,0x0865,0x0866,0x0886,0x0865,
 0x0865,0x0865,0x0844,0x0865,0x0885,0x0865,0x0886,0x0886,0x0886,0x0865,0x0885,0x0865,0x0865,0x0864,0x0885,0x0865,
 0x0843,0x0042,0x0043,0x0042,0x0043,0x1087,0x0865,0x0844,0x0865,0x0865,0x0865,0x0865,0x0865,0x0865,0x0865,0x0865,
 0x0042,0x0042,0x0042,0x0022,0x0042,0x0042,0x0042,0x0042,0x0042,0x0042,0x0042,0x0042,0x0042,0x0042,0x0042,0x0042,
 0x0042,0x0043,0x0043,0x0042,0x0042,0x0042,0x0042,0x0042,0x0042,0x0022,0x0865,0x0865,0x0844,0x0865,0x0843,0x0043,
 0x0865,0x0865,0x0865,0x0044,0x0843,0x0865,0x0865,0x0887,0x10a8,0x10a8,0x10a7,0x08a7,0x08a7,0x08a7,0x0887,0x08a7,
 0x08a7,0x08a7,0x08a7,0x08a7,0x10a7,0x0886,0x0865,0x0865,0x1864,0x28a6,0x08a8,0x0844,0x0043,0x0043,0x0043,0x0022,
 0x0887,0x0886,0x0043,0x0865,0x0865,0x0043,0x0887,0x1087,0x20a6,0x092c,0x118f,0x10e9,0x1109,0x08e9,0x08c8,0x08a8,
 0x112b,0x114c,0x112b,0x112b,0x114c,0x116c,0x116c,0x114c,0x112b,0x112b,0x114b,0x112b,0x112b,0x112b,0x10e9,0x110b,
 0x110b,0x08c8,0x08c8,0x08e9,0x10eb,0x08c8,0x112b,0x110b,0x096d,0x365d,0x1bd6,0x08cb,0x08ea,0x10ea,0x112b,0x08ea,
 0x110a,0x10ea,0x08c9,0x08c9,0x08c9,0x10ea,0x08c9,0x0865,0x0865,0x0865,0x0865,0x0865,0x0865,0x0865,0x0865,0x0865,
 0x0865,0x0865,0x0865,0x0865,0x0844,0x0042,0x0844,0x10a8,0x116d,0x08c8,0x0064,0x08ea,0x0885,0x08e9,0x21af,0x3a52,
 0x196c,0x118e,0x196d,0x396e,0x112c,0x2254,0x2276,0x2a96,0x198e,0x08a7,0x10e9,0x08a8,0x0887,0x0886,0x08c9,0x110b,
 0x110a,0x112a,0x110a,0x110b,0x112b,0x110b,0x110b,0x112b,0x110a,0x08c8,0x08c8,0x08c8,0x08c8,0x0886,0x0866,0x0065,
 0x112b,0x2a75,0x2a75,0x2a75,0x2a96,0x19d0,0x216d,0x194d,0x112d,0x110c,0x22f3,0x19f0,0x112c,0x194d,0x194d,0x1990,
 0x2a76,0x2a55,0x2a55,0x2254,0x2254,0x2a54,0x2a96,0x114b,0x08e8,0x2296,0x0909,0x0000,0x116d,0x11ae,0x0000,0x0042,
 0x0022,0x2233,0x19ae,0x098c,0x1109,0x0909,0x19ae,0x2ab6,0x2211,0x08c7,0x0885,0x2253,0x32d6,0x19af,0x0845,0x0887,
 0x0886,0x0887,0x0886,0x0887,0x0886,0x0886,0x0887,0x0887,0x0887,0x0887,0x0887,0x0887,0x0886,0x0886,0x0886,0x20ea,
 0x496a,0x61ea,0x518a,0x10c9,0x08e9,0x11d1,0x467e,0x46be,0x09d1,0x090b,0x08a7,0x0887,0x0887,0x0886,0x0865,0x110a,
 0x0886,0x0886,0x0866,0x08a8,0x116d,0x112b,0x112b,0x112b,0x112b,0x114c,0x194c,0x212c,0x620a,0xab2b,0xab4b,0x7a69,
 0xa30a,0xb36b,0x5989,0x18c8,0x1087,0x0887,0x08a7,0x08a8,0x10ea,0x0865,0x092a,0x0886,0x0865,0x0845,0x10c9,0x32f8,
 0x2a74,0x0087,0x112b,0x4339,0x3ad6,0x3274,0x110b,0x08c9,0x21d1,0x2233,0x196e,0x29af,0x298f,0x198f,0x21d1,0x3b55,
 0x2212,0x29b0,0x29b0,0x198f,0x21d0,0x4a50,0x10c7,0x08c8,0x110a,0x1109,0x110a,0x110a,0x08e9,0x10c9,0x0865,0x0886,
 0x0886,0x0886,0x0865,0x0865,0x10c8,0x0865,0x0043,0x0844,0x0044,0x0022,0x0043,0x08a7,0x0885,0x08a7,0x10a7,0x10a7,
 0x10a7,0x0885,0x0886,0x10a8,0x10a8,0x10a8,0x10a7,0x10a8,0x10a8,0x10a8,0x10a8,0x10a7,0x0887,0x10a8,0x10a7,0x10a6,
 0x10a7,0x10a7,0x0864,0x10a8,0x08a7,0x10c7,0x10c9,0x08a7,0x10a7,0x10c8,0x08a7,0x10c8,0x08a7,0x0885,0x10c7,0x08a7,
 0x0864,0x0043,0x0844,0x0844,0x0023,0x28c7,0x10a7,0x0865,0x08a7,0x0886,0x08a7,0x0886,0x0886,0x0886,0x0887,0x10a7,
 0x0042,0x0042,0x0042,0x0042,0x0042,0x0042,0x0042,0x0042,0x0042,0x0042,0x0042,0x0042,0x0042,0x0042,0x0042,0x0042,
 0x0042,0x0043,0x0843,0x0042,0x0042,0x0042,0x0042,0x0042,0x0042,0x0022,0x0865,0x0866,0x0844,0x0865,0x0844,0x0043,
 0x0865,0x0865,0x0865,0x0844,0x0843,0x0865,0x0865,0x0887,0x10a8,0x10a8,0x10a7,0x08a7,0x08a7,0x08a7,0x08a7,0x08a7,
 0x08a7,0x08a7,0x0887,0x08a7,0x08a7,0x0886,0x0865,0x0865,0x1064,0x20a6,0x08a8,0x0844,0x0042,0x0043,0x0042,0x0022,
 0x08a7,0x0886,0x0044,0x0865,0x0865,0x0043,0x0887,0x1087,0x20a6,0x114c,0x19b0,0x110b,0x08ea,0x08c8,0x08c8,0x08a7,
 0x112b,0x112b,0x090a,0x112b,0x08ea,0x08ea,0x110a,0x10e9,0x10e9,0x10e9,0x110a,0x090b,0x090b,0x08ea,0x08e9,0x114c,
 0x112b,0x08c8,0x08c9,0x10e9,0x10eb,0x08c8,0x112c,0x114d,0x11af,0x3e7e,0x2458,0x08cc,0x090a,0x08c8,0x194c,0x192b,
 0x110a,0x10ea,0x10ea,0x08c9,0x08ea,0x10ea,0x08c9,0x0865,0x0865,0x0865,0x0865,0x0865,0x0865,0x0865,0x0865,0x0865,
 0x0865,0x0865,0x0865,0x0865,0x0844,0x0022,0x0844,0x10c9,0x0909,0x08a7,0x0885,0x110a,0x0864,0x112b,0x196f,0x196e,
 0x110b,0x194c,0x194b,0x296d,0x10ca,0x198f,0x2a96,0x2ad7,0x19af,0x08c8,0x08c8,0x08a8,0x08a7,0x0886,0x08c8,0x110a,
 0x00ea,0x00ea,0x090a,0x110a,0x090a,0x110a,0x110a,0x110a,0x110a,0x08a8,0x08c8,0x08a8,0x08c8,0x0886,0x0886,0x0045,
 0x112b,0x2a76,0x2a75,0x2275,0x32b7,0x19f1,0x296d,0x192c,0x112c,0x110c,0x1a70,0x19ae,0x110c,0x194d,0x192c,0x19b0,
 0x3297,0x3296,0x2a96,0x2ab7,0x2ab6,0x2a96,0x2ad8,0x116c,0x0864,0x2ad7,0x19ef,0x0000,0x19ef,0x11cf,0x0022,0x19cf,
 0x0043,0x2232,0x114b,0x08c7,0x08a5,0x116b,0x114b,0x2ab7,0x2a95,0x198e,0x1109,0x32d7,0x3b39,0x2211,0x0044,0x0887,
 0x0845,0x0866,0x0865,0x0866,0x0886,0x0866,0x0886,0x0886,0x0887,0x0887,0x0887,0x0887,0x0887,0x0887,0x0887,0x18aa,
 0x7a0a,0xab2a,0x8a4a,0x10a8,0x10ea,0x09f2,0x569e,0x4ebe,0x09d1,0x090b,0x08a7,0x0887,0x0887,0x0886,0x0866,0x110b,
 0x08a7,0x08a8,0x0887,0x08c8,0x116d,0x112b,0x194c,0x112b,0x112b,0x194c,0x194c,0x294c,0x520a,0x7b0a,0x8b6a,0x6268,
 0x830a,0x934a,0x59ea,0x3109,0x18a7,0x08a8,0x10c8,0x08c8,0x10c9,0x08a7,0x112b,0x0065,0x0865,0x0845,0x10c8,0x3b59,
 0x198e,0x0066,0x218e,0x3ab5,0x198e,0x21cf,0x08c9,0x110a,0x21f1,0x2a55,0x196f,0x218f,0x29b0,0x21b0,0x21f2,0x3b56,
 0x2212,0x298f,0x31af,0x1990,0x21d1,0x19d0,0x08a7,0x0909,0x110a,0x110a,0x110a,0x110a,0x110a,0x08c8,0x0886,0x0887,
 0x08a7,0x08a7,0x0865,0x0865,0x08a8,0x0865,0x0043,0x0844,0x0844,0x0043,0x0043,0x0887,0x0886,0x0886,0x0886,0x0886,
 0x10a8,0x0886,0x08a7,0x10a8,0x10a8,0x10a8,0x10a8,0x10a8,0x10a8,0x10a8,0x10a8,0x10a8,0x0887,0x10a7,0x0886,0x0886,
 0x0887,0x0886,0x0886,0x10a8,0x08a6,0x08a7,0x10c9,0x08a7,0x0887,0x10a8,0x0886,0x10a7,0x08a7,0x08a7,0x10a8,0x10c8,
 0x0864,0x0043,0x0865,0x0865,0x0043,0x28c7,0x10a7,0x0865,0x0886,0x0887,0x0887,0x0865,0x0887,0x0886,0x0887,0x10a7,
 0x0022,0x0042,0x0042,0x0042,0x0042,0x0042,0x0042,0x0042,0x0042,0x0042,0x0042,0x0042,0x0042,0x0042,0x0042,0x0042,
 0x0042,0x0043,0x0843,0x0043,0x0042,0x0042,0x0042,0x0042,0x0042,0x0042,0x0865,0x0886,0x0844,0x0865,0x0864,0x0844,
 0x0865,0x0865,0x0865,0x0844,0x0844,0x0865,0x0865,0x0887,0x10a8,0x10a8,0x10a7,0x10a7,0x08a7,0x10a7,0x10a7,0x08a7,
 0x08a7,0x08a7,0x08a7,0x08a7,0x10a7,0x0887,0x0866,0x0865,0x1064,0x20a6,0x08a8,0x0844,0x0042,0x0043,0x0042,0x0022,
 0x08a7,0x08a6,0x0844,0x0864,0x0865,0x0844,0x0866,0x0887,0x18a7,0x216e,0x29f1,0x110a,0x110a,0x0887,0x10e9,0x10c8,
 0x192b,0x19ce,0x222f,0x08eb,0x214b,0x318c,0x08ea,0x08c8,0x110b,0x08ea,0x49eb,0x8b2d,0x7b2d,0x9b8d,0x418b,0x722c,
 0x192a,0x08a7,0x18e9,0x20e9,0x10c9,0x08a8,0x114d,0x118e,0x11af,0x23f8,0x1b15,0x114e,0x092b,0x112b,0x216e,0x21ae,
 0x112b,0x10e9,0x190a,0x190a,0x110b,0x110b,0x110a,0x0844,0x0865,0x0865,0x0865,0x0865,0x0865,0x0865,0x0865,0x0865,
 0x0865,0x0865,0x0865,0x0865,0x0865,0x0044,0x0844,0x10c9,0x112b,0x08a7,0x0064,0x110b,0x0864,0x08c8,0x10e9,0x08a6,
 0x10c9,0x194c,0x194d,0x218f,0x10c9,0x198e,0x32d7,0x32f8,0x19cf,0x08c8,0x08c8,0x08a8,0x08a7,0x0886,0x10e9,0x112b,
 0x622a,0x7a4a,0x212a,0x08e9,0x08ea,0x08a8,0x08a7,0x08a7,0x08e9,0x08a7,0x08c8,0x08c8,0x08c8,0x08a7,0x08c8,0x0887,
 0x198e,0x2a97,0x2a55,0x2a75,0x2a96,0x19d0,0x296d,0x112c,0x112d,0x194d,0x2210,0x19af,0x194d,0x196e,0x194d,0x19b0,
 0x32b7,0x2a96,0x32f7,0x19ae,0x114b,0x116c,0x116c,0x112a,0x0865,0x196d,0x196d,0x0064,0x112b,0x112a,0x0865,0x112b,
 0x0886,0x112a,0x0864,0x08c7,0x0885,0x112a,0x08a6,0x2a74,0x2a95,0x194c,0x110a,0x21d0,0x21ef,0x198d,0x10ea,0x110a,
 0x10e9,0x08c8,0x08c8,0x114b,0x114b,0x112a,0x08c9,0x08e9,0x10c9,0x0887,0x0887,0x0887,0x08a8,0x08a7,0x08a7,0x10a9,
 0x7229,0xa309,0x822a,0x18c9,0x10ea,0x1212,0x469f,0x4e9e,0x09d0,0x090b,0x08a7,0x0887,0x0887,0x0886,0x0886,0x110b,
 0x08a7,0x08c8,0x0887,0x08c8,0x196d,0x194c,0x196c,0x114c,0x112b,0x194c,0x196c,0x294c,0x6a4a,0xbbab,0xabcb,0x8aea,
 0xa34b,0xab4b,0x61cb,0x28e9,0x1087,0x08a8,0x08a7,0x08c8,0x10e9,0x0865,0x08a7,0x0064,0x0865,0x0865,0x0886,0x2a11,
 0x196d,0x0887,0x196c,0x3253,0x3294,0x3294,0x08a9,0x194c,0x198e,0x2a33,0x218f,0x21b0,0x31b0,0x218f,0x21d2,0x3af5,
 0x2a33,0x29b0,0x2990,0x19b0,0x29f1,0x21f2,0x08c8,0x114b,0x112b,0x114b,0x114b,0x112b,0x112a,0x10c8,0x0886,0x08a7,
 0x10a8,0x10a8,0x0886,0x0865,0x10c8,0x0864,0x0023,0x0844,0x0844,0x0043,0x0864,0x10c8,0x10c8,0x10c8,0x10a8,0x10c8,
 0x10a8,0x10a8,0x10a8,0x10a8,0x10a8,0x10a8,0x10a8,0x10a8,0x10a8,0x10a8,0x10a8,0x10a8,0x10a8,0x10a8,0x10a8,0x10a8,
 0x10a8,0x10a8,0x10a8,0x10a8,0x10a8,0x10a8,0x10c8,0x10c8,0x10a8,0x10a8,0x10a8,0x10a8,0x10c8,0x10c8,0x10a8,0x10c9,
 0x0865,0x0844,0x0865,0x0845,0x0044,0x30c7,0x18a7,0x0866,0x0887,0x0887,0x0887,0x0887,0x0887,0x0887,0x10a7,0x10a7,
 0x0043,0x0043,0x0042,0x0042,0x0042,0x0042,0x0042,0x0042,0x0042,0x0042,0x0042,0x0042,0x0042,0x0042,0x0043,0x0042,
 0x0042,0x0043,0x0844,0x0043,0x0042,0x0042,0x0042,0x0042,0x0042,0x0042,0x0865,0x0886,0x0844,0x0865,0x0844,0x0844,
 0x0865,0x0865,0x0865,0x0844,0x0844,0x0865,0x0865,0x0887,0x10a8,0x10c8,0x08a7,0x08a7,0x08a7,0x10a7,0x10a7,0x10a7,
 0x08a7,0x0887,0x0887,0x08a7,0x10a7,0x10a7,0x0886,0x0865,0x1064,0x20a6,0x08a8,0x0843,0x0042,0x0043,0x0042,0x0022,
 0x08a7,0x08a6,0x0044,0x0864,0x0864,0x0043,0x0866,0x0887,0x10a7,0x118f,0x1a12,0x1909,0x59cc,0x0887,0x110b,0x1909,
 0x294d,0x222f,0x2b32,0x08ca,0x296c,0x31ef,0x092c,0x112b,0x112c,0x092c,0x72ad,0xdc8d,0xb40d,0xf4cc,0x41ab,0x8a6c,
 0x318c,0x08a8,0x20e9,0x20e9,0x10c9,0x10c9,0x198e,0x19af,0x11af,0x09d2,0x11d1,0x116e,0x090b,0x114d,0x116d,0x116d,
 0x112c,0x192b,0x624e,0x49cd,0x110b,0x39ee,0x194c,0x0023,0x0865,0x0865,0x0865,0x0865,0x0865,0x0865,0x0865,0x0865,
 0x0865,0x0865,0x0865,0x0865,0x0865,0x0844,0x0865,0x10a7,0x08e9,0x114d,0x08a7,0x196f,0x0043,0x0885,0x10e9,0x08a6,
 0x08a8,0x10a7,0x110b,0x196e,0x0886,0x198f,0x32f8,0x32f8,0x19d0,0x08e9,0x08e9,0x10e9,0x08c9,0x0887,0x10e9,0x194b,
 0xbbec,0xdc4c,0x39aa,0x092c,0x196d,0x08c9,0x090b,0x08ea,0x10e9,0x08c8,0x08c8,0x08c8,0x08c8,0x08a8,0x110a,0x08a8,
 0x19af,0x32f8,0x32b7,0x3ad8,0x3af8,0x21d0,0x090c,0x112c,0x114e,0x39d0,0x3a93,0x19af,0x194d,0x196d,0x194d,0x19d1,
 0x3af8,0x3b18,0x2ab6,0x08a6,0x19ad,0x0021,0x0000,0x0886,0x0864,0x0023,0x0845,0x0865,0x0865,0x0864,0x0865,0x0866,
 0x0865,0x0864,0x0022,0x0022,0x0043,0x0023,0x0023,0x2212,0x2232,0x0023,0x0043,0x08a8,0x0044,0x0044,0x08e9,0x18e9,
 0x10a7,0x08a7,0x08a6,0x1109,0x08c7,0x08a6,0x08c9,0x08c8,0x10e9,0x0845,0x0865,0x0887,0x08a8,0x0887,0x10a7,0x10aa,
 0x724b,0xcbeb,0x8a6b,0x10a9,0x08c9,0x11f1,0x3e7e,0x469e,0x11f1,0x092c,0x08a8,0x0887,0x0887,0x0886,0x0865,0x110b,
 0x112b,0x116d,0x112c,0x112b,0x196e,0x196d,0x194c,0x194c,0x114b,0x194c,0x196c,0x216c,0x216c,0x296c,0x418c,0x41ac,
 0x318c,0x296c,0x214b,0x18e9,0x0886,0x08a7,0x0887,0x10c9,0x10ea,0x0865,0x0866,0x0866,0x0866,0x0866,0x0886,0x110b,
 0x110a,0x10ea,0x10e9,0x10ea,0x10ea,0x10ea,0x110b,0x10ea,0x10ea,0x10ea,0x110a,0x29b1,0x49f1,0x198f,0x21f3,0x4377,
 0x2a53,0x2990,0x29b0,0x21d1,0x2a13,0x21d1,0x08c7,0x112b,0x112b,0x010b,0x010b,0x114b,0x112a,0x10c9,0x0886,0x08a7,
 0x10a8,0x08a8,0x0886,0x0865,0x10c9,0x0865,0x0043,0x0043,0x0844,0x0043,0x0864,0x10a8,0x10c8,0x10c8,0x10c8,0x10c8,
 0x10c8,0x10c8,0x10c8,0x10c8,0x10c8,0x10c8,0x10c8,0x10a8,0x10c8,0x10a8,0x10c8,0x10c8,0x10c8,0x10a8,0x10c8,0x10a8,
 0x10a8,0x10a8,0x10a8,0x10a8,0x10a8,0x10c8,0x10c8,0x10a8,0x10c8,0x10c8,0x10c8,0x10c8,0x10c8,0x10c8,0x10c8,0x10c8,
 0x0864,0x0044,0x0865,0x0845,0x0044,0x38c7,0x18a7,0x0065,0x10a8,0x0887,0x0887,0x0886,0x0064,0x0886,0x10a8,0x10a7,
 0x0042,0x0042,0x0042,0x0042,0x0042,0x0043,0x0843,0x0843,0x0843,0x0843,0x0843,0x0843,0x0843,0x0843,0x0843,0x0843,
 0x0843,0x0043,0x0843,0x0043,0x0042,0x0042,0x0042,0x0042,0x0042,0x0042,0x0865,0x0886,0x0865,0x0865,0x0844,0x0844,
 0x0865,0x0865,0x0865,0x0043,0x0844,0x0865,0x0865,0x1087,0x10a8,0x10c8,0x20c7,0x20c7,0x20c7,0x20c7,0x20c7,0x20c7,
 0x20c7,0x20c7,0x20c7,0x18a7,0x10a7,0x10a7,0x0886,0x0864,0x1064,0x20a7,0x08a8,0x0843,0x0022,0x0043,0x0042,0x0022,
 0x08a7,0x08a6,0x0043,0x0844,0x0865,0x0023,0x0865,0x0886,0x10a6,0x19f0,0x2ab4,0x110a,0x316b,0x08a7,0x10e9,0x10e8,
 0x212c,0x1a30,0x22f2,0x110c,0x112c,0x116d,0x214c,0x110a,0x110a,0x090b,0x39cd,0x624c,0x4a0c,0x622c,0x192b,0x214b,
 0x194b,0x08a7,0x10ea,0x190b,0x192c,0x10a8,0x196d,0x118e,0x118e,0x11d1,0x11b0,0x092c,0x08ea,0x112b,0x196c,0x196d,
 0x112c,0x192b,0x296d,0x214d,0x190b,0x39ce,0x192a,0x0023,0x0865,0x0844,0x0844,0x0865,0x0865,0x0865,0x0864,0x0845,
 0x0865,0x0865,0x0865,0x0845,0x0844,0x0043,0x0864,0x0885,0x0085,0x0885,0x0043,0x08c8,0x0065,0x114b,0x2212,0x10e9,
 0x192c,0x10e9,0x10ea,0x196d,0x10a7,0x198f,0x32d7,0x32f8,0x21f1,0x08c9,0x10e9,0x08a8,0x10c8,0x08a7,0x10e9,0x192b,
 0xc3eb,0xfd0c,0x398a,0x092d,0x196e,0x08c9,0x112c,0x10ea,0x110a,0x08c9,0x08c8,0x08c8,0x08c8,0x08a7,0x00c9,0x08a8,
 0x21f0,0x3b7b,0x3b18,0x2a33,0x32d7,0x21f1,0x212c,0x192b,0x114e,0x298f,0x3252,0x31f1,0x216e,0x196e,0x194d,0x21f1,
 0x4359,0x3294,0x2a52,0x08c6,0x118c,0x08a6,0x08a6,0x0909,0x08a6,0x0865,0x0865,0x0023,0x0865,0x0864,0x0023,0x0885,
 0x0043,0x0885,0x08a6,0x0886,0x0886,0x0844,0x0022,0x1109,0x0909,0x0043,0x0843,0x08a7,0x0886,0x0886,0x0887,0x1088,
 0x0866,0x0866,0x0844,0x10a7,0x10c8,0x0886,0x08a8,0x0887,0x0865,0x0865,0x0044,0x0888,0x10a8,0x08a7,0x08a8,0x190b,
 0x290b,0x312c,0x290b,0x10c9,0x08c9,0x09d0,0x4e9e,0x4ebe,0x09d1,0x092c,0x08a8,0x0887,0x0887,0x0886,0x0866,0x112b,
 0x116d,0x198e,0x116d,0x114c,0x196d,0x194c,0x196d,0x196d,0x114c,0x196c,0x196c,0x194c,0x114c,0x116d,0x114d,0x116c,
 0x116d,0x116c,0x114c,0x08c9,0x0886,0x08a7,0x08a7,0x10c8,0x10e9,0x0865,0x0887,0x0886,0x0886,0x0887,0x08a7,0x10ea,
 0x10c9,0x08c9,0x10c9,0x10c9,0x10ea,0x10ea,0x10e9,0x10e9,0x10ea,0x10ea,0x10ea,0x218f,0x4213,0x29f2,0x2a34,0x5337,
 0x3a74,0x3a13,0x39f3,0x29f3,0x2a13,0x21f2,0x08c8,0x116c,0x10e7,0x79c7,0x7a29,0x114c,0x114b,0x10c8,0x0866,0x08a8,
 0x08a8,0x08a7,0x0886,0x0865,0x10e9,0x0865,0x0044,0x0044,0x0844,0x0043,0x0864,0x10a8,0x10a8,0x10a7,0x10a7,0x10a8,
 0x10c8,0x18c8,0x18a7,0x18a7,0x18a7,0x18a7,0x18a7,0x18c7,0x10a7,0x18a7,0x18a7,0x18a7,0x18a8,0x18a7,0x18a7,0x18a7,
 0x18a7,0x18a7,0x18c8,0x10c8,0x10c8,0x10c8,0x10c8,0x10c8,0x10a8,0x10a7,0x10a7,0x10a7,0x10a7,0x18c8,0x10c8,0x10c8,
 0x0864,0x0043,0x0865,0x0865,0x0044,0x38c7,0x18a7,0x0866,0x10a7,0x0887,0x08a7,0x08a7,0x0064,0x0865,0x1087,0x1087,
 0x0043,0x0843,0x0843,0x0043,0x0042,0x0043,0x0043,0x0844,0x0844,0x0844,0x0843,0x0843,0x0843,0x0043,0x0843,0x0043,
 0x0043,0x0043,0x0844,0x0843,0x0042,0x0043,0x0043,0x0043,0x0043,0x0043,0x0865,0x0886,0x0865,0x0865,0x0865,0x0865,
 0x0865,0x0865,0x0865,0x0043,0x0844,0x0865,0x0865,0x10a7,0x10c8,0x18a7,0x1065,0x1066,0x1866,0x1086,0x1886,0x1886,
 0x1066,0x1066,0x1866,0x1886,0x10a7,0x10a7,0x1086,0x0865,0x1864,0x28a7,0x08a8,0x0843,0x0043,0x0843,0x0043,0x0023,
 0x08a7,0x0886,0x0022,0x0844,0x0844,0x0044,0x0044,0x1086,0x28a7,0x110a,0x218d,0x08ea,0x090a,0x08c8,0x10ea,0x08c9,
 0x196d,0x114b,0x0864,0x0865,0x0865,0x0086,0x48a7,0x410a,0x094c,0x114c,0x092c,0x092c,0x092c,0x092d,0x110b,0x090b,
 0x112c,0x08a7,0x10c9,0x10a8,0x0887,0x0887,0x0887,0x0866,0x0866,0x0886,0x0886,0x0865,0x0886,0x08a8,0x08a7,0x08a7,
 0x08a7,0x0887,0x08a7,0x08a7,0x0887,0x0866,0x0064,0x0886,0x0887,0x0886,0x08a7,0x08a7,0x08a7,0x08a7,0x08a7,0x0886,
 0x0886,0x0886,0x0886,0x08a7,0x08a7,0x0886,0x0886,0x0886,0x0886,0x0885,0x0886,0x08a7,0x08c8,0x08c8,0x08c8,0x08a7,
 0x0887,0x0887,0x08a8,0x10c9,0x10a8,0x10c8,0x10c9,0x10c7,0x10c8,0x10c9,0x10ea,0x10c9,0x08a8,0x0887,0x110b,0x194c,
 0x622d,0x728d,0x294b,0x08ea,0x110b,0x08a8,0x110a,0x10c9,0x110a,0x10c9,0x08c9,0x08c8,0x08c9,0x10c8,0x8aaa,0x2928,
 0x116e,0x3295,0x21f2,0x10ec,0x21f2,0x2254,0x194e,0x196e,0x198f,0x31af,0x3252,0x21f2,0x21b0,0x196e,0x112c,0x2a11,
 0x2a51,0x0063,0x0084,0x0022,0x0085,0x0864,0x0044,0x08a6,0x0864,0x0022,0x0044,0x0022,0x0044,0x0844,0x0044,0x0886,
 0x0865,0x0023,0x0845,0x0044,0x0043,0x0044,0x0001,0x0886,0x0865,0x0022,0x0023,0x0022,0x0022,0x0022,0x0044,0x0045,
 0x0023,0x0865,0x0865,0x0023,0x0045,0x0024,0x0044,0x0043,0x0865,0x08a7,0x0886,0x0865,0x10c9,0x08a8,0x0886,0x10ca,
 0x10ea,0x10ea,0x10eb,0x10c9,0x08ca,0x09f1,0x46bf,0x56be,0x11d1,0x090b,0x08a8,0x0887,0x08a8,0x0887,0x0866,0x112b,
 0x196d,0x198e,0x198d,0x116c,0x196d,0x196d,0x196c,0x114c,0x114c,0x196c,0x196c,0x196d,0x116c,0x116d,0x116c,0x116c,
 0x196d,0x116c,0x114c,0x08c9,0x08a7,0x08a7,0x08a7,0x10c8,0x08c8,0x0866,0x0887,0x0887,0x0887,0x0887,0x08a8,0x110b,
 0x110b,0x110b,0x110b,0x10e9,0x110a,0x192c,0x192c,0x192b,0x110a,0x110b,0x114d,0x3213,0x4254,0x21f2,0x4275,0x5338,
 0x4295,0x318f,0x298f,0x3a34,0x3a76,0x3234,0x08c8,0x096c,0x18c8,0xfc2b,0xf56d,0x116d,0x114c,0x10a8,0x0844,0x0885,
 0x0886,0x0885,0x0865,0x0865,0x10e9,0x0865,0x0044,0x0844,0x0844,0x0844,0x0864,0x10a8,0x08a7,0x0886,0x0886,0x0886,
 0x18c8,0x1886,0x38c6,0x38c6,0x4107,0x5967,0x3907,0x20a6,0x50e7,0x38c6,0x40c6,0x5127,0x30e7,0x28a7,0x5148,0x38e7,
 0x4107,0x4927,0x18a6,0x18c8,0x10a7,0x0887,0x10c9,0x10a8,0x28a6,0x4106,0x40e7,0x4107,0x30c6,0x18a7,0x18e9,0x10c8,
 0x0864,0x0043,0x0844,0x0844,0x0043,0x38c7,0x18a7,0x0886,0x0043,0x0085,0x116b,0x08e9,0x08a7,0x0887,0x0886,0x0844,
 0x0844,0x0845,0x0844,0x0043,0x0042,0x0844,0x0844,0x0864,0x0864,0x0865,0x0865,0x0844,0x0865,0x0865,0x0865,0x0844,
 0x0043,0x0843,0x0865,0x0844,0x0042,0x0042,0x0042,0x0042,0x0043,0x0043,0x0865,0x0886,0x0865,0x0865,0x0865,0x0865,
 0x0865,0x0865,0x0865,0x0043,0x1044,0x0885,0x0865,0x10a8,0x18c9,0x28a7,0x6147,0x89c8,0x79a7,0x81a7,0x28a6,0x5948,
 0x81e9,0x79c8,0x79c8,0x28a6,0x20a7,0x10a7,0x1086,0x0865,0x2084,0x38c6,0x08a8,0x0843,0x0043,0x0843,0x0043,0x0043,
 0x08a8,0x08a6,0x0022,0x0844,0x0844,0x0044,0x0066,0x10a7,0x28a6,0x08c9,0x110b,0x110a,0x112c,0x10c9,0x10ea,0x08c8,
 0x196d,0x1109,0x0001,0x0023,0x0022,0x0023,0x0865,0x18a8,0x114c,0x114c,0x114c,0x114c,0x114c,0x114c,0x110b,0x114c,
 0x116e,0x08a9,0x10ea,0x10c8,0x0866,0x0844,0x0886,0x08a7,0x0886,0x0887,0x0886,0x0866,0x0865,0x0866,0x0844,0x0022,
 0x0043,0x0865,0x0865,0x0865,0x0865,0x0865,0x0042,0x0865,0x0866,0x0865,0x0886,0x0865,0x0865,0x0865,0x0865,0x0865,
 0x0865,0x0865,0x0864,0x0865,0x0865,0x0044,0x0865,0x0844,0x0865,0x0886,0x0865,0x0886,0x0886,0x0043,0x0844,0x0865,
 0x0865,0x0887,0x0866,0x0867,0x0866,0x0864,0x0845,0x0023,0x0886,0x10ea,0x110b,0x110a,0x10e9,0x08a7,0x110a,0x114d,
 0x092c,0x092c,0x114c,0x114c,0x114c,0x114c,0x114c,0x114c,0x112c,0x10c9,0x10c9,0x08c8,0x08c9,0x1908,0xec0b,0x3969,
 0x10cb,0x2990,0x29d2,0x21d2,0x29f3,0x2a33,0x29b2,0x21b1,0x1990,0x39d0,0x4251,0x29d0,0x216e,0x196e,0x112d,0x3294,
 0x2a0e,0x11ce,0x2232,0x0044,0x0886,0x0022,0x0022,0x0885,0x0042,0x0042,0x0864,0x0043,0x0885,0x0864,0x0043,0x0063,
 0x0064,0x0043,0x0084,0x0063,0x0884,0x0064,0x0043,0x08a6,0x08a6,0x0063,0x0042,0x0063,0x0063,0x0042,0x0885,0x08a6,
 0x0865,0x08a6,0x0886,0x0864,0x0885,0x0043,0x0044,0x0044,0x0064,0x08a7,0x08a7,0x0844,0x10a8,0x08a7,0x0886,0x210a,
 0x18eb,0x190b,0x190b,0x10c9,0x10eb,0x11f2,0x3e9f,0x469e,0x11d1,0x090c,0x08a7,0x0887,0x08a7,0x08a7,0x0887,0x112c,
 0x08e9,0x08c8,0x08c8,0x112b,0x198e,0x196d,0x196d,0x116d,0x114c,0x196d,0x196d,0x196d,0x08e9,0x08c9,0x08c9,0x08e9,
 0x08e9,0x08e9,0x112b,0x08e9,0x08a7,0x08a8,0x08c8,0x10c9,0x10ea,0x0866,0x0866,0x0886,0x0887,0x0886,0x0887,0x110b,
 0x10eb,0x110b,0x112c,0x10e9,0x110a,0x192d,0x110d,0x192d,0x110b,0x10ea,0x10ea,0x3213,0x4274,0x2a13,0x5af7,0x537a,
 0x3210,0x0002,0x0045,0x3a34,0x4ab8,0x3a54,0x08e9,0x11ae,0x18e8,0xa2a8,0xabca,0x116d,0x116d,0x10c9,0x0845,0x0886,
 0x08a6,0x0865,0x0865,0x0866,0x10c9,0x0865,0x0844,0x0844,0x0865,0x0844,0x0864,0x10c9,0x10a8,0x10a8,0x18c9,0x10c8,
 0x20c8,0x28a6,0xba69,0xdb09,0xcac9,0xfc6a,0x9a27,0x6167,0xfbcb,0xcae9,0xd30a,0xfbeb,0x8a08,0x5968,0xfb6b,0xc2aa,
 0xc289,0xd30a,0x40e7,0x20c8,0x10c8,0x10a7,0x18c9,0x1087,0x6968,0xba4a,0xaa2a,0xb24a,0x89c9,0x30c7,0x20c8,0x18c8,
 0x0865,0x0844,0x1065,0x0865,0x0044,0x40e7,0x20c7,0x0866,0x0043,0x0022,0x08c6,0x0886,0x0885,0x0866,0x0044,0x0044,
 0x0845,0x0844,0x0844,0x0043,0x0043,0x0844,0x0865,0x0865,0x0864,0x0865,0x0865,0x0865,0x0865,0x0865,0x0865,0x0844,
 0x0843,0x0845,0x0865,0x0843,0x0042,0x0043,0x0043,0x0043,0x0043,0x0043,0x0865,0x08a7,0x0865,0x0865,0x0865,0x0865,
 0x0865,0x0865,0x0865,0x0043,0x1865,0x1086,0x1086,0x10a8,0x28e8,0x38c7,0xbac9,0xfbaa,0xeb6a,0xfbeb,0x51a7,0xb329,
 0xfc6b,0xf3aa,0xf3aa,0x4927,0x28a7,0x10a7,0x1086,0x0865,0x2084,0x38c7,0x08a8,0x0844,0x0043,0x0843,0x0043,0x0043,
 0x10c8,0x08a6,0x0023,0x0844,0x0844,0x0844,0x0886,0x08c7,0x28c7,0x10e9,0x090c,0x110b,0x194d,0x10ea,0x110b,0x10ea,
 0x196e,0x112b,0x0843,0x0886,0x0885,0x0864,0x0864,0x18c8,0x116d,0x114d,0x112c,0x112c,0x112c,0x112c,0x112c,0x112d,
 0x112c,0x08a8,0x112b,0x10c9,0x0886,0x0844,0x08a7,0x08e9,0x08e9,0x0909,0x0909,0x08a7,0x08a6,0x0886,0x0023,0x0043,
 0x0043,0x0865,0x0865,0x0865,0x0865,0x0864,0x0042,0x0845,0x0865,0x0865,0x0845,0x0845,0x0844,0x0844,0x0844,0x0844,
 0x0865,0x0865,0x0865,0x0865,0x0044,0x0043,0x0865,0x0865,0x0865,0x0865,0x0043,0x0044,0x0865,0x0043,0x0886,0x0886,
 0x0866,0x0886,0x0866,0x0866,0x0865,0x0865,0x0866,0x0865,0x08c8,0x110a,0x10ea,0x10c9,0x10c8,0x08a7,0x110a,0x116d,
 0x116c,0x116c,0x116c,0x116c,0x116c,0x114c,0x114c,0x116d,0x114c,0x10e9,0x10e9,0x10e9,0x08c8,0x10c7,0x59e9,0x18c8,
 0x194d,0x3255,0x3a75,0x3234,0x3255,0x21d1,0x31d1,0x29b0,0x21b0,0x31f2,0x3211,0x31f1,0x2190,0x112c,0x08a9,0x218e,
 0x196b,0x118c,0x1109,0x0045,0x0865,0x0844,0x0886,0x08ea,0x08c7,0x0909,0x114b,0x092a,0x092a,0x092a,0x092a,0x094a,
 0x094a,0x096b,0x098c,0x116b,0x096b,0x096b,0x094a,0x092a,0x094a,0x114a,0x08e8,0x094b,0x094b,0x092a,0x11ac,0x11ac,
 0x096b,0x096b,0x092a,0x0909,0x0909,0x0909,0x0909,0x090a,0x08c8,0x0887,0x0886,0x0864,0x0887,0x0886,0x0866,0x20c9,
 0x71ed,0x7a0d,0x518b,0x10c9,0x10ea,0x09d1,0x4e9f,0x569e,0x11d1,0x112d,0x08a8,0x08a7,0x08a8,0x08a7,0x0887,0x114d,
 0x08c9,0x08c8,0x08a7,0x10ea,0x198e,0x196d,0x198e,0x198e,0x198e,0x198e,0x196d,0x196d,0x08c8,0x08c8,0x08c9,0x08a8,
 0x08c8,0x0887,0x10ea,0x08ea,0x08a7,0x08a8,0x10c8,0x10e9,0x10ea,0x0865,0x294b,0x10a7,0x0866,0x0886,0x08a7,0x110b,
 0x49ec,0x620b,0x39ac,0x110b,0x110b,0x296d,0x51ed,0x396c,0x212b,0x10ea,0x110b,0x3a74,0x4a96,0x2a13,0x3a33,0x3211,
 0x10e9,0x0865,0x0065,0x214c,0x4296,0x2a32,0x08e9,0x11cf,0x1909,0x9a88,0x9b2a,0x114c,0x114c,0x10c8,0x0865,0x08a7,
 0x0885,0x0864,0x0865,0x0887,0x10c9,0x0865,0x0844,0x0844,0x0845,0x0044,0x0865,0x10c9,0x10a8,0x10a8,0x10c9,0x10c9,
 0x4109,0x38e7,0xcb09,0xfc2a,0xd2c7,0xfc8a,0xab4a,0x69a7,0xfdce,0xe48c,0xe42a,0xfd0a,0x9267,0x59c7,0xfc69,0xd2a8,
 0xe38a,0xe42a,0x5127,0x30e9,0x10c8,0x18c8,0x18c9,0x20a7,0x5947,0xba29,0xc268,0xc249,0xa209,0x4108,0x28c9,0x18c9,
 0x1085,0x0864,0x0866,0x0865,0x0044,0x40e7,0x20a7,0x0065,0x0844,0x0865,0x08a7,0x0064,0x0844,0x0044,0x0022,0x0022,
 0x0865,0x0865,0x0844,0x0043,0x0043,0x0844,0x0044,0x0044,0x0044,0x0044,0x0844,0x0044,0x0044,0x0044,0x0044,0x0864,
 0x0844,0x0844,0x0845,0x0843,0x0043,0x0843,0x0843,0x0043,0x0843,0x0843,0x0865,0x08a7,0x0865,0x0865,0x0865,0x0864,
 0x0865,0x0865,0x0865,0x0043,0x1865,0x1086,0x10a7,0x10a8,0x28e8,0x40c7,0xb3a9,0xfc8b,0xe36a,0xfd6d,0x5a89,0xb369,
 0xfc4a,0xe369,0xeba9,0x4947,0x28a7,0x10a7,0x1087,0x0886,0x28a5,0x40c7,0x08a8,0x0864,0x0043,0x0843,0x0043,0x0043,
 0x10c9,0x08a7,0x0023,0x0844,0x0844,0x0844,0x0886,0x08c8,0x20c8,0x722b,0x622c,0x092c,0x196e,0x112b,0x194d,0x110b,
 0x196e,0x0886,0x0023,0x0865,0x0885,0x0865,0x0844,0x10c9,0x116d,0x198f,0x216f,0x19b0,0x116e,0x198f,0x112c,0x112b,
 0x08a7,0x08c8,0x114c,0x110b,0x0886,0x0844,0x08c8,0x090b,0x094b,0x098d,0x096c,0x092a,0x08c8,0x0886,0x0022,0x0022,
 0x0044,0x0845,0x0043,0x0865,0x0866,0x0865,0x0022,0x0844,0x0844,0x0844,0x0844,0x0844,0x0844,0x0043,0x0023,0x0043,
 0x0844,0x0844,0x0844,0x0844,0x0843,0x0023,0x0864,0x0843,0x0023,0x0886,0x0865,0x0886,0x0886,0x0844,0x0865,0x0044,
 0x0866,0x0865,0x0865,0x0887,0x0866,0x0865,0x0866,0x0865,0x10e9,0x110b,0x110b,0x10ea,0x10c9,0x08c8,0x112b,0x196d,
 0x196d,0x196d,0x116d,0x196d,0x196d,0x116d,0x114d,0x116d,0x114c,0x08c8,0x10e9,0x10e9,0x10e9,0x08a8,0x318b,0x10c9,
 0x196e,0x2a34,0x3a75,0x4255,0x4276,0x21f3,0x3a12,0x29d1,0x21d2,0x4295,0x3233,0x19b1,0x21d2,0x08a7,0x0002,0x0023,
 0x0002,0x0001,0x0001,0x0022,0x0022,0x0843,0x0844,0x0844,0x0844,0x0844,0x0844,0x0844,0x0023,0x0023,0x0023,0x0844,
 0x0844,0x0844,0x0844,0x0824,0x0844,0x0844,0x0844,0x0845,0x0844,0x0844,0x0845,0x0844,0x0844,0x0844,0x0024,0x0024,
 0x0844,0x0844,0x0044,0x0844,0x0844,0x0844,0x0845,0x0844,0x0845,0x0845,0x0844,0x0845,0x0844,0x0844,0x0023,0x0045,
 0x9a6c,0x79ea,0x926b,0x10c9,0x10ec,0x11f2,0x4ebf,0x567e,0x11d1,0x114d,0x08c9,0x08a8,0x10a8,0x08a7,0x0887,0x112c,
 0x110a,0x08ea,0x08e9,0x110b,0x198e,0x196e,0x198e,0x198e,0x198e,0x198e,0x198e,0x198d,0x08c9,0x10ea,0x110b,0x08c9,
 0x10eb,0x08c9,0x112b,0x10ea,0x08a7,0x08a8,0x10c9,0x10ea,0x10c9,0x0886,0x2109,0x10a7,0x0886,0x0887,0x10a7,0x08ec,
 0x830d,0xbbcc,0x5a4d,0x08eb,0x10ea,0x318d,0x8acc,0x518b,0x294b,0x08ca,0x112c,0x3ab7,0x3274,0x32b7,0x21f0,0x0002,
 0x0886,0x0866,0x0066,0x0066,0x3ab6,0x2232,0x08c7,0x19ad,0x2929,0xfc4b,0xf54d,0x194b,0x114b,0x10a7,0x0044,0x08c8,
 0x08e9,0x08c8,0x0886,0x0887,0x10c9,0x0865,0x0844,0x0845,0x0845,0x0044,0x0865,0x10c9,0x10a8,0x10a8,0x10c9,0x18c9,
 0x5129,0x40e6,0xd389,0xfcea,0xe3a9,0xfd6d,0xc42b,0x69a7,0xfdcd,0xec4a,0xebc9,0xfd6a,0xa329,0x61e8,0xfdcd,0xdb8a,
 0xfc6a,0xebc9,0x5127,0x3909,0x10c9,0x18c9,0x18c9,0x30c8,0x7987,0xeb08,0xd248,0xe2c8,0xc2c9,0x4928,0x28e9,0x18c9,
 0x1065,0x0864,0x0866,0x0865,0x0844,0x48e7,0x20a7,0x0065,0x0042,0x0042,0x0865,0x0864,0x0044,0x0044,0x0022,0x0042,
 0x0865,0x0865,0x0865,0x0043,0x0843,0x0844,0x2085,0x30c5,0x30a6,0x28a5,0x1064,0x28a5,0x30c5,0x30c5,0x20a4,0x0044,
 0x0844,0x0844,0x0845,0x0844,0x0042,0x0843,0x0843,0x0043,0x0043,0x0043,0x0865,0x08a7,0x0865,0x0865,0x0865,0x0865,
 0x0865,0x0865,0x0865,0x0043,0x1865,0x1086,0x1087,0x10a8,0x30e8,0x40e7,0xb2e9,0xfc2b,0xe329,0xfcec,0x5a89,0xa267,
 0xfbca,0xeb8a,0xf3ea,0x5167,0x28a7,0x10a7,0x1087,0x0866,0x28a5,0x40e7,0x08a8,0x0864,0x0043,0x0843,0x0043,0x0043,
 0x10c8,0x08a6,0x0023,0x0844,0x0844,0x0844,0x0886,0x08c8,0x10c8,0x298c,0x49ee,0x114d,0x196e,0x10e9,0x10ea,0x110a,
 0x196e,0x08a7,0x0002,0x0043,0x08a6,0x08a6,0x1045,0x192b,0x118e,0x198f,0x218f,0x198f,0x118f,0x19af,0x196d,0x112b,
 0x08a6,0x0885,0x08c7,0x08c8,0x0886,0x0865,0x08a8,0x08c9,0x08e8,0x08e8,0x08c8,0x08c8,0x08c8,0x0886,0x0843,0x0043,
 0x0864,0x0866,0x0865,0x0886,0x0886,0x0865,0x0043,0x0885,0x0886,0x0886,0x0886,0x0886,0x0865,0x0866,0x0886,0x0886,
 0x0886,0x0886,0x0886,0x0886,0x0886,0x0886,0x08c7,0x08a6,0x08a6,0x08e9,0x08e9,0x092b,0x090a,0x08e8,0x08a7,0x08a7,
 0x08a7,0x0886,0x08a7,0x08a7,0x0886,0x08a7,0x0886,0x0886,0x08c8,0x08e9,0x08ea,0x08a7,0x08c8,0x10ea,0x112c,0x196d,
 0x090b,0x090c,0x114c,0x112b,0x112b,0x112b,0x112b,0x112c,0x112c,0x08c9,0x10e9,0x10e9,0x10e9,0x10a8,0x210b,0x10aa,
 0x2a11,0x4b18,0x4ab6,0x4296,0x52f8,0x3254,0x31b0,0x29af,0x21af,0x3a33,0x3a33,0x192b,0x194d,0x194d,0x0864,0x0843,
 0x0043,0x0043,0x0022,0x0022,0x0022,0x0022,0x0022,0x0022,0x0042,0x0022,0x0843,0x0844,0x0043,0x0843,0x0043,0x0023,
 0x0022,0x0043,0x0043,0x0043,0x0043,0x0043,0x0043,0x0043,0x0843,0x0843,0x0043,0x0043,0x0043,0x0043,0x0043,0x0043,
 0x0043,0x0043,0x0043,0x0844,0x0043,0x0043,0x0043,0x0043,0x0043,0x0844,0x0043,0x0043,0x0043,0x0043,0x0022,0x10a8,
 0x928c,0x61ca,0x824a,0x10c9,0x10eb,0x11f2,0x46bf,0x467e,0x11f1,0x114d,0x08e9,0x10a8,0x10a8,0x08a7,0x0886,0x112b,
 0x08c8,0x10ea,0x10ea,0x112c,0x21d0,0x198e,0x198f,0x198e,0x198e,0x198e,0x198e,0x198e,0x08e9,0x08ea,0x10ea,0x08a8,
 0x08eb,0x08ca,0x112c,0x110b,0x08a8,0x10c8,0x10c8,0x10c9,0x10c8,0x0886,0x112b,0x08c8,0x0887,0x0887,0x10a8,0x112c,
 0x39cd,0x4a2c,0x31cd,0x110c,0x110b,0x192c,0x318c,0x294c,0x214c,0x10ea,0x112c,0x3ab6,0x192a,0x3273,0x2a31,0x0023,
 0x10c7,0x0865,0x0066,0x08a8,0x4338,0x2a53,0x08c8,0x116c,0x18e7,0x7a09,0x826a,0x196c,0x114c,0x10a8,0x0865,0x0886,
 0x08c8,0x08a8,0x0886,0x08a7,0x10c9,0x0865,0x0044,0x0845,0x0845,0x0044,0x0865,0x10c9,0x10a8,0x10a8,0x10c9,0x10a8,
 0x4908,0x40c6,0xcbaa,0xf48a,0xcb69,0xecec,0xa2c8,0x5987,0xf52b,0xdb89,0xdb69,0xf4eb,0x930a,0x6208,0xf58d,0xcb4a,
 0xdbca,0xdbe9,0x5127,0x3908,0x10c8,0x10c8,0x20c8,0x38a7,0x8a07,0xfc8a,0xebc9,0xfccb,0xd42a,0x5107,0x28e9,0x18c9,
 0x1065,0x0864,0x1086,0x0865,0x0044,0x40e7,0x20a7,0x0044,0x0022,0x0022,0x0044,0x0885,0x0864,0x0844,0x0022,0x0042,
 0x0845,0x0845,0x0845,0x0043,0x0843,0x1045,0x6987,0xd30a,0xba6a,0xd38b,0x4967,0xc2ea,0xaa29,0xc28a,0x81a7,0x0844,
 0x0844,0x0844,0x0845,0x0844,0x0043,0x0843,0x0843,0x0843,0x0043,0x0043,0x0865,0x0886,0x0865,0x0865,0x0865,0x0865,
 0x0865,0x0865,0x0865,0x0843,0x1865,0x1086,0x1087,0x10a8,0x30e8,0x40e7,0xaa88,0xf3aa,0xe349,0xfccb,0x5a68,0xab09,
 0xfbaa,0xe38a,0xf42a,0x5967,0x30c7,0x10a7,0x1087,0x0866,0x28a5,0x48e7,0x08a8,0x0844,0x0843,0x0843,0x0843,0x0843,
 0x10c9,0x10a6,0x0044,0x0865,0x0845,0x0844,0x0887,0x08c8,0x10c8,0x08cb,0x090d,0x114c,0x19af,0x10ea,0x112d,0x110b,
 0x198e,0x196d,0x0064,0x08c7,0x08a6,0x0885,0x1065,0x190a,0x118f,0x21af,0x218e,0x116d,0x114c,0x114c,0x196d,0x194c,
 0x08a8,0x08a7,0x0865,0x10e9,0x0886,0x0865,0x08a7,0x08a8,0x08a8,0x08c8,0x08a7,0x08c9,0x08a8,0x0865,0x0865,0x0864,
 0x0865,0x0866,0x0866,0x0865,0x0866,0x0044,0x0065,0x08a7,0x0886,0x0886,0x0886,0x0886,0x0866,0x0886,0x08a8,0x08a7,
 0x0887,0x08a7,0x0886,0x0886,0x0886,0x08a7,0x08c8,0x08a7,0x08a6,0x08a7,0x08a7,0x08c8,0x08c7,0x08c7,0x0909,0x08c8,
 0x08e9,0x0886,0x08c8,0x08a7,0x0864,0x08a7,0x0886,0x08a6,0x0886,0x08a8,0x090a,0x0887,0x08c9,0x110b,0x194d,0x092d,
 0x4989,0x8208,0x190a,0x110b,0x110a,0x08a7,0x0066,0x08a8,0x112c,0x10e9,0x10ea,0x10e9,0x08e9,0x18e9,0xbb6c,0x2929,
 0x3272,0x6c5d,0x5338,0x4254,0x5b7a,0x192b,0x0888,0x08c9,0x0087,0x192c,0x214c,0x0044,0x0865,0x08a6,0x08a7,0x08e9,
 0x08c8,0x08e8,0x10e9,0x08c8,0x08a7,0x08a7,0x0844,0x0043,0x0843,0x0043,0x0844,0x0043,0x0043,0x0043,0x0042,0x0022,
 0x0843,0x0042,0x0043,0x0044,0x0022,0x0042,0x0043,0x0043,0x0043,0x0844,0x0022,0x0043,0x0864,0x0044,0x0044,0x0043,
 0x0044,0x0844,0x0022,0x0044,0x0022,0x0022,0x0044,0x0042,0x0042,0x0865,0x0043,0x0844,0x0043,0x0844,0x0864,0x10eb,
 0xab0d,0xa2ab,0xa2ab,0x0888,0x10ea,0x11d1,0x469e,0x569f,0x11f2,0x114d,0x08c9,0x10a8,0x10c9,0x08a8,0x0887,0x114c,
 0x110a,0x112c,0x110b,0x112c,0x21b0,0x198e,0x118f,0x198f,0x198f,0x198f,0x198f,0x198e,0x112b,0x112c,0x112c,0x112c,
 0x114c,0x112b,0x114c,0x110b,0x08a8,0x10c8,0x08a8,0x10e9,0x10e9,0x0886,0x10c9,0x08a8,0x0888,0x0887,0x10c8,0x194d,
 0x112c,0x110c,0x192d,0x110a,0x110b,0x192d,0x112d,0x110d,0x194e,0x10ea,0x112b,0x198e,0x0001,0x1109,0x10c8,0x08a8,
 0x10ea,0x08a8,0x0887,0x08a7,0x112a,0x10c8,0x08c8,0x114c,0x090a,0x00ea,0x00ea,0x114c,0x114c,0x10c9,0x0866,0x0044,
 0x0866,0x0865,0x0865,0x08a7,0x10a8,0x0865,0x0044,0x0845,0x0845,0x0844,0x0865,0x10a9,0x10a7,0x0886,0x0887,0x10a7,
 0x28c8,0x20a7,0x38e7,0x5128,0x4907,0x48e7,0x38c7,0x28a6,0x5107,0x5127,0x5127,0x5127,0x38e7,0x30c7,0x5127,0x40e7,
 0x40e7,0x38e7,0x30c7,0x28e8,0x08a7,0x08a7,0x18c8,0x38c8,0x4107,0x9249,0x9249,0xa249,0x69a7,0x30c7,0x20e9,0x10c9,
 0x0865,0x0844,0x0865,0x0865,0x0024,0x30c6,0x18a7,0x0887,0x0886,0x0022,0x0044,0x08c8,0x0866,0x0844,0x0022,0x0042,
 0x0845,0x0845,0x0845,0x0043,0x0843,0x1865,0x71a7,0xe3cb,0xdb8a,0xf52c,0x4166,0xe3e9,0xc2e9,0xd329,0x9247,0x1865,
 0x0864,0x0845,0x0865,0x0844,0x0043,0x0843,0x0043,0x0843,0x0043,0x0043,0x0865,0x0866,0x0865,0x0865,0x0865,0x0865,
 0x0865,0x0865,0x0865,0x0043,0x1864,0x1086,0x10a7,0x10a8,0x28e8,0x38e7,0xb2c8,0xfbca,0xf36a,0xfd6c,0x62c9,0xb329,
 0xfc0a,0xf3aa,0xfc2a,0x5167,0x30a7,0x10a7,0x1087,0x0865,0x28a5,0x40e7,0x00a7,0x0844,0x0043,0x0843,0x0843,0x0043,
 0x10c9,0x10a6,0x0044,0x0865,0x0845,0x0844,0x0886,0x08c9,0x18e8,0x622b,0x5a0d,0x112c,0x21d0,0x110b,0x112d,0x112b,
 0x198f,0x194b,0x0885,0x196d,0x114b,0x110a,0x0044,0x090a,0x198f,0x19af,0x19b0,0x198f,0x198e,0x198f,0x19af,0x196c,
 0x090a,0x114c,0x08c8,0x116d,0x0064,0x0021,0x0865,0x0886,0x08a7,0x08a7,0x0065,0x0065,0x0043,0x0002,0x0824,0x0022,
 0x0022,0x0044,0x0023,0x0022,0x0024,0x0002,0x0001,0x0044,0x0002,0x0023,0x0023,0x0002,0x0023,0x0002,0x0002,0x0002,
 0x0002,0x0023,0x0002,0x0023,0x0002,0x0001,0x0023,0x0022,0x0001,0x0002,0x0022,0x0002,0x0002,0x0043,0x0086,0x0043,
 0x0865,0x0024,0x0044,0x0023,0x0022,0x0064,0x0023,0x0002,0x0085,0x08c8,0x090c,0x08a7,0x08a9,0x08ea,0x112c,0x114e,
 0x722b,0x71e6,0x318b,0x728f,0x624f,0x10ea,0x08c9,0x08ea,0x114d,0x08c9,0x10ea,0x10e9,0x110a,0x10ea,0x7aad,0x2109,
 0x3231,0x643e,0x5399,0x31ae,0x63bb,0x110a,0x0888,0x08ca,0x08a8,0x08c9,0x0865,0x0844,0x0865,0x0844,0x08c8,0x112b,
 0x0909,0x090a,0x110a,0x110a,0x0909,0x08c8,0x0864,0x0865,0x0865,0x0844,0x0844,0x0042,0x0043,0x0043,0x0022,0x0843,
 0x0886,0x0865,0x0865,0x0865,0x0865,0x0865,0x0865,0x0886,0x0865,0x0886,0x0866,0x0887,0x0887,0x0887,0x0886,0x0866,
 0x0886,0x0887,0x0866,0x0886,0x0866,0x0865,0x0865,0x0866,0x0844,0x0865,0x0844,0x0865,0x0844,0x0865,0x0886,0x10eb,
 0x826d,0x822c,0x71eb,0x10a9,0x10eb,0x11f2,0x467e,0x4e9f,0x1213,0x116e,0x10e9,0x10a8,0x10c9,0x08a8,0x0887,0x196d,
 0x19b0,0x19b0,0x198f,0x198e,0x198f,0x398e,0x61ae,0x19b0,0x198f,0x19af,0x19af,0x198f,0x198e,0x19af,0x19af,0x19b0,
 0x19b0,0x19af,0x198f,0x08ea,0x08c8,0x10c9,0x10c9,0x10ea,0x110b,0x0887,0x08a8,0x08a8,0x08a7,0x0887,0x08a8,0x192c,
 0x110c,0x110c,0x112d,0x192c,0x192c,0x194e,0x216e,0x214d,0x214d,0x0886,0x0065,0x112b,0x0044,0x0065,0x0044,0x08a7,
 0x08c8,0x0865,0x0866,0x0886,0x0024,0x0024,0x08c8,0x114c,0x114c,0x116c,0x116c,0x114c,0x112c,0x08a8,0x0865,0x0865,
 0x0886,0x0866,0x0866,0x08a8,0x10c8,0x0865,0x0844,0x0845,0x0845,0x0844,0x0865,0x10a9,0x10c8,0x10c8,0x10c8,0x18c8,
 0x18c8,0x18c8,0x20c8,0x28e8,0x28e8,0x28e8,0x28e8,0x28e8,0x28e8,0x30e8,0x28e8,0x28e8,0x28e8,0x28e8,0x28c8,0x28e8,
 0x20c8,0x20c8,0x18c9,0x18c9,0x10c9,0x10c9,0x10c9,0x20e9,0x18a9,0x20a9,0x20a9,0x20a9,0x18a8,0x18c9,0x18c9,0x18c9,
 0x0865,0x0844,0x0866,0x0866,0x0045,0x38e8,0x18c8,0x08a8,0x08a7,0x0065,0x0865,0x08c8,0x0865,0x0044,0x0022,0x0042,
 0x0845,0x0845,0x0844,0x0043,0x0843,0x2065,0x79e8,0xdb2a,0xe40a,0xed4c,0x4167,0xed0b,0xd32a,0xd309,0xaaa8,0x2065,
 0x0864,0x0844,0x0845,0x0844,0x0042,0x0843,0x0843,0x0843,0x0043,0x0043,0x0865,0x0866,0x0865,0x0865,0x0865,0x0844,
 0x0865,0x0865,0x0865,0x0043,0x1864,0x1086,0x1087,0x10a8,0x28e9,0x38c7,0x9ae8,0xdbea,0xc309,0xdccb,0x5a48,0x9b0a,
 0xdc2b,0xcb8a,0xdc6a,0x4946,0x30a7,0x10a7,0x1087,0x0865,0x28a5,0x38e7,0x10a8,0x0844,0x0043,0x0043,0x0043,0x0023,
 0x18c9,0x10a6,0x0844,0x0865,0x0865,0x0844,0x0866,0x08a7,0x10c7,0x520b,0x4a0e,0x112c,0x196e,0x110b,0x194d,0x194d,
 0x19b0,0x112b,0x0886,0x08c8,0x0886,0x0886,0x0843,0x1109,0x198e,0x198e,0x198f,0x19af,0x19d0,0x198e,0x198e,0x194c,
 0x08a7,0x08a6,0x0886,0x08a7,0x0043,0x0043,0x0043,0x0043,0x0043,0x0044,0x0043,0x0043,0x08a6,0x08e8,0x08c7,0x08a6,
 0x08c6,0x08c7,0x08c7,0x08c7,0x08e8,0x08c7,0x08c7,0x08e7,0x08c7,0x08c7,0x08c7,0x08c7,0x08c7,0x08e8,0x08e7,0x08e7,
 0x08e8,0x08e8,0x08e7,0x08e8,0x08e7,0x08c7,0x10e8,0x08e8,0x08e7,0x08c7,0x08c7,0x08c7,0x08c7,0x08e8,0x0909,0x08c7,
 0x08c7,0x08e7,0x08e7,0x08e8,0x08e8,0x08e8,0x08a6,0x1129,0x116c,0x114b,0x198c,0x1908,0x190a,0x212b,0x110a,0x116e,
 0x722b,0x5985,0x318c,0xcbae,0xab2f,0x192c,0x10eb,0x110b,0x196e,0x08ea,0x10ea,0x10e9,0x08e9,0x10c8,0x294b,0x10a9,
 0x3a93,0x5bba,0x190a,0x0888,0x4252,0x192b,0x0066,0x08a8,0x08a8,0x08a8,0x0886,0x0844,0x0865,0x0845,0x08c8,0x090a,
 0x0909,0x110a,0x110a,0x110a,0x112a,0x10e9,0x0885,0x0886,0x0886,0x0865,0x0865,0x0022,0x0044,0x0844,0x0043,0x0043,
 0x0865,0x0864,0x0865,0x0865,0x0865,0x0865,0x0865,0x0865,0x0865,0x0865,0x0865,0x0865,0x0865,0x0865,0x0865,0x0865,
 0x0866,0x0886,0x0886,0x0865,0x0865,0x0864,0x0864,0x0865,0x0043,0x0865,0x0865,0x0865,0x0845,0x0865,0x0866,0x190b,
 0x292d,0x210d,0x20ec,0x10c9,0x10ea,0x19f2,0x469e,0x467f,0x1213,0x118f,0x10ea,0x10c9,0x10c9,0x08a8,0x0888,0x196d,
 0x21d0,0x21af,0x21b0,0x19b0,0x198e,0x314a,0x5129,0x196d,0x19af,0x19af,0x21b0,0x19b0,0x198f,0x21af,0x19af,0x19af,
 0x19af,0x21b0,0x19b0,0x110b,0x08c9,0x10c9,0x10c9,0x10c9,0x190b,0x0887,0x10a8,0x08a8,0x08a7,0x0887,0x10a8,0x194d,
 0x49cc,0x5a0c,0x39ad,0x112c,0x112d,0x5a0d,0x726e,0x41ad,0x314b,0x0022,0x10c7,0x112a,0x0044,0x0865,0x0865,0x08a7,
 0x08a7,0x0886,0x10a8,0x0886,0x0865,0x0044,0x08c8,0x114c,0x112a,0x10ea,0x110a,0x112b,0x112b,0x08a8,0x0865,0x0865,
 0x0886,0x0866,0x0865,0x0887,0x18c8,0x0865,0x0844,0x0845,0x0845,0x0044,0x0865,0x10c9,0x10c9,0x10c9,0x10c8,0x10c8,
 0x10c8,0x10c8,0x10c8,0x10c8,0x10a8,0x10c8,0x10c8,0x10a8,0x10a8,0x10a8,0x10c8,0x10c8,0x10c8,0x10c8,0x10c8,0x10c8,
 0x10c8,0x10c9,0x10c9,0x10c9,0x10c9,0x10c9,0x10c9,0x10c9,0x10c9,0x10c9,0x10c9,0x10c8,0x10c8,0x10c9,0x10c9,0x18c9,
 0x0866,0x0844,0x0866,0x0866,0x0845,0x40e8,0x18a8,0x08a8,0x08a7,0x0023,0x0043,0x08a7,0x0043,0x0043,0x0022,0x0042,
 0x0845,0x0844,0x0844,0x0043,0x0843,0x1865,0x79e8,0xd2c9,0xd329,0xe48b,0x4167,0xdb6a,0xcac9,0xeb09,0x9a48,0x1885,
 0x0864,0x0844,0x0845,0x0844,0x0042,0x0843,0x0043,0x0043,0x0043,0x0043,0x0865,0x0866,0x0865,0x0865,0x0865,0x0844,
 0x0865,0x0865,0x0865,0x0043,0x1064,0x0865,0x0886,0x10a8,0x18c8,0x28c8,0x20a6,0x30e7,0x28c6,0x30a6,0x2886,0x30c7,
 0x3908,0x3908,0x30e7,0x20a6,0x28c7,0x10a7,0x1087,0x0865,0x2884,0x38e7,0x18a8,0x1044,0x0043,0x0043,0x0043,0x0023,
 0x10c9,0x0886,0x0044,0x0865,0x0844,0x0844,0x0887,0x08a7,0x08a7,0x090c,0x114f,0x112b,0x196e,0x112c,0x194d,0x112c,
 0x21b0,0x112b,0x08a8,0x114b,0x0885,0x0865,0x0864,0x110a,0x19af,0x19af,0x19af,0x19af,0x19f1,0x10ea,0x0045,0x0865,
 0x0864,0x0844,0x0844,0x0044,0x0865,0x0865,0x0865,0x0844,0x0844,0x0844,0x0844,0x0886,0x114c,0x08e8,0x08a6,0x08a6,
 0x08a7,0x08c7,0x08c8,0x08c7,0x08c7,0x08c7,0x08c7,0x08c7,0x08c7,0x08c7,0x08a7,0x08a7,0x08a7,0x08c8,0x08c7,0x08c8,
 0x08c7,0x08c7,0x08c7,0x08a7,0x08c7,0x08c7,0x08c7,0x08c7,0x08c7,0x08a6,0x08a6,0x08a6,0x08a6,0x08a6,0x08a6,0x08a6,
 0x08a6,0x08c6,0x08a6,0x08a7,0x08a7,0x08a6,0x0865,0x118c,0x19ac,0x10c8,0x1909,0x10c8,0x18c7,0x18e8,0x0866,0x196e,
 0x218f,0x0086,0x196d,0x39ef,0x31af,0x190b,0x112b,0x110a,0x194d,0x08c9,0x10ea,0x10e9,0x08ea,0x2129,0xdc0d,0x314a,
 0x110a,0x21ce,0x0886,0x0066,0x08a7,0x10c8,0x08c8,0x08c9,0x08a8,0x08c9,0x0865,0x0865,0x0865,0x0844,0x08c8,0x110a,
 0x090a,0x090a,0x090a,0x110a,0x110a,0x10e9,0x0886,0x0887,0x0886,0x0886,0x0865,0x0022,0x0043,0x0043,0x0043,0x0042,
 0x0865,0x0886,0x10a7,0x0886,0x0887,0x0887,0x08a7,0x08a7,0x08a7,0x08a7,0x0887,0x08a7,0x08a7,0x0887,0x0887,0x0887,
 0x0887,0x0887,0x0887,0x0886,0x0887,0x0886,0x0887,0x1087,0x0044,0x0886,0x0886,0x0866,0x0865,0x0865,0x0866,0x190b,
 0x210d,0x18ec,0x18eb,0x10c9,0x10eb,0x1a34,0x467e,0x569f,0x1213,0x114e,0x08c9,0x10c9,0x10c9,0x08a8,0x0887,0x196d,
 0x114e,0x094e,0x094e,0x19af,0x198e,0x0043,0x0001,0x10e8,0x21b0,0x198f,0x198f,0x19af,0x116e,0x114e,0x198f,0x218f,
 0x196e,0x198f,0x19b0,0x112b,0x10c9,0x10c9,0x10c9,0x10ea,0x190b,0x0887,0x0887,0x0887,0x08a8,0x08a8,0x10c8,0x112d,
 0x934e,0xd40d,0x7aaf,0x110d,0x112d,0x92ae,0x8a8c,0x292c,0x39ac,0x0044,0x196b,0x196a,0x0023,0x0864,0x0887,0x08a7,
 0x08a8,0x0886,0x10c8,0x0865,0x0885,0x0043,0x08a6,0x112b,0x18e8,0xc36a,0xb34b,0x114c,0x114c,0x10c8,0x0865,0x0865,
 0x0886,0x0886,0x0844,0x08a7,0x18a8,0x0865,0x0044,0x0845,0x0865,0x0044,0x0865,0x10c9,0x10c8,0x10c9,0x18c9,0x10c9,
 0x10c9,0x10c8,0x10c8,0x10c8,0x10c8,0x10c8,0x10c8,0x10c8,0x10c8,0x10c8,0x10c8,0x10c9,0x10c8,0x10c8,0x10c8,0x10c8,
 0x18c8,0x18c9,0x18c9,0x10c9,0x10c9,0x10c9,0x10c9,0x10c9,0x10c9,0x10c8,0x10c8,0x10c9,0x10c9,0x10c9,0x10c9,0x18c9,
 0x0886,0x0844,0x0866,0x0866,0x0044,0x40c7,0x18a8,0x08a8,0x08c8,0x0043,0x0043,0x08a7,0x0043,0x0043,0x0043,0x0043,
 0x0845,0x0865,0x0845,0x0043,0x0843,0x1065,0x28a5,0x4126,0x38e6,0x4126,0x2085,0x38c5,0x30e6,0x4946,0x30e6,0x1064,
 0x0844,0x0845,0x0845,0x0844,0x0042,0x0043,0x0043,0x0043,0x0843,0x0043,0x0865,0x0866,0x0865,0x0865,0x0865,0x0844,
 0x0865,0x0865,0x0865,0x0043,0x1865,0x0865,0x0886,0x10a8,0x18c8,0x18c8,0x20c8,0x28e8,0x28e8,0x28c7,0x28c7,0x28c7,
 0x30e7,0x28c7,0x28c7,0x20c7,0x10a7,0x10a8,0x10a7,0x0865,0x2084,0x38c7,0x0887,0x0844,0x0043,0x0043,0x0043,0x0043,
 0x10a8,0x0886,0x0043,0x0845,0x0844,0x0844,0x0887,0x10a7,0x10c8,0x216d,0x216f,0x112b,0x196e,0x112b,0x112c,0x112c,
 0x21b0,0x194c,0x08a7,0x10e9,0x08c8,0x08a6,0x0864,0x196d,0x19d0,0x21d0,0x194c,0x19af,0x2212,0x110b,0x0044,0x0022,
 0x0043,0x0022,0x0023,0x0022,0x0022,0x0022,0x0042,0x0022,0x0022,0x0022,0x0022,0x0864,0x08c9,0x0022,0x0845,0x0865,
 0x0865,0x0844,0x0844,0x0844,0x0844,0x0844,0x0845,0x0865,0x0865,0x0865,0x0865,0x0865,0x0865,0x0865,0x0865,0x0044,
 0x0865,0x0844,0x0844,0x0865,0x0844,0x0844,0x0845,0x0844,0x0864,0x0865,0x0865,0x0865,0x0865,0x0865,0x0865,0x0865,
 0x0844,0x0844,0x0844,0x0844,0x0844,0x0044,0x0022,0x08a7,0x08c7,0x0002,0x0022,0x0022,0x0022,0x0002,0x0065,0x198e,
 0x196d,0x08a6,0x196d,0x198f,0x196e,0x194d,0x196e,0x194c,0x194c,0x10ea,0x110b,0x110b,0x090b,0x214a,0x9b4d,0x294c,
 0x0066,0x0065,0x08a7,0x08a7,0x08a7,0x10c9,0x08c8,0x08a8,0x08a7,0x08a8,0x0865,0x0865,0x0865,0x0844,0x08c8,0x110a,
 0x10e9,0x2108,0x2909,0x112a,0x112a,0x10e9,0x0886,0x0887,0x0886,0x0866,0x0865,0x0022,0x0043,0x0844,0x0844,0x0043,
 0x0886,0x10a8,0x10a7,0x10a7,0x10a7,0x08a8,0x10a8,0x10a8,0x10a8,0x08a7,0x08a7,0x08a7,0x08a7,0x08a7,0x08a7,0x08a7,
 0x08a7,0x08a7,0x08a7,0x10a7,0x10a7,0x08a7,0x08a7,0x10a7,0x0044,0x0885,0x0866,0x0866,0x0865,0x0865,0x0886,0x18eb,
 0x724d,0x7a4b,0x7a2c,0x10ca,0x112c,0x1a34,0x3e5e,0x4e7f,0x1a13,0x114e,0x08c9,0x10c9,0x10c9,0x08a8,0x0887,0x092e,
 0x5a0b,0x92cb,0x8aab,0x218e,0x112c,0x0043,0x0022,0x110a,0x21d1,0x19b0,0x19b0,0x1190,0x5a0c,0x8aab,0x828c,0x726c,
 0x8acc,0x9acb,0x41cd,0x110b,0x10c9,0x10e9,0x10ea,0x10ea,0x190b,0x08a8,0x0886,0x08a7,0x10a8,0x08a8,0x10c8,0x196e,
 0x39ef,0x4a0f,0x31f0,0x194e,0x110c,0x41cd,0x418b,0x294c,0x318c,0x0023,0x0907,0x1108,0x0001,0x0043,0x0865,0x0864,
 0x0865,0x0043,0x0044,0x0064,0x0864,0x0022,0x08c8,0x196d,0x3949,0xf4cb,0xdbaa,0x196c,0x114c,0x10c9,0x0886,0x0864,
 0x0887,0x0866,0x0844,0x08a8,0x10a8,0x0865,0x0844,0x0845,0x0865,0x0844,0x0865,0x10c9,0x10c9,0x10c9,0x18c9,0x10c9,
 0x18c9,0x18c9,0x10c8,0x10c9,0x10c9,0x10c8,0x10c8,0x10c8,0x10c8,0x10c9,0x10c9,0x10c9,0x10c9,0x10c9,0x10c9,0x10c9,
 0x10c9,0x10c9,0x18c9,0x10c9,0x10c9,0x10c9,0x10c9,0x10c9,0x10c8,0x10c8,0x10c9,0x10c9,0x10c9,0x10c9,0x18c9,0x18e9,
 0x0886,0x0845,0x0866,0x0866,0x0045,0x38e8,0x18a8,0x08a8,0x08c8,0x0864,0x0864,0x08a7,0x0865,0x0043,0x0042,0x0043,
 0x0865,0x0845,0x0845,0x0844,0x0043,0x0865,0x0865,0x0865,0x0865,0x0845,0x1065,0x0865,0x1065,0x0845,0x1065,0x0865,
 0x0043,0x0844,0x0844,0x0844,0x0042,0x0043,0x0043,0x0043,0x0043,0x0843,0x0865,0x0866,0x0865,0x0865,0x0865,0x0844,
 0x0865,0x0865,0x0865,0x0043,0x1865,0x0865,0x0886,0x10c8,0x18c8,0x10c8,0x10a8,0x08a8,0x08a8,0x08a7,0x08a7,0x08a7,
 0x08a7,0x0887,0x08a7,0x08a7,0x10a7,0x10a8,0x10a7,0x0865,0x1864,0x28a7,0x00a8,0x0844,0x0043,0x0043,0x0043,0x0043,
 0x10a8,0x0886,0x0844,0x0865,0x0845,0x0864,0x0887,0x0887,0x18c7,0x9aec,0x82ad,0x112c,0x218f,0x196e,0x196e,0x216d,
 0x29d1,0x194c,0x08a7,0x1109,0x0844,0x0865,0x0865,0x194c,0x19f1,0x112b,0x0064,0x08c8,0x196d,0x112b,0x0043,0x0043,
 0x0865,0x0865,0x0865,0x0864,0x0864,0x0864,0x0864,0x0864,0x0844,0x0844,0x0022,0x0865,0x08c9,0x0865,0x08a7,0x08a7,
 0x08a8,0x0886,0x0885,0x08a7,0x08a7,0x08a7,0x08a7,0x08a7,0x08a7,0x08a7,0x08a7,0x08a7,0x08c7,0x08a7,0x08a7,0x0886,
 0x08a7,0x08a7,0x08a7,0x08a8,0x08a7,0x08a7,0x08a7,0x08a7,0x08a7,0x0886,0x0887,0x08a7,0x08a7,0x08a7,0x08a7,0x08a7,
 0x08a7,0x08a7,0x0886,0x0885,0x0887,0x0886,0x0023,0x08e8,0x08e7,0x0022,0x0864,0x0864,0x0865,0x0866,0x08e9,0x21d0,
 0x196d,0x0885,0x196c,0x19af,0x19af,0x198e,0x198e,0x198e,0x198e,0x10ea,0x110b,0x112b,0x110b,0x1109,0xa36c,0x318b,
 0x0066,0x08c8,0x10c8,0x10c9,0x08c8,0x10c9,0x10c9,0x10c9,0x10a8,0x10ea,0x0885,0x0044,0x0844,0x0023,0x08c7,0x112b,
 0x4148,0xec8b,0xd369,0x314b,0x112b,0x10e9,0x0865,0x0865,0x0886,0x0865,0x0865,0x0844,0x0866,0x0866,0x0865,0x0043,
 0x0886,0x10a7,0x10a7,0x10a7,0x08a7,0x08a7,0x08a7,0x08a7,0x10a7,0x18a7,0x18a7,0x18a7,0x18a7,0x18a7,0x18c7,0x18a7,
 0x10a7,0x18a7,0x10a7,0x10a7,0x10a7,0x10a7,0x08a7,0x08a7,0x0844,0x0886,0x0886,0x0866,0x0865,0x0865,0x08a7,0x190c,
 0xab4d,0x9aeb,0xaaab,0x10c9,0x112c,0x1a13,0x465e,0x4e7f,0x1a13,0x196f,0x10ea,0x10c9,0x10c9,0x10a8,0x08a7,0x092e,
 0x72ad,0xab8e,0xcc2e,0x218e,0x0064,0x0022,0x0002,0x0886,0x21f2,0x19d0,0x21d0,0x1190,0x7aed,0xd46e,0xcc8e,0x9bad,
 0xc40d,0xd40d,0x626f,0x110b,0x10ca,0x10ea,0x110b,0x10ea,0x190a,0x10c8,0x08c8,0x10ea,0x10a9,0x10a8,0x10c9,0x218f,
 0x198f,0x198f,0x21b0,0x192c,0x08c8,0x090b,0x0066,0x0887,0x0044,0x0043,0x0022,0x0865,0x0909,0x08e8,0x08c8,0x08a7,
 0x0886,0x08a7,0x08a7,0x08c8,0x08c7,0x0886,0x08c8,0x296d,0x4149,0x69e7,0x6967,0x196c,0x114c,0x10c9,0x0887,0x0866,
 0x0886,0x0886,0x0865,0x10a8,0x10a8,0x0865,0x0844,0x0845,0x0865,0x0844,0x0865,0x10c9,0x10c9,0x10c9,0x18c9,0x18c9,
 0x18c9,0x10a7,0x10c8,0x1086,0x0844,0x1087,0x18a8,0x10a7,0x10c9,0x10c9,0x10c9,0x10c9,0x10c8,0x10c8,0x10c9,0x10c9,
 0x18c9,0x18c9,0x18c9,0x10c9,0x10c9,0x10c9,0x10c9,0x10c9,0x10c8,0x10c9,0x10c9,0x10c9,0x10c9,0x18c9,0x18c9,0x18e9,
 0x0886,0x0845,0x0887,0x0886,0x0045,0x38e8,0x20a8,0x0888,0x0886,0x0022,0x0022,0x08a6,0x0864,0x0023,0x0043,0x0043,
 0x0845,0x0845,0x0845,0x0844,0x0043,0x0865,0x0865,0x0865,0x0865,0x0865,0x0865,0x0865,0x0865,0x0865,0x0865,0x0844,
 0x0843,0x0844,0x0864,0x0844,0x0042,0x0043,0x0043,0x0043,0x0043,0x0043,0x0865,0x0866,0x0865,0x0865,0x0865,0x0844,
 0x0865,0x0865,0x0865,0x0043,0x1065,0x0865,0x0886,0x10a8,0x10c8,0x10c8,0x10a8,0x10a8,0x10a8,0x10a8,0x10a7,0x10a7,
 0x10a7,0x10a7,0x10a7,0x10a7,0x10a7,0x10a7,0x10a7,0x0865,0x1864,0x28a7,0x08a7,0x0844,0x0043,0x0043,0x0043,0x0023,
 0x1088,0x0886,0x0844,0x0865,0x0845,0x0844,0x0886,0x1087,0x10a7,0x41ee,0x4a30,0x114d,0x21b0,0x192d,0x216f,0x190c,
 0x29d1,0x116c,0x08a7,0x110a,0x0865,0x0886,0x0885,0x198e,0x19f1,0x196d,0x0044,0x114b,0x21f0,0x110a,0x0844,0x0866,
 0x0886,0x08a7,0x08a8,0x10c8,0x08a7,0x08a7,0x08a8,0x08a8,0x08c8,0x0886,0x0886,0x0887,0x0887,0x0866,0x10a8,0x0887,
 0x0887,0x0886,0x0887,0x08a7,0x0887,0x08a7,0x0886,0x0887,0x08a7,0x08a7,0x08a7,0x08a7,0x08a7,0x0887,0x08a7,0x0886,
 0x0887,0x0887,0x08a7,0x08a7,0x0886,0x0886,0x0887,0x0886,0x0887,0x0885,0x0886,0x0886,0x08a7,0x08a7,0x08a7,0x08a7,
 0x0886,0x0886,0x0886,0x0886,0x0887,0x0887,0x0864,0x08a8,0x08c8,0x08a7,0x10e9,0x10e9,0x10c9,0x0886,0x0885,0x198d,
 0x08c8,0x0065,0x08a6,0x21af,0x21d0,0x21d0,0x21d0,0x21d0,0x198f,0x10ea,0x110b,0x110b,0x110b,0x10e9,0x216d,0x192b,
 0x0887,0x08c9,0x08a9,0x08c9,0x10c9,0x10e9,0x10ea,0x10ea,0x08ca,0x10ea,0x0865,0x0043,0x0844,0x0042,0x08c7,0x112b,
 0x59a8,0xc409,0xcc09,0x398b,0x112b,0x10e9,0x0864,0x0044,0x0844,0x0865,0x0865,0x0043,0x0044,0x0865,0x0843,0x0042,
 0x0886,0x10a7,0x0887,0x0865,0x0865,0x0865,0x0865,0x0887,0x1066,0x1886,0x1886,0x1886,0x1886,0x1066,0x1065,0x1065,
 0x1085,0x1085,0x1065,0x1086,0x0865,0x0885,0x0864,0x0886,0x0865,0x0885,0x0865,0x0044,0x0043,0x0865,0x0886,0x18eb,
 0x9acc,0x8aeb,0xab4d,0x10ca,0x112d,0x1a34,0x3e3e,0x465e,0x1a13,0x196f,0x10ea,0x10ca,0x10ea,0x08a8,0x08a7,0x092e,
 0x72ed,0xd4ae,0xd48d,0x214b,0x0063,0x0043,0x0043,0x10e9,0x21f2,0x21d0,0x21d0,0x2190,0x7aed,0xccad,0xcced,0x9bcd,
 0xc46d,0xd4ac,0x6a90,0x110c,0x10ea,0x10ea,0x110b,0x10ea,0x18ea,0x08c9,0x112b,0x110a,0x10a9,0x0887,0x10c9,0x218e,
 0x21af,0x192b,0x08c8,0x0887,0x0887,0x08a7,0x0886,0x0887,0x0865,0x0065,0x0865,0x08a8,0x08c9,0x08a7,0x08a7,0x0886,
 0x08a7,0x08a7,0x08a7,0x08a7,0x08a7,0x0886,0x08a7,0x294c,0x38e7,0xcbea,0xcc2c,0x196d,0x116d,0x10c9,0x0866,0x0886,
 0x08a7,0x0886,0x0844,0x10a8,0x0887,0x0865,0x0845,0x0865,0x0865,0x0864,0x0865,0x10c9,0x10c9,0x10c9,0x18c9,0x10c8,
 0x08a8,0x10e9,0x10e9,0x08e9,0x0085,0x10c9,0x20ea,0x18c8,0x10e9,0x10ea,0x10c9,0x10c9,0x10a8,0x0887,0x0887,0x0887,
 0x10a7,0x10a7,0x10a8,0x18c9,0x10a8,0x18c9,0x10c9,0x10a8,0x0887,0x10a8,0x10a8,0x10a8,0x10a8,0x10c9,0x18ea,0x18ea,
 0x0886,0x0845,0x0887,0x0886,0x0045,0x38e8,0x20a8,0x0888,0x0886,0x0044,0x0845,0x08a7,0x0864,0x0043,0x0042,0x0043,
 0x0845,0x0845,0x0865,0x0844,0x0043,0x0865,0x0865,0x0865,0x0865,0x0865,0x0865,0x0865,0x0865,0x0865,0x0865,0x0844,
 0x0043,0x0844,0x0844,0x0844,0x0042,0x0843,0x0043,0x0043,0x0043,0x0843,0x0865,0x0866,0x0865,0x0865,0x0865,0x0844,
 0x0865,0x0865,0x0865,0x0043,0x1065,0x0866,0x0886,0x10a8,0x10c8,0x10c8,0x10a8,0x10a8,0x10a8,0x10a8,0x10a8,0x10a7,
 0x10a7,0x10a7,0x10a7,0x10a7,0x10a7,0x10a7,0x10a7,0x0865,0x1064,0x20a7,0x08a7,0x0844,0x0043,0x0043,0x0043,0x0043,
 0x10a8,0x0886,0x0043,0x0865,0x0844,0x0844,0x0886,0x0886,0x1086,0x19b0,0x1a13,0x196e,0x21b1,0x194e,0x196e,0x192d,
 0x29d2,0x198e,0x10e9,0x114c,0x08ea,0x08c8,0x0865,0x196c,0x19f0,0x2232,0x10c8,0x21ef,0x2a74,0x198e,0x0864,0x0044,
 0x0065,0x0865,0x0885,0x0885,0x0885,0x0885,0x0865,0x0885,0x0886,0x0886,0x0885,0x0865,0x0844,0x0844,0x0864,0x0864,
 0x0844,0x0865,0x0865,0x0865,0x0865,0x0865,0x0865,0x0865,0x0865,0x0865,0x0865,0x0865,0x0865,0x0865,0x0865,0x0865,
 0x0865,0x0865,0x0865,0x0865,0x0864,0x0865,0x0886,0x0866,0x0866,0x0866,0x0866,0x0865,0x0865,0x0865,0x0865,0x0865,
 0x0885,0x0044,0x0843,0x0864,0x0864,0x0843,0x0043,0x0865,0x08a7,0x08a7,0x0885,0x0885,0x0865,0x0043,0x0885,0x29ae,
 0x18e8,0x00a7,0x08a7,0x21d0,0x21b0,0x21b0,0x21d0,0x21d0,0x198e,0x10ea,0x112c,0x112c,0x112c,0x214a,0xc450,0x39cd,
 0x0088,0x08c9,0x2949,0x2109,0x08a8,0x10e9,0x10ea,0x1909,0x2929,0x212a,0x0865,0x0844,0x0844,0x0043,0x08a7,0x192b,
 0x4928,0x2065,0x4926,0x314a,0x112b,0x10c9,0x0865,0x0865,0x0865,0x0866,0x0865,0x0843,0x0843,0x0043,0x0044,0x0022,
 0x0886,0x10a7,0x08a7,0x0866,0x0887,0x08a7,0x08a8,0x18c8,0x20a6,0x6169,0x5929,0x5108,0x81a8,0x1886,0x6968,0x81c8,
 0x5148,0xa1e9,0x5947,0x20a7,0x10a7,0x10a7,0x0886,0x08a7,0x0886,0x0886,0x0865,0x0044,0x0866,0x0865,0x0886,0x18eb,
 0xa2ec,0xbb4c,0xaaed,0x18eb,0x194e,0x2275,0x4e7e,0x4e7e,0x1a34,0x1990,0x10ea,0x10ea,0x10eb,0x10c9,0x10c8,0x114e,
 0x626d,0xb3ce,0x9b4d,0x29af,0x192b,0x0886,0x0885,0x112a,0x2a12,0x21f1,0x2a12,0x29b1,0x6a8d,0xbc4f,0xb42f,0x8b4f,
 0xb3ce,0xbc0e,0x5a4f,0x110c,0x10ea,0x10eb,0x190b,0x10ea,0x190b,0x0887,0x196e,0x10ea,0x0044,0x0865,0x10ca,0x21af,
 0x4231,0x318d,0x0065,0x0865,0x0865,0x0865,0x0886,0x0865,0x0886,0x0886,0x0886,0x0865,0x0043,0x0844,0x0044,0x0844,
 0x0844,0x0864,0x0844,0x0864,0x0844,0x0023,0x00a6,0x216d,0x38e7,0xfceb,0xf56e,0x194c,0x114c,0x08a7,0x0864,0x0864,
 0x0886,0x0886,0x0865,0x10c8,0x10a8,0x0865,0x0845,0x0865,0x0865,0x0865,0x0866,0x10c9,0x10c9,0x10c9,0x18e9,0x0885,
 0x0022,0x0064,0x0042,0x08c7,0x0064,0x0886,0x0885,0x0064,0x0043,0x10e9,0x10c9,0x10c9,0x10c9,0x10a8,0x10c8,0x10c9,
 0x10ea,0x10eb,0x08a7,0x18c9,0x10a9,0x10c9,0x10a9,0x10a8,0x0886,0x10a8,0x08c8,0x08c9,0x08a8,0x10c8,0x18ea,0x10e9,
 0x0886,0x0844,0x0887,0x0886,0x0045,0x38e8,0x18a8,0x08a8,0x0887,0x0043,0x0043,0x0886,0x0844,0x0022,0x0022,0x0043,
 0x0845,0x0845,0x0865,0x0844,0x0043,0x0866,0x0865,0x0865,0x0865,0x0865,0x0865,0x0865,0x0865,0x0865,0x0865,0x0844,
 0x0043,0x0844,0x0844,0x0844,0x0042,0x0043,0x0843,0x0043,0x0843,0x0843,0x0865,0x0865,0x0865,0x0865,0x0865,0x0844,
 0x0865,0x0865,0x0865,0x0043,0x1866,0x1086,0x0886,0x10a8,0x10c8,0x10c8,0x10a8,0x10a8,0x10a8,0x10a8,0x10a8,0x10a8,
 0x10a7,0x10a7,0x10a7,0x10a7,0x10a7,0x10a7,0x10a7,0x0865,0x1065,0x18a7,0x08a7,0x0844,0x0043,0x0043,0x0043,0x0043,
 0x10a8,0x1086,0x0844,0x0866,0x0865,0x0844,0x0887,0x10a7,0x1086,0x21f1,0x2a33,0x196e,0x29d1,0x298f,0x198e,0x194d,
 0x29f2,0x19b0,0x08c8,0x10e9,0x08c9,0x08a7,0x0043,0x10e8,0x2211,0x19d0,0x08c8,0x198d,0x21f0,0x21f0,0x08a7,0x0865,
 0x08c8,0x08c8,0x08c8,0x08c8,0x08c9,0x08c8,0x08c8,0x08a6,0x08c8,0x10e8,0x10e8,0x10c8,0x0865,0x0042,0x0844,0x0843,
 0x0043,0x0865,0x0865,0x0844,0x0865,0x0865,0x0865,0x0865,0x0865,0x0865,0x0865,0x0865,0x0865,0x0866,0x0866,0x0866,
 0x0866,0x0866,0x0865,0x0865,0x0865,0x0866,0x08a7,0x0886,0x0886,0x0886,0x0887,0x0887,0x0886,0x0886,0x0887,0x0886,
 0x10c9,0x0886,0x0843,0x0864,0x0864,0x0043,0x0022,0x08a7,0x110a,0x08a7,0x0886,0x0886,0x08a7,0x10a7,0x18e9,0x31d0,
 0x1909,0x08e8,0x10c7,0x29d0,0x29f0,0x21af,0x114f,0x196f,0x218e,0x110b,0x112b,0x112c,0x194d,0x192b,0x4a4f,0x216d,
 0x08a8,0x0089,0xa30a,0x6a0a,0x0088,0x10e9,0x292a,0x9aea,0xb38b,0x622c,0x0046,0x0844,0x0844,0x0843,0x08c7,0x192b,
 0x6189,0xe4ab,0xd40a,0x414a,0x112b,0x08c8,0x0865,0x0886,0x0887,0x0886,0x0865,0x0844,0x0844,0x0844,0x0844,0x0042,
 0x0886,0x08a7,0x08a7,0x0887,0x08a8,0x10c8,0x08c9,0x30e8,0x38a7,0xa24a,0xbb0a,0xb2ea,0xe369,0x20c7,0x9a09,0xec6c,
 0xa2eb,0xf36a,0x7967,0x30c7,0x18c8,0x10c8,0x10a7,0x10a8,0x0866,0x0886,0x0866,0x0864,0x0866,0x0866,0x0886,0x292b,
 0x41ae,0x418e,0x418e,0x190c,0x192e,0x1a34,0x4e7e,0x4e7e,0x1a35,0x19b0,0x10eb,0x10eb,0x190c,0x10ea,0x10c9,0x21af,
 0x21d1,0x21b1,0x1991,0x2a13,0x194c,0x08e9,0x0065,0x0885,0x2a12,0x29f2,0x29f2,0x29f1,0x21d1,0x39d2,0x39f2,0x39f2,
 0x41d1,0x31b1,0x21d2,0x110b,0x10ea,0x190b,0x192c,0x18ea,0x190b,0x08a8,0x08a8,0x08a8,0x0043,0x0844,0x10ca,0x29d1,
 0x31f2,0x31d1,0x10a7,0x0887,0x0886,0x0865,0x08c8,0x08a7,0x08c9,0x08ea,0x08e9,0x08e9,0x08a7,0x0886,0x0886,0x08a7,
 0x08c8,0x08a7,0x08a7,0x08a8,0x08a7,0x0865,0x08a7,0x116d,0x1909,0x71c9,0x69ea,0x114c,0x114c,0x10a8,0x0864,0x0886,
 0x10c9,0x08a8,0x0886,0x10c9,0x10c9,0x0865,0x0845,0x0865,0x0865,0x0866,0x0886,0x10c9,0x10c9,0x18c9,0x18ea,0x0865,
 0x0022,0x0844,0x0022,0x08a7,0x0043,0x0865,0x0022,0x0022,0x0023,0x10c8,0x18ea,0x18c9,0x18ca,0x10a7,0x0865,0x0887,
 0x10e9,0x08a7,0x0886,0x10e9,0x110a,0x110a,0x112b,0x112b,0x112b,0x112b,0x112b,0x08c9,0x08c8,0x10c9,0x10ea,0x10c9,
 0x1087,0x0844,0x0887,0x0886,0x0065,0x30e8,0x18a8,0x08a8,0x08a7,0x0844,0x0844,0x0886,0x0844,0x0023,0x0022,0x0043,
 0x0845,0x0845,0x0865,0x0844,0x0043,0x0866,0x0865,0x0865,0x0865,0x0865,0x0865,0x0865,0x0865,0x0865,0x0865,0x0844,
 0x0043,0x0844,0x0844,0x0844,0x0042,0x0043,0x0043,0x0043,0x0043,0x0843,0x0865,0x0865,0x0865,0x0865,0x0865,0x0044,
 0x0865,0x0865,0x0865,0x0043,0x1065,0x0866,0x0886,0x10a8,0x10c8,0x18c8,0x10c8,0x10c8,0x10a8,0x10a8,0x10a8,0x10a8,
 0x10a8,0x10a8,0x10a8,0x10a8,0x10a7,0x10a7,0x10a7,0x0865,0x0864,0x18a7,0x08a7,0x0844,0x0043,0x0043,0x0043,0x0043,
 0x10a8,0x1086,0x0043,0x0844,0x0844,0x0865,0x0887,0x10a7,0x10a7,0x0864,0x0885,0x0863,0x0865,0x0865,0x0865,0x0865,
 0x0865,0x0863,0x0865,0x0886,0x0886,0x0866,0x08a8,0x10c7,0x0886,0x0886,0x0845,0x0845,0x0865,0x0885,0x10c8,0x0886,
 0x10c8,0x10c8,0x10c8,0x10c8,0x08c8,0x08c8,0x08c8,0x10c8,0x10c8,0x08a6,0x10c8,0x10c8,0x0865,0x0843,0x0865,0x0844,
 0x0844,0x0844,0x0043,0x0043,0x0843,0x0843,0x0043,0x0043,0x0043,0x0043,0x0043,0x0043,0x0043,0x0043,0x0043,0x0043,
 0x0043,0x0043,0x0043,0x0043,0x0043,0x0043,0x0043,0x0043,0x0844,0x0043,0x0043,0x0844,0x0043,0x0043,0x0043,0x0043,
 0x0043,0x0043,0x0864,0x0865,0x0865,0x0864,0x0043,0x0887,0x110a,0x08a7,0x0886,0x0886,0x08a7,0x10a8,0x10a6,0x0864,
 0x0865,0x0044,0x0865,0x10a7,0x0887,0x216c,0xb42f,0x932f,0x2190,0x192c,0x192c,0x112c,0x112c,0x190a,0x520d,0x212c,
 0x0887,0x08a8,0x724a,0x51cb,0x08a9,0x110b,0x212a,0x59ea,0x6a4a,0x49ac,0x0866,0x0844,0x0844,0x0043,0x08a7,0x190b,
 0x5188,0xdccb,0xdcab,0x416b,0x092c,0x08c8,0x0865,0x0865,0x0886,0x0886,0x0865,0x0843,0x0844,0x0864,0x0844,0x0844,
 0x08a7,0x08a7,0x0887,0x0885,0x10c8,0x10c8,0x10c8,0x38e7,0x3886,0xcb6a,0xeccb,0xd48b,0xfd6c,0x30a8,0xab6a,0xf5ad,
 0x9b2a,0xfd0b,0x79c6,0x38c7,0x20e8,0x18c8,0x10a7,0x0887,0x0864,0x0865,0x0865,0x0865,0x0865,0x0886,0x0886,0x292c,
 0x294e,0x212e,0x214e,0x192c,0x196e,0x1a55,0x4e7e,0x4e7e,0x1a34,0x19b0,0x110b,0x10eb,0x110c,0x10ea,0x10ea,0x21d0,
 0x2212,0x2211,0x21f1,0x2212,0x08a7,0x0064,0x0043,0x08a6,0x2a33,0x2a12,0x2a12,0x2a12,0x2a12,0x2212,0x2212,0x21f2,
 0x21f2,0x2212,0x21f2,0x112c,0x10eb,0x190c,0x190b,0x18ea,0x190b,0x10c8,0x10c9,0x10c9,0x0865,0x0044,0x10ca,0x29f1,
 0x29f2,0x29d0,0x08a8,0x08a7,0x0887,0x0886,0x10e9,0x10c8,0x10e9,0x110a,0x110a,0x08e9,0x0887,0x08a7,0x08c8,0x08a8,
 0x08c8,0x08a8,0x08a8,0x08c8,0x08a8,0x0887,0x08a7,0x112b,0x112b,0x010b,0x010b,0x114c,0x114c,0x10c8,0x0866,0x0865,
 0x0887,0x0865,0x0865,0x10c8,0x10c8,0x0866,0x0845,0x0866,0x0865,0x0865,0x0886,0x10c9,0x10c9,0x10a8,0x0864,0x0843,
 0x0023,0x0044,0x0022,0x0886,0x0043,0x0044,0x0043,0x0022,0x0043,0x08a7,0x10a8,0x1086,0x1087,0x0865,0x0043,0x0043,
 0x0043,0x0042,0x0022,0x0886,0x0064,0x0886,0x08c8,0x08a6,0x0085,0x0085,0x0885,0x0043,0x0043,0x10c8,0x10c9,0x10e9,
 0x1087,0x0845,0x0887,0x0886,0x0045,0x28e9,0x18a8,0x0887,0x0865,0x0844,0x0844,0x0887,0x0844,0x0022,0x0022,0x0043,
 0x0865,0x0845,0x0845,0x0844,0x0043,0x0866,0x0865,0x0865,0x0865,0x0865,0x0865,0x0865,0x0865,0x0865,0x0865,0x0844,
 0x0043,0x0844,0x0844,0x0844,0x0042,0x0043,0x0843,0x0843,0x0843,0x0843,0x0865,0x0866,0x0865,0x0865,0x0865,0x0844,
 0x0865,0x0865,0x0865,0x0043,0x0845,0x0866,0x0886,0x10a8,0x18c8,0x18c8,0x10c8,0x10c8,0x10a8,0x10a8,0x10a8,0x10a8,
 0x10a8,0x10a8,0x10a8,0x10a8,0x10a7,0x10a8,0x1087,0x0865,0x1064,0x18a7,0x08a7,0x0844,0x0843,0x0043,0x0843,0x0043,
 0x10a8,0x0886,0x0044,0x0865,0x0844,0x0844,0x0887,0x10a8,0x18c9,0x0022,0x0022,0x0022,0x0043,0x0043,0x0044,0x0043,
 0x0023,0x0022,0x0886,0x0843,0x0043,0x0023,0x0886,0x08a7,0x0022,0x0022,0x0022,0x0042,0x0022,0x0043,0x10c9,0x08a7,
 0x10c8,0x10c8,0x10c8,0x10a8,0x10a8,0x10a8,0x10a8,0x10c8,0x10c8,0x08a7,0x10c8,0x10c8,0x0865,0x0843,0x0865,0x0844,
 0x0844,0x0843,0x0043,0x0864,0x0864,0x0864,0x0864,0x0864,0x0844,0x0864,0x0864,0x0864,0x0864,0x0865,0x0864,0x0864,
 0x0864,0x0844,0x0844,0x0864,0x0864,0x0864,0x0864,0x0844,0x0865,0x0844,0x0844,0x0844,0x0043,0x0864,0x0864,0x0844,
 0x0845,0x0043,0x0844,0x0865,0x0865,0x0864,0x0043,0x0886,0x10e9,0x08c8,0x08a7,0x08a8,0x08c8,0x10c9,0x0886,0x0022,
 0x0844,0x0844,0x0865,0x0023,0x1063,0x420d,0xf590,0xcc2e,0x2170,0x192c,0x194d,0x192c,0x112c,0x316a,0xd40e,0x316d,
 0x0087,0x10e9,0x10eb,0x110b,0x10e9,0x190b,0x10ea,0x08ca,0x08c9,0x110b,0x0865,0x0844,0x0864,0x0043,0x08c8,0x112c,
 0x1109,0x212a,0x214a,0x112b,0x112b,0x08c8,0x0865,0x0886,0x0887,0x0887,0x0865,0x0843,0x0844,0x0844,0x0865,0x0844,
 0x08a7,0x10a8,0x08a7,0x0886,0x10a8,0x10c8,0x10c9,0x4109,0x40c7,0xcb0a,0xdc2b,0xbb6b,0xfcec,0x38c7,0xbbea,0xf48a,
 0x81e8,0xfcaa,0x9267,0x38c8,0x28e9,0x18c9,0x10a7,0x1087,0x0864,0x0885,0x10a8,0x0866,0x0865,0x0886,0x0887,0x292c,
 0x316e,0x294e,0x294e,0x212d,0x196f,0x1a97,0x56ff,0x571f,0x1a76,0x21f2,0x114c,0x110b,0x110c,0x10ea,0x10c9,0x21d1,
 0x2a33,0x2232,0x2a12,0x2a32,0x0885,0x0043,0x0043,0x08a6,0x2a34,0x2a13,0x2a33,0x2a12,0x2a12,0x2a12,0x2a12,0x2a12,
 0x2a12,0x2a12,0x2a13,0x110b,0x18eb,0x190c,0x190c,0x190b,0x210b,0x10c9,0x10c9,0x10ea,0x08a7,0x0866,0x10ea,0x4210,
 0x4211,0x5a2f,0x10a7,0x0886,0x0886,0x0886,0x110a,0x110a,0x110a,0x110a,0x110a,0x08c9,0x08a8,0x10c8,0x10c8,0x10c8,
 0x10a8,0x10a8,0x10a8,0x08a8,0x08c8,0x08a7,0x08a7,0x112a,0x114c,0x194c,0x116c,0x114c,0x114c,0x10c9,0x0886,0x0866,
 0x0887,0x0866,0x0865,0x10a8,0x10c9,0x0866,0x0865,0x0866,0x0866,0x0866,0x1087,0x18ca,0x18ea,0x10c9,0x0044,0x0844,
 0x0022,0x0022,0x0022,0x0043,0x0043,0x0022,0x0022,0x0022,0x0022,0x0042,0x0042,0x0865,0x0886,0x0065,0x0022,0x0022,
 0x0022,0x0022,0x0022,0x0023,0x0022,0x0022,0x0866,0x0022,0x0022,0x0022,0x0023,0x0022,0x0043,0x10ea,0x10c8,0x10c9,
 0x10a8,0x0865,0x1087,0x0887,0x0865,0x18e9,0x10a8,0x0845,0x0022,0x0865,0x0022,0x0865,0x0043,0x0022,0x0022,0x0042,
 0x0865,0x0844,0x0845,0x0844,0x0043,0x0866,0x0865,0x0865,0x0865,0x0865,0x0865,0x0865,0x0865,0x0865,0x0865,0x0844,
 0x0043,0x0844,0x0844,0x0844,0x0042,0x0843,0x0843,0x0043,0x0043,0x0843,0x0865,0x0866,0x0865,0x0865,0x0865,0x0844,
 0x0865,0x0865,0x0865,0x0043,0x1065,0x0886,0x0886,0x10a8,0x18c8,0x18c8,0x20c8,0x20e8,0x20c8,0x20c8,0x20c8,0x20c8,
 0x20c8,0x20c8,0x20c8,0x18a8,0x10a8,0x10a8,0x1087,0x0865,0x1865,0x28a7,0x08a7,0x0864,0x0843,0x0843,0x0843,0x0043,
 0x10a8,0x0886,0x0844,0x0866,0x0865,0x0043,0x0866,0x0887,0x10c8,0x0022,0x0043,0x0043,0x0843,0x0843,0x0043,0x0043,
 0x0043,0x0043,0x08a7,0x0044,0x0023,0x0023,0x0865,0x08a6,0x0022,0x0043,0x0042,0x0043,0x0043,0x0844,0x10c8,0x08a7,
 0x10a8,0x10c8,0x10c8,0x10c8,0x10c8,0x10c8,0x10c8,0x10c8,0x10c8,0x10c8,0x10c8,0x10c8,0x0865,0x0843,0x0865,0x0864,
 0x0865,0x0843,0x0864,0x0886,0x08a7,0x10a8,0x0886,0x0886,0x0886,0x0887,0x08a7,0x08a7,0x08a7,0x08a7,0x08a7,0x0887,
 0x0887,0x08a7,0x0886,0x0886,0x08a7,0x0886,0x08a8,0x0887,0x08a8,0x08a8,0x08a8,0x08a7,0x08a7,0x08a7,0x10c8,0x0887,
 0x08a8,0x0843,0x0844,0x0865,0x0865,0x0844,0x0043,0x0887,0x10e9,0x08c8,0x10c8,0x10c9,0x10c8,0x10e9,0x08a6,0x0022,
 0x0844,0x0844,0x0865,0x0004,0x51e5,0x7b6e,0xdc8d,0xcbcc,0x214e,0x110b,0x194d,0x194d,0x194d,0x296c,0xb412,0x31cf,
 0x08a9,0x110a,0x190b,0x110a,0x10e9,0x10ea,0x190a,0x190a,0x192b,0x192b,0x0865,0x0864,0x0865,0x0864,0x08c7,0x112b,
 0x090a,0x112b,0x112b,0x110b,0x110b,0x10c8,0x0886,0x0886,0x0887,0x0887,0x0865,0x0043,0x0845,0x0865,0x0844,0x0043,
 0x0886,0x10a7,0x08a7,0x0865,0x0886,0x0886,0x0887,0x28e8,0x28c6,0x4927,0x59a8,0x5168,0x6187,0x20a6,0x4146,0x5986,
 0x3906,0x6187,0x4126,0x30c8,0x18c8,0x0886,0x0864,0x0886,0x0865,0x0886,0x10a8,0x0886,0x0865,0x0886,0x0886,0x292c,
 0x59ee,0x5a0e,0x398f,0x296e,0x1990,0x2276,0x34b6,0x34b5,0x11cf,0x198f,0x196e,0x194d,0x194d,0x110b,0x10c9,0x21d0,
 0x194c,0x112b,0x112c,0x21d0,0x1109,0x198d,0x194b,0x112a,0x2a33,0x2a33,0x2a33,0x2a33,0x196d,0x194d,0x196d,0x198f,
 0x218f,0x216e,0x21af,0x112b,0x18ea,0x212c,0x212d,0x212c,0x212c,0x10c9,0x10e9,0x10ea,0x0886,0x0865,0x190b,0x31cf,
 0x29cf,0x4252,0x08a7,0x0865,0x0044,0x0866,0x110a,0x110a,0x092c,0x090d,0x112b,0x08e9,0x08a8,0x10c8,0x08c8,0x08a8,
 0x08a8,0x08a8,0x08a8,0x10c8,0x10c9,0x0887,0x08a7,0x112b,0x112b,0x08ea,0x08eb,0x114c,0x114c,0x10c8,0x0866,0x0865,
 0x0887,0x0887,0x0866,0x10a8,0x18c9,0x0866,0x0865,0x0866,0x0886,0x10a8,0x10c9,0x10c8,0x10a8,0x10c8,0x0865,0x0064,
 0x0022,0x0022,0x0042,0x0043,0x0022,0x0022,0x0022,0x0022,0x0001,0x0064,0x08a7,0x0887,0x08c9,0x0065,0x0022,0x0022,
 0x0022,0x0022,0x0022,0x0022,0x0022,0x0022,0x0043,0x0022,0x0022,0x0022,0x0023,0x0022,0x0043,0x10c8,0x10c8,0x10c8,
 0x0865,0x0043,0x0865,0x0865,0x0044,0x18e9,0x10c8,0x0844,0x0021,0x0844,0x0022,0x0865,0x0043,0x0022,0x0022,0x0022,
 0x0845,0x0844,0x0865,0x0844,0x0043,0x0844,0x0844,0x0864,0x0864,0x0844,0x0844,0x0044,0x0044,0x0865,0x0844,0x0044,
 0x0044,0x0844,0x0844,0x0844,0x0042,0x0843,0x0043,0x0843,0x0843,0x0043,0x0865,0x0866,0x0865,0x0865,0x0865,0x0844,
 0x0865,0x0865,0x0865,0x0043,0x1065,0x0886,0x0886,0x10a8,0x18c8,0x18c7,0x1886,0x1087,0x1086,0x1086,0x1886,0x1086,
 0x1066,0x1066,0x1066,0x1066,0x10a7,0x10a8,0x1087,0x0865,0x1864,0x28c7,0x08a8,0x0864,0x0044,0x0844,0x0843,0x0043,
 0x10a8,0x0886,0x0044,0x0865,0x0865,0x0043,0x0886,0x08a7,0x18c8,0x0022,0x0042,0x0042,0x0843,0x0043,0x0042,0x0042,
 0x0042,0x0022,0x0886,0x0043,0x0023,0x0022,0x0885,0x08a7,0x0022,0x0043,0x0043,0x0043,0x0042,0x0844,0x10c9,0x08a8,
 0x08a7,0x08a7,0x10c8,0x18a7,0x2085,0x28a6,0x28a6,0x28a6,0x18a7,0x10c8,0x10c8,0x10c8,0x0865,0x0844,0x0865,0x0865,
 0x0865,0x0843,0x0865,0x10c8,0x08c8,0x10c8,0x10c8,0x0865,0x0865,0x08a7,0x0886,0x0886,0x0886,0x0865,0x0886,0x0886,
 0x0886,0x0865,0x08a7,0x08c8,0x08a7,0x08a7,0x08a7,0x0044,0x0043,0x0044,0x0044,0x0044,0x0864,0x08c8,0x10c8,0x08c8,
 0x08c8,0x0043,0x0844,0x0865,0x0865,0x0844,0x0043,0x0887,0x110a,0x08c8,0x0886,0x08a7,0x08a8,0x10c8,0x10a6,0x0022,
 0x0886,0x0866,0x0865,0x0023,0x18e6,0x3a0f,0x5a4f,0x524f,0x218f,0x10eb,0x192d,0x194e,0x196e,0x110b,0x31d1,0x218f,
 0x08c9,0x10eb,0x10eb,0x10ea,0x10c9,0x10ea,0x190b,0x10eb,0x08eb,0x110c,0x0886,0x0844,0x0866,0x0845,0x08a7,0x112b,
 0x08e9,0x08ca,0x10ea,0x090a,0x110b,0x08a7,0x0865,0x0886,0x0887,0x0886,0x0865,0x0023,0x0844,0x0844,0x0844,0x0844,
 0x0887,0x10a8,0x10a8,0x10a8,0x10c8,0x10c8,0x08c8,0x10a8,0x10a7,0x18a7,0x20a7,0x20a7,0x28a7,0x30c7,0x20a7,0x28c7,
 0x30e7,0x28c7,0x20a7,0x18c8,0x10a8,0x10a7,0x08a7,0x10a7,0x0864,0x0886,0x10a8,0x0866,0x0865,0x0886,0x0886,0x210a,
 0x518b,0x4147,0x20c9,0x18c9,0x08c9,0x118d,0x0045,0x0003,0x0044,0x0064,0x08a7,0x112c,0x112b,0x10ea,0x08a7,0x08a7,
 0x0043,0x39f0,0x298f,0x092c,0x0044,0x0886,0x0886,0x0886,0x194b,0x10e8,0x194b,0x2a33,0x218f,0x318f,0x214e,0x316f,
 0x418f,0x41b0,0x31f1,0x112b,0x18eb,0x212c,0x214d,0x212c,0x212c,0x10c9,0x190c,0x10ea,0x0864,0x0044,0x08a7,0x0064,
 0x194b,0x2a33,0x0886,0x0865,0x0866,0x0886,0x110a,0x08eb,0x4312,0x4b32,0x00ca,0x10e9,0x08a7,0x08a8,0x18a7,0x4128,
 0x3107,0x3908,0x30e7,0x18c8,0x10c8,0x0886,0x08a7,0x092c,0x2129,0xbb29,0xb32a,0x196d,0x114c,0x10c8,0x0866,0x0865,
 0x0865,0x0865,0x0865,0x10a8,0x18c9,0x0866,0x0865,0x0866,0x08a7,0x10c9,0x0887,0x0885,0x0865,0x0865,0x0864,0x0865,
 0x0865,0x0865,0x0865,0x0865,0x0845,0x08e9,0x08e9,0x0865,0x0886,0x0886,0x0886,0x0865,0x0886,0x0886,0x0886,0x0886,
 0x0886,0x0886,0x0886,0x0886,0x0886,0x0886,0x0886,0x0886,0x08a7,0x08a7,0x08a7,0x08a7,0x08a7,0x0886,0x0866,0x0866,
 0x0866,0x0865,0x0886,0x0865,0x0844,0x08a7,0x08ea,0x08a8,0x0887,0x0886,0x0887,0x0887,0x08a7,0x08a7,0x08a7,0x08a7,
 0x0845,0x0864,0x0845,0x0844,0x0043,0x0844,0x0864,0x0887,0x0886,0x0865,0x0043,0x0865,0x0866,0x0865,0x0865,0x0864,
 0x0844,0x0844,0x0844,0x0844,0x0042,0x0043,0x0043,0x0843,0x0843,0x0843,0x0865,0x0866,0x0865,0x0865,0x0865,0x0844,
 0x0865,0x0865,0x0865,0x0022,0x1865,0x1086,0x0886,0x10a7,0x20c8,0x20a7,0x6167,0x9209,0x81e8,0x9208,0x3907,0x6167,
 0x89e8,0x81e8,0x8a08,0x30c6,0x20a7,0x10a8,0x10a7,0x0865,0x1865,0x30c7,0x08a8,0x0844,0x0844,0x0844,0x0844,0x0843,
 0x18c9,0x0886,0x0844,0x0866,0x0865,0x0844,0x08a7,0x10c9,0x18c8,0x0022,0x0042,0x0042,0x0042,0x0042,0x0042,0x0043,
 0x0042,0x0022,0x0886,0x0043,0x0022,0x0022,0x0885,0x08a6,0x0022,0x0844,0x0044,0x0844,0x0022,0x0043,0x10c8,0x08a7,
 0x10c8,0x10c8,0x18c8,0x30a6,0xc2e9,0xa269,0xaa88,0xcb29,0x30c7,0x18e9,0x10c8,0x10c8,0x0865,0x0864,0x0865,0x0865,
 0x0865,0x0844,0x0865,0x08c8,0x08c8,0x08c8,0x10c8,0x0865,0x08a7,0x08c8,0x08c8,0x08c8,0x0887,0x08a7,0x08c8,0x08c8,
 0x08c8,0x0886,0x08a7,0x08a8,0x08a8,0x08a8,0x10c8,0x0043,0x0064,0x0043,0x0864,0x0865,0x0023,0x08c8,0x10c8,0x08c8,
 0x08c8,0x0044,0x0844,0x0845,0x0845,0x0844,0x0043,0x0887,0x10e9,0x110a,0x08c9,0x08a7,0x10c9,0x18e9,0x18a7,0x0022,
 0x0886,0x0886,0x0885,0x0022,0x08a7,0x2213,0x1a13,0x2213,0x21f1,0x112c,0x196e,0x216e,0x196e,0x212b,0x5250,0x196e,
 0x08a7,0x08aa,0x82ac,0x49ca,0x08a9,0x190b,0x212c,0x6a6c,0x626c,0x51ec,0x0066,0x0865,0x0865,0x0865,0x08a7,0x090b,
 0x3949,0xbb8a,0xb34a,0x394a,0x092b,0x10c8,0x0886,0x0886,0x0887,0x0886,0x0864,0x0043,0x0844,0x0844,0x0043,0x0844,
 0x08a7,0x10a8,0x10a8,0x10c8,0x10c8,0x10c8,0x10c8,0x10c8,0x10c8,0x10a8,0x10a8,0x10a8,0x10a8,0x10a8,0x10c8,0x10c8,
 0x10c8,0x10c8,0x10c8,0x10a8,0x10c8,0x10c8,0x10c8,0x10c8,0x0864,0x0865,0x0886,0x0865,0x0865,0x0886,0x0886,0x0002,
 0x69c7,0x7a08,0x59ec,0x314b,0x08c8,0x1bb8,0x08e7,0x0844,0x0887,0x08a7,0x0865,0x0885,0x0000,0x08a7,0x08a7,0x116c,
 0x0023,0x3211,0x21d0,0x00a7,0x0844,0x0865,0x0001,0x0885,0x3ab4,0x196c,0x114b,0x3275,0x31f1,0x5a12,0x41ef,0x5a0e,
 0xb2ee,0xaaef,0x4a93,0x114d,0x192d,0x214d,0x212d,0x214d,0x212c,0x10c8,0x10c9,0x0865,0x0844,0x0023,0x1109,0x1108,
 0x0865,0x21ef,0x08a7,0x0865,0x0887,0x0886,0x110a,0x00cb,0x63d4,0x7413,0x00ca,0x110a,0x10c8,0x08a9,0x59a9,0xf3ab,
 0x69e8,0xb30a,0xb2ca,0x30e8,0x10c9,0x08a7,0x08c8,0x092c,0x2949,0xecca,0xb3aa,0x196d,0x116d,0x10c9,0x0886,0x0886,
 0x08a7,0x0886,0x0866,0x10a8,0x18c9,0x0866,0x0865,0x0865,0x08a8,0x08a7,0x0023,0x0844,0x0843,0x0843,0x0843,0x0043,
 0x0043,0x0043,0x0843,0x0843,0x0844,0x0866,0x0865,0x0043,0x0844,0x0043,0x0044,0x0844,0x0843,0x0844,0x0844,0x0844,
 0x0844,0x0844,0x0844,0x0844,0x0044,0x0044,0x0844,0x0844,0x0844,0x0844,0x0844,0x0844,0x0844,0x0844,0x0844,0x0844,
 0x0844,0x0844,0x0844,0x0844,0x0023,0x0865,0x0886,0x0043,0x0844,0x0844,0x0844,0x0844,0x0844,0x0844,0x0844,0x0844,
 0x0844,0x0844,0x0845,0x0844,0x0043,0x0845,0x0886,0x0887,0x0887,0x0887,0x0887,0x08a7,0x08a7,0x08a7,0x0887,0x0865,
 0x0044,0x0844,0x0844,0x0844,0x0042,0x0043,0x0043,0x0843,0x0043,0x0843,0x0865,0x0866,0x0865,0x0865,0x0865,0x0844,
 0x0865,0x0865,0x0865,0x0042,0x1865,0x1087,0x1087,0x10a8,0x20c8,0x28c8,0xaaa9,0xfbaa,0xf34a,0xfcab,0x6269,0xbae9,
 0xfc0a,0xf3ca,0xfbca,0x5147,0x28a7,0x10a8,0x10a7,0x0865,0x2085,0x38c7,0x08a7,0x0864,0x0844,0x0844,0x0844,0x0844,
 0x18a9,0x0886,0x0844,0x0866,0x0865,0x0043,0x08a7,0x08c8,0x18c8,0x0022,0x0022,0x0864,0x08a8,0x0065,0x08c8,0x0843,
 0x0042,0x0022,0x0887,0x0044,0x0022,0x0023,0x0885,0x0886,0x0022,0x0844,0x0844,0x0844,0x0022,0x0843,0x10c9,0x1087,
 0x10a8,0x10a8,0x20c8,0x40c6,0xc2c8,0xc329,0xd3ea,0xed0c,0x4927,0x28e9,0x10c9,0x10c8,0x0865,0x0864,0x0865,0x0865,
 0x0865,0x0844,0x0865,0x10c8,0x08c8,0x08c8,0x08c8,0x0865,0x08a7,0x08c8,0x08c8,0x08c8,0x0887,0x08a7,0x08c8,0x08c8,
 0x08e8,0x0886,0x08a7,0x08c8,0x08a7,0x08a7,0x10c8,0x0044,0x08a8,0x0865,0x08a7,0x08c8,0x0043,0x08e8,0x08c8,0x08c8,
 0x08c8,0x0043,0x0844,0x0865,0x0865,0x0844,0x0043,0x08a7,0x1109,0x08c8,0x0886,0x08a6,0x08c8,0x10c9,0x10a6,0x0022,
 0x0886,0x0044,0x0886,0x0024,0x10c8,0x2a53,0x2a32,0x2a53,0x2a12,0x194d,0x196f,0x216f,0x114d,0x314a,0x8af0,0x196e,
 0x08a7,0x08ca,0xbb6d,0x6a4c,0x08ca,0x190b,0x214c,0xc40d,0xbc0d,0x9acc,0x0046,0x0865,0x0866,0x0865,0x08c8,0x112d,
 0x720a,0xe50b,0xed0b,0x59cb,0x090b,0x10c8,0x0886,0x0886,0x0887,0x0887,0x0865,0x0044,0x0865,0x0865,0x0844,0x0844,
 0x1087,0x10a8,0x10a8,0x10a8,0x10c8,0x10c8,0x10c8,0x10c8,0x10c8,0x10c8,0x10c8,0x10a8,0x10a8,0x10c8,0x10c8,0x10c8,
 0x10c8,0x10c8,0x10a8,0x10a8,0x10c8,0x10c8,0x10a8,0x10c8,0x0865,0x0865,0x0887,0x0886,0x0865,0x0887,0x0886,0x0023,
 0x61e9,0x2906,0x69eb,0x31ae,0x096c,0x1af3,0x08c6,0x08a6,0x08c7,0x08a6,0x090a,0x0909,0x0885,0x08e9,0x08c7,0x11cd,
 0x0043,0x1108,0x2272,0x08a6,0x0864,0x0885,0x0063,0x0063,0x3272,0x21cf,0x196c,0x2a53,0x31cf,0xa2f0,0xcbb0,0x6acf,
 0xec8f,0xdc6e,0x4a72,0x114d,0x192c,0x214e,0x214e,0x294e,0x212c,0x10c9,0x0886,0x0043,0x0023,0x0022,0x0864,0x10c7,
 0x0002,0x196a,0x10e9,0x0866,0x0887,0x0866,0x110a,0x00ca,0x63f4,0x7c95,0x00cb,0x112b,0x10e9,0x10c9,0x6188,0xfcab,
 0x72c9,0xcc4a,0xd3ca,0x3908,0x18ca,0x10a8,0x08c8,0x114c,0x1908,0x8a27,0xab2b,0x198d,0x114c,0x10c9,0x0886,0x0886,
 0x0886,0x0866,0x0865,0x10c9,0x18ea,0x0866,0x0865,0x0865,0x08a7,0x10a8,0x0844,0x0022,0x0043,0x0043,0x0043,0x0043,
 0x0023,0x0043,0x0043,0x0043,0x0843,0x0844,0x0023,0x0043,0x0043,0x0043,0x0043,0x0043,0x0043,0x0043,0x0043,0x0043,
 0x0043,0x0043,0x0043,0x0043,0x0043,0x0043,0x0043,0x0843,0x0043,0x0043,0x0043,0x0043,0x0043,0x0843,0x0043,0x0843,
 0x0043,0x0043,0x0043,0x0043,0x0043,0x0044,0x0844,0x0043,0x0043,0x0043,0x0043,0x0043,0x0043,0x0043,0x0043,0x0043,
 0x0845,0x0844,0x0865,0x0844,0x0043,0x0845,0x0886,0x08a7,0x08a7,0x08a7,0x08a7,0x08a7,0x08a7,0x08a7,0x08a7,0x0865,
 0x0844,0x0844,0x0844,0x0843,0x0042,0x0043,0x0043,0x0043,0x0043,0x0043,0x0865,0x0866,0x0865,0x0865,0x0865,0x0844,
 0x0865,0x0865,0x0865,0x0042,0x2085,0x10a7,0x1087,0x10a8,0x28e8,0x30a7,0xb3ca,0xfd2b,0xebca,0xfceb,0x6aa9,0xbbea,
 0xfc4a,0xebea,0xf42a,0x5967,0x30a7,0x10a8,0x10a7,0x0866,0x2085,0x40e7,0x08a7,0x0865,0x0844,0x0844,0x0844,0x0844,
 0x10a9,0x0886,0x0044,0x0865,0x0864,0x0844,0x08a7,0x08e8,0x18c8,0x0022,0x0022,0x0865,0x08e9,0x08a6,0x08e9,0x0864,
 0x0042,0x0022,0x08a7,0x0864,0x0022,0x0044,0x0887,0x0886,0x0022,0x0864,0x0865,0x0043,0x0022,0x0043,0x10c8,0x0887,
 0x10c8,0x10c8,0x28e8,0x48c6,0xcb69,0xec6b,0xf4cb,0xe48a,0x4927,0x2909,0x10c9,0x10c8,0x0865,0x0864,0x0865,0x0865,
 0x0865,0x0844,0x0865,0x10c8,0x08c8,0x08c8,0x08c8,0x0865,0x08a7,0x08c8,0x08c8,0x08c8,0x0887,0x08a7,0x08c8,0x08c8,
 0x08c8,0x0886,0x08a7,0x08c8,0x08c8,0x08a7,0x10c8,0x0844,0x08a7,0x0865,0x08a7,0x08a8,0x0044,0x08e9,0x10c8,0x08c8,
 0x10c8,0x0844,0x0864,0x0865,0x0865,0x0865,0x0043,0x08a7,0x10e9,0x08a7,0x08a6,0x08a7,0x08c8,0x10e9,0x1086,0x0022,
 0x0886,0x0864,0x08a7,0x0824,0x10c8,0x2a54,0x2a53,0x2a54,0x2a34,0x194d,0x194e,0x196e,0x196e,0x10ea,0x31f1,0x218e,
 0x08a8,0x10eb,0x51ec,0x318c,0x10ca,0x190b,0x192b,0x5a0b,0x520c,0x41ac,0x0865,0x0865,0x0886,0x0865,0x08a7,0x192d,
 0x69ca,0x6a08,0x7a88,0x498b,0x112b,0x10c8,0x0866,0x0886,0x0886,0x0887,0x0865,0x0044,0x0044,0x0865,0x0043,0x0844,
 0x0887,0x10a8,0x10a8,0x10a8,0x10a8,0x10a8,0x10a8,0x10c8,0x10c8,0x10c8,0x10a8,0x10c8,0x10a8,0x10a8,0x10a8,0x10c8,
 0x10c8,0x10c8,0x10a8,0x10a8,0x10c8,0x10c8,0x10a8,0x10c8,0x0865,0x0865,0x0887,0x0886,0x0886,0x0886,0x0886,0x0865,
 0x0067,0x0045,0x0886,0x112c,0x092b,0x090a,0x110a,0x116c,0x114b,0x114b,0x114b,0x090a,0x110a,0x114b,0x0909,0x0909,
 0x08e9,0x08a7,0x10e9,0x08e9,0x10e9,0x08c8,0x08c8,0x110a,0x08c8,0x08c8,0x08a8,0x0886,0x0865,0x18a5,0x5251,0x4274,
 0x52b4,0x4a93,0x3253,0x196d,0x192c,0x214e,0x214e,0x190b,0x0023,0x0864,0x0844,0x0044,0x0844,0x0844,0x0044,0x0023,
 0x0044,0x0043,0x0886,0x0887,0x0886,0x0866,0x110a,0x00ca,0x4b32,0x5bb3,0x00ca,0x10e9,0x10a8,0x08a8,0x4127,0xa2a9,
 0x5188,0x7a29,0x7a29,0x28e8,0x10c9,0x0886,0x08a7,0x092c,0x2949,0xdc8c,0xd44c,0x21ad,0x116d,0x10c9,0x0886,0x0865,
 0x0886,0x0865,0x0865,0x10c9,0x18ca,0x0866,0x0866,0x0866,0x08a7,0x08c8,0x0887,0x0042,0x0042,0x0042,0x0043,0x0042,
 0x0042,0x0042,0x0042,0x0042,0x0043,0x0042,0x0042,0x0042,0x0042,0x0042,0x0042,0x0042,0x0042,0x0042,0x0042,0x0042,
 0x0042,0x0042,0x0042,0x0042,0x0843,0x0043,0x0043,0x0043,0x0043,0x0042,0x0843,0x0042,0x0043,0x0842,0x0042,0x0042,
 0x0042,0x0042,0x0042,0x0022,0x0022,0x0043,0x0043,0x0042,0x0043,0x0042,0x0043,0x0042,0x0042,0x0042,0x0042,0x0042,
 0x0845,0x0865,0x0865,0x0844,0x0843,0x0845,0x0886,0x08a7,0x08a7,0x08a7,0x08a7,0x08a7,0x08a7,0x08a7,0x08a7,0x0865,
 0x0043,0x0844,0x0844,0x0844,0x0022,0x0043,0x0843,0x0043,0x0043,0x0043,0x0865,0x0866,0x0865,0x0865,0x0865,0x0844,
 0x0865,0x0865,0x0865,0x0042,0x2086,0x18a7,0x10a7,0x10a8,0x28e8,0x30c7,0xa288,0xfbea,0xe34a,0xfcab,0x6289,0xab09,
 0xfbca,0xe36a,0xf40a,0x6187,0x30a7,0x10a8,0x10a7,0x0886,0x20a5,0x48e7,0x1088,0x0865,0x0844,0x0844,0x0844,0x0844,
 0x10c9,0x0886,0x0844,0x0866,0x0865,0x0844,0x08a7,0x08e8,0x18c8,0x0022,0x0022,0x0865,0x0865,0x0001,0x0886,0x0865,
 0x0042,0x0022,0x0886,0x0844,0x0022,0x0043,0x0886,0x0886,0x0022,0x0844,0x0043,0x0043,0x0022,0x0043,0x10c8,0x0887,
 0x10c8,0x10a8,0x28e8,0x40c6,0xcba9,0xbb49,0xbb49,0xcc4a,0x40e6,0x20c9,0x10c8,0x10c8,0x0865,0x0864,0x0865,0x0865,
 0x0865,0x0844,0x0865,0x08c8,0x08c8,0x08c8,0x08c8,0x0865,0x0887,0x08a8,0x08a8,0x08a8,0x0886,0x0886,0x08a7,0x08a7,
 0x08a8,0x0866,0x08a7,0x08c8,0x08a8,0x08c8,0x10c8,0x0043,0x0886,0x0865,0x08a7,0x08a7,0x0043,0x08e8,0x10c8,0x10c8,
 0x10c8,0x0864,0x0864,0x0865,0x0865,0x0865,0x0043,0x08a8,0x1109,0x10c9,0x10ea,0x10e9,0x08c8,0x10c8,0x10a6,0x0022,
 0x0885,0x0044,0x08a6,0x0844,0x10a8,0x21d0,0x19af,0x19af,0x21af,0x194d,0x196e,0x196e,0x196f,0x190b,0x4a12,0x29b0,
 0x08c9,0x192c,0x110c,0x110b,0x10ea,0x110b,0x110b,0x08eb,0x10eb,0x110b,0x0886,0x0865,0x0886,0x0865,0x08a7,0x190b,
 0x69ca,0xcc0a,0xd48b,0x51ab,0x110b,0x10c8,0x0886,0x0887,0x0887,0x0887,0x0865,0x0044,0x0844,0x0865,0x0044,0x0844,
 0x0887,0x10a8,0x10a8,0x10a8,0x10a8,0x10a8,0x10a8,0x10c8,0x10c8,0x10a8,0x10a8,0x10c8,0x10a8,0x10a8,0x10a8,0x10c8,
 0x10a8,0x10a8,0x10a8,0x10a8,0x10a8,0x10a8,0x10a8,0x10c8,0x0865,0x0865,0x0886,0x0886,0x0886,0x0887,0x0886,0x0844,
 0x0865,0x0844,0x0866,0x0866,0x0866,0x0886,0x0866,0x0866,0x0886,0x0887,0x0886,0x0886,0x0866,0x0865,0x0865,0x0865,
 0x0866,0x0886,0x0866,0x0865,0x0865,0x0866,0x0865,0x0886,0x0865,0x0845,0x0865,0x0844,0x0845,0x0022,0x3231,0x3af7,
 0x32b6,0x32b5,0x3295,0x194d,0x192c,0x214e,0x214e,0x214e,0x0886,0x0022,0x0043,0x0042,0x0043,0x0043,0x0043,0x0043,
 0x0043,0x0043,0x0886,0x0887,0x0887,0x0886,0x08ea,0x110a,0x08ea,0x08eb,0x112b,0x10ea,0x08c8,0x10c9,0x10a8,0x10a9,
 0x18c9,0x18c9,0x18c9,0x10c9,0x10c9,0x0887,0x08a7,0x114c,0x2928,0xe4cc,0xd46d,0x216d,0x196d,0x10c9,0x0886,0x0865,
 0x10a9,0x10a8,0x0866,0x10c9,0x18ca,0x0866,0x0866,0x0866,0x08a7,0x10c8,0x0887,0x0844,0x0844,0x0843,0x0844,0x0844,
 0x0043,0x0844,0x0844,0x0844,0x0844,0x0844,0x0043,0x0042,0x0042,0x0042,0x0042,0x0042,0x0042,0x0042,0x0042,0x0042,
 0x0042,0x0042,0x0042,0x0042,0x0042,0x0043,0x0043,0x0043,0x0043,0x0042,0x0042,0x0043,0x0843,0x0042,0x0842,0x0043,
 0x0042,0x0042,0x0042,0x0042,0x0042,0x0844,0x0844,0x0042,0x0043,0x0843,0x0043,0x0043,0x0043,0x0042,0x0042,0x0042,
 0x0845,0x0865,0x0865,0x0844,0x0843,0x0845,0x0886,0x08a7,0x08a7,0x08a7,0x08a7,0x08a7,0x08a7,0x08a7,0x08a7,0x0865,
 0x0043,0x0844,0x0844,0x0843,0x0022,0x0043,0x0043,0x0043,0x0043,0x0043,0x0865,0x0865,0x0865,0x0865,0x0865,0x0865,
 0x0865,0x0865,0x0865,0x0043,0x2086,0x18c8,0x10a7,0x18a8,0x28e8,0x30c7,0xab08,0xfc6a,0xeb69,0xfcab,0x6248,0xab28,
 0xfc0a,0xe36a,0xf38a,0x6187,0x28a7,0x10c8,0x10a7,0x0886,0x28a5,0x48e7,0x08a8,0x0865,0x0844,0x0844,0x0844,0x0844,
 0x18c8,0x0886,0x0844,0x0866,0x0865,0x0844,0x0887,0x08e9,0x18c8,0x0022,0x0022,0x0864,0x0887,0x0865,0x08a7,0x0864,
 0x0042,0x0022,0x0886,0x0865,0x0043,0x0044,0x0887,0x08a6,0x0022,0x0844,0x0043,0x0043,0x0022,0x0043,0x10c8,0x0887,
 0x10a8,0x10c8,0x18c8,0x28c7,0x4107,0x4927,0x4908,0x4108,0x30c8,0x18c9,0x10e8,0x10c8,0x0865,0x0845,0x0865,0x0865,
 0x0865,0x0844,0x0865,0x10c8,0x08c8,0x10c8,0x10c8,0x0885,0x0886,0x0886,0x0886,0x0886,0x0886,0x0844,0x0886,0x0886,
 0x0886,0x0865,0x08a7,0x08c8,0x08c8,0x08c8,0x10c8,0x0865,0x0865,0x0865,0x0865,0x0865,0x0044,0x08c8,0x10c8,0x10c8,
 0x10c8,0x0864,0x0865,0x0865,0x0865,0x0865,0x0043,0x08c8,0x114b,0x10ea,0x110a,0x110a,0x08c8,0x10c8,0x10a7,0x0022,
 0x0886,0x0887,0x08a7,0x0023,0x10a7,0x296e,0x216e,0x212d,0x29d0,0x196e,0x196e,0x218f,0x218e,0x190c,0x2a13,0x21d0,
 0x08e9,0x192c,0x192d,0x192c,0x110a,0x190b,0x190b,0x190b,0x192c,0x194d,0x0887,0x0866,0x0887,0x0865,0x10c8,0x110c,
 0x5189,0xecab,0xecaa,0x418a,0x090b,0x10c8,0x0886,0x0887,0x0887,0x0887,0x0845,0x0844,0x0844,0x0844,0x0044,0x0844,
 0x08a7,0x10a8,0x10a8,0x10a8,0x10a8,0x10a8,0x10a8,0x10a8,0x08a7,0x08a7,0x08a7,0x08a7,0x08a7,0x10a8,0x10a8,0x10a8,
 0x08a7,0x08a7,0x08a7,0x10a8,0x10a8,0x10a8,0x10a7,0x10a8,0x0865,0x0864,0x0866,0x0865,0x0864,0x0887,0x0886,0x0022,
 0x0043,0x0043,0x0044,0x0043,0x0865,0x0043,0x0043,0x0844,0x0844,0x0044,0x0044,0x0044,0x0044,0x0844,0x0865,0x0864,
 0x0865,0x0865,0x0844,0x0844,0x0044,0x0044,0x0023,0x0865,0x0865,0x0044,0x0043,0x0044,0x0023,0x08c7,0x3294,0x32b6,
 0x3296,0x2a95,0x3295,0x196e,0x192d,0x214e,0x214e,0x216f,0x0887,0x0044,0x0865,0x0865,0x0866,0x0864,0x0044,0x0043,
 0x0844,0x0043,0x0886,0x08a8,0x0887,0x0886,0x110b,0x110a,0x194c,0x194d,0x112c,0x110b,0x10c8,0x10c9,0x10c9,0x10c9,
 0x10e9,0x10e9,0x10e9,0x10c9,0x10c9,0x0887,0x08a7,0x112c,0x110a,0x2109,0x292a,0x194c,0x194c,0x10c9,0x0887,0x0844,
 0x0886,0x0886,0x0865,0x10ea,0x18ea,0x0866,0x0866,0x0866,0x10a7,0x10c9,0x08a7,0x0844,0x0844,0x0844,0x0865,0x0844,
 0x0845,0x0844,0x0865,0x0845,0x0844,0x0865,0x0043,0x0042,0x0042,0x0042,0x0022,0x0022,0x0022,0x0042,0x0042,0x0042,
 0x0042,0x0042,0x0042,0x0042,0x0043,0x0043,0x0043,0x0043,0x0043,0x0043,0x0043,0x0043,0x0043,0x0043,0x0043,0x0042,
 0x0042,0x0042,0x0042,0x0042,0x0022,0x0844,0x0844,0x0042,0x0043,0x0042,0x0043,0x0043,0x0042,0x0042,0x0042,0x0042,
 0x0845,0x0845,0x0865,0x0844,0x0843,0x0865,0x0886,0x08a7,0x08a7,0x08a7,0x08a7,0x08a7,0x08a7,0x08a7,0x08a7,0x0865,
 0x0043,0x0844,0x0865,0x0843,0x0022,0x0043,0x0043,0x0043,0x0043,0x0043,0x0865,0x0865,0x0865,0x0865,0x0865,0x0865,
 0x0865,0x0865,0x0865,0x0042,0x2086,0x18a8,0x10a7,0x18c8,0x28e8,0x38a7,0xb3c9,0xfd2b,0xebaa,0xfcab,0x6228,0xb3ea,
 0xfc4a,0xeb8a,0xfc0a,0x6187,0x30c7,0x10c8,0x18a7,0x0886,0x28a5,0x48e7,0x08a8,0x0865,0x0844,0x0844,0x0044,0x0844,
 0x20e9,0x0886,0x0844,0x0866,0x0865,0x0844,0x0887,0x10e9,0x18e9,0x0022,0x0042,0x0023,0x0043,0x0043,0x0844,0x0844,
 0x0043,0x0023,0x0886,0x0865,0x0023,0x0023,0x0886,0x0886,0x0022,0x0844,0x0044,0x0043,0x0022,0x0843,0x10c9,0x0887,
 0x10a8,0x10c8,0x10c8,0x10c9,0x18c8,0x18c8,0x18c8,0x18c8,0x18c8,0x10e9,0x10e9,0x10e9,0x0866,0x0845,0x0865,0x0865,
 0x0865,0x0845,0x0866,0x08c8,0x08c8,0x10c8,0x10c8,0x08a8,0x10c9,0x10c8,0x08a8,0x08c8,0x08a8,0x08a8,0x08c8,0x08c8,
 0x08c8,0x08a8,0x08c8,0x08a8,0x08a8,0x10c8,0x10c8,0x0845,0x0866,0x0866,0x0866,0x0865,0x0844,0x08e8,0x10c8,0x10c8,
 0x10c8,0x0864,0x0865,0x0865,0x0865,0x0865,0x0844,0x08c8,0x114b,0x112b,0x110a,0x10e9,0x08c8,0x10c9,0x10c7,0x0022,
 0x0865,0x0866,0x0865,0x0023,0x10c8,0x39f3,0x41f3,0x4213,0x3a53,0x196e,0x218f,0x29b0,0x218f,0x212c,0x8b12,0x29af,
 0x08c9,0x192c,0x294d,0x192c,0x110b,0x192c,0x10eb,0x214c,0x296d,0x194e,0x0887,0x0865,0x0886,0x0865,0x08c8,0x112b,
 0x110a,0x292a,0x314a,0x192b,0x110b,0x10c8,0x0886,0x0887,0x0887,0x0887,0x0865,0x0864,0x0864,0x0844,0x0844,0x0844,
 0x08a7,0x10a8,0x10a8,0x10a8,0x10a8,0x10a8,0x08a8,0x10a8,0x0886,0x0886,0x0886,0x0886,0x0886,0x0887,0x08a7,0x08a7,
 0x0887,0x0887,0x0866,0x0866,0x0864,0x0864,0x08a7,0x10c8,0x0865,0x0844,0x0866,0x0865,0x0865,0x0886,0x0886,0x0022,
 0x0844,0x0844,0x0886,0x0886,0x0886,0x0865,0x0864,0x0844,0x0887,0x0886,0x0865,0x0886,0x0886,0x0866,0x0887,0x08a7,
 0x0886,0x0866,0x0886,0x0866,0x0866,0x08a7,0x0887,0x08a8,0x0886,0x0865,0x0866,0x0866,0x0003,0x41ab,0x8b75,0x6b14,
 0x8333,0x8b12,0x4ab5,0x196f,0x214d,0x216f,0x216e,0x192c,0x08a6,0x0044,0x0866,0x0866,0x0886,0x0864,0x0844,0x0044,
 0x0043,0x0023,0x0886,0x08a7,0x08a7,0x0886,0x112b,0x10ca,0x2bb7,0x2336,0x10eb,0x110b,0x10c8,0x10c9,0x10c9,0x10c9,
 0x10c9,0x10c9,0x10c9,0x10c9,0x10e9,0x08a7,0x08a7,0x112c,0x112b,0x094c,0x094c,0x114c,0x114c,0x10c9,0x0887,0x0865,
 0x08a7,0x08a7,0x0865,0x10ea,0x18ea,0x0866,0x0866,0x0866,0x1087,0x10a9,0x1087,0x0844,0x0865,0x0844,0x0844,0x0844,
 0x0844,0x0844,0x0844,0x0865,0x0865,0x0865,0x0043,0x0042,0x0022,0x0042,0x0022,0x0042,0x0022,0x0022,0x0042,0x0042,
 0x0042,0x0042,0x0042,0x0042,0x0043,0x0043,0x0043,0x0043,0x0042,0x0043,0x0043,0x0043,0x0043,0x0043,0x0043,0x0042,
 0x0042,0x0042,0x0042,0x0042,0x0022,0x0844,0x0844,0x0042,0x0042,0x0042,0x0042,0x0042,0x0042,0x0042,0x0042,0x0022,
 0x0845,0x0844,0x0865,0x0844,0x0043,0x0865,0x0866,0x0886,0x0886,0x0886,0x0886,0x0886,0x0886,0x0886,0x0886,0x0865,
 0x0043,0x0844,0x0845,0x0843,0x0022,0x0043,0x0043,0x0043,0x0043,0x0043,0x0865,0x0865,0x0865,0x0865,0x0865,0x0844,
 0x0865,0x0865,0x0865,0x0042,0x2086,0x18a7,0x10a7,0x18a8,0x28e8,0x38c8,0xb349,0xfc6a,0xeb8a,0xfc2b,0x61e7,0xb369,
 0xfc0b,0xeb8a,0xfc2a,0x61a7,0x38c8,0x10a8,0x18a7,0x0886,0x28a6,0x48e7,0x08a8,0x0865,0x0844,0x0844,0x0044,0x0844,
 0x20e9,0x0886,0x0844,0x0866,0x0865,0x0844,0x08a7,0x10e9,0x18e9,0x0022,0x0042,0x0043,0x0042,0x0022,0x0043,0x0843,
 0x0043,0x0023,0x0886,0x0865,0x0022,0x0022,0x0865,0x08a6,0x0022,0x0844,0x0044,0x0043,0x0022,0x0043,0x10c9,0x0887,
 0x10a8,0x10c8,0x10c8,0x10c8,0x08a8,0x08a8,0x08a8,0x10c8,0x10c8,0x10e9,0x10e9,0x10c9,0x0865,0x0845,0x0865,0x0865,
 0x0865,0x0844,0x0865,0x08c8,0x08c8,0x10c8,0x10c8,0x08a7,0x08a7,0x08a7,0x08a7,0x08a8,0x08a7,0x0887,0x08a7,0x08a7,
 0x08a7,0x08a7,0x08c8,0x08a8,0x08a8,0x08c8,0x10c8,0x0864,0x0886,0x0886,0x0866,0x0866,0x0865,0x08c8,0x10c8,0x10c8,
 0x10c8,0x0864,0x0864,0x0865,0x0865,0x0864,0x0844,0x08c8,0x112b,0x110a,0x110a,0x10e9,0x10c9,0x10c9,0x10a7,0x0022,
 0x0865,0x0866,0x0865,0x0024,0x10c8,0x5a93,0x5232,0x4a54,0x3a34,0x218e,0x29b0,0x29b1,0x218f,0x212b,0x8b52,0x218e,
 0x08c9,0x110c,0x828f,0x51ee,0x10eb,0x192c,0x08eb,0x520d,0x520f,0x194f,0x10a7,0x0865,0x0886,0x0866,0x10c8,0x110b,
 0x08e9,0x090a,0x112b,0x112b,0x112b,0x10c8,0x0886,0x0887,0x0887,0x0887,0x0865,0x0864,0x0864,0x0844,0x0864,0x0844,
 0x08a7,0x10c8,0x08a7,0x08a7,0x10a8,0x10a8,0x10a7,0x10a7,0x0886,0x0865,0x0865,0x0865,0x0865,0x0887,0x0887,0x0886,
 0x0886,0x0886,0x0866,0x0866,0x0864,0x0865,0x08a7,0x10c9,0x0865,0x0864,0x0866,0x0865,0x0865,0x0886,0x0886,0x0022,
 0x0844,0x0844,0x0887,0x0886,0x0886,0x08a7,0x0886,0x0866,0x08a7,0x0886,0x08a7,0x08c8,0x08a7,0x0886,0x0887,0x08a7,
 0x0866,0x0866,0x08a7,0x0886,0x0886,0x08c8,0x08c9,0x10c9,0x0865,0x0866,0x0866,0x1086,0x0003,0x72a9,0xfdf4,0xccb2,
 0xf530,0xf531,0x6315,0x114e,0x214d,0x218f,0x216e,0x218e,0x10c7,0x0044,0x0865,0x0865,0x0865,0x0865,0x0844,0x0844,
 0x0845,0x0043,0x0886,0x08a8,0x08a7,0x0886,0x112b,0x10ec,0x34da,0x2c79,0x10ec,0x110b,0x08c8,0x10c9,0x08a7,0x08c8,
 0x08a8,0x0887,0x08a7,0x10c9,0x10e9,0x08a8,0x08a7,0x114c,0x112b,0x112b,0x114b,0x114c,0x114c,0x10c9,0x0887,0x0865,
 0x10a8,0x10a8,0x0866,0x10ca,0x18ea,0x0866,0x0866,0x0866,0x1087,0x10a8,0x1087,0x0044,0x0845,0x0844,0x0044,0x0844,
 0x0844,0x0844,0x0865,0x0865,0x0865,0x0865,0x0043,0x0022,0x0042,0x0042,0x0042,0x0042,0x0022,0x0022,0x0042,0x0042,
 0x0042,0x0042,0x0042,0x0042,0x0043,0x0042,0x0043,0x0043,0x0043,0x0043,0x0043,0x0042,0x0043,0x0043,0x0043,0x0043,
 0x0042,0x0022,0x0042,0x0042,0x0022,0x0844,0x0844,0x0042,0x0042,0x0042,0x0042,0x0042,0x0042,0x0042,0x0042,0x0042,
};
