// SPDX-License-Identifier: MIT
// Generated by tools/compile_marble_lighting.py; exact original sphere shading.
static const uint16_t tm_marble_offsets[15]={0,0,0,0,196,520,1004,1680,2580,3736,5180,6944,9060,11560,14476};
static const uint16_t tm_marble_lighting[]={
0x0000,0x0000,0x0000,0x5371,0x0000,0x0000,0x0000,0x0000,0x6434,0x74d7,0x74d7,0x6434,0x42ce,0x0000,0x0000,0x74d7,
0x8599,0x8599,0x74d7,0x5371,0x0000,0x5371,0x74d7,0x8599,0x8599,0x74d7,0x5371,0x1949,0x0000,0x6434,0x74d7,0x74d7,
0x6434,0x42ae,0x0000,0x0000,0x42ce,0x5371,0x5371,0x42ae,0x2149,0x0000,0x0000,0x0000,0x0000,0x1949,0x0000,0x0000,
0x0000,0x0000,0x0000,0x0000,0x42ce,0x0000,0x0000,0x0000,0x0000,0x4b50,0x5bf2,0x5bd2,0x4b50,0x322b,0x0000,0x0000,
0x5bf2,0x6c74,0x6c74,0x5bd2,0x42ce,0x0000,0x42ce,0x5bd2,0x6c74,0x6c74,0x5bd2,0x42ce,0x1907,0x0000,0x4b50,0x5bd2,
0x5bd2,0x4b50,0x322b,0x0000,0x0000,0x322b,0x42ce,0x42ce,0x322b,0x1907,0x0000,0x0000,0x0000,0x0000,0x1907,0x0000,
0x0000,0x0000,0x0000,0x0000,0x0000,0x6a04,0x0000,0x0000,0x0000,0x0000,0x8265,0x9ae6,0x9ae6,0x8265,0x59a3,0x0000,
0x0000,0x9ae6,0xb347,0xb347,0x9ae6,0x6a04,0x0000,0x6a04,0x9ae6,0xb347,0xb347,0x9ae6,0x6a04,0x28c1,0x0000,0x8265,
0x9ae6,0x9ae6,0x8265,0x51a3,0x0000,0x0000,0x59a3,0x6a04,0x6a04,0x51a3,0x28c1,0x0000,0x0000,0x0000,0x0000,0x28c1,
0x0000,0x0000,0x0000,0x0000,0x0000,0x0000,0x59a3,0x0000,0x0000,0x0000,0x0000,0x69e4,0x7a45,0x7a45,0x69e4,0x4142,
0x0000,0x0000,0x7a45,0x8aa5,0x8aa5,0x7a45,0x59a3,0x0000,0x59a3,0x7a45,0x8aa5,0x8aa5,0x7a45,0x59a3,0x20a1,0x0000,
0x69e4,0x7a45,0x7a45,0x69e4,0x4142,0x0000,0x0000,0x4142,0x59a3,0x59a3,0x4142,0x20a1,0x0000,0x0000,0x0000,0x0000,
0x20a1,0x0000,0x0000,0x0000,0x0000,0x0000,0x0000,0x0000,0x5371,0x0000,0x0000,0x0000,0x0000,0x0000,0x0000,0x6454,
0x6cb6,0x6c95,0x6414,0x4b30,0x0000,0x0000,0x0000,0x6454,0x7d17,0x7d59,0x7d58,0x74d6,0x5bf3,0x42ae,0x0000,0x0000,
0x6cb6,0x7d59,0x85ba,0x859a,0x7d38,0x6454,0x4b0f,0x0000,0x5371,0x6c95,0x7d58,0x859a,0x8599,0x7d18,0x6434,0x42ef,
0x1949,0x0000,0x6414,0x74d6,0x7d38,0x7d18,0x6c96,0x5bd2,0x3a8d,0x0000,0x0000,0x4b30,0x5bf3,0x6454,0x6434,0x5bd2,
0x42ef,0x21aa,0x0000,0x0000,0x0000,0x42ae,0x4b0f,0x42ef,0x3a8d,0x21aa,0x0000,0x0000,0x0000,0x0000,0x0000,0x0000,
0x1949,0x0000,0x0000,0x0000,0x0000,0x0000,0x0000,0x0000,0x0000,0x42ce,0x0000,0x0000,0x0000,0x0000,0x0000,0x0000,
0x5370,0x5bb1,0x53b1,0x4b50,0x3a8d,0x0000,0x0000,0x0000,0x5370,0x6413,0x6454,0x6433,0x5bd2,0x4b2f,0x322b,0x0000,
0x0000,0x5bb1,0x6454,0x6c95,0x6c74,0x6413,0x5370,0x3a6c,0x0000,0x42ce,0x53b1,0x6433,0x6c74,0x6c74,0x6413,0x5350,
0x3a6c,0x1907,0x0000,0x4b50,0x5bd2,0x6413,0x6413,0x5bb1,0x4b0f,0x320b,0x0000,0x0000,0x3a8d,0x4b2f,0x5370,0x5350,
0x4b0f,0x324c,0x1948,0x0000,0x0000,0x0000,0x322b,0x3a6c,0x3a6c,0x320b,0x1948,0x0000,0x0000,0x0000,0x0000,0x0000,
0x0000,0x1907,0x0000,0x0000,0x0000,0x0000,0x0000,0x0000,0x0000,0x0000,0x6a04,0x0000,0x0000,0x0000,0x0000,0x0000,
0x0000,0x8a85,0x92c6,0x92a6,0x8265,0x61e4,0x0000,0x0000,0x0000,0x8a85,0xa306,0xab27,0xab27,0x9ac6,0x7a45,0x51a3,
0x0000,0x0000,0x92c6,0xab27,0xb367,0xb347,0xa306,0x8a85,0x61c4,0x0000,0x6a04,0x92a6,0xab27,0xb347,0xb347,0xa306,
0x8285,0x59c3,0x28c1,0x0000,0x8265,0x9ac6,0xa306,0xa306,0x92c6,0x7a45,0x5183,0x0000,0x0000,0x61e4,0x7a45,0x8a85,
0x8285,0x7a45,0x59a3,0x30e2,0x0000,0x0000,0x0000,0x51a3,0x61c4,0x59c3,0x5183,0x30e2,0x0000,0x0000,0x0000,0x0000,
0x0000,0x0000,0x28c1,0x0000,0x0000,0x0000,0x0000,0x0000,0x0000,0x0000,0x0000,0x59a3,0x0000,0x0000,0x0000,0x0000,
0x0000,0x0000,0x6a04,0x7224,0x7224,0x69e4,0x5183,0x0000,0x0000,0x0000,0x6a04,0x8265,0x8a85,0x8285,0x7a45,0x61e4,
0x4142,0x0000,0x0000,0x7224,0x8a85,0x92a6,0x8aa5,0x8265,0x6a04,0x4963,0x0000,0x59a3,0x7224,0x8285,0x8aa5,0x8aa5,
0x8265,0x6a04,0x4963,0x20a1,0x0000,0x69e4,0x7a45,0x8265,0x8265,0x7224,0x61c4,0x4122,0x0000,0x0000,0x5183,0x61e4,
0x6a04,0x6a04,0x61c4,0x4963,0x28c1,0x0000,0x0000,0x0000,0x4142,0x4963,0x4963,0x4122,0x28c1,0x0000,0x0000,0x0000,
0x0000,0x0000,0x0000,0x20a1,0x0000,0x0000,0x0000,0x0000,0x0000,0x0000,0x0000,0x0000,0x0000,0x5371,0x0000,0x0000,
0x0000,0x0000,0x0000,0x0000,0x0000,0x5bd3,0x6454,0x6c75,0x6c55,0x6413,0x5371,0x3a8e,0x0000,0x0000,0x0000,0x5bd3,
0x6c95,0x74f7,0x7d18,0x7d17,0x6cb6,0x6414,0x4b50,0x322c,0x0000,0x0000,0x6454,0x74f7,0x8559,0x8599,0x8579,0x7d18,
0x6c95,0x5bb2,0x3a8e,0x0000,0x0000,0x6c75,0x7d18,0x8599,0x85ba,0x859a,0x7d58,0x74b6,0x5bd3,0x42ce,0x0000,0x5371,
0x6c55,0x7d17,0x8579,0x859a,0x8599,0x7d38,0x6c96,0x5bd2,0x3aae,0x1949,0x0000,0x6413,0x6cb6,0x7d18,0x7d58,0x7d38,
0x74d7,0x6454,0x5371,0x324d,0x0000,0x0000,0x5371,0x6414,0x6c95,0x74b6,0x6c96,0x6454,0x53b2,0x42cf,0x29ca,0x0000,
0x0000,0x3a8e,0x4b50,0x5bb2,0x5bd3,0x5bd2,0x5371,0x42cf,0x320b,0x1908,0x0000,0x0000,0x0000,0x322c,0x3a8e,0x42ce,
0x3aae,0x324d,0x29ca,0x1908,0x0000,0x0000,0x0000,0x0000,0x0000,0x0000,0x0000,0x1949,0x0000,0x0000,0x0000,0x0000,
0x0000,0x0000,0x0000,0x0000,0x0000,0x0000,0x42ce,0x0000,0x0000,0x0000,0x0000,0x0000,0x0000,0x0000,0x4b0f,0x5370,
0x5391,0x5370,0x4b2f,0x42ad,0x320b,0x0000,0x0000,0x0000,0x4b0f,0x5391,0x5bf2,0x6413,0x6413,0x5bb1,0x4b50,0x3a8d,
0x29ca,0x0000,0x0000,0x5370,0x5bf2,0x6454,0x6c74,0x6454,0x6413,0x5391,0x42ee,0x320b,0x0000,0x0000,0x5391,0x6413,
0x6c74,0x6c95,0x6c74,0x6433,0x5bd2,0x4b0f,0x322b,0x0000,0x42ce,0x5370,0x6413,0x6454,0x6c74,0x6c74,0x6433,0x5bb1,
0x4b0f,0x322b,0x1907,0x0000,0x4b2f,0x5bb1,0x6413,0x6433,0x6433,0x5bf2,0x5370,0x42ad,0x29ca,0x0000,0x0000,0x42ad,
0x4b50,0x5391,0x5bd2,0x5bb1,0x5370,0x42ee,0x324c,0x2168,0x0000,0x0000,0x320b,0x3a8d,0x42ee,0x4b0f,0x4b0f,0x42ad,
0x324c,0x2189,0x10e6,0x0000,0x0000,0x0000,0x29ca,0x320b,0x322b,0x322b,0x29ca,0x2168,0x10e6,0x0000,0x0000,0x0000,
0x0000,0x0000,0x0000,0x0000,0x1907,0x0000,0x0000,0x0000,0x0000,0x0000,0x0000,0x0000,0x0000,0x0000,0x0000,0x6a04,
0x0000,0x0000,0x0000,0x0000,0x0000,0x0000,0x0000,0x7a45,0x8a85,0x8aa5,0x8a85,0x8265,0x6a04,0x5183,0x0000,0x0000,
0x0000,0x7a45,0x92a6,0x9ae6,0xa306,0xa306,0x92c6,0x8265,0x69e4,0x4142,0x0000,0x0000,0x8a85,0x9ae6,0xab27,0xb347,
0xab27,0xa306,0x92a6,0x7224,0x5183,0x0000,0x0000,0x8aa5,0xa306,0xb347,0xb367,0xb347,0xab27,0x92c6,0x7a45,0x59a3,
0x0000,0x6a04,0x8a85,0xa306,0xab27,0xb347,0xb347,0xa306,0x92c6,0x7a45,0x5183,0x28c1,0x0000,0x8265,0x92c6,0xa306,
0xab27,0xa306,0x9ae6,0x8a85,0x6a04,0x4963,0x0000,0x0000,0x6a04,0x8265,0x92a6,0x92c6,0x92c6,0x8a85,0x7224,0x59a3,
0x3902,0x0000,0x0000,0x5183,0x69e4,0x7224,0x7a45,0x7a45,0x6a04,0x59a3,0x4122,0x20a1,0x0000,0x0000,0x0000,0x4142,
0x5183,0x59a3,0x5183,0x4963,0x3902,0x20a1,0x0000,0x0000,0x0000,0x0000,0x0000,0x0000,0x0000,0x28c1,0x0000,0x0000,
0x0000,0x0000,0x0000,0x0000,0x0000,0x0000,0x0000,0x0000,0x59a3,0x0000,0x0000,0x0000,0x0000,0x0000,0x0000,0x0000,
0x61c4,0x6a04,0x7224,0x6a04,0x61e4,0x51a3,0x4122,0x0000,0x0000,0x0000,0x61c4,0x7224,0x7a45,0x8265,0x8265,0x7224,
0x69e4,0x5183,0x3902,0x0000,0x0000,0x6a04,0x7a45,0x8a85,0x8aa5,0x8a85,0x8265,0x7224,0x59c3,0x4122,0x0000,0x0000,
0x7224,0x8265,0x8aa5,0x92a6,0x8aa5,0x8285,0x7a45,0x61c4,0x4142,0x0000,0x59a3,0x6a04,0x8265,0x8a85,0x8aa5,0x8aa5,
0x8265,0x7224,0x61c4,0x4142,0x20a1,0x0000,0x61e4,0x7224,0x8265,0x8285,0x8265,0x7a45,0x6a04,0x51a3,0x3902,0x0000,
0x0000,0x51a3,0x69e4,0x7224,0x7a45,0x7224,0x6a04,0x59c3,0x4943,0x28c1,0x0000,0x0000,0x4122,0x5183,0x59c3,0x61c4,
0x61c4,0x51a3,0x4943,0x30e2,0x1881,0x0000,0x0000,0x0000,0x3902,0x4122,0x4142,0x4142,0x3902,0x28c1,0x1881,0x0000,
0x0000,0x0000,0x0000,0x0000,0x0000,0x0000,0x20a1,0x0000,0x0000,0x0000,0x0000,0x0000,0x0000,0x0000,0x0000,0x0000,
0x0000,0x0000,0x5371,0x0000,0x0000,0x0000,0x0000,0x0000,0x0000,0x0000,0x0000,0x0000,0x5bf3,0x6434,0x6455,0x6434,
0x5bf3,0x5391,0x42ef,0x0000,0x0000,0x0000,0x0000,0x0000,0x6434,0x6c96,0x74d7,0x74f7,0x74d7,0x6c96,0x6434,0x5391,
0x42ce,0x0000,0x0000,0x0000,0x5bf3,0x6c96,0x7d17,0x7d58,0x8559,0x7d58,0x7d17,0x6c95,0x5bf3,0x4b30,0x322c,0x0000,
0x0000,0x6434,0x74d7,0x7d58,0x8599,0x85ba,0x8599,0x7d58,0x74d7,0x6434,0x5371,0x3a6d,0x0000,0x0000,0x6455,0x74f7,
0x8559,0x85ba,0x8dba,0x859a,0x8559,0x74f7,0x6455,0x5391,0x3a8e,0x0000,0x5371,0x6434,0x74d7,0x7d58,0x8599,0x859a,
0x8599,0x7d58,0x74d7,0x6434,0x5371,0x3a6d,0x1949,0x0000,0x5bf3,0x6c96,0x7d17,0x7d58,0x8559,0x7d58,0x7d17,0x6c96,
0x5bf3,0x4b30,0x322c,0x0000,0x0000,0x5391,0x6434,0x6c95,0x74d7,0x74f7,0x74d7,0x6c96,0x6434,0x5391,0x42ae,0x29ca,
0x0000,0x0000,0x42ef,0x5391,0x5bf3,0x6434,0x6455,0x6434,0x5bf3,0x5391,0x42ef,0x322c,0x1928,0x0000,0x0000,0x0000,
0x42ce,0x4b30,0x5371,0x5391,0x5371,0x4b30,0x42ae,0x322c,0x2149,0x0000,0x0000,0x0000,0x0000,0x0000,0x322c,0x3a6d,
0x3a8e,0x3a6d,0x322c,0x29ca,0x1928,0x0000,0x0000,0x0000,0x0000,0x0000,0x0000,0x0000,0x0000,0x0000,0x1949,0x0000,
0x0000,0x0000,0x0000,0x0000,0x0000,0x0000,0x0000,0x0000,0x0000,0x0000,0x0000,0x42ce,0x0000,0x0000,0x0000,0x0000,
0x0000,0x0000,0x0000,0x0000,0x0000,0x4b2f,0x5370,0x5370,0x5370,0x4b2f,0x42ce,0x324c,0x0000,0x0000,0x0000,0x0000,
0x0000,0x4b50,0x53b1,0x5bf2,0x5bf2,0x5bd2,0x53b1,0x4b50,0x42ce,0x322b,0x0000,0x0000,0x0000,0x4b2f,0x53b1,0x6413,
0x6433,0x6454,0x6433,0x6413,0x53b1,0x4b2f,0x3a8d,0x29ca,0x0000,0x0000,0x5370,0x5bf2,0x6433,0x6c74,0x6c95,0x6c74,
0x6433,0x5bd2,0x5370,0x42ce,0x29ea,0x0000,0x0000,0x5370,0x5bf2,0x6454,0x6c95,0x6c95,0x6c74,0x6454,0x5bf2,0x5370,
0x42ce,0x320b,0x0000,0x42ce,0x5370,0x5bd2,0x6433,0x6c74,0x6c74,0x6c74,0x6433,0x5bd2,0x5350,0x42ce,0x29ea,0x1907,
0x0000,0x4b2f,0x53b1,0x6413,0x6433,0x6454,0x6433,0x6413,0x53b1,0x4b2f,0x3a8d,0x29ca,0x0000,0x0000,0x42ce,0x4b50,
0x53b1,0x5bd2,0x5bf2,0x5bd2,0x53b1,0x4b50,0x42ce,0x322b,0x2168,0x0000,0x0000,0x324c,0x42ce,0x4b2f,0x5370,0x5370,
0x5350,0x4b2f,0x42ce,0x324c,0x29a9,0x10e6,0x0000,0x0000,0x0000,0x322b,0x3a8d,0x42ce,0x42ce,0x42ce,0x3a8d,0x322b,
0x29a9,0x1907,0x0000,0x0000,0x0000,0x0000,0x0000,0x29ca,0x29ea,0x320b,0x29ea,0x29ca,0x2168,0x10e6,0x0000,0x0000,
0x0000,0x0000,0x0000,0x0000,0x0000,0x0000,0x0000,0x1907,0x0000,0x0000,0x0000,0x0000,0x0000,0x0000,0x0000,0x0000,
0x0000,0x0000,0x0000,0x0000,0x6a04,0x0000,0x0000,0x0000,0x0000,0x0000,0x0000,0x0000,0x0000,0x0000,0x7a65,0x8285,
0x8a85,0x8285,0x7a45,0x7204,0x59a3,0x0000,0x0000,0x0000,0x0000,0x0000,0x8265,0x92a6,0x9ae6,0x9ae6,0x9ae6,0x92a6,
0x8265,0x7204,0x59a3,0x0000,0x0000,0x0000,0x7a65,0x92a6,0xa306,0xab27,0xab27,0xab27,0xa306,0x92a6,0x7a45,0x61e4,
0x4142,0x0000,0x0000,0x8285,0x9ae6,0xab27,0xb347,0xb367,0xb347,0xab27,0x9ae6,0x8285,0x6a04,0x4963,0x0000,0x0000,
0x8a85,0x9ae6,0xab27,0xb367,0xb367,0xb347,0xab27,0x9ae6,0x8a85,0x7204,0x5183,0x0000,0x6a04,0x8285,0x9ae6,0xab27,
0xb347,0xb347,0xb347,0xab27,0x9ae6,0x8285,0x6a04,0x4963,0x28c1,0x0000,0x7a45,0x92a6,0xa306,0xab27,0xab27,0xab27,
0xa306,0x92a6,0x7a65,0x61e4,0x4142,0x0000,0x0000,0x7204,0x8265,0x92a6,0x9ae6,0x9ae6,0x9ae6,0x92a6,0x8265,0x7204,
0x51a3,0x3902,0x0000,0x0000,0x59a3,0x7204,0x7a45,0x8285,0x8a85,0x8285,0x7a65,0x7204,0x59a3,0x4142,0x20a1,0x0000,
0x0000,0x0000,0x59a3,0x61e4,0x6a04,0x7204,0x6a04,0x61e4,0x51a3,0x4142,0x28c1,0x0000,0x0000,0x0000,0x0000,0x0000,
0x4142,0x4963,0x5183,0x4963,0x4142,0x3902,0x20a1,0x0000,0x0000,0x0000,0x0000,0x0000,0x0000,0x0000,0x0000,0x0000,
0x28c1,0x0000,0x0000,0x0000,0x0000,0x0000,0x0000,0x0000,0x0000,0x0000,0x0000,0x0000,0x0000,0x59a3,0x0000,0x0000,
0x0000,0x0000,0x0000,0x0000,0x0000,0x0000,0x0000,0x61e4,0x6a04,0x6a04,0x6a04,0x61e4,0x59a3,0x4963,0x0000,0x0000,
0x0000,0x0000,0x0000,0x69e4,0x7224,0x7a45,0x7a45,0x7a45,0x7224,0x69e4,0x59a3,0x4142,0x0000,0x0000,0x0000,0x61e4,
0x7224,0x8265,0x8285,0x8a85,0x8285,0x8265,0x7224,0x61e4,0x5183,0x3902,0x0000,0x0000,0x6a04,0x7a45,0x8285,0x8aa5,
0x92a6,0x8aa5,0x8285,0x7a45,0x6a04,0x59a3,0x3922,0x0000,0x0000,0x6a04,0x7a45,0x8a85,0x92a6,0x92a6,0x8aa5,0x8a85,
0x7a45,0x6a04,0x59a3,0x4122,0x0000,0x59a3,0x6a04,0x7a45,0x8285,0x8aa5,0x8aa5,0x8aa5,0x8285,0x7a45,0x6a04,0x59a3,
0x3922,0x20a1,0x0000,0x61e4,0x7224,0x8265,0x8285,0x8a85,0x8285,0x8265,0x7224,0x61e4,0x5183,0x3902,0x0000,0x0000,
0x59a3,0x69e4,0x7224,0x7a45,0x7a45,0x7a45,0x7224,0x69e4,0x59a3,0x4142,0x28c1,0x0000,0x0000,0x4963,0x59a3,0x61e4,
0x6a04,0x6a04,0x6a04,0x61e4,0x59a3,0x4963,0x3102,0x1881,0x0000,0x0000,0x0000,0x4142,0x5183,0x59a3,0x59a3,0x59a3,
0x5183,0x4142,0x3102,0x20a1,0x0000,0x0000,0x0000,0x0000,0x0000,0x3902,0x3922,0x4122,0x3922,0x3902,0x28c1,0x1881,
0x0000,0x0000,0x0000,0x0000,0x0000,0x0000,0x0000,0x0000,0x0000,0x20a1,0x0000,0x0000,0x0000,0x0000,0x0000,0x0000,
0x0000,0x0000,0x0000,0x0000,0x0000,0x0000,0x0000,0x5371,0x0000,0x0000,0x0000,0x0000,0x0000,0x0000,0x0000,0x0000,
0x0000,0x0000,0x0000,0x6413,0x6434,0x6434,0x6434,0x5bf3,0x5392,0x4b10,0x0000,0x0000,0x0000,0x0000,0x0000,0x0000,
0x0000,0x6454,0x6c95,0x74b6,0x74d6,0x6cb6,0x6c75,0x6414,0x53b2,0x4b0f,0x0000,0x0000,0x0000,0x0000,0x0000,0x6454,
0x6cb6,0x74f7,0x7d38,0x7d38,0x7d18,0x74f7,0x6c95,0x6413,0x5371,0x42ce,0x0000,0x0000,0x0000,0x6413,0x6c95,0x74f7,
0x7d58,0x8579,0x8579,0x8579,0x7d38,0x74d7,0x6c75,0x5bd2,0x4b10,0x322c,0x0000,0x0000,0x6434,0x74b6,0x7d38,0x8579,
0x859a,0x85ba,0x8599,0x7d59,0x7d17,0x6c96,0x5bf3,0x4b30,0x3a6d,0x0000,0x0000,0x6434,0x74d6,0x7d38,0x8579,0x85ba,
0x85ba,0x859a,0x8579,0x7d18,0x6c96,0x6413,0x4b50,0x3a6d,0x0000,0x5371,0x6434,0x6cb6,0x7d18,0x8579,0x8599,0x859a,
0x8599,0x7d59,0x74f7,0x6c95,0x5bf3,0x4b30,0x324d,0x1949,0x0000,0x5bf3,0x6c75,0x74f7,0x7d38,0x7d59,0x8579,0x7d59,
0x7d18,0x74d6,0x6454,0x5bb2,0x42ef,0x320c,0x0000,0x0000,0x5392,0x6414,0x6c95,0x74d7,0x7d17,0x7d18,0x74f7,0x74d6,
0x6c75,0x5bf3,0x5351,0x3a8e,0x29ca,0x0000,0x0000,0x4b10,0x53b2,0x6413,0x6c75,0x6c96,0x6c96,0x6c95,0x6454,0x5bf3,
0x5371,0x42cf,0x322c,0x1949,0x0000,0x0000,0x0000,0x4b0f,0x5371,0x5bd2,0x5bf3,0x6413,0x5bf3,0x5bb2,0x5351,0x42cf,
0x324c,0x218a,0x0000,0x0000,0x0000,0x0000,0x0000,0x42ce,0x4b10,0x4b30,0x4b50,0x4b30,0x42ef,0x3a8e,0x322c,0x218a,
0x0000,0x0000,0x0000,0x0000,0x0000,0x0000,0x0000,0x322c,0x3a6d,0x3a6d,0x324d,0x320c,0x29ca,0x1949,0x0000,0x0000,
0x0000,0x0000,0x0000,0x0000,0x0000,0x0000,0x0000,0x0000,0x0000,0x1949,0x0000,0x0000,0x0000,0x0000,0x0000,0x0000,
0x0000,0x0000,0x0000,0x0000,0x0000,0x0000,0x0000,0x0000,0x42ce,0x0000,0x0000,0x0000,0x0000,0x0000,0x0000,0x0000,
0x0000,0x0000,0x0000,0x0000,0x4b2f,0x4b50,0x5370,0x4b50,0x4b2f,0x42ce,0x3a6c,0x0000,0x0000,0x0000,0x0000,0x0000,
0x0000,0x0000,0x5370,0x53b1,0x5bd2,0x5bd2,0x5bb1,0x5391,0x4b50,0x42ee,0x3a6c,0x0000,0x0000,0x0000,0x0000,0x0000,
0x5370,0x5bb1,0x5bf2,0x6433,0x6433,0x6413,0x5bf2,0x53b1,0x4b2f,0x42ce,0x322b,0x0000,0x0000,0x0000,0x4b2f,0x53b1,
0x5bf2,0x6433,0x6c54,0x6c74,0x6454,0x6433,0x5bd2,0x5391,0x4b0f,0x3a6c,0x29ca,0x0000,0x0000,0x4b50,0x5bd2,0x6433,
0x6c54,0x6c74,0x6c95,0x6c74,0x6454,0x6413,0x53b1,0x4b2f,0x3a8d,0x29ea,0x0000,0x0000,0x5370,0x5bd2,0x6433,0x6c74,
0x6c95,0x6c95,0x6c74,0x6454,0x6413,0x5bb1,0x4b2f,0x3a8d,0x29ea,0x0000,0x42ce,0x4b50,0x5bb1,0x6413,0x6454,0x6c74,
0x6c74,0x6c74,0x6454,0x5bf2,0x5391,0x4b2f,0x3a8d,0x29ca,0x1907,0x0000,0x4b2f,0x5391,0x5bf2,0x6433,0x6454,0x6454,
0x6454,0x6413,0x5bd2,0x5370,0x42ee,0x3a4c,0x29a9,0x0000,0x0000,0x42ce,0x4b50,0x53b1,0x5bd2,0x6413,0x6413,0x5bf2,
0x5bd2,0x5391,0x4b2f,0x42ad,0x320b,0x2168,0x0000,0x0000,0x3a6c,0x42ee,0x4b2f,0x5391,0x53b1,0x5bb1,0x5391,0x5370,
0x4b2f,0x42ce,0x324c,0x29a9,0x1907,0x0000,0x0000,0x0000,0x3a6c,0x42ce,0x4b0f,0x4b2f,0x4b2f,0x4b2f,0x42ee,0x42ad,
0x324c,0x29ca,0x1948,0x0000,0x0000,0x0000,0x0000,0x0000,0x322b,0x3a6c,0x3a8d,0x3a8d,0x3a8d,0x3a4c,0x320b,0x29a9,
0x1948,0x0000,0x0000,0x0000,0x0000,0x0000,0x0000,0x0000,0x29ca,0x29ea,0x29ea,0x29ca,0x29a9,0x2168,0x1907,0x0000,
0x0000,0x0000,0x0000,0x0000,0x0000,0x0000,0x0000,0x0000,0x0000,0x0000,0x1907,0x0000,0x0000,0x0000,0x0000,0x0000,
0x0000,0x0000,0x0000,0x0000,0x0000,0x0000,0x0000,0x0000,0x0000,0x6a04,0x0000,0x0000,0x0000,0x0000,0x0000,0x0000,
0x0000,0x0000,0x0000,0x0000,0x0000,0x8265,0x8265,0x8285,0x8265,0x7a45,0x7224,0x61c4,0x0000,0x0000,0x0000,0x0000,
0x0000,0x0000,0x0000,0x8a85,0x92a6,0x92c6,0x9ac6,0x92c6,0x8aa5,0x8265,0x7224,0x61c4,0x0000,0x0000,0x0000,0x0000,
0x0000,0x8a85,0x92c6,0x9ae6,0xa306,0xa306,0xa306,0x9ae6,0x92a6,0x8265,0x6a04,0x59a3,0x0000,0x0000,0x0000,0x8265,
0x92a6,0x9ae6,0xab27,0xab47,0xab47,0xab27,0xa306,0x9ae6,0x8aa5,0x7a45,0x61c4,0x4142,0x0000,0x0000,0x8265,0x92c6,
0xa306,0xab47,0xb347,0xb367,0xb347,0xab27,0xa306,0x92a6,0x7a65,0x61e4,0x4963,0x0000,0x0000,0x8285,0x9ac6,0xa306,
0xab47,0xb367,0xb367,0xb347,0xab27,0xa306,0x92c6,0x8265,0x69e4,0x4963,0x0000,0x6a04,0x8265,0x92c6,0xa306,0xab27,
0xb347,0xb347,0xb347,0xab27,0x9ae6,0x92a6,0x7a45,0x61e4,0x4963,0x28c1,0x0000,0x7a45,0x8aa5,0x9ae6,0xa306,0xab27,
0xab27,0xab27,0xa306,0x9ac6,0x8a85,0x7224,0x59c3,0x4142,0x0000,0x0000,0x7224,0x8265,0x92a6,0x9ae6,0xa306,0xa306,
0x9ae6,0x9ac6,0x8aa5,0x7a45,0x6a04,0x5183,0x3902,0x0000,0x0000,0x61c4,0x7224,0x8265,0x8aa5,0x92a6,0x92c6,0x92a6,
0x8a85,0x7a45,0x6a04,0x59a3,0x4142,0x28c1,0x0000,0x0000,0x0000,0x61c4,0x6a04,0x7a45,0x7a65,0x8265,0x7a45,0x7224,
0x6a04,0x59a3,0x4943,0x30e2,0x0000,0x0000,0x0000,0x0000,0x0000,0x59a3,0x61c4,0x61e4,0x69e4,0x61e4,0x59c3,0x5183,
0x4142,0x30e2,0x0000,0x0000,0x0000,0x0000,0x0000,0x0000,0x0000,0x4142,0x4963,0x4963,0x4963,0x4142,0x3902,0x28c1,
0x0000,0x0000,0x0000,0x0000,0x0000,0x0000,0x0000,0x0000,0x0000,0x0000,0x0000,0x28c1,0x0000,0x0000,0x0000,0x0000,
0x0000,0x0000,0x0000,0x0000,0x0000,0x0000,0x0000,0x0000,0x0000,0x0000,0x59a3,0x0000,0x0000,0x0000,0x0000,0x0000,
0x0000,0x0000,0x0000,0x0000,0x0000,0x0000,0x61e4,0x69e4,0x6a04,0x69e4,0x61e4,0x59a3,0x4963,0x0000,0x0000,0x0000,
0x0000,0x0000,0x0000,0x0000,0x6a04,0x7224,0x7a45,0x7a45,0x7224,0x7224,0x69e4,0x59a3,0x4963,0x0000,0x0000,0x0000,
0x0000,0x0000,0x6a04,0x7224,0x7a65,0x8265,0x8265,0x8265,0x7a45,0x7224,0x61e4,0x59a3,0x4142,0x0000,0x0000,0x0000,
0x61e4,0x7224,0x7a65,0x8285,0x8a85,0x8aa5,0x8a85,0x8265,0x7a45,0x7204,0x61c4,0x4963,0x3902,0x0000,0x0000,0x69e4,
0x7a45,0x8265,0x8a85,0x8aa5,0x92a6,0x8aa5,0x8a85,0x8265,0x7224,0x61e4,0x5183,0x3922,0x0000,0x0000,0x6a04,0x7a45,
0x8265,0x8aa5,0x92a6,0x92a6,0x8aa5,0x8a85,0x8265,0x7224,0x61e4,0x5183,0x3922,0x0000,0x59a3,0x69e4,0x7224,0x8265,
0x8a85,0x8aa5,0x8aa5,0x8aa5,0x8a85,0x7a65,0x7224,0x61e4,0x5183,0x3902,0x20a1,0x0000,0x61e4,0x7224,0x7a45,0x8265,
0x8a85,0x8a85,0x8a85,0x8265,0x7a45,0x6a04,0x59c3,0x4963,0x3102,0x0000,0x0000,0x59a3,0x69e4,0x7224,0x7a45,0x8265,
0x8265,0x7a65,0x7a45,0x7204,0x61e4,0x5183,0x4122,0x28c1,0x0000,0x0000,0x4963,0x59a3,0x61e4,0x7204,0x7224,0x7224,
0x7224,0x6a04,0x61e4,0x59a3,0x4943,0x3102,0x20a1,0x0000,0x0000,0x0000,0x4963,0x59a3,0x61c4,0x61e4,0x61e4,0x61e4,
0x59c3,0x5183,0x4943,0x3902,0x28c1,0x0000,0x0000,0x0000,0x0000,0x0000,0x4142,0x4963,0x5183,0x5183,0x5183,0x4963,
0x4122,0x3102,0x28c1,0x0000,0x0000,0x0000,0x0000,0x0000,0x0000,0x0000,0x3902,0x3922,0x3922,0x3902,0x3102,0x28c1,
0x20a1,0x0000,0x0000,0x0000,0x0000,0x0000,0x0000,0x0000,0x0000,0x0000,0x0000,0x0000,0x20a1,0x0000,0x0000,0x0000,
0x0000,0x0000,0x0000,0x0000,0x0000,0x0000,0x0000,0x0000,0x0000,0x0000,0x0000,0x0000,0x5371,0x0000,0x0000,0x0000,
0x0000,0x0000,0x0000,0x0000,0x0000,0x0000,0x0000,0x0000,0x0000,0x0000,0x6413,0x6434,0x6434,0x6413,0x5bd3,0x5392,
0x4b30,0x0000,0x0000,0x0000,0x0000,0x0000,0x0000,0x0000,0x0000,0x5bf3,0x6454,0x6c95,0x6cb6,0x6cb6,0x6c95,0x6c75,
0x6414,0x5bb2,0x4b30,0x3aae,0x0000,0x0000,0x0000,0x0000,0x0000,0x5bf3,0x6c75,0x74b6,0x74f7,0x7d17,0x7d17,0x74f7,
0x74d6,0x6c75,0x6414,0x53b2,0x4b10,0x3a6d,0x0000,0x0000,0x0000,0x0000,0x6454,0x74b6,0x7d17,0x7d38,0x7d59,0x8559,
0x7d58,0x7d18,0x74d6,0x6c75,0x5bf3,0x5371,0x42ae,0x0000,0x0000,0x0000,0x6413,0x6c95,0x74f7,0x7d38,0x8579,0x8599,
0x859a,0x8579,0x7d58,0x7d17,0x6cb6,0x6434,0x5392,0x42ef,0x322c,0x0000,0x0000,0x6434,0x6cb6,0x7d17,0x7d59,0x8599,
0x85ba,0x85ba,0x859a,0x8579,0x7d38,0x74d6,0x6454,0x5bb2,0x4b0f,0x324c,0x0000,0x0000,0x6434,0x6cb6,0x7d17,0x8559,
0x859a,0x85ba,0x85ba,0x859a,0x8579,0x7d38,0x74d6,0x6455,0x5bb2,0x4b10,0x324c,0x0000,0x5371,0x6413,0x6c95,0x74f7,
0x7d58,0x8579,0x859a,0x859a,0x8599,0x8559,0x7d18,0x74b6,0x6434,0x53b2,0x42ef,0x322c,0x1949,0x0000,0x5bd3,0x6c75,
0x74d6,0x7d18,0x7d58,0x8579,0x8579,0x8559,0x7d38,0x74f7,0x6c95,0x6413,0x5371,0x42cf,0x320b,0x0000,0x0000,0x5392,
0x6414,0x6c75,0x74d6,0x7d17,0x7d38,0x7d38,0x7d18,0x74f7,0x6c96,0x6434,0x5bd2,0x4b30,0x3a8d,0x29ca,0x0000,0x0000,
0x4b30,0x5bb2,0x6414,0x6c75,0x6cb6,0x74d6,0x74d6,0x74b6,0x6c95,0x6434,0x5bd3,0x5371,0x42ce,0x322c,0x2169,0x0000,
0x0000,0x0000,0x4b30,0x53b2,0x5bf3,0x6434,0x6454,0x6455,0x6434,0x6413,0x5bd2,0x5371,0x42ef,0x324d,0x21aa,0x0000,
0x0000,0x0000,0x0000,0x3aae,0x4b10,0x5371,0x5392,0x5bb2,0x5bb2,0x53b2,0x5371,0x4b30,0x42ce,0x324d,0x29ca,0x1908,
0x0000,0x0000,0x0000,0x0000,0x0000,0x3a6d,0x42ae,0x42ef,0x4b0f,0x4b10,0x42ef,0x42cf,0x3a8d,0x322c,0x21aa,0x1908,
0x0000,0x0000,0x0000,0x0000,0x0000,0x0000,0x0000,0x0000,0x322c,0x324c,0x324c,0x322c,0x320b,0x29ca,0x2169,0x0000,
0x0000,0x0000,0x0000,0x0000,0x0000,0x0000,0x0000,0x0000,0x0000,0x0000,0x0000,0x0000,0x1949,0x0000,0x0000,0x0000,
0x0000,0x0000,0x0000,0x0000,0x0000,0x0000,0x0000,0x0000,0x0000,0x0000,0x0000,0x0000,0x0000,0x42ce,0x0000,0x0000,
0x0000,0x0000,0x0000,0x0000,0x0000,0x0000,0x0000,0x0000,0x0000,0x0000,0x0000,0x4b2f,0x4b50,0x4b50,0x4b2f,0x4b0f,
0x42ee,0x3a8d,0x0000,0x0000,0x0000,0x0000,0x0000,0x0000,0x0000,0x0000,0x4b2f,0x5370,0x5391,0x5bb1,0x5bb1,0x53b1,
0x5391,0x4b50,0x42ee,0x3a8d,0x322b,0x0000,0x0000,0x0000,0x0000,0x0000,0x4b2f,0x5391,0x5bd2,0x5bf2,0x6413,0x6413,
0x5bf2,0x5bd2,0x5391,0x4b50,0x42ee,0x3a6c,0x29ea,0x0000,0x0000,0x0000,0x0000,0x5370,0x5bd2,0x6413,0x6433,0x6454,
0x6454,0x6433,0x6413,0x5bd2,0x5391,0x4b2f,0x42ad,0x322b,0x0000,0x0000,0x0000,0x4b2f,0x5391,0x5bf2,0x6433,0x6454,
0x6c74,0x6c74,0x6c54,0x6433,0x6413,0x5bb1,0x4b50,0x42ee,0x3a4c,0x29a9,0x0000,0x0000,0x4b50,0x5bb1,0x6413,0x6454,
0x6c74,0x6c95,0x6c95,0x6c74,0x6454,0x6413,0x5bd2,0x5370,0x42ee,0x3a6c,0x29ca,0x0000,0x0000,0x4b50,0x5bb1,0x6413,
0x6454,0x6c74,0x6c95,0x6c95,0x6c74,0x6454,0x6433,0x5bd2,0x5370,0x42ee,0x3a6c,0x29ca,0x0000,0x42ce,0x4b2f,0x53b1,
0x5bf2,0x6433,0x6c54,0x6c74,0x6c74,0x6c74,0x6454,0x6413,0x5bd2,0x5350,0x42ee,0x3a6c,0x29ca,0x1907,0x0000,0x4b0f,
0x5391,0x5bd2,0x6413,0x6433,0x6454,0x6454,0x6454,0x6433,0x5bf2,0x5391,0x4b2f,0x42ce,0x324c,0x2189,0x0000,0x0000,
0x42ee,0x4b50,0x5391,0x5bd2,0x6413,0x6413,0x6433,0x6413,0x5bf2,0x5bb1,0x5370,0x4b0f,0x3a8d,0x320b,0x2168,0x0000,
0x0000,0x3a8d,0x42ee,0x4b50,0x5391,0x5bb1,0x5bd2,0x5bd2,0x5bd2,0x5391,0x5370,0x4b0f,0x42ad,0x322b,0x29a9,0x1907,
0x0000,0x0000,0x0000,0x3a8d,0x42ee,0x4b2f,0x4b50,0x5370,0x5370,0x5350,0x4b2f,0x4b0f,0x42ad,0x324c,0x29ca,0x1948,
0x0000,0x0000,0x0000,0x0000,0x322b,0x3a6c,0x42ad,0x42ee,0x42ee,0x42ee,0x42ee,0x42ce,0x3a8d,0x322b,0x29ca,0x2168,
0x10e6,0x0000,0x0000,0x0000,0x0000,0x0000,0x29ea,0x322b,0x3a4c,0x3a6c,0x3a6c,0x3a6c,0x324c,0x320b,0x29a9,0x1948,
0x10e6,0x0000,0x0000,0x0000,0x0000,0x0000,0x0000,0x0000,0x0000,0x29a9,0x29ca,0x29ca,0x29ca,0x2189,0x2168,0x1907,
0x0000,0x0000,0x0000,0x0000,0x0000,0x0000,0x0000,0x0000,0x0000,0x0000,0x0000,0x0000,0x0000,0x1907,0x0000,0x0000,
0x0000,0x0000,0x0000,0x0000,0x0000,0x0000,0x0000,0x0000,0x0000,0x0000,0x0000,0x0000,0x0000,0x0000,0x6a04,0x0000,
0x0000,0x0000,0x0000,0x0000,0x0000,0x0000,0x0000,0x0000,0x0000,0x0000,0x0000,0x0000,0x8265,0x8265,0x8265,0x8265,
0x7a45,0x7224,0x61e4,0x0000,0x0000,0x0000,0x0000,0x0000,0x0000,0x0000,0x0000,0x7a65,0x8a85,0x92a6,0x92c6,0x92c6,
0x92a6,0x8aa5,0x8265,0x7224,0x61e4,0x5183,0x0000,0x0000,0x0000,0x0000,0x0000,0x7a65,0x8aa5,0x92c6,0x9ae6,0xa306,
0xa306,0x9ae6,0x9ac6,0x8aa5,0x8265,0x7224,0x61c4,0x4963,0x0000,0x0000,0x0000,0x0000,0x8a85,0x92c6,0xa306,0xa306,
0xab27,0xab27,0xab27,0xa306,0x9ac6,0x8aa5,0x7a45,0x6a04,0x51a3,0x0000,0x0000,0x0000,0x8265,0x92a6,0x9ae6,0xa306,
0xab27,0xb347,0xb347,0xab47,0xab27,0xa306,0x92c6,0x8265,0x7224,0x59c3,0x4142,0x0000,0x0000,0x8265,0x92c6,0xa306,
0xab27,0xb347,0xb367,0xb367,0xb347,0xab27,0xa306,0x9ac6,0x8a85,0x7224,0x61c4,0x4943,0x0000,0x0000,0x8265,0x92c6,
0xa306,0xab27,0xb347,0xb367,0xb367,0xb347,0xab27,0xa306,0x9ac6,0x8a85,0x7224,0x61c4,0x4943,0x0000,0x6a04,0x8265,
0x92a6,0x9ae6,0xab27,0xab47,0xb347,0xb347,0xb347,0xab27,0xa306,0x92c6,0x8285,0x7224,0x59c3,0x4142,0x28c1,0x0000,
0x7a45,0x8aa5,0x9ac6,0xa306,0xab27,0xab27,0xab27,0xab27,0xa306,0x9ae6,0x92a6,0x8265,0x6a04,0x59a3,0x4122,0x0000,
0x0000,0x7224,0x8265,0x8aa5,0x9ac6,0xa306,0xa306,0xa306,0xa306,0x9ae6,0x92c6,0x8285,0x7a45,0x61e4,0x5183,0x3902,
0x0000,0x0000,0x61e4,0x7224,0x8265,0x8aa5,0x92c6,0x9ac6,0x9ac6,0x92c6,0x92a6,0x8285,0x7a45,0x6a04,0x59a3,0x4142,
0x28c1,0x0000,0x0000,0x0000,0x61e4,0x7224,0x7a45,0x8265,0x8a85,0x8a85,0x8285,0x8265,0x7a45,0x6a04,0x59a3,0x4963,
0x30e2,0x0000,0x0000,0x0000,0x0000,0x5183,0x61c4,0x6a04,0x7224,0x7224,0x7224,0x7224,0x6a04,0x61e4,0x59a3,0x4963,
0x3902,0x20a1,0x0000,0x0000,0x0000,0x0000,0x0000,0x4963,0x51a3,0x59c3,0x61c4,0x61c4,0x59c3,0x59a3,0x5183,0x4142,
0x30e2,0x20a1,0x0000,0x0000,0x0000,0x0000,0x0000,0x0000,0x0000,0x0000,0x4142,0x4943,0x4943,0x4142,0x4122,0x3902,
0x28c1,0x0000,0x0000,0x0000,0x0000,0x0000,0x0000,0x0000,0x0000,0x0000,0x0000,0x0000,0x0000,0x0000,0x28c1,0x0000,
0x0000,0x0000,0x0000,0x0000,0x0000,0x0000,0x0000,0x0000,0x0000,0x0000,0x0000,0x0000,0x0000,0x0000,0x0000,0x59a3,
0x0000,0x0000,0x0000,0x0000,0x0000,0x0000,0x0000,0x0000,0x0000,0x0000,0x0000,0x0000,0x0000,0x61e4,0x69e4,0x69e4,
0x61e4,0x61c4,0x59a3,0x5183,0x0000,0x0000,0x0000,0x0000,0x0000,0x0000,0x0000,0x0000,0x61e4,0x6a04,0x7224,0x7224,
0x7224,0x7224,0x7204,0x69e4,0x59c3,0x5183,0x4142,0x0000,0x0000,0x0000,0x0000,0x0000,0x61e4,0x7204,0x7a45,0x7a45,
0x8265,0x8265,0x7a45,0x7a45,0x7224,0x69e4,0x59a3,0x4963,0x3922,0x0000,0x0000,0x0000,0x0000,0x6a04,0x7a45,0x8265,
0x8265,0x8a85,0x8a85,0x8285,0x8265,0x7a45,0x7204,0x61e4,0x5183,0x4142,0x0000,0x0000,0x0000,0x61e4,0x7224,0x7a45,
0x8265,0x8a85,0x8aa5,0x8aa5,0x8a85,0x8285,0x8265,0x7224,0x69e4,0x59a3,0x4963,0x3102,0x0000,0x0000,0x69e4,0x7224,
0x8265,0x8a85,0x8aa5,0x92a6,0x92a6,0x8aa5,0x8a85,0x8265,0x7a45,0x6a04,0x59c3,0x4963,0x3902,0x0000,0x0000,0x69e4,
0x7224,0x8265,0x8a85,0x8aa5,0x92a6,0x92a6,0x8aa5,0x8a85,0x8265,0x7a45,0x6a04,0x59c3,0x4963,0x3902,0x0000,0x59a3,
0x61e4,0x7224,0x7a45,0x8285,0x8a85,0x8aa5,0x8aa5,0x8aa5,0x8a85,0x8265,0x7a45,0x6a04,0x59a3,0x4963,0x3902,0x20a1,
0x0000,0x61c4,0x7204,0x7a45,0x8265,0x8285,0x8a85,0x8a85,0x8a85,0x8265,0x7a45,0x7224,0x61e4,0x59a3,0x4943,0x30e2,
0x0000,0x0000,0x59a3,0x69e4,0x7224,0x7a45,0x8265,0x8265,0x8265,0x8265,0x7a45,0x7224,0x6a04,0x61c4,0x5183,0x4122,
0x28c1,0x0000,0x0000,0x5183,0x59c3,0x69e4,0x7204,0x7224,0x7a45,0x7a45,0x7a45,0x7224,0x6a04,0x61c4,0x5183,0x4142,
0x3102,0x20a1,0x0000,0x0000,0x0000,0x5183,0x59a3,0x61e4,0x69e4,0x6a04,0x6a04,0x6a04,0x61e4,0x61c4,0x5183,0x4963,
0x3902,0x28c1,0x0000,0x0000,0x0000,0x0000,0x4142,0x4963,0x5183,0x59a3,0x59c3,0x59c3,0x59a3,0x59a3,0x5183,0x4142,
0x3902,0x28c1,0x1881,0x0000,0x0000,0x0000,0x0000,0x0000,0x3922,0x4142,0x4963,0x4963,0x4963,0x4963,0x4943,0x4122,
0x3102,0x28c1,0x1881,0x0000,0x0000,0x0000,0x0000,0x0000,0x0000,0x0000,0x0000,0x3102,0x3902,0x3902,0x3902,0x30e2,
0x28c1,0x20a1,0x0000,0x0000,0x0000,0x0000,0x0000,0x0000,0x0000,0x0000,0x0000,0x0000,0x0000,0x0000,0x0000,0x20a1,
0x0000,0x0000,0x0000,0x0000,0x0000,0x0000,0x0000,0x0000,0x0000,0x0000,0x0000,0x0000,0x0000,0x0000,0x0000,0x0000,
0x0000,0x5371,0x0000,0x0000,0x0000,0x0000,0x0000,0x0000,0x0000,0x0000,0x0000,0x0000,0x0000,0x0000,0x0000,0x0000,
0x5bd3,0x5bf3,0x6414,0x6414,0x5bf3,0x5bd3,0x5392,0x4b50,0x42ef,0x0000,0x0000,0x0000,0x0000,0x0000,0x0000,0x0000,
0x0000,0x0000,0x6414,0x6454,0x6c75,0x6c95,0x6c95,0x6c75,0x6454,0x6413,0x5bd2,0x5351,0x42ef,0x0000,0x0000,0x0000,
0x0000,0x0000,0x0000,0x0000,0x6434,0x6c75,0x6cb6,0x74d7,0x74f7,0x74f7,0x74d7,0x6cb6,0x6c75,0x6434,0x5bb2,0x4b50,
0x42ce,0x0000,0x0000,0x0000,0x0000,0x0000,0x6414,0x6c75,0x74d6,0x7d17,0x7d38,0x7d38,0x7d38,0x7d38,0x74f7,0x74d6,
0x6c75,0x6413,0x5392,0x4b10,0x3a6d,0x0000,0x0000,0x0000,0x5bd3,0x6454,0x6cb6,0x7d17,0x7d38,0x8579,0x8579,0x8579,
0x8579,0x7d38,0x74f7,0x6cb6,0x6454,0x5bd3,0x4b50,0x3aae,0x29eb,0x0000,0x0000,0x5bf3,0x6c75,0x74d7,0x7d38,0x8579,
0x8599,0x859a,0x859a,0x8599,0x8559,0x7d18,0x74d7,0x6c75,0x6413,0x5371,0x42cf,0x322c,0x0000,0x0000,0x6414,0x6c95,
0x74f7,0x7d38,0x8579,0x859a,0x8dba,0x85ba,0x859a,0x8579,0x7d38,0x74f7,0x6c95,0x6414,0x5391,0x42ef,0x322c,0x0000,
0x0000,0x6414,0x6c95,0x74f7,0x7d38,0x8579,0x859a,0x85ba,0x85ba,0x859a,0x8579,0x7d38,0x74f7,0x6c95,0x6413,0x5391,
0x42ef,0x322c,0x0000,0x5371,0x5bf3,0x6c75,0x74d7,0x7d38,0x8579,0x8599,0x859a,0x859a,0x8599,0x8579,0x7d38,0x74d7,
0x6c75,0x6413,0x5371,0x42cf,0x320c,0x1949,0x0000,0x5bd3,0x6454,0x6cb6,0x74f7,0x7d38,0x8559,0x8579,0x8579,0x8579,
0x7d38,0x74f7,0x6cb6,0x6455,0x5bd3,0x4b50,0x3aae,0x29eb,0x0000,0x0000,0x5392,0x6413,0x6c75,0x74d6,0x74f7,0x7d18,
0x7d38,0x7d38,0x7d38,0x74f7,0x74d6,0x6c75,0x6414,0x5392,0x4b0f,0x3a6d,0x29ca,0x0000,0x0000,0x4b50,0x5bd2,0x6434,
0x6c75,0x6cb6,0x74d7,0x74f7,0x74f7,0x74d7,0x6cb6,0x6c75,0x6434,0x5bd2,0x4b50,0x42ae,0x322c,0x2169,0x0000,0x0000,
0x42ef,0x5351,0x5bb2,0x6413,0x6454,0x6c75,0x6c95,0x6c95,0x6c75,0x6455,0x6414,0x5bd2,0x5351,0x42ef,0x3a4d,0x29aa,
0x1908,0x0000,0x0000,0x0000,0x42ef,0x4b50,0x5392,0x5bd3,0x6413,0x6414,0x6413,0x6413,0x5bd3,0x5392,0x4b50,0x42ef,
0x3a6d,0x29eb,0x1948,0x0000,0x0000,0x0000,0x0000,0x0000,0x42ce,0x4b10,0x4b50,0x5371,0x5391,0x5391,0x5371,0x4b50,
0x4b0f,0x42ae,0x3a4d,0x29eb,0x2149,0x0000,0x0000,0x0000,0x0000,0x0000,0x0000,0x0000,0x3a6d,0x3aae,0x42cf,0x42ef,
0x42ef,0x42cf,0x3aae,0x3a6d,0x322c,0x29aa,0x1948,0x0000,0x0000,0x0000,0x0000,0x0000,0x0000,0x0000,0x0000,0x0000,
0x29eb,0x322c,0x322c,0x322c,0x320c,0x29eb,0x29ca,0x2169,0x1908,0x0000,0x0000,0x0000,0x0000,0x0000,0x0000,0x0000,
0x0000,0x0000,0x0000,0x0000,0x0000,0x0000,0x0000,0x1949,0x0000,0x0000,0x0000,0x0000,0x0000,0x0000,0x0000,0x0000,
0x0000,0x0000,0x0000,0x0000,0x0000,0x0000,0x0000,0x0000,0x0000,0x0000,0x42ce,0x0000,0x0000,0x0000,0x0000,0x0000,
0x0000,0x0000,0x0000,0x0000,0x0000,0x0000,0x0000,0x0000,0x0000,0x4b0f,0x4b2f,0x4b50,0x4b50,0x4b2f,0x4b0f,0x42ee,
0x3a8d,0x324c,0x0000,0x0000,0x0000,0x0000,0x0000,0x0000,0x0000,0x0000,0x0000,0x4b50,0x5370,0x5391,0x53b1,0x53b1,
0x5391,0x5370,0x4b2f,0x4b0f,0x42ad,0x324c,0x0000,0x0000,0x0000,0x0000,0x0000,0x0000,0x0000,0x4b50,0x5391,0x5bb1,
0x5bf2,0x5bf2,0x5bf2,0x5bd2,0x5bb1,0x5391,0x4b50,0x42ee,0x3a8d,0x322b,0x0000,0x0000,0x0000,0x0000,0x0000,0x4b50,
0x5391,0x5bd2,0x6413,0x6433,0x6433,0x6433,0x6413,0x5bf2,0x5bd2,0x5391,0x4b2f,0x42ee,0x3a6c,0x29ea,0x0000,0x0000,
0x0000,0x4b0f,0x5370,0x5bb1,0x6413,0x6433,0x6454,0x6c54,0x6c54,0x6454,0x6433,0x5bf2,0x5bb1,0x5370,0x4b0f,0x3aad,
0x322b,0x2189,0x0000,0x0000,0x4b2f,0x5391,0x5bf2,0x6433,0x6454,0x6c74,0x6c74,0x6c74,0x6c74,0x6454,0x6413,0x5bd2,
0x5391,0x4b2f,0x42ce,0x324c,0x29a9,0x0000,0x0000,0x4b50,0x53b1,0x5bf2,0x6433,0x6c54,0x6c74,0x6c95,0x6c95,0x6c74,
0x6454,0x6433,0x5bf2,0x53b1,0x4b50,0x42ce,0x324c,0x29ca,0x0000,0x0000,0x4b50,0x53b1,0x5bf2,0x6433,0x6c54,0x6c74,
0x6c95,0x6c95,0x6c74,0x6c54,0x6433,0x5bf2,0x53b1,0x4b2f,0x42ce,0x324c,0x29ca,0x0000,0x42ce,0x4b2f,0x5391,0x5bd2,
0x6413,0x6454,0x6c74,0x6c74,0x6c74,0x6c74,0x6454,0x6433,0x5bd2,0x5391,0x4b2f,0x42ce,0x324c,0x29a9,0x1907,0x0000,
0x4b0f,0x5370,0x5bb1,0x5bf2,0x6433,0x6454,0x6454,0x6c54,0x6454,0x6433,0x5bf2,0x5bb1,0x5370,0x4b0f,0x3aad,0x322b,
0x2189,0x0000,0x0000,0x42ee,0x4b2f,0x5391,0x5bd2,0x5bf2,0x6413,0x6433,0x6433,0x6433,0x5bf2,0x5bd2,0x5391,0x4b50,
0x42ee,0x3a6c,0x29ea,0x2168,0x0000,0x0000,0x3a8d,0x4b0f,0x4b50,0x5391,0x5bb1,0x5bd2,0x5bf2,0x5bf2,0x5bd2,0x5bb1,
0x5391,0x4b50,0x4b0f,0x3aad,0x322b,0x29a9,0x1927,0x0000,0x0000,0x324c,0x42ad,0x42ee,0x4b2f,0x5370,0x5391,0x53b1,
0x53b1,0x5391,0x5370,0x4b50,0x4b0f,0x42ad,0x324c,0x29ea,0x2168,0x10e6,0x0000,0x0000,0x0000,0x324c,0x3a8d,0x42ee,
0x4b0f,0x4b2f,0x4b50,0x4b2f,0x4b2f,0x4b0f,0x42ee,0x3aad,0x324c,0x29ea,0x2189,0x1907,0x0000,0x0000,0x0000,0x0000,
0x0000,0x322b,0x3a6c,0x3aad,0x42ce,0x42ce,0x42ce,0x42ce,0x3aad,0x3a6c,0x322b,0x29ea,0x2189,0x1907,0x0000,0x0000,
0x0000,0x0000,0x0000,0x0000,0x0000,0x29ea,0x322b,0x324c,0x324c,0x324c,0x324c,0x322b,0x29ea,0x29a9,0x2168,0x1907,
0x0000,0x0000,0x0000,0x0000,0x0000,0x0000,0x0000,0x0000,0x0000,0x2189,0x29a9,0x29ca,0x29ca,0x29a9,0x2189,0x2168,
0x1927,0x10e6,0x0000,0x0000,0x0000,0x0000,0x0000,0x0000,0x0000,0x0000,0x0000,0x0000,0x0000,0x0000,0x0000,0x0000,
0x1907,0x0000,0x0000,0x0000,0x0000,0x0000,0x0000,0x0000,0x0000,0x0000,0x0000,0x0000,0x0000,0x0000,0x0000,0x0000,
0x0000,0x0000,0x0000,0x6a04,0x0000,0x0000,0x0000,0x0000,0x0000,0x0000,0x0000,0x0000,0x0000,0x0000,0x0000,0x0000,
0x0000,0x0000,0x7a45,0x7a65,0x8265,0x8265,0x7a65,0x7a45,0x7224,0x69e4,0x59a3,0x0000,0x0000,0x0000,0x0000,0x0000,
0x0000,0x0000,0x0000,0x0000,0x8265,0x8a85,0x8aa5,0x92a6,0x92a6,0x8aa5,0x8a85,0x8265,0x7a45,0x6a04,0x59a3,0x0000,
0x0000,0x0000,0x0000,0x0000,0x0000,0x0000,0x8265,0x8aa5,0x92c6,0x9ae6,0x9ae6,0x9ae6,0x9ae6,0x92c6,0x8aa5,0x8265,
0x7224,0x69e4,0x59a3,0x0000,0x0000,0x0000,0x0000,0x0000,0x8265,0x8aa5,0x9ac6,0xa306,0xa306,0xa326,0xa306,0xa306,
0x9ae6,0x9ac6,0x8aa5,0x8265,0x7224,0x61c4,0x4963,0x0000,0x0000,0x0000,0x7a45,0x8a85,0x92c6,0xa306,0xa326,0xab27,
0xab47,0xab47,0xab27,0xa326,0x9ae6,0x92c6,0x8a85,0x7a45,0x69e4,0x5183,0x3922,0x0000,0x0000,0x7a65,0x8aa5,0x9ae6,
0xa306,0xab27,0xb347,0xb347,0xb347,0xb347,0xab27,0xa306,0x9ae6,0x8aa5,0x8265,0x6a04,0x59a3,0x4142,0x0000,0x0000,
0x8265,0x92a6,0x9ae6,0xa326,0xab47,0xb347,0xb367,0xb367,0xb347,0xab27,0xa326,0x9ae6,0x92a6,0x8265,0x7204,0x59a3,
0x4142,0x0000,0x0000,0x8265,0x92a6,0x9ae6,0xa306,0xab47,0xb347,0xb367,0xb367,0xb347,0xab47,0xa326,0x9ae6,0x92a6,
0x8265,0x7204,0x59a3,0x4142,0x0000,0x6a04,0x7a65,0x8aa5,0x9ae6,0xa306,0xab27,0xb347,0xb347,0xb347,0xb347,0xab27,
0xa306,0x9ae6,0x8aa5,0x8265,0x6a04,0x59a3,0x4142,0x28c1,0x0000,0x7a45,0x8a85,0x92c6,0x9ae6,0xa326,0xab27,0xab27,
0xab47,0xab27,0xa326,0x9ae6,0x92c6,0x8a85,0x7a45,0x69e4,0x5183,0x3922,0x0000,0x0000,0x7224,0x8265,0x8aa5,0x9ac6,
0x9ae6,0xa306,0xa326,0xa326,0xa306,0x9ae6,0x9ac6,0x8aa5,0x8265,0x7224,0x61c4,0x4963,0x3902,0x0000,0x0000,0x69e4,
0x7a45,0x8265,0x8aa5,0x92c6,0x9ae6,0x9ae6,0x9ae6,0x9ae6,0x92c6,0x8aa5,0x8265,0x7a45,0x69e4,0x51a3,0x4142,0x28c1,
0x0000,0x0000,0x59a3,0x6a04,0x7224,0x8265,0x8a85,0x8aa5,0x92a6,0x92a6,0x8aa5,0x8a85,0x8265,0x7a45,0x6a04,0x59a3,
0x4963,0x3102,0x20a1,0x0000,0x0000,0x0000,0x59a3,0x69e4,0x7224,0x7a45,0x8265,0x8265,0x8265,0x8265,0x7a45,0x7224,
0x69e4,0x59a3,0x4963,0x3922,0x28c1,0x0000,0x0000,0x0000,0x0000,0x0000,0x59a3,0x61c4,0x69e4,0x6a04,0x7204,0x7204,
0x6a04,0x69e4,0x61c4,0x51a3,0x4963,0x3922,0x28c1,0x0000,0x0000,0x0000,0x0000,0x0000,0x0000,0x0000,0x4963,0x5183,
0x59a3,0x59a3,0x59a3,0x59a3,0x5183,0x4963,0x4142,0x3102,0x28c1,0x0000,0x0000,0x0000,0x0000,0x0000,0x0000,0x0000,
0x0000,0x0000,0x3922,0x4142,0x4142,0x4142,0x4142,0x3922,0x3902,0x28c1,0x20a1,0x0000,0x0000,0x0000,0x0000,0x0000,
0x0000,0x0000,0x0000,0x0000,0x0000,0x0000,0x0000,0x0000,0x0000,0x28c1,0x0000,0x0000,0x0000,0x0000,0x0000,0x0000,
0x0000,0x0000,0x0000,0x0000,0x0000,0x0000,0x0000,0x0000,0x0000,0x0000,0x0000,0x0000,0x59a3,0x0000,0x0000,0x0000,
0x0000,0x0000,0x0000,0x0000,0x0000,0x0000,0x0000,0x0000,0x0000,0x0000,0x0000,0x61c4,0x61e4,0x69e4,0x69e4,0x61e4,
0x61c4,0x59a3,0x5183,0x4963,0x0000,0x0000,0x0000,0x0000,0x0000,0x0000,0x0000,0x0000,0x0000,0x69e4,0x6a04,0x7224,
0x7224,0x7224,0x7224,0x6a04,0x61e4,0x61c4,0x5183,0x4963,0x0000,0x0000,0x0000,0x0000,0x0000,0x0000,0x0000,0x69e4,
0x7224,0x7224,0x7a45,0x7a45,0x7a45,0x7a45,0x7224,0x7224,0x69e4,0x59c3,0x5183,0x4142,0x0000,0x0000,0x0000,0x0000,
0x0000,0x69e4,0x7224,0x7a45,0x8265,0x8265,0x8285,0x8265,0x8265,0x7a65,0x7a45,0x7224,0x61e4,0x59a3,0x4963,0x3922,
0x0000,0x0000,0x0000,0x61c4,0x6a04,0x7224,0x8265,0x8285,0x8a85,0x8a85,0x8a85,0x8a85,0x8285,0x7a65,0x7224,0x6a04,
0x61c4,0x5183,0x4142,0x30e2,0x0000,0x0000,0x61e4,0x7224,0x7a45,0x8265,0x8a85,0x8aa5,0x8aa5,0x8aa5,0x8aa5,0x8a85,
0x8265,0x7a45,0x7224,0x61e4,0x59a3,0x4943,0x3102,0x0000,0x0000,0x69e4,0x7224,0x7a45,0x8285,0x8a85,0x8aa5,0x92a6,
0x92a6,0x8aa5,0x8a85,0x8285,0x7a45,0x7224,0x69e4,0x59a3,0x4963,0x3902,0x0000,0x0000,0x69e4,0x7224,0x7a45,0x8265,
0x8a85,0x8aa5,0x92a6,0x92a6,0x8aa5,0x8a85,0x8285,0x7a45,0x7224,0x61e4,0x59a3,0x4963,0x3902,0x0000,0x59a3,0x61e4,
0x7224,0x7a45,0x8265,0x8a85,0x8aa5,0x8aa5,0x8aa5,0x8aa5,0x8a85,0x8265,0x7a45,0x7224,0x61e4,0x59a3,0x4943,0x3102,
0x20a1,0x0000,0x61c4,0x6a04,0x7224,0x7a65,0x8285,0x8a85,0x8a85,0x8a85,0x8a85,0x8285,0x7a65,0x7224,0x6a04,0x61c4,
0x5183,0x4142,0x30e2,0x0000,0x0000,0x59a3,0x61e4,0x7224,0x7a45,0x7a65,0x8265,0x8285,0x8285,0x8265,0x7a65,0x7a45,
0x7224,0x69e4,0x59a3,0x4963,0x3922,0x28c1,0x0000,0x0000,0x5183,0x61c4,0x69e4,0x7224,0x7224,0x7a45,0x7a45,0x7a45,
0x7a45,0x7224,0x7224,0x69e4,0x61c4,0x5183,0x4142,0x3102,0x20a1,0x0000,0x0000,0x4963,0x5183,0x59c3,0x61e4,0x6a04,
0x7224,0x7224,0x7224,0x7224,0x6a04,0x69e4,0x61c4,0x5183,0x4963,0x3922,0x28c1,0x1881,0x0000,0x0000,0x0000,0x4963,
0x5183,0x59a3,0x61c4,0x61e4,0x69e4,0x61e4,0x61e4,0x61c4,0x59a3,0x5183,0x4963,0x3922,0x30e2,0x2081,0x0000,0x0000,
0x0000,0x0000,0x0000,0x4142,0x4963,0x5183,0x59a3,0x59a3,0x59a3,0x59a3,0x5183,0x4963,0x4142,0x3922,0x30e2,0x20a1,
0x0000,0x0000,0x0000,0x0000,0x0000,0x0000,0x0000,0x3922,0x4142,0x4943,0x4963,0x4963,0x4943,0x4142,0x3922,0x3102,
0x28c1,0x2081,0x0000,0x0000,0x0000,0x0000,0x0000,0x0000,0x0000,0x0000,0x0000,0x30e2,0x3102,0x3902,0x3902,0x3102,
0x30e2,0x28c1,0x20a1,0x1881,0x0000,0x0000,0x0000,0x0000,0x0000,0x0000,0x0000,0x0000,0x0000,0x0000,0x0000,0x0000,
0x0000,0x0000,0x20a1,0x0000,0x0000,0x0000,0x0000,0x0000,0x0000,0x0000,0x0000,0x0000,0x0000,0x0000,0x0000,0x0000,
0x0000,0x0000,0x0000,0x0000,0x0000,0x0000,0x5371,0x0000,0x0000,0x0000,0x0000,0x0000,0x0000,0x0000,0x0000,0x0000,
0x0000,0x0000,0x0000,0x0000,0x0000,0x0000,0x0000,0x5bd3,0x5bf3,0x6413,0x6413,0x5bf3,0x5bd2,0x5392,0x4b51,0x4b0f,
0x0000,0x0000,0x0000,0x0000,0x0000,0x0000,0x0000,0x0000,0x0000,0x0000,0x5bd3,0x6414,0x6454,0x6c75,0x6c75,0x6c75,
0x6c55,0x6434,0x6413,0x5bd2,0x5371,0x4b0f,0x3a8e,0x0000,0x0000,0x0000,0x0000,0x0000,0x0000,0x0000,0x5bf3,0x6434,
0x6c75,0x6cb6,0x74d6,0x74d6,0x74d6,0x74b6,0x6c96,0x6c75,0x6414,0x5bd2,0x5371,0x42ef,0x3a6d,0x0000,0x0000,0x0000,
0x0000,0x0000,0x5bd3,0x6434,0x6c95,0x74d6,0x74f7,0x7d17,0x7d18,0x7d18,0x7d17,0x74f7,0x6cb6,0x6c75,0x6414,0x5bb2,
0x4b50,0x42ce,0x322c,0x0000,0x0000,0x0000,0x0000,0x6414,0x6c75,0x74d6,0x7d17,0x7d38,0x7d58,0x7d59,0x7d59,0x7d58,
0x7d18,0x74f7,0x6cb6,0x6455,0x5bf3,0x5391,0x4b0f,0x3a6d,0x0000,0x0000,0x0000,0x5bd3,0x6454,0x6cb6,0x74f7,0x7d38,
0x8559,0x8579,0x8599,0x8599,0x8579,0x7d58,0x7d18,0x74d7,0x6c95,0x6434,0x5bb2,0x4b30,0x3a8e,0x29eb,0x0000,0x0000,
0x5bf3,0x6c75,0x74d6,0x7d17,0x7d58,0x8579,0x859a,0x85ba,0x859a,0x8599,0x8579,0x7d38,0x74f7,0x6cb6,0x6454,0x5bd2,
0x4b50,0x42ae,0x320c,0x0000,0x0000,0x6413,0x6c75,0x74d6,0x7d18,0x7d59,0x8599,0x85ba,0x85ba,0x85ba,0x859a,0x8579,
0x7d58,0x7d17,0x74b6,0x6454,0x5bd3,0x4b51,0x42ce,0x322c,0x0000,0x0000,0x6413,0x6c75,0x74d6,0x7d18,0x7d59,0x8599,
0x859a,0x85ba,0x85ba,0x859a,0x8579,0x7d58,0x7d17,0x6cb6,0x6454,0x5bd3,0x4b51,0x42ce,0x320c,0x0000,0x5371,0x5bf3,
0x6c55,0x74b6,0x7d17,0x7d58,0x8579,0x8599,0x859a,0x859a,0x8599,0x8579,0x7d38,0x74f7,0x6c96,0x6434,0x5bd2,0x4b50,
0x3aae,0x320b,0x1949,0x0000,0x5bd2,0x6434,0x6c96,0x74f7,0x7d18,0x7d58,0x8579,0x8579,0x8579,0x8579,0x7d58,0x7d17,
0x74d6,0x6c75,0x6414,0x53b2,0x4b10,0x3a8d,0x29eb,0x0000,0x0000,0x5392,0x6413,0x6c75,0x6cb6,0x74f7,0x7d18,0x7d38,
0x7d58,0x7d58,0x7d38,0x7d17,0x74d7,0x6c96,0x6454,0x5bf3,0x5371,0x42ef,0x324d,0x29aa,0x0000,0x0000,0x4b51,0x5bd2,
0x6414,0x6c75,0x6cb6,0x74d7,0x74f7,0x7d17,0x7d17,0x74f7,0x74d6,0x6c96,0x6455,0x6413,0x5392,0x4b30,0x3aae,0x320c,
0x2169,0x0000,0x0000,0x4b0f,0x5371,0x5bd2,0x6414,0x6455,0x6c95,0x6cb6,0x74b6,0x6cb6,0x6c96,0x6c75,0x6454,0x6413,
0x53b2,0x4b50,0x42cf,0x324d,0x29ca,0x1908,0x0000,0x0000,0x0000,0x4b0f,0x5371,0x5bb2,0x5bf3,0x6434,0x6454,0x6454,
0x6454,0x6434,0x6414,0x5bf3,0x5392,0x4b50,0x42ef,0x3a6d,0x29eb,0x2149,0x0000,0x0000,0x0000,0x0000,0x3a8e,0x42ef,
0x4b50,0x5391,0x5bb2,0x5bd2,0x5bd3,0x5bd3,0x5bd2,0x53b2,0x5371,0x4b30,0x42cf,0x3a6d,0x320b,0x2169,0x1908,0x0000,
0x0000,0x0000,0x0000,0x0000,0x3a6d,0x42ce,0x4b0f,0x4b30,0x4b50,0x4b51,0x4b51,0x4b50,0x4b10,0x42ef,0x3aae,0x324d,
0x29eb,0x2169,0x1908,0x0000,0x0000,0x0000,0x0000,0x0000,0x0000,0x0000,0x322c,0x3a6d,0x3a8e,0x42ae,0x42ce,0x42ce,
0x3aae,0x3a8d,0x324d,0x320c,0x29ca,0x2149,0x1908,0x0000,0x0000,0x0000,0x0000,0x0000,0x0000,0x0000,0x0000,0x0000,
0x0000,0x29eb,0x320c,0x322c,0x320c,0x320b,0x29eb,0x29aa,0x2169,0x1908,0x0000,0x0000,0x0000,0x0000,0x0000,0x0000,
0x0000,0x0000,0x0000,0x0000,0x0000,0x0000,0x0000,0x0000,0x0000,0x0000,0x1949,0x0000,0x0000,0x0000,0x0000,0x0000,
0x0000,0x0000,0x0000,0x0000,0x0000,0x0000,0x0000,0x0000,0x0000,0x0000,0x0000,0x0000,0x0000,0x0000,0x0000,0x42ce,
0x0000,0x0000,0x0000,0x0000,0x0000,0x0000,0x0000,0x0000,0x0000,0x0000,0x0000,0x0000,0x0000,0x0000,0x0000,0x0000,
0x4b0f,0x4b2f,0x4b2f,0x4b2f,0x4b2f,0x4b0f,0x42ce,0x3aad,0x3a6c,0x0000,0x0000,0x0000,0x0000,0x0000,0x0000,0x0000,
0x0000,0x0000,0x0000,0x4b0f,0x4b50,0x5370,0x5391,0x5391,0x5391,0x5370,0x5350,0x4b2f,0x4b0f,0x42ad,0x3a6c,0x320b,
0x0000,0x0000,0x0000,0x0000,0x0000,0x0000,0x0000,0x4b2f,0x5370,0x5391,0x5bb1,0x5bd2,0x5bd2,0x5bd2,0x5bd2,0x53b1,
0x5391,0x4b50,0x4b0f,0x42ad,0x3a4c,0x29ea,0x0000,0x0000,0x0000,0x0000,0x0000,0x4b0f,0x5370,0x5391,0x5bd2,0x5bf2,
0x6413,0x6413,0x6413,0x6413,0x5bf2,0x5bb1,0x5391,0x4b50,0x42ee,0x3a8d,0x322b,0x29ca,0x0000,0x0000,0x0000,0x0000,
0x4b50,0x5391,0x5bd2,0x6413,0x6433,0x6433,0x6454,0x6454,0x6433,0x6413,0x5bf2,0x5bb1,0x5370,0x4b2f,0x42ce,0x3a6c,
0x29ea,0x0000,0x0000,0x0000,0x4b0f,0x5370,0x5bb1,0x5bf2,0x6433,0x6454,0x6c54,0x6c74,0x6c74,0x6454,0x6433,0x6413,
0x5bd2,0x5391,0x4b50,0x42ee,0x3a8d,0x320b,0x2189,0x0000,0x0000,0x4b2f,0x5391,0x5bd2,0x6413,0x6433,0x6c54,0x6c74,
0x6c95,0x6c74,0x6c74,0x6454,0x6433,0x5bf2,0x5bb1,0x5370,0x4b0f,0x3aad,0x322b,0x21a9,0x0000,0x0000,0x4b2f,0x5391,
0x5bd2,0x6413,0x6454,0x6c74,0x6c95,0x6c95,0x6c95,0x6c74,0x6c54,0x6433,0x6413,0x5bd2,0x5370,0x4b0f,0x3aad,0x322b,
0x29a9,0x0000,0x0000,0x4b2f,0x5391,0x5bd2,0x6413,0x6454,0x6c74,0x6c74,0x6c95,0x6c95,0x6c74,0x6c54,0x6433,0x6413,
0x5bb1,0x5370,0x4b0f,0x3aad,0x322b,0x29a9,0x0000,0x42ce,0x4b2f,0x5370,0x5bd2,0x6413,0x6433,0x6454,0x6c74,0x6c74,
0x6c74,0x6c74,0x6454,0x6433,0x5bf2,0x5bb1,0x5350,0x4b0f,0x3a8d,0x322b,0x21a9,0x1907,0x0000,0x4b0f,0x5350,0x53b1,
0x5bf2,0x6413,0x6433,0x6454,0x6c54,0x6c54,0x6454,0x6433,0x6413,0x5bd2,0x5391,0x4b50,0x42ee,0x3a6c,0x320b,0x2189,
0x0000,0x0000,0x42ce,0x4b2f,0x5391,0x5bb1,0x5bf2,0x6413,0x6433,0x6433,0x6433,0x6433,0x6413,0x5bf2,0x53b1,0x5370,
0x4b0f,0x42ad,0x324c,0x29ca,0x2148,0x0000,0x0000,0x3aad,0x4b0f,0x4b50,0x5391,0x5bb1,0x5bd2,0x5bf2,0x6413,0x6413,
0x5bf2,0x5bd2,0x53b1,0x5370,0x4b2f,0x42ee,0x3a8d,0x320b,0x21a9,0x1927,0x0000,0x0000,0x3a6c,0x42ad,0x4b0f,0x4b50,
0x5370,0x5391,0x5bb1,0x5bd2,0x5bb1,0x5bb1,0x5391,0x5370,0x4b2f,0x42ee,0x3aad,0x324c,0x29ca,0x2168,0x10e6,0x0000,
0x0000,0x0000,0x3a6c,0x42ad,0x42ee,0x4b2f,0x4b50,0x5370,0x5370,0x5370,0x5350,0x4b50,0x4b0f,0x42ee,0x3aad,0x324c,
0x29ea,0x2189,0x1907,0x0000,0x0000,0x0000,0x0000,0x320b,0x3a4c,0x3a8d,0x42ce,0x42ee,0x4b0f,0x4b0f,0x4b0f,0x4b0f,
0x42ee,0x42ad,0x3a8d,0x324c,0x29ea,0x2189,0x1927,0x10e6,0x0000,0x0000,0x0000,0x0000,0x0000,0x29ea,0x322b,0x3a6c,
0x3a8d,0x3aad,0x3aad,0x3aad,0x3a8d,0x3a6c,0x324c,0x320b,0x29ca,0x2189,0x1927,0x10e6,0x0000,0x0000,0x0000,0x0000,
0x0000,0x0000,0x0000,0x29ca,0x29ea,0x320b,0x322b,0x322b,0x322b,0x322b,0x320b,0x29ca,0x21a9,0x2168,0x1907,0x10e6,
0x0000,0x0000,0x0000,0x0000,0x0000,0x0000,0x0000,0x0000,0x0000,0x0000,0x2189,0x21a9,0x29a9,0x29a9,0x21a9,0x2189,
0x2148,0x1927,0x10e6,0x0000,0x0000,0x0000,0x0000,0x0000,0x0000,0x0000,0x0000,0x0000,0x0000,0x0000,0x0000,0x0000,
0x0000,0x0000,0x0000,0x1907,0x0000,0x0000,0x0000,0x0000,0x0000,0x0000,0x0000,0x0000,0x0000,0x0000,0x0000,0x0000,
0x0000,0x0000,0x0000,0x0000,0x0000,0x0000,0x0000,0x0000,0x6a04,0x0000,0x0000,0x0000,0x0000,0x0000,0x0000,0x0000,
0x0000,0x0000,0x0000,0x0000,0x0000,0x0000,0x0000,0x0000,0x0000,0x7a45,0x7a45,0x8265,0x8265,0x7a45,0x7a45,0x7224,
0x69e4,0x61c4,0x0000,0x0000,0x0000,0x0000,0x0000,0x0000,0x0000,0x0000,0x0000,0x0000,0x7a45,0x8265,0x8a85,0x8aa5,
0x8aa5,0x8aa5,0x8a85,0x8285,0x8265,0x7a45,0x6a04,0x61c4,0x5183,0x0000,0x0000,0x0000,0x0000,0x0000,0x0000,0x0000,
0x7a45,0x8285,0x8aa5,0x92c6,0x9ac6,0x9ac6,0x9ac6,0x92c6,0x92a6,0x8aa5,0x8265,0x7a45,0x6a04,0x59c3,0x4963,0x0000,
0x0000,0x0000,0x0000,0x0000,0x7a45,0x8285,0x92a6,0x9ac6,0x9ae6,0xa306,0xa306,0xa306,0xa306,0x9ae6,0x92c6,0x8aa5,
0x8265,0x7224,0x69e4,0x59a3,0x4142,0x0000,0x0000,0x0000,0x0000,0x8265,0x8aa5,0x9ac6,0xa306,0xa306,0xab27,0xab27,
0xab27,0xab27,0xa306,0x9ae6,0x92c6,0x8a85,0x7a45,0x7204,0x61c4,0x4963,0x0000,0x0000,0x0000,0x7a45,0x8a85,0x92c6,
0x9ae6,0xa306,0xab27,0xab47,0xb347,0xb347,0xab27,0xab27,0xa306,0x9ae6,0x92a6,0x8265,0x7224,0x61e4,0x5183,0x3922,
0x0000,0x0000,0x7a45,0x8aa5,0x9ac6,0xa306,0xab27,0xab47,0xb347,0xb367,0xb347,0xb347,0xab27,0xa306,0x9ae6,0x92c6,
0x8a85,0x7a45,0x69e4,0x5183,0x4122,0x0000,0x0000,0x8265,0x8aa5,0x9ac6,0xa306,0xab27,0xb347,0xb367,0xb367,0xb367,
0xb347,0xab47,0xab27,0xa306,0x92c6,0x8a85,0x7a45,0x69e4,0x59a3,0x4142,0x0000,0x0000,0x8265,0x8aa5,0x9ac6,0xa306,
0xab27,0xb347,0xb347,0xb367,0xb367,0xb347,0xab47,0xab27,0xa306,0x92c6,0x8a85,0x7a45,0x69e4,0x59a3,0x4142,0x0000,
0x6a04,0x7a45,0x8a85,0x92c6,0xa306,0xab27,0xab27,0xb347,0xb347,0xb347,0xb347,0xab27,0xa306,0x9ae6,0x92c6,0x8285,
0x7a45,0x69e4,0x5183,0x4122,0x28c1,0x0000,0x7a45,0x8285,0x92a6,0x9ae6,0xa306,0xab27,0xab27,0xab47,0xab47,0xab27,
0xab27,0xa306,0x9ac6,0x8aa5,0x8265,0x7224,0x61c4,0x5183,0x3922,0x0000,0x0000,0x7224,0x8265,0x8aa5,0x92c6,0x9ae6,
0xa306,0xa306,0xab27,0xab27,0xa306,0xa306,0x9ae6,0x92a6,0x8a85,0x7a45,0x6a04,0x59a3,0x4963,0x3102,0x0000,0x0000,
0x69e4,0x7a45,0x8265,0x8aa5,0x92c6,0x9ae6,0x9ae6,0xa306,0xa306,0x9ae6,0x9ac6,0x92a6,0x8a85,0x8265,0x7224,0x61e4,
0x5183,0x4122,0x28c1,0x0000,0x0000,0x61c4,0x6a04,0x7a45,0x8265,0x8a85,0x92a6,0x92c6,0x92c6,0x92c6,0x92c6,0x8aa5,
0x8a85,0x8265,0x7224,0x69e4,0x59a3,0x4963,0x3902,0x20a1,0x0000,0x0000,0x0000,0x61c4,0x6a04,0x7224,0x7a45,0x8265,
0x8a85,0x8a85,0x8a85,0x8285,0x8265,0x7a45,0x7224,0x69e4,0x59a3,0x4963,0x3922,0x28c1,0x0000,0x0000,0x0000,0x0000,
0x5183,0x59c3,0x69e4,0x7204,0x7224,0x7a45,0x7a45,0x7a45,0x7a45,0x7224,0x6a04,0x61e4,0x59a3,0x4963,0x4122,0x28e1,
0x20a1,0x0000,0x0000,0x0000,0x0000,0x0000,0x4963,0x59a3,0x61c4,0x61e4,0x69e4,0x69e4,0x69e4,0x69e4,0x61c4,0x59a3,
0x5183,0x4963,0x3922,0x28e1,0x20a1,0x0000,0x0000,0x0000,0x0000,0x0000,0x0000,0x0000,0x4142,0x4963,0x5183,0x5183,
0x59a3,0x59a3,0x5183,0x5183,0x4963,0x4122,0x3902,0x28c1,0x20a1,0x0000,0x0000,0x0000,0x0000,0x0000,0x0000,0x0000,
0x0000,0x0000,0x0000,0x3922,0x4122,0x4142,0x4142,0x4122,0x3922,0x3102,0x28c1,0x20a1,0x0000,0x0000,0x0000,0x0000,
0x0000,0x0000,0x0000,0x0000,0x0000,0x0000,0x0000,0x0000,0x0000,0x0000,0x0000,0x0000,0x28c1,0x0000,0x0000,0x0000,
0x0000,0x0000,0x0000,0x0000,0x0000,0x0000,0x0000,0x0000,0x0000,0x0000,0x0000,0x0000,0x0000,0x0000,0x0000,0x0000,
0x0000,0x59a3,0x0000,0x0000,0x0000,0x0000,0x0000,0x0000,0x0000,0x0000,0x0000,0x0000,0x0000,0x0000,0x0000,0x0000,
0x0000,0x0000,0x61c4,0x61e4,0x61e4,0x61e4,0x61e4,0x61c4,0x59a3,0x5183,0x4963,0x0000,0x0000,0x0000,0x0000,0x0000,
0x0000,0x0000,0x0000,0x0000,0x0000,0x61c4,0x69e4,0x6a04,0x7204,0x7224,0x7204,0x6a04,0x6a04,0x61e4,0x61c4,0x51a3,
0x4963,0x4122,0x0000,0x0000,0x0000,0x0000,0x0000,0x0000,0x0000,0x61e4,0x6a04,0x7224,0x7224,0x7a45,0x7a45,0x7a45,
0x7a45,0x7224,0x7204,0x69e4,0x61c4,0x5183,0x4963,0x3922,0x0000,0x0000,0x0000,0x0000,0x0000,0x61c4,0x6a04,0x7224,
0x7a45,0x7a45,0x8265,0x8265,0x8265,0x8265,0x7a45,0x7224,0x7204,0x69e4,0x59c3,0x5183,0x4142,0x3902,0x0000,0x0000,
0x0000,0x0000,0x69e4,0x7224,0x7a45,0x8265,0x8265,0x8285,0x8a85,0x8a85,0x8285,0x8265,0x7a45,0x7224,0x6a04,0x61e4,
0x59a3,0x4963,0x3922,0x0000,0x0000,0x0000,0x61c4,0x6a04,0x7224,0x7a45,0x8265,0x8a85,0x8a85,0x8aa5,0x8aa5,0x8a85,
0x8285,0x8265,0x7a45,0x7224,0x69e4,0x59c3,0x5183,0x4122,0x30e2,0x0000,0x0000,0x61e4,0x7204,0x7a45,0x8265,0x8285,
0x8a85,0x8aa5,0x92a6,0x8aa5,0x8aa5,0x8a85,0x8265,0x7a45,0x7224,0x6a04,0x61c4,0x5183,0x4142,0x30e2,0x0000,0x0000,
0x61e4,0x7224,0x7a45,0x8265,0x8a85,0x8aa5,0x92a6,0x92a6,0x92a6,0x8aa5,0x8a85,0x8285,0x8265,0x7a45,0x6a04,0x61c4,
0x5183,0x4142,0x3102,0x0000,0x0000,0x61e4,0x7204,0x7a45,0x8265,0x8a85,0x8aa5,0x8aa5,0x92a6,0x92a6,0x8aa5,0x8a85,
0x8285,0x8265,0x7224,0x6a04,0x61c4,0x5183,0x4142,0x3102,0x0000,0x59a3,0x61e4,0x6a04,0x7a45,0x8265,0x8285,0x8a85,
0x8aa5,0x8aa5,0x8aa5,0x8aa5,0x8a85,0x8265,0x7a45,0x7224,0x6a04,0x61c4,0x5183,0x4142,0x30e2,0x20a1,0x0000,0x61c4,
0x6a04,0x7224,0x7a45,0x8265,0x8285,0x8a85,0x8a85,0x8a85,0x8a85,0x8285,0x8265,0x7a45,0x7224,0x69e4,0x59a3,0x4963,
0x4122,0x30e2,0x0000,0x0000,0x59a3,0x61e4,0x7204,0x7224,0x7a45,0x8265,0x8265,0x8285,0x8285,0x8265,0x8265,0x7a45,
0x7224,0x6a04,0x61c4,0x51a3,0x4963,0x3902,0x28c1,0x0000,0x0000,0x5183,0x61c4,0x69e4,0x7204,0x7224,0x7a45,0x7a45,
0x8265,0x8265,0x7a45,0x7a45,0x7224,0x6a04,0x61e4,0x59a3,0x5183,0x4142,0x30e2,0x20a1,0x0000,0x0000,0x4963,0x51a3,
0x61c4,0x69e4,0x6a04,0x7224,0x7224,0x7a45,0x7224,0x7224,0x7224,0x6a04,0x61e4,0x59c3,0x5183,0x4943,0x3902,0x28c1,
0x1881,0x0000,0x0000,0x0000,0x4963,0x5183,0x59c3,0x61e4,0x69e4,0x6a04,0x6a04,0x6a04,0x6a04,0x69e4,0x61c4,0x59a3,
0x5183,0x4963,0x3922,0x30e2,0x20a1,0x0000,0x0000,0x0000,0x0000,0x4122,0x4963,0x5183,0x59a3,0x59c3,0x61c4,0x61c4,
0x61c4,0x61c4,0x59a3,0x51a3,0x5183,0x4943,0x3922,0x30e2,0x20a1,0x1881,0x0000,0x0000,0x0000,0x0000,0x0000,0x3922,
0x4142,0x4963,0x5183,0x5183,0x5183,0x5183,0x5183,0x4963,0x4963,0x4142,0x3902,0x30e2,0x20a1,0x1881,0x0000,0x0000,
0x0000,0x0000,0x0000,0x0000,0x0000,0x3902,0x3922,0x4122,0x4142,0x4142,0x4142,0x4142,0x4122,0x3902,0x30e2,0x28c1,
0x20a1,0x1881,0x0000,0x0000,0x0000,0x0000,0x0000,0x0000,0x0000,0x0000,0x0000,0x0000,0x30e2,0x30e2,0x3102,0x3102,
0x30e2,0x30e2,0x28c1,0x20a1,0x1881,0x0000,0x0000,0x0000,0x0000,0x0000,0x0000,0x0000,0x0000,0x0000,0x0000,0x0000,
0x0000,0x0000,0x0000,0x0000,0x0000,0x20a1,0x0000,0x0000,0x0000,0x0000,0x0000,0x0000,0x0000,0x0000,0x0000,0x0000,
0x0000,0x0000,0x0000,0x0000,0x0000,0x0000,0x0000,0x0000,0x0000,0x0000,0x0000,0x5371,0x0000,0x0000,0x0000,0x0000,
0x0000,0x0000,0x0000,0x0000,0x0000,0x0000,0x0000,0x0000,0x0000,0x0000,0x0000,0x0000,0x0000,0x0000,0x5bf3,0x5bf3,
0x6413,0x5bf3,0x5bf3,0x5bd2,0x5392,0x5351,0x4b10,0x0000,0x0000,0x0000,0x0000,0x0000,0x0000,0x0000,0x0000,0x0000,
0x0000,0x0000,0x0000,0x5bf3,0x6434,0x6454,0x6c55,0x6c75,0x6c55,0x6454,0x6434,0x5bf3,0x5bd2,0x5371,0x4b30,0x42ce,
0x0000,0x0000,0x0000,0x0000,0x0000,0x0000,0x0000,0x0000,0x0000,0x6413,0x6454,0x6c75,0x6c96,0x74b6,0x74b6,0x74b6,
0x6cb6,0x6c95,0x6455,0x6414,0x5bd3,0x5391,0x4b30,0x42ae,0x0000,0x0000,0x0000,0x0000,0x0000,0x0000,0x0000,0x6413,
0x6c55,0x6c96,0x74d6,0x74f7,0x74f7,0x7d17,0x74f7,0x74f7,0x74d6,0x6cb6,0x6c75,0x6434,0x5bd2,0x5371,0x4b0f,0x3a8d,
0x0000,0x0000,0x0000,0x0000,0x0000,0x5bf3,0x6454,0x6c96,0x74d7,0x7d17,0x7d38,0x7d38,0x7d38,0x7d38,0x7d38,0x7d17,
0x74d7,0x6cb6,0x6c75,0x6413,0x53b2,0x4b30,0x42ce,0x322c,0x0000,0x0000,0x0000,0x0000,0x6434,0x6c75,0x74d6,0x7d17,
0x7d38,0x7d59,0x8579,0x8579,0x8579,0x8559,0x7d38,0x7d18,0x74d7,0x6c96,0x6434,0x5bd3,0x5371,0x42ef,0x3a6d,0x0000,
0x0000,0x0000,0x5bf3,0x6454,0x6c96,0x74f7,0x7d38,0x7d59,0x8579,0x8599,0x859a,0x8599,0x8579,0x8559,0x7d38,0x74f7,
0x74b6,0x6c75,0x6413,0x5392,0x4b10,0x3a8d,0x29eb,0x0000,0x0000,0x5bf3,0x6c55,0x74b6,0x74f7,0x7d38,0x8579,0x8599,
0x85ba,0x85ba,0x85ba,0x859a,0x8579,0x7d58,0x7d18,0x74d6,0x6c75,0x6414,0x53b2,0x4b30,0x3aae,0x320b,0x0000,0x0000,
0x6413,0x6c75,0x74b6,0x7d17,0x7d38,0x8579,0x859a,0x85ba,0x8dba,0x85ba,0x859a,0x8579,0x7d59,0x7d18,0x74d7,0x6c95,
0x6414,0x5bb2,0x4b30,0x3aae,0x320c,0x0000,0x0000,0x5bf3,0x6c55,0x74b6,0x74f7,0x7d38,0x8579,0x8599,0x85ba,0x85ba,
0x85ba,0x859a,0x8579,0x7d58,0x7d18,0x74d6,0x6c75,0x6414,0x53b2,0x4b30,0x3aae,0x320c,0x0000,0x5371,0x5bf3,0x6454,
0x6cb6,0x74f7,0x7d38,0x8559,0x8579,0x859a,0x859a,0x859a,0x8599,0x8579,0x7d38,0x7d17,0x74b6,0x6c75,0x6413,0x5392,
0x4b30,0x3a8e,0x320b,0x1949,0x0000,0x5bd2,0x6434,0x6c95,0x74d6,0x7d17,0x7d38,0x8559,0x8579,0x8579,0x8579,0x8579,
0x7d58,0x7d18,0x74f7,0x6c96,0x6454,0x5bf3,0x5371,0x4b0f,0x3a6d,0x29cb,0x0000,0x0000,0x5392,0x5bf3,0x6455,0x6cb6,
0x74d7,0x7d18,0x7d38,0x7d58,0x7d59,0x7d58,0x7d38,0x7d18,0x74f7,0x74b6,0x6c75,0x6434,0x5bb2,0x4b51,0x42cf,0x324c,
0x29aa,0x0000,0x0000,0x5351,0x5bd2,0x6414,0x6c75,0x6cb6,0x74d7,0x74f7,0x7d18,0x7d18,0x7d18,0x7d17,0x74f7,0x74b6,
0x6c95,0x6434,0x5bf3,0x5391,0x4b10,0x3a8e,0x320b,0x2169,0x0000,0x0000,0x4b10,0x5371,0x5bd3,0x6434,0x6c75,0x6c96,
0x74b6,0x74d6,0x74d7,0x74d6,0x74b6,0x6c96,0x6c75,0x6434,0x5bf3,0x53b2,0x4b50,0x42ce,0x324c,0x29ca,0x1928,0x0000,
0x0000,0x0000,0x4b30,0x5391,0x5bd2,0x6413,0x6434,0x6c75,0x6c75,0x6c95,0x6c75,0x6c75,0x6454,0x6434,0x5bf3,0x53b2,
0x4b50,0x42ef,0x3a6d,0x29eb,0x2169,0x0000,0x0000,0x0000,0x0000,0x42ce,0x4b30,0x5371,0x53b2,0x5bd3,0x6413,0x6414,
0x6414,0x6414,0x6413,0x5bf3,0x5bb2,0x5391,0x4b50,0x42ef,0x3a8d,0x320c,0x218a,0x1908,0x0000,0x0000,0x0000,0x0000,
0x0000,0x42ae,0x4b0f,0x4b30,0x5371,0x5392,0x53b2,0x5bb2,0x53b2,0x5392,0x5371,0x4b51,0x4b10,0x42ce,0x3a6d,0x320c,
0x21aa,0x1928,0x0000,0x0000,0x0000,0x0000,0x0000,0x0000,0x0000,0x3a8d,0x42ce,0x42ef,0x4b10,0x4b30,0x4b30,0x4b30,
0x4b30,0x4b0f,0x42cf,0x3a8e,0x324c,0x29eb,0x218a,0x1928,0x0000,0x0000,0x0000,0x0000,0x0000,0x0000,0x0000,0x0000,
0x0000,0x322c,0x3a6d,0x3a8d,0x3aae,0x3aae,0x3aae,0x3a8e,0x3a6d,0x324c,0x320b,0x29ca,0x2169,0x1908,0x0000,0x0000,
0x0000,0x0000,0x0000,0x0000,0x0000,0x0000,0x0000,0x0000,0x0000,0x0000,0x29eb,0x320b,0x320c,0x320c,0x320b,0x29cb,
0x29aa,0x2169,0x1928,0x0000,0x0000,0x0000,0x0000,0x0000,0x0000,0x0000,0x0000,0x0000,0x0000,0x0000,0x0000,0x0000,
0x0000,0x0000,0x0000,0x0000,0x0000,0x1949,0x0000,0x0000,0x0000,0x0000,0x0000,0x0000,0x0000,0x0000,0x0000,0x0000,
0x0000,0x0000,0x0000,0x0000,0x0000,0x0000,0x0000,0x0000,0x0000,0x0000,0x0000,0x0000,0x42ce,0x0000,0x0000,0x0000,
0x0000,0x0000,0x0000,0x0000,0x0000,0x0000,0x0000,0x0000,0x0000,0x0000,0x0000,0x0000,0x0000,0x0000,0x0000,0x4b0f,
0x4b2f,0x4b2f,0x4b2f,0x4b0f,0x4b0f,0x42ee,0x42ad,0x3a6c,0x0000,0x0000,0x0000,0x0000,0x0000,0x0000,0x0000,0x0000,
0x0000,0x0000,0x0000,0x0000,0x4b2f,0x4b50,0x5370,0x5370,0x5391,0x5370,0x5370,0x4b50,0x4b2f,0x4b0f,0x42ce,0x3a8d,
0x322b,0x0000,0x0000,0x0000,0x0000,0x0000,0x0000,0x0000,0x0000,0x0000,0x4b2f,0x5370,0x5391,0x5bb1,0x5bd2,0x5bd2,
0x5bd2,0x5bb1,0x5391,0x5370,0x4b50,0x4b0f,0x42ce,0x3a8d,0x322b,0x0000,0x0000,0x0000,0x0000,0x0000,0x0000,0x0000,
0x4b2f,0x5370,0x53b1,0x5bd2,0x5bf2,0x5bf2,0x6413,0x5bf2,0x5bf2,0x5bd2,0x5bb1,0x5391,0x4b50,0x4b0f,0x42ad,0x3a6c,
0x320b,0x0000,0x0000,0x0000,0x0000,0x0000,0x4b2f,0x5370,0x53b1,0x5bd2,0x6413,0x6413,0x6433,0x6433,0x6433,0x6433,
0x6413,0x5bf2,0x5bb1,0x5391,0x4b2f,0x42ee,0x3a8d,0x322b,0x29ca,0x0000,0x0000,0x0000,0x0000,0x4b50,0x5391,0x5bd2,
0x6413,0x6433,0x6454,0x6454,0x6c54,0x6454,0x6454,0x6433,0x6413,0x5bd2,0x53b1,0x5370,0x4b0f,0x42ad,0x3a4c,0x29ea,
0x0000,0x0000,0x0000,0x4b0f,0x5370,0x5bb1,0x5bf2,0x6413,0x6454,0x6c54,0x6c74,0x6c74,0x6c74,0x6c74,0x6454,0x6433,
0x5bf2,0x5bd2,0x5391,0x4b2f,0x42ce,0x3a6c,0x320b,0x2189,0x0000,0x0000,0x4b2f,0x5370,0x5bd2,0x5bf2,0x6433,0x6454,
0x6c74,0x6c95,0x6c95,0x6c95,0x6c74,0x6c54,0x6433,0x6413,0x5bd2,0x5391,0x4b50,0x42ee,0x3a8d,0x320b,0x21a9,0x0000,
0x0000,0x4b2f,0x5391,0x5bd2,0x6413,0x6433,0x6c54,0x6c74,0x6c95,0x6c95,0x6c95,0x6c74,0x6c74,0x6454,0x6413,0x5bd2,
0x5391,0x4b50,0x42ee,0x3a8d,0x322b,0x29a9,0x0000,0x0000,0x4b2f,0x5370,0x5bd2,0x5bf2,0x6433,0x6454,0x6c74,0x6c95,
0x6c95,0x6c95,0x6c74,0x6c74,0x6433,0x6413,0x5bd2,0x5391,0x4b50,0x42ee,0x3a8d,0x322b,0x21a9,0x0000,0x42ce,0x4b0f,
0x5370,0x5bb1,0x5bf2,0x6433,0x6454,0x6c74,0x6c74,0x6c74,0x6c74,0x6c74,0x6454,0x6433,0x6413,0x5bd2,0x5391,0x4b2f,
0x42ee,0x3a8d,0x320b,0x2189,0x1907,0x0000,0x4b0f,0x4b50,0x5391,0x5bd2,0x6413,0x6433,0x6454,0x6c54,0x6c74,0x6c74,
0x6454,0x6433,0x6413,0x5bf2,0x5bb1,0x5370,0x4b2f,0x42ce,0x3a6c,0x29ea,0x2168,0x0000,0x0000,0x42ee,0x4b2f,0x5370,
0x5bb1,0x5bf2,0x6413,0x6433,0x6433,0x6454,0x6433,0x6433,0x6413,0x5bf2,0x5bd2,0x5391,0x4b50,0x42ee,0x3aad,0x324c,
0x29ca,0x2148,0x0000,0x0000,0x42ad,0x4b0f,0x4b50,0x5391,0x5bb1,0x5bd2,0x5bf2,0x6413,0x6413,0x6413,0x6413,0x5bf2,
0x5bd2,0x5391,0x5370,0x4b0f,0x42ce,0x3a6c,0x320b,0x21a9,0x1927,0x0000,0x0000,0x3a6c,0x42ce,0x4b0f,0x4b50,0x5391,
0x53b1,0x5bd2,0x5bd2,0x5bd2,0x5bd2,0x5bd2,0x5bb1,0x5391,0x5370,0x4b2f,0x42ee,0x3a8d,0x322b,0x29ca,0x2168,0x10e6,
0x0000,0x0000,0x0000,0x3a8d,0x42ce,0x4b0f,0x4b2f,0x5370,0x5391,0x5391,0x5391,0x5391,0x5391,0x5370,0x4b50,0x4b0f,
0x42ee,0x3aad,0x324c,0x29ea,0x2189,0x1927,0x0000,0x0000,0x0000,0x0000,0x322b,0x3a8d,0x42ad,0x42ee,0x4b0f,0x4b2f,
0x4b50,0x4b50,0x4b50,0x4b2f,0x4b2f,0x42ee,0x42ce,0x3a8d,0x324c,0x320b,0x21a9,0x1948,0x10e6,0x0000,0x0000,0x0000,
0x0000,0x0000,0x322b,0x3a6c,0x3a8d,0x42ad,0x42ce,0x42ee,0x42ee,0x42ee,0x42ee,0x42ce,0x3aad,0x3a6c,0x322b,0x29ea,
0x21a9,0x1948,0x10e6,0x0000,0x0000,0x0000,0x0000,0x0000,0x0000,0x0000,0x320b,0x322b,0x3a4c,0x3a6c,0x3a8d,0x3a8d,
0x3a8d,0x3a8d,0x3a6c,0x324c,0x320b,0x29ca,0x2189,0x1948,0x10e6,0x0000,0x0000,0x0000,0x0000,0x0000,0x0000,0x0000,
0x0000,0x0000,0x29ca,0x29ea,0x320b,0x320b,0x322b,0x322b,0x320b,0x29ea,0x29ca,0x21a9,0x2168,0x1927,0x10e6,0x0000,
0x0000,0x0000,0x0000,0x0000,0x0000,0x0000,0x0000,0x0000,0x0000,0x0000,0x0000,0x2189,0x21a9,0x29a9,0x21a9,0x2189,
0x2168,0x2148,0x1927,0x10e6,0x0000,0x0000,0x0000,0x0000,0x0000,0x0000,0x0000,0x0000,0x0000,0x0000,0x0000,0x0000,
0x0000,0x0000,0x0000,0x0000,0x0000,0x0000,0x1907,0x0000,0x0000,0x0000,0x0000,0x0000,0x0000,0x0000,0x0000,0x0000,
0x0000,0x0000,0x0000,0x0000,0x0000,0x0000,0x0000,0x0000,0x0000,0x0000,0x0000,0x0000,0x0000,0x6a04,0x0000,0x0000,
0x0000,0x0000,0x0000,0x0000,0x0000,0x0000,0x0000,0x0000,0x0000,0x0000,0x0000,0x0000,0x0000,0x0000,0x0000,0x0000,
0x7a45,0x7a45,0x8265,0x7a65,0x7a45,0x7a45,0x7224,0x6a04,0x61c4,0x0000,0x0000,0x0000,0x0000,0x0000,0x0000,0x0000,
0x0000,0x0000,0x0000,0x0000,0x0000,0x7a45,0x8265,0x8a85,0x8a85,0x8aa5,0x8a85,0x8a85,0x8265,0x7a65,0x7a45,0x6a04,
0x61e4,0x59a3,0x0000,0x0000,0x0000,0x0000,0x0000,0x0000,0x0000,0x0000,0x0000,0x8265,0x8a85,0x8aa5,0x92c6,0x92c6,
0x92c6,0x92c6,0x92c6,0x92a6,0x8a85,0x8265,0x7a45,0x7204,0x61e4,0x5183,0x0000,0x0000,0x0000,0x0000,0x0000,0x0000,
0x0000,0x8265,0x8a85,0x92a6,0x9ac6,0x9ae6,0x9ae6,0xa306,0x9ae6,0x9ae6,0x9ac6,0x92c6,0x8aa5,0x8265,0x7a45,0x6a04,
0x61c4,0x5183,0x0000,0x0000,0x0000,0x0000,0x0000,0x7a45,0x8a85,0x92a6,0x9ae6,0xa306,0xa306,0xa306,0xa326,0xa326,
0xa306,0xa306,0x9ae6,0x92c6,0x8aa5,0x8265,0x7224,0x61e4,0x59a3,0x4142,0x0000,0x0000,0x0000,0x0000,0x8265,0x8aa5,
0x9ac6,0xa306,0xa306,0xab27,0xab27,0xab47,0xab27,0xab27,0xa326,0xa306,0x9ae6,0x92a6,0x8285,0x7a45,0x6a04,0x59c3,
0x4963,0x0000,0x0000,0x0000,0x7a45,0x8a85,0x92c6,0x9ae6,0xa306,0xab27,0xab47,0xb347,0xb347,0xb347,0xab47,0xab27,
0xa306,0x9ae6,0x92c6,0x8aa5,0x8265,0x7224,0x61c4,0x5183,0x3922,0x0000,0x0000,0x7a45,0x8a85,0x92c6,0x9ae6,0xa306,
0xab27,0xb347,0xb367,0xb367,0xb367,0xb347,0xab47,0xab27,0xa306,0x9ac6,0x8aa5,0x8265,0x7224,0x61e4,0x5183,0x4122,
0x0000,0x0000,0x8265,0x8aa5,0x92c6,0xa306,0xa326,0xab47,0xb347,0xb367,0xb367,0xb367,0xb347,0xab47,0xab27,0xa306,
0x9ae6,0x92a6,0x8265,0x7224,0x61e4,0x5183,0x4142,0x0000,0x0000,0x7a65,0x8a85,0x92c6,0x9ae6,0xa326,0xab27,0xb347,
0xb367,0xb367,0xb367,0xb347,0xab47,0xab27,0xa306,0x9ac6,0x8aa5,0x8265,0x7224,0x61e4,0x5183,0x4122,0x0000,0x6a04,
0x7a45,0x8a85,0x92c6,0x9ae6,0xa306,0xab27,0xab47,0xb347,0xb347,0xb347,0xb347,0xab27,0xa326,0xa306,0x92c6,0x8aa5,
0x8265,0x7224,0x61e4,0x5183,0x4122,0x28c1,0x0000,0x7a45,0x8265,0x92a6,0x9ac6,0xa306,0xa326,0xab27,0xab47,0xab47,
0xab47,0xab27,0xab27,0xa306,0x9ae6,0x92c6,0x8a85,0x7a45,0x6a04,0x61c4,0x4963,0x3902,0x0000,0x0000,0x7224,0x7a65,
0x8a85,0x92c6,0x9ae6,0xa306,0xa306,0xab27,0xab27,0xab27,0xa326,0xa306,0x9ae6,0x92c6,0x8aa5,0x8265,0x7224,0x69e4,
0x59a3,0x4943,0x3102,0x0000,0x0000,0x6a04,0x7a45,0x8265,0x8aa5,0x92c6,0x9ae6,0x9ae6,0xa306,0xa306,0xa306,0xa306,
0x9ae6,0x92c6,0x92a6,0x8285,0x7a45,0x7204,0x61c4,0x5183,0x4122,0x28c1,0x0000,0x0000,0x61c4,0x6a04,0x7a45,0x8265,
0x8aa5,0x92a6,0x92c6,0x9ac6,0x9ae6,0x9ac6,0x92c6,0x92c6,0x8aa5,0x8285,0x7a45,0x7224,0x69e4,0x59a3,0x4943,0x3902,
0x20a1,0x0000,0x0000,0x0000,0x61e4,0x7204,0x7a45,0x8265,0x8285,0x8aa5,0x8aa5,0x92a6,0x8aa5,0x8aa5,0x8a85,0x8265,
0x7a45,0x7224,0x69e4,0x59a3,0x4963,0x3922,0x28c1,0x0000,0x0000,0x0000,0x0000,0x59a3,0x61e4,0x6a04,0x7224,0x7a45,
0x8265,0x8265,0x8265,0x8265,0x8265,0x7a45,0x7224,0x7204,0x69e4,0x59a3,0x5183,0x4122,0x30e2,0x20a1,0x0000,0x0000,
0x0000,0x0000,0x0000,0x5183,0x61c4,0x61e4,0x6a04,0x7224,0x7224,0x7224,0x7224,0x7224,0x6a04,0x69e4,0x61c4,0x59a3,
0x4963,0x4122,0x30e2,0x20a1,0x0000,0x0000,0x0000,0x0000,0x0000,0x0000,0x0000,0x5183,0x59a3,0x59c3,0x61c4,0x61e4,
0x61e4,0x61e4,0x61e4,0x61c4,0x59a3,0x5183,0x4943,0x3922,0x30e2,0x20a1,0x0000,0x0000,0x0000,0x0000,0x0000,0x0000,
0x0000,0x0000,0x0000,0x4142,0x4963,0x5183,0x5183,0x5183,0x5183,0x5183,0x4963,0x4943,0x4122,0x3902,0x28c1,0x20a1,
0x0000,0x0000,0x0000,0x0000,0x0000,0x0000,0x0000,0x0000,0x0000,0x0000,0x0000,0x0000,0x3922,0x4122,0x4142,0x4122,
0x4122,0x3902,0x3102,0x28c1,0x20a1,0x0000,0x0000,0x0000,0x0000,0x0000,0x0000,0x0000,0x0000,0x0000,0x0000,0x0000,
0x0000,0x0000,0x0000,0x0000,0x0000,0x0000,0x0000,0x28c1,0x0000,0x0000,0x0000,0x0000,0x0000,0x0000,0x0000,0x0000,
0x0000,0x0000,0x0000,0x0000,0x0000,0x0000,0x0000,0x0000,0x0000,0x0000,0x0000,0x0000,0x0000,0x0000,0x59a3,0x0000,
0x0000,0x0000,0x0000,0x0000,0x0000,0x0000,0x0000,0x0000,0x0000,0x0000,0x0000,0x0000,0x0000,0x0000,0x0000,0x0000,
0x0000,0x61c4,0x61e4,0x61e4,0x61e4,0x61c4,0x61c4,0x59a3,0x5183,0x4963,0x0000,0x0000,0x0000,0x0000,0x0000,0x0000,
0x0000,0x0000,0x0000,0x0000,0x0000,0x0000,0x61e4,0x69e4,0x6a04,0x6a04,0x7204,0x6a04,0x6a04,0x69e4,0x61e4,0x61c4,
0x59a3,0x5183,0x4142,0x0000,0x0000,0x0000,0x0000,0x0000,0x0000,0x0000,0x0000,0x0000,0x61e4,0x6a04,0x7224,0x7224,
0x7a45,0x7a45,0x7a45,0x7224,0x7224,0x6a04,0x69e4,0x61c4,0x59a3,0x5183,0x4142,0x0000,0x0000,0x0000,0x0000,0x0000,
0x0000,0x0000,0x61e4,0x6a04,0x7224,0x7a45,0x7a45,0x7a65,0x8265,0x7a65,0x7a45,0x7a45,0x7224,0x7204,0x69e4,0x61c4,
0x51a3,0x4963,0x4122,0x0000,0x0000,0x0000,0x0000,0x0000,0x61e4,0x6a04,0x7224,0x7a45,0x8265,0x8265,0x8265,0x8285,
0x8285,0x8265,0x8265,0x7a45,0x7224,0x7204,0x61e4,0x59c3,0x5183,0x4142,0x3902,0x0000,0x0000,0x0000,0x0000,0x69e4,
0x7224,0x7a45,0x8265,0x8265,0x8a85,0x8a85,0x8a85,0x8a85,0x8a85,0x8285,0x8265,0x7a45,0x7224,0x6a04,0x61c4,0x51a3,
0x4963,0x3922,0x0000,0x0000,0x0000,0x61c4,0x6a04,0x7224,0x7a45,0x8265,0x8a85,0x8a85,0x8aa5,0x8aa5,0x8aa5,0x8aa5,
0x8a85,0x8265,0x7a65,0x7a45,0x7204,0x61e4,0x59a3,0x4963,0x4122,0x30e2,0x0000,0x0000,0x61e4,0x6a04,0x7a45,0x7a65,
0x8265,0x8a85,0x8aa5,0x92a6,0x92a6,0x92a6,0x8aa5,0x8a85,0x8285,0x8265,0x7a45,0x7224,0x69e4,0x59c3,0x5183,0x4142,
0x30e2,0x0000,0x0000,0x61e4,0x7204,0x7a45,0x8265,0x8285,0x8a85,0x8aa5,0x92a6,0x92a6,0x92a6,0x8aa5,0x8aa5,0x8a85,
0x8265,0x7a45,0x7224,0x69e4,0x59c3,0x5183,0x4142,0x3102,0x0000,0x0000,0x61e4,0x6a04,0x7a45,0x7a65,0x8285,0x8a85,
0x8aa5,0x92a6,0x92a6,0x92a6,0x8aa5,0x8aa5,0x8285,0x8265,0x7a45,0x7224,0x69e4,0x59c3,0x5183,0x4142,0x30e2,0x0000,
0x59a3,0x61c4,0x6a04,0x7224,0x7a45,0x8265,0x8a85,0x8aa5,0x8aa5,0x8aa5,0x8aa5,0x8aa5,0x8a85,0x8285,0x8265,0x7a45,
0x7204,0x61e4,0x59a3,0x5183,0x4122,0x30e2,0x20a1,0x0000,0x61c4,0x69e4,0x7224,0x7a45,0x8265,0x8285,0x8a85,0x8a85,
0x8aa5,0x8aa5,0x8a85,0x8285,0x8265,0x7a45,0x7224,0x6a04,0x61e4,0x59a3,0x4963,0x3922,0x28e1,0x0000,0x0000,0x59a3,
0x61e4,0x6a04,0x7224,0x7a45,0x8265,0x8265,0x8285,0x8a85,0x8285,0x8285,0x8265,0x7a45,0x7a45,0x7224,0x69e4,0x59c3,
0x5183,0x4943,0x3902,0x28c1,0x0000,0x0000,0x5183,0x61c4,0x69e4,0x7204,0x7224,0x7a45,0x7a65,0x8265,0x8265,0x8265,
0x8265,0x7a45,0x7a45,0x7224,0x6a04,0x61c4,0x59a3,0x4963,0x4122,0x30e2,0x20a1,0x0000,0x0000,0x4963,0x59a3,0x61c4,
0x69e4,0x7204,0x7224,0x7a45,0x7a45,0x7a45,0x7a45,0x7a45,0x7224,0x7224,0x6a04,0x61e4,0x59a3,0x5183,0x4142,0x3902,
0x28c1,0x1881,0x0000,0x0000,0x0000,0x5183,0x59a3,0x61c4,0x61e4,0x6a04,0x7204,0x7224,0x7224,0x7224,0x7204,0x6a04,
0x69e4,0x61c4,0x59a3,0x5183,0x4963,0x3922,0x30e2,0x20a1,0x0000,0x0000,0x0000,0x0000,0x4142,0x5183,0x51a3,0x59c3,
0x61c4,0x61e4,0x69e4,0x69e4,0x69e4,0x61e4,0x61e4,0x59c3,0x59a3,0x5183,0x4963,0x4122,0x30e2,0x28c1,0x1881,0x0000,
0x0000,0x0000,0x0000,0x0000,0x4142,0x4963,0x5183,0x51a3,0x59a3,0x59c3,0x59c3,0x59c3,0x59a3,0x59a3,0x5183,0x4963,
0x4142,0x3922,0x30e2,0x28c1,0x1881,0x0000,0x0000,0x0000,0x0000,0x0000,0x0000,0x0000,0x4122,0x4142,0x4963,0x4963,
0x5183,0x5183,0x5183,0x5183,0x4963,0x4943,0x4122,0x3902,0x30e2,0x28c1,0x1881,0x0000,0x0000,0x0000,0x0000,0x0000,
0x0000,0x0000,0x0000,0x0000,0x3902,0x3922,0x4122,0x4142,0x4142,0x4142,0x4122,0x3922,0x3902,0x30e2,0x28c1,0x20a1,
0x1881,0x0000,0x0000,0x0000,0x0000,0x0000,0x0000,0x0000,0x0000,0x0000,0x0000,0x0000,0x0000,0x30e2,0x30e2,0x3102,
0x30e2,0x30e2,0x28e1,0x28c1,0x20a1,0x1881,0x0000,0x0000,0x0000,0x0000,0x0000,0x0000,0x0000,0x0000,0x0000,0x0000,
0x0000,0x0000,0x0000,0x0000,0x0000,0x0000,0x0000,0x0000,0x20a1,0x0000,0x0000,0x0000,0x0000,0x0000,0x0000,0x0000,
0x0000,0x0000,0x0000,0x0000,0x0000,0x0000,0x0000,0x0000,0x0000,0x0000,0x0000,0x0000,0x0000,0x0000,0x0000,0x0000,
0x5371,0x0000,0x0000,0x0000,0x0000,0x0000,0x0000,0x0000,0x0000,0x0000,0x0000,0x0000,0x0000,0x0000,0x0000,0x0000,
0x0000,0x0000,0x0000,0x0000,0x0000,0x5bd3,0x5bf3,0x5bf3,0x5bf3,0x5bd3,0x5bd2,0x5392,0x5371,0x4b30,0x0000,0x0000,
0x0000,0x0000,0x0000,0x0000,0x0000,0x0000,0x0000,0x0000,0x0000,0x0000,0x0000,0x0000,0x5bf3,0x6434,0x6434,0x6454,
0x6455,0x6454,0x6434,0x6414,0x5bf3,0x5bd2,0x5391,0x4b50,0x42ef,0x0000,0x0000,0x0000,0x0000,0x0000,0x0000,0x0000,
0x0000,0x0000,0x0000,0x0000,0x6414,0x6454,0x6c75,0x6c95,0x6cb6,0x6cb6,0x6cb6,0x6c95,0x6c75,0x6454,0x6414,0x5bd3,
0x5392,0x4b30,0x42cf,0x0000,0x0000,0x0000,0x0000,0x0000,0x0000,0x0000,0x0000,0x0000,0x6434,0x6c75,0x6c96,0x74b6,
0x74d7,0x74f7,0x74f7,0x74f7,0x74d7,0x74b6,0x6c96,0x6c75,0x6434,0x5bd3,0x5391,0x4b30,0x42ce,0x0000,0x0000,0x0000,
0x0000,0x0000,0x0000,0x0000,0x6414,0x6c75,0x6c96,0x74d6,0x74f7,0x7d18,0x7d38,0x7d38,0x7d38,0x7d17,0x74f7,0x74d7,
0x6c96,0x6c55,0x6414,0x5bb2,0x5371,0x4b0f,0x3a8d,0x0000,0x0000,0x0000,0x0000,0x0000,0x5bf3,0x6454,0x6c96,0x74d6,
0x7d17,0x7d38,0x7d58,0x7d59,0x8559,0x7d59,0x7d58,0x7d38,0x7d17,0x74d6,0x6c95,0x6454,0x5bf3,0x5392,0x4b30,0x42ae,
0x322c,0x0000,0x0000,0x0000,0x0000,0x6434,0x6c75,0x74b6,0x74f7,0x7d38,0x7d59,0x8579,0x8579,0x8579,0x8579,0x8579,
0x7d58,0x7d38,0x74f7,0x74b6,0x6c75,0x6434,0x5bd2,0x5351,0x42ef,0x3a6d,0x0000,0x0000,0x0000,0x5bd3,0x6434,0x6c95,
0x74d7,0x7d18,0x7d58,0x8579,0x8599,0x859a,0x85ba,0x859a,0x8599,0x8579,0x7d58,0x7d17,0x74d7,0x6c96,0x6434,0x5bd3,
0x5371,0x42ef,0x3a6d,0x29eb,0x0000,0x0000,0x5bf3,0x6454,0x6cb6,0x74f7,0x7d38,0x7d59,0x8579,0x859a,0x85ba,0x85ba,
0x85ba,0x859a,0x8579,0x7d58,0x7d38,0x74f7,0x6cb6,0x6454,0x5bf3,0x5391,0x4b0f,0x3a8e,0x320b,0x0000,0x0000,0x5bf3,
0x6455,0x6cb6,0x74f7,0x7d38,0x8559,0x8579,0x85ba,0x85ba,0x8dba,0x85ba,0x859a,0x8579,0x8559,0x7d38,0x74f7,0x6cb6,
0x6455,0x5bf3,0x5391,0x4b10,0x3a8e,0x320b,0x0000,0x0000,0x5bf3,0x6454,0x6cb6,0x74f7,0x7d38,0x7d59,0x8579,0x859a,
0x85ba,0x85ba,0x85ba,0x859a,0x8579,0x8559,0x7d38,0x74f7,0x6c96,0x6454,0x5bf3,0x5391,0x4b10,0x3a8d,0x320b,0x0000,
0x5371,0x5bd3,0x6434,0x6c95,0x74d7,0x7d17,0x7d58,0x8579,0x8599,0x859a,0x859a,0x859a,0x8599,0x8579,0x7d58,0x7d18,
0x74d7,0x6c95,0x6434,0x5bd3,0x5371,0x42ef,0x3a6d,0x29eb,0x1949,0x0000,0x5bd2,0x6414,0x6c75,0x74b6,0x74f7,0x7d38,
0x7d58,0x8579,0x8579,0x8579,0x8579,0x8579,0x7d59,0x7d38,0x74f7,0x74b6,0x6c75,0x6434,0x5bd2,0x4b51,0x42ef,0x3a4d,
0x29cb,0x0000,0x0000,0x5392,0x5bf3,0x6454,0x6c96,0x74d7,0x7d17,0x7d38,0x7d58,0x7d58,0x8559,0x8559,0x7d58,0x7d38,
0x7d17,0x74d6,0x6c96,0x6454,0x5bf3,0x5392,0x4b30,0x42ae,0x322c,0x29aa,0x0000,0x0000,0x5371,0x5bd2,0x6414,0x6c75,
0x6c96,0x74d6,0x74f7,0x7d17,0x7d38,0x7d38,0x7d38,0x7d18,0x74f7,0x74d6,0x6c96,0x6c75,0x6414,0x5bd2,0x5371,0x42ef,
0x3a8d,0x320b,0x2169,0x0000,0x0000,0x4b30,0x5391,0x5bd3,0x6434,0x6c55,0x6c95,0x74b6,0x74d7,0x74f7,0x74f7,0x74f7,
0x74d7,0x74b6,0x6c96,0x6c75,0x6434,0x5bd3,0x5391,0x4b30,0x42ae,0x324c,0x29ca,0x1928,0x0000,0x0000,0x0000,0x4b50,
0x5392,0x5bd3,0x6414,0x6454,0x6c75,0x6c96,0x6cb6,0x6cb6,0x6c96,0x6c95,0x6c75,0x6454,0x6414,0x5bd3,0x5392,0x4b30,
0x42cf,0x3a6d,0x320b,0x2189,0x0000,0x0000,0x0000,0x0000,0x42ef,0x4b30,0x5391,0x5bb2,0x5bf3,0x6434,0x6434,0x6454,
0x6455,0x6454,0x6434,0x6434,0x5bf3,0x5bd2,0x5391,0x4b30,0x42ef,0x3a8d,0x322c,0x21aa,0x1928,0x0000,0x0000,0x0000,
0x0000,0x0000,0x42cf,0x4b30,0x5371,0x5392,0x5bd2,0x5bd3,0x5bf3,0x5bf3,0x5bf3,0x5bd3,0x5bd2,0x5392,0x5371,0x4b30,
0x42cf,0x3a8d,0x322c,0x29ca,0x1948,0x0000,0x0000,0x0000,0x0000,0x0000,0x0000,0x0000,0x42ce,0x4b0f,0x4b30,0x5351,
0x5371,0x5391,0x5391,0x5391,0x5371,0x4b51,0x4b30,0x42ef,0x42ae,0x3a6d,0x322c,0x29ca,0x2149,0x0000,0x0000,0x0000,
0x0000,0x0000,0x0000,0x0000,0x0000,0x0000,0x3a8d,0x42ae,0x42ef,0x42ef,0x4b0f,0x4b10,0x4b10,0x42ef,0x42ef,0x42ae,
0x3a8d,0x324c,0x320b,0x21aa,0x1948,0x0000,0x0000,0x0000,0x0000,0x0000,0x0000,0x0000,0x0000,0x0000,0x0000,0x0000,
0x322c,0x3a6d,0x3a6d,0x3a8e,0x3a8e,0x3a8d,0x3a6d,0x3a4d,0x322c,0x320b,0x29ca,0x2189,0x1928,0x0000,0x0000,0x0000,
0x0000,0x0000,0x0000,0x0000,0x0000,0x0000,0x0000,0x0000,0x0000,0x0000,0x0000,0x29eb,0x320b,0x320b,0x320b,0x29eb,
0x29cb,0x29aa,0x2169,0x1928,0x0000,0x0000,0x0000,0x0000,0x0000,0x0000,0x0000,0x0000,0x0000,0x0000,0x0000,0x0000,
0x0000,0x0000,0x0000,0x0000,0x0000,0x0000,0x0000,0x0000,0x1949,0x0000,0x0000,0x0000,0x0000,0x0000,0x0000,0x0000,
0x0000,0x0000,0x0000,0x0000,0x0000,0x0000,0x0000,0x0000,0x0000,0x0000,0x0000,0x0000,0x0000,0x0000,0x0000,0x0000,
0x0000,0x42ce,0x0000,0x0000,0x0000,0x0000,0x0000,0x0000,0x0000,0x0000,0x0000,0x0000,0x0000,0x0000,0x0000,0x0000,
0x0000,0x0000,0x0000,0x0000,0x0000,0x0000,0x4b0f,0x4b2f,0x4b2f,0x4b2f,0x4b0f,0x4b0f,0x42ee,0x42ad,0x3a8d,0x0000,
0x0000,0x0000,0x0000,0x0000,0x0000,0x0000,0x0000,0x0000,0x0000,0x0000,0x0000,0x0000,0x0000,0x4b2f,0x4b50,0x5370,
0x5370,0x5370,0x5370,0x5370,0x4b50,0x4b2f,0x4b0f,0x42ce,0x3a8d,0x324c,0x0000,0x0000,0x0000,0x0000,0x0000,0x0000,
0x0000,0x0000,0x0000,0x0000,0x0000,0x4b50,0x5370,0x5391,0x53b1,0x5bb1,0x5bb1,0x5bb1,0x53b1,0x5391,0x5370,0x4b50,
0x4b0f,0x42ce,0x3a8d,0x324c,0x0000,0x0000,0x0000,0x0000,0x0000,0x0000,0x0000,0x0000,0x0000,0x4b50,0x5391,0x53b1,
0x5bd2,0x5bf2,0x5bf2,0x5bf2,0x5bf2,0x5bd2,0x5bd2,0x53b1,0x5391,0x4b50,0x4b0f,0x42ce,0x3a8d,0x322b,0x0000,0x0000,
0x0000,0x0000,0x0000,0x0000,0x0000,0x4b50,0x5391,0x5bb1,0x5bd2,0x5bf2,0x6413,0x6413,0x6433,0x6413,0x6413,0x5bf2,
0x5bd2,0x5bb1,0x5370,0x4b50,0x42ee,0x42ad,0x3a6c,0x320b,0x0000,0x0000,0x0000,0x0000,0x0000,0x4b2f,0x5370,0x53b1,
0x5bd2,0x6413,0x6433,0x6433,0x6454,0x6454,0x6454,0x6433,0x6433,0x6413,0x5bd2,0x53b1,0x5370,0x4b2f,0x42ee,0x3a8d,
0x322b,0x29ca,0x0000,0x0000,0x0000,0x0000,0x4b50,0x5391,0x5bd2,0x5bf2,0x6433,0x6454,0x6454,0x6c74,0x6c74,0x6c74,
0x6454,0x6433,0x6413,0x5bf2,0x5bd2,0x5391,0x4b50,0x4b0f,0x42ad,0x324c,0x29ea,0x0000,0x0000,0x0000,0x4b0f,0x5370,
0x53b1,0x5bf2,0x6413,0x6433,0x6454,0x6c74,0x6c74,0x6c95,0x6c74,0x6c74,0x6454,0x6433,0x6413,0x5bd2,0x53b1,0x5370,
0x4b0f,0x42ce,0x3a6c,0x29ea,0x2189,0x0000,0x0000,0x4b2f,0x5370,0x5bb1,0x5bf2,0x6413,0x6454,0x6c74,0x6c74,0x6c95,
0x6c95,0x6c95,0x6c74,0x6c74,0x6433,0x6413,0x5bf2,0x5bb1,0x5370,0x4b2f,0x42ce,0x3a6c,0x320b,0x2189,0x0000,0x0000,
0x4b2f,0x5370,0x5bb1,0x5bf2,0x6433,0x6454,0x6c74,0x6c95,0x6c95,0x6c95,0x6c95,0x6c74,0x6c74,0x6454,0x6433,0x5bf2,
0x5bb1,0x5370,0x4b2f,0x42ce,0x3a6c,0x320b,0x21a9,0x0000,0x0000,0x4b2f,0x5370,0x5bb1,0x5bf2,0x6413,0x6454,0x6c74,
0x6c74,0x6c95,0x6c95,0x6c95,0x6c74,0x6c74,0x6454,0x6433,0x5bf2,0x5bb1,0x5370,0x4b2f,0x42ce,0x3a6c,0x320b,0x2189,
0x0000,0x42ce,0x4b0f,0x5370,0x53b1,0x5bd2,0x6413,0x6433,0x6454,0x6c74,0x6c74,0x6c74,0x6c74,0x6c74,0x6c54,0x6433,
0x6413,0x5bd2,0x53b1,0x5350,0x4b0f,0x42ce,0x3a6c,0x29ea,0x2189,0x1907,0x0000,0x4b0f,0x4b50,0x5391,0x5bd2,0x5bf2,
0x6433,0x6433,0x6454,0x6c74,0x6c74,0x6c74,0x6c54,0x6454,0x6433,0x5bf2,0x5bd2,0x5391,0x4b50,0x4b0f,0x3aad,0x324c,
0x29ea,0x2168,0x0000,0x0000,0x42ee,0x4b2f,0x5370,0x53b1,0x5bd2,0x6413,0x6413,0x6433,0x6433,0x6454,0x6454,0x6433,
0x6433,0x6413,0x5bd2,0x53b1,0x5370,0x4b2f,0x42ee,0x3a8d,0x322b,0x29ca,0x2148,0x0000,0x0000,0x42ad,0x4b0f,0x4b50,
0x5391,0x5bb1,0x5bd2,0x5bf2,0x6413,0x6413,0x6433,0x6433,0x6413,0x5bf2,0x5bd2,0x5bb1,0x5391,0x4b50,0x4b0f,0x42ad,
0x3a6c,0x320b,0x21a9,0x1927,0x0000,0x0000,0x3a8d,0x42ce,0x4b0f,0x4b50,0x5370,0x53b1,0x5bd2,0x5bd2,0x5bf2,0x5bf2,
0x5bf2,0x5bd2,0x5bd2,0x53b1,0x5391,0x4b50,0x4b0f,0x42ce,0x3a8d,0x322b,0x29ca,0x2168,0x10e6,0x0000,0x0000,0x0000,
0x3a8d,0x42ce,0x4b0f,0x4b50,0x5370,0x5391,0x53b1,0x5bb1,0x5bb1,0x5bb1,0x53b1,0x5391,0x5370,0x4b50,0x4b0f,0x42ce,
0x3a8d,0x324c,0x29ea,0x2189,0x1927,0x0000,0x0000,0x0000,0x0000,0x324c,0x3a8d,0x42ce,0x42ee,0x4b2f,0x4b50,0x5370,
0x5370,0x5370,0x5370,0x5350,0x4b50,0x4b2f,0x4b0f,0x42ce,0x3a8d,0x324c,0x320b,0x29a9,0x1948,0x10e6,0x0000,0x0000,
0x0000,0x0000,0x0000,0x324c,0x3a8d,0x42ad,0x42ee,0x4b0f,0x4b0f,0x4b2f,0x4b2f,0x4b2f,0x4b0f,0x4b0f,0x42ee,0x42ad,
0x3a8d,0x324c,0x320b,0x29a9,0x2168,0x1907,0x0000,0x0000,0x0000,0x0000,0x0000,0x0000,0x0000,0x322b,0x3a6c,0x3a8d,
0x42ad,0x42ce,0x42ce,0x42ce,0x42ce,0x42ce,0x3aad,0x3a8d,0x3a6c,0x322b,0x29ea,0x29a9,0x2168,0x1907,0x0000,0x0000,
0x0000,0x0000,0x0000,0x0000,0x0000,0x0000,0x0000,0x320b,0x322b,0x324c,0x3a6c,0x3a6c,0x3a6c,0x3a6c,0x3a6c,0x324c,
0x322b,0x320b,0x29ca,0x2189,0x1948,0x1907,0x0000,0x0000,0x0000,0x0000,0x0000,0x0000,0x0000,0x0000,0x0000,0x0000,
0x0000,0x29ca,0x29ea,0x29ea,0x320b,0x320b,0x320b,0x29ea,0x29ea,0x29ca,0x21a9,0x2168,0x1927,0x10e6,0x0000,0x0000,
0x0000,0x0000,0x0000,0x0000,0x0000,0x0000,0x0000,0x0000,0x0000,0x0000,0x0000,0x0000,0x2189,0x2189,0x21a9,0x2189,
0x2189,0x2168,0x2148,0x1927,0x10e6,0x0000,0x0000,0x0000,0x0000,0x0000,0x0000,0x0000,0x0000,0x0000,0x0000,0x0000,
0x0000,0x0000,0x0000,0x0000,0x0000,0x0000,0x0000,0x0000,0x0000,0x1907,0x0000,0x0000,0x0000,0x0000,0x0000,0x0000,
0x0000,0x0000,0x0000,0x0000,0x0000,0x0000,0x0000,0x0000,0x0000,0x0000,0x0000,0x0000,0x0000,0x0000,0x0000,0x0000,
0x0000,0x0000,0x6a04,0x0000,0x0000,0x0000,0x0000,0x0000,0x0000,0x0000,0x0000,0x0000,0x0000,0x0000,0x0000,0x0000,
0x0000,0x0000,0x0000,0x0000,0x0000,0x0000,0x0000,0x7a45,0x7a45,0x7a45,0x7a45,0x7a45,0x7a45,0x7224,0x6a04,0x61e4,
0x0000,0x0000,0x0000,0x0000,0x0000,0x0000,0x0000,0x0000,0x0000,0x0000,0x0000,0x0000,0x0000,0x0000,0x7a65,0x8265,
0x8285,0x8a85,0x8a85,0x8a85,0x8285,0x8265,0x7a45,0x7a45,0x7204,0x69e4,0x59a3,0x0000,0x0000,0x0000,0x0000,0x0000,
0x0000,0x0000,0x0000,0x0000,0x0000,0x0000,0x8265,0x8a85,0x8aa5,0x92a6,0x92c6,0x92c6,0x92c6,0x92a6,0x8aa5,0x8a85,
0x8265,0x7a45,0x7224,0x61e4,0x59a3,0x0000,0x0000,0x0000,0x0000,0x0000,0x0000,0x0000,0x0000,0x0000,0x8265,0x8aa5,
0x92a6,0x92c6,0x9ae6,0x9ae6,0x9ae6,0x9ae6,0x9ae6,0x92c6,0x92a6,0x8aa5,0x8265,0x7a45,0x7204,0x61e4,0x59a3,0x0000,
0x0000,0x0000,0x0000,0x0000,0x0000,0x0000,0x8265,0x8aa5,0x92c6,0x9ac6,0x9ae6,0xa306,0xa306,0xa306,0xa306,0xa306,
0x9ae6,0x9ae6,0x92c6,0x8a85,0x8265,0x7224,0x6a04,0x61c4,0x5183,0x0000,0x0000,0x0000,0x0000,0x0000,0x7a65,0x8a85,
0x92a6,0x9ac6,0xa306,0xa306,0xab27,0xab27,0xab27,0xab27,0xab27,0xa306,0xa306,0x9ac6,0x92a6,0x8a85,0x7a45,0x7224,
0x61e4,0x51a3,0x4142,0x0000,0x0000,0x0000,0x0000,0x8265,0x8aa5,0x92c6,0x9ae6,0xa306,0xab27,0xab27,0xab47,0xab47,
0xab47,0xab27,0xab27,0xa306,0x9ae6,0x92c6,0x8aa5,0x8265,0x7a45,0x6a04,0x59a3,0x4963,0x0000,0x0000,0x0000,0x7a45,
0x8285,0x92a6,0x9ae6,0xa306,0xab27,0xab27,0xb347,0xb347,0xb367,0xb347,0xb347,0xab27,0xab27,0xa306,0x9ae6,0x92a6,
0x8285,0x7a45,0x6a04,0x59c3,0x4963,0x3922,0x0000,0x0000,0x7a45,0x8a85,0x92c6,0x9ae6,0xa306,0xab27,0xab47,0xb347,
0xb367,0xb367,0xb367,0xb347,0xab47,0xab27,0xa306,0x9ae6,0x92c6,0x8a85,0x7a45,0x7204,0x61c4,0x5183,0x4122,0x0000,
0x0000,0x7a45,0x8a85,0x92c6,0x9ae6,0xa306,0xab27,0xab47,0xb367,0xb367,0xb367,0xb367,0xb347,0xab47,0xab27,0xa306,
0x9ae6,0x92c6,0x8a85,0x7a45,0x7204,0x61c4,0x5183,0x4122,0x0000,0x0000,0x7a45,0x8a85,0x92c6,0x9ae6,0xa306,0xab27,
0xab47,0xb347,0xb367,0xb367,0xb367,0xb347,0xab47,0xab27,0xa306,0x9ae6,0x92c6,0x8a85,0x7a45,0x7204,0x61c4,0x5183,
0x4122,0x0000,0x6a04,0x7a45,0x8285,0x92a6,0x9ae6,0xa306,0xab27,0xab27,0xb347,0xb347,0xb347,0xb347,0xb347,0xab47,
0xab27,0xa306,0x9ae6,0x92a6,0x8285,0x7a45,0x6a04,0x59c3,0x4963,0x3922,0x28c1,0x0000,0x7a45,0x8265,0x8aa5,0x92c6,
0x9ae6,0xa306,0xab27,0xab27,0xab47,0xab47,0xab47,0xab47,0xab27,0xa306,0x9ae6,0x92c6,0x8aa5,0x8265,0x7a45,0x69e4,
0x59a3,0x4963,0x3902,0x0000,0x0000,0x7224,0x7a45,0x8a85,0x92a6,0x9ae6,0xa306,0xa306,0xab27,0xab27,0xab27,0xab27,
0xab27,0xa306,0xa306,0x9ac6,0x92a6,0x8a85,0x7a65,0x7224,0x61e4,0x5183,0x4142,0x3102,0x0000,0x0000,0x6a04,0x7a45,
0x8265,0x8aa5,0x92c6,0x9ac6,0x9ae6,0xa306,0xa306,0xa306,0xa306,0xa306,0x9ae6,0x9ac6,0x92c6,0x8aa5,0x8265,0x7a45,
0x6a04,0x59c3,0x5183,0x4122,0x28e1,0x0000,0x0000,0x61e4,0x7204,0x7a45,0x8265,0x8a85,0x92a6,0x92c6,0x9ae6,0x9ae6,
0x9ae6,0x9ae6,0x9ae6,0x92c6,0x92a6,0x8aa5,0x8265,0x7a45,0x7204,0x61e4,0x51a3,0x4943,0x3902,0x20a1,0x0000,0x0000,
0x0000,0x69e4,0x7224,0x7a45,0x8265,0x8a85,0x8aa5,0x92a6,0x92c6,0x92c6,0x92c6,0x92a6,0x8aa5,0x8a85,0x8265,0x7a45,
0x7224,0x61e4,0x59a3,0x4963,0x4122,0x30e2,0x0000,0x0000,0x0000,0x0000,0x59a3,0x61e4,0x7204,0x7224,0x7a45,0x8265,
0x8285,0x8a85,0x8a85,0x8a85,0x8285,0x8265,0x7a65,0x7a45,0x7204,0x61e4,0x59a3,0x5183,0x4142,0x30e2,0x20a1,0x0000,
0x0000,0x0000,0x0000,0x0000,0x59a3,0x61e4,0x6a04,0x7224,0x7a45,0x7a45,0x7a45,0x7a45,0x7a45,0x7a45,0x7a45,0x7224,
0x6a04,0x61e4,0x59a3,0x5183,0x4142,0x3902,0x28c1,0x0000,0x0000,0x0000,0x0000,0x0000,0x0000,0x0000,0x59a3,0x61c4,
0x61e4,0x6a04,0x6a04,0x7204,0x7204,0x7204,0x6a04,0x69e4,0x61e4,0x59c3,0x51a3,0x4963,0x4142,0x3902,0x28c1,0x0000,
0x0000,0x0000,0x0000,0x0000,0x0000,0x0000,0x0000,0x0000,0x5183,0x51a3,0x59a3,0x59c3,0x61c4,0x61c4,0x61c4,0x59c3,
0x59a3,0x5183,0x5183,0x4943,0x4122,0x30e2,0x28c1,0x0000,0x0000,0x0000,0x0000,0x0000,0x0000,0x0000,0x0000,0x0000,
0x0000,0x0000,0x4142,0x4963,0x4963,0x5183,0x5183,0x5183,0x4963,0x4963,0x4142,0x4122,0x3902,0x30e2,0x20a1,0x0000,
0x0000,0x0000,0x0000,0x0000,0x0000,0x0000,0x0000,0x0000,0x0000,0x0000,0x0000,0x0000,0x0000,0x3922,0x4122,0x4122,
0x4122,0x3922,0x3902,0x3102,0x28e1,0x20a1,0x0000,0x0000,0x0000,0x0000,0x0000,0x0000,0x0000,0x0000,0x0000,0x0000,
0x0000,0x0000,0x0000,0x0000,0x0000,0x0000,0x0000,0x0000,0x0000,0x0000,0x28c1,0x0000,0x0000,0x0000,0x0000,0x0000,
0x0000,0x0000,0x0000,0x0000,0x0000,0x0000,0x0000,0x0000,0x0000,0x0000,0x0000,0x0000,0x0000,0x0000,0x0000,0x0000,
0x0000,0x0000,0x0000,0x59a3,0x0000,0x0000,0x0000,0x0000,0x0000,0x0000,0x0000,0x0000,0x0000,0x0000,0x0000,0x0000,
0x0000,0x0000,0x0000,0x0000,0x0000,0x0000,0x0000,0x0000,0x61c4,0x61e4,0x61e4,0x61e4,0x61c4,0x61c4,0x59a3,0x5183,
0x5183,0x0000,0x0000,0x0000,0x0000,0x0000,0x0000,0x0000,0x0000,0x0000,0x0000,0x0000,0x0000,0x0000,0x0000,0x61e4,
0x69e4,0x6a04,0x6a04,0x6a04,0x6a04,0x6a04,0x69e4,0x61e4,0x61c4,0x59a3,0x5183,0x4963,0x0000,0x0000,0x0000,0x0000,
0x0000,0x0000,0x0000,0x0000,0x0000,0x0000,0x0000,0x69e4,0x6a04,0x7224,0x7224,0x7224,0x7224,0x7224,0x7224,0x7224,
0x6a04,0x69e4,0x61c4,0x59a3,0x5183,0x4943,0x0000,0x0000,0x0000,0x0000,0x0000,0x0000,0x0000,0x0000,0x0000,0x69e4,
0x7204,0x7224,0x7a45,0x7a45,0x7a45,0x7a45,0x7a45,0x7a45,0x7a45,0x7224,0x7204,0x69e4,0x61c4,0x59a3,0x5183,0x4142,
0x0000,0x0000,0x0000,0x0000,0x0000,0x0000,0x0000,0x69e4,0x7204,0x7224,0x7a45,0x7a65,0x8265,0x8265,0x8265,0x8265,
0x8265,0x7a65,0x7a45,0x7224,0x6a04,0x69e4,0x59c3,0x5183,0x4963,0x4122,0x0000,0x0000,0x0000,0x0000,0x0000,0x61e4,
0x6a04,0x7224,0x7a45,0x8265,0x8265,0x8285,0x8a85,0x8a85,0x8a85,0x8285,0x8265,0x8265,0x7a45,0x7224,0x6a04,0x61e4,
0x59a3,0x5183,0x4142,0x3902,0x0000,0x0000,0x0000,0x0000,0x69e4,0x7224,0x7a45,0x7a65,0x8265,0x8a85,0x8a85,0x8aa5,
0x8aa5,0x8aa5,0x8a85,0x8285,0x8265,0x7a45,0x7a45,0x7224,0x69e4,0x61c4,0x5183,0x4963,0x3922,0x0000,0x0000,0x0000,
0x61c4,0x6a04,0x7224,0x7a45,0x8265,0x8285,0x8a85,0x8aa5,0x8aa5,0x92a6,0x8aa5,0x8aa5,0x8a85,0x8285,0x8265,0x7a45,
0x7224,0x6a04,0x61c4,0x59a3,0x4963,0x3922,0x30e2,0x0000,0x0000,0x61e4,0x6a04,0x7224,0x7a45,0x8265,0x8a85,0x8aa5,
0x8aa5,0x92a6,0x92a6,0x92a6,0x8aa5,0x8aa5,0x8285,0x8265,0x7a45,0x7224,0x6a04,0x61e4,0x59a3,0x4963,0x4122,0x30e2,
0x0000,0x0000,0x61e4,0x6a04,0x7224,0x7a45,0x8265,0x8a85,0x8aa5,0x92a6,0x92a6,0x92a6,0x92a6,0x8aa5,0x8aa5,0x8a85,
0x8265,0x7a45,0x7224,0x6a04,0x61e4,0x59a3,0x4963,0x4122,0x30e2,0x0000,0x0000,0x61e4,0x6a04,0x7224,0x7a45,0x8265,
0x8a85,0x8aa5,0x8aa5,0x92a6,0x92a6,0x92a6,0x8aa5,0x8aa5,0x8a85,0x8265,0x7a45,0x7224,0x6a04,0x61e4,0x59a3,0x4963,
0x4122,0x30e2,0x0000,0x59a3,0x61c4,0x6a04,0x7224,0x7a45,0x8265,0x8285,0x8a85,0x8aa5,0x8aa5,0x8aa5,0x8aa5,0x8aa5,
0x8a85,0x8285,0x8265,0x7a45,0x7224,0x6a04,0x61c4,0x59a3,0x4963,0x3922,0x30e2,0x20a1,0x0000,0x61c4,0x69e4,0x7224,
0x7a45,0x7a65,0x8265,0x8285,0x8a85,0x8aa5,0x8aa5,0x8aa5,0x8a85,0x8a85,0x8265,0x7a65,0x7a45,0x7204,0x69e4,0x61c4,
0x5183,0x4963,0x3922,0x28c1,0x0000,0x0000,0x59a3,0x61e4,0x6a04,0x7224,0x7a45,0x8265,0x8265,0x8285,0x8285,0x8a85,
0x8a85,0x8285,0x8265,0x8265,0x7a45,0x7224,0x6a04,0x61e4,0x59a3,0x5183,0x4142,0x3902,0x28c1,0x0000,0x0000,0x5183,
0x61c4,0x69e4,0x7204,0x7224,0x7a45,0x7a45,0x8265,0x8265,0x8265,0x8265,0x8265,0x7a65,0x7a45,0x7224,0x7204,0x69e4,
0x61c4,0x5183,0x4963,0x4122,0x30e2,0x20a1,0x0000,0x0000,0x5183,0x59a3,0x61c4,0x69e4,0x6a04,0x7224,0x7a45,0x7a45,
0x7a45,0x7a45,0x7a45,0x7a45,0x7a45,0x7224,0x7204,0x69e4,0x61c4,0x59a3,0x5183,0x4142,0x3902,0x28c1,0x1881,0x0000,
0x0000,0x0000,0x5183,0x59a3,0x61c4,0x69e4,0x6a04,0x7224,0x7224,0x7224,0x7224,0x7224,0x7224,0x7204,0x6a04,0x69e4,
0x61c4,0x59a3,0x5183,0x4943,0x3922,0x30e2,0x20a1,0x0000,0x0000,0x0000,0x0000,0x4963,0x5183,0x59a3,0x59c3,0x61e4,
0x69e4,0x6a04,0x6a04,0x6a04,0x6a04,0x6a04,0x69e4,0x61e4,0x61c4,0x59a3,0x5183,0x4963,0x4122,0x3102,0x28c1,0x1881,
0x0000,0x0000,0x0000,0x0000,0x0000,0x4943,0x5183,0x5183,0x59a3,0x61c4,0x61c4,0x61e4,0x61e4,0x61e4,0x61c4,0x61c4,
0x59a3,0x5183,0x5183,0x4943,0x4122,0x3102,0x28c1,0x2081,0x0000,0x0000,0x0000,0x0000,0x0000,0x0000,0x0000,0x4142,
0x4963,0x5183,0x5183,0x59a3,0x59a3,0x59a3,0x59a3,0x59a3,0x5183,0x5183,0x4963,0x4142,0x3922,0x3102,0x28c1,0x20a1,
0x0000,0x0000,0x0000,0x0000,0x0000,0x0000,0x0000,0x0000,0x0000,0x4122,0x4142,0x4963,0x4963,0x4963,0x4963,0x4963,
0x4963,0x4963,0x4142,0x4122,0x3902,0x30e2,0x28c1,0x2081,0x0000,0x0000,0x0000,0x0000,0x0000,0x0000,0x0000,0x0000,
0x0000,0x0000,0x0000,0x3902,0x3922,0x3922,0x4122,0x4122,0x4122,0x3922,0x3922,0x3902,0x30e2,0x28c1,0x20a1,0x1881,
0x0000,0x0000,0x0000,0x0000,0x0000,0x0000,0x0000,0x0000,0x0000,0x0000,0x0000,0x0000,0x0000,0x0000,0x30e2,0x30e2,
0x30e2,0x30e2,0x30e2,0x28c1,0x28c1,0x20a1,0x1881,0x0000,0x0000,0x0000,0x0000,0x0000,0x0000,0x0000,0x0000,0x0000,
0x0000,0x0000,0x0000,0x0000,0x0000,0x0000,0x0000,0x0000,0x0000,0x0000,0x0000,0x20a1,0x0000,0x0000,0x0000,0x0000,
0x0000,0x0000,0x0000,0x0000,0x0000,0x0000,0x0000,0x0000,0x0000,0x0000,0x0000,0x0000,0x0000,0x0000,0x0000,0x0000,
0x0000,0x0000,0x0000,0x0000,0x0000,0x5371,0x0000,0x0000,0x0000,0x0000,0x0000,0x0000,0x0000,0x0000,0x0000,0x0000,
0x0000,0x0000,0x0000,0x0000,0x0000,0x0000,0x0000,0x0000,0x0000,0x0000,0x0000,0x5bd2,0x5bd3,0x5bf3,0x5bf3,0x5bf3,
0x5bd3,0x5bb2,0x5392,0x5371,0x4b30,0x42ef,0x0000,0x0000,0x0000,0x0000,0x0000,0x0000,0x0000,0x0000,0x0000,0x0000,
0x0000,0x0000,0x0000,0x0000,0x0000,0x6413,0x6414,0x6434,0x6454,0x6454,0x6434,0x6434,0x6414,0x5bf3,0x5bd2,0x5391,
0x4b50,0x4b0f,0x0000,0x0000,0x0000,0x0000,0x0000,0x0000,0x0000,0x0000,0x0000,0x0000,0x0000,0x0000,0x5bf3,0x6434,
0x6454,0x6c75,0x6c95,0x6c96,0x6c96,0x6c95,0x6c75,0x6c75,0x6434,0x6414,0x5bd3,0x53b2,0x4b51,0x42ef,0x3aae,0x0000,
0x0000,0x0000,0x0000,0x0000,0x0000,0x0000,0x0000,0x0000,0x6413,0x6434,0x6c75,0x6c96,0x74b6,0x74d6,0x74d7,0x74d7,
0x74d7,0x74d6,0x6cb6,0x6c95,0x6455,0x6434,0x5bf3,0x5392,0x4b50,0x42ef,0x3a8d,0x0000,0x0000,0x0000,0x0000,0x0000,
0x0000,0x0000,0x5bf3,0x6434,0x6c75,0x6cb6,0x74d6,0x74f7,0x7d17,0x7d17,0x7d18,0x7d17,0x74f7,0x74f7,0x74b6,0x6c96,
0x6c55,0x6414,0x5bd3,0x5391,0x4b30,0x42ce,0x324d,0x0000,0x0000,0x0000,0x0000,0x0000,0x0000,0x6434,0x6c75,0x6cb6,
0x74d7,0x7d17,0x7d38,0x7d38,0x7d58,0x7d58,0x7d38,0x7d38,0x7d18,0x74f7,0x74d6,0x6c95,0x6455,0x6413,0x5bb2,0x5371,
0x42ef,0x3a8d,0x0000,0x0000,0x0000,0x0000,0x0000,0x6413,0x6454,0x6c96,0x74d6,0x7d17,0x7d38,0x7d58,0x8579,0x8579,
0x8579,0x8579,0x7d59,0x7d58,0x7d18,0x74f7,0x74b6,0x6c75,0x6434,0x5bf3,0x5391,0x4b30,0x42ae,0x322c,0x0000,0x0000,
0x0000,0x5bd2,0x6414,0x6c75,0x74b6,0x74f7,0x7d38,0x7d58,0x8579,0x8579,0x8599,0x8599,0x8599,0x8579,0x8559,0x7d38,
0x7d17,0x74d7,0x6c96,0x6455,0x6413,0x53b2,0x4b50,0x42cf,0x3a4d,0x29cb,0x0000,0x0000,0x5bd3,0x6434,0x6c95,0x74d6,
0x7d17,0x7d38,0x8579,0x8579,0x859a,0x85ba,0x85ba,0x859a,0x8599,0x8579,0x7d59,0x7d38,0x74f7,0x74b6,0x6c75,0x6414,
0x5bb2,0x4b51,0x42ef,0x3a6d,0x29eb,0x0000,0x0000,0x5bf3,0x6454,0x6c96,0x74d7,0x7d17,0x7d58,0x8579,0x8599,0x85ba,
0x85ba,0x8dba,0x85ba,0x859a,0x8599,0x8559,0x7d38,0x7d17,0x74b6,0x6c75,0x6434,0x5bd2,0x5371,0x42ef,0x3a8d,0x29eb,
0x0000,0x0000,0x5bf3,0x6454,0x6c96,0x74d7,0x7d18,0x7d58,0x8579,0x8599,0x85ba,0x8dba,0x8dba,0x85ba,0x859a,0x8599,
0x8579,0x7d38,0x7d17,0x74d6,0x6c75,0x6434,0x5bd2,0x5371,0x42ef,0x3a8d,0x29eb,0x0000,0x0000,0x5bf3,0x6434,0x6c95,
0x74d7,0x7d17,0x7d38,0x8579,0x8599,0x859a,0x85ba,0x85ba,0x85ba,0x859a,0x8579,0x8579,0x7d38,0x74f7,0x74b6,0x6c75,
0x6434,0x5bd2,0x5371,0x42ef,0x3a6d,0x29eb,0x0000,0x5371,0x5bd3,0x6434,0x6c75,0x74d6,0x74f7,0x7d38,0x7d59,0x8579,
0x8599,0x859a,0x859a,0x859a,0x8599,0x8579,0x7d58,0x7d38,0x74f7,0x6cb6,0x6c75,0x6414,0x5bb2,0x4b51,0x42cf,0x3a6d,
0x29eb,0x1949,0x0000,0x5bb2,0x6414,0x6c75,0x6cb6,0x74f7,0x7d18,0x7d58,0x8559,0x8579,0x8599,0x8599,0x8579,0x8579,
0x7d59,0x7d38,0x7d17,0x74d6,0x6c96,0x6454,0x5bf3,0x5392,0x4b30,0x42ce,0x324c,0x29ca,0x0000,0x0000,0x5392,0x5bf3,
0x6434,0x6c95,0x74b6,0x74f7,0x7d18,0x7d38,0x7d59,0x8559,0x8579,0x8579,0x7d58,0x7d38,0x7d18,0x74f7,0x74b6,0x6c75,
0x6434,0x5bd3,0x5371,0x4b10,0x3aae,0x322c,0x21aa,0x0000,0x0000,0x5371,0x5bd2,0x6414,0x6455,0x6c96,0x74d6,0x74f7,
0x7d17,0x7d38,0x7d38,0x7d38,0x7d38,0x7d38,0x7d17,0x74f7,0x74b6,0x6c95,0x6454,0x5bf3,0x53b2,0x4b50,0x42ef,0x3a6d,
0x320b,0x2169,0x0000,0x0000,0x4b30,0x5391,0x5bd3,0x6434,0x6c55,0x6c95,0x74b6,0x74d7,0x74f7,0x7d17,0x7d17,0x74f7,
0x74f7,0x74d6,0x74b6,0x6c95,0x6455,0x6413,0x5bd2,0x5371,0x4b10,0x3aae,0x324c,0x29ca,0x1948,0x0000,0x0000,0x42ef,
0x4b50,0x53b2,0x5bf3,0x6414,0x6455,0x6c75,0x6c96,0x74b6,0x74b6,0x74d6,0x74b6,0x6cb6,0x6c96,0x6c75,0x6454,0x6413,
0x5bd2,0x5391,0x4b30,0x42cf,0x3a6d,0x320b,0x2189,0x1908,0x0000,0x0000,0x0000,0x4b0f,0x4b51,0x5392,0x5bd3,0x6413,
0x6434,0x6455,0x6c75,0x6c75,0x6c75,0x6c75,0x6c75,0x6454,0x6434,0x5bf3,0x5bd2,0x5391,0x4b30,0x42ef,0x3a8d,0x322c,
0x29aa,0x1948,0x0000,0x0000,0x0000,0x0000,0x0000,0x42ef,0x4b50,0x5391,0x5bb2,0x5bf3,0x6413,0x6414,0x6434,0x6434,
0x6434,0x6414,0x5bf3,0x5bd3,0x53b2,0x5371,0x4b30,0x42ef,0x3a8e,0x322c,0x29cb,0x2169,0x0000,0x0000,0x0000,0x0000,
0x0000,0x0000,0x3aae,0x42ef,0x4b30,0x5371,0x5391,0x53b2,0x5bb2,0x5bd2,0x5bd2,0x5bd2,0x5bb2,0x5392,0x5371,0x4b50,
0x4b10,0x42cf,0x3a8d,0x322c,0x29eb,0x2169,0x1908,0x0000,0x0000,0x0000,0x0000,0x0000,0x0000,0x0000,0x3a8d,0x42ce,
0x42ef,0x4b30,0x4b50,0x4b51,0x5371,0x5371,0x5371,0x4b51,0x4b30,0x4b10,0x42ef,0x3aae,0x3a6d,0x322c,0x29cb,0x2169,
0x1908,0x0000,0x0000,0x0000,0x0000,0x0000,0x0000,0x0000,0x0000,0x0000,0x324d,0x3a8d,0x42ae,0x42cf,0x42ef,0x42ef,
0x42ef,0x42ef,0x42cf,0x42ce,0x3aae,0x3a6d,0x324c,0x320b,0x29aa,0x2169,0x1908,0x0000,0x0000,0x0000,0x0000,0x0000,
0x0000,0x0000,0x0000,0x0000,0x0000,0x0000,0x0000,0x322c,0x3a4d,0x3a6d,0x3a8d,0x3a8d,0x3a6d,0x3a6d,0x324c,0x322c,
0x320b,0x29ca,0x2189,0x1948,0x0000,0x0000,0x0000,0x0000,0x0000,0x0000,0x0000,0x0000,0x0000,0x0000,0x0000,0x0000,
0x0000,0x0000,0x0000,0x29cb,0x29eb,0x29eb,0x29eb,0x29eb,0x29eb,0x29ca,0x21aa,0x2169,0x1948,0x1908,0x0000,0x0000,
0x0000,0x0000,0x0000,0x0000,0x0000,0x0000,0x0000,0x0000,0x0000,0x0000,0x0000,0x0000,0x0000,0x0000,0x0000,0x0000,
0x0000,0x0000,0x0000,0x1949,0x0000,0x0000,0x0000,0x0000,0x0000,0x0000,0x0000,0x0000,0x0000,0x0000,0x0000,0x0000,
0x0000,0x0000,0x0000,0x0000,0x0000,0x0000,0x0000,0x0000,0x0000,0x0000,0x0000,0x0000,0x0000,0x0000,0x42ce,0x0000,
0x0000,0x0000,0x0000,0x0000,0x0000,0x0000,0x0000,0x0000,0x0000,0x0000,0x0000,0x0000,0x0000,0x0000,0x0000,0x0000,
0x0000,0x0000,0x0000,0x0000,0x4b0f,0x4b0f,0x4b2f,0x4b2f,0x4b2f,0x4b0f,0x42ee,0x42ee,0x42ad,0x3a8d,0x3a4c,0x0000,
0x0000,0x0000,0x0000,0x0000,0x0000,0x0000,0x0000,0x0000,0x0000,0x0000,0x0000,0x0000,0x0000,0x0000,0x4b2f,0x4b50,
0x5350,0x5370,0x5370,0x5370,0x4b50,0x4b50,0x4b2f,0x4b0f,0x42ce,0x3aad,0x3a6c,0x0000,0x0000,0x0000,0x0000,0x0000,
0x0000,0x0000,0x0000,0x0000,0x0000,0x0000,0x0000,0x4b2f,0x4b50,0x5370,0x5391,0x5391,0x53b1,0x53b1,0x53b1,0x5391,
0x5391,0x5370,0x4b50,0x4b0f,0x42ee,0x3aad,0x3a6c,0x320b,0x0000,0x0000,0x0000,0x0000,0x0000,0x0000,0x0000,0x0000,
0x0000,0x4b2f,0x5370,0x5391,0x53b1,0x5bd2,0x5bd2,0x5bd2,0x5bd2,0x5bd2,0x5bd2,0x5bb1,0x5391,0x5370,0x4b50,0x4b0f,
0x42ce,0x3aad,0x324c,0x320b,0x0000,0x0000,0x0000,0x0000,0x0000,0x0000,0x0000,0x4b2f,0x5370,0x5391,0x5bb1,0x5bd2,
0x5bf2,0x6413,0x6413,0x6413,0x6413,0x5bf2,0x5bf2,0x5bd2,0x53b1,0x5370,0x4b50,0x4b0f,0x42ce,0x3a8d,0x322b,0x29ca,
0x0000,0x0000,0x0000,0x0000,0x0000,0x0000,0x4b50,0x5391,0x5bb1,0x5bf2,0x6413,0x6413,0x6433,0x6433,0x6433,0x6433,
0x6433,0x6413,0x5bf2,0x5bd2,0x53b1,0x5370,0x4b2f,0x42ee,0x42ad,0x3a6c,0x320b,0x0000,0x0000,0x0000,0x0000,0x0000,
0x4b2f,0x5370,0x53b1,0x5bd2,0x6413,0x6433,0x6433,0x6454,0x6454,0x6454,0x6454,0x6454,0x6433,0x6413,0x5bf2,0x5bd2,
0x5391,0x5350,0x4b0f,0x42ce,0x3a8d,0x322b,0x29ca,0x0000,0x0000,0x0000,0x4b0f,0x4b50,0x5391,0x5bd2,0x5bf2,0x6413,
0x6433,0x6454,0x6c74,0x6c74,0x6c74,0x6c74,0x6c74,0x6454,0x6433,0x6413,0x5bd2,0x5bb1,0x5370,0x4b2f,0x42ee,0x3a8d,
0x324c,0x29ea,0x2168,0x0000,0x0000,0x4b0f,0x5350,0x5391,0x5bd2,0x6413,0x6433,0x6454,0x6c74,0x6c74,0x6c95,0x6c95,
0x6c74,0x6c74,0x6454,0x6454,0x6413,0x5bf2,0x5bd2,0x5391,0x4b50,0x42ee,0x3aad,0x324c,0x29ea,0x2189,0x0000,0x0000,
0x4b2f,0x5370,0x53b1,0x5bd2,0x6413,0x6433,0x6454,0x6c74,0x6c95,0x6c95,0x6c95,0x6c95,0x6c74,0x6c74,0x6454,0x6433,
0x6413,0x5bd2,0x5391,0x4b50,0x4b0f,0x42ad,0x3a4c,0x320b,0x2189,0x0000,0x0000,0x4b2f,0x5370,0x53b1,0x5bd2,0x6413,
0x6433,0x6454,0x6c74,0x6c95,0x6c95,0x6c95,0x6c95,0x6c74,0x6c74,0x6454,0x6433,0x6413,0x5bd2,0x5391,0x4b50,0x4b0f,
0x42ad,0x3a6c,0x320b,0x2189,0x0000,0x0000,0x4b2f,0x5370,0x53b1,0x5bd2,0x6413,0x6433,0x6454,0x6c74,0x6c74,0x6c95,
0x6c95,0x6c95,0x6c74,0x6c74,0x6454,0x6433,0x5bf2,0x5bd2,0x5391,0x4b50,0x4b0f,0x42ad,0x3a4c,0x29ea,0x2189,0x0000,
0x42ce,0x4b0f,0x4b50,0x5391,0x5bd2,0x5bf2,0x6433,0x6454,0x6c74,0x6c74,0x6c74,0x6c74,0x6c74,0x6c74,0x6c54,0x6433,
0x6413,0x5bf2,0x5bb1,0x5391,0x4b50,0x42ee,0x3aad,0x324c,0x29ea,0x2189,0x1907,0x0000,0x42ee,0x4b50,0x5391,0x5bb1,
0x5bf2,0x6413,0x6433,0x6454,0x6454,0x6c74,0x6c74,0x6c74,0x6c54,0x6454,0x6433,0x6413,0x5bd2,0x53b1,0x5370,0x4b2f,
0x42ee,0x3a8d,0x322b,0x29ca,0x2168,0x0000,0x0000,0x42ee,0x4b2f,0x5370,0x5391,0x5bd2,0x5bf2,0x6413,0x6433,0x6454,
0x6454,0x6454,0x6454,0x6433,0x6433,0x6413,0x5bf2,0x5bd2,0x5391,0x4b50,0x4b0f,0x42ce,0x3a6c,0x320b,0x29a9,0x1948,
0x0000,0x0000,0x42ad,0x4b0f,0x4b50,0x5370,0x53b1,0x5bd2,0x5bf2,0x6413,0x6413,0x6433,0x6433,0x6433,0x6413,0x6413,
0x5bf2,0x5bd2,0x5391,0x5370,0x4b2f,0x42ee,0x3aad,0x324c,0x29ea,0x2189,0x1927,0x0000,0x0000,0x3a8d,0x42ce,0x4b0f,
0x4b50,0x5370,0x53b1,0x5bd2,0x5bd2,0x5bf2,0x6413,0x6413,0x5bf2,0x5bf2,0x5bd2,0x5bd2,0x5391,0x5370,0x4b2f,0x4b0f,
0x42ce,0x3a6c,0x322b,0x29ca,0x2168,0x1907,0x0000,0x0000,0x3a4c,0x3aad,0x42ee,0x4b0f,0x4b50,0x5370,0x5391,0x5bb1,
0x5bd2,0x5bd2,0x5bd2,0x5bd2,0x5bb1,0x53b1,0x5391,0x5370,0x4b2f,0x4b0f,0x42ce,0x3a8d,0x324c,0x29ea,0x2189,0x1927,
0x10e6,0x0000,0x0000,0x0000,0x3a6c,0x3aad,0x42ce,0x4b0f,0x4b2f,0x5350,0x5370,0x5391,0x5391,0x5391,0x5391,0x5391,
0x5370,0x4b50,0x4b2f,0x4b0f,0x42ce,0x3a8d,0x324c,0x320b,0x29a9,0x2168,0x1907,0x0000,0x0000,0x0000,0x0000,0x0000,
0x3a6c,0x3aad,0x42ce,0x42ee,0x4b0f,0x4b2f,0x4b50,0x4b50,0x4b50,0x4b50,0x4b50,0x4b2f,0x4b0f,0x42ee,0x42ce,0x3a8d,
0x324c,0x320b,0x29ca,0x2168,0x1907,0x0000,0x0000,0x0000,0x0000,0x0000,0x0000,0x320b,0x324c,0x3a8d,0x42ad,0x42ce,
0x42ee,0x42ee,0x4b0f,0x4b0f,0x4b0f,0x42ee,0x42ee,0x42ce,0x3aad,0x3a6c,0x324c,0x320b,0x29ca,0x2189,0x1927,0x10e6,
0x0000,0x0000,0x0000,0x0000,0x0000,0x0000,0x0000,0x320b,0x322b,0x3a6c,0x3a8d,0x3a8d,0x3aad,0x42ad,0x42ad,0x42ad,
0x3aad,0x3a8d,0x3a6c,0x324c,0x322b,0x29ea,0x29a9,0x2168,0x1927,0x10e6,0x0000,0x0000,0x0000,0x0000,0x0000,0x0000,
0x0000,0x0000,0x0000,0x29ca,0x320b,0x322b,0x324c,0x324c,0x3a4c,0x3a6c,0x3a4c,0x324c,0x322b,0x320b,0x29ea,0x29ca,
0x2189,0x2168,0x1907,0x10e6,0x0000,0x0000,0x0000,0x0000,0x0000,0x0000,0x0000,0x0000,0x0000,0x0000,0x0000,0x0000,
0x29ca,0x29ea,0x29ea,0x320b,0x320b,0x29ea,0x29ea,0x29ca,0x29a9,0x2189,0x2168,0x1927,0x1907,0x0000,0x0000,0x0000,
0x0000,0x0000,0x0000,0x0000,0x0000,0x0000,0x0000,0x0000,0x0000,0x0000,0x0000,0x0000,0x2168,0x2189,0x2189,0x2189,
0x2189,0x2189,0x2168,0x1948,0x1927,0x1907,0x10e6,0x0000,0x0000,0x0000,0x0000,0x0000,0x0000,0x0000,0x0000,0x0000,
0x0000,0x0000,0x0000,0x0000,0x0000,0x0000,0x0000,0x0000,0x0000,0x0000,0x0000,0x0000,0x1907,0x0000,0x0000,0x0000,
0x0000,0x0000,0x0000,0x0000,0x0000,0x0000,0x0000,0x0000,0x0000,0x0000,0x0000,0x0000,0x0000,0x0000,0x0000,0x0000,
0x0000,0x0000,0x0000,0x0000,0x0000,0x0000,0x0000,0x6a04,0x0000,0x0000,0x0000,0x0000,0x0000,0x0000,0x0000,0x0000,
0x0000,0x0000,0x0000,0x0000,0x0000,0x0000,0x0000,0x0000,0x0000,0x0000,0x0000,0x0000,0x0000,0x7a45,0x7a45,0x7a45,
0x7a45,0x7a45,0x7a45,0x7224,0x7224,0x6a04,0x61e4,0x59c3,0x0000,0x0000,0x0000,0x0000,0x0000,0x0000,0x0000,0x0000,
0x0000,0x0000,0x0000,0x0000,0x0000,0x0000,0x0000,0x8265,0x8265,0x8285,0x8a85,0x8a85,0x8285,0x8265,0x8265,0x7a45,
0x7a45,0x7204,0x69e4,0x61c4,0x0000,0x0000,0x0000,0x0000,0x0000,0x0000,0x0000,0x0000,0x0000,0x0000,0x0000,0x0000,
0x7a45,0x8265,0x8a85,0x8aa5,0x92a6,0x92a6,0x92a6,0x92a6,0x8aa5,0x8aa5,0x8285,0x8265,0x7a45,0x7224,0x69e4,0x59c3,
0x5183,0x0000,0x0000,0x0000,0x0000,0x0000,0x0000,0x0000,0x0000,0x0000,0x8265,0x8285,0x8aa5,0x92a6,0x92c6,0x9ac6,
0x9ae6,0x9ae6,0x9ae6,0x9ac6,0x92c6,0x92a6,0x8a85,0x8265,0x7a45,0x7224,0x69e4,0x59a3,0x5183,0x0000,0x0000,0x0000,
0x0000,0x0000,0x0000,0x0000,0x7a45,0x8285,0x8aa5,0x92c6,0x9ac6,0x9ae6,0xa306,0xa306,0xa306,0xa306,0x9ae6,0x9ae6,
0x92c6,0x92a6,0x8a85,0x8265,0x7a45,0x7204,0x61e4,0x59a3,0x4963,0x0000,0x0000,0x0000,0x0000,0x0000,0x0000,0x8265,
0x8aa5,0x92c6,0x9ae6,0xa306,0xa306,0xa306,0xab27,0xab27,0xa326,0xa306,0xa306,0x9ae6,0x9ac6,0x92a6,0x8a85,0x8265,
0x7224,0x6a04,0x59c3,0x5183,0x0000,0x0000,0x0000,0x0000,0x0000,0x8265,0x8a85,0x92a6,0x9ac6,0xa306,0xa306,0xab27,
0xab27,0xab27,0xab27,0xab27,0xab27,0xab27,0xa306,0x9ae6,0x92c6,0x8aa5,0x8285,0x7a45,0x7204,0x61e4,0x5183,0x4142,
0x0000,0x0000,0x0000,0x7a45,0x8265,0x8aa5,0x92c6,0x9ae6,0xa306,0xab27,0xab27,0xab47,0xb347,0xb347,0xb347,0xab47,
0xab27,0xa306,0xa306,0x9ae6,0x92c6,0x8a85,0x8265,0x7224,0x69e4,0x59a3,0x4963,0x3902,0x0000,0x0000,0x7a45,0x8285,
0x92a6,0x9ac6,0xa306,0xa306,0xab27,0xab47,0xb347,0xb367,0xb367,0xb347,0xb347,0xab27,0xab27,0xa306,0x9ae6,0x92c6,
0x8aa5,0x8265,0x7224,0x69e4,0x59a3,0x4963,0x3922,0x0000,0x0000,0x7a45,0x8a85,0x92a6,0x9ae6,0xa306,0xab27,0xab27,
0xb347,0xb367,0xb367,0xb367,0xb367,0xb347,0xb347,0xab27,0xa306,0xa306,0x92c6,0x8aa5,0x8265,0x7a45,0x6a04,0x59c3,
0x5183,0x3922,0x0000,0x0000,0x7a45,0x8a85,0x92a6,0x9ae6,0xa306,0xab27,0xab27,0xb347,0xb367,0xb367,0xb367,0xb367,
0xb347,0xb347,0xab27,0xa326,0xa306,0x9ac6,0x8aa5,0x8265,0x7a45,0x6a04,0x59c3,0x5183,0x3922,0x0000,0x0000,0x7a45,
0x8285,0x92a6,0x9ae6,0xa306,0xa326,0xab27,0xb347,0xb347,0xb367,0xb367,0xb367,0xb347,0xab47,0xab27,0xa306,0x9ae6,
0x92c6,0x8aa5,0x8265,0x7a45,0x6a04,0x59c3,0x4963,0x3922,0x0000,0x6a04,0x7a45,0x8265,0x8aa5,0x9ac6,0x9ae6,0xa306,
0xab27,0xab47,0xb347,0xb347,0xb347,0xb347,0xb347,0xab47,0xab27,0xa306,0x9ae6,0x92c6,0x8aa5,0x8265,0x7224,0x69e4,
0x59a3,0x4963,0x3922,0x28c1,0x0000,0x7224,0x8265,0x8aa5,0x92c6,0x9ae6,0xa306,0xab27,0xab27,0xab27,0xb347,0xb347,
0xab47,0xab47,0xab27,0xa326,0xa306,0x9ac6,0x92a6,0x8a85,0x7a65,0x7224,0x61e4,0x59a3,0x4943,0x3902,0x0000,0x0000,
0x7224,0x7a45,0x8285,0x92a6,0x92c6,0x9ae6,0xa306,0xa306,0xab27,0xab27,0xab27,0xab27,0xab27,0xa326,0xa306,0x9ae6,
0x92c6,0x8aa5,0x8265,0x7a45,0x6a04,0x61c4,0x5183,0x4142,0x30e2,0x0000,0x0000,0x6a04,0x7a45,0x8265,0x8a85,0x92a6,
0x9ac6,0x9ae6,0xa306,0xa306,0xa306,0xa326,0xa306,0xa306,0xa306,0x9ae6,0x92c6,0x92a6,0x8a85,0x7a65,0x7224,0x69e4,
0x59a3,0x4963,0x4122,0x28e1,0x0000,0x0000,0x61e4,0x7204,0x7a45,0x8265,0x8a85,0x92a6,0x92c6,0x9ae6,0x9ae6,0xa306,
0xa306,0x9ae6,0x9ae6,0x9ac6,0x92c6,0x92a6,0x8a85,0x8265,0x7a45,0x6a04,0x61c4,0x5183,0x4943,0x3902,0x28c1,0x0000,
0x0000,0x59c3,0x69e4,0x7224,0x7a45,0x8265,0x8a85,0x8aa5,0x92c6,0x92c6,0x92c6,0x9ac6,0x92c6,0x92c6,0x92a6,0x8aa5,
0x8a85,0x8265,0x7a45,0x7204,0x61e4,0x59a3,0x4963,0x4122,0x30e2,0x20a1,0x0000,0x0000,0x0000,0x61c4,0x69e4,0x7224,
0x7a45,0x8265,0x8285,0x8a85,0x8aa5,0x8aa5,0x8aa5,0x8aa5,0x8aa5,0x8a85,0x8265,0x7a65,0x7a45,0x7204,0x61e4,0x59a3,
0x5183,0x4142,0x3102,0x28c1,0x0000,0x0000,0x0000,0x0000,0x0000,0x59c3,0x69e4,0x7204,0x7224,0x7a45,0x8265,0x8265,
0x8265,0x8265,0x8265,0x8265,0x7a65,0x7a45,0x7224,0x6a04,0x61e4,0x59a3,0x5183,0x4142,0x3902,0x28c1,0x0000,0x0000,
0x0000,0x0000,0x0000,0x0000,0x5183,0x59a3,0x61e4,0x6a04,0x7204,0x7224,0x7224,0x7a45,0x7a45,0x7a45,0x7224,0x7224,
0x6a04,0x69e4,0x61c4,0x59a3,0x5183,0x4142,0x3922,0x28e1,0x20a1,0x0000,0x0000,0x0000,0x0000,0x0000,0x0000,0x0000,
0x5183,0x59a3,0x59c3,0x61e4,0x69e4,0x69e4,0x6a04,0x6a04,0x6a04,0x69e4,0x61e4,0x61c4,0x59a3,0x5183,0x4963,0x4142,
0x3902,0x28e1,0x20a1,0x0000,0x0000,0x0000,0x0000,0x0000,0x0000,0x0000,0x0000,0x0000,0x4963,0x5183,0x5183,0x59a3,
0x59a3,0x59c3,0x59c3,0x59c3,0x59a3,0x59a3,0x5183,0x4963,0x4943,0x4122,0x3102,0x28c1,0x20a1,0x0000,0x0000,0x0000,
0x0000,0x0000,0x0000,0x0000,0x0000,0x0000,0x0000,0x0000,0x0000,0x4142,0x4963,0x4963,0x5183,0x5183,0x4963,0x4963,
0x4943,0x4142,0x4122,0x3902,0x30e2,0x28c1,0x0000,0x0000,0x0000,0x0000,0x0000,0x0000,0x0000,0x0000,0x0000,0x0000,
0x0000,0x0000,0x0000,0x0000,0x0000,0x3902,0x3922,0x3922,0x3922,0x3922,0x3922,0x3902,0x30e2,0x28e1,0x28c1,0x20a1,
0x0000,0x0000,0x0000,0x0000,0x0000,0x0000,0x0000,0x0000,0x0000,0x0000,0x0000,0x0000,0x0000,0x0000,0x0000,0x0000,
0x0000,0x0000,0x0000,0x0000,0x0000,0x28c1,0x0000,0x0000,0x0000,0x0000,0x0000,0x0000,0x0000,0x0000,0x0000,0x0000,
0x0000,0x0000,0x0000,0x0000,0x0000,0x0000,0x0000,0x0000,0x0000,0x0000,0x0000,0x0000,0x0000,0x0000,0x0000,0x0000,
0x59a3,0x0000,0x0000,0x0000,0x0000,0x0000,0x0000,0x0000,0x0000,0x0000,0x0000,0x0000,0x0000,0x0000,0x0000,0x0000,
0x0000,0x0000,0x0000,0x0000,0x0000,0x0000,0x61c4,0x61c4,0x61e4,0x61e4,0x61e4,0x61c4,0x59c3,0x59a3,0x51a3,0x5183,
0x4963,0x0000,0x0000,0x0000,0x0000,0x0000,0x0000,0x0000,0x0000,0x0000,0x0000,0x0000,0x0000,0x0000,0x0000,0x0000,
0x61e4,0x69e4,0x6a04,0x6a04,0x6a04,0x6a04,0x69e4,0x69e4,0x61e4,0x61c4,0x59a3,0x5183,0x4963,0x0000,0x0000,0x0000,
0x0000,0x0000,0x0000,0x0000,0x0000,0x0000,0x0000,0x0000,0x0000,0x61e4,0x69e4,0x6a04,0x7224,0x7224,0x7224,0x7224,
0x7224,0x7224,0x7204,0x6a04,0x69e4,0x61c4,0x59a3,0x5183,0x4963,0x4142,0x0000,0x0000,0x0000,0x0000,0x0000,0x0000,
0x0000,0x0000,0x0000,0x61e4,0x6a04,0x7204,0x7224,0x7a45,0x7a45,0x7a45,0x7a45,0x7a45,0x7a45,0x7224,0x7224,0x6a04,
0x69e4,0x61c4,0x59a3,0x5183,0x4963,0x4122,0x0000,0x0000,0x0000,0x0000,0x0000,0x0000,0x0000,0x61e4,0x6a04,0x7224,
0x7224,0x7a45,0x7a45,0x8265,0x8265,0x8265,0x8265,0x7a65,0x7a45,0x7a45,0x7224,0x6a04,0x69e4,0x61c4,0x59a3,0x5183,
0x4142,0x3902,0x0000,0x0000,0x0000,0x0000,0x0000,0x0000,0x69e4,0x7204,0x7224,0x7a45,0x8265,0x8265,0x8265,0x8285,
0x8285,0x8285,0x8265,0x8265,0x7a45,0x7a45,0x7224,0x6a04,0x61e4,0x59c3,0x5183,0x4963,0x4122,0x0000,0x0000,0x0000,
0x0000,0x0000,0x61e4,0x6a04,0x7224,0x7a45,0x8265,0x8265,0x8285,0x8a85,0x8a85,0x8a85,0x8a85,0x8a85,0x8285,0x8265,
0x7a45,0x7a45,0x7224,0x6a04,0x61c4,0x59a3,0x5183,0x4142,0x3902,0x0000,0x0000,0x0000,0x61c4,0x69e4,0x7224,0x7a45,
0x7a45,0x8265,0x8285,0x8a85,0x8aa5,0x8aa5,0x8aa5,0x8aa5,0x8aa5,0x8a85,0x8265,0x8265,0x7a45,0x7224,0x6a04,0x61e4,
0x59c3,0x5183,0x4943,0x3922,0x28c1,0x0000,0x0000,0x61c4,0x6a04,0x7224,0x7a45,0x8265,0x8265,0x8a85,0x8aa5,0x8aa5,
0x92a6,0x92a6,0x8aa5,0x8aa5,0x8a85,0x8a85,0x8265,0x7a45,0x7a45,0x7204,0x69e4,0x59c3,0x5183,0x4963,0x3922,0x30e2,
0x0000,0x0000,0x61e4,0x6a04,0x7224,0x7a45,0x8265,0x8285,0x8a85,0x8aa5,0x92a6,0x92a6,0x92a6,0x92a6,0x8aa5,0x8aa5,
0x8a85,0x8265,0x8265,0x7a45,0x7224,0x69e4,0x61c4,0x5183,0x4963,0x4122,0x30e2,0x0000,0x0000,0x61e4,0x6a04,0x7224,
0x7a45,0x8265,0x8285,0x8a85,0x8aa5,0x92a6,0x92a6,0x92a6,0x92a6,0x8aa5,0x8aa5,0x8a85,0x8285,0x8265,0x7a45,0x7224,
0x69e4,0x61c4,0x5183,0x4963,0x4122,0x30e2,0x0000,0x0000,0x61e4,0x6a04,0x7224,0x7a45,0x8265,0x8285,0x8a85,0x8aa5,
0x8aa5,0x92a6,0x92a6,0x92a6,0x8aa5,0x8aa5,0x8a85,0x8265,0x7a65,0x7a45,0x7224,0x69e4,0x61c4,0x5183,0x4963,0x3922,
0x30e2,0x0000,0x59a3,0x61c4,0x69e4,0x7224,0x7a45,0x7a65,0x8265,0x8a85,0x8aa5,0x8aa5,0x8aa5,0x8aa5,0x8aa5,0x8aa5,
0x8a85,0x8285,0x8265,0x7a45,0x7224,0x7204,0x69e4,0x59c3,0x5183,0x4943,0x3922,0x30e2,0x20a1,0x0000,0x59c3,0x69e4,
0x7204,0x7224,0x7a45,0x8265,0x8285,0x8a85,0x8a85,0x8aa5,0x8aa5,0x8aa5,0x8a85,0x8a85,0x8285,0x8265,0x7a45,0x7224,
0x6a04,0x61e4,0x59a3,0x5183,0x4142,0x3902,0x28c1,0x0000,0x0000,0x59a3,0x61e4,0x6a04,0x7224,0x7a45,0x7a45,0x8265,
0x8265,0x8a85,0x8a85,0x8a85,0x8a85,0x8285,0x8285,0x8265,0x7a45,0x7a45,0x7204,0x69e4,0x61c4,0x59a3,0x4963,0x4142,
0x3102,0x28c1,0x0000,0x0000,0x51a3,0x61c4,0x69e4,0x6a04,0x7224,0x7a45,0x7a45,0x8265,0x8265,0x8265,0x8285,0x8265,
0x8265,0x8265,0x7a45,0x7a45,0x7224,0x6a04,0x61e4,0x59a3,0x5183,0x4963,0x3922,0x30e2,0x20a1,0x0000,0x0000,0x5183,
0x59a3,0x61c4,0x69e4,0x6a04,0x7224,0x7a45,0x7a45,0x7a45,0x8265,0x8265,0x7a65,0x7a45,0x7a45,0x7a45,0x7224,0x6a04,
0x61e4,0x61c4,0x59a3,0x4963,0x4142,0x3902,0x28c1,0x2081,0x0000,0x0000,0x4963,0x5183,0x59a3,0x61c4,0x69e4,0x6a04,
0x7224,0x7224,0x7a45,0x7a45,0x7a45,0x7a45,0x7224,0x7224,0x7204,0x6a04,0x61e4,0x61c4,0x59a3,0x5183,0x4943,0x3922,
0x30e2,0x20a1,0x1881,0x0000,0x0000,0x0000,0x4963,0x5183,0x59a3,0x61c4,0x61e4,0x6a04,0x6a04,0x7204,0x7224,0x7224,
0x7224,0x7204,0x6a04,0x69e4,0x61e4,0x61c4,0x59a3,0x5183,0x4963,0x4122,0x3102,0x28c1,0x2081,0x0000,0x0000,0x0000,
0x0000,0x0000,0x4963,0x5183,0x59a3,0x59c3,0x61c4,0x61e4,0x69e4,0x69e4,0x69e4,0x69e4,0x69e4,0x61e4,0x61c4,0x59a3,
0x59a3,0x5183,0x4963,0x4122,0x3902,0x28e1,0x20a1,0x0000,0x0000,0x0000,0x0000,0x0000,0x0000,0x4142,0x4963,0x5183,
0x5183,0x59a3,0x59c3,0x59c3,0x61c4,0x61c4,0x61c4,0x59c3,0x59a3,0x59a3,0x5183,0x4963,0x4943,0x4122,0x3902,0x30e2,
0x20a1,0x1881,0x0000,0x0000,0x0000,0x0000,0x0000,0x0000,0x0000,0x4122,0x4142,0x4963,0x5183,0x5183,0x5183,0x5183,
0x5183,0x5183,0x5183,0x5183,0x4963,0x4963,0x4142,0x3922,0x3102,0x28e1,0x20a1,0x1881,0x0000,0x0000,0x0000,0x0000,
0x0000,0x0000,0x0000,0x0000,0x0000,0x3902,0x4122,0x4142,0x4943,0x4963,0x4963,0x4963,0x4963,0x4943,0x4142,0x4142,
0x3922,0x3902,0x30e2,0x28c1,0x20a1,0x1881,0x0000,0x0000,0x0000,0x0000,0x0000,0x0000,0x0000,0x0000,0x0000,0x0000,
0x0000,0x0000,0x3902,0x3922,0x3922,0x4122,0x4122,0x3922,0x3922,0x3902,0x3102,0x30e2,0x28c1,0x20a1,0x2081,0x0000,
0x0000,0x0000,0x0000,0x0000,0x0000,0x0000,0x0000,0x0000,0x0000,0x0000,0x0000,0x0000,0x0000,0x0000,0x28c1,0x30e2,
0x30e2,0x30e2,0x30e2,0x30e2,0x28c1,0x28c1,0x20a1,0x2081,0x1881,0x0000,0x0000,0x0000,0x0000,0x0000,0x0000,0x0000,
0x0000,0x0000,0x0000,0x0000,0x0000,0x0000,0x0000,0x0000,0x0000,0x0000,0x0000,0x0000,0x0000,0x0000,0x20a1,0x0000,
0x0000,0x0000,0x0000,0x0000,0x0000,0x0000,0x0000,0x0000,0x0000,0x0000,0x0000,0x0000,0x0000,0x0000,0x0000,0x0000,
0x0000,0x0000,0x0000,0x0000,0x0000,0x0000,0x0000,0x0000,0x0000,0x0000,0x5371,0x0000,0x0000,0x0000,0x0000,0x0000,
0x0000,0x0000,0x0000,0x0000,0x0000,0x0000,0x0000,0x0000,0x0000,0x0000,0x0000,0x0000,0x0000,0x0000,0x0000,0x0000,
0x0000,0x0000,0x5bd2,0x5bd3,0x5bf3,0x5bf3,0x5bf3,0x5bd2,0x5bb2,0x5392,0x5371,0x4b30,0x4b0f,0x0000,0x0000,0x0000,
0x0000,0x0000,0x0000,0x0000,0x0000,0x0000,0x0000,0x0000,0x0000,0x0000,0x0000,0x0000,0x0000,0x5bf3,0x6413,0x6414,
0x6434,0x6434,0x6434,0x6434,0x6434,0x6413,0x5bf3,0x5bb2,0x5392,0x5351,0x4b10,0x42cf,0x0000,0x0000,0x0000,0x0000,
0x0000,0x0000,0x0000,0x0000,0x0000,0x0000,0x0000,0x0000,0x0000,0x6413,0x6434,0x6454,0x6c75,0x6c75,0x6c95,0x6c95,
0x6c75,0x6c75,0x6455,0x6434,0x6413,0x5bf3,0x53b2,0x5371,0x4b10,0x42ce,0x0000,0x0000,0x0000,0x0000,0x0000,0x0000,
0x0000,0x0000,0x0000,0x0000,0x0000,0x6414,0x6454,0x6c75,0x6c95,0x6cb6,0x74b6,0x74d6,0x74d6,0x74b6,0x6cb6,0x6c96,
0x6c75,0x6455,0x6414,0x5bf3,0x53b2,0x5351,0x4b0f,0x42ae,0x0000,0x0000,0x0000,0x0000,0x0000,0x0000,0x0000,0x0000,
0x0000,0x6414,0x6454,0x6c95,0x6cb6,0x74d6,0x74f7,0x74f7,0x7d17,0x74f7,0x74f7,0x74f7,0x74d7,0x74b6,0x6c95,0x6c55,
0x6414,0x5bf3,0x5392,0x4b50,0x42ef,0x3a8e,0x0000,0x0000,0x0000,0x0000,0x0000,0x0000,0x0000,0x6413,0x6454,0x6c95,
0x6cb6,0x74d7,0x74f7,0x7d18,0x7d38,0x7d38,0x7d38,0x7d38,0x7d18,0x7d17,0x74f7,0x74b6,0x6c95,0x6455,0x6413,0x5bd2,
0x5371,0x4b30,0x42ce,0x3a4d,0x0000,0x0000,0x0000,0x0000,0x0000,0x5bf3,0x6434,0x6c75,0x6cb6,0x74d7,0x7d17,0x7d38,
0x7d58,0x7d58,0x8559,0x7d59,0x7d59,0x7d58,0x7d38,0x7d17,0x74f7,0x74b6,0x6c75,0x6434,0x5bf3,0x53b2,0x4b51,0x42ef,
0x3a8d,0x320c,0x0000,0x0000,0x0000,0x0000,0x6413,0x6454,0x6c95,0x74d6,0x74f7,0x7d38,0x7d58,0x8559,0x8579,0x8579,
0x8579,0x8579,0x8579,0x7d59,0x7d38,0x7d17,0x74d7,0x6c96,0x6c75,0x6414,0x5bd2,0x5371,0x4b10,0x3aae,0x322c,0x0000,
0x0000,0x0000,0x5bd2,0x6414,0x6c75,0x6cb6,0x74f7,0x7d18,0x7d58,0x8559,0x8579,0x8599,0x859a,0x859a,0x8599,0x8599,
0x8579,0x7d58,0x7d18,0x74f7,0x74b6,0x6c75,0x6434,0x5bf3,0x5391,0x4b30,0x42ce,0x324c,0x29cb,0x0000,0x0000,0x5bd3,
0x6434,0x6c75,0x74b6,0x74f7,0x7d38,0x7d58,0x8579,0x8599,0x859a,0x85ba,0x85ba,0x85ba,0x8599,0x8579,0x7d59,0x7d38,
0x7d17,0x74d7,0x6c96,0x6454,0x5bf3,0x5392,0x4b30,0x42cf,0x3a6d,0x29eb,0x0000,0x0000,0x5bf3,0x6434,0x6c95,0x74d6,
0x7d17,0x7d38,0x8559,0x8579,0x859a,0x85ba,0x85ba,0x8dba,0x85ba,0x859a,0x8579,0x8579,0x7d38,0x7d18,0x74d7,0x6c96,
0x6455,0x5bf3,0x53b2,0x4b50,0x42cf,0x3a6d,0x29eb,0x0000,0x0000,0x5bf3,0x6434,0x6c95,0x74d6,0x74f7,0x7d38,0x7d59,
0x8579,0x859a,0x85ba,0x8dba,0x85ba,0x85ba,0x859a,0x8599,0x8579,0x7d58,0x7d18,0x74d7,0x6c96,0x6454,0x6413,0x53b2,
0x4b50,0x42ef,0x3a6d,0x29eb,0x0000,0x0000,0x5bf3,0x6434,0x6c75,0x74b6,0x74f7,0x7d38,0x7d59,0x8579,0x8599,0x85ba,
0x85ba,0x85ba,0x859a,0x859a,0x8579,0x8579,0x7d38,0x7d17,0x74d7,0x6c96,0x6454,0x5bf3,0x53b2,0x4b50,0x42cf,0x3a6d,
0x29eb,0x0000,0x5371,0x5bd2,0x6434,0x6c75,0x6cb6,0x74f7,0x7d18,0x7d58,0x8579,0x8599,0x8599,0x859a,0x859a,0x859a,
0x8599,0x8579,0x7d59,0x7d38,0x74f7,0x74d6,0x6c95,0x6434,0x5bf3,0x5392,0x4b30,0x42ce,0x324d,0x29cb,0x1949,0x0000,
0x5bb2,0x6413,0x6455,0x6c96,0x74d7,0x7d17,0x7d38,0x7d59,0x8579,0x8579,0x8579,0x8599,0x8579,0x8579,0x8559,0x7d38,
0x7d18,0x74f7,0x6cb6,0x6c75,0x6434,0x5bd3,0x5371,0x4b10,0x3aae,0x324c,0x29ca,0x0000,0x0000,0x5392,0x5bf3,0x6434,
0x6c75,0x74b6,0x74f7,0x7d17,0x7d38,0x7d58,0x7d59,0x8579,0x8579,0x8579,0x7d59,0x7d38,0x7d18,0x74f7,0x74d6,0x6c95,
0x6454,0x6413,0x5bb2,0x5351,0x42ef,0x3a8e,0x320c,0x21aa,0x0000,0x0000,0x5371,0x5bb2,0x6413,0x6455,0x6c95,0x74b6,
0x74f7,0x7d17,0x7d18,0x7d38,0x7d38,0x7d58,0x7d38,0x7d38,0x7d18,0x74f7,0x74d6,0x6c96,0x6c75,0x6434,0x5bd3,0x5391,
0x4b30,0x42cf,0x3a6d,0x29eb,0x2189,0x0000,0x0000,0x4b30,0x5392,0x5bf3,0x6414,0x6c55,0x6c95,0x74b6,0x74d7,0x74f7,
0x7d17,0x7d18,0x7d18,0x7d17,0x74f7,0x74f7,0x74d6,0x6c96,0x6c75,0x6434,0x5bf3,0x53b2,0x5351,0x4b0f,0x3a8e,0x322c,
0x29ca,0x1948,0x0000,0x0000,0x4b0f,0x5351,0x53b2,0x5bf3,0x6414,0x6455,0x6c75,0x6c96,0x74b6,0x74d7,0x74d7,0x74d7,
0x74d7,0x74d6,0x6cb6,0x6c95,0x6c75,0x6434,0x5bf3,0x5bb2,0x5371,0x4b30,0x42ce,0x3a6d,0x320b,0x2189,0x1908,0x0000,
0x0000,0x0000,0x4b10,0x5371,0x53b2,0x5bf3,0x6413,0x6434,0x6c75,0x6c75,0x6c96,0x6c96,0x6c96,0x6c96,0x6c95,0x6c75,
0x6454,0x6434,0x5bf3,0x5bb2,0x5371,0x4b30,0x42cf,0x3a8d,0x322c,0x29aa,0x1949,0x0000,0x0000,0x0000,0x0000,0x42cf,
0x4b10,0x5351,0x5392,0x5bd2,0x5bf3,0x6414,0x6434,0x6454,0x6455,0x6454,0x6454,0x6434,0x6434,0x6413,0x5bd3,0x53b2,
0x5371,0x4b30,0x42ef,0x3a8e,0x324c,0x29cb,0x2169,0x1908,0x0000,0x0000,0x0000,0x0000,0x0000,0x42ce,0x4b0f,0x4b50,
0x5371,0x53b2,0x5bd2,0x5bf3,0x5bf3,0x5bf3,0x6413,0x5bf3,0x5bf3,0x5bd3,0x5bb2,0x5391,0x5351,0x4b30,0x42cf,0x3a8e,
0x324c,0x29eb,0x218a,0x1928,0x0000,0x0000,0x0000,0x0000,0x0000,0x0000,0x0000,0x42ae,0x42ef,0x4b30,0x4b51,0x5371,
0x5391,0x5392,0x53b2,0x53b2,0x53b2,0x5392,0x5371,0x5351,0x4b30,0x4b0f,0x42ce,0x3a8d,0x324c,0x29eb,0x218a,0x1928,
0x0000,0x0000,0x0000,0x0000,0x0000,0x0000,0x0000,0x0000,0x0000,0x3a8e,0x42ce,0x42ef,0x4b10,0x4b30,0x4b30,0x4b50,
0x4b50,0x4b50,0x4b30,0x4b10,0x42ef,0x42cf,0x3a8e,0x3a6d,0x322c,0x29cb,0x218a,0x1928,0x0000,0x0000,0x0000,0x0000,
0x0000,0x0000,0x0000,0x0000,0x0000,0x0000,0x0000,0x3a4d,0x3a8d,0x3aae,0x42ce,0x42cf,0x42cf,0x42ef,0x42cf,0x42ce,
0x3aae,0x3a8e,0x3a6d,0x322c,0x320b,0x29aa,0x2169,0x1928,0x0000,0x0000,0x0000,0x0000,0x0000,0x0000,0x0000,0x0000,
0x0000,0x0000,0x0000,0x0000,0x0000,0x320c,0x322c,0x324c,0x3a6d,0x3a6d,0x3a6d,0x3a6d,0x324d,0x324c,0x320c,0x29eb,
0x29ca,0x2189,0x1949,0x1908,0x0000,0x0000,0x0000,0x0000,0x0000,0x0000,0x0000,0x0000,0x0000,0x0000,0x0000,0x0000,
0x0000,0x0000,0x0000,0x0000,0x29cb,0x29eb,0x29eb,0x29eb,0x29eb,0x29cb,0x29ca,0x21aa,0x2189,0x1948,0x1908,0x0000,
0x0000,0x0000,0x0000,0x0000,0x0000,0x0000,0x0000,0x0000,0x0000,0x0000,0x0000,0x0000,0x0000,0x0000,0x0000,0x0000,
0x0000,0x0000,0x0000,0x0000,0x0000,0x0000,0x1949,0x0000,0x0000,0x0000,0x0000,0x0000,0x0000,0x0000,0x0000,0x0000,
0x0000,0x0000,0x0000,0x0000,0x0000,0x0000,0x0000,0x0000,0x0000,0x0000,0x0000,0x0000,0x0000,0x0000,0x0000,0x0000,
0x0000,0x0000,0x0000,0x42ce,0x0000,0x0000,0x0000,0x0000,0x0000,0x0000,0x0000,0x0000,0x0000,0x0000,0x0000,0x0000,
0x0000,0x0000,0x0000,0x0000,0x0000,0x0000,0x0000,0x0000,0x0000,0x0000,0x0000,0x4b0f,0x4b0f,0x4b0f,0x4b0f,0x4b0f,
0x4b0f,0x42ee,0x42ce,0x42ce,0x3a8d,0x3a6c,0x0000,0x0000,0x0000,0x0000,0x0000,0x0000,0x0000,0x0000,0x0000,0x0000,
0x0000,0x0000,0x0000,0x0000,0x0000,0x0000,0x4b0f,0x4b2f,0x4b50,0x4b50,0x5350,0x5370,0x5350,0x4b50,0x4b2f,0x4b2f,
0x42ee,0x42ce,0x42ad,0x3a6c,0x324c,0x0000,0x0000,0x0000,0x0000,0x0000,0x0000,0x0000,0x0000,0x0000,0x0000,0x0000,
0x0000,0x0000,0x4b2f,0x4b50,0x5370,0x5391,0x5391,0x5391,0x5391,0x5391,0x5391,0x5370,0x5350,0x4b2f,0x4b0f,0x42ee,
0x42ad,0x3a6c,0x322b,0x0000,0x0000,0x0000,0x0000,0x0000,0x0000,0x0000,0x0000,0x0000,0x0000,0x0000,0x4b50,0x5370,
0x5391,0x53b1,0x5bb1,0x5bd2,0x5bd2,0x5bd2,0x5bd2,0x5bb1,0x53b1,0x5391,0x5370,0x4b50,0x4b2f,0x42ee,0x42ad,0x3a6c,
0x322b,0x0000,0x0000,0x0000,0x0000,0x0000,0x0000,0x0000,0x0000,0x0000,0x4b50,0x5370,0x5391,0x5bb1,0x5bd2,0x5bf2,
0x5bf2,0x6413,0x5bf2,0x5bf2,0x5bf2,0x5bd2,0x5bd2,0x53b1,0x5370,0x4b50,0x4b0f,0x42ce,0x3aad,0x3a4c,0x320b,0x0000,
0x0000,0x0000,0x0000,0x0000,0x0000,0x0000,0x4b2f,0x5370,0x5391,0x5bb1,0x5bf2,0x5bf2,0x6413,0x6433,0x6433,0x6433,
0x6413,0x6413,0x6413,0x5bf2,0x5bd2,0x53b1,0x5370,0x4b2f,0x4b0f,0x42ce,0x3a8d,0x322b,0x29ea,0x0000,0x0000,0x0000,
0x0000,0x0000,0x4b0f,0x4b50,0x5391,0x5bb1,0x5bf2,0x6413,0x6413,0x6433,0x6433,0x6454,0x6454,0x6454,0x6433,0x6433,
0x6413,0x5bf2,0x5bd2,0x5391,0x5370,0x4b2f,0x42ee,0x3aad,0x324c,0x320b,0x21a9,0x0000,0x0000,0x0000,0x0000,0x4b2f,
0x5370,0x53b1,0x5bd2,0x5bf2,0x6413,0x6433,0x6454,0x6c54,0x6c74,0x6c74,0x6c74,0x6454,0x6454,0x6433,0x6413,0x5bd2,
0x5bb1,0x5391,0x4b50,0x4b0f,0x42ce,0x3a6c,0x320b,0x29ca,0x0000,0x0000,0x0000,0x4b0f,0x4b50,0x5391,0x5bb1,0x5bf2,
0x6413,0x6433,0x6454,0x6c74,0x6c74,0x6c74,0x6c74,0x6c74,0x6c74,0x6454,0x6433,0x6413,0x5bf2,0x5bd2,0x5391,0x5370,
0x4b0f,0x42ce,0x3a8d,0x322b,0x29ca,0x2168,0x0000,0x0000,0x4b0f,0x4b50,0x5391,0x5bd2,0x5bf2,0x6433,0x6433,0x6c54,
0x6c74,0x6c74,0x6c95,0x6c95,0x6c95,0x6c74,0x6c74,0x6454,0x6433,0x6413,0x5bd2,0x53b1,0x5370,0x4b2f,0x42ee,0x3a8d,
0x324c,0x29ea,0x2189,0x0000,0x0000,0x4b0f,0x5350,0x5391,0x5bd2,0x6413,0x6433,0x6454,0x6c74,0x6c74,0x6c95,0x6c95,
0x6c95,0x6c95,0x6c74,0x6c74,0x6454,0x6433,0x6413,0x5bf2,0x5bb1,0x5370,0x4b2f,0x42ee,0x3a8d,0x324c,0x29ea,0x2189,
0x0000,0x0000,0x4b0f,0x5370,0x5391,0x5bd2,0x5bf2,0x6433,0x6454,0x6c74,0x6c74,0x6c95,0x6c95,0x6c95,0x6c95,0x6c74,
0x6c74,0x6454,0x6433,0x6413,0x5bf2,0x5bb1,0x5370,0x4b2f,0x42ee,0x3a8d,0x324c,0x29ea,0x2189,0x0000,0x0000,0x4b0f,
0x5350,0x5391,0x5bd2,0x5bf2,0x6413,0x6454,0x6c74,0x6c74,0x6c95,0x6c95,0x6c95,0x6c74,0x6c74,0x6c74,0x6454,0x6433,
0x6413,0x5bd2,0x53b1,0x5370,0x4b2f,0x42ee,0x3a8d,0x324c,0x29ea,0x2189,0x0000,0x42ce,0x4b0f,0x4b50,0x5391,0x5bb1,
0x5bf2,0x6413,0x6433,0x6454,0x6c74,0x6c74,0x6c74,0x6c74,0x6c74,0x6c74,0x6c54,0x6454,0x6433,0x5bf2,0x5bd2,0x5391,
0x5350,0x4b2f,0x42ce,0x3a8d,0x322b,0x29ca,0x2168,0x1907,0x0000,0x42ee,0x4b2f,0x5370,0x53b1,0x5bd2,0x6413,0x6433,
0x6454,0x6454,0x6c74,0x6c74,0x6c74,0x6c74,0x6c54,0x6454,0x6433,0x6413,0x5bf2,0x5bb1,0x5391,0x4b50,0x4b0f,0x42ce,
0x3a6c,0x322b,0x29ca,0x2168,0x0000,0x0000,0x42ce,0x4b2f,0x5350,0x5391,0x5bd2,0x5bf2,0x6413,0x6433,0x6433,0x6454,
0x6454,0x6454,0x6454,0x6454,0x6433,0x6413,0x5bf2,0x5bd2,0x53b1,0x5370,0x4b2f,0x42ee,0x42ad,0x3a4c,0x320b,0x29a9,
0x1948,0x0000,0x0000,0x42ce,0x42ee,0x4b2f,0x5370,0x53b1,0x5bd2,0x5bf2,0x6413,0x6413,0x6433,0x6433,0x6433,0x6433,
0x6433,0x6413,0x5bf2,0x5bd2,0x5bb1,0x5391,0x4b50,0x4b0f,0x42ce,0x3a8d,0x324c,0x29ea,0x2189,0x1927,0x0000,0x0000,
0x3a8d,0x42ce,0x4b0f,0x4b50,0x5370,0x53b1,0x5bd2,0x5bd2,0x5bf2,0x6413,0x6413,0x6413,0x6413,0x5bf2,0x5bf2,0x5bd2,
0x5bb1,0x5391,0x5370,0x4b2f,0x42ee,0x42ad,0x3a6c,0x320b,0x29ca,0x2168,0x1907,0x0000,0x0000,0x3a6c,0x42ad,0x42ee,
0x4b2f,0x4b50,0x5370,0x5391,0x5bb1,0x5bd2,0x5bd2,0x5bf2,0x5bf2,0x5bd2,0x5bd2,0x5bb1,0x53b1,0x5391,0x5370,0x4b2f,
0x42ee,0x42ce,0x3a8d,0x322b,0x29ea,0x2189,0x1927,0x10e6,0x0000,0x0000,0x0000,0x3a6c,0x42ad,0x42ee,0x4b0f,0x4b2f,
0x5370,0x5391,0x5391,0x53b1,0x5bb1,0x5bb1,0x53b1,0x5391,0x5391,0x5370,0x4b50,0x4b2f,0x42ee,0x42ce,0x3a8d,0x324c,
0x320b,0x29a9,0x2168,0x1907,0x0000,0x0000,0x0000,0x0000,0x324c,0x3a6c,0x42ad,0x42ce,0x4b0f,0x4b2f,0x4b50,0x5370,
0x5370,0x5370,0x5370,0x5370,0x5350,0x4b50,0x4b2f,0x4b0f,0x42ee,0x42ce,0x3a8d,0x324c,0x320b,0x29ca,0x2168,0x1927,
0x10e6,0x0000,0x0000,0x0000,0x0000,0x0000,0x322b,0x3a6c,0x3aad,0x42ce,0x42ee,0x4b0f,0x4b0f,0x4b2f,0x4b2f,0x4b2f,
0x4b2f,0x4b2f,0x4b0f,0x42ee,0x42ce,0x42ad,0x3a8d,0x324c,0x320b,0x29ca,0x2189,0x1948,0x10e6,0x0000,0x0000,0x0000,
0x0000,0x0000,0x0000,0x0000,0x322b,0x3a4c,0x3a8d,0x3aad,0x42ce,0x42ce,0x42ee,0x42ee,0x42ee,0x42ee,0x42ce,0x42ce,
0x42ad,0x3a8d,0x3a6c,0x322b,0x320b,0x29ca,0x2189,0x1948,0x10e6,0x0000,0x0000,0x0000,0x0000,0x0000,0x0000,0x0000,
0x0000,0x0000,0x320b,0x322b,0x324c,0x3a6c,0x3a8d,0x3a8d,0x3a8d,0x3a8d,0x3a8d,0x3a8d,0x3a6c,0x3a4c,0x324c,0x320b,
0x29ea,0x29a9,0x2168,0x1948,0x10e6,0x0000,0x0000,0x0000,0x0000,0x0000,0x0000,0x0000,0x0000,0x0000,0x0000,0x0000,
0x29ea,0x320b,0x320b,0x322b,0x324c,0x324c,0x324c,0x324c,0x322b,0x322b,0x320b,0x29ea,0x29ca,0x2189,0x2168,0x1927,
0x10e6,0x0000,0x0000,0x0000,0x0000,0x0000,0x0000,0x0000,0x0000,0x0000,0x0000,0x0000,0x0000,0x0000,0x21a9,0x29ca,
0x29ca,0x29ea,0x29ea,0x29ea,0x29ea,0x29ca,0x29ca,0x29a9,0x2189,0x2168,0x1927,0x1907,0x10e6,0x0000,0x0000,0x0000,
0x0000,0x0000,0x0000,0x0000,0x0000,0x0000,0x0000,0x0000,0x0000,0x0000,0x0000,0x0000,0x0000,0x2168,0x2189,0x2189,
0x2189,0x2189,0x2168,0x2168,0x1948,0x1927,0x1907,0x10e6,0x0000,0x0000,0x0000,0x0000,0x0000,0x0000,0x0000,0x0000,
0x0000,0x0000,0x0000,0x0000,0x0000,0x0000,0x0000,0x0000,0x0000,0x0000,0x0000,0x0000,0x0000,0x0000,0x0000,0x1907,
0x0000,0x0000,0x0000,0x0000,0x0000,0x0000,0x0000,0x0000,0x0000,0x0000,0x0000,0x0000,0x0000,0x0000,0x0000,0x0000,
0x0000,0x0000,0x0000,0x0000,0x0000,0x0000,0x0000,0x0000,0x0000,0x0000,0x0000,0x0000,0x6a04,0x0000,0x0000,0x0000,
0x0000,0x0000,0x0000,0x0000,0x0000,0x0000,0x0000,0x0000,0x0000,0x0000,0x0000,0x0000,0x0000,0x0000,0x0000,0x0000,
0x0000,0x0000,0x0000,0x0000,0x7a45,0x7a45,0x7a45,0x7a45,0x7a45,0x7a45,0x7224,0x7224,0x6a04,0x61e4,0x61c4,0x0000,
0x0000,0x0000,0x0000,0x0000,0x0000,0x0000,0x0000,0x0000,0x0000,0x0000,0x0000,0x0000,0x0000,0x0000,0x0000,0x7a45,
0x8265,0x8265,0x8265,0x8285,0x8285,0x8285,0x8265,0x8265,0x7a45,0x7224,0x7224,0x6a04,0x61c4,0x59a3,0x0000,0x0000,
0x0000,0x0000,0x0000,0x0000,0x0000,0x0000,0x0000,0x0000,0x0000,0x0000,0x0000,0x8265,0x8265,0x8a85,0x8aa5,0x8aa5,
0x92a6,0x92a6,0x8aa5,0x8aa5,0x8a85,0x8285,0x8265,0x7a45,0x7224,0x6a04,0x61c4,0x59a3,0x0000,0x0000,0x0000,0x0000,
0x0000,0x0000,0x0000,0x0000,0x0000,0x0000,0x0000,0x8265,0x8a85,0x8aa5,0x92a6,0x92c6,0x92c6,0x9ac6,0x9ac6,0x92c6,
0x92c6,0x92a6,0x8aa5,0x8a85,0x8265,0x7a45,0x7224,0x6a04,0x61c4,0x5183,0x0000,0x0000,0x0000,0x0000,0x0000,0x0000,
0x0000,0x0000,0x0000,0x8265,0x8a85,0x92a6,0x92c6,0x9ac6,0x9ae6,0x9ae6,0xa306,0x9ae6,0x9ae6,0x9ae6,0x9ae6,0x92c6,
0x92a6,0x8a85,0x8265,0x7a45,0x7224,0x69e4,0x59c3,0x5183,0x0000,0x0000,0x0000,0x0000,0x0000,0x0000,0x0000,0x8265,
0x8a85,0x92a6,0x92c6,0x9ae6,0x9ae6,0xa306,0xa306,0xa306,0xa306,0xa306,0xa306,0xa306,0x9ae6,0x92c6,0x92a6,0x8a85,
0x8265,0x7a45,0x6a04,0x61e4,0x59a3,0x4963,0x0000,0x0000,0x0000,0x0000,0x0000,0x7a45,0x8265,0x8aa5,0x92c6,0x9ae6,
0xa306,0xa306,0xab27,0xab27,0xab27,0xab27,0xab27,0xab27,0xa306,0xa306,0x9ae6,0x92c6,0x8aa5,0x8285,0x7a45,0x7224,
0x69e4,0x59a3,0x5183,0x4122,0x0000,0x0000,0x0000,0x0000,0x8265,0x8a85,0x92a6,0x9ac6,0x9ae6,0xa306,0xab27,0xab27,
0xab47,0xab47,0xab47,0xab47,0xab27,0xab27,0xa306,0xa306,0x9ae6,0x92c6,0x8aa5,0x8265,0x7a45,0x6a04,0x61c4,0x5183,
0x4142,0x0000,0x0000,0x0000,0x7a45,0x8265,0x8aa5,0x92c6,0x9ae6,0xa306,0xab27,0xab27,0xab47,0xb347,0xb347,0xb347,
0xb347,0xb347,0xab27,0xab27,0xa306,0x9ae6,0x92c6,0x8aa5,0x8285,0x7a45,0x7204,0x61e4,0x59a3,0x4943,0x3902,0x0000,
0x0000,0x7a45,0x8265,0x8aa5,0x92c6,0x9ae6,0xa306,0xab27,0xab47,0xb347,0xb347,0xb367,0xb367,0xb367,0xb347,0xab47,
0xab27,0xa306,0xa306,0x9ae6,0x92a6,0x8a85,0x7a65,0x7224,0x61e4,0x59a3,0x4963,0x3922,0x0000,0x0000,0x7a45,0x8285,
0x92a6,0x9ac6,0xa306,0xa306,0xab27,0xab47,0xb347,0xb367,0xb367,0xb367,0xb367,0xb347,0xab47,0xab27,0xa326,0xa306,
0x9ae6,0x92c6,0x8a85,0x7a65,0x7224,0x69e4,0x59a3,0x4963,0x3922,0x0000,0x0000,0x7a45,0x8285,0x92a6,0x9ac6,0x9ae6,
0xa306,0xab27,0xab47,0xb347,0xb367,0xb367,0xb367,0xb367,0xb347,0xb347,0xab27,0xab27,0xa306,0x9ae6,0x92c6,0x8a85,
0x8265,0x7224,0x69e4,0x59a3,0x4963,0x3922,0x0000,0x0000,0x7a45,0x8285,0x8aa5,0x92c6,0x9ae6,0xa306,0xab27,0xab47,
0xb347,0xb367,0xb367,0xb367,0xb347,0xb347,0xab47,0xab27,0xa326,0xa306,0x9ae6,0x92a6,0x8a85,0x7a45,0x7224,0x69e4,
0x59a3,0x4963,0x3922,0x0000,0x6a04,0x7a45,0x8265,0x8aa5,0x92c6,0x9ae6,0xa306,0xab27,0xab27,0xb347,0xb347,0xb347,
0xb347,0xb347,0xb347,0xab47,0xab27,0xa306,0x9ae6,0x9ac6,0x92a6,0x8285,0x7a45,0x7224,0x61e4,0x59a3,0x4963,0x3902,
0x28c1,0x0000,0x7224,0x8265,0x8a85,0x92a6,0x9ae6,0xa306,0xa306,0xab27,0xab27,0xab47,0xab47,0xb347,0xab47,0xab47,
0xab27,0xa326,0xa306,0x9ae6,0x92c6,0x8aa5,0x8265,0x7a45,0x6a04,0x61c4,0x5183,0x4943,0x3902,0x0000,0x0000,0x7224,
0x7a45,0x8285,0x8aa5,0x92c6,0x9ae6,0xa306,0xa306,0xab27,0xab27,0xab27,0xab27,0xab27,0xab27,0xa326,0xa306,0x9ae6,
0x9ac6,0x92a6,0x8a85,0x8265,0x7224,0x6a04,0x59c3,0x5183,0x4142,0x30e2,0x0000,0x0000,0x6a04,0x7224,0x8265,0x8a85,
0x92a6,0x92c6,0x9ae6,0xa306,0xa306,0xa306,0xa326,0xab27,0xa326,0xa306,0xa306,0x9ae6,0x9ac6,0x92c6,0x8aa5,0x8265,
0x7a45,0x7204,0x61e4,0x59a3,0x4963,0x3922,0x30e2,0x0000,0x0000,0x61e4,0x7224,0x7a45,0x8265,0x8a85,0x92a6,0x92c6,
0x9ae6,0x9ae6,0xa306,0xa306,0xa306,0xa306,0x9ae6,0x9ae6,0x9ac6,0x92c6,0x8aa5,0x8285,0x7a45,0x7224,0x6a04,0x61c4,
0x5183,0x4142,0x3902,0x28c1,0x0000,0x0000,0x61c4,0x6a04,0x7224,0x7a45,0x8265,0x8a85,0x8aa5,0x92c6,0x92c6,0x9ae6,
0x9ae6,0x9ae6,0x9ae6,0x9ac6,0x92c6,0x92a6,0x8aa5,0x8285,0x7a65,0x7224,0x6a04,0x61e4,0x59a3,0x4963,0x4122,0x30e2,
0x20a1,0x0000,0x0000,0x0000,0x61c4,0x6a04,0x7224,0x7a45,0x8265,0x8285,0x8aa5,0x8aa5,0x92a6,0x92c6,0x92c6,0x92a6,
0x92a6,0x8aa5,0x8a85,0x8265,0x7a45,0x7224,0x6a04,0x61e4,0x59a3,0x5183,0x4142,0x3102,0x28c1,0x0000,0x0000,0x0000,
0x0000,0x59a3,0x61c4,0x6a04,0x7224,0x7a45,0x7a45,0x8265,0x8285,0x8a85,0x8a85,0x8a85,0x8a85,0x8285,0x8265,0x8265,
0x7a45,0x7224,0x6a04,0x61e4,0x59a3,0x5183,0x4943,0x3902,0x28e1,0x20a1,0x0000,0x0000,0x0000,0x0000,0x0000,0x59a3,
0x61c4,0x69e4,0x6a04,0x7224,0x7a45,0x7a45,0x7a65,0x7a65,0x8265,0x7a45,0x7a45,0x7a45,0x7224,0x7204,0x6a04,0x61e4,
0x59a3,0x5183,0x4943,0x3922,0x30e2,0x20a1,0x0000,0x0000,0x0000,0x0000,0x0000,0x0000,0x0000,0x5183,0x59c3,0x61e4,
0x69e4,0x6a04,0x7204,0x7224,0x7224,0x7224,0x7224,0x7224,0x6a04,0x6a04,0x61e4,0x61c4,0x59a3,0x5183,0x4943,0x3922,
0x30e2,0x20a1,0x0000,0x0000,0x0000,0x0000,0x0000,0x0000,0x0000,0x0000,0x0000,0x5183,0x59a3,0x59a3,0x61c4,0x61e4,
0x61e4,0x69e4,0x69e4,0x69e4,0x61e4,0x61c4,0x59c3,0x59a3,0x5183,0x4963,0x4142,0x3902,0x30e2,0x20a1,0x0000,0x0000,
0x0000,0x0000,0x0000,0x0000,0x0000,0x0000,0x0000,0x0000,0x0000,0x4963,0x5183,0x5183,0x59a3,0x59a3,0x59a3,0x59a3,
0x59a3,0x59a3,0x5183,0x5183,0x4963,0x4142,0x4122,0x3102,0x28e1,0x20a1,0x0000,0x0000,0x0000,0x0000,0x0000,0x0000,
0x0000,0x0000,0x0000,0x0000,0x0000,0x0000,0x0000,0x4122,0x4142,0x4943,0x4963,0x4963,0x4963,0x4963,0x4963,0x4943,
0x4142,0x3922,0x3902,0x30e2,0x28c1,0x20a1,0x0000,0x0000,0x0000,0x0000,0x0000,0x0000,0x0000,0x0000,0x0000,0x0000,
0x0000,0x0000,0x0000,0x0000,0x0000,0x0000,0x3902,0x3922,0x3922,0x3922,0x3922,0x3902,0x3902,0x30e2,0x30e2,0x28c1,
0x20a1,0x0000,0x0000,0x0000,0x0000,0x0000,0x0000,0x0000,0x0000,0x0000,0x0000,0x0000,0x0000,0x0000,0x0000,0x0000,
0x0000,0x0000,0x0000,0x0000,0x0000,0x0000,0x0000,0x0000,0x28c1,0x0000,0x0000,0x0000,0x0000,0x0000,0x0000,0x0000,
0x0000,0x0000,0x0000,0x0000,0x0000,0x0000,0x0000,0x0000,0x0000,0x0000,0x0000,0x0000,0x0000,0x0000,0x0000,0x0000,
0x0000,0x0000,0x0000,0x0000,0x0000,0x59a3,0x0000,0x0000,0x0000,0x0000,0x0000,0x0000,0x0000,0x0000,0x0000,0x0000,
0x0000,0x0000,0x0000,0x0000,0x0000,0x0000,0x0000,0x0000,0x0000,0x0000,0x0000,0x0000,0x0000,0x61c4,0x61c4,0x61c4,
0x61c4,0x61c4,0x61c4,0x59c3,0x59a3,0x59a3,0x5183,0x4963,0x0000,0x0000,0x0000,0x0000,0x0000,0x0000,0x0000,0x0000,
0x0000,0x0000,0x0000,0x0000,0x0000,0x0000,0x0000,0x0000,0x61c4,0x61e4,0x69e4,0x69e4,0x6a04,0x6a04,0x6a04,0x69e4,
0x61e4,0x61e4,0x59c3,0x59a3,0x5183,0x4963,0x4943,0x0000,0x0000,0x0000,0x0000,0x0000,0x0000,0x0000,0x0000,0x0000,
0x0000,0x0000,0x0000,0x0000,0x61e4,0x69e4,0x6a04,0x7204,0x7224,0x7224,0x7224,0x7224,0x7204,0x6a04,0x6a04,0x61e4,
0x61c4,0x59a3,0x5183,0x4963,0x4142,0x0000,0x0000,0x0000,0x0000,0x0000,0x0000,0x0000,0x0000,0x0000,0x0000,0x0000,
0x69e4,0x6a04,0x7204,0x7224,0x7224,0x7a45,0x7a45,0x7a45,0x7a45,0x7224,0x7224,0x7224,0x6a04,0x69e4,0x61e4,0x59a3,
0x5183,0x4963,0x4142,0x0000,0x0000,0x0000,0x0000,0x0000,0x0000,0x0000,0x0000,0x0000,0x69e4,0x6a04,0x7224,0x7224,
0x7a45,0x7a45,0x7a45,0x8265,0x7a65,0x7a65,0x7a45,0x7a45,0x7a45,0x7224,0x6a04,0x69e4,0x61c4,0x59a3,0x5183,0x4963,
0x4122,0x0000,0x0000,0x0000,0x0000,0x0000,0x0000,0x0000,0x61e4,0x6a04,0x7224,0x7224,0x7a45,0x7a65,0x8265,0x8265,
0x8265,0x8265,0x8265,0x8265,0x8265,0x7a45,0x7a45,0x7224,0x6a04,0x61e4,0x61c4,0x59a3,0x5183,0x4142,0x3922,0x0000,
0x0000,0x0000,0x0000,0x0000,0x61c4,0x69e4,0x7204,0x7224,0x7a45,0x8265,0x8265,0x8285,0x8285,0x8a85,0x8a85,0x8a85,
0x8285,0x8265,0x8265,0x7a45,0x7a45,0x7224,0x6a04,0x61e4,0x59c3,0x5183,0x4963,0x4122,0x30e2,0x0000,0x0000,0x0000,
0x0000,0x61e4,0x6a04,0x7224,0x7a45,0x7a65,0x8265,0x8285,0x8a85,0x8a85,0x8aa5,0x8aa5,0x8aa5,0x8a85,0x8a85,0x8265,
0x8265,0x7a45,0x7224,0x7204,0x69e4,0x61c4,0x59a3,0x4963,0x4142,0x3902,0x0000,0x0000,0x0000,0x61c4,0x69e4,0x7204,
0x7224,0x7a45,0x8265,0x8285,0x8a85,0x8aa5,0x8aa5,0x8aa5,0x8aa5,0x8aa5,0x8aa5,0x8a85,0x8285,0x8265,0x7a45,0x7a45,
0x7224,0x6a04,0x61c4,0x59a3,0x5183,0x4142,0x3902,0x28e1,0x0000,0x0000,0x61c4,0x69e4,0x7224,0x7a45,0x7a45,0x8265,
0x8285,0x8a85,0x8aa5,0x8aa5,0x92a6,0x92a6,0x92a6,0x8aa5,0x8aa5,0x8a85,0x8265,0x8265,0x7a45,0x7224,0x6a04,0x61e4,
0x59a3,0x5183,0x4943,0x3922,0x30e2,0x0000,0x0000,0x61c4,0x6a04,0x7224,0x7a45,0x8265,0x8265,0x8a85,0x8aa5,0x8aa5,
0x92a6,0x92a6,0x92a6,0x92a6,0x8aa5,0x8aa5,0x8a85,0x8285,0x8265,0x7a45,0x7224,0x6a04,0x61e4,0x59c3,0x5183,0x4943,
0x3922,0x30e2,0x0000,0x0000,0x61c4,0x6a04,0x7224,0x7a45,0x7a65,0x8265,0x8a85,0x8aa5,0x8aa5,0x92a6,0x92a6,0x92a6,
0x92a6,0x8aa5,0x8aa5,0x8a85,0x8285,0x8265,0x7a45,0x7224,0x6a04,0x61e4,0x59a3,0x5183,0x4963,0x3922,0x30e2,0x0000,
0x0000,0x61c4,0x6a04,0x7224,0x7a45,0x7a65,0x8265,0x8a85,0x8aa5,0x8aa5,0x92a6,0x92a6,0x92a6,0x8aa5,0x8aa5,0x8aa5,
0x8a85,0x8285,0x8265,0x7a45,0x7224,0x6a04,0x61e4,0x59a3,0x5183,0x4943,0x3922,0x30e2,0x0000,0x59a3,0x61c4,0x69e4,
0x7204,0x7224,0x7a45,0x8265,0x8285,0x8a85,0x8aa5,0x8aa5,0x8aa5,0x8aa5,0x8aa5,0x8aa5,0x8a85,0x8a85,0x8265,0x7a65,
0x7a45,0x7224,0x6a04,0x61e4,0x59a3,0x5183,0x4142,0x3902,0x28e1,0x20a1,0x0000,0x59c3,0x61e4,0x6a04,0x7224,0x7a45,
0x8265,0x8265,0x8a85,0x8a85,0x8aa5,0x8aa5,0x8aa5,0x8aa5,0x8a85,0x8a85,0x8285,0x8265,0x7a45,0x7224,0x7204,0x69e4,
0x61c4,0x59a3,0x4963,0x4142,0x3902,0x28c1,0x0000,0x0000,0x59a3,0x61e4,0x6a04,0x7224,0x7a45,0x7a45,0x8265,0x8265,
0x8285,0x8a85,0x8a85,0x8a85,0x8a85,0x8a85,0x8285,0x8265,0x7a45,0x7a45,0x7224,0x6a04,0x61e4,0x59c3,0x5183,0x4963,
0x4122,0x3102,0x28c1,0x0000,0x0000,0x59a3,0x59c3,0x61e4,0x6a04,0x7224,0x7a45,0x7a45,0x8265,0x8265,0x8265,0x8285,
0x8285,0x8285,0x8265,0x8265,0x7a45,0x7a45,0x7224,0x7204,0x69e4,0x61c4,0x59a3,0x5183,0x4943,0x3922,0x30e2,0x20a1,
0x0000,0x0000,0x5183,0x59a3,0x61c4,0x69e4,0x6a04,0x7224,0x7a45,0x7a45,0x7a45,0x8265,0x8265,0x8265,0x8265,0x7a65,
0x7a45,0x7a45,0x7224,0x7204,0x6a04,0x61e4,0x59c3,0x5183,0x4963,0x4122,0x3902,0x28c1,0x2081,0x0000,0x0000,0x4963,
0x5183,0x59a3,0x61e4,0x69e4,0x6a04,0x7224,0x7224,0x7a45,0x7a45,0x7a45,0x7a45,0x7a45,0x7a45,0x7224,0x7224,0x7204,
0x6a04,0x61e4,0x59c3,0x59a3,0x5183,0x4142,0x3922,0x30e2,0x20a1,0x1881,0x0000,0x0000,0x0000,0x4963,0x5183,0x59a3,
0x61c4,0x61e4,0x6a04,0x7204,0x7224,0x7224,0x7224,0x7224,0x7224,0x7224,0x7204,0x6a04,0x69e4,0x61e4,0x59c3,0x59a3,
0x5183,0x4943,0x4122,0x3102,0x28c1,0x20a1,0x0000,0x0000,0x0000,0x0000,0x4943,0x4963,0x5183,0x59a3,0x61c4,0x61e4,
0x69e4,0x6a04,0x6a04,0x6a04,0x6a04,0x6a04,0x6a04,0x69e4,0x61e4,0x61c4,0x59c3,0x59a3,0x5183,0x4963,0x4122,0x3902,
0x28e1,0x20a1,0x1881,0x0000,0x0000,0x0000,0x0000,0x0000,0x4142,0x4963,0x5183,0x59a3,0x59c3,0x61c4,0x61c4,0x61e4,
0x61e4,0x61e4,0x61e4,0x61e4,0x61c4,0x59c3,0x59a3,0x5183,0x5183,0x4943,0x4122,0x3902,0x30e2,0x28c1,0x1881,0x0000,
0x0000,0x0000,0x0000,0x0000,0x0000,0x0000,0x4142,0x4963,0x5183,0x5183,0x59a3,0x59a3,0x59a3,0x59c3,0x59a3,0x59a3,
0x59a3,0x59a3,0x5183,0x5183,0x4963,0x4142,0x4122,0x3902,0x30e2,0x28c1,0x1881,0x0000,0x0000,0x0000,0x0000,0x0000,
0x0000,0x0000,0x0000,0x0000,0x4122,0x4142,0x4963,0x4963,0x5183,0x5183,0x5183,0x5183,0x5183,0x5183,0x4963,0x4963,
0x4943,0x4122,0x3922,0x3102,0x28e1,0x28c1,0x1881,0x0000,0x0000,0x0000,0x0000,0x0000,0x0000,0x0000,0x0000,0x0000,
0x0000,0x0000,0x3922,0x4122,0x4142,0x4142,0x4943,0x4943,0x4963,0x4943,0x4142,0x4142,0x4122,0x3922,0x3902,0x30e2,
0x28c1,0x20a1,0x1881,0x0000,0x0000,0x0000,0x0000,0x0000,0x0000,0x0000,0x0000,0x0000,0x0000,0x0000,0x0000,0x0000,
0x30e2,0x3902,0x3902,0x3922,0x3922,0x3922,0x3922,0x3902,0x3902,0x3102,0x30e2,0x28c1,0x20a1,0x20a1,0x1881,0x0000,
0x0000,0x0000,0x0000,0x0000,0x0000,0x0000,0x0000,0x0000,0x0000,0x0000,0x0000,0x0000,0x0000,0x0000,0x0000,0x28e1,
0x30e2,0x30e2,0x30e2,0x30e2,0x28e1,0x28c1,0x28c1,0x20a1,0x2081,0x1881,0x0000,0x0000,0x0000,0x0000,0x0000,0x0000,
0x0000,0x0000,0x0000,0x0000,0x0000,0x0000,0x0000,0x0000,0x0000,0x0000,0x0000,0x0000,0x0000,0x0000,0x0000,0x0000,
0x0000,0x20a1,0x0000,0x0000,0x0000,0x0000,0x0000,0x0000,0x0000,0x0000,0x0000,0x0000,0x0000,0x0000,0x0000,0x0000,
};
