/* Generated by tools/convert_chase.py; original ImageGen art. */
static const uint16_t chase_art[24][48*48] = {
{
0x0000,0x0000,0x0000,0x0000,0x0000,0x0000,0x0000,0x0000,0x0000,0x0000,0x0000,0x0000,0x0000,0x0000,0x0000,0x0000,
0x0000,0x0000,0x0000,0x0000,0x0000,0x0000,0x0000,0x0000,0x0000,0x0000,0x0000,0x0000,0x0000,0x0000,0x0000,0x0000,
0x0000,0x0000,0x0000,0x0000,0x0000,0x0000,0x0000,0x0000,0x0000,0x0000,0x0000,0x0000,0x0000,0x0000,0x0000,0x0000,
0x0000,0x0000,0x0000,0x0000,0x0000,0x0000,0x0000,0x0000,0x0000,0x0000,0x0000,0x0000,0x0000,0x0000,0x0000,0x0000,
0x0000,0x0000,0x0000,0x0000,0x0000,0x0000,0x0000,0x0000,0x0000,0x0000,0x0000,0x0000,0x0000,0x0000,0x0000,0x0000,
0x0000,0x0000,0x0000,0x0000,0x0000,0x0000,0x0000,0x0000,0x0000,0x0000,0x0000,0x0000,0x0000,0x0000,0x0000,0x0000,
0x0000,0x0000,0x0000,0x0000,0x0000,0x0000,0x0000,0x0000,0x0000,0x0000,0x0000,0x0000,0x0000,0x0000,0x0000,0x0000,
0x0000,0x0000,0x0000,0x1860,0x20a0,0x28a0,0x4120,0x4960,0x4980,0x4981,0x4120,0x2080,0x0000,0x0000,0x0000,0x0000,
0x0000,0x0000,0x0000,0x0000,0x0000,0x0000,0x0000,0x0000,0x0000,0x0000,0x0000,0x0000,0x0000,0x0000,0x0000,0x0000,
0x0000,0x0000,0x0000,0x0000,0x0000,0x0000,0x0000,0x0000,0x0000,0x0000,0x0000,0x0000,0x0000,0x0000,0x0000,0x0000,
0x20a0,0x3920,0x59a0,0x7a20,0x92c1,0x92a1,0x8a61,0x9281,0x9ac1,0xb3a2,0xbbe3,0xc443,0x9b22,0x61a0,0x38e0,0x0000,
0x0000,0x0000,0x0000,0x0000,0x0000,0x0000,0x0000,0x0000,0x0000,0x0000,0x0000,0x0000,0x0000,0x0000,0x0000,0x0000,
0x0000,0x0000,0x0000,0x0000,0x0000,0x0000,0x0000,0x0000,0x0000,0x0000,0x0000,0x0000,0x0000,0x0000,0x30e0,0x4940,
0x7a41,0x9ac1,0xab41,0xbb82,0xcc23,0xcc44,0xcc23,0xcc44,0xb383,0x8a62,0x8201,0x9a81,0xd4a4,0xe5a7,0xd4a3,0x8241,
0x2040,0x0000,0x0000,0x0000,0x0000,0x0000,0x0000,0x0000,0x0000,0x0000,0x0000,0x0000,0x0000,0x0000,0x0000,0x0000,
0x0000,0x0000,0x0000,0x0000,0x0000,0x0000,0x0000,0x0000,0x0000,0x0000,0x0000,0x0000,0x2080,0x4940,0x7a41,0x8a61,
0x9ac1,0xa301,0xbbc2,0xcc43,0xc422,0xd483,0xe524,0xf585,0xfda5,0xfe05,0xedc7,0xbc25,0x81e1,0x92a2,0x9ac2,0x7160,
0xa343,0x92c1,0x4121,0x0000,0x0000,0x0000,0x0000,0x0000,0x0000,0x0000,0x0000,0x0000,0x0000,0x0000,0x0000,0x0000,
0x0000,0x0000,0x0000,0x0000,0x0000,0x0000,0x0000,0x0000,0x0000,0x0000,0x0000,0x2080,0x59a1,0x8241,0x8a61,0xa302,
0xbbe3,0xd483,0xe504,0xe503,0xed64,0xf5c4,0xfde5,0xfe47,0xfe47,0xfe87,0xfea8,0xfee7,0xf687,0xa363,0x9aa3,0xe546,
0xed44,0xd442,0xb381,0x7a41,0x30e1,0x0000,0x0000,0x0000,0x0000,0x0000,0x0000,0x0000,0x0000,0x0000,0x0000,0x0000,
0x0000,0x0000,0x0000,0x0000,0x0000,0x0000,0x0000,0x0000,0x0000,0x0000,0x30e1,0x7202,0x92c1,0xa301,0xab42,0xa322,
0xab62,0xbbc3,0xbbe3,0xc423,0xe586,0xede6,0xf6cc,0xff70,0xff8d,0xff6c,0xff0b,0xfeea,0xfe44,0xfe66,0xfe67,0xf5a4,
0xe4c3,0xe4e4,0xd463,0xcbe2,0x7a20,0x1860,0x0000,0x0000,0x0000,0x0000,0x0000,0x0000,0x0000,0x0000,0x0000,0x0000,
0x0000,0x0000,0x0000,0x0000,0x0000,0x0000,0x0000,0x0000,0x0000,0x4162,0x8262,0x71e1,0x6980,0x5960,0x5140,0x4920,
0x5980,0x6180,0x71c0,0x8200,0x91e0,0xa200,0xb2c1,0xbba5,0xdd69,0xf6f0,0xfff5,0xff8d,0xfee7,0xfee8,0xfea7,0xf606,
0xf5c6,0xf5a5,0xe504,0xc403,0xab61,0x8281,0x20a0,0x0000,0x0000,0x0000,0x0000,0x0000,0x0000,0x0000,0x0000,0x0000,
0x0000,0x0000,0x0000,0x0000,0x0000,0x0000,0x0000,0x0000,0x3901,0x59a2,0x38c0,0x5120,0x7a01,0x9ae2,0xab83,0xbc24,
0xdce4,0xed64,0xede6,0xee49,0xe5a9,0xddcb,0xd4e8,0xc3a3,0xb260,0xc301,0xcc06,0xf6d2,0xffd0,0xff6c,0xff4b,0xfee9,
0xfe87,0xf606,0xe524,0xdca3,0xb3a2,0xab41,0x7221,0x20a0,0x0000,0x0000,0x0000,0x0000,0x0000,0x0000,0x0000,0x0000,
0x0000,0x0000,0x0000,0x0000,0x0000,0x0000,0x0000,0x1040,0x38e1,0x4961,0x7a41,0xa322,0xc3a2,0xbba1,0xc402,0xc402,
0xdca3,0xed03,0xf5c5,0xfde6,0xfe67,0xff6b,0xffee,0xfff3,0xeeb3,0xcb42,0xc2e0,0xf6f5,0xfff2,0xffae,0xff8d,0xff6b,
0xfec7,0xfde4,0xf5e6,0xbbe2,0x9ae1,0xa322,0xb382,0x4940,0x0000,0x0000,0x0000,0x0000,0x0000,0x0000,0x0000,0x0000,
0x0000,0x0000,0x0000,0x0000,0x0000,0x0000,0x0820,0x30e1,0x71e2,0x8a62,0x8241,0x92a1,0xa301,0xb362,0xbba2,0xdca4,
0xe504,0xed44,0xf5a5,0xfe48,0xfeca,0xff90,0xffac,0xfff0,0xe610,0xcb00,0xedcc,0xfff6,0xffd4,0xfffa,0xffd2,0xff6b,
0xfec7,0xfea6,0xcc23,0xc3c3,0xfe06,0xed25,0xab82,0x9281,0x4941,0x0000,0x0000,0x0000,0x0000,0x0000,0x0000,0x0000,
0x0000,0x0000,0x0000,0x0000,0x0000,0x0000,0x4183,0x7203,0x7a22,0x7a01,0x9281,0xa301,0xb362,0xbbc2,0xdca3,0xf5a6,
0xf5a6,0xfe26,0xfe26,0xfe48,0xfec9,0xfee9,0xff8b,0xffac,0xdc22,0xd3a2,0xf750,0xffce,0xfff6,0xfffb,0xfff4,0xffad,
0xff8a,0xede7,0xc382,0xff4d,0xdda8,0x28c0,0x0021,0x0001,0x38a0,0x3101,0x0000,0x0000,0x0000,0x0000,0x0000,0x0000,
0x0000,0x0000,0x0000,0x0000,0x0000,0x20c1,0x6204,0x69a2,0x8241,0x9ac1,0xb362,0xab42,0xbbe3,0xc403,0xc403,0xc464,
0xc464,0xbc45,0xd549,0xfe68,0xfe47,0xfe88,0xfee7,0xee88,0xbac0,0xd4e8,0xffee,0xff6b,0xffcd,0xffcf,0xffae,0xff6b,
0xffac,0xdd26,0xdd08,0xfff7,0x6201,0x00c6,0x0496,0x0577,0x02ee,0x0841,0x0000,0x0000,0x0000,0x0000,0x0000,0x0000,
0x0000,0x0000,0x0000,0x0000,0x1020,0x4983,0x59a3,0x8a61,0xa2e1,0x92c2,0x71e1,0x5120,0x5940,0x5960,0x79c0,0x8a00,
0x9260,0x89e0,0xa364,0xfe46,0xf5a5,0xfe48,0xff0a,0xccc6,0xa240,0xee6c,0xff6b,0xff4a,0xff8c,0xffad,0xff8c,0xff2a,
0xff29,0xd422,0xf62c,0xeead,0x1840,0x0353,0x471e,0xc7ff,0x47bf,0x0330,0x0800,0x0000,0x0000,0x0000,0x0000,0x0000,
0x0000,0x0000,0x0000,0x0000,0x20a1,0x6204,0x69c2,0x6180,0x5120,0x40c0,0x69c1,0x92e2,0xb3a2,0xcc44,0xe525,0xede8,
0xee2a,0x9a60,0xd4a4,0xfdc4,0xf585,0xf5c6,0xfe89,0xab23,0xab02,0xff0a,0xfea7,0xfee8,0xff29,0xff6b,0xff2a,0xfee8,
0xff2a,0xcc02,0xf5e9,0xd588,0x0820,0x0477,0x67bf,0xfffe,0x97fe,0x163c,0x00c5,0x0000,0x0000,0x0000,0x0000,0x0000,
0x0000,0x0000,0x0000,0x0000,0x4962,0x69e3,0x2880,0x5940,0x8a81,0x9ae2,0xab42,0xc3e2,0xcc23,0xcc23,0xdc84,0xed66,
0xd4c5,0x81c0,0xe504,0xe503,0xed45,0xf5a5,0xf648,0xa281,0xbba3,0xfec8,0xfe66,0xfe87,0xff09,0xff29,0xfee9,0xfe88,
0xfeea,0xcc23,0xdcc4,0xe5c7,0x1060,0x0456,0x0eff,0x5fbd,0x3f7d,0x0e3c,0x028e,0x0000,0x0000,0x0000,0x0000,0x0000,
0x0000,0x0000,0x0000,0x1040,0x5161,0x4101,0x61a1,0x9ae2,0x9281,0x8a61,0x92c2,0xb342,0xc3e3,0xcc23,0xcc23,0xed25,
0xab21,0xab02,0xed04,0xdca3,0xe4c4,0xf585,0xe545,0x9220,0xd506,0xfe87,0xfde5,0xfe26,0xfe67,0xfea8,0xfea8,0xfe26,
0xfe67,0xcca5,0xb341,0xfe66,0x3940,0x020a,0x055b,0x061b,0x063b,0x05bc,0x0310,0x0001,0x0000,0x0000,0x0000,0x0000,
0x0000,0x0000,0x0000,0x1860,0x5982,0x30c0,0x7202,0x71e1,0x8241,0x9ac2,0xbb82,0xc3a2,0xbba2,0xc3e2,0xbbc2,0xdcc4,
0xa2c1,0xbba2,0xe4c3,0xd463,0xcc43,0xe524,0xcc64,0x79a0,0xdd05,0xfde5,0xf5a5,0xfda5,0xfdc5,0xfe26,0xfe88,0xfe06,
0xfde6,0xe565,0x8a20,0xed03,0x9383,0x0043,0x0bb4,0x0438,0x04d9,0x05dd,0x09c9,0x1840,0x0000,0x0000,0x0000,0x0000,
0x0000,0x0000,0x0000,0x3901,0x61c2,0x4121,0x7222,0x7a21,0x8241,0x8a61,0x92a1,0xbba3,0xbba2,0xbba2,0xc3c2,0xbbc2,
0x8a60,0xcc23,0xe4c3,0xe504,0xdcc4,0xf565,0xb3a3,0x71c0,0xed44,0xed44,0xed24,0xf564,0xfdc5,0xf5a5,0xfe06,0xf5c5,
0xf565,0xfda5,0xa321,0xa2e1,0xfe06,0x5202,0x0002,0x028f,0x0416,0x024f,0x4141,0x61c1,0x0000,0x0000,0x0000,0x0000,
0x0000,0x0000,0x0000,0x5162,0x5161,0x5982,0x69e2,0x92e2,0x5981,0x4900,0x40e0,0xab42,0xb361,0xab41,0xcc03,0x8ae3,
0x40c0,0x69a0,0x8240,0x8a81,0x8261,0x92a1,0x7a20,0x71e0,0xed64,0xed04,0xed24,0xed24,0xed64,0xed44,0xf5a5,0xf584,
0xed44,0xe4e4,0xdcc4,0x8200,0xb381,0xeda4,0x72a2,0x1020,0x0021,0x28c0,0xbc23,0x4121,0x0000,0x0000,0x0000,0x0000,
0x0000,0x0000,0x0820,0x3901,0x4921,0x69e2,0x7a22,0x9281,0xbbc2,0xbc45,0x5120,0xb342,0xab01,0xa321,0xbbc2,0xa3a4,
0x69e2,0x8aa2,0x8aa2,0x92c2,0x92c2,0x8262,0x7242,0x9b63,0xed23,0xdc63,0xe504,0xed24,0xdcc3,0xdce4,0xe524,0xed44,
0xe504,0xdcc3,0xdcc3,0xc3e2,0x8200,0x8a81,0xd4a3,0xc4a5,0xbc65,0xd4c4,0x82c1,0x0001,0x0000,0x0000,0x0000,0x0000,
0x0000,0x0000,0x1060,0x30c1,0x2060,0x5161,0x7a42,0x8241,0xab20,0xa322,0x5120,0xab02,0xa2e1,0xa301,0xb341,0xc403,
0xc444,0xcc64,0xdcc4,0xe505,0xdcc4,0xdd26,0xdd06,0xe505,0xdc62,0xd443,0xd463,0xe504,0xcc63,0xd463,0xd4a3,0xe4e4,
0xe504,0xdcc4,0xd463,0xdc83,0xcc03,0x8221,0x5920,0x8221,0xa2c1,0x69c0,0x0820,0x4940,0x4120,0x0000,0x0000,0x0000,
0x0000,0x0000,0x1060,0x5182,0x4921,0x38c0,0x30a0,0x3080,0x92a1,0x92c1,0x5141,0xa2e2,0x9ac1,0xa2e1,0xab21,0xa2e1,
0x9ac0,0xb361,0xd401,0xd401,0xcbc1,0xbb81,0xb361,0xc3c2,0xc3e2,0xcc02,0xcc23,0xd484,0xd463,0xd463,0xcc43,0xd463,
0xdca3,0xd463,0xd483,0xcc43,0xd442,0xd463,0xc3c2,0xa301,0x69a0,0x0001,0x1000,0xab41,0x6201,0x0000,0x0000,0x0000,
0x0000,0x0000,0x1060,0x5982,0x5961,0x69c2,0x8241,0x8240,0x9ac0,0x4960,0x4140,0x9281,0x8a61,0xa2e1,0xa2e1,0xab41,
0xa301,0x8281,0x6a01,0x61c1,0x7242,0xa322,0xc3c2,0xbba2,0xbba2,0xbbc2,0xc3c3,0xc3e3,0xc3c2,0xc3e2,0xcc43,0xd443,
0xcc22,0xc402,0xd463,0xdca3,0xe4a3,0xcc23,0x8282,0x28c0,0x0001,0x38c0,0xab82,0xcc84,0x4100,0x0000,0x0000,0x0000,
0x0000,0x0000,0x0001,0x4121,0x69c2,0x5982,0x61a1,0x71e0,0x71e0,0x61a0,0x7201,0x8a41,0x8a61,0x9281,0xab01,0x8a81,
0x20a0,0x0001,0x1840,0x30c0,0x1000,0x1000,0x59a1,0xbba2,0xb382,0xa322,0xb382,0xb382,0xb362,0xbb82,0xc3c2,0xd443,
0xdca4,0xdc83,0xc3e2,0xab62,0x61e1,0x1040,0x0001,0x2880,0x92e1,0xe5c8,0xd527,0x92a1,0x38e0,0x0000,0x0000,0x0000,
0x0000,0x0000,0x0001,0x0800,0x38e1,0x59a3,0x61a1,0x69a1,0x6180,0x7a21,0x8a41,0x8221,0x8220,0x9260,0x8a61,0x1820,
0x2060,0x9ae2,0xdce4,0xf608,0xddaa,0x9301,0x2020,0x4900,0xab42,0xab42,0xc3c3,0xcc03,0xcc03,0xcc23,0xc403,0xab62,
0x7221,0x4140,0x1020,0x0001,0x0800,0x4940,0xabc3,0xf5e6,0xf649,0xcc85,0x9aa1,0x8a61,0x3900,0x0000,0x0000,0x0000,
0x0000,0x0000,0x1840,0x3901,0x1020,0x0001,0x2080,0x4141,0x61a1,0x71e1,0x8a41,0x9281,0x9281,0x9aa1,0x2880,0x2860,
0xc3c2,0xe4e4,0xd483,0xd443,0xe5a9,0xff0d,0xbbc2,0x2020,0x4140,0x92e2,0x7242,0x59c1,0x4961,0x30e0,0x1820,0x0001,
0x0001,0x1020,0x4980,0x9b62,0xe5c7,0xfeca,0xfe8a,0xdd06,0xc3c2,0xbb61,0xa302,0x8262,0x28a0,0x0000,0x0000,0x0000,
0x0000,0x0000,0x0000,0x4141,0x69c1,0x4100,0x1040,0x0001,0x0001,0x1020,0x38e0,0x4940,0x5981,0x61a1,0x0800,0x9ac2,
0xdc63,0xbb81,0x7a41,0x8241,0xbb40,0xd4a4,0xfe07,0x71e0,0x1020,0x0800,0x0001,0x0001,0x0001,0x30c0,0x6a41,0x8303,
0xc4c4,0xe5c7,0xfecb,0xfecb,0xedc8,0xdd05,0xdc83,0xd422,0xc3e3,0xb382,0xab22,0x7a01,0x2060,0x0000,0x0000,0x0000,
0x0000,0x0000,0x0000,0x28c1,0x59a3,0x69e2,0x8a61,0x8261,0x61e1,0x3900,0x1860,0x0800,0x0800,0x1840,0x30a0,0xab22,
0xd403,0x8241,0x5140,0x5960,0x69c1,0xb341,0xdcc3,0xb382,0x2840,0x59e2,0x8343,0xb423,0xd506,0xede8,0xfe07,0xedca,
0xe587,0xd4a5,0xdce5,0xe4c3,0xdca2,0xe4c3,0xdca4,0xc3e2,0xab41,0xab22,0xa2e1,0x5960,0x0000,0x0000,0x0000,0x0000,
0x0000,0x0000,0x0000,0x1840,0x51a3,0x51a4,0x6180,0x8241,0xa302,0xa321,0xa341,0xa341,0x8ae2,0x51a1,0x2880,0xa2c1,
0xb322,0x69c1,0x8241,0x8241,0x6180,0xa2e1,0xc3c2,0xab42,0x2840,0xaba3,0xcca5,0xbbe3,0xc3c3,0xc3c3,0xb301,0xb341,
0xc381,0xd443,0xed45,0xe504,0xe4e4,0xed25,0xc402,0xbbc2,0xab62,0xa301,0x9280,0x38e0,0x0000,0x0000,0x0000,0x0000,
0x0000,0x0000,0x0000,0x0000,0x4142,0x6205,0x5982,0x6180,0x69a0,0x6180,0x69a1,0x7a21,0xab62,0x82a2,0x2040,0x8a81,
0xab02,0x92a2,0x69c0,0x71e0,0x8221,0xa301,0xb362,0x8a81,0x1820,0x92a1,0xa2e1,0xa2e1,0xb342,0xbb82,0xb362,0xc402,
0xcc02,0xdca4,0xe545,0xdcc4,0xc402,0xd483,0xc402,0xb3a1,0xa343,0xa301,0x71e0,0x2060,0x0000,0x0000,0x0000,0x0000,
0x0000,0x0000,0x0000,0x0000,0x2080,0x59e4,0x59a2,0x6180,0x7a01,0x71e1,0x69c0,0x6180,0x7a01,0x9aa1,0x1020,0x61a1,
0x9281,0xa302,0x9ae2,0x92a2,0xa2e2,0x9aa0,0xb341,0x4100,0x2060,0xab42,0xab42,0xab42,0xb342,0xb382,0xb362,0xb362,
0xcc23,0xcc22,0xd463,0xcc63,0xc403,0xb382,0xa321,0x69a0,0x8241,0xa2e1,0x4900,0x0000,0x0000,0x0000,0x0000,0x0000,
0x0000,0x0000,0x0000,0x0000,0x1020,0x4162,0x6a02,0x38c0,0x30c0,0x4100,0x5960,0x69a0,0x71e1,0xaae1,0x5960,0x0800,
0x7221,0x8a61,0x9ac1,0xa2e2,0x9261,0xab01,0x71e0,0x0001,0x6a01,0xab22,0x9281,0xab42,0xab22,0xab22,0xab01,0xa2c1,
0xcc23,0xd463,0xc403,0xc403,0xc403,0x8a41,0x6980,0x5100,0x9ae1,0x7200,0x2080,0x0000,0x0000,0x0000,0x0000,0x0000,
0x0000,0x0000,0x0000,0x0000,0x0000,0x2080,0x69e2,0x69c1,0x5960,0x5960,0x2060,0x71c0,0x79e1,0x8201,0xa2e1,0x30e0,
0x0001,0x4961,0x8262,0x8a82,0x7221,0x4940,0x1020,0x59a1,0xab21,0x8221,0x9261,0xa2e1,0xb342,0xab01,0x9261,0xbb82,
0xcbe2,0xc3e3,0xc423,0xb382,0xb362,0x92a1,0x8241,0x8261,0x8a81,0x4100,0x0000,0x0000,0x0000,0x0000,0x0000,0x0000,
0x0000,0x0000,0x0000,0x0000,0x0000,0x0000,0x30e1,0x59a2,0x5961,0x8221,0x4100,0x71e1,0x79e1,0x71c1,0x69c1,0x9ac1,
0x5980,0x1860,0x1840,0x0800,0x0800,0x0800,0x1840,0x8241,0x9261,0x8241,0x9261,0x9281,0x9281,0x9261,0xb341,0xbba2,
0xab21,0xab22,0xb382,0xa321,0xab21,0xbbc2,0xa301,0x8241,0x5160,0x1840,0x0000,0x0000,0x0000,0x0000,0x0000,0x0000,
0x0000,0x0000,0x0000,0x0000,0x0000,0x0000,0x0820,0x30c0,0x4921,0x6181,0x8221,0x7a01,0x79e1,0x69a0,0x61a0,0x69a0,
0x9281,0xab21,0x9ae1,0x7a41,0xab81,0x59a0,0x0800,0x38e0,0x8a41,0x7a00,0x8a41,0x8a61,0x8221,0x8a41,0xa2e1,0xa301,
0xa302,0xa301,0xa321,0xa2e1,0x9ae1,0x8241,0x69a0,0x69c0,0x28a0,0x0000,0x0000,0x0000,0x0000,0x0000,0x0000,0x0000,
0x0000,0x0000,0x0000,0x0000,0x0000,0x0000,0x0000,0x1880,0x4921,0x40e0,0x4921,0x38c0,0x7a01,0x71e1,0x71e1,0x7201,
0x7a01,0x8200,0x8a41,0x8241,0x8a61,0xa341,0x1840,0x1040,0x7201,0x9261,0x8a41,0x8a41,0x8221,0x9281,0xa2c1,0x9aa1,
0x8a61,0x92a1,0x9aa1,0x9281,0x8221,0x6160,0x71c0,0x38e0,0x0000,0x0000,0x0000,0x0000,0x0000,0x0000,0x0000,0x0000,
0x0000,0x0000,0x0000,0x0000,0x0000,0x0000,0x0000,0x0000,0x28c0,0x5981,0x4900,0x40e0,0x38a0,0x40e0,0x38c0,0x5140,
0x6181,0x69c0,0x71e1,0x71c1,0x6981,0xa301,0x69e0,0x1020,0x30c0,0x9281,0x7a00,0x71c0,0x71c0,0x9261,0x9281,0x8201,
0x8221,0x7a01,0x8200,0x8a40,0x69a0,0x71e1,0x4941,0x0820,0x0000,0x0000,0x0000,0x0000,0x0000,0x0000,0x0000,0x0000,
0x0000,0x0000,0x0000,0x0000,0x0000,0x0000,0x0000,0x0000,0x0000,0x28e1,0x69c1,0x71e1,0x6980,0x6980,0x5920,0x5960,
0x6180,0x2860,0x5960,0x69a0,0x79e1,0x71c1,0x9ae2,0x4100,0x1840,0x38e0,0x7a21,0x69a0,0x71c0,0x79e0,0x71c0,0x71c0,
0x6180,0x71a0,0x71c0,0x69a0,0x7222,0x4142,0x0001,0x0000,0x0000,0x0000,0x0000,0x0000,0x0000,0x0000,0x0000,0x0000,
0x0000,0x0000,0x0000,0x0000,0x0000,0x0000,0x0000,0x0000,0x0000,0x0000,0x20a1,0x4962,0x61a2,0x61a1,0x7a01,0x7a21,
0x9ac1,0x4900,0x2880,0x7a01,0x69a0,0x6181,0x71c1,0xa2e1,0x4100,0x1020,0x28c0,0x71e1,0x71c0,0x6180,0x5940,0x5960,
0x6181,0x69c1,0x7201,0x7202,0x3901,0x0000,0x0000,0x0000,0x0000,0x0000,0x0000,0x0000,0x0000,0x0000,0x0000,0x0000,
0x0000,0x0000,0x0000,0x0000,0x0000,0x0000,0x0000,0x0000,0x0000,0x0000,0x0000,0x1860,0x4962,0x61a2,0x59a1,0x5981,
0x61a1,0x7a21,0x38c0,0x40e0,0x69a0,0x5940,0x6160,0x8200,0x8a61,0x2080,0x0001,0x1880,0x69e2,0x8242,0x7202,0x69e3,
0x7243,0x7223,0x59c2,0x20a0,0x0000,0x0000,0x0000,0x0000,0x0000,0x0000,0x0000,0x0000,0x0000,0x0000,0x0000,0x0000,
0x0000,0x0000,0x0000,0x0000,0x0000,0x0000,0x0000,0x0000,0x0000,0x0000,0x0000,0x0000,0x0820,0x2060,0x30c1,0x4121,
0x5140,0x6180,0x5960,0x2060,0x38c0,0x69a0,0x69a0,0x6180,0x69a0,0x71e0,0x30c0,0x1020,0x0800,0x20a1,0x4983,0x59e3,
0x59c3,0x30e1,0x1020,0x0000,0x0000,0x0000,0x0000,0x0000,0x0000,0x0000,0x0000,0x0000,0x0000,0x0000,0x0000,0x0000,
0x0000,0x0000,0x0000,0x0000,0x0000,0x0000,0x0000,0x0000,0x0000,0x0000,0x0000,0x0000,0x0000,0x0000,0x1860,0x30e0,
0x5981,0x69c1,0x69a1,0x61a1,0x4940,0x5140,0x69a0,0x69c1,0x61a2,0x5982,0x71e2,0x61c1,0x4920,0x1860,0x0001,0x0001,
0x1020,0x0000,0x0000,0x0000,0x0000,0x0000,0x0000,0x0000,0x0000,0x0000,0x0000,0x0000,0x0000,0x0000,0x0000,0x0000,
0x0000,0x0000,0x0000,0x0000,0x0000,0x0000,0x0000,0x0000,0x0000,0x0000,0x0000,0x0000,0x0000,0x0000,0x0000,0x0000,
0x1060,0x20a0,0x3921,0x5161,0x61c1,0x61a1,0x5981,0x5141,0x61c3,0x61c3,0x5183,0x4961,0x3920,0x1860,0x1040,0x0000,
0x0000,0x0000,0x0000,0x0000,0x0000,0x0000,0x0000,0x0000,0x0000,0x0000,0x0000,0x0000,0x0000,0x0000,0x0000,0x0000,
0x0000,0x0000,0x0000,0x0000,0x0000,0x0000,0x0000,0x0000,0x0000,0x0000,0x0000,0x0000,0x0000,0x0000,0x0000,0x0000,
0x0000,0x0000,0x0000,0x0820,0x1860,0x1880,0x1860,0x1040,0x1860,0x1860,0x1040,0x0800,0x0000,0x0000,0x0000,0x0000,
0x0000,0x0000,0x0000,0x0000,0x0000,0x0000,0x0000,0x0000,0x0000,0x0000,0x0000,0x0000,0x0000,0x0000,0x0000,0x0000,
0x0000,0x0000,0x0000,0x0000,0x0000,0x0000,0x0000,0x0000,0x0000,0x0000,0x0000,0x0000,0x0000,0x0000,0x0000,0x0000,
0x0000,0x0000,0x0000,0x0000,0x0000,0x0000,0x0000,0x0000,0x0000,0x0000,0x0000,0x0000,0x0000,0x0000,0x0000,0x0000,
0x0000,0x0000,0x0000,0x0000,0x0000,0x0000,0x0000,0x0000,0x0000,0x0000,0x0000,0x0000,0x0000,0x0000,0x0000,0x0000,
0x0000,0x0000,0x0000,0x0000,0x0000,0x0000,0x0000,0x0000,0x0000,0x0000,0x0000,0x0000,0x0000,0x0000,0x0000,0x0000,
0x0000,0x0000,0x0000,0x0000,0x0000,0x0000,0x0000,0x0000,0x0000,0x0000,0x0000,0x0000,0x0000,0x0000,0x0000,0x0000,
0x0000,0x0000,0x0000,0x0000,0x0000,0x0000,0x0000,0x0000,0x0000,0x0000,0x0000,0x0000,0x0000,0x0000,0x0000,0x0000,
},
{
0x0000,0x0000,0x0000,0x0000,0x0000,0x0000,0x0000,0x0000,0x0000,0x0000,0x0000,0x0000,0x0000,0x0000,0x0000,0x0000,
0x0000,0x0000,0x0000,0x0000,0x0000,0x0000,0x0000,0x0000,0x0000,0x0000,0x0000,0x0000,0x0000,0x0000,0x0000,0x0000,
0x0000,0x0000,0x0000,0x0000,0x0000,0x0000,0x0000,0x0000,0x0000,0x0000,0x0000,0x0000,0x0000,0x0000,0x0000,0x0000,
0x0000,0x0000,0x0000,0x0000,0x0000,0x0000,0x0000,0x0000,0x0000,0x0000,0x0000,0x0000,0x0000,0x0000,0x0000,0x0000,
0x0000,0x0000,0x0000,0x0000,0x0000,0x0000,0x0000,0x0000,0x0000,0x0000,0x0000,0x0000,0x0000,0x0000,0x0000,0x0000,
0x0000,0x0000,0x0000,0x0000,0x0000,0x0000,0x0000,0x0000,0x0000,0x0000,0x0000,0x0000,0x0000,0x0000,0x0000,0x0000,
0x0000,0x0000,0x0000,0x0000,0x0000,0x0000,0x0000,0x0000,0x0000,0x0000,0x0000,0x0000,0x0000,0x0000,0x0000,0x0000,
0x0000,0x0000,0x0000,0x0000,0x0000,0x28c0,0x4141,0x3900,0x3900,0x30e0,0x28a0,0x0000,0x0000,0x0000,0x0000,0x0000,
0x0000,0x0000,0x0000,0x0000,0x0000,0x0000,0x0000,0x0000,0x0000,0x0000,0x0000,0x0000,0x0000,0x0000,0x0000,0x0000,
0x0000,0x0000,0x0000,0x0000,0x0000,0x0000,0x0000,0x0000,0x0000,0x0000,0x0000,0x0000,0x0000,0x0000,0x0000,0x0000,
0x0000,0x0000,0x0000,0x30a0,0x1040,0x59a1,0xa302,0x9281,0x9aa1,0x9ac2,0x4120,0x1860,0x28c0,0x0000,0x0000,0x0000,
0x0000,0x0000,0x0000,0x0000,0x0000,0x0000,0x0000,0x0000,0x0000,0x0000,0x0000,0x0000,0x0000,0x0000,0x0000,0x0000,
0x0000,0x0000,0x0000,0x0000,0x0000,0x0000,0x0000,0x0000,0x0000,0x0000,0x0000,0x0000,0x0000,0x0000,0x0000,0x0000,
0x2080,0x4121,0x61c1,0x8a82,0x2060,0x6a22,0xb382,0xa322,0xab22,0xbbc3,0x59a1,0x2060,0x8261,0x61a1,0x4920,0x28a0,
0x0000,0x0000,0x0000,0x0000,0x0000,0x0000,0x0000,0x0000,0x0000,0x0000,0x0000,0x0000,0x0000,0x0000,0x0000,0x0000,
0x0000,0x0000,0x0000,0x0000,0x0000,0x0000,0x0000,0x0000,0x0000,0x0000,0x0000,0x0000,0x0000,0x0000,0x30e0,0x69e1,
0x7a41,0x8262,0x92c2,0xa322,0x4900,0x92e2,0xc423,0xbbe3,0xc403,0xd484,0x8261,0x4900,0xa342,0x92a1,0x9281,0x7a21,
0x59a1,0x30e1,0x0000,0x0000,0x0000,0x0000,0x0000,0x0000,0x0000,0x0000,0x0000,0x0000,0x0000,0x0000,0x0000,0x0000,
0x0000,0x0000,0x0000,0x0000,0x0000,0x0000,0x0000,0x0000,0x0000,0x0000,0x0000,0x0000,0x20a0,0x4120,0x7201,0x69c1,
0x8262,0x9ae2,0xa322,0xb3a3,0x5920,0xaba3,0xe4e4,0xd483,0xd4a4,0xe504,0x9b02,0x40c0,0xbbe3,0xb362,0xa301,0x8241,
0x6180,0x7a41,0x4961,0x1860,0x0000,0x0000,0x0000,0x0000,0x0000,0x0000,0x0000,0x0000,0x0000,0x0000,0x0000,0x0000,
0x0000,0x0000,0x0000,0x0000,0x0000,0x0000,0x0000,0x0000,0x0000,0x0000,0x0000,0x20a0,0x59a1,0x8241,0x92c2,0x40e0,
0x9b02,0xc423,0xcc23,0xcc85,0x6960,0xcc84,0xfde6,0xed24,0xed24,0xf5c5,0xa362,0x6140,0xd4a5,0xcc02,0xbba2,0xa2e2,
0x6160,0xa322,0x7a01,0x61a1,0x28a0,0x0000,0x0000,0x0000,0x0000,0x0000,0x0000,0x0000,0x0000,0x0000,0x0000,0x0000,
0x0000,0x0000,0x0000,0x0000,0x0000,0x0000,0x0000,0x0000,0x0000,0x0000,0x28a0,0x69e1,0x8a81,0xa2e2,0xcc63,0x6180,
0xbc04,0xd483,0xed45,0xd4e6,0x79c0,0xd526,0xfe89,0xf5e6,0xf5c5,0xfe47,0xbc24,0x81a0,0xdd48,0xe4e4,0xcc03,0xbba3,
0x71e1,0xcc64,0x9280,0x8a81,0x71e1,0x28a0,0x0000,0x0000,0x0000,0x0000,0x0000,0x0000,0x0000,0x0000,0x0000,0x0000,
0x0000,0x0000,0x0000,0x0000,0x0000,0x0000,0x0000,0x0000,0x0000,0x28c1,0x7222,0x8221,0x9ae2,0xd484,0xcce6,0x7180,
0xd4e6,0xed44,0xfde7,0xe5a7,0x9200,0xd568,0xff0a,0xfe67,0xfe67,0xfee9,0xd505,0x9200,0xe5a9,0xed85,0xdca4,0xcc23,
0x6181,0xd507,0xd423,0xa301,0x8221,0x71e1,0x28c1,0x0000,0x0000,0x0000,0x0000,0x0000,0x0000,0x0000,0x0000,0x0000,
0x0000,0x0000,0x0000,0x0000,0x0000,0x0000,0x0000,0x0000,0x2080,0x6a24,0x7a21,0xa322,0xbc24,0x92e3,0x81e0,0x81e1,
0xdd47,0xfdc5,0xfe47,0xe5e9,0xa260,0xdd89,0xff6b,0xff09,0xfee9,0xff2a,0xdd06,0xb2a0,0xee2b,0xfe26,0xf544,0xd484,
0x8221,0x79a0,0xab42,0xcc03,0xab22,0x71c0,0x71e2,0x2080,0x0000,0x0000,0x0000,0x0000,0x0000,0x0000,0x0000,0x0000,
0x0000,0x0000,0x0000,0x0000,0x0000,0x0000,0x0000,0x1860,0x59c3,0x8264,0xab40,0x92c1,0x61a1,0x9b02,0xbbe3,0xe588,
0xf608,0xfde5,0xff09,0xe5ea,0xb2a0,0xe5ca,0xff8b,0xff4a,0xff4a,0xff8c,0xedc7,0xb2a0,0xee2b,0xfe46,0xf5a5,0xed65,
0xe545,0xc403,0xa2c1,0x7180,0x9ac1,0xa2e2,0x7a02,0x69e2,0x1860,0x0000,0x0000,0x0000,0x0000,0x0000,0x0000,0x0000,
0x0000,0x0000,0x0000,0x0000,0x0000,0x0000,0x0000,0x4141,0x7265,0x92e3,0x9260,0x58e0,0xa322,0xf585,0xed44,0xf5a5,
0xf5e6,0xfe88,0xff8b,0xe64d,0xc300,0xee2d,0xffef,0xff8c,0xff8b,0xffcd,0xede8,0xbae0,0xf6ae,0xfee7,0xfda5,0xf5a6,
0xed04,0xed04,0xe4e4,0xa322,0x5920,0x8a61,0xa2e2,0x8a62,0x59a1,0x0000,0x0000,0x0000,0x0000,0x0000,0x0000,0x0000,
0x0000,0x0000,0x0000,0x0000,0x0000,0x0000,0x30c0,0x61e2,0x82c5,0x8a82,0x58e0,0xb382,0xed03,0xdcc4,0xdce3,0xf606,
0xfec9,0xffaf,0xff70,0xdd4b,0xcb20,0xedef,0xfff5,0xffac,0xff8c,0xffcd,0xe5c8,0xb2a0,0xe5ab,0xff2d,0xff2c,0xfe67,
0xf564,0xdca3,0xcc22,0xc422,0xa322,0x6140,0x8a61,0x9281,0x8262,0x30e1,0x0000,0x0000,0x0000,0x0000,0x0000,0x0000,
0x0000,0x0000,0x0000,0x0000,0x0000,0x1840,0x5181,0x7a63,0x7a44,0xab82,0x79c0,0xa322,0xe4e4,0xe546,0xf5e5,0xff08,
0xee6a,0xdce8,0xcb61,0xc2c0,0xc2c0,0xe5f0,0xfff8,0xffaf,0xffae,0xffcd,0xe5e9,0xa2a1,0xbae0,0xb2e1,0xcc87,0xee2a,
0xfe47,0xe503,0xcc02,0xbbc2,0x92a1,0x8a41,0xb3a3,0x71c1,0x8262,0x5981,0x1840,0x0000,0x0000,0x0000,0x0000,0x0000,
0x0000,0x0000,0x0000,0x0000,0x0000,0x28a0,0x7202,0x7222,0x7a02,0xcc43,0x8220,0x9ac1,0xed44,0xfe07,0xf6a9,0xc404,
0xa220,0xbac0,0xdc86,0xe5eb,0xf6d1,0xffb6,0xffaf,0xffce,0xffcd,0xff8d,0xff4c,0xf6eb,0xe5c9,0xc424,0x9a60,0x9200,
0xb3c4,0xeda6,0xdcc3,0xdc83,0x9281,0x92a1,0xcc23,0x71a0,0x7202,0x7202,0x30c0,0x0000,0x0000,0x0000,0x0000,0x0000,
0x0000,0x0000,0x0000,0x0000,0x0000,0x4921,0x7a22,0x6182,0x92c2,0xcc43,0xb3a2,0x7160,0xdd46,0xe566,0xa281,0x9a20,
0xcc86,0xf6eb,0xffcf,0xffef,0xfff9,0xfffc,0xffd1,0xffce,0xffce,0xff8c,0xff29,0xff4a,0xff2a,0xfee9,0xede7,0xc424,
0x8200,0x81e0,0xe567,0xd4c5,0x7980,0xbba2,0xc403,0x9281,0x6181,0x7202,0x4101,0x0000,0x0000,0x0000,0x0000,0x0000,
0x0000,0x0000,0x0000,0x0000,0x30e0,0x5141,0x61a1,0x7a21,0xa302,0xc3c2,0xdd45,0xa302,0xaae1,0x9a20,0xb322,0xee07,
0xfee8,0xff6b,0xff6a,0xff8e,0xfff8,0xfffa,0xffd1,0xffce,0xffce,0xff6b,0xff4a,0xff0a,0xfea8,0xfde6,0xfde5,0xfe06,
0xe566,0xa2e1,0x9220,0x9aa2,0x9261,0xe505,0xbb82,0xab42,0x71e1,0x40e0,0x5161,0x28c0,0x0000,0x0000,0x0000,0x0000,
0x0000,0x0000,0x0000,0x0000,0x3900,0x7201,0x38c0,0x8a62,0xab42,0xc3c1,0xe566,0xc487,0xaa80,0xcc64,0xf648,0xfe46,
0xfe06,0xfea8,0xff6b,0xff8b,0xffad,0xffad,0xffad,0xffae,0xff6b,0xff2a,0xff09,0xfec8,0xfe88,0xfe06,0xfdc5,0xf585,
0xf565,0xf5c6,0xb383,0x8180,0xc466,0xd484,0xb362,0xb362,0x92a1,0x3080,0x7a22,0x28c0,0x0000,0x0000,0x0000,0x0000,
0x0000,0x0000,0x0000,0x0000,0x4100,0x7a21,0x4100,0x8a61,0x9ae2,0xcc43,0xd4e6,0x79c0,0xb3a3,0xfe26,0xf5a4,0xfdc5,
0xfe26,0xfe47,0xff09,0xff49,0xff8a,0xffac,0xff8c,0xff6c,0xff4a,0xff09,0xfec8,0xfe88,0xfe47,0xfde6,0xfdc6,0xf5c6,
0xed45,0xe505,0xf585,0xab62,0x71a0,0xcc43,0xbbc3,0xa302,0x92a1,0x4900,0x8222,0x4101,0x0000,0x0000,0x0000,0x0000,
0x0000,0x0000,0x0000,0x0000,0x4100,0x4900,0x69c1,0xa2e2,0x92a1,0xcc23,0x9261,0x9281,0xe504,0xe4e3,0xed64,0xfe47,
0xfe06,0xfe26,0xfea7,0xfee8,0xff49,0xffaa,0xff6a,0xff0a,0xff2a,0xff09,0xff09,0xfe87,0xf5e5,0xfdc5,0xf5c6,0xf5c6,
0xf566,0xe4e4,0xdca4,0xe4c3,0x71c0,0x71e1,0xbba3,0x8a61,0x8a81,0x6160,0x4100,0x61a1,0x0000,0x0000,0x0000,0x0000,
0x0000,0x0000,0x0000,0x1860,0x5161,0x28a0,0x8221,0x9281,0xb342,0xab22,0x79c0,0xd463,0xd463,0xe4e4,0xed65,0xf606,
0xf5a5,0xf5c5,0xfe67,0xff4a,0xf648,0xdce4,0xd463,0xd484,0xcc64,0xd443,0xdd05,0xf607,0xfe25,0xf5a5,0xf585,0xf585,
0xe4e4,0xdca3,0xd463,0xcc23,0xc402,0x5100,0x9ae2,0x9ae2,0x7a01,0x61a1,0x30a0,0x7a02,0x2080,0x0000,0x0000,0x0000,
0x0000,0x0000,0x0000,0x1060,0x61c2,0x5981,0x8220,0x9261,0xbba2,0x71c1,0xa322,0xdca3,0xd443,0xe4e4,0xe504,0xed24,
0xf585,0xf584,0xfe26,0xd484,0xcbc1,0xdd67,0xf711,0xfff2,0xff8d,0xf5c6,0xcc43,0xb321,0xd4a4,0xfe05,0xed24,0xe4e4,
0xe4c3,0xed44,0xdc83,0xcc03,0xd443,0x9261,0x8a20,0xb382,0x71c1,0x69e1,0x6181,0x71e2,0x2080,0x0000,0x0000,0x0000,
0x0000,0x0000,0x0000,0x1061,0x51a4,0x71c1,0x8a41,0x9261,0xab21,0x69a0,0xc3c2,0xcc02,0xd442,0xdca3,0xe504,0xe504,
0xed24,0xf5a5,0xbb82,0xd422,0xff2b,0xfff3,0xff95,0xe62c,0xe5e7,0xfe68,0xfec8,0xe505,0xa2e1,0xbbe2,0xed45,0xdcc4,
0xdcc3,0xdce4,0xd463,0xcbe2,0xc3e2,0xbba2,0x6960,0xab21,0x7a01,0x7201,0x5961,0x61c3,0x20c1,0x0000,0x0000,0x0000,
0x0000,0x0000,0x0000,0x0001,0x4163,0x69c1,0x71c0,0xa2e1,0x8a61,0x7a01,0xc3c2,0xbba2,0xd443,0xd484,0xdc83,0xdca3,
0xed24,0xc403,0xc3c2,0xfee9,0xee69,0x8303,0x38e0,0x1820,0x1820,0x30e0,0x8324,0xf586,0xe524,0x9260,0xcc03,0xe4c3,
0xcc43,0xd463,0xcc43,0xc3c2,0xbba2,0xbba2,0x7180,0x8a60,0x9282,0x69a1,0x5161,0x4162,0x0820,0x0000,0x0000,0x0000,
0x0000,0x0000,0x0000,0x1040,0x28a0,0x69e1,0x69a0,0xa302,0x79e0,0x92c1,0xb362,0xbb82,0xcc24,0xcc23,0xcc22,0xdca3,
0xd483,0x9282,0xf5a5,0xee07,0x4160,0x0002,0x0311,0x0496,0x03d3,0x01cb,0x0001,0x49a1,0xf5c6,0xc3e2,0x8a20,0xdca3,
0xcc63,0xcc43,0xc3e3,0xbba3,0xab42,0xb342,0x7a01,0x71e1,0x9ac2,0x6980,0x61a2,0x1860,0x0820,0x0000,0x0000,0x0000,
0x0000,0x0000,0x0000,0x2080,0x2080,0x2080,0x71e0,0x7a00,0x5120,0x8a81,0xa2e1,0xab22,0xb383,0xbbc2,0xc3c2,0xdc83,
0xb361,0xa301,0xfe25,0x7a81,0x0001,0x0cb8,0x579f,0xafff,0x477e,0x0e3d,0x0311,0x0001,0x8ae1,0xed44,0x79c0,0xb382,
0xcc43,0xbba2,0xb362,0xab42,0xa301,0xa302,0x8241,0x5140,0x8a41,0x8221,0x30c1,0x28a0,0x28c0,0x0000,0x0000,0x0000,
0x0000,0x0000,0x0000,0x1020,0x5160,0x1840,0x38e0,0x8a60,0x69a0,0x9261,0x9261,0xa2e2,0xb3c5,0xbba3,0xbba2,0xd463,
0x9280,0xcc43,0xdcc3,0x1860,0x024e,0x16ff,0xa7de,0xffff,0x97dd,0x1f1e,0x04da,0x016a,0x3100,0xe504,0x7a00,0x8a81,
0xbbc2,0xb362,0xb382,0xab22,0x9ac1,0x9ac2,0x7a41,0x5160,0x9ac1,0x4100,0x2880,0x5181,0x2080,0x0000,0x0000,0x0000,
0x0000,0x0000,0x0000,0x0000,0x4120,0x8242,0x1020,0x38e0,0x8241,0x9aa1,0x8a41,0x9aa2,0xab43,0xa321,0xb382,0xcc02,
0x7a00,0xbbc2,0xbbc2,0x0042,0x03b5,0x069d,0x47be,0x9ffd,0x67fc,0x1edd,0x04da,0x02d1,0x1060,0xc423,0x7200,0x71e1,
0xbba2,0xb341,0xab22,0xa302,0xa2e1,0x8a61,0x8aa2,0x8241,0x4121,0x1840,0x8241,0x4120,0x0000,0x0000,0x0000,0x0000,
0x0000,0x0000,0x0000,0x0000,0x1840,0x8242,0x8241,0x0800,0x20a0,0x8a61,0x9a81,0x8221,0x92a2,0xab42,0xab22,0xc3a2,
0x8220,0xab42,0xbba2,0x0041,0x0353,0x04b9,0x065c,0x1f7d,0x1efe,0x059d,0x0cdb,0x026f,0x1860,0xbba2,0x61a0,0x7201,
0xbba2,0xab42,0x92c1,0x9281,0x9281,0x9ac1,0x8aa2,0x28c0,0x1000,0x8a81,0x8241,0x2880,0x0000,0x0000,0x0000,0x0000,
0x0000,0x0000,0x0000,0x0000,0x1860,0x4920,0x92a2,0x9282,0x1820,0x0820,0x7201,0xa2c2,0x9aa1,0x9ac1,0x9ac1,0xa301,
0x8a61,0x8241,0xdc63,0x30e0,0x0148,0x04ba,0x04da,0x059d,0x057d,0x0ddd,0x0d1b,0x0128,0x4960,0xbba2,0x5120,0x8a61,
0xab22,0x92a1,0x8a61,0x9ac1,0xb342,0x6a01,0x0001,0x1840,0x8ac1,0x8261,0x4920,0x1860,0x0000,0x0000,0x0000,0x0000,
0x0000,0x0000,0x0000,0x0000,0x0000,0x38e0,0x6181,0x8a62,0xa301,0x4900,0x0001,0x28c0,0x92a1,0xbb62,0xab01,0x9281,
0x92a1,0x5940,0xc3a2,0xa363,0x0001,0x020c,0x04fa,0x0d9d,0x0d9d,0x0d3b,0x024e,0x0840,0xb445,0xa301,0x4100,0x9ae1,
0x9ae1,0x9ae1,0xa301,0x9281,0x3900,0x0001,0x38e0,0xb3a2,0x8a82,0x4900,0x4120,0x0000,0x0000,0x0000,0x0000,0x0000,
0x0000,0x0000,0x0000,0x0000,0x0000,0x2080,0x61a1,0x5121,0x8241,0xbba2,0x82a1,0x1840,0x0001,0x4140,0x92c2,0xa323,
0xb363,0x8262,0x6180,0xcc03,0x8b22,0x0800,0x0043,0x01ea,0x01ea,0x0084,0x1040,0xa3e5,0xcc64,0x4920,0x7201,0xb342,
0xb321,0x8261,0x3900,0x0001,0x1820,0x8ac1,0xc3e2,0x8a81,0x5140,0x5160,0x28a0,0x0000,0x0000,0x0000,0x0000,0x0000,
0x0000,0x0000,0x0000,0x0000,0x0000,0x0000,0x4941,0x69c1,0x5941,0x7a22,0xcc43,0xcc83,0x7a61,0x2040,0x0001,0x2080,
0x5181,0x8282,0x5980,0x69a0,0xc402,0xc484,0x7b03,0x4181,0x4181,0x8343,0xd527,0xd484,0x6180,0x5980,0x8241,0x5980,
0x2080,0x0001,0x1020,0x7a40,0xd4c5,0xcc84,0x7a21,0x6160,0x6180,0x38e0,0x1860,0x0000,0x0000,0x0000,0x0000,0x0000,
0x0000,0x0000,0x0000,0x0000,0x0000,0x0000,0x2080,0x59a1,0x61a1,0x69a1,0x7180,0xab83,0xdd24,0xe503,0x9b22,0x4120,
0x0001,0x0001,0x0820,0x0820,0x4120,0x9b01,0xd4a4,0xd4e5,0xcc84,0xc444,0x9ac1,0x4900,0x0001,0x0820,0x0001,0x0001,
0x38e0,0x8280,0xd4e3,0xede6,0xabc4,0x6980,0x71a0,0x71e1,0x5940,0x1880,0x0000,0x0000,0x0000,0x0000,0x0000,0x0000,
0x0000,0x0000,0x0000,0x0000,0x0000,0x0000,0x0000,0x28a0,0x5161,0x69c1,0x8221,0x81e1,0x8221,0xaba3,0xeda7,0xfe08,
0xd4c5,0x8ae2,0x59a0,0x28a0,0x1000,0x0800,0x2040,0x30a0,0x2080,0x1800,0x0800,0x1000,0x2080,0x4140,0x82c1,0xcc84,
0xf5c7,0xe567,0xbc03,0x8a41,0x79c0,0x7a00,0x69c0,0x5960,0x4100,0x0000,0x0000,0x0000,0x0000,0x0000,0x0000,0x0000,
0x0000,0x0000,0x0000,0x0000,0x0000,0x0000,0x0000,0x1860,0x4941,0x61a1,0x79e1,0x8221,0x8a61,0x79e1,0x8a61,0xb3a3,
0xd4e7,0xedc7,0xf647,0xf607,0xdd88,0xbc44,0x8ae2,0x2080,0x1040,0x82e3,0xbc64,0xdd86,0xedc6,0xee08,0xf5c7,0xd4c7,
0xa344,0x8a20,0x8a00,0x8221,0x71e1,0x69c0,0x6980,0x5960,0x1840,0x0000,0x0000,0x0000,0x0000,0x0000,0x0000,0x0000,
0x0000,0x0000,0x0000,0x0000,0x0000,0x0000,0x0000,0x0000,0x2060,0x61a1,0x71e2,0x6181,0x8221,0x8a81,0x9ae1,0xa2e1,
0x9aa1,0x9ac1,0x9ae2,0xb3e4,0xc4ea,0xe5a9,0xc4a7,0x5940,0x4100,0xc4e9,0xe5a9,0xc4a7,0xb3c4,0xa323,0xa2e2,0x9a81,
0x9260,0x9a80,0x8240,0x7a00,0x69c1,0x5960,0x5960,0x2080,0x0000,0x0000,0x0000,0x0000,0x0000,0x0000,0x0000,0x0000,
0x0000,0x0000,0x0000,0x0000,0x0000,0x0000,0x0000,0x0000,0x0000,0x2080,0x7202,0x71e2,0x71c1,0x4900,0x69c0,0x92c1,
0xa301,0x9ac1,0xa2c1,0xa2e1,0x9a60,0xb300,0xa2c0,0x5100,0x40e0,0x9ae1,0xa2c0,0x9260,0x9281,0xa2e1,0x9ac1,0xa2e1,
0x9aa1,0x71e0,0x38a0,0x69c1,0x69e1,0x5981,0x30c0,0x0000,0x0000,0x0000,0x0000,0x0000,0x0000,0x0000,0x0000,0x0000,
0x0000,0x0000,0x0000,0x0000,0x0000,0x0000,0x0000,0x0000,0x0000,0x0000,0x2080,0x69e2,0x8221,0x8a40,0x6160,0x30a0,
0x71e1,0xa2e1,0xa2e1,0xa302,0xa2e2,0xb342,0xa302,0x5120,0x5120,0xa322,0xa302,0x92a1,0x9ac1,0x92a1,0x9ac0,0x79e0,
0x40e0,0x5120,0x7a00,0x69c0,0x5141,0x2080,0x0000,0x0000,0x0000,0x0000,0x0000,0x0000,0x0000,0x0000,0x0000,0x0000,
0x0000,0x0000,0x0000,0x0000,0x0000,0x0000,0x0000,0x0000,0x0000,0x0000,0x0000,0x2080,0x69c2,0x7a01,0x8a40,0x69a0,
0x61a1,0x9261,0x9281,0x9281,0x8a61,0x9281,0x8a61,0x4100,0x38e0,0x92a2,0x9281,0x8a61,0x8a61,0x8a61,0x9260,0x71a0,
0x8200,0x8a40,0x8220,0x61a1,0x28a0,0x0000,0x0000,0x0000,0x0000,0x0000,0x0000,0x0000,0x0000,0x0000,0x0000,0x0000,
0x0000,0x0000,0x0000,0x0000,0x0000,0x0000,0x0000,0x0000,0x0000,0x0000,0x0000,0x0000,0x2080,0x5161,0x61c2,0x71e1,
0x7a01,0x71c0,0x7a00,0x8a41,0x8221,0x8221,0x7201,0x30c0,0x30c0,0x8a61,0x8a41,0x7a01,0x7a21,0x71c1,0x69a1,0x69a1,
0x8221,0x69e1,0x5161,0x28a0,0x0000,0x0000,0x0000,0x0000,0x0000,0x0000,0x0000,0x0000,0x0000,0x0000,0x0000,0x0000,
0x0000,0x0000,0x0000,0x0000,0x0000,0x0000,0x0000,0x0000,0x0000,0x0000,0x0000,0x0000,0x0000,0x1020,0x3901,0x61c2,
0x61c2,0x69e1,0x71e1,0x69c1,0x69c1,0x61a1,0x61a0,0x28a0,0x28a0,0x71e0,0x69c1,0x69c2,0x61c2,0x6a03,0x6a03,0x7223,
0x6a23,0x4142,0x1040,0x0000,0x0000,0x0000,0x0000,0x0000,0x0000,0x0000,0x0000,0x0000,0x0000,0x0000,0x0000,0x0000,
0x0000,0x0000,0x0000,0x0000,0x0000,0x0000,0x0000,0x0000,0x0000,0x0000,0x0000,0x0000,0x0000,0x0000,0x0000,0x2080,
0x4121,0x59c2,0x7a43,0x8263,0x7223,0x69e3,0x61c1,0x1860,0x1860,0x7202,0x8263,0x8283,0x7a63,0x7a43,0x61e2,0x4121,
0x1880,0x0000,0x0000,0x0000,0x0000,0x0000,0x0000,0x0000,0x0000,0x0000,0x0000,0x0000,0x0000,0x0000,0x0000,0x0000,
0x0000,0x0000,0x0000,0x0000,0x0000,0x0000,0x0000,0x0000,0x0000,0x0000,0x0000,0x0000,0x0000,0x0000,0x0000,0x0000,
0x0000,0x1060,0x28c1,0x5161,0x61c2,0x7223,0x61c2,0x1860,0x1060,0x6a02,0x8243,0x69e2,0x5981,0x30c0,0x2060,0x0000,
0x0000,0x0000,0x0000,0x0000,0x0000,0x0000,0x0000,0x0000,0x0000,0x0000,0x0000,0x0000,0x0000,0x0000,0x0000,0x0000,
0x0000,0x0000,0x0000,0x0000,0x0000,0x0000,0x0000,0x0000,0x0000,0x0000,0x0000,0x0000,0x0000,0x0000,0x0000,0x0000,
0x0000,0x0000,0x0000,0x0000,0x1860,0x2080,0x1880,0x0800,0x0800,0x28a1,0x28a0,0x1860,0x0000,0x0000,0x0000,0x0000,
0x0000,0x0000,0x0000,0x0000,0x0000,0x0000,0x0000,0x0000,0x0000,0x0000,0x0000,0x0000,0x0000,0x0000,0x0000,0x0000,
0x0000,0x0000,0x0000,0x0000,0x0000,0x0000,0x0000,0x0000,0x0000,0x0000,0x0000,0x0000,0x0000,0x0000,0x0000,0x0000,
0x0000,0x0000,0x0000,0x0000,0x0000,0x0000,0x0000,0x0000,0x0000,0x0000,0x0000,0x0000,0x0000,0x0000,0x0000,0x0000,
0x0000,0x0000,0x0000,0x0000,0x0000,0x0000,0x0000,0x0000,0x0000,0x0000,0x0000,0x0000,0x0000,0x0000,0x0000,0x0000,
0x0000,0x0000,0x0000,0x0000,0x0000,0x0000,0x0000,0x0000,0x0000,0x0000,0x0000,0x0000,0x0000,0x0000,0x0000,0x0000,
0x0000,0x0000,0x0000,0x0000,0x0000,0x0000,0x0000,0x0000,0x0000,0x0000,0x0000,0x0000,0x0000,0x0000,0x0000,0x0000,
0x0000,0x0000,0x0000,0x0000,0x0000,0x0000,0x0000,0x0000,0x0000,0x0000,0x0000,0x0000,0x0000,0x0000,0x0000,0x0000,
},
{
0x0000,0x0000,0x0000,0x0000,0x0000,0x0000,0x0000,0x0000,0x0000,0x0000,0x0000,0x0000,0x0000,0x0000,0x0000,0x0000,
0x0000,0x0000,0x0000,0x0000,0x0000,0x0000,0x0000,0x0000,0x0000,0x0000,0x0000,0x0000,0x0000,0x0000,0x0000,0x0000,
0x0000,0x0000,0x0000,0x0000,0x0000,0x0000,0x0000,0x0000,0x0000,0x0000,0x0000,0x0000,0x0000,0x0000,0x0000,0x0000,
0x0000,0x0000,0x0000,0x0000,0x0000,0x0000,0x0000,0x0000,0x0000,0x0000,0x0000,0x0000,0x0000,0x0000,0x0000,0x0000,
0x0000,0x0000,0x0000,0x0000,0x0000,0x0000,0x0000,0x0000,0x0000,0x0000,0x0000,0x0000,0x0000,0x0000,0x0000,0x0000,
0x0000,0x0000,0x0000,0x0000,0x0000,0x0000,0x0000,0x0000,0x0000,0x0000,0x0000,0x0000,0x0000,0x0000,0x0000,0x0000,
0x0000,0x0000,0x0000,0x0000,0x0000,0x0000,0x0000,0x0000,0x0000,0x0000,0x0000,0x0000,0x0000,0x0000,0x0000,0x0000,
0x0000,0x0000,0x0000,0x2060,0x30c0,0x4961,0x4981,0x4960,0x5160,0x4120,0x30c0,0x28c0,0x0000,0x0000,0x0000,0x0000,
0x0000,0x0000,0x0000,0x0000,0x0000,0x0000,0x0000,0x0000,0x0000,0x0000,0x0000,0x0000,0x0000,0x0000,0x0000,0x0000,
0x0000,0x0000,0x0000,0x0000,0x0000,0x0000,0x0000,0x0000,0x0000,0x0000,0x0000,0x0000,0x0000,0x0000,0x0000,0x0000,
0x30e0,0x4920,0x8281,0xb3e4,0xbc25,0xab83,0x9ae2,0x9ac1,0x9ac1,0x9281,0x8241,0x8261,0x61a0,0x5160,0x28c0,0x0000,
0x0000,0x0000,0x0000,0x0000,0x0000,0x0000,0x0000,0x0000,0x0000,0x0000,0x0000,0x0000,0x0000,0x0000,0x0000,0x0000,
0x0000,0x0000,0x0000,0x0000,0x0000,0x0000,0x0000,0x0000,0x0000,0x0000,0x0000,0x0000,0x0000,0x0000,0x2080,0x7a41,
0xc3e2,0xe565,0xcca4,0x9ac2,0x8a42,0x9ac2,0xab62,0xcc24,0xd484,0xd464,0xcc23,0xc3c2,0xb382,0xa301,0x8a81,0x61a0,
0x30c0,0x0000,0x0000,0x0000,0x0000,0x0000,0x0000,0x0000,0x0000,0x0000,0x0000,0x0000,0x0000,0x0000,0x0000,0x0000,
0x0000,0x0000,0x0000,0x0000,0x0000,0x0000,0x0000,0x0000,0x0000,0x0000,0x0000,0x0000,0x20a0,0x6a01,0x8aa2,0x8a00,
0xa323,0x9b04,0x79a1,0xbc05,0xed86,0xfe25,0xfe05,0xfdc5,0xed44,0xe4e4,0xd483,0xc403,0xb382,0xa301,0x9ae1,0x9ac1,
0x7a20,0x61a1,0x20a0,0x0000,0x0000,0x0000,0x0000,0x0000,0x0000,0x0000,0x0000,0x0000,0x0000,0x0000,0x0000,0x0000,
0x0000,0x0000,0x0000,0x0000,0x0000,0x0000,0x0000,0x0000,0x0000,0x0000,0x0000,0x30e0,0x8a81,0xb382,0xdca4,0xdcc5,
0x8222,0x9261,0xedc6,0xfea6,0xfe86,0xfe45,0xfe46,0xfe25,0xfe05,0xfde5,0xed84,0xed64,0xe504,0xd463,0xc3e2,0xab42,
0x9281,0x8a40,0x69e1,0x3901,0x0000,0x0000,0x0000,0x0000,0x0000,0x0000,0x0000,0x0000,0x0000,0x0000,0x0000,0x0000,
0x0000,0x0000,0x0000,0x0000,0x0000,0x0000,0x0000,0x0000,0x0000,0x0000,0x4981,0xa302,0xbbc2,0xb382,0xd463,0xf5a6,
0xf5c6,0xfe26,0xf582,0xfe46,0xff2a,0xff4a,0xff8e,0xff6f,0xf6cd,0xe5c9,0xdd46,0xcc85,0xc403,0xbbe3,0xb3a2,0xab42,
0xb382,0xbba2,0x9ae2,0x8a82,0x5141,0x1020,0x0000,0x0000,0x0000,0x0000,0x0000,0x0000,0x0000,0x0000,0x0000,0x0000,
0x0000,0x0000,0x0000,0x0000,0x0000,0x0000,0x0000,0x0000,0x0000,0x5181,0xab42,0xc3c2,0xcc23,0xdcc3,0xf564,0xf5a6,
0xfde5,0xfee7,0xf646,0xff6d,0xfff3,0xee6d,0xd50a,0xc364,0xb2c0,0x9a20,0x9200,0x8a20,0x79e1,0x6181,0x71e1,0x71c0,
0x6160,0x6180,0x71e1,0x7a01,0x9282,0x5981,0x0820,0x0000,0x0000,0x0000,0x0000,0x0000,0x0000,0x0000,0x0000,0x0000,
0x0000,0x0000,0x0000,0x0000,0x0000,0x0000,0x0000,0x0000,0x4941,0x92a2,0xb382,0xe4c4,0xe505,0xf585,0xf5a5,0xfe26,
0xff09,0xff49,0xffcf,0xee8e,0xcbc5,0xbac0,0xb280,0xd445,0xd509,0xe609,0xee6a,0xee49,0xede7,0xeda6,0xed86,0xdcc4,
0xbbc3,0x9b22,0x8241,0x5140,0x40e0,0x6181,0x4121,0x0000,0x0000,0x0000,0x0000,0x0000,0x0000,0x0000,0x0000,0x0000,
0x0000,0x0000,0x0000,0x0000,0x0000,0x0000,0x0000,0x2880,0x8a81,0x92a1,0x8a61,0xb383,0xf5a6,0xfdc5,0xfe26,0xff0a,
0xff8d,0xff8b,0xfff3,0xeeb2,0xba60,0xd423,0xf732,0xfff1,0xffcb,0xff49,0xfec7,0xfe06,0xf5a5,0xed02,0xe4a3,0xe4a3,
0xd463,0xc3c2,0xb341,0xb342,0x8241,0x5961,0x4900,0x28a0,0x0000,0x0000,0x0000,0x0000,0x0000,0x0000,0x0000,0x0000,
0x0000,0x0000,0x0000,0x0000,0x0000,0x0000,0x3941,0x92c1,0xa342,0xd484,0xfde5,0xbbc2,0xd4a4,0xfea8,0xfec7,0xff4a,
0xffce,0xffd4,0xffd3,0xfff7,0xe58a,0xc340,0xeed1,0xffcf,0xff8f,0xff6a,0xff0a,0xfe48,0xfde6,0xed44,0xe503,0xdca3,
0xd463,0xbba2,0x9ac1,0x92c1,0x8a61,0x9282,0x8242,0x5141,0x1020,0x0000,0x0000,0x0000,0x0000,0x0000,0x0000,0x0000,
0x0000,0x0000,0x0000,0x0000,0x0000,0x0000,0x4920,0x2060,0x0001,0x2080,0xcd27,0xff4d,0xcc22,0xee08,0xff6b,0xffae,
0xfff2,0xfffe,0xfff7,0xfff2,0xf70f,0xc320,0xd4e6,0xffcf,0xff6a,0xff49,0xff2a,0xfe69,0xfe27,0xfe67,0xfdc5,0xed24,
0xdca4,0xcc23,0xbb82,0x92a1,0x92c1,0x8241,0x9282,0x7a23,0x5182,0x1040,0x0000,0x0000,0x0000,0x0000,0x0000,0x0000,
0x0000,0x0000,0x0000,0x0000,0x0000,0x0001,0x0147,0x0455,0x0bf3,0x00a4,0x4140,0xffd4,0xe547,0xcca5,0xffac,0xff8f,
0xffd1,0xffd0,0xffcf,0xff8c,0xffae,0xd465,0xbb21,0xff2c,0xff28,0xff09,0xfea8,0xf628,0xe5a9,0xcca5,0xc444,0xbc03,
0xbbe3,0xcc84,0xcc23,0xbba2,0xbba2,0x9ae2,0x92a1,0x7222,0x61e3,0x30e1,0x0000,0x0000,0x0000,0x0000,0x0000,0x0000,
0x0000,0x0000,0x0000,0x0000,0x0000,0x01ea,0x36de,0x97ff,0x269d,0x0374,0x0820,0xd5ed,0xf66c,0xbc03,0xff8b,0xff49,
0xffad,0xffcf,0xff8b,0xfee9,0xff2a,0xe5c9,0xb280,0xee29,0xff09,0xfe67,0xf5a5,0xfe49,0xb384,0x9a00,0x8a21,0x71c0,
0x6160,0x6160,0x71c0,0x71e0,0x8241,0x9ae1,0x92a1,0x8a61,0x61a2,0x59a2,0x1860,0x0000,0x0000,0x0000,0x0000,0x0000,
0x0000,0x0000,0x0000,0x0000,0x0042,0x0d5a,0xafff,0xfffd,0x471c,0x049a,0x00c4,0xcd8a,0xf66b,0xb3a2,0xff4a,0xff29,
0xff4a,0xff29,0xfee8,0xfe87,0xfe88,0xf629,0xaaa0,0xd4a5,0xfe88,0xf5a5,0xf585,0xfde6,0xd4a5,0x9a40,0xe5ec,0xed65,
0xdcc3,0xcc22,0xc423,0x92e2,0x7a00,0x4900,0x40e0,0x6180,0x71e1,0x71e2,0x38e1,0x0000,0x0000,0x0000,0x0000,0x0000,
0x0000,0x0000,0x0000,0x0000,0x0127,0x0e1d,0x579d,0x57bc,0x0e9d,0x0395,0x0042,0xcd27,0xe525,0xbbc2,0xff09,0xfec8,
0xff2a,0xfe87,0xfe46,0xfe87,0xfe68,0xfeaa,0xab22,0xab02,0xfe48,0xf585,0xf585,0xed24,0xdce5,0x79a0,0xc445,0xed04,
0xdc83,0xcc42,0xcc22,0xcc02,0xc3c2,0xa2e2,0x7a21,0x5140,0x38a0,0x6181,0x61c2,0x1040,0x0000,0x0000,0x0000,0x0000,
0x0000,0x0000,0x0000,0x0000,0x0188,0x051a,0x0e5c,0x06bd,0x053c,0x01ed,0x28e0,0xf5e7,0xbb61,0xcc44,0xfee8,0xfe67,
0xfea8,0xfec9,0xfe87,0xfe26,0xfde6,0xfe27,0xb3a3,0x9260,0xedc7,0xf565,0xe4e4,0xd462,0xe4e4,0x9aa1,0xa301,0xe505,
0xd464,0xcc23,0xbbc2,0xb362,0xa302,0x8a62,0x8a41,0x8a61,0x8242,0x3080,0x5981,0x2080,0x0000,0x0000,0x0000,0x0000,
0x0000,0x0000,0x0000,0x0000,0x1124,0x0478,0x057c,0x059d,0x0bb6,0x0044,0x72a2,0xf585,0xa2c0,0xe545,0xfe46,0xfe26,
0xfe67,0xfe06,0xfe06,0xf5c5,0xf565,0xfdc5,0xbc23,0x79c0,0xdd26,0xe4c3,0xd463,0xd463,0xdca4,0xab42,0xab41,0xe504,
0xc402,0xc3c2,0xbbc2,0xb362,0xb362,0x9ac2,0x8a61,0x71e1,0x8222,0x40e0,0x40e1,0x28a0,0x0000,0x0000,0x0000,0x0000,
0x0000,0x0000,0x0000,0x4941,0x48e0,0x01ec,0x0478,0x03b5,0x00c6,0x4160,0xe545,0xb341,0xab01,0xf5c5,0xf585,0xfde5,
0xfe06,0xfde6,0xf5a5,0xf564,0xed24,0xed03,0xcc84,0x6180,0xccc5,0xfd85,0xed24,0xdc83,0xe4c3,0xc3c2,0x9280,0xdc83,
0xcc22,0xc3e2,0xbba2,0xa343,0x7a41,0x92a1,0x9ac1,0x8241,0x7a02,0x4921,0x5162,0x4941,0x0000,0x0000,0x0000,0x0000,
0x0000,0x0000,0x0000,0x3100,0xab22,0x20c1,0x0001,0x1081,0x7282,0xd4c5,0xab21,0x8a40,0xe4e4,0xed44,0xed44,0xed44,
0xf5c5,0xf5a5,0xed24,0xed24,0xe503,0xdca3,0xcca4,0x6180,0x8240,0x9ae1,0x8a81,0x7a21,0x7201,0x61a0,0x3880,0xab83,
0xd443,0xbb62,0xb362,0x9b23,0x40c0,0x5920,0x5940,0xa321,0x69c2,0x5141,0x4101,0x61a2,0x1020,0x0000,0x0000,0x0000,
0x0000,0x0000,0x0000,0x0020,0x8a81,0xdca5,0xb446,0xcc84,0xdcc4,0x92a1,0x79e0,0xc402,0xed24,0xe4e3,0xed24,0xe503,
0xed44,0xed24,0xe4e3,0xe4c3,0xd463,0xcc22,0xdcc3,0x9303,0x82a3,0x8282,0x8aa2,0x8281,0x7a61,0x7241,0x61e1,0xb404,
0xc3a2,0xb341,0xab01,0xab42,0x5940,0xbc05,0xbbc2,0x9ae1,0x71e1,0x69e2,0x38e0,0x4101,0x1020,0x0000,0x0000,0x0000,
0x0000,0x0000,0x30c0,0x4940,0x1040,0x7200,0x9ac1,0x8220,0x7180,0x8220,0xd463,0xed04,0xe4e3,0xe4e3,0xed24,0xe4e3,
0xdcc3,0xdca3,0xdcc3,0xcc42,0xc3e2,0xcc22,0xd442,0xdd05,0xe588,0xe525,0xe525,0xdca4,0xcc63,0xc444,0xc424,0xc424,
0xb341,0xb341,0xa301,0xab22,0x5100,0x9b23,0x9ac1,0x7a01,0x8242,0x4921,0x2060,0x3900,0x2080,0x0000,0x0000,0x0000,
0x0000,0x0000,0x4981,0xb361,0x30a0,0x0001,0x5980,0xab42,0xdc63,0xece3,0xd483,0xdcc4,0xdcc3,0xd483,0xd483,0xdc83,
0xdc63,0xdc83,0xd443,0xc402,0xc3e2,0xcc22,0xc3e2,0xb382,0xbb81,0xcbc1,0xd401,0xcbc2,0xbb81,0xb341,0xa2e1,0x9ae1,
0xa301,0xab22,0x9ac1,0xa2e1,0x5940,0x71e0,0x8220,0x2860,0x30a0,0x4900,0x5961,0x61a1,0x2060,0x0000,0x0000,0x0000,
0x0000,0x0000,0x38e0,0xcc65,0xcc64,0x4920,0x0001,0x20c1,0x92e2,0xcc43,0xdcc3,0xdca3,0xd462,0xcc42,0xcc22,0xd463,
0xd463,0xd443,0xcbe2,0xc3c2,0xbb82,0xb342,0xab22,0xab62,0xb3a3,0x92c2,0x69e1,0x59a1,0x61c1,0x9ac1,0xb341,0xa2e1,
0x9ac1,0x9ac1,0x9281,0x9aa1,0x5940,0x71e0,0x9281,0x7200,0x8241,0x7a22,0x5182,0x6181,0x20a0,0x0000,0x0000,0x0000,
0x0000,0x0000,0x38e0,0xa2e1,0xdd88,0xeda6,0x9b41,0x30a0,0x0001,0x1040,0x51a1,0xa342,0xd483,0xdca3,0xe4c3,0xdc83,
0xcc02,0xc3c2,0xb361,0xb341,0xab21,0x9ac1,0xab01,0x92c1,0x28c0,0x0001,0x3060,0x38c0,0x1820,0x1000,0x38e0,0x9aa1,
0x9aa1,0x8241,0x8a41,0x9281,0x71c1,0x69a0,0x8220,0x69c1,0x6180,0x61e4,0x59c3,0x5181,0x1040,0x0000,0x0000,0x0000,
0x0000,0x0000,0x38e0,0x9ac1,0xa301,0xc465,0xf647,0xf628,0xb3e3,0x4140,0x0001,0x0001,0x2080,0x5160,0x8aa1,0xb382,
0xc3a2,0xc3e3,0xc3c2,0xcbc2,0xb341,0xb321,0x8241,0x0800,0x30a0,0xac05,0xee2a,0xed65,0xd4a4,0x92a2,0x2060,0x2880,
0x9281,0x8221,0x7a00,0x8241,0x9aa1,0x8a40,0x71c0,0x71e1,0x71e1,0x6a03,0x3902,0x0800,0x0820,0x0000,0x0000,0x0000,
0x0000,0x0000,0x2060,0x7a21,0xb383,0xab21,0xc3c2,0xe587,0xfeaa,0xfeaa,0xdd46,0x9b83,0x5980,0x1000,0x0001,0x0001,
0x0800,0x28e0,0x4161,0x69e1,0x9ae1,0x92c2,0x1860,0x5120,0xedc9,0xfecd,0xdd06,0xdc84,0xdc84,0xdca4,0x92c2,0x1000,
0x4120,0x8a61,0x8221,0x9281,0x9aa1,0x8a40,0x7201,0x4961,0x3901,0x1020,0x0800,0x4940,0x28a0,0x0000,0x0000,0x0000,
0x0000,0x0000,0x1860,0x69e1,0xa301,0xc3e3,0xd463,0xd442,0xdca2,0xdd26,0xee09,0xfecd,0xfea9,0xe5c6,0xbc65,0x7ac3,
0x5181,0x0800,0x0001,0x0001,0x0800,0x1020,0x1820,0xc3e3,0xf62b,0xcbe2,0xab02,0x8221,0x8a81,0xab21,0xb342,0x5960,
0x1020,0x61c1,0x5981,0x61a0,0x4100,0x2060,0x0800,0x0001,0x1840,0x4120,0x6a01,0x4940,0x0820,0x0000,0x0000,0x0000,
0x0000,0x0000,0x0000,0x4120,0x9aa1,0xab41,0xcc23,0xcc43,0xdcc3,0xdca2,0xdca2,0xdca3,0xdcc5,0xdd05,0xee09,0xf608,
0xf5e6,0xdda6,0xcd04,0xa3c2,0x7ae2,0x30e0,0x4900,0xd4a4,0xdc83,0xab42,0x6181,0x71a0,0x6120,0x8221,0xab42,0x7201,
0x0800,0x1020,0x1000,0x2040,0x2060,0x3900,0x5180,0x6a21,0x8261,0x7202,0x61c3,0x28e1,0x0000,0x0000,0x0000,0x0000,
0x0000,0x0000,0x0000,0x30e0,0x9281,0xb362,0xc3e2,0xc3e3,0xdca3,0xe4e3,0xe4e3,0xed44,0xdc82,0xc3c1,0xc3a1,0xc382,
0xbba2,0xbbc3,0xc403,0xc402,0xdce3,0x5980,0x4920,0xcc43,0xc381,0x8a81,0x6980,0xa2c1,0x8a20,0x79e1,0xa322,0x61a0,
0x1820,0x61c1,0x82c2,0xa322,0xab42,0xab63,0x92a1,0x7a01,0x6180,0x5962,0x61c4,0x1880,0x0000,0x0000,0x0000,0x0000,
0x0000,0x0000,0x0000,0x0000,0x69c0,0xb383,0xa342,0xc3e2,0xd463,0xd422,0xd442,0xe504,0xd483,0xc3e2,0xd443,0xcc22,
0xc3a2,0xab01,0xab01,0x9a81,0xb301,0x5960,0x2060,0xa322,0xb321,0x92a1,0x69a0,0x8220,0x8221,0xb3a3,0x8a81,0x5980,
0x1020,0xa362,0x9b02,0x8a41,0x8200,0x6160,0x6980,0x6980,0x5982,0x69e5,0x4942,0x0000,0x0000,0x0000,0x0000,0x0000,
0x0000,0x0000,0x0000,0x0000,0x4900,0xa2e1,0x71e1,0x8241,0xc3e2,0xd442,0xcc22,0xd483,0xcc42,0xc3e2,0xcc23,0xc3c2,
0xcbe2,0xbba2,0xab42,0xa2e1,0xa301,0x8a61,0x0800,0x7a21,0xa2e1,0x9260,0x9281,0x92c1,0xbbc3,0xa342,0x8241,0x30c0,
0x28a0,0xa301,0x71c0,0x71c0,0x79e0,0x79e0,0x7a00,0x6180,0x5183,0x6205,0x2080,0x0000,0x0000,0x0000,0x0000,0x0000,
0x0000,0x0000,0x0000,0x0000,0x2060,0x7200,0xa302,0x6160,0x81c0,0xa2c1,0xc3c2,0xcc22,0xcc23,0xcc23,0xc3c2,0xbb82,
0xa2e1,0xab01,0xa301,0xa2e1,0x9281,0xab02,0x38e0,0x1840,0x92a1,0xa301,0x92a1,0x92a1,0x9aa1,0x92a1,0x61a1,0x0800,
0x8281,0x92a1,0x71c1,0x71c1,0x5961,0x4920,0x38c0,0x4900,0x61e2,0x5183,0x1020,0x0000,0x0000,0x0000,0x0000,0x0000,
0x0000,0x0000,0x0000,0x0000,0x0000,0x38e0,0x9281,0x9ae1,0x9ae1,0x9261,0xab21,0xcc02,0xc3c2,0xbba2,0xbba2,0xbba2,
0xa2c1,0xa2e1,0x9ac1,0x9aa1,0x9281,0xa2c1,0xab02,0x30c0,0x2060,0x61a1,0x7a41,0x7a41,0x6a01,0x4100,0x0800,0x7221,
0xa321,0x69c1,0x7a01,0x69e1,0x28a0,0x5960,0x6180,0x71e1,0x6a02,0x2080,0x0000,0x0000,0x0000,0x0000,0x0000,0x0000,
0x0000,0x0000,0x0000,0x0000,0x0000,0x2060,0x59a0,0x9281,0xb382,0xd443,0xbb81,0xbb81,0xbb81,0xa2e1,0xb342,0xbba2,
0xbb82,0x9ac1,0x9ac1,0x9281,0x9261,0x8220,0x9a80,0x5960,0x1840,0x1000,0x0800,0x0001,0x0800,0x30c0,0x92e1,0xb382,
0x79e1,0x71e1,0x71e1,0x5961,0x69c1,0x7a01,0x61a1,0x59a2,0x28c1,0x0000,0x0000,0x0000,0x0000,0x0000,0x0000,0x0000,
0x0000,0x0000,0x0000,0x0000,0x0000,0x0000,0x28c0,0x69c0,0x8200,0x9a81,0xa2c1,0xab01,0xab21,0xab01,0xa2e1,0xa2e1,
0xab21,0x9a81,0x9aa1,0x9281,0x7a00,0x8220,0x7a21,0x1860,0x2040,0xa361,0xa361,0x8281,0x9b01,0xa322,0x92a1,0x71c1,
0x7a01,0x6180,0x61a1,0x71e1,0x8221,0x5141,0x4921,0x38e0,0x0001,0x0000,0x0000,0x0000,0x0000,0x0000,0x0000,0x0000,
0x0000,0x0000,0x0000,0x0000,0x0000,0x0000,0x0000,0x38e0,0x71c0,0x79e0,0x8a21,0x9261,0x9281,0xa2c1,0x9aa1,0x9ac1,
0x9aa1,0xa2c1,0x9281,0x8a41,0x7a01,0x8a61,0x4100,0x0800,0x4940,0xbbe2,0x8a61,0x9281,0x7a01,0x69a0,0x71c0,0x8a41,
0x7a21,0x7201,0x5961,0x5141,0x4921,0x30c0,0x5161,0x2080,0x0000,0x0000,0x0000,0x0000,0x0000,0x0000,0x0000,0x0000,
0x0000,0x0000,0x0000,0x0000,0x0000,0x0000,0x0000,0x0000,0x4920,0x71e1,0x69a0,0x8a41,0x79e0,0x8a41,0x9261,0x9261,
0x8a41,0x8a41,0x8a61,0x79e0,0x8220,0x5140,0x1840,0x2880,0xab82,0x8a61,0x79c0,0x79e0,0x71e1,0x5961,0x5141,0x5161,
0x4900,0x38c0,0x30a0,0x38c0,0x4100,0x7222,0x30e1,0x0000,0x0000,0x0000,0x0000,0x0000,0x0000,0x0000,0x0000,0x0000,
0x0000,0x0000,0x0000,0x0000,0x0000,0x0000,0x0000,0x0000,0x0000,0x4121,0x69a0,0x6180,0x69a0,0x69a0,0x71c0,0x7a01,
0x8201,0x71c0,0x71c0,0x8a20,0x5960,0x1840,0x2040,0x9b01,0xa2e1,0x71c0,0x7a00,0x8a40,0x40e0,0x28a0,0x5160,0x40e0,
0x5960,0x71c0,0x69c0,0x7201,0x6a23,0x28c1,0x0000,0x0000,0x0000,0x0000,0x0000,0x0000,0x0000,0x0000,0x0000,0x0000,
0x0000,0x0000,0x0000,0x0000,0x0000,0x0000,0x0000,0x0000,0x0000,0x0000,0x30e0,0x61a1,0x7201,0x69c1,0x6180,0x69a0,
0x6180,0x6180,0x7a00,0x5961,0x2060,0x1840,0x8260,0xab21,0x79e1,0x71e1,0x79e1,0x69a0,0x2880,0x92a0,0x8a81,0x7a01,
0x69e1,0x59a1,0x69e2,0x59c3,0x20a1,0x0000,0x0000,0x0000,0x0000,0x0000,0x0000,0x0000,0x0000,0x0000,0x0000,0x0000,
0x0000,0x0000,0x0000,0x0000,0x0000,0x0000,0x0000,0x0000,0x0000,0x0000,0x0000,0x28c1,0x61c2,0x7222,0x7202,0x7a23,
0x7a22,0x71e1,0x38e0,0x1020,0x1860,0x61c0,0x9260,0x71c0,0x8201,0x79e0,0x69a0,0x2880,0x8220,0x8220,0x5941,0x5981,
0x5961,0x61e2,0x5182,0x1840,0x0000,0x0000,0x0000,0x0000,0x0000,0x0000,0x0000,0x0000,0x0000,0x0000,0x0000,0x0000,
0x0000,0x0000,0x0000,0x0000,0x0000,0x0000,0x0000,0x0000,0x0000,0x0000,0x0000,0x0000,0x1060,0x30e1,0x51a2,0x51a2,
0x3901,0x0820,0x0800,0x30c0,0x7a00,0x8a40,0x5940,0x6180,0x71c0,0x69a0,0x3080,0x2860,0x5940,0x5140,0x5140,0x4920,
0x30c0,0x1860,0x1020,0x0000,0x0000,0x0000,0x0000,0x0000,0x0000,0x0000,0x0000,0x0000,0x0000,0x0000,0x0000,0x0000,
0x0000,0x0000,0x0000,0x0000,0x0000,0x0000,0x0000,0x0000,0x0000,0x0000,0x0000,0x0000,0x0000,0x0000,0x0820,0x0001,
0x0800,0x28a0,0x5980,0x8241,0x71e2,0x5983,0x59a2,0x61c1,0x5960,0x4920,0x5961,0x69c1,0x5981,0x59a1,0x4941,0x28a0,
0x0820,0x0000,0x0000,0x0000,0x0000,0x0000,0x0000,0x0000,0x0000,0x0000,0x0000,0x0000,0x0000,0x0000,0x0000,0x0000,
0x0000,0x0000,0x0000,0x0000,0x0000,0x0000,0x0000,0x0000,0x0000,0x0000,0x0000,0x0000,0x0000,0x0000,0x0000,0x0000,
0x1860,0x28a0,0x4121,0x4942,0x4983,0x59c4,0x61c3,0x5981,0x4941,0x61c1,0x61c1,0x4961,0x38e0,0x2080,0x1840,0x0000,
0x0000,0x0000,0x0000,0x0000,0x0000,0x0000,0x0000,0x0000,0x0000,0x0000,0x0000,0x0000,0x0000,0x0000,0x0000,0x0000,
0x0000,0x0000,0x0000,0x0000,0x0000,0x0000,0x0000,0x0000,0x0000,0x0000,0x0000,0x0000,0x0000,0x0000,0x0000,0x0000,
0x0000,0x0000,0x0000,0x0820,0x1040,0x1860,0x1860,0x1860,0x2080,0x1840,0x1860,0x0000,0x0000,0x0000,0x0000,0x0000,
0x0000,0x0000,0x0000,0x0000,0x0000,0x0000,0x0000,0x0000,0x0000,0x0000,0x0000,0x0000,0x0000,0x0000,0x0000,0x0000,
0x0000,0x0000,0x0000,0x0000,0x0000,0x0000,0x0000,0x0000,0x0000,0x0000,0x0000,0x0000,0x0000,0x0000,0x0000,0x0000,
0x0000,0x0000,0x0000,0x0000,0x0000,0x0000,0x0000,0x0000,0x0000,0x0000,0x0000,0x0000,0x0000,0x0000,0x0000,0x0000,
0x0000,0x0000,0x0000,0x0000,0x0000,0x0000,0x0000,0x0000,0x0000,0x0000,0x0000,0x0000,0x0000,0x0000,0x0000,0x0000,
0x0000,0x0000,0x0000,0x0000,0x0000,0x0000,0x0000,0x0000,0x0000,0x0000,0x0000,0x0000,0x0000,0x0000,0x0000,0x0000,
0x0000,0x0000,0x0000,0x0000,0x0000,0x0000,0x0000,0x0000,0x0000,0x0000,0x0000,0x0000,0x0000,0x0000,0x0000,0x0000,
0x0000,0x0000,0x0000,0x0000,0x0000,0x0000,0x0000,0x0000,0x0000,0x0000,0x0000,0x0000,0x0000,0x0000,0x0000,0x0000,
},
{
0x0000,0x0000,0x0000,0x0000,0x0000,0x0000,0x0000,0x0000,0x0000,0x0000,0x0000,0x0000,0x0000,0x0000,0x0000,0x0000,
0x0000,0x0000,0x0000,0x0000,0x0000,0x0000,0x0000,0x0000,0x0000,0x0000,0x0000,0x0000,0x0000,0x0000,0x0000,0x0000,
0x0000,0x0000,0x0000,0x0000,0x0000,0x0000,0x0000,0x0000,0x0000,0x0000,0x0000,0x0000,0x0000,0x0000,0x0000,0x0000,
0x0000,0x0000,0x0000,0x0000,0x0000,0x0000,0x0000,0x0000,0x0000,0x0000,0x0000,0x0000,0x0000,0x0000,0x0000,0x0000,
0x0000,0x0000,0x0000,0x0000,0x0000,0x0000,0x0000,0x0000,0x0000,0x0000,0x0000,0x0000,0x0000,0x0000,0x0000,0x0000,
0x0000,0x0000,0x0000,0x0000,0x0000,0x0000,0x0000,0x0000,0x0000,0x0000,0x0000,0x0000,0x0000,0x0000,0x0000,0x0000,
0x0000,0x0000,0x0000,0x0000,0x0000,0x0000,0x0000,0x0000,0x0000,0x0000,0x0000,0x0000,0x0000,0x0000,0x0000,0x0000,
0x0000,0x0000,0x0000,0x0000,0x0000,0x0820,0x0126,0x01a8,0x0126,0x0061,0x0000,0x0000,0x0000,0x0000,0x0000,0x0000,
0x0000,0x0000,0x0000,0x0000,0x0000,0x0000,0x0000,0x0000,0x0000,0x0000,0x0000,0x0000,0x0000,0x0000,0x0000,0x0000,
0x0000,0x0000,0x0000,0x0000,0x0000,0x0000,0x0000,0x0000,0x0000,0x0000,0x0000,0x0000,0x0000,0x0000,0x0000,0x0000,
0x0000,0x0000,0x0000,0x1060,0x0147,0x0434,0x3e3b,0x4f1e,0x0dbb,0x0373,0x0106,0x0820,0x3101,0x0000,0x0000,0x0000,
0x0000,0x0000,0x0000,0x0000,0x0000,0x0000,0x0000,0x0000,0x0000,0x0000,0x0000,0x0000,0x0000,0x0000,0x0000,0x0000,
0x0000,0x0000,0x0000,0x0000,0x0000,0x0000,0x0000,0x0000,0x0000,0x0000,0x0000,0x0000,0x0000,0x0000,0x0000,0x0000,
0x0000,0x4981,0x5960,0x00e5,0x059a,0x579f,0xffff,0xf7ff,0x5fbd,0x0e3d,0x0437,0x00a4,0x69a0,0x59a1,0x0840,0x0000,
0x0000,0x0000,0x0000,0x0000,0x0000,0x0000,0x0000,0x0000,0x0000,0x0000,0x0000,0x0000,0x0000,0x0000,0x0000,0x0000,
0x0000,0x0000,0x0000,0x0000,0x0000,0x0000,0x0000,0x0000,0x0000,0x0000,0x0000,0x0000,0x0000,0x0000,0x0000,0x3901,
0x4100,0x92c1,0x1040,0x02d0,0x0dda,0x577d,0xc7de,0xafde,0x3f5d,0x0e5c,0x0d7b,0x026e,0x0820,0xb362,0x4940,0x28c0,
0x28c1,0x0000,0x0000,0x0000,0x0000,0x0000,0x0000,0x0000,0x0000,0x0000,0x0000,0x0000,0x0000,0x0000,0x0000,0x0000,
0x0000,0x0000,0x0000,0x0000,0x0000,0x0000,0x0000,0x0000,0x0000,0x0000,0x0000,0x0000,0x0000,0x28a0,0x7a62,0x69c1,
0x9ac2,0xc3e2,0x0820,0x028f,0x04d9,0x0e9c,0x16fc,0x0efd,0x069d,0x05dc,0x0cb9,0x022c,0x1040,0xcc63,0x8261,0x5161,
0x8262,0x4121,0x0000,0x0000,0x0000,0x0000,0x0000,0x0000,0x0000,0x0000,0x0000,0x0000,0x0000,0x0000,0x0000,0x0000,
0x0000,0x0000,0x0000,0x0000,0x0000,0x0000,0x0000,0x0000,0x0000,0x0000,0x0000,0x0000,0x3900,0x8a60,0xab21,0x69a0,
0x8261,0xf543,0x59c0,0x0023,0x0415,0x053a,0x05dc,0x0e5d,0x057b,0x04da,0x02f2,0x0001,0x7261,0xfdc4,0x7201,0x5960,
0xab21,0x9ac2,0x61c2,0x2080,0x0000,0x0000,0x0000,0x0000,0x0000,0x0000,0x0000,0x0000,0x0000,0x0000,0x0000,0x0000,
0x0000,0x0000,0x0000,0x0000,0x0000,0x0000,0x0000,0x0000,0x0000,0x0000,0x0000,0x5180,0x9ac1,0xa2a0,0xb341,0x9ae1,
0x5940,0xd4a3,0xf626,0x6a62,0x0882,0x0148,0x022d,0x02cf,0x01cb,0x0128,0x1081,0x7323,0xf667,0xd484,0x6140,0x9ae1,
0xbb81,0xaae1,0x9a81,0x7202,0x28a0,0x0000,0x0000,0x0000,0x0000,0x0000,0x0000,0x0000,0x0000,0x0000,0x0000,0x0000,
0x0000,0x0000,0x0000,0x0000,0x0000,0x0000,0x0000,0x0000,0x0000,0x0000,0x59a1,0xa2e1,0xab01,0x9a80,0xb341,0xd483,
0x8241,0x8a20,0xe5a6,0xff8a,0xde4a,0xa4a8,0x5a45,0x4a25,0x5a84,0xaca7,0xe68c,0xfeca,0xd4a4,0x81a0,0x9281,0xd462,
0xc3e1,0xaae1,0xa2e1,0x9281,0x8221,0x30e1,0x0000,0x0000,0x0000,0x0000,0x0000,0x0000,0x0000,0x0000,0x0000,0x0000,
0x0000,0x0000,0x0000,0x0000,0x0000,0x0000,0x0000,0x0000,0x0000,0x51a1,0x92a1,0xab01,0xc3c2,0xd443,0xc3a1,0xd442,
0xe525,0xa2e2,0x89c0,0xab21,0xe5a7,0xff0c,0xffb1,0xff70,0xff6e,0xf68b,0xdce6,0x9a60,0x81a0,0xa364,0xf5a5,0xdcc3,
0xcc63,0xc3e3,0xb382,0xab42,0x9aa1,0x7a22,0x1860,0x0000,0x0000,0x0000,0x0000,0x0000,0x0000,0x0000,0x0000,0x0000,
0x0000,0x0000,0x0000,0x0000,0x0000,0x0000,0x0000,0x0000,0x4961,0x8241,0x9ac1,0xb320,0xdce5,0xc424,0xcc22,0xed03,
0xf544,0xfe27,0xccc6,0x9ac2,0x9220,0x9a20,0xa2a0,0xa2a0,0x9240,0x91c0,0x9200,0xa343,0xd526,0xfe88,0xf585,0xe4e3,
0xdca3,0xc423,0xbbc2,0xd464,0xa2c1,0x8a61,0x61a1,0x0000,0x0000,0x0000,0x0000,0x0000,0x0000,0x0000,0x0000,0x0000,
0x0000,0x0000,0x0000,0x0000,0x0000,0x0000,0x0000,0x2080,0x7221,0xa302,0xab42,0xcbe2,0xdcc4,0xcc43,0xed03,0xf563,
0xfe47,0xfe47,0xfec8,0xff8c,0xf6ec,0xde4f,0xb3a5,0x89c0,0xa365,0xe62b,0xeecb,0xff4b,0xfec8,0xfe06,0xfde5,0xf584,
0xed24,0xcc43,0xdc83,0xcbe3,0xb342,0xab21,0x9aa1,0x38e0,0x0000,0x0000,0x0000,0x0000,0x0000,0x0000,0x0000,0x0000,
0x0000,0x0000,0x0000,0x0000,0x0000,0x0000,0x0000,0x59c1,0x4900,0x9ac1,0xdc83,0xdcc4,0xdc83,0xed24,0xf544,0xfe46,
0xfe26,0xfea9,0xff2c,0xff8c,0xff8c,0xfff3,0xcc88,0xb2e0,0xd4c9,0xfff6,0xffad,0xff6b,0xff4a,0xfe67,0xfe26,0xfde5,
0xe4c3,0xdcc4,0xdcc4,0xd422,0xd442,0xbba2,0x6980,0x5940,0x2080,0x0000,0x0000,0x0000,0x0000,0x0000,0x0000,0x0000,
0x0000,0x0000,0x0000,0x0000,0x0000,0x0000,0x4100,0xb382,0x71c0,0x58e0,0xcc02,0xedc7,0xe504,0xed65,0xfe26,0xfee9,
0xf5e5,0xfeea,0xffcf,0xffcf,0xffb0,0xfff5,0xd487,0xcb80,0xdca8,0xfffa,0xffb1,0xffaf,0xff8b,0xfec8,0xfe26,0xfe47,
0xf5a5,0xf5a5,0xe4c4,0xe4e3,0xd463,0x8221,0x5100,0x9281,0x4941,0x0000,0x0000,0x0000,0x0000,0x0000,0x0000,0x0000,
0x0000,0x0000,0x0000,0x0000,0x0000,0x2060,0x69c1,0xab21,0xd4a4,0x8242,0x7180,0xe503,0xed44,0xf565,0xfe67,0xff29,
0xff4a,0xff8b,0xffd1,0xfffb,0xffd7,0xfff7,0xdcc7,0xcb80,0xe4e7,0xfffc,0xffd3,0xffd0,0xff8c,0xff6b,0xff0a,0xff0a,
0xfe67,0xfdc5,0xe4c3,0xed44,0x7a01,0x7180,0xa301,0xa322,0x6181,0x28a0,0x0000,0x0000,0x0000,0x0000,0x0000,0x0000,
0x0000,0x0000,0x0000,0x0000,0x0000,0x4100,0x8221,0x9ac0,0xedc7,0x8242,0xa301,0xf564,0xed44,0xfdc6,0xfe47,0xfee8,
0xff08,0xff8b,0xffad,0xffd2,0xffcf,0xfff3,0xdca7,0xcb60,0xe4e8,0xfff4,0xffad,0xff8b,0xff6a,0xfee9,0xfec9,0xfe88,
0xfe06,0xf5a5,0xe4e4,0xed24,0x9b02,0x69a1,0xdd66,0x9a80,0x8201,0x5141,0x0000,0x0000,0x0000,0x0000,0x0000,0x0000,
0x0000,0x0000,0x0000,0x0000,0x0000,0x61a1,0xa2e2,0xbb82,0x9b43,0x6140,0xd4a3,0xe503,0xed44,0xfe47,0xff09,0xff08,
0xfe86,0xfee8,0xff6a,0xffab,0xff8b,0xffd1,0xcc26,0xbb20,0xd488,0xfff0,0xff6a,0xff6a,0xff4a,0xfea8,0xfe67,0xfe47,
0xfe26,0xfde6,0xed24,0xe4e3,0xdcc3,0x5920,0xa362,0xab21,0x8201,0x71c1,0x30c0,0x0000,0x0000,0x0000,0x0000,0x0000,
0x0000,0x0000,0x0000,0x0000,0x30e0,0x7a01,0x9a81,0xcc43,0x69a1,0x8a61,0xdce3,0xdcc3,0xfe69,0xb425,0xbc45,0xee69,
0xff4a,0xff08,0xff29,0xff8c,0xff29,0xff8d,0xcc45,0xa260,0xcc46,0xffae,0xff2a,0xff4b,0xfea8,0xfe88,0xff0a,0xf669,
0xbc04,0xaba4,0xf628,0xd462,0xdca3,0x7a01,0x6980,0xd422,0x71c1,0x71e2,0x4121,0x0000,0x0000,0x0000,0x0000,0x0000,
0x0000,0x0000,0x0000,0x0000,0x3900,0x8200,0xa280,0xbba2,0x71a0,0xb382,0xdcc3,0xdcc4,0xf5e7,0x9281,0x9200,0x9a61,
0xb3a4,0xee6b,0xff29,0xff2a,0xff29,0xff8c,0xc444,0x89e0,0xc424,0xff4c,0xfe87,0xfe87,0xfe47,0xf68a,0xc446,0xb301,
0x9a60,0x71c0,0xede6,0xdca3,0xd443,0xab42,0x5900,0xc3c2,0x8a63,0x69e2,0x4100,0x0000,0x0000,0x0000,0x0000,0x0000,
0x0000,0x0000,0x0000,0x0000,0x5181,0x71a0,0xb321,0xbbe4,0x5900,0xd443,0xcc22,0xe4e4,0xe587,0x92e3,0xab00,0xc380,
0xa280,0xee2a,0xfec7,0xfe87,0xfe88,0xff29,0xbc03,0x81c0,0xbc25,0xfeea,0xfe26,0xfe06,0xfe06,0xf648,0x9240,0xbb20,
0xc3e2,0x92e3,0xe565,0xdca3,0xcc43,0xc3e2,0x6120,0xb361,0x92c3,0x5981,0x5981,0x1860,0x0000,0x0000,0x0000,0x0000,
0x0000,0x0000,0x0000,0x0000,0x5161,0x8221,0x9ac1,0xc444,0x6160,0xdc63,0xd422,0xdc83,0xed44,0xf607,0xd547,0xbc05,
0xb383,0xfec9,0xfe26,0xfe67,0xfe06,0xfea8,0xb3c3,0x79a0,0xb3e4,0xfec9,0xfde6,0xfde6,0xf564,0xf5e5,0xa363,0xab64,
0xdd26,0xeda6,0xe4e4,0xd443,0xbbc2,0xb3a2,0x69a1,0x9281,0xab62,0x6161,0x5981,0x1040,0x0000,0x0000,0x0000,0x0000,
0x0000,0x0000,0x0000,0x2060,0x5161,0x8241,0xbb82,0x9ae1,0x9aa1,0xcc02,0xd422,0xcc23,0xd443,0xdc82,0xf564,0xf629,
0xee29,0xf5c5,0xf5a5,0xf5e6,0xf585,0xfe27,0xa363,0x71a0,0xb3a3,0xfe47,0xf585,0xf565,0xed24,0xed03,0xed85,0xedc7,
0xed25,0xdc83,0xdc63,0xc3e2,0xab62,0xab62,0x8a61,0x6160,0xb382,0x71c1,0x61a1,0x28a0,0x0000,0x0000,0x0000,0x0000,
0x0000,0x0000,0x0000,0x2060,0x61a1,0x71e1,0xcc22,0x7a40,0x92a1,0xc3e2,0xc402,0xdc83,0xdc83,0xd463,0xdc83,0xed04,
0xed44,0xed44,0xf585,0xf585,0xed44,0xfde6,0xa322,0x6140,0xab82,0xfde6,0xed04,0xed24,0xed04,0xed03,0xe4e3,0xdca3,
0xdca4,0xdca4,0xd442,0xd462,0xab42,0xab42,0x92a1,0x4900,0xab42,0x7201,0x69c2,0x30c0,0x0000,0x0000,0x0000,0x0000,
0x0000,0x0000,0x0000,0x2080,0x69c1,0x69c1,0xb361,0x69c0,0x9ae1,0xb361,0xc3c2,0xa322,0xbbe3,0xed24,0xdca3,0xe4c4,
0xe4e4,0xe4e3,0xe504,0xed65,0xe504,0xf5c5,0x9b02,0x5900,0xa322,0xf5a5,0xe504,0xe504,0xe504,0xe4c3,0xd483,0xcc23,
0xdca3,0xece4,0xbc03,0x92e1,0xb361,0xab02,0x9ac1,0x6140,0xa322,0x69a1,0x69e2,0x28c0,0x0000,0x0000,0x0000,0x0000,
0x0000,0x0000,0x0000,0x2080,0x69c1,0x6181,0xab00,0x6180,0x9281,0xa301,0xc3e2,0x8241,0x50c0,0x9ac1,0xc423,0xe4e4,
0xed03,0xdca3,0xdca3,0xe4e4,0xdca3,0xed64,0x92c2,0x50e0,0x9b02,0xf585,0xdca3,0xdcc4,0xdca3,0xdca3,0xe4e3,0xd463,
0xc3e3,0x9a81,0x5900,0x48e0,0xbba1,0xa2c2,0xa2e1,0x6140,0x8a81,0x6181,0x61a1,0x28a0,0x0000,0x0000,0x0000,0x0000,
0x0000,0x0000,0x0000,0x1040,0x5161,0x6161,0x9ac0,0x5960,0x8a61,0x9aa1,0xcc43,0x8a61,0xa384,0x71c0,0x6120,0x71a0,
0x92c1,0xd463,0xdcc3,0xe4c4,0xdca3,0xed24,0x8a81,0x50e0,0x92c1,0xed44,0xdca3,0xdca4,0xdca4,0xcc63,0x8aa1,0x6980,
0x58e0,0x79e2,0xbc44,0x69a0,0xb3a1,0x9aa1,0xb361,0x40e0,0x61a0,0x71e1,0x5981,0x1860,0x0000,0x0000,0x0000,0x0000,
0x0000,0x0000,0x0000,0x1020,0x4941,0x5961,0x8a60,0x69c0,0x8a40,0x9aa0,0xab21,0x7a21,0xd463,0xd4e5,0xc485,0x92e2,
0x5900,0xab62,0xe4c3,0xdc83,0xcc22,0xe4e3,0x8a81,0x48e0,0x92a1,0xe4e4,0xcc02,0xcc03,0xd443,0xbbe3,0x5100,0x7a63,
0xc466,0xe588,0xd4a2,0x71e0,0x92e1,0xb321,0x92a1,0x40e0,0x69c0,0x71e1,0x5981,0x1860,0x0000,0x0000,0x0000,0x0000,
0x0000,0x0000,0x0000,0x1040,0x5161,0x5961,0x7a21,0x61c0,0x69a0,0xb321,0xb362,0xab42,0xab21,0xb362,0xdcc4,0xcca5,
0x6120,0xbba2,0xd463,0xcc23,0xc3e2,0xdca3,0x8261,0x40a0,0x8a81,0xdc83,0xbb82,0xbba2,0xc3e3,0xc3e3,0x6140,0xc466,
0xd4a5,0xb300,0xab01,0x92c1,0xa302,0x9ac1,0x69a1,0x5120,0x8aa2,0x6181,0x5981,0x1840,0x0000,0x0000,0x0000,0x0000,
0x0000,0x0000,0x0000,0x0000,0x30c0,0x5141,0x8241,0x8281,0x3080,0x8241,0xab42,0xab22,0xa302,0xbb82,0xc3c2,0xb382,
0x5900,0xbba2,0xd422,0xbba2,0xb382,0xcc63,0x7a21,0x3080,0x7a41,0xcc03,0xb362,0xb382,0xcbe3,0xbba2,0x5920,0xab62,
0xa301,0xa302,0x9ac1,0x9ac1,0x8a62,0x8241,0x5120,0x4920,0x7a22,0x6181,0x4941,0x0000,0x0000,0x0000,0x0000,0x0000,
0x0000,0x0000,0x0000,0x0000,0x2080,0x5961,0x6160,0xb362,0x8ac1,0x2860,0x71c1,0xa2e1,0xa301,0xa301,0xb362,0xb3a3,
0x5120,0x9ae1,0xcbc2,0xb362,0xab62,0xc403,0x61c1,0x2860,0x69e1,0xc3c3,0xb342,0xb362,0xbb82,0xab21,0x50e0,0xb362,
0xb362,0x9ac1,0x8a61,0x7a21,0x7a01,0x5120,0x40c0,0xb3c1,0x7a01,0x5941,0x28c0,0x0000,0x0000,0x0000,0x0000,0x0000,
0x0000,0x0000,0x0000,0x0000,0x1840,0x5140,0x5121,0x71c1,0xab42,0x9302,0x38a0,0x8241,0xab22,0xa2e1,0xab02,0xbba2,
0x5120,0x8a40,0xbb61,0xa2e1,0x9ac1,0xb382,0x61c1,0x2040,0x69e1,0xbb82,0xa2e2,0xa302,0xb321,0x9281,0x5100,0xab21,
0xa301,0x8241,0x8221,0x8a61,0x4900,0x40e0,0xbbe1,0x9ae1,0x5100,0x4101,0x2080,0x0000,0x0000,0x0000,0x0000,0x0000,
0x0000,0x0000,0x0000,0x0000,0x0000,0x38e0,0x6181,0x71e1,0x71a1,0xab41,0x6a00,0x71e1,0xa2e1,0x9281,0xa2c1,0xbb62,
0x5120,0x7a01,0xa302,0x9ac2,0x9ac2,0xa322,0x5980,0x2860,0x69c0,0xbb82,0xa2e2,0x9ac1,0x9ae1,0x8241,0x48e0,0x9ae1,
0x9261,0x7a01,0x8a61,0x61a1,0x40c0,0xbbc2,0x8a41,0x6161,0x4942,0x4962,0x0000,0x0000,0x0000,0x0000,0x0000,0x0000,
0x0000,0x0000,0x0000,0x0000,0x0000,0x2080,0x5141,0x5981,0x71a1,0x8a20,0x6180,0x61a1,0x9aa1,0x8200,0x9a81,0xb342,
0x5940,0x6181,0x92a2,0x8a62,0x9282,0xa302,0x5160,0x2060,0x69c1,0xb342,0x8a61,0x8a61,0x8a61,0x5960,0x40e0,0x9ac1,
0x8a41,0x7a01,0x8a61,0x6181,0x5940,0x8a41,0x5941,0x61a2,0x4142,0x2081,0x0000,0x0000,0x0000,0x0000,0x0000,0x0000,
0x0000,0x0000,0x0000,0x0000,0x0000,0x0000,0x3901,0x5981,0x69a1,0x79e0,0x6180,0x38e0,0x8a61,0x8a41,0x8221,0xa2e1,
0x61a1,0x4920,0x9ae2,0x8a61,0x8a21,0x9ac1,0x5980,0x2040,0x69c1,0xa2c1,0x8a41,0x8221,0x8a81,0x4920,0x5140,0xa2e1,
0x8201,0x7a01,0x8a61,0x4920,0x4920,0x71e1,0x5981,0x69e3,0x30e1,0x1020,0x0000,0x0000,0x0000,0x0000,0x0000,0x0000,
0x0000,0x0000,0x0000,0x0000,0x0000,0x0000,0x1860,0x5980,0x5960,0x79e0,0x71e0,0x2880,0x7a21,0x8201,0x7a01,0x8a61,
0x61c1,0x3880,0x71e1,0x8a61,0x9ac2,0xbb62,0x61a1,0x2040,0x61a0,0xb342,0x9281,0x8241,0x69c1,0x3080,0x5960,0x92a1,
0x79e1,0x79e0,0x8241,0x2880,0x5160,0x69a1,0x5961,0x5121,0x2080,0x0000,0x0000,0x0000,0x0000,0x0000,0x0000,0x0000,
0x0000,0x0000,0x0000,0x0000,0x0000,0x0000,0x0000,0x30c0,0x5141,0x5920,0x7a21,0x30a0,0x71e1,0x8201,0x71e1,0x71e1,
0x8a61,0x5960,0x2860,0x2040,0x48e0,0x5940,0x38c0,0x2880,0x30c0,0x5120,0x3080,0x3080,0x30a0,0x5140,0x8241,0x7a00,
0x69c1,0x69c1,0x71e1,0x30a0,0x69a0,0x5960,0x5961,0x38e0,0x0000,0x0000,0x0000,0x0000,0x0000,0x0000,0x0000,0x0000,
0x0000,0x0000,0x0000,0x0000,0x0000,0x0000,0x0000,0x1040,0x4101,0x5961,0x6181,0x40e0,0x4921,0x8222,0x61a1,0x61a1,
0x8221,0xab21,0x92c2,0x8aa1,0x7a41,0x6a21,0x4900,0x2880,0x30c0,0x59a1,0x6a01,0x8281,0xab21,0x9ac1,0x7a01,0x6980,
0x61a1,0x8222,0x5961,0x3080,0x5981,0x5162,0x4142,0x1860,0x0000,0x0000,0x0000,0x0000,0x0000,0x0000,0x0000,0x0000,
0x0000,0x0000,0x0000,0x0000,0x0000,0x0000,0x0000,0x0000,0x1040,0x4941,0x7202,0x69a0,0x3080,0x71e1,0x7a01,0x69a0,
0x69a0,0x71a0,0x71c1,0x8201,0x92c2,0xb3a2,0x5980,0x1820,0x59a0,0xab42,0x8221,0x79e1,0x8200,0x71a0,0x69a0,0x69a0,
0x71e1,0x69c1,0x3080,0x4920,0x6a02,0x5182,0x1880,0x0000,0x0000,0x0000,0x0000,0x0000,0x0000,0x0000,0x0000,0x0000,
0x0000,0x0000,0x0000,0x0000,0x0000,0x0000,0x0000,0x0000,0x0000,0x1040,0x5161,0x71e1,0x69a0,0x40e0,0x38c0,0x5941,
0x71c1,0x79e1,0x71c1,0x71c0,0x6980,0x79c0,0x4920,0x1840,0x5160,0x8221,0x6160,0x71c0,0x7a00,0x8201,0x79e1,0x5161,
0x28a0,0x30a0,0x5940,0x7202,0x5182,0x1860,0x0000,0x0000,0x0000,0x0000,0x0000,0x0000,0x0000,0x0000,0x0000,0x0000,
0x0000,0x0000,0x0000,0x0000,0x0000,0x0000,0x0000,0x0000,0x0000,0x0000,0x1860,0x4941,0x69e2,0x7a21,0x71a0,0x40e0,
0x38c0,0x6181,0x71c0,0x69a1,0x69a1,0x7a01,0x4100,0x1040,0x4940,0x8221,0x69a1,0x69a0,0x71e1,0x6181,0x40e0,0x4100,
0x6180,0x71e0,0x71e2,0x59a3,0x1860,0x0000,0x0000,0x0000,0x0000,0x0000,0x0000,0x0000,0x0000,0x0000,0x0000,0x0000,
0x0000,0x0000,0x0000,0x0000,0x0000,0x0000,0x0000,0x0000,0x0000,0x0000,0x0000,0x1040,0x4142,0x69e2,0x8221,0x9260,
0x5120,0x2860,0x79e1,0x69a1,0x6181,0x71e1,0x30c0,0x1020,0x5160,0x8221,0x6181,0x69a1,0x71e1,0x2880,0x5100,0x7a00,
0x7222,0x7203,0x4942,0x1040,0x0000,0x0000,0x0000,0x0000,0x0000,0x0000,0x0000,0x0000,0x0000,0x0000,0x0000,0x0000,
0x0000,0x0000,0x0000,0x0000,0x0000,0x0000,0x0000,0x0000,0x0000,0x0000,0x0000,0x0000,0x0000,0x28c1,0x59a2,0x69e2,
0x61a1,0x4121,0x69a0,0x69a1,0x5141,0x61a1,0x28c0,0x0800,0x4940,0x8221,0x69c1,0x61c2,0x51a3,0x38e1,0x61a2,0x6a03,
0x59e3,0x28c1,0x0000,0x0000,0x0000,0x0000,0x0000,0x0000,0x0000,0x0000,0x0000,0x0000,0x0000,0x0000,0x0000,0x0000,
0x0000,0x0000,0x0000,0x0000,0x0000,0x0000,0x0000,0x0000,0x0000,0x0000,0x0000,0x0000,0x0000,0x0000,0x1040,0x30c1,
0x5982,0x6a02,0x69e2,0x6a03,0x59a3,0x61e3,0x28c1,0x0800,0x4121,0x7a43,0x6a04,0x6a24,0x61c3,0x6a02,0x59c3,0x30e1,
0x1040,0x0000,0x0000,0x0000,0x0000,0x0000,0x0000,0x0000,0x0000,0x0000,0x0000,0x0000,0x0000,0x0000,0x0000,0x0000,
0x0000,0x0000,0x0000,0x0000,0x0000,0x0000,0x0000,0x0000,0x0000,0x0000,0x0000,0x0000,0x0000,0x0000,0x0000,0x0000,
0x1040,0x28a0,0x4121,0x5162,0x59c3,0x7224,0x28c1,0x0800,0x3901,0x7a44,0x69e3,0x59a2,0x4121,0x28a1,0x1020,0x0000,
0x0000,0x0000,0x0000,0x0000,0x0000,0x0000,0x0000,0x0000,0x0000,0x0000,0x0000,0x0000,0x0000,0x0000,0x0000,0x0000,
0x0000,0x0000,0x0000,0x0000,0x0000,0x0000,0x0000,0x0000,0x0000,0x0000,0x0000,0x0000,0x0000,0x0000,0x0000,0x0000,
0x0000,0x0000,0x0000,0x0820,0x1860,0x28a0,0x1040,0x1040,0x1060,0x20a1,0x1860,0x0820,0x0000,0x0000,0x0000,0x0000,
0x0000,0x0000,0x0000,0x0000,0x0000,0x0000,0x0000,0x0000,0x0000,0x0000,0x0000,0x0000,0x0000,0x0000,0x0000,0x0000,
0x0000,0x0000,0x0000,0x0000,0x0000,0x0000,0x0000,0x0000,0x0000,0x0000,0x0000,0x0000,0x0000,0x0000,0x0000,0x0000,
0x0000,0x0000,0x0000,0x0000,0x0000,0x0000,0x0000,0x0000,0x0000,0x0000,0x0000,0x0000,0x0000,0x0000,0x0000,0x0000,
0x0000,0x0000,0x0000,0x0000,0x0000,0x0000,0x0000,0x0000,0x0000,0x0000,0x0000,0x0000,0x0000,0x0000,0x0000,0x0000,
0x0000,0x0000,0x0000,0x0000,0x0000,0x0000,0x0000,0x0000,0x0000,0x0000,0x0000,0x0000,0x0000,0x0000,0x0000,0x0000,
0x0000,0x0000,0x0000,0x0000,0x0000,0x0000,0x0000,0x0000,0x0000,0x0000,0x0000,0x0000,0x0000,0x0000,0x0000,0x0000,
0x0000,0x0000,0x0000,0x0000,0x0000,0x0000,0x0000,0x0000,0x0000,0x0000,0x0000,0x0000,0x0000,0x0000,0x0000,0x0000,
},
{
0x0000,0x0000,0x0000,0x0000,0x0000,0x0000,0x0000,0x0000,0x0000,0x0000,0x0000,0x0000,0x0000,0x0000,0x0000,0x0000,
0x0000,0x0000,0x0000,0x0000,0x0000,0x0000,0x0000,0x0000,0x0000,0x0000,0x0000,0x0000,0x0000,0x0000,0x0000,0x0000,
0x0000,0x0000,0x0000,0x0000,0x0000,0x0000,0x0000,0x0000,0x0000,0x0000,0x0000,0x0000,0x0000,0x0000,0x0000,0x0000,
0x0000,0x0000,0x0000,0x0000,0x0000,0x0000,0x0000,0x0000,0x0000,0x0000,0x0000,0x0000,0x0000,0x0000,0x0000,0x0000,
0x0000,0x0000,0x0000,0x0000,0x0000,0x0000,0x0000,0x0000,0x0000,0x0000,0x0000,0x0000,0x0000,0x0000,0x0000,0x0000,
0x0000,0x0000,0x0000,0x0000,0x0000,0x0000,0x0000,0x0000,0x0000,0x0000,0x0000,0x0000,0x0000,0x0000,0x0000,0x0000,
0x0000,0x0000,0x0000,0x0000,0x0000,0x0000,0x0000,0x0000,0x0000,0x0000,0x0000,0x0000,0x0000,0x0000,0x0000,0x0000,
0x0000,0x0000,0x0000,0x0000,0x0000,0x28a0,0x3900,0x4940,0x5160,0x59c0,0x6a62,0x5a01,0x3900,0x28a0,0x0000,0x0000,
0x0000,0x0000,0x0000,0x0000,0x0000,0x0000,0x0000,0x0000,0x0000,0x0000,0x0000,0x0000,0x0000,0x0000,0x0000,0x0000,
0x0000,0x0000,0x0000,0x0000,0x0000,0x0000,0x0000,0x0000,0x0000,0x0000,0x0000,0x0000,0x0000,0x0000,0x0000,0x0000,
0x0000,0x0000,0x4940,0x6a01,0x8a81,0x9b01,0xab61,0xa2e1,0xa301,0xa2e1,0xab42,0xb382,0xbc23,0xc4a4,0x8ac1,0x7220,
0x38e0,0x0000,0x0000,0x0000,0x0000,0x0000,0x0000,0x0000,0x0000,0x0000,0x0000,0x0000,0x0000,0x0000,0x0000,0x0000,
0x0000,0x0000,0x0000,0x0000,0x0000,0x0000,0x0000,0x0000,0x0000,0x0000,0x0000,0x0000,0x0000,0x0000,0x0000,0x28c0,
0x5160,0x8261,0xab41,0xb381,0xc402,0xd443,0xdca3,0xed44,0xf5c5,0xedc5,0xd4c4,0xc404,0x9282,0x9281,0xbbc2,0x9220,
0x7a00,0x7a41,0x4940,0x0000,0x0000,0x0000,0x0000,0x0000,0x0000,0x0000,0x0000,0x0000,0x0000,0x0000,0x0000,0x0000,
0x0000,0x0000,0x0000,0x0000,0x0000,0x0000,0x0000,0x0000,0x0000,0x0000,0x0000,0x0000,0x0000,0x0000,0x4100,0x7a41,
0x92c1,0xab42,0xb381,0xc402,0xcc43,0xdca3,0xe503,0xf5e5,0xfe06,0xfea7,0xfec7,0xfec8,0xfe67,0xc444,0x81e1,0xa302,
0xe4e4,0xdc62,0xb3a2,0x6a01,0x28c1,0x0000,0x0000,0x0000,0x0000,0x0000,0x0000,0x0000,0x0000,0x0000,0x0000,0x0000,
0x0000,0x0000,0x0000,0x0000,0x0000,0x0000,0x0000,0x0000,0x0000,0x0000,0x0000,0x0000,0x1860,0x61a0,0x8a61,0x92a1,
0xb382,0xd484,0xe505,0xe504,0xf5c6,0xfe46,0xfe88,0xfea8,0xff2a,0xff6a,0xff29,0xfec8,0xfec8,0xfec7,0xf648,0xfe47,
0xf564,0xdcc4,0xcc43,0xc3e2,0x92c1,0x4100,0x0000,0x0000,0x0000,0x0000,0x0000,0x0000,0x0000,0x0000,0x0000,0x0000,
0x0000,0x0000,0x0000,0x0000,0x0000,0x0000,0x0000,0x0000,0x0000,0x0000,0x0000,0x30c0,0x7a21,0xab01,0xab42,0xc3e2,
0xbba2,0xbbc3,0xb3e4,0xb3c3,0xaba3,0xc465,0xe5a8,0xf669,0xf70e,0xffb3,0xfff4,0xfff1,0xff6a,0xfee8,0xfe66,0xfe46,
0xfe06,0xf5a5,0xdca3,0xcc02,0xd442,0xa301,0x38e0,0x0000,0x0000,0x0000,0x0000,0x0000,0x0000,0x0000,0x0000,0x0000,
0x0000,0x0000,0x0000,0x0000,0x0000,0x0000,0x0000,0x0000,0x0000,0x0000,0x3101,0x8aa2,0x8a81,0x7a01,0x5940,0x5140,
0x69a0,0x71c0,0x8220,0x8a61,0x92a1,0xa2a0,0xaa60,0xaa40,0xaa60,0xcba3,0xe52b,0xee4e,0xff6f,0xff8c,0xff4b,0xff09,
0xfea7,0xfde5,0xf584,0xed24,0xb341,0x8a60,0xa342,0x61a1,0x0000,0x0000,0x0000,0x0000,0x0000,0x0000,0x0000,0x0000,
0x0000,0x0000,0x0000,0x0000,0x0000,0x0000,0x0000,0x0000,0x0000,0x3921,0x7222,0x4921,0x4900,0x61a0,0x92e2,0xb3a2,
0xd4a4,0xe585,0xeda6,0xf648,0xf689,0xf6c9,0xee6a,0xee8d,0xe589,0xd445,0xe360,0xcb40,0xf776,0xffac,0xffac,0xffac,
0xff4a,0xfe87,0xfe66,0xc3e3,0xc404,0xed84,0xabe2,0x8241,0x5141,0x0000,0x0000,0x0000,0x0000,0x0000,0x0000,0x0000,
0x0000,0x0000,0x0000,0x0000,0x0000,0x0000,0x0000,0x0000,0x2080,0x4121,0x5120,0x8a61,0xa302,0xb362,0xc3c2,0xd443,
0xd483,0xe4e3,0xf5a5,0xfde6,0xfe26,0xff08,0xff8d,0xffad,0xfff5,0xe60e,0xdb60,0xeded,0xfff4,0xffb2,0xfff5,0xffce,
0xff4a,0xff28,0xedc7,0xc3a2,0xff6b,0xac04,0x0001,0x00a4,0x08e4,0x0001,0x0000,0x0000,0x0000,0x0000,0x0000,0x0000,
0x0000,0x0000,0x0000,0x0000,0x0000,0x0000,0x0000,0x0820,0x28c0,0x71e1,0x9ac1,0x9ac1,0x9ae1,0xab21,0xcc22,0xd463,
0xd463,0xed24,0xfdc5,0xfe06,0xfea7,0xff4b,0xffd3,0xffaf,0xff92,0xd3e1,0xd3a2,0xff93,0xffce,0xffda,0xfffc,0xffce,
0xffad,0xffab,0xd484,0xdd49,0xff8f,0x4940,0x018a,0x057b,0x0dfa,0x032e,0x0841,0x0000,0x0000,0x0000,0x0000,0x0000,
0x0000,0x0000,0x0000,0x0000,0x0000,0x0000,0x0000,0x3102,0x6a02,0x8241,0x9281,0x92a1,0xa2e1,0xbbc2,0xd462,0xe504,
0xed65,0xfde5,0xfe67,0xfe67,0xfec8,0xfec7,0xff29,0xffcc,0xf6ea,0xcb20,0xdd28,0xffed,0xff8a,0xffd0,0xffd2,0xffcd,
0xff8b,0xff8a,0xbba2,0xee4d,0xe64d,0x1000,0x0498,0x577f,0xe7fe,0x3fdf,0x0392,0x0000,0x0000,0x0000,0x0000,0x0000,
0x0000,0x0000,0x0000,0x0000,0x0000,0x0000,0x2080,0x59c4,0x61c2,0x8a40,0x8a81,0xb362,0xbba2,0xd463,0xd4a3,0xcc64,
0xc485,0xbc24,0xbc65,0xe608,0xfee8,0xfe67,0xfec8,0xffac,0xd4e6,0xbac0,0xee6b,0xff6a,0xff6a,0xffac,0xffac,0xff6c,
0xff29,0xff49,0xab62,0xedc8,0xe629,0x1840,0x0497,0x3f7e,0xc7de,0x5fbe,0x067e,0x0988,0x0000,0x0000,0x0000,0x0000,
0x0000,0x0000,0x0000,0x0000,0x0000,0x1020,0x4962,0x59a3,0x8221,0xa2e1,0x9ae1,0x8a81,0x8a40,0x71a0,0x6160,0x7180,
0x7180,0x8200,0x6920,0xc4a6,0xfea8,0xfe47,0xfe67,0xff0a,0xbb82,0xb322,0xf70b,0xff07,0xff29,0xff4a,0xff29,0xff29,
0xfee9,0xfee8,0xbc03,0xd485,0xfec9,0x3900,0x028e,0x05ba,0x277e,0x1f1e,0x055d,0x024d,0x0000,0x0000,0x0000,0x0000,
0x0000,0x0000,0x0000,0x0000,0x0000,0x2080,0x6204,0x7223,0x69c0,0x4920,0x38c0,0x5140,0x8a81,0xa322,0xc3e2,0xd4a3,
0xede7,0xc4a7,0x81c0,0xede7,0xf5c6,0xf5c6,0xfe47,0xf669,0xaaa0,0xbbc3,0xff29,0xfe67,0xfea8,0xff09,0xff09,0xff29,
0xfea8,0xfe66,0xdd05,0xaae1,0xfe88,0x7ac3,0x0002,0x0394,0x04fa,0x057b,0x053c,0x02af,0x0000,0x0000,0x0000,0x0000,
0x0000,0x0000,0x0000,0x0000,0x0000,0x4962,0x6a03,0x30a0,0x30c0,0x61c1,0x9ac1,0xbbc2,0xd442,0xdc83,0xdca3,0xcc22,
0xed64,0xab42,0x8a41,0xfe05,0xf585,0xed65,0xf5e5,0xedc7,0x91c0,0xccc5,0xfe87,0xfde6,0xfe47,0xfe88,0xfee9,0xfe67,
0xfe26,0xfde5,0xfde6,0xab22,0xcc22,0xf5c6,0x28c0,0x0127,0x03b6,0x0c38,0x0cfa,0x0168,0x0001,0x0000,0x0000,0x0000,
0x0000,0x0000,0x0000,0x0000,0x1860,0x4941,0x3080,0x69c1,0x9b02,0x92a1,0x9ac1,0xa301,0xb362,0xcbe2,0xd463,0xd463,
0xe524,0x9aa1,0xb3a3,0xed44,0xe504,0xed24,0xf5e6,0xcc64,0x89c0,0xdd46,0xfe06,0xf5a5,0xfde6,0xfde5,0xfe67,0xfe27,
0xfe06,0xf585,0xf5a5,0xe505,0x81e0,0xcc22,0xd4e4,0x28e0,0x0084,0x01cb,0x00e7,0x3100,0x4161,0x0000,0x0000,0x0000,
0x0000,0x0000,0x0000,0x0000,0x2080,0x4900,0x40e1,0x92a2,0x8a41,0x8a81,0x9ae1,0xab22,0xbba2,0xcc02,0xcc43,0xdca3,
0xdd05,0x9240,0xcc43,0xd483,0xdca3,0xe4c3,0xeda5,0xab83,0x81e0,0xe565,0xf585,0xed44,0xf585,0xf5a5,0xfde5,0xfde5,
0xf5a5,0xed64,0xed44,0xed44,0xb383,0x6160,0xab61,0xe4e4,0x9302,0x4160,0x59e1,0xbbe3,0x4120,0x0000,0x0000,0x0000,
0x0000,0x0000,0x0000,0x0000,0x4141,0x5141,0x5961,0x8a41,0x8a60,0xa301,0xb362,0xb362,0xb382,0xc3c2,0xc403,0xdc83,
0xcc44,0x79e0,0xd463,0xe4e4,0xe4e3,0xed04,0xfde7,0x9ae2,0x71c0,0xf5a5,0xf544,0xed45,0xed24,0xed04,0xf564,0xfde5,
0xed44,0xf585,0xed65,0xe4e4,0xe4c3,0xab42,0x6980,0x71a0,0xb3a2,0xd484,0xcc03,0x61a0,0x1060,0x0000,0x0000,0x0000,
0x0000,0x0000,0x0000,0x0001,0x5182,0x4121,0x61a1,0x8221,0x8261,0x6160,0x5960,0x38c0,0xa343,0xbbc2,0xc3e3,0xdca3,
0xa301,0x5920,0x8a61,0x8a81,0x8220,0x8a81,0x92c1,0x79e0,0x61a0,0xe544,0xdca3,0xe504,0xed45,0xdcc4,0xe4e4,0xed24,
0xe4e3,0xe504,0xe504,0xdcc3,0xc402,0xcc43,0xdc83,0xbb82,0x8200,0x5120,0x2880,0x0820,0x0000,0x0000,0x0000,0x0000,
0x0000,0x0000,0x0000,0x1860,0x5182,0x4921,0x71e1,0x7a01,0x92c2,0x5981,0x5981,0x48e0,0xbb82,0xb382,0xbb82,0xd483,
0xaba3,0x51a1,0x61a1,0x7221,0x8a82,0x8262,0x8262,0x7201,0x9323,0xdcc4,0xcc02,0xd462,0xe4e5,0xe4e4,0xdc83,0xdc83,
0xdcc4,0xdca3,0xe4e4,0xed24,0xed03,0xdca3,0xbbe2,0x8281,0x3900,0x0000,0x0000,0x0000,0x0000,0x0000,0x0000,0x0000,
0x0000,0x0000,0x0000,0x1040,0x28a0,0x38e0,0x8a61,0x8241,0x7a01,0xab42,0x9303,0x48e0,0xbba2,0xbb82,0xb362,0xbbc2,
0xd484,0xc444,0xd4c4,0xdce4,0xe546,0xe546,0xdd26,0xdd05,0xdce5,0xcc23,0xd443,0xd443,0xd443,0xdc64,0xcc23,0xcc03,
0xdcc3,0xed24,0xf565,0xc443,0x82a1,0x4120,0x28a0,0x0000,0x0000,0x0000,0x0000,0x0000,0x0000,0x0000,0x0000,0x0000,
0x0000,0x0000,0x0000,0x1860,0x4921,0x2060,0x4900,0x5140,0x5940,0x92a1,0x7201,0x4900,0xbb62,0xb342,0xab42,0xab42,
0xb362,0xb362,0xc3a2,0xd3e2,0xdc42,0xcbe2,0xcbc2,0xc3a1,0xbba2,0xbbc2,0xc3e2,0xcc22,0xcc03,0xd423,0xdc83,0xdca3,
0xc423,0x9b02,0x59a1,0x2060,0x1020,0x0000,0x0000,0x0000,0x0000,0x0000,0x0000,0x0000,0x0000,0x0000,0x0000,0x0000,
0x0000,0x0000,0x0000,0x1040,0x4941,0x6181,0x69a1,0x4100,0x5140,0xb362,0x5961,0x5960,0xab21,0xab22,0xab62,0xab22,
0xab21,0xc3c2,0xcc23,0xb382,0x9b02,0xa342,0xc3c2,0xd422,0xbba1,0xb382,0xbba2,0xcc23,0xdc83,0xd463,0xa342,0x59a0,
0x2880,0x1840,0x0000,0x0000,0x0000,0x0000,0x0000,0x0000,0x0000,0x0000,0x0000,0x0000,0x0000,0x0000,0x0000,0x0000,
0x0000,0x0000,0x0000,0x1040,0x5161,0x5961,0x71c1,0x8a41,0x9281,0x92a1,0x40e0,0x5980,0x92a1,0x9281,0xa302,0xab22,
0xbb82,0x8a61,0x38c0,0x1000,0x0001,0x0001,0x2040,0x69e1,0xbba2,0xcc23,0xcc24,0xa342,0x7201,0x30e0,0x1020,0x0000,
0x0000,0x0000,0x0000,0x0000,0x0000,0x0000,0x0000,0x0000,0x0000,0x0000,0x0000,0x0000,0x0000,0x0000,0x0000,0x0000,
0x0000,0x0000,0x0000,0x0001,0x2080,0x61a2,0x61a1,0x69a1,0x71c1,0x71e1,0x5960,0x61a0,0x8a61,0x8a41,0x9281,0xab22,
0x6180,0x0800,0x38c0,0x8b02,0xac24,0xa3c4,0x5960,0x0001,0x4100,0x7201,0x30c0,0x0800,0x0001,0x0820,0x0000,0x0000,
0x0000,0x0000,0x0000,0x0000,0x0000,0x0000,0x0000,0x0000,0x0000,0x0000,0x0000,0x0000,0x0000,0x0000,0x0000,0x0000,
0x0000,0x0000,0x0000,0x1040,0x1860,0x1040,0x30c1,0x5981,0x8241,0x9281,0x9ac1,0x92a1,0x8a41,0x8241,0x9aa1,0x69e1,
0x0001,0x6a01,0xed24,0xe545,0xed85,0xfe8c,0xff0e,0xab43,0x2840,0x0001,0x0001,0x0001,0x0800,0x2080,0x0000,0x0000,
0x0000,0x0000,0x0000,0x0000,0x0000,0x0000,0x0000,0x0000,0x0000,0x0000,0x0000,0x0000,0x0000,0x0000,0x0000,0x0000,
0x0000,0x0000,0x0000,0x0000,0x5161,0x30c0,0x0001,0x0800,0x28a0,0x59a1,0x7a21,0x8241,0x8a61,0x9281,0xa2e2,0x1860,
0x28a0,0xcc23,0xcc43,0xbb82,0xab42,0xc3e1,0xdd06,0xfe8c,0xa2e1,0x2040,0x0001,0x0820,0x1020,0x30c0,0x3900,0x30c0,
0x0000,0x0000,0x0000,0x0000,0x0000,0x0000,0x0000,0x0000,0x0000,0x0000,0x0000,0x0000,0x0000,0x0000,0x0000,0x0000,
0x0000,0x0000,0x0000,0x0000,0x30e1,0x7222,0x69e1,0x4940,0x30a0,0x1020,0x0800,0x0001,0x1840,0x38c0,0x4941,0x0800,
0x7a62,0xbba2,0xa342,0x6181,0x6981,0x8a61,0xc3a1,0xd4a5,0xdcc4,0x5120,0x0820,0x0820,0x1040,0x2060,0x38e0,0x5960,
0x5980,0x38e0,0x0000,0x0000,0x0000,0x0000,0x0000,0x0000,0x0000,0x0000,0x0000,0x0000,0x0000,0x0000,0x0000,0x0000,
0x0000,0x0000,0x0000,0x0000,0x1040,0x4962,0x5982,0x8a41,0xa301,0x92c1,0x69e0,0x5180,0x3900,0x2880,0x2060,0x1860,
0x8a82,0xbbc2,0x7201,0x69a0,0x9a81,0x79c0,0x92a2,0xc3c2,0xdc63,0x71e0,0x0001,0x0001,0x1840,0x2080,0x2080,0x28a0,
0x4940,0x69c0,0x7200,0x69c0,0x4940,0x0000,0x0000,0x0000,0x0000,0x0000,0x0000,0x0000,0x0000,0x0000,0x0000,0x0000,
0x0000,0x0000,0x0000,0x0000,0x0000,0x4142,0x59a3,0x6161,0x69a0,0x8221,0x92a1,0xab42,0xa322,0xcc62,0x9b42,0x1020,
0x7201,0xb362,0x8a82,0x71c0,0x9280,0x79e0,0x8a61,0xb382,0xbba2,0x5940,0x2060,0x2880,0x0800,0x1020,0x2060,0x28a0,
0x2880,0x30c0,0x4120,0x61a0,0x8a60,0x8a81,0x6a21,0x5180,0x0000,0x0000,0x0000,0x0000,0x0000,0x0000,0x0000,0x0000,
0x0000,0x0000,0x0000,0x0000,0x0000,0x28a0,0x61e4,0x69c2,0x69a0,0x69a1,0x69a1,0x71c0,0x71c1,0x8221,0x9b01,0x1020,
0x5160,0x9ac1,0xbbc3,0x9ae2,0x8221,0x92c2,0xab42,0x92a1,0x92a1,0x2020,0x8aa2,0xed85,0xbc22,0x9322,0x5180,0x2060,
0x1820,0x2060,0x2880,0x2880,0x2880,0x5140,0x7221,0x92e1,0x92e1,0x7a41,0x5181,0x0000,0x0000,0x0000,0x0000,0x0000,
0x0000,0x0000,0x0000,0x0000,0x0000,0x1020,0x4142,0x61a2,0x38e0,0x5141,0x71e1,0x8200,0x8221,0x71c1,0xa2e1,0x4100,
0x1840,0x9ac1,0xab21,0xbba2,0xb383,0xb362,0x9ac1,0x92c2,0x5140,0x1000,0xb361,0xcc23,0xe565,0xf607,0xfe46,0xdd85,
0xc483,0x8b22,0x82c1,0x5980,0x4100,0x2040,0x1840,0x2040,0x30a0,0x7200,0xd440,0xab61,0x0000,0x0000,0x0000,0x0000,
0x0000,0x0000,0x0000,0x0000,0x0000,0x0000,0x2080,0x59c2,0x4100,0x30c0,0x2060,0x3900,0x8221,0x71e1,0x7a00,0x9ac1,
0x1860,0x38e0,0x8a81,0x92a1,0x92a1,0x9ac1,0x9ae2,0x5981,0x0001,0x61c0,0xcbe1,0xa281,0xa281,0xaae1,0xb383,0xcce7,
0xe5a7,0xfecb,0xfeec,0xfecc,0xfe69,0xe5c6,0xe5a4,0xeda4,0xe564,0xdd03,0xed64,0x9301,0x0000,0x0000,0x0000,0x0000,
0x0000,0x0000,0x0000,0x0000,0x0000,0x0000,0x0000,0x3901,0x61c2,0x61a0,0x8241,0x4920,0x8221,0x71e1,0x69a0,0x8a40,
0xa302,0x30c0,0x0800,0x28a0,0x3901,0x30e0,0x2080,0x0800,0x59a1,0xbba2,0xaae1,0xab01,0xab01,0xb322,0xaae1,0xaae1,
0xab01,0xc3a3,0xcc04,0xcc46,0xdd29,0xdd89,0xdd88,0xd549,0xcce7,0xbbe3,0x8261,0x1040,0x0000,0x0000,0x0000,0x0000,
0x0000,0x0000,0x0000,0x0000,0x0000,0x0000,0x0000,0x1020,0x4121,0x5981,0x69a0,0x71e1,0x7a01,0x71c0,0x69a0,0x71e0,
0x8221,0xbba2,0x8aa1,0x4120,0x3100,0x30e0,0x1020,0x30c0,0xab01,0x8a41,0x9281,0xa2c1,0xa2e1,0xab01,0xab21,0xb362,
0xbba2,0xcc02,0xd402,0xcbe2,0xbb81,0xab01,0xab01,0xa2e1,0x8a20,0x8200,0x4100,0x0000,0x0000,0x0000,0x0000,0x0000,
0x0000,0x0000,0x0000,0x0000,0x0000,0x0000,0x0000,0x0000,0x0820,0x4101,0x38e0,0x5960,0x71e1,0x8221,0x7a00,0x69a0,
0x71e0,0x8201,0x9ae1,0xab41,0xbbe2,0xc443,0x28a0,0x1020,0x69a0,0x8a60,0x8a61,0x9a81,0xa2e2,0xab42,0x9ac1,0xbb62,
0xc3c2,0xb361,0xc402,0xd464,0xbb82,0xb362,0xab42,0x9ae2,0x8a41,0x5961,0x0000,0x0000,0x0000,0x0000,0x0000,0x0000,
0x0000,0x0000,0x0000,0x0000,0x0000,0x0000,0x0000,0x0000,0x0000,0x28c1,0x5961,0x38c0,0x3080,0x38c0,0x40e0,0x4920,
0x69c1,0x8221,0x7a01,0x71e1,0x71c0,0xa301,0x69e1,0x0800,0x4920,0x9260,0x8200,0x9261,0x9ac1,0x9aa1,0x9281,0xbb62,
0xbb81,0xb341,0xc3c2,0xbba2,0xab01,0x8a61,0x9281,0x8200,0x5140,0x1840,0x0000,0x0000,0x0000,0x0000,0x0000,0x0000,
0x0000,0x0000,0x0000,0x0000,0x0000,0x0000,0x0000,0x0000,0x0000,0x0000,0x3901,0x71e1,0x69c1,0x6180,0x5140,0x38c0,
0x30e0,0x30a0,0x5981,0x8a41,0x8221,0x8a41,0x9ae1,0x2040,0x2060,0x8200,0x8200,0x79e0,0x8a20,0x9260,0x9ac1,0xab01,
0xa2e1,0xb341,0xa2e1,0x9ac0,0x9281,0x69c1,0x9281,0x5960,0x1040,0x0000,0x0000,0x0000,0x0000,0x0000,0x0000,0x0000,
0x0000,0x0000,0x0000,0x0000,0x0000,0x0000,0x0000,0x0000,0x0000,0x0000,0x0000,0x28c1,0x5982,0x69c1,0x69a0,0x71e0,
0x8a61,0x61a0,0x2040,0x8220,0x79e0,0x71c1,0x92c1,0x61c0,0x1820,0x5140,0x9261,0x71a0,0x8221,0x8a61,0x9281,0x9261,
0x9281,0x92a2,0x8221,0x8a61,0x7a01,0x8241,0x4920,0x1040,0x0000,0x0000,0x0000,0x0000,0x0000,0x0000,0x0000,0x0000,
0x0000,0x0000,0x0000,0x0000,0x0000,0x0000,0x0000,0x0000,0x0000,0x0000,0x0000,0x0000,0x1860,0x5161,0x5981,0x5961,
0x6161,0x7a00,0x30a0,0x5960,0x79e0,0x6180,0x71c1,0x9aa1,0x30a0,0x1820,0x69c1,0x8221,0x79e1,0x8221,0x9281,0x8a41,
0x8a81,0x71e1,0x71e0,0x8241,0x61a0,0x2880,0x0000,0x0000,0x0000,0x0000,0x0000,0x0000,0x0000,0x0000,0x0000,0x0000,
0x0000,0x0000,0x0000,0x0000,0x0000,0x0000,0x0000,0x0000,0x0000,0x0000,0x0000,0x0000,0x0000,0x1020,0x30c0,0x5961,
0x5961,0x6180,0x5960,0x2860,0x6180,0x69a0,0x6981,0x8a20,0x8221,0x1000,0x1860,0x5961,0x6981,0x6160,0x69a0,0x69a0,
0x6180,0x71e1,0x69c1,0x5141,0x2080,0x0000,0x0000,0x0000,0x0000,0x0000,0x0000,0x0000,0x0000,0x0000,0x0000,0x0000,
0x0000,0x0000,0x0000,0x0000,0x0000,0x0000,0x0000,0x0000,0x0000,0x0000,0x0000,0x0000,0x0000,0x0000,0x0000,0x1860,
0x4101,0x5141,0x5960,0x5140,0x2880,0x6180,0x6980,0x6160,0x8221,0x6180,0x0001,0x0820,0x5981,0x71e1,0x7202,0x71e2,
0x5981,0x4941,0x28a0,0x0000,0x0000,0x0000,0x0000,0x0000,0x0000,0x0000,0x0000,0x0000,0x0000,0x0000,0x0000,0x0000,
0x0000,0x0000,0x0000,0x0000,0x0000,0x0000,0x0000,0x0000,0x0000,0x0000,0x0000,0x0000,0x0000,0x0000,0x0000,0x0000,
0x0000,0x1880,0x30c0,0x4940,0x4940,0x5981,0x69e2,0x6a03,0x69e3,0x7a42,0x5160,0x2080,0x0800,0x20a0,0x3901,0x28a0,
0x1860,0x0000,0x0000,0x0000,0x0000,0x0000,0x0000,0x0000,0x0000,0x0000,0x0000,0x0000,0x0000,0x0000,0x0000,0x0000,
0x0000,0x0000,0x0000,0x0000,0x0000,0x0000,0x0000,0x0000,0x0000,0x0000,0x0000,0x0000,0x0000,0x0000,0x0000,0x0000,
0x0000,0x0000,0x0000,0x0000,0x1020,0x2080,0x20a0,0x3101,0x30e1,0x28c1,0x30e0,0x28a0,0x0820,0x0820,0x0000,0x0000,
0x0000,0x0000,0x0000,0x0000,0x0000,0x0000,0x0000,0x0000,0x0000,0x0000,0x0000,0x0000,0x0000,0x0000,0x0000,0x0000,
0x0000,0x0000,0x0000,0x0000,0x0000,0x0000,0x0000,0x0000,0x0000,0x0000,0x0000,0x0000,0x0000,0x0000,0x0000,0x0000,
0x0000,0x0000,0x0000,0x0000,0x0000,0x0000,0x0000,0x0000,0x0000,0x0000,0x0000,0x0000,0x0000,0x0000,0x0000,0x0000,
0x0000,0x0000,0x0000,0x0000,0x0000,0x0000,0x0000,0x0000,0x0000,0x0000,0x0000,0x0000,0x0000,0x0000,0x0000,0x0000,
0x0000,0x0000,0x0000,0x0000,0x0000,0x0000,0x0000,0x0000,0x0000,0x0000,0x0000,0x0000,0x0000,0x0000,0x0000,0x0000,
0x0000,0x0000,0x0000,0x0000,0x0000,0x0000,0x0000,0x0000,0x0000,0x0000,0x0000,0x0000,0x0000,0x0000,0x0000,0x0000,
0x0000,0x0000,0x0000,0x0000,0x0000,0x0000,0x0000,0x0000,0x0000,0x0000,0x0000,0x0000,0x0000,0x0000,0x0000,0x0000,
},
{
0x0000,0x0000,0x0000,0x0000,0x0000,0x0000,0x0000,0x0000,0x0000,0x0000,0x0000,0x0000,0x0000,0x0000,0x0000,0x0000,
0x0000,0x0000,0x0000,0x0000,0x0000,0x0000,0x0000,0x0000,0x0000,0x0000,0x0000,0x0000,0x0000,0x0000,0x0000,0x0000,
0x0000,0x0000,0x0000,0x0000,0x0000,0x0000,0x0000,0x0000,0x0000,0x0000,0x0000,0x0000,0x0000,0x0000,0x0000,0x0000,
0x0000,0x0000,0x0000,0x0000,0x0000,0x0000,0x0000,0x0000,0x0000,0x0000,0x0000,0x0000,0x0000,0x0000,0x0000,0x0000,
0x0000,0x0000,0x0000,0x0000,0x0000,0x0000,0x0000,0x0000,0x0000,0x0000,0x0000,0x0000,0x0000,0x0000,0x0000,0x0000,
0x0000,0x0000,0x0000,0x0000,0x0000,0x0000,0x0000,0x0000,0x0000,0x0000,0x0000,0x0000,0x0000,0x0000,0x0000,0x0000,
0x0000,0x0000,0x0000,0x0000,0x0000,0x0000,0x0000,0x0000,0x0000,0x0000,0x0000,0x0000,0x0000,0x0000,0x0000,0x0000,
0x0000,0x0000,0x0000,0x0000,0x0000,0x28a0,0x4920,0x4940,0x4920,0x3900,0x0000,0x0000,0x0000,0x0000,0x0000,0x0000,
0x0000,0x0000,0x0000,0x0000,0x0000,0x0000,0x0000,0x0000,0x0000,0x0000,0x0000,0x0000,0x0000,0x0000,0x0000,0x0000,
0x0000,0x0000,0x0000,0x0000,0x0000,0x0000,0x0000,0x0000,0x0000,0x0000,0x0000,0x0000,0x0000,0x0000,0x0000,0x0000,
0x0000,0x0000,0x0000,0x28c0,0x0820,0x61c1,0x9ac1,0x8a61,0x8a61,0x9ae1,0x4940,0x1040,0x30c0,0x0000,0x0000,0x0000,
0x0000,0x0000,0x0000,0x0000,0x0000,0x0000,0x0000,0x0000,0x0000,0x0000,0x0000,0x0000,0x0000,0x0000,0x0000,0x0000,
0x0000,0x0000,0x0000,0x0000,0x0000,0x0000,0x0000,0x0000,0x0000,0x0000,0x0000,0x0000,0x0000,0x0000,0x0000,0x0000,
0x30c0,0x4120,0x69c0,0x8241,0x3080,0x8a81,0xbb82,0xa302,0x9ae2,0xb381,0x5980,0x38c0,0x92c1,0x7201,0x5160,0x28a0,
0x0000,0x0000,0x0000,0x0000,0x0000,0x0000,0x0000,0x0000,0x0000,0x0000,0x0000,0x0000,0x0000,0x0000,0x0000,0x0000,
0x0000,0x0000,0x0000,0x0000,0x0000,0x0000,0x0000,0x0000,0x0000,0x0000,0x0000,0x0000,0x0000,0x0000,0x4121,0x7a62,
0x8261,0x8a81,0x9ac2,0xa323,0x38c0,0x9b02,0xdc63,0xcc03,0xc3c3,0xc3e2,0x69e1,0x40c0,0xbba2,0xab21,0x9aa1,0x8261,
0x61c1,0x3900,0x0000,0x0000,0x0000,0x0000,0x0000,0x0000,0x0000,0x0000,0x0000,0x0000,0x0000,0x0000,0x0000,0x0000,
0x0000,0x0000,0x0000,0x0000,0x0000,0x0000,0x0000,0x0000,0x0000,0x0000,0x0000,0x0000,0x28a0,0x61a0,0x8a61,0x69c1,
0x8a82,0xa342,0xb3a3,0xb3a4,0x40c0,0xab82,0xed03,0xdcc4,0xdca4,0xe504,0x8281,0x5920,0xcc44,0xb382,0xa2e2,0x8241,
0x6180,0x8241,0x5161,0x2060,0x0000,0x0000,0x0000,0x0000,0x0000,0x0000,0x0000,0x0000,0x0000,0x0000,0x0000,0x0000,
0x0000,0x0000,0x0000,0x0000,0x0000,0x0000,0x0000,0x0000,0x0000,0x0000,0x0000,0x3900,0x7a21,0x9281,0xab41,0x5920,
0xab42,0xd443,0xd463,0xcc44,0x5920,0xbc03,0xfde5,0xed65,0xed65,0xf5e5,0xa362,0x6120,0xd506,0xd463,0xc3e2,0x9aa1,
0x6160,0xab62,0x8220,0x69c1,0x30c0,0x0000,0x0000,0x0000,0x0000,0x0000,0x0000,0x0000,0x0000,0x0000,0x0000,0x0000,
0x0000,0x0000,0x0000,0x0000,0x0000,0x0000,0x0000,0x0000,0x0000,0x0000,0x3900,0x7a21,0x9aa1,0xb321,0xdce5,0x6980,
0xd484,0xe504,0xf565,0xdd26,0x7980,0xccc5,0xfe87,0xf606,0xf5e6,0xfe46,0xaba3,0x81c0,0xdd67,0xe504,0xe4c3,0xbba2,
0x7a01,0xe545,0xa2c1,0x8a61,0x7a21,0x38e0,0x0000,0x0000,0x0000,0x0000,0x0000,0x0000,0x0000,0x0000,0x0000,0x0000,
0x0000,0x0000,0x0000,0x0000,0x0000,0x0000,0x0000,0x0000,0x0000,0x4120,0x8221,0x8a41,0xb382,0xd4c5,0xb425,0x58e0,
0xd526,0xf5a5,0xfe48,0xdd88,0x89e0,0xdd88,0xfec7,0xfea8,0xfe88,0xff08,0xbc24,0x89c0,0xe587,0xf5a5,0xed24,0xc3e2,
0x6940,0xcc84,0xdc84,0xb363,0x8a61,0x8241,0x28a0,0x0000,0x0000,0x0000,0x0000,0x0000,0x0000,0x0000,0x0000,0x0000,
0x0000,0x0000,0x0000,0x0000,0x0000,0x0000,0x0000,0x0000,0x30e0,0x7a01,0x9281,0xb3a3,0xbc24,0x7a21,0x7160,0x9b24,
0xedc7,0xfe06,0xfeeb,0xe5c9,0xb2a0,0xe5ea,0xff4a,0xff09,0xff0a,0xff6b,0xdce5,0xaa40,0xedea,0xfe26,0xf543,0xdce4,
0x8aa3,0x6940,0x9281,0xcc43,0xc3e3,0x9261,0x71e1,0x2080,0x0000,0x0000,0x0000,0x0000,0x0000,0x0000,0x0000,0x0000,
0x0000,0x0000,0x0000,0x0000,0x0000,0x0000,0x0000,0x28a0,0x7202,0x92c2,0xc403,0x7a42,0x50e0,0xb363,0xe565,0xfe05,
0xfde5,0xfe26,0xff4d,0xe5cb,0xc300,0xee0c,0xffac,0xff6b,0xff6c,0xffad,0xeda7,0xb280,0xee4e,0xfe87,0xed23,0xf5a5,
0xed65,0xd463,0xab22,0x6120,0x9b02,0xb3a2,0x8a61,0x7a22,0x1880,0x0000,0x0000,0x0000,0x0000,0x0000,0x0000,0x0000,
0x0000,0x0000,0x0000,0x0000,0x0000,0x0000,0x1840,0x5981,0x8a82,0xab42,0x71e0,0x69a0,0xcc03,0xfda5,0xed43,0xed84,
0xfe06,0xfee9,0xfff2,0xe62e,0xd360,0xf670,0xfff5,0xff8d,0xff6b,0xffee,0xe5e9,0xaa40,0xeed2,0xff0a,0xfe05,0xf5a5,
0xe4c3,0xdcc3,0xe4c3,0xc3c2,0x6120,0x71c1,0x9ae2,0x9282,0x5161,0x0000,0x0000,0x0000,0x0000,0x0000,0x0000,0x0000,
0x0000,0x0000,0x0000,0x0000,0x0000,0x0000,0x38e0,0x7201,0x92c2,0x9b03,0x6980,0xcc23,0xed04,0xe545,0xed65,0xfe87,
0xff6c,0xff4e,0xddab,0xcbc4,0xdb20,0xee11,0xfff8,0xffac,0xff8d,0xffef,0xdd89,0xaa60,0xd4a5,0xe5a8,0xfe89,0xfe67,
0xf5a5,0xdcc3,0xd443,0xd422,0xbba2,0x5100,0x8241,0x9261,0x7a21,0x28a0,0x0000,0x0000,0x0000,0x0000,0x0000,0x0000,
0x0000,0x0000,0x0000,0x0000,0x0000,0x1040,0x6181,0x8222,0x69c1,0xcc44,0x81e0,0xb361,0xed24,0xed66,0xfe89,0xf68b,
0xc467,0xa260,0xa200,0xbb21,0xcc25,0xf6f3,0xfff4,0xffd0,0xffae,0xffad,0xee8c,0xb3a5,0xbb42,0x9a20,0x8a40,0xbc24,
0xede8,0xf5a5,0xd442,0xdc83,0xab22,0x71c0,0xb3c3,0x71c1,0x8262,0x4920,0x1860,0x0000,0x0000,0x0000,0x0000,0x0000,
0x0000,0x0000,0x0000,0x0000,0x0000,0x28a0,0x79e1,0x5981,0x7201,0xd484,0x9281,0x8a01,0xf5c6,0xfe68,0xd4a6,0xa220,
0x99e0,0xc405,0xee4b,0xff70,0xfff8,0xfff6,0xffd0,0xfff6,0xffd2,0xff6b,0xff6b,0xff8d,0xff0c,0xe5e8,0xbc24,0x9240,
0x9220,0xc424,0xe565,0xed65,0x8a41,0x8a81,0xc3e3,0x79e0,0x71e1,0x7201,0x28c0,0x0000,0x0000,0x0000,0x0000,0x0000,
0x0000,0x0000,0x0000,0x0000,0x2080,0x38e0,0x71e1,0x5960,0x9ae2,0xc423,0xcc85,0x7100,0xbbe4,0xbba3,0x99a0,0xc3c4,
0xf648,0xff8c,0xffac,0xffcd,0xffda,0xffdb,0xffd2,0xffd3,0xffaf,0xff6a,0xff4a,0xfee9,0xfea8,0xfe87,0xfe67,0xf5e7,
0xbbc3,0x7120,0xa343,0xd4e6,0x6960,0xc464,0xab21,0x9261,0x6160,0x79e1,0x4900,0x0000,0x0000,0x0000,0x0000,0x0000,
0x0000,0x0000,0x0000,0x0000,0x30e0,0x4921,0x71c1,0x8241,0xab63,0xb382,0xdd66,0xa323,0x91e0,0x9a40,0xd507,0xfee9,
0xfea7,0xfee9,0xff4b,0xff8c,0xffd2,0xffd5,0xffd0,0xff8e,0xff6b,0xff6b,0xff2a,0xfec9,0xfec9,0xfe06,0xf585,0xed65,
0xf5a6,0xd4a4,0x9260,0x71a0,0xa343,0xd463,0xa2e1,0x92a1,0x8201,0x50c0,0x6181,0x28a0,0x0000,0x0000,0x0000,0x0000,
0x0000,0x0000,0x0000,0x0000,0x4121,0x7202,0x48e0,0xa2e1,0xb3a3,0xbba2,0xe586,0xb3a4,0x9a61,0xdd05,0xfe67,0xfe06,
0xfe67,0xfea8,0xff2a,0xff6c,0xff8b,0xffad,0xff8c,0xff4a,0xff6b,0xff2b,0xfec9,0xfea8,0xfe88,0xfe06,0xfdc6,0xed65,
0xed04,0xf5a5,0xd484,0x79e0,0xa384,0xc403,0xab41,0x9ac1,0x8221,0x3880,0x7a22,0x30e0,0x0000,0x0000,0x0000,0x0000,
0x0000,0x0000,0x0000,0x0000,0x5181,0x8242,0x4900,0xab01,0xa322,0xcc23,0xbbe3,0x7180,0xd4a4,0xed64,0xed64,0xfe06,
0xfe47,0xfe47,0xff0a,0xff2b,0xff29,0xffcc,0xffab,0xff4a,0xff6b,0xff2a,0xfeea,0xfea9,0xfe27,0xfde6,0xfde6,0xf5a6,
0xed45,0xdca4,0xdca3,0xc423,0x6120,0xbba2,0xcc02,0x9ac1,0x9281,0x40e0,0x69c1,0x4100,0x0000,0x0000,0x0000,0x0000,
0x0000,0x0000,0x0000,0x2060,0x4941,0x5161,0x69a1,0x9aa1,0xa342,0xc423,0x6140,0xbbe3,0xe524,0xd483,0xed44,0xf5e6,
0xfe06,0xfe47,0xfe88,0xff4c,0xff0a,0xe5a6,0xcc83,0xc3e3,0xc3e3,0xd463,0xdd46,0xfe88,0xfe47,0xf5c5,0xed65,0xed45,
0xed25,0xdc83,0xcc03,0xd463,0xab42,0x7180,0xd442,0x9ae1,0x8a61,0x5960,0x38c0,0x5141,0x0000,0x0000,0x0000,0x0000,
0x0000,0x0000,0x0000,0x1880,0x5161,0x2060,0x71e1,0x7a00,0xbbc3,0x8a81,0x71e1,0xe504,0xdc83,0xe504,0xed45,0xed24,
0xf5e6,0xfe27,0xfec9,0xe5a8,0xc3c2,0xd4a6,0xee8e,0xff92,0xff70,0xed86,0xc3e2,0xab21,0xe505,0xfe26,0xe504,0xe524,
0xe4e4,0xdcc4,0xd463,0xbbc3,0xd442,0x81e0,0x9aa1,0xab21,0x7a20,0x69c0,0x2860,0x61a1,0x2080,0x0000,0x0000,0x0000,
0x0000,0x0000,0x0000,0x1040,0x61a2,0x4120,0x69c0,0x8a40,0xab41,0x5940,0xab62,0xdc83,0xdca3,0xdcc4,0xe504,0xe504,
0xed44,0xfe47,0xd4a5,0xbba2,0xfecb,0xfff2,0xef31,0xd62b,0xd60a,0xee8a,0xfec8,0xe545,0x92a1,0xc464,0xf585,0xdca3,
0xdcc4,0xe505,0xcc63,0xb382,0xbba2,0xa2e1,0x6140,0xa301,0x8220,0x7a01,0x6181,0x5982,0x1860,0x0000,0x0000,0x0000,
0x0000,0x0000,0x0000,0x1861,0x5183,0x61a1,0x69a0,0x92a1,0x9ac1,0x6980,0xcbe2,0xcbe2,0xd442,0xdc83,0xe504,0xe505,
0xed64,0xcc43,0xaae0,0xfe88,0xee69,0x6a62,0x2060,0x0800,0x0800,0x2040,0x7b03,0xfe46,0xdd03,0x8a40,0xdce5,0xe4e4,
0xdca3,0xd483,0xc3e2,0xb362,0xb362,0xab22,0x5140,0x9281,0x79e0,0x79e0,0x69a1,0x61e3,0x18a1,0x0000,0x0000,0x0000,
0x0000,0x0000,0x0000,0x0820,0x5182,0x5981,0x69a0,0xb363,0x8221,0x8a41,0xcbe2,0xc3a1,0xd423,0xdd05,0xd4a3,0xe4e4,
0xe525,0x9281,0xe504,0xede7,0x40e0,0x0001,0x02f0,0x14f7,0x0c14,0x022d,0x0001,0x59e1,0xf5c5,0xb361,0x9aa1,0xed24,
0xdc83,0xd483,0xc403,0xbba2,0xb342,0xa301,0x69e1,0x69c0,0x92a1,0x71c1,0x69c1,0x5182,0x0001,0x0000,0x0000,0x0000,
0x0000,0x0000,0x0000,0x0820,0x38c0,0x61a1,0x6980,0x92c2,0x5120,0x92a2,0xbb82,0xbb61,0xcc03,0xdce5,0xc402,0xe4e4,
0xc3e2,0x9281,0xfde4,0x6a21,0x0022,0x0518,0x475f,0xbfff,0x5f9f,0x0e1d,0x0353,0x0002,0x9342,0xe4e4,0x79e0,0xcc23,
0xdca3,0xc3e2,0xcc64,0xc3e3,0xab21,0xa301,0x7a21,0x61c1,0x92c2,0x6160,0x69c1,0x28a0,0x1860,0x0000,0x0000,0x0000,
0x0000,0x0000,0x0000,0x2060,0x30a0,0x30a0,0x7a01,0x71e0,0x5140,0x9ae2,0xa301,0xb342,0xbbc2,0xcc03,0xcc03,0xdca3,
0xa2e1,0xc3c3,0xd4a3,0x1000,0x026d,0x171f,0xb7de,0xffff,0x97de,0x1efd,0x053b,0x014a,0x4120,0xdcc4,0x71c0,0xa322,
0xd463,0xbba2,0xbba2,0xbba2,0xab01,0x9ac1,0x8241,0x5960,0x71e0,0x69c1,0x28a0,0x40e0,0x28a0,0x0000,0x0000,0x0000,
0x0000,0x0000,0x0000,0x0000,0x4100,0x2060,0x2080,0x7a21,0x7a01,0x9ac1,0x9ac1,0xab22,0xb362,0xab42,0xc3e3,0xe4c4,
0x9a81,0xc3e3,0xb3c3,0x0001,0x02f2,0x165d,0x5fff,0x7fde,0x479e,0x16de,0x055c,0x022e,0x1860,0xc403,0x6180,0x8aa2,
0xcc02,0xb382,0xab62,0xb362,0xab21,0x8a60,0x8a61,0x8a61,0x7a41,0x0840,0x1860,0x4100,0x0000,0x0000,0x0000,0x0000,
0x0000,0x0000,0x0000,0x0000,0x1040,0x2060,0x1840,0x0820,0x61c1,0xb342,0xb342,0x92a1,0x92a1,0xab42,0xbb62,0xdc63,
0x9ac1,0x9ac1,0xb3a3,0x0001,0x026f,0x053c,0x169d,0x0f5e,0x069e,0x05bc,0x051b,0x022e,0x28a0,0xc403,0x5960,0x92c2,
0xcbe3,0xab42,0x92a1,0x9ac1,0x92a1,0x92a1,0xb321,0x69e1,0x0820,0x1020,0x1860,0x1040,0x0000,0x0000,0x0000,0x0000,
0x0000,0x0000,0x0000,0x0000,0x0000,0x30c0,0x71c1,0x1860,0x0001,0x38e0,0x92c2,0xab42,0xa302,0xa302,0xab22,0xbb82,
0xa302,0x6980,0xcc23,0x4961,0x00e6,0x049a,0x053c,0x059c,0x05dd,0x0e3d,0x0cb9,0x00a6,0x7261,0xbbe3,0x5960,0xab42,
0xb341,0x9ae1,0x9281,0xab21,0xab22,0x7a41,0x30c0,0x0800,0x2880,0x5960,0x1860,0x0000,0x0000,0x0000,0x0000,0x0000,
0x0000,0x0000,0x0000,0x0000,0x0000,0x1040,0x6181,0x5140,0x30c0,0x1040,0x0001,0x38e0,0x8282,0xab42,0xbba2,0xb341,
0xb362,0x5940,0x9ae1,0xc465,0x1040,0x0169,0x03f6,0x0d7c,0x059c,0x0436,0x0169,0x28c0,0xcca4,0x8241,0x6181,0xbba2,
0xb341,0xb362,0xb342,0x8a61,0x30e0,0x0001,0x1040,0x40e0,0x69a1,0x5140,0x0820,0x0000,0x0000,0x0000,0x0000,0x0000,
0x0000,0x0000,0x0000,0x0000,0x0000,0x0000,0x30c0,0x69c1,0x5960,0x3900,0x0001,0x0001,0x0001,0x2080,0x51a1,0x8282,
0xb382,0xab42,0x6980,0xcc02,0xb444,0x28c0,0x0001,0x0107,0x0168,0x0062,0x3941,0xcca4,0xb321,0x5920,0xab42,0xb362,
0x9ac1,0x5181,0x2880,0x0001,0x0001,0x0001,0x4920,0x71e1,0x71e1,0x38c0,0x0000,0x0000,0x0000,0x0000,0x0000,0x0000,
0x0000,0x0000,0x0000,0x0000,0x0000,0x0000,0x2080,0x5141,0x92a1,0x6180,0x30a0,0x0001,0x0001,0x0001,0x0001,0x0001,
0x1860,0x5181,0x5160,0x5120,0xb361,0xd4e4,0xb464,0x8b42,0x9362,0xc4c5,0xd4c4,0xa2e1,0x40e0,0x4120,0x4940,0x2060,
0x0800,0x0001,0x0001,0x0001,0x0820,0x4120,0x69e1,0x8a82,0x69a1,0x2080,0x0000,0x0000,0x0000,0x0000,0x0000,0x0000,
0x0000,0x0000,0x0000,0x0000,0x0000,0x0000,0x0000,0x4920,0x71e1,0xab42,0x7a01,0x4100,0x0001,0x0820,0x0001,0x0001,
0x0001,0x0001,0x0001,0x0001,0x2080,0x59a0,0xa362,0xbc23,0xb3c3,0x9ac1,0x61a0,0x2080,0x0001,0x0001,0x0001,0x0800,
0x0800,0x0820,0x0820,0x0001,0x40e0,0x9281,0xa2e2,0x5940,0x4100,0x0820,0x0000,0x0000,0x0000,0x0000,0x0000,0x0000,
0x0000,0x0000,0x0000,0x0000,0x0000,0x0000,0x0000,0x30c0,0x5981,0x8282,0xbba2,0x8a62,0x4101,0x0001,0x0800,0x0820,
0x0820,0x1040,0x1020,0x0820,0x0001,0x0001,0x0800,0x0800,0x0800,0x1020,0x0001,0x0001,0x0820,0x0820,0x1020,0x1020,
0x0820,0x0800,0x0001,0x5980,0x9280,0xb362,0x71c1,0x5960,0x28a0,0x0000,0x0000,0x0000,0x0000,0x0000,0x0000,0x0000,
0x0000,0x0000,0x0000,0x0000,0x0000,0x0000,0x0000,0x0000,0x5161,0x4900,0x92a1,0xcc23,0xb342,0x5981,0x0001,0x0820,
0x1040,0x1040,0x1040,0x1040,0x1040,0x1040,0x1040,0x0820,0x0820,0x0820,0x1840,0x1860,0x1060,0x1040,0x1040,0x1040,
0x0001,0x0001,0x61a0,0xbb60,0xd4a3,0x8201,0x5960,0x4120,0x0000,0x0000,0x0000,0x0000,0x0000,0x0000,0x0000,0x0000,
0x0000,0x0000,0x0000,0x0000,0x0000,0x0000,0x0000,0x0000,0x1860,0x5160,0x6980,0x92c2,0xdd05,0xcc02,0x7a42,0x1040,
0x0800,0x1860,0x1860,0x1840,0x1860,0x1860,0x2080,0x2080,0x2080,0x1860,0x2060,0x2080,0x1860,0x1860,0x1860,0x0800,
0x1880,0x92c1,0xd461,0xdd64,0x8a61,0x6980,0x6181,0x1860,0x0000,0x0000,0x0000,0x0000,0x0000,0x0000,0x0000,0x0000,
0x0000,0x0000,0x0000,0x0000,0x0000,0x0000,0x0000,0x0000,0x0000,0x30a0,0x61a1,0x71c0,0x92a1,0xd4e4,0xed24,0xc3c2,
0x4941,0x0001,0x0820,0x2080,0x2880,0x28a0,0x28a0,0x30c0,0x28a0,0x28a0,0x30c0,0x30e0,0x28a0,0x0820,0x0820,0x5140,
0xbb80,0xfdc5,0xe586,0x8a61,0x71c0,0x6180,0x2080,0x0000,0x0000,0x0000,0x0000,0x0000,0x0000,0x0000,0x0000,0x0000,
0x0000,0x0000,0x0000,0x0000,0x0000,0x0000,0x0000,0x0000,0x0000,0x0000,0x3901,0x7222,0x71c1,0x8241,0xd527,0xfe48,
0xed64,0x9b41,0x30e0,0x0800,0x1840,0x28a0,0x30c0,0x38e0,0x38e0,0x30c0,0x28a0,0x2860,0x1840,0x30e0,0xab20,0xfd42,
0xf5e6,0xc4c8,0x81e1,0x79e0,0x71e1,0x30a0,0x0000,0x0000,0x0000,0x0000,0x0000,0x0000,0x0000,0x0000,0x0000,0x0000,
0x0000,0x0000,0x0000,0x0000,0x0000,0x0000,0x0000,0x0000,0x0000,0x0000,0x1860,0x4941,0x7a22,0x71c0,0x8200,0xaba4,
0xee09,0xfea6,0xed42,0xa340,0x61e0,0x30c0,0x2040,0x38e0,0x38e0,0x2040,0x30a0,0x7220,0xb3c2,0xe503,0xfec8,0xddc8,
0x9b65,0x71a0,0x69a0,0x7a21,0x4100,0x1040,0x0000,0x0000,0x0000,0x0000,0x0000,0x0000,0x0000,0x0000,0x0000,0x0000,
0x0000,0x0000,0x0000,0x0000,0x0000,0x0000,0x0000,0x0000,0x0000,0x0000,0x0000,0x1040,0x4101,0x7a21,0x8240,0x8200,
0x9261,0xbc47,0xee4b,0xfeea,0xfe66,0xed82,0xabe2,0x2080,0x2880,0xb403,0xed84,0xfe86,0xfec8,0xf649,0xc486,0x8a61,
0x79c0,0x8221,0x6181,0x4100,0x1020,0x0000,0x0000,0x0000,0x0000,0x0000,0x0000,0x0000,0x0000,0x0000,0x0000,0x0000,
0x0000,0x0000,0x0000,0x0000,0x0000,0x0000,0x0000,0x0000,0x0000,0x0000,0x0000,0x0000,0x0000,0x38e0,0x7201,0x69c1,
0x69a0,0x81e0,0x9ac1,0xb406,0xcd2a,0xf68d,0xcd06,0x4900,0x48e0,0xe60a,0xf6ae,0xcd09,0xb3a4,0xa281,0x8a20,0x69c1,
0x7a01,0x69a0,0x30c0,0x0000,0x0000,0x0000,0x0000,0x0000,0x0000,0x0000,0x0000,0x0000,0x0000,0x0000,0x0000,0x0000,
0x0000,0x0000,0x0000,0x0000,0x0000,0x0000,0x0000,0x0000,0x0000,0x0000,0x0000,0x0000,0x0000,0x0000,0x28a0,0x4941,
0x6180,0x7a00,0x8240,0x9260,0x9a40,0x9aa1,0x8221,0x30a0,0x3080,0x9ae1,0xab21,0x8200,0x79e0,0x8a81,0x8241,0x5961,
0x4940,0x2880,0x0000,0x0000,0x0000,0x0000,0x0000,0x0000,0x0000,0x0000,0x0000,0x0000,0x0000,0x0000,0x0000,0x0000,
0x0000,0x0000,0x0000,0x0000,0x0000,0x0000,0x0000,0x0000,0x0000,0x0000,0x0000,0x0000,0x0000,0x0000,0x0000,0x2080,
0x4121,0x61c1,0x7a21,0x8a61,0x8241,0x8a61,0x8241,0x30a0,0x2060,0x8261,0x92a2,0x7a41,0x8261,0x7a21,0x5980,0x38e0,
0x1040,0x0000,0x0000,0x0000,0x0000,0x0000,0x0000,0x0000,0x0000,0x0000,0x0000,0x0000,0x0000,0x0000,0x0000,0x0000,
0x0000,0x0000,0x0000,0x0000,0x0000,0x0000,0x0000,0x0000,0x0000,0x0000,0x0000,0x0000,0x0000,0x0000,0x0000,0x0000,
0x0000,0x2080,0x3901,0x61c1,0x69e1,0x8241,0x8241,0x2060,0x1040,0x7a41,0x8aa2,0x7a22,0x5981,0x30e0,0x1040,0x0000,
0x0000,0x0000,0x0000,0x0000,0x0000,0x0000,0x0000,0x0000,0x0000,0x0000,0x0000,0x0000,0x0000,0x0000,0x0000,0x0000,
0x0000,0x0000,0x0000,0x0000,0x0000,0x0000,0x0000,0x0000,0x0000,0x0000,0x0000,0x0000,0x0000,0x0000,0x0000,0x0000,
0x0000,0x0000,0x0000,0x0000,0x1880,0x3901,0x4141,0x0820,0x0001,0x4121,0x38e0,0x1860,0x0000,0x0000,0x0000,0x0000,
0x0000,0x0000,0x0000,0x0000,0x0000,0x0000,0x0000,0x0000,0x0000,0x0000,0x0000,0x0000,0x0000,0x0000,0x0000,0x0000,
0x0000,0x0000,0x0000,0x0000,0x0000,0x0000,0x0000,0x0000,0x0000,0x0000,0x0000,0x0000,0x0000,0x0000,0x0000,0x0000,
0x0000,0x0000,0x0000,0x0000,0x0000,0x0000,0x0000,0x0000,0x0000,0x0000,0x0000,0x0000,0x0000,0x0000,0x0000,0x0000,
0x0000,0x0000,0x0000,0x0000,0x0000,0x0000,0x0000,0x0000,0x0000,0x0000,0x0000,0x0000,0x0000,0x0000,0x0000,0x0000,
0x0000,0x0000,0x0000,0x0000,0x0000,0x0000,0x0000,0x0000,0x0000,0x0000,0x0000,0x0000,0x0000,0x0000,0x0000,0x0000,
0x0000,0x0000,0x0000,0x0000,0x0000,0x0000,0x0000,0x0000,0x0000,0x0000,0x0000,0x0000,0x0000,0x0000,0x0000,0x0000,
0x0000,0x0000,0x0000,0x0000,0x0000,0x0000,0x0000,0x0000,0x0000,0x0000,0x0000,0x0000,0x0000,0x0000,0x0000,0x0000,
},
{
0x0000,0x0000,0x0000,0x0000,0x0000,0x0000,0x0000,0x0000,0x0000,0x0000,0x0000,0x0000,0x0000,0x0000,0x0000,0x0000,
0x0000,0x0000,0x0000,0x0000,0x0000,0x0000,0x0000,0x0000,0x0000,0x0000,0x0000,0x0000,0x0000,0x0000,0x0000,0x0000,
0x0000,0x0000,0x0000,0x0000,0x0000,0x0000,0x0000,0x0000,0x0000,0x0000,0x0000,0x0000,0x0000,0x0000,0x0000,0x0000,
0x0000,0x0000,0x0000,0x0000,0x0000,0x0000,0x0000,0x0000,0x0000,0x0000,0x0000,0x0000,0x0000,0x0000,0x0000,0x0000,
0x0000,0x0000,0x0000,0x0000,0x0000,0x0000,0x0000,0x0000,0x0000,0x0000,0x0000,0x0000,0x0000,0x0000,0x0000,0x0000,
0x0000,0x0000,0x0000,0x0000,0x0000,0x0000,0x0000,0x0000,0x0000,0x0000,0x0000,0x0000,0x0000,0x0000,0x0000,0x0000,
0x0000,0x0000,0x0000,0x0000,0x0000,0x0000,0x0000,0x0000,0x0000,0x0000,0x0000,0x0000,0x0000,0x0000,0x0000,0x0000,
0x0000,0x0000,0x1000,0x30c0,0x5a02,0x6a62,0x59c1,0x5160,0x5180,0x4920,0x28a0,0x28c0,0x0000,0x0000,0x0000,0x0000,
0x0000,0x0000,0x0000,0x0000,0x0000,0x0000,0x0000,0x0000,0x0000,0x0000,0x0000,0x0000,0x0000,0x0000,0x0000,0x0000,
0x0000,0x0000,0x0000,0x0000,0x0000,0x0000,0x0000,0x0000,0x0000,0x0000,0x0000,0x0000,0x0000,0x0000,0x0000,0x0000,
0x61c0,0x5960,0xa3c4,0xc483,0xbba2,0xab22,0xa2c1,0xab21,0xbb82,0xbba2,0xb3a2,0x9ae1,0x7221,0x5180,0x30c0,0x0000,
0x0000,0x0000,0x0000,0x0000,0x0000,0x0000,0x0000,0x0000,0x0000,0x0000,0x0000,0x0000,0x0000,0x0000,0x0000,0x0000,
0x0000,0x0000,0x0000,0x0000,0x0000,0x0000,0x0000,0x0000,0x0000,0x0000,0x0000,0x0000,0x0000,0x3100,0x6a01,0x8261,
0x8200,0x79a1,0xab63,0x9262,0xab63,0xd4e5,0xe585,0xf5c5,0xed64,0xed24,0xe504,0xcc22,0xc3c2,0xb341,0x9ac1,0x61a1,
0x30c0,0x0000,0x0000,0x0000,0x0000,0x0000,0x0000,0x0000,0x0000,0x0000,0x0000,0x0000,0x0000,0x0000,0x0000,0x0000,
0x0000,0x0000,0x0000,0x0000,0x0000,0x0000,0x0000,0x0000,0x0000,0x0000,0x0000,0x0000,0x5180,0xa341,0xc3c2,0xdca3,
0xa342,0x81c1,0xab63,0xede6,0xfea6,0xfec7,0xfe87,0xfe06,0xf5c6,0xed23,0xdcc3,0xd483,0xcc22,0xbba1,0xab01,0xab21,
0x8a61,0x5981,0x28a0,0x0000,0x0000,0x0000,0x0000,0x0000,0x0000,0x0000,0x0000,0x0000,0x0000,0x0000,0x0000,0x0000,
0x0000,0x0000,0x0000,0x0000,0x0000,0x0000,0x0000,0x0000,0x0000,0x0000,0x3100,0x7a41,0xab41,0xcc22,0xd484,0xe4e3,
0xf5a4,0xf627,0xfec7,0xfee8,0xff09,0xff27,0xff28,0xfec7,0xfec8,0xfea9,0xf627,0xf5c5,0xf5c5,0xe504,0xdca3,0xc3e2,
0xa2e1,0x8a41,0x71e1,0x30c0,0x0000,0x0000,0x0000,0x0000,0x0000,0x0000,0x0000,0x0000,0x0000,0x0000,0x0000,0x0000,
0x0000,0x0000,0x0000,0x0000,0x0000,0x0000,0x0000,0x0000,0x0000,0x30e1,0x92e1,0xbba2,0xcc23,0xdcc5,0xed46,0xf5a5,
0xfe05,0xfee9,0xfeea,0xff2a,0xffcf,0xfff2,0xffaf,0xf6cd,0xe5a8,0xdd47,0xc465,0xaba4,0xaba3,0xb3c4,0xbbe3,0xc3e2,
0xc402,0xab62,0x9ae1,0x8261,0x38e0,0x0000,0x0000,0x0000,0x0000,0x0000,0x0000,0x0000,0x0000,0x0000,0x0000,0x0000,
0x0000,0x0000,0x0000,0x0000,0x0000,0x0000,0x0000,0x0000,0x3921,0xa342,0xa301,0x8241,0xdcc4,0xed65,0xf5e6,0xfe87,
0xff09,0xff6c,0xffae,0xffb2,0xf6b0,0xe569,0xdbe2,0xc2e0,0xa220,0x9a20,0x9261,0xa2e1,0x9281,0x8a21,0x8200,0x71a0,
0x5100,0x6980,0x71c0,0x8261,0x92a2,0x5161,0x0000,0x0000,0x0000,0x0000,0x0000,0x0000,0x0000,0x0000,0x0000,0x0000,
0x0000,0x0000,0x0000,0x0000,0x0000,0x0000,0x0000,0x3920,0x6a01,0xa342,0xf5a5,0xcc84,0x9ac1,0xf5e6,0xfec8,0xff09,
0xffac,0xff8a,0xff8d,0xfffa,0xcba3,0xd340,0xdc44,0xe56b,0xee6d,0xeea9,0xf6a9,0xfeea,0xf689,0xee07,0xe525,0xcc63,
0xb3c3,0x8aa1,0x71c1,0x4900,0x4900,0x7201,0x4121,0x0000,0x0000,0x0000,0x0000,0x0000,0x0000,0x0000,0x0000,0x0000,
0x0000,0x0000,0x0000,0x0000,0x0000,0x0000,0x0800,0x10a2,0x0083,0x0001,0x6a42,0xff4a,0xcc22,0xcc85,0xff6a,0xff2a,
0xffac,0xffd0,0xff90,0xfff2,0xee71,0xe3c0,0xf62e,0xfff8,0xffcb,0xff8a,0xfee8,0xfe68,0xfe27,0xed65,0xe4e3,0xd462,
0xd463,0xbb82,0xbb82,0xab22,0x8241,0x5960,0x4100,0x2880,0x0000,0x0000,0x0000,0x0000,0x0000,0x0000,0x0000,0x0000,
0x0000,0x0000,0x0000,0x0000,0x0000,0x0000,0x020b,0x0d9b,0x0d5a,0x020e,0x0800,0xd60c,0xfead,0xc3a2,0xff4c,0xffae,
0xffd3,0xffff,0xffd9,0xffae,0xffb2,0xdc43,0xd3e2,0xff71,0xffac,0xffd1,0xff4c,0xfe47,0xfe06,0xf5c5,0xed03,0xdc83,
0xcc43,0xc403,0xab42,0xab42,0x9281,0x9a81,0x7a21,0x4101,0x1020,0x0000,0x0000,0x0000,0x0000,0x0000,0x0000,0x0000,
0x0000,0x0000,0x0000,0x0000,0x0000,0x01a8,0x3f1e,0xdfff,0x5f7e,0x04b9,0x0063,0xa488,0xff52,0xc380,0xff0a,0xffad,
0xffd2,0xffd4,0xffce,0xff8e,0xffee,0xdd89,0xb2a0,0xee6c,0xffcc,0xff49,0xff0a,0xfe68,0xfde5,0xfe46,0xf5a4,0xf585,
0xdcc4,0xdcc4,0xc402,0xab21,0x9ae1,0x8a40,0x7a20,0x69e1,0x4962,0x1040,0x0000,0x0000,0x0000,0x0000,0x0000,0x0000,
0x0000,0x0000,0x0000,0x0000,0x0862,0x04b6,0x6fff,0xdffe,0x3f5d,0x04d9,0x00a4,0xaca8,0xfeef,0xb320,0xf6c9,0xff49,
0xff8c,0xffcd,0xffad,0xff6b,0xff4a,0xeeaa,0x9a60,0xcca6,0xff8d,0xfec8,0xfe68,0xfe06,0xedc7,0xbc25,0xc464,0xc485,
0xd4a4,0xe526,0xdcc5,0xbba2,0xb382,0xa2e1,0x8220,0x61c1,0x69e3,0x30e1,0x0000,0x0000,0x0000,0x0000,0x0000,0x0000,
0x0000,0x0000,0x0000,0x0000,0x0168,0x04fa,0x1f1d,0x2f7e,0x0d9c,0x0291,0x1060,0xde09,0xdd05,0xbb82,0xfee8,0xff29,
0xff4a,0xff6b,0xff4a,0xff29,0xff08,0xf6ca,0x9ae2,0xbb62,0xf6cc,0xfe47,0xfde6,0xfde6,0xcd27,0x7160,0x9240,0x8a00,
0x8a00,0x71a0,0x71c0,0x8241,0x92a2,0xab42,0xa2e1,0x7a21,0x69c2,0x61e3,0x1860,0x0000,0x0000,0x0000,0x0000,0x0000,
0x0000,0x0000,0x0000,0x0000,0x01c9,0x04bb,0x051a,0x053b,0x049b,0x0108,0x4161,0xfe68,0xb320,0xcc84,0xfec7,0xfea8,
0xff29,0xff29,0xff29,0xfec8,0xfe46,0xfe88,0xbc24,0xa260,0xf64a,0xfe26,0xf5a6,0xed44,0xeda5,0x9a80,0xd507,0xf649,
0xe544,0xcc64,0xa322,0x8a81,0x69a0,0x5120,0x5960,0x7a01,0x7a22,0x7224,0x30c1,0x0000,0x0000,0x0000,0x0000,0x0000,
0x0000,0x0000,0x0000,0x0000,0x0083,0x04ba,0x051b,0x03f6,0x028e,0x0820,0xcd05,0xd463,0xa2c1,0xf5c6,0xfe87,0xfe47,
0xfec8,0xff2a,0xfec8,0xfe26,0xfe06,0xfe47,0xcca5,0x91e0,0xe546,0xfdc5,0xf565,0xe504,0xed64,0xa2a1,0xb322,0xeda5,
0xd463,0xdca4,0xdc63,0xd443,0xcc23,0xab21,0x7a21,0x38c0,0x38a0,0x61a2,0x5182,0x1040,0x0000,0x0000,0x0000,0x0000,
0x0000,0x0000,0x0000,0x28e1,0x4100,0x00e7,0x028e,0x00a5,0x1060,0xb4c6,0xed44,0x8a00,0xc424,0xfe46,0xf606,0xfe26,
0xfea7,0xfea8,0xfe47,0xfde6,0xf585,0xf585,0xdd05,0x81c0,0xcc85,0xfe07,0xed24,0xdca3,0xe504,0xc3e4,0x8a00,0xdce4,
0xcc43,0xcc43,0xcc23,0xbba2,0xb382,0x9ac1,0x9ac1,0x9281,0x69c1,0x2860,0x5141,0x2080,0x0000,0x0000,0x0000,0x0000,
0x0000,0x0000,0x0000,0x20a0,0xbba3,0x7a61,0x4980,0x82e2,0xccc5,0xd463,0x8a60,0x9b02,0xf5c5,0xf5a5,0xed85,0xf5a5,
0xfde5,0xfde6,0xfde6,0xed64,0xed24,0xed24,0xe525,0x79e0,0xbc03,0xf5a6,0xdcc3,0xdca3,0xe504,0xcc45,0x9240,0xdcc4,
0xcc23,0xcc23,0xcc23,0xc3c3,0xcc03,0xa322,0x8241,0x9281,0x9282,0x5121,0x5140,0x2880,0x0000,0x0000,0x0000,0x0000,
0x0000,0x0000,0x0000,0x1060,0x69e1,0xc423,0xcc64,0xbba3,0x8a20,0x79a0,0xab42,0xe504,0xed64,0xed85,0xf585,0xf5a5,
0xfe07,0xed44,0xed65,0xed24,0xed24,0xe4e4,0xed44,0x8241,0x92c2,0xfdc6,0xed25,0xed46,0xed05,0xdca4,0x79c0,0xab62,
0xd443,0xc3e3,0xc3c3,0xbba3,0xbbc3,0xbb82,0xab21,0x9281,0x8222,0x5141,0x5140,0x4940,0x0001,0x0000,0x0000,0x0000,
0x0000,0x0000,0x0000,0x0000,0x1040,0x2060,0x4900,0x79c0,0xb3a3,0xe546,0xe504,0xd4a3,0xe503,0xf585,0xf585,0xed85,
0xed24,0xed24,0xed44,0xe504,0xdca3,0xd463,0xed04,0x8220,0x71c0,0x9281,0x8a61,0x9281,0x8a81,0x92a1,0x6140,0x7a62,
0xd483,0xbb83,0xbb82,0xab42,0x5120,0x6980,0x69a0,0x92a1,0x7a21,0x61a2,0x4100,0x59a1,0x0820,0x0000,0x0000,0x0000,
0x0000,0x0000,0x0000,0x0000,0x0000,0x0000,0x0000,0x3900,0x7a82,0xb425,0xdce4,0xf564,0xf565,0xed65,0xe504,0xe4e4,
0xed24,0xed04,0xdca3,0xd463,0xcc42,0xd443,0xdca3,0xab63,0x7242,0x7222,0x7a62,0x8241,0x7a01,0x69e0,0x61a0,0x8b02,
0xdca3,0xb342,0xb342,0xbba3,0x5940,0x69e1,0x5961,0xa322,0x8242,0x61a1,0x38e0,0x5981,0x1840,0x0000,0x0000,0x0000,
0x0000,0x0000,0x0000,0x0000,0x0000,0x0000,0x0000,0x0000,0x0000,0x1020,0x3900,0x7a81,0xbc24,0xed45,0xf584,0xed04,
0xdca3,0xd443,0xcc22,0xd443,0xd443,0xd443,0xcc23,0xe525,0xe566,0xdd46,0xdd25,0xd4c5,0xcc64,0xcc64,0xcc83,0xdcc3,
0xc3e3,0xb362,0xb342,0xab42,0x5120,0xaba4,0xbba2,0x9aa1,0x9282,0x71e1,0x38c0,0x30a0,0x1860,0x0000,0x0000,0x0000,
0x0000,0x0000,0x0000,0x0000,0x0000,0x0000,0x0000,0x0000,0x0000,0x0000,0x0000,0x0000,0x2060,0x5160,0x8ae2,0xd464,
0xece3,0xe4a3,0xd443,0xcc23,0xd443,0xcc23,0xc3c3,0xc3e2,0xd401,0xcbe2,0xc3c1,0xc3e2,0xc3e3,0xbb82,0xc3a2,0xc3c2,
0xbba2,0xb362,0x9ae1,0xa322,0x5140,0x7201,0xa301,0x69c0,0x5981,0x3080,0x2880,0x4962,0x1880,0x0000,0x0000,0x0000,
0x0000,0x0000,0x0000,0x0000,0x0000,0x0000,0x0000,0x0000,0x0000,0x0000,0x0000,0x0000,0x0000,0x0000,0x0800,0x28a0,
0x7221,0xa342,0xc403,0xdc83,0xdca4,0xbbc2,0xab41,0xbba1,0xdc62,0xcc23,0xa322,0x92e2,0xab63,0xbbc2,0xd422,0xbb82,
0xbba2,0xab42,0x9ac1,0x9ae2,0x5961,0x7201,0xbb82,0x5960,0x4920,0x71e0,0x6181,0x5162,0x1860,0x0000,0x0000,0x0000,
0x0000,0x0000,0x0000,0x0000,0x0000,0x0000,0x0000,0x0000,0x0000,0x0000,0x0000,0x0000,0x0000,0x0000,0x0000,0x0000,
0x0000,0x0800,0x28a0,0x61c1,0xab62,0xbbc3,0xbbc2,0xbba2,0x7a41,0x3080,0x0800,0x0001,0x0001,0x2080,0x92a1,0xcbe2,
0xab21,0xa2e2,0x9281,0x92a1,0x6181,0x5960,0x9aa0,0x8241,0x8a61,0x71c1,0x6181,0x59a3,0x1860,0x0000,0x0000,0x0000,
0x0000,0x0000,0x0000,0x0000,0x0000,0x0000,0x0000,0x0000,0x0000,0x0000,0x0000,0x0000,0x0000,0x0000,0x0000,0x0000,
0x0000,0x0000,0x0001,0x0001,0x1020,0x28a0,0x59a1,0x30c0,0x1000,0x71e0,0xb424,0xac03,0x82e2,0x38e0,0x0800,0x69c0,
0xbb62,0x9aa1,0x8a61,0x8a61,0x71c1,0x6160,0x8220,0x6980,0x69c1,0x7202,0x59a2,0x20a1,0x0001,0x0000,0x0000,0x0000,
0x0000,0x0000,0x0000,0x0000,0x0000,0x0000,0x0000,0x0000,0x0000,0x0000,0x0000,0x0000,0x0000,0x0000,0x0000,0x0000,
0x0000,0x0000,0x1040,0x1020,0x0800,0x0001,0x0001,0x1820,0xb3c3,0xff71,0xfe4a,0xf564,0xed04,0xd444,0x61a1,0x0001,
0x8241,0xa2e2,0x8221,0x8a61,0x9ac2,0x9281,0x7a00,0x7a21,0x69c1,0x3901,0x1040,0x1860,0x1040,0x0000,0x0000,0x0000,
0x0000,0x0000,0x0000,0x0000,0x0000,0x0000,0x0000,0x0000,0x0000,0x0000,0x0000,0x0000,0x0000,0x0000,0x0000,0x0000,
0x1880,0x1860,0x1860,0x1020,0x1040,0x0001,0x1040,0x9281,0xfead,0xdcc6,0xcba0,0xb342,0xbb62,0xb382,0xab22,0x30c0,
0x2880,0xab21,0x9281,0x92a1,0x9ae1,0x7201,0x4960,0x2080,0x0800,0x0800,0x4120,0x4960,0x0820,0x0000,0x0000,0x0000,
0x0000,0x0000,0x0000,0x0000,0x0000,0x0000,0x0000,0x0000,0x0000,0x0000,0x0000,0x0000,0x0000,0x1880,0x30e0,0x4940,
0x4920,0x2080,0x1040,0x1040,0x1840,0x0820,0x40e0,0xcc64,0xd483,0xb341,0x71e1,0x71a0,0x79e0,0xab42,0xa2e1,0x61c1,
0x0001,0x4120,0x3900,0x2880,0x1020,0x0001,0x0001,0x2060,0x5160,0x8240,0x7201,0x28c1,0x0000,0x0000,0x0000,0x0000,
0x0000,0x0000,0x0000,0x0000,0x0000,0x0000,0x0000,0x0000,0x0000,0x0000,0x0000,0x4960,0x61c0,0x71e0,0x6180,0x4100,
0x2080,0x1840,0x1860,0x1860,0x1840,0x0800,0x61a0,0xc403,0xcbe2,0x7202,0x61a0,0x9aa1,0x8200,0x8221,0xab21,0x7201,
0x0820,0x0001,0x1860,0x5160,0x5981,0x7221,0x8281,0x9ae1,0x8220,0x69c1,0x59a3,0x1860,0x0000,0x0000,0x0000,0x0000,
0x0000,0x0000,0x0000,0x0000,0x0000,0x0000,0x0000,0x0000,0x61c0,0x8a80,0x92a0,0x8220,0x6180,0x4100,0x30e0,0x30e0,
0x30c0,0x1040,0x0001,0x0800,0x2860,0x2060,0x4920,0xbb82,0xc3c2,0x7201,0x69c0,0x9280,0x79c0,0x9ae2,0xab21,0x69c0,
0x0001,0x8303,0xc464,0xbba2,0xbb82,0x9aa1,0x71e1,0x6180,0x5121,0x59c3,0x4983,0x0820,0x0000,0x0000,0x0000,0x0000,
0x0000,0x0000,0x0000,0x0000,0x0000,0x4960,0x7a81,0xab61,0xab41,0x7a20,0x5120,0x38a0,0x3080,0x2060,0x1840,0x2880,
0x30a0,0x4120,0x7a81,0xb3e2,0xeda5,0x9b64,0x1000,0x9281,0xa301,0xa302,0x8261,0x7a21,0x9b03,0xc424,0xa2c1,0x5140,
0x0800,0xa382,0x8a61,0x8201,0x79e0,0x79e0,0x69a0,0x6180,0x5982,0x6204,0x28c1,0x0000,0x0000,0x0000,0x0000,0x0000,
0x0000,0x0000,0x0000,0x1020,0x9301,0xd461,0x8aa1,0x40e0,0x2840,0x1820,0x2060,0x48e0,0x5140,0x7220,0x8b42,0xbc43,
0xee08,0xf66a,0xfe27,0xe588,0xc464,0xc403,0x2860,0x4100,0xb321,0xab01,0xa301,0xb3a3,0xb3a3,0x92a1,0x8a41,0x1020,
0x5181,0xa342,0x71c1,0x7a21,0x8220,0x71c0,0x4920,0x30c0,0x61c3,0x4163,0x1020,0x0000,0x0000,0x0000,0x0000,0x0000,
0x0000,0x0000,0x0000,0x0000,0x7aa1,0xed43,0xe565,0xe584,0xe564,0xd565,0xd566,0xede8,0xfe8c,0xfeab,0xfeed,0xfead,
0xdd29,0xc405,0xb362,0xa2a0,0x9a80,0xbb41,0x9281,0x0800,0x4920,0x9ac1,0x9ae1,0x9ae2,0x8a81,0x7201,0x1860,0x2080,
0xab62,0x7a01,0x71c1,0x7a00,0x2880,0x3080,0x40e0,0x4100,0x61c3,0x28c1,0x0000,0x0000,0x0000,0x0000,0x0000,0x0000,
0x0000,0x0000,0x0000,0x0000,0x0800,0x7201,0xbc24,0xd506,0xdd66,0xdd89,0xe5ea,0xe588,0xd4c6,0xd485,0xcbe2,0xc3a1,
0xb300,0xb341,0xbba2,0xb341,0xab22,0x9aa1,0xc382,0x7a62,0x1020,0x1840,0x3900,0x4101,0x2880,0x0001,0x28c0,0xab61,
0x9281,0x71c1,0x71c0,0x5980,0x4100,0x8260,0x7221,0x69c1,0x4121,0x1020,0x0000,0x0000,0x0000,0x0000,0x0000,0x0000,
0x0000,0x0000,0x0000,0x0000,0x0000,0x2880,0x79c0,0x9ac1,0xa2e1,0x9ac0,0xb361,0xd423,0xcc22,0xcc01,0xcc02,0xc403,
0xbbc3,0xb362,0xb361,0xab21,0xa2c1,0x9281,0x8a40,0xa302,0x38e0,0x1020,0x3900,0x4161,0x59c1,0x8ae1,0x9b01,0x8220,
0x71c1,0x71c0,0x71c0,0x69a1,0x71e1,0x61a1,0x59a1,0x4121,0x1020,0x0000,0x0000,0x0000,0x0000,0x0000,0x0000,0x0000,
0x0000,0x0000,0x0000,0x0000,0x0000,0x0000,0x4920,0x8a81,0x9ae2,0xab62,0xbba2,0xcc23,0xd484,0xd443,0xc3a1,0xcc02,
0xbba2,0xb362,0xb361,0xb321,0xa2c1,0x9281,0x8a61,0x69c0,0x0820,0x2060,0xbc23,0xb3c3,0xab62,0x9aa1,0x71c0,0x69c0,
0x7a01,0x8a62,0x7a01,0x69c1,0x5140,0x38e0,0x4121,0x2080,0x0000,0x0000,0x0000,0x0000,0x0000,0x0000,0x0000,0x0000,
0x0000,0x0000,0x0000,0x0000,0x0000,0x0000,0x0000,0x5140,0x9281,0x9ac2,0x92a1,0xbb60,0xbbc2,0xcc23,0xbbc2,0xbba2,
0xbbc2,0xab21,0xab21,0xab22,0x9ac1,0x9281,0x9260,0x4920,0x0800,0x51a0,0xab42,0x6140,0x79c0,0x81e0,0x8200,0x6180,
0x5960,0x5120,0x2880,0x2060,0x28a0,0x61a0,0x4121,0x0000,0x0000,0x0000,0x0000,0x0000,0x0000,0x0000,0x0000,0x0000,
0x0000,0x0000,0x0000,0x0000,0x0000,0x0000,0x0000,0x0000,0x5160,0x9ac1,0x61c1,0x8220,0xb341,0xab21,0xab62,0xa2e1,
0xab21,0xbb82,0xa2e1,0x9ac1,0x8a61,0x8a40,0x8220,0x2880,0x1840,0x92c1,0x8a61,0x71e1,0x79e0,0x5960,0x30a0,0x4900,
0x48e0,0x5120,0x69c1,0x5160,0x69e1,0x3901,0x0000,0x0000,0x0000,0x0000,0x0000,0x0000,0x0000,0x0000,0x0000,0x0000,
0x0000,0x0000,0x0000,0x0000,0x0000,0x0000,0x0000,0x0000,0x1040,0x4920,0x8a61,0x69a1,0x9aa1,0x9281,0x9ac1,0x92a1,
0x9281,0x9aa1,0x9aa1,0x8a61,0x8241,0x9261,0x4920,0x1000,0x5180,0xa301,0x6180,0x6180,0x69a0,0x2860,0x69e0,0xa301,
0x8221,0x69c1,0x61a1,0x61a2,0x30e1,0x0001,0x0000,0x0000,0x0000,0x0000,0x0000,0x0000,0x0000,0x0000,0x0000,0x0000,
0x0000,0x0000,0x0000,0x0000,0x0000,0x0000,0x0000,0x0000,0x0000,0x0000,0x2060,0x6180,0x7a21,0x7a01,0x8a41,0x8a61,
0x8a61,0x9a81,0x7a00,0x69a0,0x8221,0x71e1,0x1840,0x2060,0xa301,0x8a20,0x6160,0x69c0,0x4100,0x40e0,0x8a40,0x5961,
0x69c1,0x61c1,0x5162,0x1860,0x0000,0x0000,0x0000,0x0000,0x0000,0x0000,0x0000,0x0000,0x0000,0x0000,0x0000,0x0000,
0x0000,0x0000,0x0000,0x0000,0x0000,0x0000,0x0000,0x0000,0x0000,0x0000,0x0000,0x1860,0x3900,0x69e1,0x71e1,0x69a1,
0x6180,0x69a0,0x69c1,0x69c1,0x69c1,0x2060,0x1820,0x8260,0x9261,0x7180,0x71a0,0x5960,0x2860,0x6180,0x5120,0x61a0,
0x5981,0x30e1,0x1040,0x0000,0x0000,0x0000,0x0000,0x0000,0x0000,0x0000,0x0000,0x0000,0x0000,0x0000,0x0000,0x0000,
0x0000,0x0000,0x0000,0x0000,0x0000,0x0000,0x0000,0x0000,0x0000,0x0000,0x0000,0x0000,0x0000,0x2060,0x4121,0x5981,
0x61c1,0x61a1,0x69c1,0x5182,0x1020,0x1820,0x5160,0x8241,0x5961,0x6161,0x6181,0x30c0,0x4100,0x5140,0x5140,0x4121,
0x2080,0x0000,0x0000,0x0000,0x0000,0x0000,0x0000,0x0000,0x0000,0x0000,0x0000,0x0000,0x0000,0x0000,0x0000,0x0000,
0x0000,0x0000,0x0000,0x0000,0x0000,0x0000,0x0000,0x0000,0x0000,0x0000,0x0000,0x0000,0x0000,0x0000,0x0000,0x1860,
0x20a0,0x3901,0x30c0,0x0001,0x30c0,0x69e1,0x7222,0x61c2,0x6a03,0x69e2,0x59a2,0x5181,0x5161,0x30c0,0x1860,0x0000,
0x0000,0x0000,0x0000,0x0000,0x0000,0x0000,0x0000,0x0000,0x0000,0x0000,0x0000,0x0000,0x0000,0x0000,0x0000,0x0000,
0x0000,0x0000,0x0000,0x0000,0x0000,0x0000,0x0000,0x0000,0x0000,0x0000,0x0000,0x0000,0x0000,0x0000,0x0000,0x0000,
0x0000,0x0000,0x0000,0x0820,0x28a0,0x30e1,0x28c1,0x30e1,0x3901,0x20a0,0x1880,0x1020,0x0000,0x0000,0x0000,0x0000,
0x0000,0x0000,0x0000,0x0000,0x0000,0x0000,0x0000,0x0000,0x0000,0x0000,0x0000,0x0000,0x0000,0x0000,0x0000,0x0000,
0x0000,0x0000,0x0000,0x0000,0x0000,0x0000,0x0000,0x0000,0x0000,0x0000,0x0000,0x0000,0x0000,0x0000,0x0000,0x0000,
0x0000,0x0000,0x0000,0x0000,0x0000,0x0000,0x0000,0x0000,0x0000,0x0000,0x0000,0x0000,0x0000,0x0000,0x0000,0x0000,
0x0000,0x0000,0x0000,0x0000,0x0000,0x0000,0x0000,0x0000,0x0000,0x0000,0x0000,0x0000,0x0000,0x0000,0x0000,0x0000,
0x0000,0x0000,0x0000,0x0000,0x0000,0x0000,0x0000,0x0000,0x0000,0x0000,0x0000,0x0000,0x0000,0x0000,0x0000,0x0000,
0x0000,0x0000,0x0000,0x0000,0x0000,0x0000,0x0000,0x0000,0x0000,0x0000,0x0000,0x0000,0x0000,0x0000,0x0000,0x0000,
0x0000,0x0000,0x0000,0x0000,0x0000,0x0000,0x0000,0x0000,0x0000,0x0000,0x0000,0x0000,0x0000,0x0000,0x0000,0x0000,
},
{
0x0000,0x0000,0x0000,0x0000,0x0000,0x0000,0x0000,0x0000,0x0000,0x0000,0x0000,0x0000,0x0000,0x0000,0x0000,0x0000,
0x0000,0x0000,0x0000,0x0000,0x0000,0x0000,0x0000,0x0000,0x0000,0x0000,0x0000,0x0000,0x0000,0x0000,0x0000,0x0000,
0x0000,0x0000,0x0000,0x0000,0x0000,0x0000,0x0000,0x0000,0x0000,0x0000,0x0000,0x0000,0x0000,0x0000,0x0000,0x0000,
0x0000,0x0000,0x0000,0x0000,0x0000,0x0000,0x0000,0x0000,0x0000,0x0000,0x0000,0x0000,0x0000,0x0000,0x0000,0x0000,
0x0000,0x0000,0x0000,0x0000,0x0000,0x0000,0x0000,0x0000,0x0000,0x0000,0x0000,0x0000,0x0000,0x0000,0x0000,0x0000,
0x0000,0x0000,0x0000,0x0000,0x0000,0x0000,0x0000,0x0000,0x0000,0x0000,0x0000,0x0000,0x0000,0x0000,0x0000,0x0000,
0x0000,0x0000,0x0000,0x0000,0x0000,0x0000,0x0000,0x0000,0x0000,0x0000,0x0000,0x0000,0x0000,0x0000,0x0000,0x0000,
0x0000,0x0000,0x0000,0x0000,0x0000,0x0061,0x020a,0x02cd,0x02cd,0x01a8,0x0041,0x0000,0x0000,0x0000,0x0000,0x0000,
0x0000,0x0000,0x0000,0x0000,0x0000,0x0000,0x0000,0x0000,0x0000,0x0000,0x0000,0x0000,0x0000,0x0000,0x0000,0x0000,
0x0000,0x0000,0x0000,0x0000,0x0000,0x0000,0x0000,0x0000,0x0000,0x0000,0x0000,0x0000,0x0000,0x0000,0x0000,0x0000,
0x0000,0x0000,0x3941,0x30c0,0x0083,0x0434,0x56bd,0xbfbf,0x6f9f,0x161b,0x0393,0x00c4,0x2080,0x3101,0x0000,0x0000,
0x0000,0x0000,0x0000,0x0000,0x0000,0x0000,0x0000,0x0000,0x0000,0x0000,0x0000,0x0000,0x0000,0x0000,0x0000,0x0000,
0x0000,0x0000,0x0000,0x0000,0x0000,0x0000,0x0000,0x0000,0x0000,0x0000,0x0000,0x0000,0x0000,0x0000,0x0000,0x0000,
0x1020,0x5180,0x8ae1,0x1880,0x03f4,0x16dd,0xb7de,0xffff,0xb7de,0x1f5d,0x0d9a,0x0352,0x18a1,0x8a81,0x5161,0x1020,
0x0000,0x0000,0x0000,0x0000,0x0000,0x0000,0x0000,0x0000,0x0000,0x0000,0x0000,0x0000,0x0000,0x0000,0x0000,0x0000,
0x0000,0x0000,0x0000,0x0000,0x0000,0x0000,0x0000,0x0000,0x0000,0x0000,0x0000,0x0000,0x0000,0x0000,0x28c0,0x5980,
0x4900,0xbba2,0x61c1,0x0043,0x0cb6,0x061b,0x1f1d,0x577d,0x275d,0x067c,0x0519,0x0bf4,0x00a4,0x7200,0xab21,0x40e0,
0x5140,0x2080,0x0000,0x0000,0x0000,0x0000,0x0000,0x0000,0x0000,0x0000,0x0000,0x0000,0x0000,0x0000,0x0000,0x0000,
0x0000,0x0000,0x0000,0x0000,0x0000,0x0000,0x0000,0x0000,0x0000,0x0000,0x0000,0x0000,0x0000,0x4120,0x8240,0xa2c1,
0x6140,0xbbc3,0xb3e3,0x0800,0x0127,0x0476,0x059a,0x063c,0x05db,0x059b,0x03f5,0x0128,0x0820,0xbbe2,0xb382,0x40c0,
0x9ac1,0x8241,0x4920,0x0000,0x0000,0x0000,0x0000,0x0000,0x0000,0x0000,0x0000,0x0000,0x0000,0x0000,0x0000,0x0000,
0x0000,0x0000,0x0000,0x0000,0x0000,0x0000,0x0000,0x0000,0x0000,0x0000,0x0000,0x0000,0x5980,0x9aa0,0xab01,0xc3e2,
0x8221,0x7a00,0xfe06,0xbca5,0x3941,0x0043,0x00e7,0x020b,0x020b,0x0128,0x0042,0x3100,0xbca4,0xe524,0x69a0,0x71c1,
0xbba2,0xab21,0x9ac1,0x5980,0x2060,0x0000,0x0000,0x0000,0x0000,0x0000,0x0000,0x0000,0x0000,0x0000,0x0000,0x0000,
0x0000,0x0000,0x0000,0x0000,0x0000,0x0000,0x0000,0x0000,0x0000,0x0000,0x1860,0x69e0,0xa2c1,0xab21,0xa321,0xcc22,
0xdce5,0x71a0,0x8a61,0xf5e6,0xff2a,0xd60b,0x9427,0x7305,0x7b66,0x9c05,0xd5ca,0xfe68,0xe564,0x8220,0x69a0,0xc3e2,
0xcc02,0xb342,0xb362,0xb361,0x69e1,0x1860,0x0000,0x0000,0x0000,0x0000,0x0000,0x0000,0x0000,0x0000,0x0000,0x0000,
0x0000,0x0000,0x0000,0x0000,0x0000,0x0000,0x0000,0x0000,0x0000,0x1860,0x69c1,0xa2c1,0xb382,0xbbc2,0xc403,0xdcc3,
0xed44,0xe525,0x9ae2,0x89c0,0xa301,0xcca5,0xe5e9,0xee6c,0xee4b,0xe5c9,0xd4a5,0xa2c1,0x89c0,0x8a61,0xd4c4,0xed04,
0xd463,0xcc03,0xc3c2,0xab41,0xa2c1,0x71e0,0x28a0,0x0000,0x0000,0x0000,0x0000,0x0000,0x0000,0x0000,0x0000,0x0000,
0x0000,0x0000,0x0000,0x0000,0x0000,0x0000,0x0000,0x0000,0x0000,0x5980,0x92a1,0xb362,0xc3e3,0xcc43,0xe503,0xed64,
0xf5a5,0xfe68,0xfe67,0xdd87,0xabc6,0x8a01,0x9200,0x81a0,0x7980,0x9a60,0xa2a1,0xbc04,0xdd87,0xfe88,0xfde5,0xe504,
0xe504,0xdcc4,0xc3e2,0xb381,0xb341,0xa2c1,0x6980,0x0000,0x0000,0x0000,0x0000,0x0000,0x0000,0x0000,0x0000,0x0000,
0x0000,0x0000,0x0000,0x0000,0x0000,0x0000,0x0000,0x0000,0x3900,0x8241,0xb362,0xcc02,0xcc22,0xe4c3,0xf5a5,0xf5c5,
0xfe47,0xfe06,0xfea9,0xff8b,0xffcc,0xffcf,0xee6f,0x81e0,0x8200,0xf6d0,0xfff1,0xffab,0xff4a,0xfe26,0xf5e5,0xf5c5,
0xf585,0xf585,0xcc43,0xc3c2,0xc3c2,0xab02,0x8a20,0x5140,0x0000,0x0000,0x0000,0x0000,0x0000,0x0000,0x0000,0x0000,
0x0000,0x0000,0x0000,0x0000,0x0000,0x0000,0x0000,0x20a0,0x7201,0x9281,0xb362,0xdc82,0xe545,0xe5a6,0xe566,0xfe68,
0xfe47,0xfe26,0xff0a,0xff6a,0xff8c,0xfff4,0xeeb0,0xcb40,0xbb20,0xeed5,0xfff1,0xff8b,0xff2a,0xfe87,0xfe06,0xfde5,
0xf5c6,0xdd25,0xe585,0xe503,0xc3e2,0xc3a2,0x9a80,0x8a20,0x30c0,0x0000,0x0000,0x0000,0x0000,0x0000,0x0000,0x0000,
0x0000,0x0000,0x0000,0x0000,0x0000,0x0000,0x0000,0x5980,0x8a61,0x92a1,0xc3e2,0xc444,0x9282,0x9281,0x8220,0xf649,
0xfe46,0xfec9,0xff6b,0xffaf,0xffd3,0xfff6,0xeeaf,0xbae0,0xaae0,0xeed1,0xfff4,0xff8e,0xff4a,0xff09,0xfe47,0xfe26,
0xdd46,0x6940,0xa301,0x9b22,0xcc63,0xc3e2,0xa2c1,0x9260,0x69e1,0x1840,0x0000,0x0000,0x0000,0x0000,0x0000,0x0000,
0x0000,0x0000,0x0000,0x0000,0x0000,0x0000,0x30c0,0x8220,0x9281,0xa301,0xd4a4,0x8241,0x8200,0xab00,0xa344,0xfeaa,
0xfe67,0xfea8,0xff4a,0xffad,0xffd1,0xfff1,0xe66e,0xaaa0,0xaae1,0xf6d0,0xfff0,0xffad,0xff4a,0xfee9,0xfe46,0xfde5,
0xedc7,0x92a2,0xa280,0x81c0,0x8ac2,0xd443,0xab01,0x8a40,0x7a00,0x30c0,0x0000,0x0000,0x0000,0x0000,0x0000,0x0000,
0x0000,0x0000,0x0000,0x0000,0x0000,0x0000,0x5160,0xaae1,0x9ac1,0xb362,0xcc63,0x82a2,0xaba3,0xd506,0xee29,0xfe06,
0xfe26,0xfe87,0xff4a,0xff8b,0xff8e,0xffce,0xddeb,0x8a00,0x9260,0xee8d,0xffab,0xff6b,0xfec9,0xfe87,0xfe68,0xf5a5,
0xf585,0xe546,0xc445,0xa322,0x71e1,0xcc43,0xab01,0x92a1,0x7a01,0x5141,0x0000,0x0000,0x0000,0x0000,0x0000,0x0000,
0x0000,0x0000,0x0000,0x0000,0x0000,0x1880,0x69c1,0x9aa1,0xab21,0xbba2,0xd463,0xe545,0xed44,0xf565,0xf565,0xf5a5,
0xf5c5,0xfe46,0xfec7,0xff6b,0xff8c,0xffec,0xd5eb,0x79a0,0x8a00,0xee8d,0xffec,0xfec7,0xfe87,0xfe26,0xf5e6,0xf5c5,
0xed04,0xe4e3,0xe4e4,0xdc83,0xcc63,0xbbc2,0xab21,0xab21,0x71e1,0x61c2,0x28c1,0x0000,0x0000,0x0000,0x0000,0x0000,
0x0000,0x0000,0x0000,0x0000,0x0000,0x30c0,0x71e1,0x8a61,0xa2e2,0xbba2,0xcc22,0xcc23,0xd443,0xed04,0xf585,0xfe06,
0xfe87,0xfea8,0xfeea,0xff0c,0xf68c,0xe60c,0xbc67,0x5920,0x6980,0xd54a,0xddeb,0xe609,0xf6a9,0xf668,0xfe89,0xfe47,
0xed24,0xe4e3,0xcc22,0xc3e2,0xcbe1,0xb362,0xb382,0x9a81,0x8221,0x69c2,0x3901,0x0000,0x0000,0x0000,0x0000,0x0000,
0x0000,0x0000,0x0000,0x0000,0x0000,0x5160,0x8220,0x9261,0xa2e2,0xb362,0xc3e2,0xd463,0xe4e3,0xf5a5,0xed86,0xccc5,
0xc485,0xbbc3,0xab23,0xb301,0x9a40,0x7160,0x6140,0x1840,0x2880,0x79a0,0x79a0,0x79e0,0x8a61,0x9ae2,0xc445,0xc485,
0xdd24,0xe544,0xdce3,0xdc82,0xd422,0xb383,0xab22,0x9281,0x8a61,0x71e1,0x5981,0x0000,0x0000,0x0000,0x0000,0x0000,
0x0000,0x0000,0x0000,0x0000,0x2080,0x69c0,0x8a41,0x9281,0xab41,0xc3c2,0xd463,0xc423,0xab82,0x92c2,0x8201,0x6160,
0x5920,0x40e0,0x40e0,0x2880,0x1860,0x1040,0x0820,0x0001,0x0001,0x1040,0x1060,0x1040,0x2880,0x38c0,0x40e0,0x5940,
0x69a0,0x8241,0x9ac1,0xb382,0xcc02,0xcc02,0xb362,0x9ac1,0x79e0,0x79e0,0x61a0,0x2080,0x0000,0x0000,0x0000,0x0000,
0x0000,0x0000,0x0000,0x0000,0x2080,0x71e0,0x8200,0xab42,0xbba2,0xa321,0x7a00,0x5960,0x4900,0x30c0,0x1860,0x0820,
0x0020,0x0001,0x0001,0x0001,0x0001,0x0001,0x0001,0x0820,0x0820,0x0800,0x0001,0x0001,0x0001,0x0001,0x0001,0x0820,
0x0820,0x2080,0x2880,0x4100,0x69a0,0x8220,0x92c1,0x9b01,0x9ae1,0x8220,0x71e1,0x28a0,0x0000,0x0000,0x0000,0x0000,
0x0000,0x0000,0x0000,0x0000,0x1880,0x8a81,0x9282,0x7a21,0x71c0,0x4900,0x2080,0x1040,0x0001,0x0001,0x0001,0x0001,
0x0800,0x0820,0x1040,0x1040,0x0820,0x0820,0x1040,0x1040,0x1040,0x1040,0x1020,0x0820,0x1040,0x1040,0x0820,0x0800,
0x0001,0x0001,0x0001,0x0001,0x1040,0x30a0,0x40e0,0x5120,0x71e1,0x9281,0x8a41,0x20a0,0x0000,0x0000,0x0000,0x0000,
0x0000,0x0000,0x0000,0x0000,0x1860,0x69e1,0x5940,0x38e0,0x2880,0x0820,0x0001,0x0001,0x0820,0x0820,0x0820,0x0820,
0x0820,0x1020,0x1040,0x1040,0x1040,0x1040,0x1040,0x1040,0x1040,0x1040,0x1040,0x1040,0x1040,0x1040,0x1020,0x0820,
0x0820,0x0820,0x0820,0x0800,0x0001,0x0001,0x0001,0x1860,0x40e0,0x6160,0x69c1,0x2080,0x0000,0x0000,0x0000,0x0000,
0x0000,0x0000,0x0000,0x0000,0x0000,0x1840,0x2080,0x1880,0x1040,0x0820,0x0800,0x0820,0x1020,0x0820,0x0820,0x0840,
0x1040,0x1040,0x1840,0x1840,0x1860,0x1860,0x1860,0x1860,0x1860,0x1860,0x1860,0x1860,0x1860,0x1840,0x1040,0x1040,
0x1040,0x0820,0x0820,0x1020,0x1020,0x1020,0x0820,0x0020,0x2080,0x28a0,0x1860,0x0000,0x0000,0x0000,0x0000,0x0000,
0x0000,0x0000,0x0000,0x0000,0x0000,0x0000,0x0000,0x0000,0x0000,0x0000,0x0000,0x1040,0x1020,0x1020,0x1020,0x1040,
0x1840,0x1860,0x1860,0x1860,0x2060,0x2080,0x2080,0x2080,0x2080,0x2080,0x2080,0x2080,0x2060,0x1860,0x1860,0x1860,
0x1040,0x1020,0x1040,0x0820,0x1040,0x0000,0x0000,0x0000,0x0000,0x0000,0x0000,0x0000,0x0000,0x0000,0x0000,0x0000,
0x0000,0x0000,0x0000,0x0000,0x0000,0x0000,0x4960,0x5980,0x3920,0x0000,0x0000,0x28c0,0x1040,0x1040,0x1040,0x1040,
0x1860,0x1860,0x2060,0x2080,0x2080,0x2880,0x28a0,0x28a0,0x30a0,0x28a0,0x28a0,0x2880,0x2080,0x2080,0x1860,0x1860,
0x1860,0x1040,0x1860,0x1860,0x1860,0x0000,0x1840,0x30c0,0x4940,0x4940,0x0000,0x0000,0x0000,0x0000,0x0000,0x0000,
0x0000,0x0000,0x0000,0x0000,0x0000,0x2080,0xa322,0xd442,0xb361,0x7201,0x2080,0x0800,0x1020,0x1040,0x1860,0x1860,
0x2080,0x2080,0x2080,0x2880,0x28a0,0x30c0,0x30c0,0x30c0,0x38c0,0x38c0,0x30c0,0x28a0,0x28a0,0x28a0,0x2080,0x2080,
0x2060,0x2060,0x1860,0x1040,0x0800,0x38e0,0x8a60,0xb381,0xbba1,0x8a61,0x20a0,0x0000,0x0000,0x0000,0x0000,0x0000,
0x0000,0x0000,0x0000,0x0000,0x0000,0x28a0,0x69a1,0x8aa2,0xd483,0xe4c3,0xcc02,0x8a80,0x30e0,0x0800,0x0800,0x1840,
0x2880,0x28c0,0x30c0,0x30e0,0x38e0,0x40e0,0x40e0,0x40e0,0x40e0,0x38e0,0x38e0,0x38e0,0x38e0,0x38e0,0x30c0,0x2080,
0x1840,0x0800,0x0820,0x28a0,0x8ac0,0xe4c2,0xed25,0xc443,0x61a1,0x4921,0x28a0,0x0000,0x0000,0x0000,0x0000,0x0000,
0x0000,0x0000,0x0000,0x0000,0x0000,0x28a0,0x71e1,0x6980,0x8a21,0xb362,0xd4e5,0xfe06,0xed65,0xaba1,0x7a60,0x4960,
0x2880,0x1820,0x1840,0x1840,0x28a0,0x40e0,0x4920,0x4920,0x4100,0x38e0,0x38e0,0x38c0,0x28a0,0x1840,0x1020,0x2060,
0x38e0,0x7a60,0xabc1,0xe523,0xf5c5,0xd4a4,0xab83,0x6980,0x5140,0x61a1,0x28c0,0x0000,0x0000,0x0000,0x0000,0x0000,
0x0000,0x0000,0x0000,0x0000,0x0000,0x2080,0x69a1,0x7a01,0x8a20,0x8200,0x9261,0xb3a3,0xd507,0xedc6,0xfe86,0xfea7,
0xdd65,0xbc41,0x7aa0,0x61e0,0x5180,0x30c0,0x30c0,0x38e0,0x30a0,0x2880,0x30c0,0x4100,0x61a0,0x82e1,0xa3a1,0xe522,
0xf5e5,0xfe46,0xedc7,0xc443,0x9ae2,0x8a20,0x8a00,0x8220,0x71c1,0x61a2,0x2080,0x0000,0x0000,0x0000,0x0000,0x0000,
0x0000,0x0000,0x0000,0x0000,0x0000,0x0000,0x61a1,0x71e1,0x71e1,0x8a61,0x92a1,0xab00,0xab21,0xab22,0xc424,0xccc7,
0xee4e,0xfecc,0xff29,0xff6e,0xfeeb,0xf689,0xbca3,0x4100,0x4920,0xd525,0xf689,0xf68a,0xfec9,0xff4a,0xfeab,0xe5ab,
0xcc85,0xbbe4,0xa2e1,0x8a60,0x8240,0x8a81,0x8a40,0x6980,0x71e2,0x61c2,0x0000,0x0000,0x0000,0x0000,0x0000,0x0000,
0x0000,0x0000,0x0000,0x0000,0x0000,0x0000,0x4920,0x69e1,0x69e2,0x71e1,0xa301,0x8261,0x6160,0x9281,0xb321,0xaae1,
0xab01,0xb362,0xc425,0xcca8,0xdd4a,0xee6f,0xb467,0x71c0,0x8200,0xd529,0xe610,0xdd6d,0xc426,0xbbc5,0xb342,0xaae1,
0xab01,0xa301,0x8221,0x4900,0x4100,0x92c1,0x7a01,0x5141,0x7202,0x4961,0x0000,0x0000,0x0000,0x0000,0x0000,0x0000,
0x0000,0x0000,0x0000,0x0000,0x0000,0x0000,0x30c0,0x7202,0x69e2,0x69c0,0xb341,0x9281,0x61a1,0x7201,0x6120,0x6140,
0x7a01,0xab42,0xc3c1,0xcbc1,0xc380,0xbb61,0x92c1,0x30a0,0x38e0,0xb361,0xb2e0,0xbb20,0xbb61,0xbb81,0xa301,0x8221,
0x6980,0x6140,0x7201,0x71e0,0x8a82,0x9ac1,0x79e1,0x61a1,0x7202,0x2880,0x0000,0x0000,0x0000,0x0000,0x0000,0x0000,
0x0000,0x0000,0x0000,0x0000,0x0000,0x0000,0x2060,0x59a1,0x5161,0x69a0,0xab01,0x8200,0xa302,0xcc84,0xc444,0x9b84,
0x61a1,0x69a0,0xd443,0xc3c2,0xc3c2,0xc3c3,0x9b02,0x38c0,0x4920,0xc443,0xbba3,0xbb83,0xb342,0xc3c2,0x69a0,0x6181,
0xb405,0xcca5,0xc423,0x8a61,0x8aa2,0x9281,0x7a01,0x40e1,0x5140,0x1860,0x0000,0x0000,0x0000,0x0000,0x0000,0x0000,
0x0000,0x0000,0x0000,0x0000,0x0000,0x0000,0x0000,0x4941,0x4100,0x40e0,0x92a1,0x9261,0x8a41,0x9261,0xab22,0xcc43,
0x8ac2,0x6960,0xcc02,0xb362,0xb342,0xbb82,0x92e2,0x38a0,0x4920,0xbbc2,0xb322,0x9ac1,0xa2c1,0xbb82,0x6160,0x9b02,
0xd4a4,0x9ac1,0x8a41,0x7a01,0x8221,0x8241,0x40e0,0x4900,0x4100,0x0000,0x0000,0x0000,0x0000,0x0000,0x0000,0x0000,
0x0000,0x0000,0x0000,0x0000,0x0000,0x0000,0x0000,0x2080,0x61a1,0x5100,0x40c0,0x5940,0x8a61,0x9aa1,0x9ac2,0xa302,
0x8261,0x6140,0xb362,0xab22,0xa2e2,0xab22,0x92c2,0x3080,0x4100,0xbba2,0xa2e2,0x9aa2,0x9aa1,0x9ac1,0x5900,0xa2e1,
0xab01,0x8201,0x8a61,0x8221,0x5140,0x30a0,0x4100,0x69c1,0x2060,0x0000,0x0000,0x0000,0x0000,0x0000,0x0000,0x0000,
0x0000,0x0000,0x0000,0x0000,0x0000,0x0000,0x0000,0x0000,0x4100,0x8a41,0x8a41,0x38a0,0x5120,0xa2c1,0x8a61,0x92c2,
0x9b02,0x5920,0x92a1,0x9ac1,0x92a2,0xa322,0x8a81,0x3080,0x38e0,0xab21,0xa2e2,0x92a2,0x8a81,0x8221,0x40e0,0xab21,
0x9ac2,0x8221,0x8a41,0x5100,0x4100,0x7200,0x71e1,0x38e1,0x0000,0x0000,0x0000,0x0000,0x0000,0x0000,0x0000,0x0000,
0x0000,0x0000,0x0000,0x0000,0x0000,0x0000,0x0000,0x0000,0x2080,0x5961,0x71c1,0x79e0,0x4900,0x9281,0x8221,0x8221,
0xa321,0x5120,0x8241,0x8a61,0x8220,0x9281,0x8a81,0x3060,0x38c0,0x9ac1,0x8201,0x7a00,0x8a41,0x71e1,0x38e0,0x9b01,
0x8221,0x71e1,0x8a41,0x48e0,0x8220,0x69a0,0x4921,0x1040,0x0000,0x0000,0x0000,0x0000,0x0000,0x0000,0x0000,0x0000,
0x0000,0x0000,0x0000,0x0000,0x0000,0x0000,0x0000,0x0000,0x0000,0x30a0,0x61a1,0x69c1,0x40e0,0x71e1,0x7a01,0x71e1,
0x9ac1,0x6160,0x40e0,0x69c1,0x71e1,0x9ac1,0x92a1,0x3060,0x38c0,0x9ac1,0x7a01,0x71e1,0x7a21,0x4920,0x4100,0x8a81,
0x71e1,0x71e2,0x69a0,0x40c0,0x7a00,0x61a2,0x2061,0x0000,0x0000,0x0000,0x0000,0x0000,0x0000,0x0000,0x0000,0x0000,
0x0000,0x0000,0x0000,0x0000,0x0000,0x0000,0x0000,0x0000,0x0000,0x0000,0x30c0,0x69c1,0x69a1,0x6181,0x7a01,0x71c1,
0x8a61,0x8241,0x4100,0x30a0,0x3080,0x48e0,0x5120,0x30a0,0x38c0,0x4900,0x3080,0x2880,0x4100,0x5980,0x7a61,0x7a02,
0x71e2,0x71e2,0x6181,0x6181,0x69e2,0x28a1,0x0000,0x0000,0x0000,0x0000,0x0000,0x0000,0x0000,0x0000,0x0000,0x0000,
0x0000,0x0000,0x0000,0x0000,0x0000,0x0000,0x0000,0x0000,0x0000,0x0000,0x0000,0x2080,0x61a1,0x71e1,0x69c1,0x7a01,
0x8200,0x8221,0x8a61,0x9ae1,0xab21,0x9ae2,0x7221,0x2860,0x30a0,0x8261,0x92e1,0x92c1,0x9ae1,0xa301,0x8241,0x69a2,
0x7a02,0x69c1,0x61a1,0x69e2,0x20a1,0x0000,0x0000,0x0000,0x0000,0x0000,0x0000,0x0000,0x0000,0x0000,0x0000,0x0000,
0x0000,0x0000,0x0000,0x0000,0x0000,0x0000,0x0000,0x0000,0x0000,0x0000,0x0000,0x0000,0x20a0,0x5161,0x4900,0x5120,
0x69a0,0x71c0,0x6980,0x71c0,0x8200,0x8a81,0x7a21,0x1840,0x2060,0x92c1,0x8a41,0x71c0,0x6180,0x79c1,0x69a1,0x5141,
0x5121,0x5160,0x4141,0x1860,0x0000,0x0000,0x0000,0x0000,0x0000,0x0000,0x0000,0x0000,0x0000,0x0000,0x0000,0x0000,
0x0000,0x0000,0x0000,0x0000,0x0000,0x0000,0x0000,0x0000,0x0000,0x0000,0x0000,0x0000,0x0000,0x1860,0x4100,0x6180,
0x4900,0x40e0,0x6180,0x71c0,0x6980,0x71c0,0x6180,0x1020,0x1880,0x79e0,0x6980,0x69a0,0x69a1,0x5140,0x4100,0x5140,
0x5160,0x4120,0x1860,0x0000,0x0000,0x0000,0x0000,0x0000,0x0000,0x0000,0x0000,0x0000,0x0000,0x0000,0x0000,0x0000,
0x0000,0x0000,0x0000,0x0000,0x0000,0x0000,0x0000,0x0000,0x0000,0x0000,0x0000,0x0000,0x0000,0x0000,0x0000,0x30c0,
0x5980,0x61a1,0x61a1,0x7a02,0x59a1,0x61c2,0x5981,0x1040,0x1880,0x61a2,0x61a2,0x69e3,0x6a03,0x61c2,0x7222,0x4940,
0x20a0,0x0000,0x0000,0x0000,0x0000,0x0000,0x0000,0x0000,0x0000,0x0000,0x0000,0x0000,0x0000,0x0000,0x0000,0x0000,
0x0000,0x0000,0x0000,0x0000,0x0000,0x0000,0x0000,0x0000,0x0000,0x0000,0x0000,0x0000,0x0000,0x0000,0x0000,0x0000,
0x0000,0x28c0,0x4141,0x5182,0x61e3,0x6a03,0x59a2,0x0820,0x1060,0x61c2,0x7204,0x61e4,0x51a3,0x3921,0x2080,0x0000,
0x0000,0x0000,0x0000,0x0000,0x0000,0x0000,0x0000,0x0000,0x0000,0x0000,0x0000,0x0000,0x0000,0x0000,0x0000,0x0000,
0x0000,0x0000,0x0000,0x0000,0x0000,0x0000,0x0000,0x0000,0x0000,0x0000,0x0000,0x0000,0x0000,0x0000,0x0000,0x0000,
0x0000,0x0000,0x0000,0x0000,0x1880,0x1880,0x1860,0x0820,0x0820,0x1860,0x2080,0x1860,0x0000,0x0000,0x0000,0x0000,
0x0000,0x0000,0x0000,0x0000,0x0000,0x0000,0x0000,0x0000,0x0000,0x0000,0x0000,0x0000,0x0000,0x0000,0x0000,0x0000,
0x0000,0x0000,0x0000,0x0000,0x0000,0x0000,0x0000,0x0000,0x0000,0x0000,0x0000,0x0000,0x0000,0x0000,0x0000,0x0000,
0x0000,0x0000,0x0000,0x0000,0x0000,0x0000,0x0000,0x0000,0x0000,0x0000,0x0000,0x0000,0x0000,0x0000,0x0000,0x0000,
0x0000,0x0000,0x0000,0x0000,0x0000,0x0000,0x0000,0x0000,0x0000,0x0000,0x0000,0x0000,0x0000,0x0000,0x0000,0x0000,
0x0000,0x0000,0x0000,0x0000,0x0000,0x0000,0x0000,0x0000,0x0000,0x0000,0x0000,0x0000,0x0000,0x0000,0x0000,0x0000,
0x0000,0x0000,0x0000,0x0000,0x0000,0x0000,0x0000,0x0000,0x0000,0x0000,0x0000,0x0000,0x0000,0x0000,0x0000,0x0000,
0x0000,0x0000,0x0000,0x0000,0x0000,0x0000,0x0000,0x0000,0x0000,0x0000,0x0000,0x0000,0x0000,0x0000,0x0000,0x0000,
},
{
0x0000,0x0000,0x0000,0x0000,0x0000,0x0000,0x0000,0x0000,0x0000,0x0000,0x0000,0x0000,0x0000,0x0000,0x0000,0x0000,
0x0000,0x0000,0x0000,0x0000,0x0000,0x0000,0x0000,0x0000,0x0000,0x0000,0x0000,0x0000,0x0000,0x0000,0x0000,0x0000,
0x0000,0x0000,0x0000,0x0000,0x0000,0x0000,0x0000,0x0000,0x0000,0x0000,0x0000,0x0000,0x0000,0x0000,0x0000,0x0000,
0x0000,0x0000,0x0000,0x0000,0x0000,0x0000,0x0000,0x0000,0x0000,0x0000,0x0000,0x0000,0x0000,0x0000,0x0000,0x0000,
0x0000,0x0000,0x0000,0x0000,0x0000,0x0000,0x0000,0x0000,0x0000,0x0000,0x0000,0x0000,0x0000,0x0000,0x0000,0x0000,
0x0000,0x0000,0x0000,0x0000,0x0000,0x0000,0x0000,0x0000,0x0000,0x0000,0x0000,0x0000,0x0000,0x0000,0x0000,0x0000,
0x0000,0x0000,0x0000,0x0000,0x0000,0x0000,0x0000,0x0000,0x0000,0x0000,0x0000,0x0000,0x0000,0x0000,0x0000,0x0000,
0x0000,0x0000,0x0000,0x0000,0x0000,0x0000,0x30c0,0x4940,0x4940,0x40e0,0x40e0,0x59e1,0x7ac2,0x38c0,0x0000,0x0000,
0x0000,0x0000,0x0000,0x0000,0x0000,0x0000,0x0000,0x0000,0x0000,0x0000,0x0000,0x0000,0x0000,0x0000,0x0000,0x0000,
0x0000,0x0000,0x0000,0x0000,0x0000,0x0000,0x0000,0x0000,0x0000,0x0000,0x0000,0x0000,0x0000,0x0000,0x0000,0x0000,
0x0000,0x0000,0x30e0,0x5161,0x6a01,0x9302,0xb3c3,0xcc23,0xe505,0xcc44,0xab63,0x8241,0x69c1,0x8a81,0xaba3,0x9302,
0x61e1,0x28c0,0x0000,0x0000,0x0000,0x0000,0x0000,0x0000,0x0000,0x0000,0x0000,0x0000,0x0000,0x0000,0x0000,0x0000,
0x0000,0x0000,0x0000,0x0000,0x0000,0x0000,0x0000,0x0000,0x0000,0x0000,0x0000,0x0000,0x0000,0x0000,0x0000,0x0000,
0x28c0,0x5980,0x92a1,0xb362,0xcc22,0xd443,0xdca3,0xe524,0xf5e5,0xfe27,0xfe67,0xf5a5,0xcc84,0xed45,0xed24,0xe4c3,
0xcc22,0xab62,0x6a01,0x2880,0x0000,0x0000,0x0000,0x0000,0x0000,0x0000,0x0000,0x0000,0x0000,0x0000,0x0000,0x0000,
0x0000,0x0000,0x0000,0x0000,0x0000,0x0000,0x0000,0x0000,0x0000,0x0000,0x0000,0x0000,0x0000,0x0000,0x0000,0x5160,
0x7a40,0x9ac1,0xb382,0xd483,0xe504,0xed65,0xf606,0xfea7,0xff09,0xfee9,0xfee9,0xfec8,0xfe25,0xf5a5,0xed86,0xe525,
0xdcc3,0xbbc2,0x8a81,0xb3a1,0x8b01,0x28c0,0x0000,0x0000,0x0000,0x0000,0x0000,0x0000,0x0000,0x0000,0x0000,0x0000,
0x0000,0x0000,0x0000,0x0000,0x0000,0x0000,0x0000,0x0000,0x0000,0x0000,0x0000,0x0000,0x0000,0x28c0,0x7201,0xa301,
0xbbc2,0xcc64,0xd4c4,0xd4c5,0xdd27,0xdd87,0xe5e8,0xee8a,0xf750,0xffb3,0xfff0,0xff8c,0xff2a,0xfec9,0xfe48,0xf5c6,
0xed64,0x9ac1,0xed23,0xbbe1,0x30e0,0x0882,0x0062,0x0000,0x0000,0x0000,0x0000,0x0000,0x0000,0x0000,0x0000,0x0000,
0x0000,0x0000,0x0000,0x0000,0x0000,0x0000,0x0000,0x0000,0x0000,0x0000,0x0000,0x0000,0x30e0,0x8a81,0xa2e1,0x92a1,
0x8220,0x79e0,0x71c0,0x71a0,0x8200,0x9241,0xa260,0xb2a0,0xbae0,0xcc23,0xcce9,0xffb1,0xffad,0xff6d,0xff2b,0xfea7,
0xe4e4,0xc425,0xfeea,0x2880,0x014a,0x157a,0x361a,0x030f,0x0000,0x0000,0x0000,0x0000,0x0000,0x0000,0x0000,0x0000,
0x0000,0x0000,0x0000,0x0000,0x0000,0x0000,0x0000,0x0000,0x0000,0x0000,0x0000,0x4140,0x7a41,0x6180,0x5120,0x69a0,
0x9302,0xbc23,0xdd25,0xe585,0xf606,0xf6ca,0xf72d,0xf6ad,0xe54b,0xc320,0xc3c5,0xfff8,0xffd2,0xffcf,0xffac,0xff8b,
0xe545,0xdd4a,0xf751,0x2060,0x0373,0x579f,0xffff,0x57bf,0x0351,0x0000,0x0000,0x0000,0x0000,0x0000,0x0000,0x0000,
0x0000,0x0000,0x0000,0x0000,0x0000,0x0000,0x0000,0x0000,0x0000,0x0000,0x4120,0x5980,0x5140,0x7201,0xa322,0xcc22,
0xe4e3,0xed65,0xf584,0xfde5,0xfe46,0xff49,0xffad,0xfff5,0xee71,0xc2e0,0xee0c,0xfff7,0xffd8,0xffd5,0xffd0,0xffab,
0xee28,0xd464,0xff90,0x4940,0x020c,0x269d,0x6f9d,0x2f9e,0x05fc,0x0168,0x0000,0x0000,0x0000,0x0000,0x0000,0x0000,
0x0000,0x0000,0x0000,0x0000,0x0000,0x0000,0x0000,0x0000,0x0000,0x1040,0x4100,0x61c1,0xa302,0xb362,0xb382,0xbba2,
0xcc23,0xe504,0xf5a6,0xfe26,0xff2a,0xffac,0xff6a,0xfff4,0xd4c7,0xbae0,0xf72e,0xffcc,0xffac,0xffd3,0xffd1,0xff69,
0xff4b,0xbb82,0xf628,0xb4a6,0x0001,0x0373,0x05fc,0x061b,0x055b,0x026e,0x0000,0x0000,0x0000,0x0000,0x0000,0x0000,
0x0000,0x0000,0x0000,0x0000,0x0000,0x0000,0x0000,0x0000,0x1040,0x28c0,0x7201,0x9281,0x9ac1,0xb362,0xc3c2,0xcc43,
0xe504,0xf5a5,0xfec9,0xfee9,0xfea7,0xff08,0xff27,0xff6d,0xcc04,0xd3e2,0xff4d,0xff6b,0xffad,0xffcd,0xff6a,0xff2a,
0xff6a,0xcca4,0xa2c1,0xfeca,0x8323,0x0063,0x02f1,0x0478,0x0418,0x01aa,0x1840,0x0000,0x0000,0x0000,0x0000,0x0000,
0x0000,0x0000,0x0000,0x0000,0x0000,0x0000,0x0000,0x0000,0x4121,0x7201,0x8241,0x8a41,0xa322,0xcc43,0xe505,0xe526,
0xcca4,0xbbc2,0xa344,0xdd89,0xfec9,0xfe67,0xff08,0xf70b,0xb2e1,0xd486,0xff8b,0xff08,0xff4a,0xff6b,0xff4a,0xff4a,
0xfea7,0xfe67,0xab22,0xaac0,0xf5e6,0x9ba3,0x2101,0x00c5,0x00a5,0x28e1,0x92c1,0x1880,0x0000,0x0000,0x0000,0x0000,
0x0000,0x0000,0x0000,0x0000,0x0000,0x0000,0x0000,0x1880,0x59a2,0x69e1,0x8241,0xab62,0xb362,0x92e2,0x8a61,0x81e0,
0x8a20,0x9261,0x89a0,0xd4c6,0xfe68,0xfe27,0xfe87,0xe5e7,0xa240,0xccc8,0xff4b,0xfee8,0xff29,0xff08,0xff08,0xff08,
0xfe67,0xfdc5,0xf5c5,0xb342,0x89e0,0xcc43,0xd4e4,0xbc03,0xbc23,0xdca3,0xa342,0x1880,0x0000,0x0000,0x0000,0x0000,
0x0000,0x0000,0x0000,0x0000,0x0000,0x0000,0x0000,0x4941,0x69e2,0x8a81,0x9ae1,0x61a0,0x4900,0x71e0,0xa302,0xcc84,
0xee2a,0xddcc,0xaaa0,0xf5e7,0xf5a5,0xf5a5,0xfe46,0xd526,0x89a0,0xd4e6,0xfea8,0xfe87,0xfec8,0xfea7,0xfee9,0xff4a,
0xfe46,0xf5a5,0xf584,0xf5a6,0xc3e3,0x81e0,0x71a0,0x9ac1,0xa2e1,0x61c0,0x1840,0x0000,0x0000,0x0000,0x0000,0x0000,
0x0000,0x0000,0x0000,0x0000,0x0000,0x0000,0x2080,0x69e2,0x8a83,0x6160,0x38a0,0x5981,0xa322,0xd464,0xdce4,0xe4e4,
0xed65,0xdcc4,0x81e0,0xed85,0xf565,0xf565,0xfde5,0xc4a5,0x81a0,0xe586,0xfe06,0xfde6,0xfe06,0xfde5,0xfe06,0xfe87,
0xfe47,0xfde6,0xf564,0xed24,0xe504,0xed45,0xdca5,0x8220,0x2060,0x0001,0x0000,0x0000,0x0000,0x0000,0x0000,0x0000,
0x0000,0x0000,0x0000,0x0000,0x0000,0x0000,0x4121,0x71e2,0x40c0,0x69c1,0xa322,0xab42,0xab42,0xbba3,0xd463,0xdc83,
0xed45,0xab63,0x8a61,0xe504,0xd4a3,0xe504,0xf564,0xbbe3,0x7180,0xed86,0xf584,0xed64,0xf5c6,0xfe07,0xed44,0xf585,
0xfe07,0xf5c6,0xed03,0xed23,0xf5c7,0xdc84,0x7221,0x1040,0x0020,0x0000,0x0000,0x0000,0x0000,0x0000,0x0000,0x0000,
0x0000,0x0000,0x0000,0x0000,0x0000,0x1040,0x5961,0x4900,0x8262,0xb362,0xa302,0x9ae1,0xa322,0xbbc3,0xdc83,0xd463,
0xe504,0x9281,0x9ac1,0xe504,0xd463,0xdca4,0xfdc5,0xbba2,0x6140,0xe545,0xed44,0xed65,0xed65,0xf585,0xf585,0xed44,
0xed45,0xf585,0xf5e6,0xdce4,0x82a2,0x30a0,0x0001,0x0840,0x0000,0x0000,0x0000,0x0000,0x0000,0x0000,0x0000,0x0000,
0x0000,0x0000,0x0000,0x0000,0x0000,0x1880,0x38a0,0x5961,0xa322,0x92a2,0xa322,0xb362,0xc3c3,0xc3c3,0xcc03,0xcc23,
0xdcc4,0x8221,0xa302,0xe4e4,0xd484,0xd484,0xbc03,0x9ae1,0x71c0,0xdd04,0xdca3,0xed04,0xe504,0xed24,0xed24,0xed03,
0xf565,0xf5e7,0xbbe4,0x38c0,0x0001,0x0001,0x0000,0x0000,0x0000,0x0000,0x0000,0x0000,0x0000,0x0000,0x0000,0x0000,
0x0000,0x0000,0x0000,0x0000,0x0000,0x30e0,0x4900,0x71e2,0x8a62,0x92c2,0xb362,0x8a61,0x9281,0xcc03,0xc3c2,0xc3c3,
0xc423,0x6160,0x71a0,0x6140,0x5100,0x5920,0x6140,0x6140,0x71e1,0xe504,0xdca3,0xdca3,0xdca4,0xe4c4,0xdcc4,0xed64,
0xdce4,0x7a01,0x2840,0x0001,0x0820,0x0000,0x0000,0x0000,0x0000,0x0000,0x0000,0x0000,0x0000,0x0000,0x0000,0x0000,
0x0000,0x0000,0x0000,0x0000,0x0000,0x4961,0x4921,0x7202,0x7a22,0x8261,0x4900,0x40c0,0x69a1,0xcc03,0xb362,0xbba2,
0xcc43,0x7242,0x92e2,0xab82,0xbc03,0xbc45,0xd507,0xc4a5,0xccc5,0xe4c3,0xdca3,0xd483,0xcc43,0xdcc3,0xed44,0xa362,
0x30a0,0x0800,0x1020,0x1040,0x0000,0x0000,0x0000,0x0000,0x0000,0x0000,0x0000,0x0000,0x0000,0x0000,0x0000,0x0000,
0x0000,0x0000,0x0000,0x0000,0x1040,0x5161,0x40e1,0x7a02,0x71e1,0x92a1,0xb3a3,0x8aa2,0x79e0,0xc3a2,0xab22,0xbb82,
0xcc02,0xdd05,0xdcc4,0xdca3,0xd483,0xd442,0xcc22,0xc402,0xc3c2,0xcc02,0xd443,0xc3e2,0xdca3,0xd483,0x7201,0x1820,
0x0001,0x1040,0x1860,0x0000,0x0000,0x0000,0x0000,0x0000,0x0000,0x0000,0x0000,0x0000,0x0000,0x0000,0x0000,0x0000,
0x0000,0x0000,0x0000,0x0000,0x1020,0x4100,0x4900,0x69c1,0x69c1,0x7a01,0xb362,0x8241,0x7a01,0xbb82,0xab22,0xb362,
0xbb82,0xb362,0xb382,0xc3e2,0xd443,0xdc83,0xdc63,0xc3c2,0xb341,0xb341,0xbb82,0xdc83,0xa362,0x30a0,0x0001,0x1020,
0x1040,0x1040,0x0000,0x0000,0x0000,0x0000,0x0000,0x0000,0x0000,0x0000,0x0000,0x0000,0x0000,0x0000,0x0000,0x0000,
0x0000,0x0000,0x0000,0x0000,0x2080,0x4921,0x38e0,0x71c1,0x71e1,0x8241,0xbba2,0x71e1,0x71e1,0xab22,0xab02,0xb342,
0xb362,0xbba3,0xbbc3,0xa322,0x6a01,0x61a1,0x7201,0xa302,0xcc02,0xc3c3,0xc3e2,0x7a41,0x1020,0x0001,0x1040,0x2060,
0x1040,0x0000,0x0000,0x0000,0x0000,0x0000,0x0000,0x0000,0x0000,0x0000,0x0000,0x0000,0x0000,0x0000,0x0000,0x0000,
0x0000,0x0000,0x0000,0x0000,0x1860,0x61a2,0x38c1,0x2080,0x38c0,0x6180,0x8241,0x4100,0x59a0,0x9ac1,0x9ac2,0xab22,
0xb362,0xb362,0x4920,0x0800,0x2040,0x3080,0x2840,0x1000,0x4920,0xb383,0x4960,0x0001,0x0001,0x1020,0x1840,0x0000,
0x0000,0x0000,0x0000,0x0000,0x0000,0x0000,0x0000,0x0000,0x0000,0x0000,0x0000,0x0000,0x0000,0x0000,0x0000,0x0000,
0x0000,0x0000,0x0000,0x0000,0x1860,0x5161,0x69c2,0x61a1,0x4920,0x40e0,0x38e0,0x2880,0x61a1,0x9ac1,0x9281,0xa301,
0xbb82,0x38e0,0x1020,0x9b22,0xdd46,0xe5ec,0xe5eb,0xab62,0x3880,0x0820,0x0001,0x0001,0x1020,0x1840,0x1020,0x0000,
0x0000,0x0000,0x0000,0x0000,0x0000,0x0000,0x0000,0x0000,0x0000,0x0000,0x0000,0x0000,0x0000,0x0000,0x0000,0x0000,
0x0000,0x0000,0x0000,0x0000,0x1020,0x5161,0x5982,0x5961,0x71c1,0x8a41,0x9281,0x8a61,0x92a1,0x9281,0x8a61,0xb341,
0x7201,0x0800,0xab62,0xf564,0xdca3,0xdca4,0xe567,0xfeed,0xdc63,0x30a0,0x0001,0x0820,0x1040,0x1840,0x4100,0x38c0,
0x0000,0x0000,0x0000,0x0000,0x0000,0x0000,0x0000,0x0000,0x0000,0x0000,0x0000,0x0000,0x0000,0x0000,0x0000,0x0000,
0x0000,0x0000,0x0000,0x0000,0x0001,0x1040,0x4121,0x5981,0x69c1,0x7a00,0x7a00,0x71c0,0x79e0,0x8a61,0x92a1,0xab42,
0x2880,0x5980,0xcc03,0xc3a2,0x9ac2,0x8241,0xab21,0xcc22,0xf5c6,0x92a1,0x0001,0x1040,0x1860,0x1840,0x30c0,0x8220,
0x61a0,0x0000,0x0000,0x0000,0x0000,0x0000,0x0000,0x0000,0x0000,0x0000,0x0000,0x0000,0x0000,0x0000,0x0000,0x0000,
0x0000,0x0000,0x0000,0x0000,0x0000,0x2080,0x1020,0x1040,0x28a0,0x5140,0x5981,0x5980,0x69c1,0x7201,0x8a61,0x8262,
0x2040,0x8a81,0xc3c2,0x92a1,0x6160,0x6180,0x69c1,0xbb82,0xdca4,0xcc24,0x2060,0x1040,0x1860,0x2080,0x1840,0x28a0,
0x9ac0,0xab20,0x28a0,0x0000,0x0000,0x0000,0x0000,0x0000,0x0000,0x0000,0x0000,0x0000,0x0000,0x0000,0x0000,0x0000,
0x0000,0x0000,0x0000,0x0000,0x0000,0x38e1,0x69c2,0x4120,0x30c0,0x2060,0x0800,0x0001,0x0001,0x0800,0x1020,0x1840,
0x1840,0x8a81,0xcc03,0x79e1,0x71e0,0x8a40,0x71c0,0xa302,0xd443,0xbb82,0x2880,0x0001,0x2080,0x2880,0x28a0,0x28a0,
0x38c0,0xa321,0xc3c1,0x5960,0x0000,0x0000,0x0000,0x0000,0x0000,0x0000,0x0000,0x0000,0x0000,0x0000,0x0000,0x0000,
0x0000,0x0000,0x0000,0x0000,0x0000,0x1040,0x61a2,0x7a22,0x8a61,0x7a41,0x7a41,0x7221,0x69e1,0x61c1,0x6a01,0x61e1,
0x2060,0x7201,0xbb62,0xa322,0x6180,0x71e0,0x8221,0xb382,0xc3e2,0x8a61,0x2880,0x4940,0x1020,0x1020,0x30c0,0x38e0,
0x4900,0x38c0,0x7a61,0xdca2,0x8aa1,0x0000,0x0000,0x0000,0x0000,0x0000,0x0000,0x0000,0x0000,0x0000,0x0000,0x0000,
0x0000,0x0000,0x0000,0x0000,0x0000,0x0820,0x4942,0x5162,0x5961,0x6160,0x7a01,0x8a41,0x9aa1,0xab02,0xbb62,0xcc03,
0x30a0,0x3900,0x9ac2,0xab42,0x9b22,0x92e2,0xab42,0xb342,0xbb62,0x5940,0x3080,0xeda6,0xc463,0x4140,0x1820,0x2060,
0x4100,0x5960,0x38a0,0x5181,0xd4c3,0xcc41,0x38c0,0x0000,0x0000,0x0000,0x0000,0x0000,0x0000,0x0000,0x0000,0x0000,
0x0000,0x0000,0x0000,0x0000,0x0000,0x0000,0x28c1,0x59c3,0x5161,0x6180,0x69c1,0x71c1,0x79e1,0x81e0,0x81e1,0x9aa1,
0x7a61,0x0001,0x61a1,0x8261,0x9ac1,0xb362,0xa301,0xa2e1,0x69c0,0x1000,0x92a1,0xcc43,0xdd66,0xfe27,0xbc23,0x59c0,
0x2880,0x30a0,0x4900,0x40e0,0x4100,0xbc42,0xe4e2,0x61c0,0x0000,0x0000,0x0000,0x0000,0x0000,0x0000,0x0000,0x0000,
0x0000,0x0000,0x0000,0x0000,0x0000,0x0000,0x1020,0x4962,0x61c2,0x4900,0x61a0,0x79e0,0x8221,0x8221,0x8221,0x7a01,
0xab42,0x69e1,0x0001,0x28a0,0x61c1,0x8a61,0x69e1,0x30e0,0x0001,0x6a21,0xd443,0x9a60,0x9a61,0xbbc4,0xf62a,0xfeca,
0xd524,0x82a1,0x40e0,0x2880,0x2880,0x2860,0x9322,0xf5a2,0x8b01,0x0000,0x0000,0x0000,0x0000,0x0000,0x0000,0x0000,
0x0000,0x0000,0x0000,0x0000,0x0000,0x0000,0x0000,0x30e1,0x61c2,0x3901,0x30a0,0x4100,0x38c0,0x7a01,0x7a00,0x8221,
0x8a21,0xc3c2,0x82c1,0x20a0,0x0800,0x0800,0x0800,0x0001,0x7241,0xc3e3,0xa2e1,0xa2e1,0xbb62,0xb321,0xaac1,0xc425,
0xee09,0xfeea,0xf628,0xb403,0x59c0,0x2080,0x0800,0x38e0,0xaba1,0xa342,0x4100,0x0000,0x0000,0x0000,0x0000,0x0000,
0x0000,0x0000,0x0000,0x0000,0x0000,0x0000,0x0000,0x1020,0x5182,0x69e2,0x71c0,0x9a80,0x5120,0x61a1,0x71c0,0x71c0,
0x8a21,0x9241,0xab02,0xaba2,0xab82,0xab83,0x4100,0x2040,0x8aa1,0x9281,0x9aa1,0xab21,0xb342,0xb362,0xbb62,0xc381,
0xbb61,0xcc24,0xedc9,0xfeec,0xfeaa,0xdd66,0xbc43,0x7261,0x4960,0xcc21,0xe4c2,0x4120,0x0000,0x0000,0x0000,0x0000,
0x0000,0x0000,0x0000,0x0000,0x0000,0x0000,0x0000,0x0000,0x2080,0x59a2,0x5981,0x71c1,0x79e0,0x4100,0x8221,0x71e1,
0x8a41,0x9261,0x79e1,0x79e1,0x8a41,0xbba2,0x7a21,0x1000,0x5981,0xa2e1,0x9ae2,0xab22,0xb322,0xbb82,0xc3a2,0xc3c2,
0xc3e2,0xcc23,0xcc02,0xd443,0xcc65,0xd4e6,0xede8,0xf607,0xf5e7,0xeda6,0xb403,0x28c0,0x0000,0x0000,0x0000,0x0000,
0x0000,0x0000,0x0000,0x0000,0x0000,0x0000,0x0000,0x0000,0x0000,0x1040,0x4101,0x4900,0x6180,0x2860,0x5961,0x61a1,
0x71e1,0x71e1,0x71e1,0x7a01,0x8221,0x9a81,0xa322,0x2040,0x30c0,0x9ac1,0x8a41,0x9281,0xab22,0xb342,0xc3a2,0xc3e2,
0xbba2,0xc3c2,0xd484,0xdc83,0xcbe2,0xb361,0xb321,0xa2c1,0x8241,0x7201,0x1840,0x0000,0x0000,0x0000,0x0000,0x0000,
0x0000,0x0000,0x0000,0x0000,0x0000,0x0000,0x0000,0x0000,0x0000,0x0820,0x30e1,0x5981,0x5961,0x5940,0x4100,0x38e0,
0x30c0,0x38e0,0x30a0,0x7201,0x8a61,0x8a41,0xb362,0x30e0,0x1020,0x7a21,0x9260,0x8a41,0xa2c2,0xaae1,0xaae1,0xc3a2,
0xc3c2,0xc3e2,0xd443,0xbba2,0xb362,0xab42,0xab21,0x9281,0x71e0,0x28a0,0x0000,0x0000,0x0000,0x0000,0x0000,0x0000,
0x0000,0x0000,0x0000,0x0000,0x0000,0x0000,0x0000,0x0000,0x0000,0x0000,0x0820,0x4961,0x7202,0x69a1,0x71e1,0x7a00,
0x8241,0x9ae2,0x40e0,0x69a1,0x8a20,0x79e0,0x9ac1,0x59a0,0x0001,0x5140,0xa2a1,0x8201,0x8a41,0xa2c1,0xb321,0xb341,
0xb362,0xbba2,0xab22,0xb342,0x8a61,0x7a01,0x9260,0x69c1,0x2080,0x0000,0x0000,0x0000,0x0000,0x0000,0x0000,0x0000,
0x0000,0x0000,0x0000,0x0000,0x0000,0x0000,0x0000,0x0000,0x0000,0x0000,0x0000,0x0820,0x3901,0x5162,0x61a2,0x5961,
0x6181,0x71c1,0x69a0,0x40e0,0x8200,0x7a01,0x8221,0x9281,0x2080,0x2060,0x8a41,0x8221,0x9261,0xa2e1,0x9ac1,0x9281,
0xa2e2,0xb322,0xa2e2,0x7a21,0x5981,0x8a61,0x61a1,0x2060,0x0000,0x0000,0x0000,0x0000,0x0000,0x0000,0x0000,0x0000,
0x0000,0x0000,0x0000,0x0000,0x0000,0x0000,0x0000,0x0000,0x0000,0x0000,0x0000,0x0000,0x0000,0x1860,0x4962,0x5981,
0x5961,0x6160,0x79e0,0x38c0,0x5140,0x71e0,0x6160,0x8a41,0x69e1,0x0800,0x30c0,0x9261,0x79e0,0x71c0,0x79e1,0x8a41,
0x92a2,0x9261,0x8a81,0x71e0,0x71e0,0x38c0,0x0000,0x0000,0x0000,0x0000,0x0000,0x0000,0x0000,0x0000,0x0000,0x0000,
0x0000,0x0000,0x0000,0x0000,0x0000,0x0000,0x0000,0x0000,0x0000,0x0000,0x0000,0x0000,0x0000,0x0000,0x1020,0x38e1,
0x4920,0x5920,0x4900,0x4900,0x2880,0x6180,0x6980,0x6160,0x9281,0x4100,0x0800,0x4121,0x71e1,0x5961,0x61a1,0x69a1,
0x71c0,0x71e1,0x69c1,0x4920,0x2080,0x0000,0x0000,0x0000,0x0000,0x0000,0x0000,0x0000,0x0000,0x0000,0x0000,0x0000,
0x0000,0x0000,0x0000,0x0000,0x0000,0x0000,0x0000,0x0000,0x0000,0x0000,0x0000,0x0000,0x0000,0x0000,0x0000,0x0000,
0x2060,0x4100,0x5961,0x69c1,0x4920,0x4100,0x79e0,0x6160,0x61a1,0x8221,0x2880,0x0001,0x38e1,0x61a1,0x71e1,0x7201,
0x61a1,0x4120,0x1860,0x0000,0x0000,0x0000,0x0000,0x0000,0x0000,0x0000,0x0000,0x0000,0x0000,0x0000,0x0000,0x0000,
0x0000,0x0000,0x0000,0x0000,0x0000,0x0000,0x0000,0x0000,0x0000,0x0000,0x0000,0x0000,0x0000,0x0000,0x0000,0x0000,
0x0000,0x0000,0x1040,0x28a0,0x4121,0x5161,0x61a1,0x61c2,0x59c4,0x69e3,0x61c1,0x28a0,0x0001,0x1040,0x38e1,0x30c0,
0x1860,0x0000,0x0000,0x0000,0x0000,0x0000,0x0000,0x0000,0x0000,0x0000,0x0000,0x0000,0x0000,0x0000,0x0000,0x0000,
0x0000,0x0000,0x0000,0x0000,0x0000,0x0000,0x0000,0x0000,0x0000,0x0000,0x0000,0x0000,0x0000,0x0000,0x0000,0x0000,
0x0000,0x0000,0x0000,0x0000,0x0000,0x1020,0x1860,0x1860,0x1881,0x1880,0x2080,0x1860,0x1020,0x0000,0x0000,0x0000,
0x0000,0x0000,0x0000,0x0000,0x0000,0x0000,0x0000,0x0000,0x0000,0x0000,0x0000,0x0000,0x0000,0x0000,0x0000,0x0000,
0x0000,0x0000,0x0000,0x0000,0x0000,0x0000,0x0000,0x0000,0x0000,0x0000,0x0000,0x0000,0x0000,0x0000,0x0000,0x0000,
0x0000,0x0000,0x0000,0x0000,0x0000,0x0000,0x0000,0x0000,0x0000,0x0000,0x0000,0x0000,0x0000,0x0000,0x0000,0x0000,
0x0000,0x0000,0x0000,0x0000,0x0000,0x0000,0x0000,0x0000,0x0000,0x0000,0x0000,0x0000,0x0000,0x0000,0x0000,0x0000,
0x0000,0x0000,0x0000,0x0000,0x0000,0x0000,0x0000,0x0000,0x0000,0x0000,0x0000,0x0000,0x0000,0x0000,0x0000,0x0000,
0x0000,0x0000,0x0000,0x0000,0x0000,0x0000,0x0000,0x0000,0x0000,0x0000,0x0000,0x0000,0x0000,0x0000,0x0000,0x0000,
0x0000,0x0000,0x0000,0x0000,0x0000,0x0000,0x0000,0x0000,0x0000,0x0000,0x0000,0x0000,0x0000,0x0000,0x0000,0x0000,
},
{
0x0000,0x0000,0x0000,0x0000,0x0000,0x0000,0x0000,0x0000,0x0000,0x0000,0x0000,0x0000,0x0000,0x0000,0x0000,0x0000,
0x0000,0x0000,0x0000,0x0000,0x0000,0x0000,0x0000,0x0000,0x0000,0x0000,0x0000,0x0000,0x0000,0x0000,0x0000,0x0000,
0x0000,0x0000,0x0000,0x0000,0x0000,0x0000,0x0000,0x0000,0x0000,0x0000,0x0000,0x0000,0x0000,0x0000,0x0000,0x0000,
0x0000,0x0000,0x0000,0x0000,0x0000,0x0000,0x0000,0x0000,0x0000,0x0000,0x0000,0x0000,0x0000,0x0000,0x0000,0x0000,
0x0000,0x0000,0x0000,0x0000,0x0000,0x0000,0x0000,0x0000,0x0000,0x0000,0x0000,0x0000,0x0000,0x0000,0x0000,0x0000,
0x0000,0x0000,0x0000,0x0000,0x0000,0x0000,0x0000,0x0000,0x0000,0x0000,0x0000,0x0000,0x0000,0x0000,0x0000,0x0000,
0x0000,0x0000,0x0000,0x0000,0x0000,0x0000,0x0000,0x0000,0x0000,0x0000,0x0000,0x0000,0x0000,0x0000,0x0000,0x0000,
0x0000,0x0000,0x0000,0x0000,0x0000,0x0000,0x4121,0x3900,0x3100,0x28c0,0x0000,0x0000,0x0000,0x0000,0x0000,0x0000,
0x0000,0x0000,0x0000,0x0000,0x0000,0x0000,0x0000,0x0000,0x0000,0x0000,0x0000,0x0000,0x0000,0x0000,0x0000,0x0000,
0x0000,0x0000,0x0000,0x0000,0x0000,0x0000,0x0000,0x0000,0x0000,0x0000,0x0000,0x0000,0x0000,0x0000,0x0000,0x0000,
0x0000,0x0000,0x0000,0x0000,0x0820,0x5161,0xa302,0x8a81,0x8a61,0x8a81,0x38e0,0x1860,0x0000,0x0000,0x0000,0x0000,
0x0000,0x0000,0x0000,0x0000,0x0000,0x0000,0x0000,0x0000,0x0000,0x0000,0x0000,0x0000,0x0000,0x0000,0x0000,0x0000,
0x0000,0x0000,0x0000,0x0000,0x0000,0x0000,0x0000,0x0000,0x0000,0x0000,0x0000,0x0000,0x0000,0x0000,0x0000,0x0000,
0x2080,0x4121,0x61c1,0x8a81,0x30a0,0x6a01,0xbba3,0xab22,0xa322,0xbba3,0x4920,0x38c0,0x8261,0x5980,0x4100,0x0000,
0x0000,0x0000,0x0000,0x0000,0x0000,0x0000,0x0000,0x0000,0x0000,0x0000,0x0000,0x0000,0x0000,0x0000,0x0000,0x0000,
0x0000,0x0000,0x0000,0x0000,0x0000,0x0000,0x0000,0x0000,0x0000,0x0000,0x0000,0x0000,0x0000,0x0000,0x30c0,0x61c1,
0x7201,0x8a82,0xab22,0xbbc3,0x4900,0x8281,0xd463,0xcc23,0xcc43,0xd484,0x6180,0x4920,0xab42,0x9ac1,0x9aa1,0x7201,
0x5160,0x2080,0x0000,0x0000,0x0000,0x0000,0x0000,0x0000,0x0000,0x0000,0x0000,0x0000,0x0000,0x0000,0x0000,0x0000,
0x0000,0x0000,0x0000,0x0000,0x0000,0x0000,0x0000,0x0000,0x0000,0x0000,0x0000,0x0000,0x0000,0x3900,0x8261,0x71c1,
0x69c1,0xab42,0xbba3,0xcc64,0x5920,0xa363,0xed44,0xdce4,0xe505,0xe525,0x7a62,0x5140,0xc424,0xb362,0xb362,0x6180,
0x6180,0x7201,0x38e0,0x0000,0x0000,0x0000,0x0000,0x0000,0x0000,0x0000,0x0000,0x0000,0x0000,0x0000,0x0000,0x0000,
0x0000,0x0000,0x0000,0x0000,0x0000,0x0000,0x0000,0x0000,0x0000,0x0000,0x0000,0x2080,0x59a1,0x8241,0xbba2,0x8221,
0x8a61,0xcc43,0xd484,0xd4e5,0x6960,0xbc04,0xfde6,0xf586,0xf586,0xfde6,0x9322,0x79e0,0xdce5,0xcc03,0xcc23,0x71e1,
0x8241,0xa322,0x8241,0x61a1,0x1860,0x0000,0x0000,0x0000,0x0000,0x0000,0x0000,0x0000,0x0000,0x0000,0x0000,0x0000,
0x0000,0x0000,0x0000,0x0000,0x0000,0x0000,0x0000,0x0000,0x0000,0x0000,0x2080,0x7201,0x92a2,0xab62,0xe545,0x8a82,
0xa343,0xed65,0xed24,0xe566,0x81c0,0xcca5,0xfea8,0xfe27,0xfe07,0xfe67,0xb3a3,0x8a21,0xedc6,0xdca3,0xdca4,0x8242,
0x8261,0xdd25,0xb383,0x92a2,0x61a1,0x2080,0x0000,0x0000,0x0000,0x0000,0x0000,0x0000,0x0000,0x0000,0x0000,0x0000,
0x0000,0x0000,0x0000,0x0000,0x0000,0x0000,0x0000,0x0000,0x0000,0x2080,0x61c1,0xa2e2,0xcc43,0xc444,0x8a61,0x6120,
0xc486,0xfe06,0xf5c5,0xe5e8,0x9240,0xdd68,0xff2a,0xfec8,0xfea8,0xff09,0xc464,0xa281,0xee09,0xf563,0xed24,0xab83,
0x6940,0xa2c1,0xc3e2,0xb362,0x8221,0x5981,0x1860,0x0000,0x0000,0x0000,0x0000,0x0000,0x0000,0x0000,0x0000,0x0000,
0x0000,0x0000,0x0000,0x0000,0x0000,0x0000,0x0000,0x0000,0x2080,0x5981,0x92c2,0xbbc2,0x92c2,0x92c1,0x9b02,0xbc25,
0xf5c7,0xf5e6,0xfee9,0xe64a,0xa280,0xe5ca,0xffae,0xff4a,0xff2a,0xff6b,0xd4e6,0xaaa1,0xee4b,0xfde4,0xed24,0xe504,
0xd484,0xbbc3,0x8201,0x79c0,0xa302,0x8a61,0x5161,0x0000,0x0000,0x0000,0x0000,0x0000,0x0000,0x0000,0x0000,0x0000,
0x0000,0x0000,0x0000,0x0000,0x0000,0x0000,0x0000,0x0000,0x4941,0x92c2,0x9ae1,0x6980,0x8201,0xdce4,0xed65,0xed65,
0xed63,0xfec9,0xffd0,0xe6b0,0xa260,0xe5ac,0xfff0,0xff6a,0xff6a,0xffee,0xdd28,0xb2e1,0xf6cd,0xfec8,0xfe07,0xe4c3,
0xe4e4,0xdca4,0xc3c2,0x71a0,0x79c0,0xa302,0x8a61,0x4101,0x0000,0x0000,0x0000,0x0000,0x0000,0x0000,0x0000,0x0000,
0x0000,0x0000,0x0000,0x0000,0x0000,0x0000,0x0000,0x28a0,0x8262,0x9b02,0x71c1,0x6960,0xdca3,0xdca4,0xe4e4,0xfe46,
0xff29,0xf6ed,0xe56a,0xc3a4,0xc2a0,0xe56d,0xfff4,0xff8d,0xff8b,0xffee,0xd4e8,0xa200,0xc383,0xd4c6,0xf64b,0xfe89,
0xe524,0xc3c2,0xb382,0xc3c2,0x81c0,0x79c1,0x9ac2,0x7a21,0x28c0,0x0000,0x0000,0x0000,0x0000,0x0000,0x0000,0x0000,
0x0000,0x0000,0x0000,0x0000,0x0000,0x0000,0x1840,0x59a1,0x8a82,0x8262,0xb383,0x7160,0xcc23,0xe4c3,0xfe6a,0xee0a,
0xc3c4,0xaa40,0xbac1,0xd425,0xe56b,0xf712,0xffb0,0xffae,0xffae,0xffab,0xee6a,0xccc7,0xbbc4,0xa280,0x9a40,0xb384,
0xe566,0xe524,0xc3c2,0xb362,0x79c0,0xbb83,0x7a01,0x8a81,0x5161,0x0000,0x0000,0x0000,0x0000,0x0000,0x0000,0x0000,
0x0000,0x0000,0x0000,0x0000,0x0000,0x0000,0x30c0,0x7a21,0x6181,0x9ae2,0xcc23,0x7180,0xab42,0xf648,0xcc65,0xa220,
0xa2c2,0xd507,0xff2d,0xfff1,0xfff7,0xfff7,0xff8d,0xffad,0xffac,0xff6b,0xff49,0xff4a,0xff2a,0xf669,0xcc84,0x9260,
0x89e0,0xc404,0xed85,0xab22,0x79c0,0xd464,0x8a21,0x69c1,0x69c1,0x28a0,0x0000,0x0000,0x0000,0x0000,0x0000,0x0000,
0x0000,0x0000,0x0000,0x0000,0x0000,0x0000,0x5140,0x69c1,0x69c1,0xab62,0xcc43,0xb383,0x8a00,0x9ae2,0x89e0,0xdd27,
0xfeeb,0xff4a,0xff4a,0xffae,0xffda,0xfffb,0xffd0,0xffcf,0xffac,0xff2a,0xfee9,0xfea8,0xfe47,0xfe26,0xfe47,0xf5e6,
0xbc04,0x8180,0xab42,0x8a20,0xb3a4,0xcc44,0x9aa1,0x69a0,0x6181,0x5161,0x0000,0x0000,0x0000,0x0000,0x0000,0x0000,
0x0000,0x0000,0x0000,0x0000,0x0000,0x28a0,0x5161,0x61a1,0x92a1,0xb382,0xbbc2,0xedc8,0x9a61,0x8a20,0xe546,0xfea8,
0xfe47,0xfe88,0xff2b,0xff8c,0xffcf,0xffd1,0xffcf,0xff8d,0xff6b,0xfee8,0xfee9,0xfe88,0xfe67,0xf5e6,0xf5c6,0xe504,
0xed23,0xd4c5,0x8a20,0xa2c1,0xdd06,0xab22,0xab22,0x7a01,0x5121,0x6181,0x2080,0x0000,0x0000,0x0000,0x0000,0x0000,
0x0000,0x0000,0x0000,0x0000,0x0000,0x4120,0x5960,0x5961,0xab42,0xab42,0xd483,0xa2c2,0x9a40,0xed65,0xf5c5,0xf5a5,
0xfe68,0xfe88,0xfec9,0xff0a,0xff8c,0xfff0,0xffce,0xffcd,0xff8c,0xff09,0xfe47,0xfe47,0xfe27,0xf5c6,0xf5a6,0xe524,
0xdca3,0xdca3,0xe525,0x9261,0xa2e1,0xc403,0x9ac1,0x9281,0x4920,0x5120,0x4121,0x0000,0x0000,0x0000,0x0000,0x0000,
0x0000,0x0000,0x0000,0x0000,0x1040,0x59a1,0x5140,0x8a61,0x9aa1,0xbbc2,0xab42,0x7160,0xdcc4,0xed24,0xed65,0xed84,
0xf607,0xfe48,0xfe88,0xfec9,0xff49,0xf70a,0xf648,0xe566,0xdd46,0xede7,0xfe68,0xfea7,0xfde5,0xf5a5,0xe504,0xed86,
0xed45,0xdc83,0xdcc3,0xc3e3,0x71a0,0xb362,0xa301,0x8a41,0x5960,0x5120,0x5981,0x0000,0x0000,0x0000,0x0000,0x0000,
0x0000,0x0000,0x0000,0x0000,0x1860,0x61c2,0x69c1,0x8220,0x9281,0xb362,0x6160,0xbbc3,0xe503,0xe4e4,0xed44,0xed65,
0xf5a5,0xf5e6,0xfe89,0xfe89,0xc423,0xc381,0xe548,0xedeb,0xe547,0xcc02,0xab41,0xc423,0xfdc5,0xf585,0xed45,0xed45,
0xdca3,0xdc83,0xcc23,0xcc23,0x9ae1,0x71c0,0xab62,0x7a01,0x71c1,0x69a1,0x5981,0x1060,0x0000,0x0000,0x0000,0x0000,
0x0000,0x0000,0x0000,0x0000,0x3101,0x59a3,0x69c1,0x69a0,0x9281,0x9281,0x69c0,0xdcc3,0xd462,0xe4e4,0xe504,0xe524,
0xed85,0xfe06,0xed86,0xbb61,0xdd46,0xffd1,0xfff7,0xeecf,0xee49,0xfea8,0xfe48,0xab42,0x9aa1,0xed45,0xed66,0xdcc4,
0xdcc3,0xd4a3,0xc3c2,0xbb62,0xc3a2,0x6160,0x92c2,0x8241,0x71c1,0x69a0,0x5182,0x30e1,0x0000,0x0000,0x0000,0x0000,
0x0000,0x0000,0x0000,0x0000,0x1880,0x61a2,0x5960,0x69a0,0x9ac1,0x6160,0xab42,0xcc02,0xc3e2,0xdca4,0xdca3,0xe504,
0xed24,0xed65,0xab21,0xede8,0xfee9,0x9384,0x4120,0x1840,0x1040,0x4120,0xac45,0xfec8,0xc3e2,0x9ac1,0xed46,0xd483,
0xdca3,0xd4a3,0xc3e1,0xb362,0xb362,0x8241,0x71e1,0x92a1,0x69c1,0x5961,0x59a2,0x1880,0x0000,0x0000,0x0000,0x0000,
0x0000,0x0000,0x0000,0x0000,0x0820,0x30c0,0x69c1,0x71c0,0x9a81,0x6160,0xc3c2,0xbb82,0xb382,0xd4a5,0xd484,0xdcc4,
0xf565,0xb382,0xcc44,0xfe89,0x4980,0x0001,0x02ef,0x0cb6,0x0414,0x022d,0x0021,0x6a21,0xfde5,0xa2c1,0xb342,0xe4c4,
0xcc43,0xcc23,0xc3c2,0xbb62,0xab22,0xa2e2,0x5940,0x9ae2,0x69e2,0x7202,0x30c0,0x1840,0x0000,0x0000,0x0000,0x0000,
0x0000,0x0000,0x0000,0x0000,0x2080,0x28a0,0x30c0,0x8a41,0x8a20,0x79e1,0xb342,0xab22,0xb383,0xc403,0xcc43,0xd463,
0xdcc4,0x9ae1,0xfde6,0x9322,0x0001,0x0c95,0x7fff,0xdfff,0x679e,0x0e7d,0x0311,0x0001,0xb3e3,0xd463,0x8221,0xdc84,
0xc3e2,0xc3c2,0xab42,0xbba3,0xab22,0xa302,0x69a0,0x9281,0x7a42,0x30c0,0x30a0,0x30a0,0x0000,0x0000,0x0000,0x0000,
0x0000,0x0000,0x0000,0x0000,0x0000,0x38e0,0x1040,0x28a0,0x8220,0xa302,0xab22,0x9ac2,0xa322,0xb382,0xcc23,0xd463,
0xc404,0x8a40,0xed65,0x4140,0x01aa,0x16df,0x9fde,0xffde,0x87fe,0x175d,0x04d9,0x00a6,0x6a00,0xdca4,0x69a0,0xb3a3,
0xbbc2,0xb382,0xb362,0xab22,0x9ac2,0x92a2,0x9ac1,0x8a61,0x1880,0x0800,0x30c0,0x0000,0x0000,0x0000,0x0000,0x0000,
0x0000,0x0000,0x0000,0x0000,0x0000,0x0000,0x1860,0x0001,0x1020,0x69c1,0xa302,0xa302,0x9ae2,0xab42,0xc3c3,0xcc03,
0xb362,0x8a40,0xcc43,0x2080,0x022d,0x063d,0x26fd,0x67bd,0x377d,0x067c,0x055c,0x01ed,0x4920,0xcc64,0x5940,0xa343,
0xb382,0xa302,0x92a1,0xa2e1,0xab01,0x8a81,0x59a0,0x0820,0x0820,0x1860,0x0000,0x0000,0x0000,0x0000,0x0000,0x0000,
0x0000,0x0000,0x0000,0x0000,0x0000,0x0000,0x0000,0x1020,0x0001,0x0001,0x2080,0x69e1,0xab22,0xc3c2,0xbb82,0xab21,
0xab42,0x79e0,0xd483,0x51c1,0x0107,0x04b9,0x061c,0x067c,0x061b,0x0e1c,0x0cdb,0x00a7,0x7ac3,0xc424,0x5940,0xa322,
0xab21,0xab42,0xb342,0xab22,0x7a21,0x1860,0x0001,0x0001,0x1840,0x0000,0x0000,0x0000,0x0000,0x0000,0x0000,0x0000,
0x0000,0x0000,0x0000,0x0000,0x0000,0x0000,0x4120,0x8220,0x38c0,0x0820,0x0001,0x0001,0x28a0,0x8241,0xbb82,0xbba2,
0xc3e2,0x8241,0xa302,0xa383,0x0001,0x02af,0x061e,0x0ebf,0x0e5d,0x15bc,0x022f,0x0820,0xbc65,0x8a61,0x69c0,0xc3e2,
0xc3c2,0xab22,0x69c1,0x28c0,0x0001,0x0001,0x1040,0x4920,0x71e0,0x1860,0x0000,0x0000,0x0000,0x0000,0x0000,0x0000,
0x0000,0x0000,0x0000,0x0000,0x0000,0x0000,0x38e0,0xab42,0xab41,0x5940,0x1040,0x0001,0x0001,0x0001,0x1860,0x4940,
0x92c2,0xa322,0x71e1,0xc403,0x7ac2,0x0001,0x0149,0x0331,0x0311,0x00e7,0x1040,0xa445,0xc402,0x5940,0x92c1,0x92a1,
0x5960,0x1040,0x0001,0x0001,0x0001,0x1860,0x5960,0xbba1,0x92c1,0x1020,0x0000,0x0000,0x0000,0x0000,0x0000,0x0000,
0x0000,0x0000,0x0000,0x0000,0x0000,0x0000,0x1860,0x5161,0xa383,0xb3c2,0x5940,0x1040,0x0001,0x0820,0x0001,0x0001,
0x0001,0x2060,0x28a0,0x5981,0xcc22,0xb422,0x6a61,0x3940,0x3100,0x6a82,0xc4c5,0xbbc2,0x38c0,0x1860,0x1840,0x0001,
0x0001,0x0001,0x0820,0x0800,0x2060,0x71c0,0xb3c3,0x9ac1,0x4900,0x1040,0x0000,0x0000,0x0000,0x0000,0x0000,0x0000,
0x0000,0x0000,0x0000,0x0000,0x0000,0x0000,0x0000,0x4941,0x5961,0x9b83,0xab61,0x69a0,0x0840,0x0820,0x0820,0x0820,
0x0820,0x0820,0x0001,0x0001,0x28c0,0x92c1,0xd4c3,0xe566,0xd4e5,0xbbc2,0x8240,0x2880,0x0001,0x0001,0x0001,0x0820,
0x0820,0x0001,0x0001,0x1860,0x9aa0,0xcc64,0x8ae3,0x5940,0x4120,0x0000,0x0000,0x0000,0x0000,0x0000,0x0000,0x0000,
0x0000,0x0000,0x0000,0x0000,0x0000,0x0000,0x0000,0x30e1,0x61a1,0x5100,0xb3e3,0xc3c2,0x71c0,0x0001,0x0820,0x0820,
0x0820,0x1040,0x1040,0x0820,0x0001,0x0001,0x2060,0x30a0,0x2880,0x1840,0x0001,0x0001,0x0820,0x0820,0x0820,0x0820,
0x0820,0x0001,0x0001,0x8200,0xd441,0xa362,0x48e0,0x61c1,0x1860,0x0000,0x0000,0x0000,0x0000,0x0000,0x0000,0x0000,
0x0000,0x0000,0x0000,0x0000,0x0000,0x0000,0x0000,0x2080,0x59a1,0x6181,0x6181,0xd546,0xd442,0x69c0,0x0001,0x1040,
0x1040,0x1040,0x1040,0x1040,0x1040,0x1040,0x0820,0x0820,0x0820,0x0820,0x1040,0x1040,0x0820,0x1020,0x1020,0x1040,
0x0820,0x0020,0x7a40,0xdcc3,0xbc45,0x6140,0x4920,0x4961,0x1020,0x0000,0x0000,0x0000,0x0000,0x0000,0x0000,0x0000,
0x0000,0x0000,0x0000,0x0000,0x0000,0x0000,0x0000,0x0000,0x4921,0x69c1,0x6980,0x8a61,0xe564,0xd3e1,0x4920,0x0001,
0x1860,0x1040,0x1040,0x1860,0x1860,0x1860,0x1860,0x2080,0x1860,0x1860,0x1860,0x1840,0x1040,0x1040,0x1040,0x1860,
0x0800,0x7241,0xdc61,0xd568,0x8201,0x5940,0x61a1,0x30e1,0x0000,0x0000,0x0000,0x0000,0x0000,0x0000,0x0000,0x0000,
0x0000,0x0000,0x0000,0x0000,0x0000,0x0000,0x0000,0x0000,0x28a0,0x5961,0x71c1,0x79c0,0x9303,0xee08,0xcbe1,0x3901,
0x0800,0x1860,0x1860,0x1860,0x2080,0x2080,0x2080,0x2080,0x2080,0x2080,0x2060,0x1860,0x1860,0x1040,0x1860,0x0001,
0x5181,0xdc82,0xdd68,0x9281,0x71a0,0x69c2,0x5161,0x1840,0x0000,0x0000,0x0000,0x0000,0x0000,0x0000,0x0000,0x0000,
0x0000,0x0000,0x0000,0x0000,0x0000,0x0000,0x0000,0x0000,0x0000,0x30a0,0x6181,0x8221,0x6960,0x9385,0xedc6,0xd421,
0x3921,0x0820,0x2080,0x2080,0x2880,0x2880,0x28a0,0x28a0,0x28a0,0x28a0,0x28a0,0x2080,0x2080,0x2080,0x0001,0x3900,
0xdc82,0xeda7,0x92c3,0x79a0,0x71c1,0x6181,0x28c0,0x0000,0x0000,0x0000,0x0000,0x0000,0x0000,0x0000,0x0000,0x0000,
0x0000,0x0000,0x0000,0x0000,0x0000,0x0000,0x0000,0x0000,0x0000,0x2060,0x5140,0x7a01,0x71e0,0x6960,0xb405,0xf5e6,
0xcc21,0x28c1,0x1040,0x28a0,0x28a0,0x30a0,0x28a0,0x30c0,0x30c0,0x30c0,0x28c0,0x28a0,0x30e0,0x0820,0x3920,0xd421,
0xf627,0x9b03,0x7180,0x8221,0x69c1,0x3900,0x1860,0x0000,0x0000,0x0000,0x0000,0x0000,0x0000,0x0000,0x0000,0x0000,
0x0000,0x0000,0x0000,0x0000,0x0000,0x0000,0x0000,0x0000,0x0000,0x0000,0x2080,0x61a1,0x71e0,0x79e0,0x8a00,0xbc67,
0xfe28,0xcc42,0x2080,0x1860,0x30c0,0x30c0,0x30c0,0x38e0,0x38e0,0x38c0,0x30c0,0x30c0,0x2080,0x4141,0xd461,0xfe47,
0xb406,0x79a0,0x7a01,0x71e1,0x5161,0x1040,0x0000,0x0000,0x0000,0x0000,0x0000,0x0000,0x0000,0x0000,0x0000,0x0000,
0x0000,0x0000,0x0000,0x0000,0x0000,0x0000,0x0000,0x0000,0x0000,0x0000,0x0000,0x30c0,0x69a1,0x71c0,0x8a40,0x8200,
0xbcca,0xfe06,0xb361,0x1060,0x2880,0x4100,0x38c0,0x38c0,0x38e0,0x38e0,0x38e0,0x1840,0x3901,0xe4c2,0xfe69,0xbc47,
0x89c0,0x7a01,0x7a01,0x5961,0x2080,0x0000,0x0000,0x0000,0x0000,0x0000,0x0000,0x0000,0x0000,0x0000,0x0000,0x0000,
0x0000,0x0000,0x0000,0x0000,0x0000,0x0000,0x0000,0x0000,0x0000,0x0000,0x0000,0x0000,0x4121,0x71e1,0x79e0,0x8220,
0x79c0,0xbca7,0xfe26,0xc3c1,0x28c1,0x2880,0x38e0,0x30c0,0x38c0,0x3900,0x1840,0x3900,0xdd03,0xfeca,0xb406,0x81a0,
0x8a20,0x7201,0x61a1,0x30c0,0x0000,0x0000,0x0000,0x0000,0x0000,0x0000,0x0000,0x0000,0x0000,0x0000,0x0000,0x0000,
0x0000,0x0000,0x0000,0x0000,0x0000,0x0000,0x0000,0x0000,0x0000,0x0000,0x0000,0x0000,0x0000,0x30e1,0x71e1,0x7a01,
0x7a00,0x81e0,0xcce8,0xfec8,0xcc41,0x30c0,0x1860,0x30e0,0x30c0,0x1840,0x4981,0xe4e2,0xff2a,0xbc46,0x81a0,0x9261,
0x8262,0x59a1,0x2880,0x0000,0x0000,0x0000,0x0000,0x0000,0x0000,0x0000,0x0000,0x0000,0x0000,0x0000,0x0000,0x0000,
0x0000,0x0000,0x0000,0x0000,0x0000,0x0000,0x0000,0x0000,0x0000,0x0000,0x0000,0x0000,0x0000,0x0000,0x28a0,0x59a1,
0x69c1,0x7a00,0x8a20,0xcce9,0xfe66,0xe4c2,0x4141,0x2080,0x1840,0x51a1,0xed22,0xfea7,0xc4a7,0x79a0,0x71e0,0x7a01,
0x4941,0x1860,0x0000,0x0000,0x0000,0x0000,0x0000,0x0000,0x0000,0x0000,0x0000,0x0000,0x0000,0x0000,0x0000,0x0000,
0x0000,0x0000,0x0000,0x0000,0x0000,0x0000,0x0000,0x0000,0x0000,0x0000,0x0000,0x0000,0x0000,0x0000,0x0000,0x1880,
0x5181,0x71e1,0x79e0,0x81c0,0xc487,0xfee8,0xcc42,0x2880,0x30a0,0xdd44,0xfee9,0xb3e6,0x79c0,0x71e1,0x69c1,0x4941,
0x1040,0x0000,0x0000,0x0000,0x0000,0x0000,0x0000,0x0000,0x0000,0x0000,0x0000,0x0000,0x0000,0x0000,0x0000,0x0000,
0x0000,0x0000,0x0000,0x0000,0x0000,0x0000,0x0000,0x0000,0x0000,0x0000,0x0000,0x0000,0x0000,0x0000,0x0000,0x0000,
0x20c1,0x3901,0x61c1,0x7a01,0x79c0,0xbc25,0xac04,0x5160,0x6980,0xbcc8,0xb3a5,0x79c0,0x7a21,0x5181,0x30c1,0x0000,
0x0000,0x0000,0x0000,0x0000,0x0000,0x0000,0x0000,0x0000,0x0000,0x0000,0x0000,0x0000,0x0000,0x0000,0x0000,0x0000,
0x0000,0x0000,0x0000,0x0000,0x0000,0x0000,0x0000,0x0000,0x0000,0x0000,0x0000,0x0000,0x0000,0x0000,0x0000,0x0000,
0x0000,0x0000,0x20a0,0x4121,0x61a1,0x69a0,0x71e1,0x1020,0x2080,0x8a40,0x71c0,0x5181,0x30c0,0x1860,0x0000,0x0000,
0x0000,0x0000,0x0000,0x0000,0x0000,0x0000,0x0000,0x0000,0x0000,0x0000,0x0000,0x0000,0x0000,0x0000,0x0000,0x0000,
0x0000,0x0000,0x0000,0x0000,0x0000,0x0000,0x0000,0x0000,0x0000,0x0000,0x0000,0x0000,0x0000,0x0000,0x0000,0x0000,
0x0000,0x0000,0x0000,0x0000,0x0000,0x20a1,0x28e1,0x18a1,0x18a0,0x3900,0x20a0,0x0000,0x0000,0x0000,0x0000,0x0000,
0x0000,0x0000,0x0000,0x0000,0x0000,0x0000,0x0000,0x0000,0x0000,0x0000,0x0000,0x0000,0x0000,0x0000,0x0000,0x0000,
0x0000,0x0000,0x0000,0x0000,0x0000,0x0000,0x0000,0x0000,0x0000,0x0000,0x0000,0x0000,0x0000,0x0000,0x0000,0x0000,
0x0000,0x0000,0x0000,0x0000,0x0000,0x0000,0x0000,0x0000,0x0000,0x0000,0x0000,0x0000,0x0000,0x0000,0x0000,0x0000,
0x0000,0x0000,0x0000,0x0000,0x0000,0x0000,0x0000,0x0000,0x0000,0x0000,0x0000,0x0000,0x0000,0x0000,0x0000,0x0000,
0x0000,0x0000,0x0000,0x0000,0x0000,0x0000,0x0000,0x0000,0x0000,0x0000,0x0000,0x0000,0x0000,0x0000,0x0000,0x0000,
0x0000,0x0000,0x0000,0x0000,0x0000,0x0000,0x0000,0x0000,0x0000,0x0000,0x0000,0x0000,0x0000,0x0000,0x0000,0x0000,
0x0000,0x0000,0x0000,0x0000,0x0000,0x0000,0x0000,0x0000,0x0000,0x0000,0x0000,0x0000,0x0000,0x0000,0x0000,0x0000,
},
{
0x0000,0x0000,0x0000,0x0000,0x0000,0x0000,0x0000,0x0000,0x0000,0x0000,0x0000,0x0000,0x0000,0x0000,0x0000,0x0000,
0x0000,0x0000,0x0000,0x0000,0x0000,0x0000,0x0000,0x0000,0x0000,0x0000,0x0000,0x0000,0x0000,0x0000,0x0000,0x0000,
0x0000,0x0000,0x0000,0x0000,0x0000,0x0000,0x0000,0x0000,0x0000,0x0000,0x0000,0x0000,0x0000,0x0000,0x0000,0x0000,
0x0000,0x0000,0x0000,0x0000,0x0000,0x0000,0x0000,0x0000,0x0000,0x0000,0x0000,0x0000,0x0000,0x0000,0x0000,0x0000,
0x0000,0x0000,0x0000,0x0000,0x0000,0x0000,0x0000,0x0000,0x0000,0x0000,0x0000,0x0000,0x0000,0x0000,0x0000,0x0000,
0x0000,0x0000,0x0000,0x0000,0x0000,0x0000,0x0000,0x0000,0x0000,0x0000,0x0000,0x0000,0x0000,0x0000,0x0000,0x0000,
0x0000,0x0000,0x0000,0x0000,0x0000,0x0000,0x0000,0x0000,0x0000,0x0000,0x0000,0x0000,0x0000,0x0000,0x0000,0x0000,
0x0000,0x0000,0x4920,0x8303,0x61c0,0x40c0,0x4900,0x5160,0x59a0,0x0000,0x0000,0x0000,0x0000,0x0000,0x0000,0x0000,
0x0000,0x0000,0x0000,0x0000,0x0000,0x0000,0x0000,0x0000,0x0000,0x0000,0x0000,0x0000,0x0000,0x0000,0x0000,0x0000,
0x0000,0x0000,0x0000,0x0000,0x0000,0x0000,0x0000,0x0000,0x0000,0x0000,0x0000,0x0000,0x0000,0x0000,0x3921,0x6a01,
0x9b42,0xa363,0x7a01,0x7a21,0x92a2,0xab62,0xcc43,0xdcc4,0xd4a4,0xc403,0xa342,0x6201,0x4120,0x0000,0x0000,0x0000,
0x0000,0x0000,0x0000,0x0000,0x0000,0x0000,0x0000,0x0000,0x0000,0x0000,0x0000,0x0000,0x0000,0x0000,0x0000,0x0000,
0x0000,0x0000,0x0000,0x0000,0x0000,0x0000,0x0000,0x0000,0x0000,0x0000,0x0000,0x0000,0x3900,0x8281,0xa342,0xcc23,
0xe4c4,0xf565,0xe546,0xcce6,0xfe47,0xfe87,0xfde5,0xf584,0xe4e3,0xe4c3,0xdc63,0xcc02,0xab62,0x8aa1,0x59a1,0x38e0,
0x0000,0x0000,0x0000,0x0000,0x0000,0x0000,0x0000,0x0000,0x0000,0x0000,0x0000,0x0000,0x0000,0x0000,0x0000,0x0000,
0x0000,0x0000,0x0000,0x0000,0x0000,0x0000,0x0000,0x0000,0x0000,0x0000,0x4980,0x92e1,0xa301,0x9ac1,0xcc63,0xd4a4,
0xe525,0xf586,0xfdc5,0xfe87,0xff0a,0xff2b,0xff0a,0xfee8,0xfe66,0xf5e5,0xed65,0xe525,0xd4a3,0xb3a2,0xab42,0x8a61,
0x5140,0x0000,0x0000,0x0000,0x0000,0x0000,0x0000,0x0000,0x0000,0x0000,0x0000,0x0000,0x0000,0x0000,0x0000,0x0000,
0x0000,0x0000,0x0000,0x0000,0x0000,0x0000,0x0000,0x0000,0x0000,0x0062,0x10c2,0x4100,0xd4c5,0xdcc4,0xbbc2,0xf5c6,
0xf5a5,0xfe47,0xfec8,0xff09,0xffcf,0xfff2,0xff6f,0xeecb,0xee49,0xe5c7,0xdd66,0xdd26,0xdd06,0xd4e5,0xd484,0xcc03,
0xab22,0x6180,0x2060,0x0000,0x0000,0x0000,0x0000,0x0000,0x0000,0x0000,0x0000,0x0000,0x0000,0x0000,0x0000,0x0000,
0x0000,0x0000,0x0000,0x0000,0x0000,0x0000,0x0000,0x08a4,0x23b2,0x361b,0x0519,0x0149,0x49c2,0xff0c,0xcbe2,0xeda6,
0xfec8,0xff49,0xffac,0xffcd,0xf74f,0xd4a8,0xd3a2,0xbac0,0xa280,0x9241,0x9a61,0x9240,0x81c0,0x8201,0x79e0,0x8262,
0x92c2,0xa2e1,0x8a81,0x30c0,0x0000,0x0000,0x0000,0x0000,0x0000,0x0000,0x0000,0x0000,0x0000,0x0000,0x0000,0x0000,
0x0000,0x0000,0x0000,0x0000,0x0000,0x0000,0x0000,0x0435,0xbfff,0xe7ff,0x1ede,0x0372,0x28c0,0xff73,0xd443,0xede7,
0xff8b,0xffac,0xffd0,0xfff1,0xf754,0xcae0,0xe444,0xee2e,0xf6eb,0xeea9,0xf688,0xf668,0xeda7,0xe566,0xb3a3,0x8ac2,
0x6180,0x5960,0x71e1,0x71e1,0x30c0,0x0000,0x0000,0x0000,0x0000,0x0000,0x0000,0x0000,0x0000,0x0000,0x0000,0x0000,
0x0000,0x0000,0x0000,0x0000,0x0000,0x0000,0x022c,0x06be,0x577e,0x5f5e,0x16bf,0x020c,0x5202,0xfeca,0xc381,0xf6eb,
0xffad,0xfff6,0xfffe,0xffb1,0xfff0,0xd4c6,0xd362,0xff94,0xffef,0xff4b,0xfea6,0xfe67,0xfde6,0xf585,0xe504,0xdc83,
0xc403,0xbb82,0x7a21,0x4920,0x5961,0x30e0,0x0000,0x0000,0x0000,0x0000,0x0000,0x0000,0x0000,0x0000,0x0000,0x0000,
0x0000,0x0000,0x0000,0x0000,0x0000,0x0020,0x0393,0x0dfc,0x065b,0x067e,0x0457,0x0001,0xc5aa,0xed66,0xc3c2,0xffac,
0xff8d,0xffd1,0xffd2,0xffad,0xffcb,0xe68a,0xb260,0xe5cc,0xfff2,0xff8e,0xff09,0xfe67,0xfe27,0xf585,0xe4e4,0xc403,
0xc3e2,0xc3c2,0xbb82,0x8a61,0x61a1,0x4920,0x1840,0x0000,0x0000,0x0000,0x0000,0x0000,0x0000,0x0000,0x0000,0x0000,
0x0000,0x0000,0x0000,0x0000,0x0000,0x1840,0x022c,0x0499,0x051a,0x02f1,0x0022,0x9c26,0xfeeb,0xa2a0,0xdd86,0xff8a,
0xff6b,0xffac,0xffab,0xff8b,0xff6a,0xf6eb,0xb2e0,0xd4a6,0xff8c,0xfee8,0xfea8,0xfe46,0xfe88,0xfe88,0xf5a5,0xe504,
0xd463,0xc3c2,0xa322,0x8241,0x8a61,0x8a62,0x3901,0x0820,0x0000,0x0000,0x0000,0x0000,0x0000,0x0000,0x0000,0x0000,
0x0000,0x0000,0x0000,0x0000,0x3900,0xab62,0x20a0,0x00c5,0x0106,0x3961,0xc506,0xede6,0x9a60,0xcc44,0xfee8,0xfec8,
0xff6b,0xff8b,0xff4a,0xff2a,0xfea8,0xff2b,0xbbe4,0xa302,0xff2a,0xfec8,0xfe47,0xfe46,0xc4a6,0xa343,0xcc23,0xcc84,
0xdcc4,0xdc84,0xc3e3,0xa322,0x8a62,0x8a82,0x7a23,0x3921,0x0000,0x0000,0x0000,0x0000,0x0000,0x0000,0x0000,0x0000,
0x0000,0x0000,0x0000,0x0000,0x30c0,0xbbc2,0xdd25,0xb445,0xc484,0xede7,0xbc23,0x8200,0xb3c4,0xfe88,0xfe87,0xfec8,
0xfee8,0xfee9,0xff09,0xfec8,0xfe88,0xff0b,0xb406,0x9a80,0xfe67,0xfde5,0xf5c6,0xfe46,0xb3c3,0x9220,0xab01,0x8a00,
0x6980,0x71e1,0x8261,0xbba2,0xbb81,0x8a82,0x69c2,0x69c2,0x2080,0x0000,0x0000,0x0000,0x0000,0x0000,0x0000,0x0000,
0x0000,0x0000,0x0000,0x0000,0x0000,0x28a0,0x8a81,0xb382,0x92a1,0x71a0,0x8200,0xcc64,0xfde7,0xfde6,0xfe26,0xfe87,
0xff09,0xfec8,0xfee9,0xfe67,0xfe06,0xfe68,0xcc85,0x81a0,0xe566,0xfdc5,0xf5a6,0xf5a5,0xd4c4,0xa2e2,0xf6ac,0xeda6,
0xcc43,0x92e2,0x69c1,0x6160,0x79e0,0x9ac0,0x8a82,0x71e2,0x5161,0x0000,0x0000,0x0000,0x0000,0x0000,0x0000,0x0000,
0x0000,0x0000,0x0000,0x0000,0x0000,0x0000,0x1860,0x38c0,0x92a2,0xdcc4,0xf564,0xf544,0xed85,0xfe27,0xf5a5,0xfe26,
0xfea8,0xfe67,0xfe06,0xfde6,0xf5c6,0xfe06,0xd4a5,0x71a0,0xdd25,0xf5a4,0xe545,0xed44,0xe523,0x8a20,0xe545,0xed24,
0xd463,0xd443,0xd464,0xb382,0x71e1,0x40e0,0x6180,0x8241,0x69e1,0x2080,0x0000,0x0000,0x0000,0x0000,0x0000,0x0000,
0x0000,0x0000,0x0000,0x0000,0x0000,0x0000,0x0000,0x0001,0x2080,0x8261,0xdce4,0xfe27,0xfe06,0xf5c6,0xf585,0xfde6,
0xfe26,0xf5a5,0xed65,0xf585,0xf5c6,0xf585,0xdd46,0x71a0,0xd4c4,0xf544,0xe4e4,0xe504,0xe4e3,0x8200,0xb3c3,0xe4e4,
0xc3c2,0xcc03,0xbb82,0xbb61,0xb342,0x92a2,0x6181,0x40e0,0x71e1,0x4101,0x0000,0x0000,0x0000,0x0000,0x0000,0x0000,
0x0000,0x0000,0x0000,0x0000,0x0000,0x0000,0x0000,0x0000,0x0020,0x0001,0x38c0,0x9b23,0xede7,0xfe06,0xf585,0xf5a5,
0xf5a5,0xed65,0xed65,0xed45,0xed24,0xe4e4,0xd505,0x6960,0xe525,0xf564,0xe4e3,0xdcc3,0xe504,0x8a41,0xa321,0xdcc3,
0xcc23,0xcc23,0xb362,0xa2e1,0x9281,0x8a61,0xa2e2,0x8221,0x38c0,0x61a1,0x1860,0x0000,0x0000,0x0000,0x0000,0x0000,
0x0000,0x0000,0x0000,0x0000,0x0000,0x0000,0x0000,0x0000,0x0000,0x0000,0x0001,0x0800,0x6160,0xc485,0xfe47,0xf5c6,
0xed45,0xed45,0xe524,0xe504,0xe4e4,0xdca4,0xd4c5,0x71a0,0xab42,0xc403,0xc423,0xd484,0xe525,0x9281,0x8a80,0xd4a3,
0xc3c2,0xc3e2,0xbba2,0xb362,0xb342,0x9aa1,0x8a41,0x8a61,0x4921,0x4100,0x2060,0x0000,0x0000,0x0000,0x0000,0x0000,
0x0000,0x0000,0x0000,0x0000,0x0000,0x0000,0x0000,0x0000,0x0000,0x0000,0x0000,0x0820,0x0800,0x2040,0x8282,0xeda6,
0xf5e6,0xe4e4,0xdca3,0xdca3,0xdca4,0xdc83,0xd4c5,0x69a1,0x7180,0x5900,0x4900,0x48e0,0x5940,0x71a0,0x5960,0xc443,
0xc3a2,0xc3e2,0xc403,0x69e1,0x8a81,0xab21,0x8a61,0x7a21,0x5961,0x5981,0x3901,0x0000,0x0000,0x0000,0x0000,0x0000,
0x0000,0x0000,0x0000,0x0000,0x0000,0x0000,0x0000,0x0000,0x0000,0x0000,0x0000,0x0000,0x1040,0x0820,0x0800,0x5960,
0xcc84,0xed44,0xd483,0xd463,0xd463,0xd463,0xdca3,0xd4e6,0xd568,0xcd06,0xbc24,0xbc03,0xab83,0x8aa2,0x7242,0xcc63,
0xbb82,0xbb62,0xc3e3,0x5961,0x40a0,0x40c0,0x9b01,0x8221,0x5981,0x4941,0x5981,0x0000,0x0000,0x0000,0x0000,0x0000,
0x0000,0x0000,0x0000,0x0000,0x0000,0x0000,0x0000,0x0000,0x0000,0x0000,0x0000,0x0000,0x0000,0x1860,0x1040,0x0800,
0x2880,0x8261,0xd463,0xdca4,0xcc23,0xcc23,0xcbe2,0xcc03,0xd443,0xd443,0xcc22,0xcc43,0xd464,0xe505,0xdce5,0xc3e3,
0xb382,0xb361,0xc3e2,0x71a0,0x92e2,0xbc03,0x9ae1,0x79e1,0x5161,0x30c0,0x5981,0x0000,0x0000,0x0000,0x0000,0x0000,
0x0000,0x0000,0x0000,0x0000,0x0000,0x0000,0x0000,0x0000,0x0000,0x0000,0x0000,0x0000,0x0000,0x0000,0x2060,0x2060,
0x0800,0x0001,0x4920,0xbc03,0xe4c4,0xc3a2,0xb382,0xbba2,0xdc63,0xe483,0xcc23,0xc403,0xbba2,0xbb82,0xc3a2,0xb382,
0xab22,0xab42,0xbba2,0x79c0,0x8aa2,0xb362,0x79c1,0x71c1,0x69c1,0x30a0,0x30c0,0x1040,0x0000,0x0000,0x0000,0x0000,
0x0000,0x0000,0x0000,0x0000,0x0000,0x0000,0x0000,0x0000,0x0000,0x0000,0x0000,0x0000,0x0000,0x0000,0x0000,0x2060,
0x1840,0x0820,0x0001,0x2880,0xa322,0xcc23,0xcc03,0xcc43,0xa323,0x69e1,0x4941,0x69e1,0xa322,0xc3e3,0xc3e3,0xb362,
0xb362,0x9ae2,0xa2e2,0x79e1,0x8261,0xa322,0x8a41,0x8a41,0x5940,0x1840,0x4121,0x1860,0x0000,0x0000,0x0000,0x0000,
0x0000,0x0000,0x0000,0x0000,0x0000,0x0000,0x0000,0x0000,0x0000,0x0000,0x0000,0x0000,0x0000,0x0000,0x0000,0x0000,
0x1040,0x1020,0x1040,0x0820,0x1020,0x6a01,0x9b02,0x30c0,0x1000,0x2020,0x2060,0x1820,0x0800,0x5161,0xbba3,0xbb82,
0xa302,0x8a81,0x9ac2,0x71e1,0x5140,0x5981,0x38e0,0x40e0,0x4101,0x5161,0x4962,0x0820,0x0000,0x0000,0x0000,0x0000,
0x0000,0x0000,0x0000,0x0000,0x0000,0x0000,0x0000,0x0000,0x0000,0x0000,0x0000,0x0000,0x0000,0x0000,0x0000,0x0000,
0x0000,0x1020,0x1860,0x1040,0x0001,0x0001,0x0820,0x4900,0xcca5,0xe5e8,0xdd85,0xd4a3,0x8aa2,0x1820,0x4920,0xb362,
0x92a1,0x8a61,0x92a2,0x7201,0x4900,0x5940,0x5960,0x71e1,0x8243,0x5982,0x4962,0x1040,0x0000,0x0000,0x0000,0x0000,
0x0000,0x0000,0x0000,0x0000,0x0000,0x0000,0x0000,0x0000,0x0000,0x0000,0x0000,0x0000,0x0000,0x0000,0x0000,0x0000,
0x38e0,0x4920,0x2060,0x1040,0x1040,0x0001,0x5940,0xfe07,0xff0f,0xd484,0xdc63,0xd443,0xdc63,0x8a81,0x1000,0x69c1,
0x9ac1,0x8221,0x8a61,0x92a1,0x9ac1,0x9261,0x8a21,0x8201,0x5982,0x59a3,0x4122,0x0820,0x0000,0x0000,0x0000,0x0000,
0x0000,0x0000,0x0000,0x0000,0x0000,0x0000,0x0000,0x0000,0x0000,0x0000,0x0000,0x0000,0x0000,0x0000,0x30a0,0x7a40,
0x71e0,0x30c0,0x2060,0x1860,0x1040,0x1840,0xd422,0xf669,0xcbe2,0xa2c1,0x8242,0xab22,0xb342,0xb342,0x38e0,0x2880,
0xa2e1,0x8a61,0x9281,0x8221,0x71c0,0x7a01,0x8221,0x7a02,0x59a2,0x28c1,0x0001,0x0000,0x0000,0x0000,0x0000,0x0000,
0x0000,0x0000,0x0000,0x0000,0x0000,0x0000,0x0000,0x0000,0x0000,0x0000,0x0000,0x0000,0x0000,0x59a0,0xab61,0x7a20,
0x1840,0x2060,0x28a0,0x20a0,0x1040,0x5980,0xdca4,0xdca4,0xab02,0x6160,0x71e0,0x69a0,0x9ae2,0xb362,0x61c1,0x1020,
0x8241,0x8241,0x7a21,0x7201,0x5161,0x4961,0x38e1,0x2060,0x0001,0x1040,0x28a0,0x0000,0x0000,0x0000,0x0000,0x0000,
0x0000,0x0000,0x0000,0x0000,0x0000,0x0000,0x0000,0x0000,0x0000,0x0000,0x0000,0x0000,0x8280,0xe522,0x92e2,0x2860,
0x2880,0x28a0,0x28a0,0x28a0,0x0001,0x4940,0xc403,0xcc03,0x8241,0x69a0,0x92c1,0x7a20,0x8a61,0xa322,0x7201,0x0800,
0x2020,0x1820,0x1820,0x0800,0x0001,0x0800,0x1840,0x30c0,0x5960,0x69a0,0x28a0,0x0000,0x0000,0x0000,0x0000,0x0000,
0x0000,0x0000,0x0000,0x0000,0x0000,0x0000,0x0000,0x0000,0x0000,0x0000,0x38c0,0xab80,0xdd03,0x61a1,0x3880,0x38e0,
0x30e0,0x30e0,0x1020,0x1840,0x5160,0x30a0,0xa301,0xbb82,0x9281,0x61a0,0x71e0,0x7201,0xbbe3,0x9ae2,0x61a0,0x1840,
0x6a21,0x69e1,0x7a40,0x8aa1,0x7a61,0x7a41,0x8a81,0x7a21,0x61c2,0x5142,0x1040,0x0000,0x0000,0x0000,0x0000,0x0000,
0x0000,0x0000,0x0000,0x0000,0x0000,0x0000,0x0000,0x0000,0x0000,0x59c0,0xed62,0xb422,0x4900,0x4900,0x4940,0x30c0,
0x2060,0x2020,0x59a0,0xd524,0xe586,0x1020,0x61a0,0xb342,0x9ae1,0x92c1,0x9302,0xbbe3,0xa342,0x92c1,0x30c0,0x4120,
0xd4a5,0xb342,0xbb41,0xa2c1,0x8201,0x71c0,0x71c0,0x5141,0x59c4,0x3922,0x0000,0x0000,0x0000,0x0000,0x0000,0x0000,
0x0000,0x0000,0x0000,0x0000,0x0000,0x0000,0x0000,0x0000,0x82a1,0xf5e4,0x9ba3,0x38a0,0x5120,0x4920,0x2880,0x2060,
0x6a00,0xccc3,0xfe87,0xdd67,0xbbe3,0x61a1,0x1000,0x7a21,0xa2e2,0x9ac2,0xb363,0x9ac2,0x8a61,0x61a1,0x0800,0x9b01,
0x9261,0x79c0,0x81e0,0x71c0,0x69a0,0x79e0,0x6980,0x5983,0x59c4,0x1860,0x0000,0x0000,0x0000,0x0000,0x0000,0x0000,
0x0000,0x0000,0x0000,0x0000,0x0000,0x0000,0x20a0,0xb3e2,0xf5c4,0x7241,0x2860,0x30a0,0x3080,0x4100,0x82c0,0xdd86,
0xff0b,0xe5e9,0xab43,0x9a80,0x9a80,0xc403,0x59a1,0x1000,0x38e0,0x61c1,0x7222,0x59a1,0x28a0,0x0001,0x8281,0xb361,
0x8201,0x8221,0x8200,0x8200,0x71c0,0x5120,0x5141,0x59a3,0x4962,0x0000,0x0000,0x0000,0x0000,0x0000,0x0000,0x0000,
0x0000,0x0000,0x0000,0x0000,0x0000,0x5160,0xbc02,0xa362,0x2880,0x2000,0x30a0,0x59c0,0xb443,0xf627,0xfeca,0xe5c9,
0xcc24,0xaae0,0xa2e1,0xab42,0x9aa1,0x9ac1,0xcc23,0x7a21,0x1840,0x0800,0x0001,0x0020,0x3100,0x9b42,0xbba2,0x81e1,
0x8200,0x8a41,0x5980,0x30a0,0x4920,0x28a0,0x59a2,0x59c3,0x20a1,0x0000,0x0000,0x0000,0x0000,0x0000,0x0000,0x0000,
0x0000,0x0000,0x0000,0x0000,0x4981,0xed03,0xab62,0x4120,0x8b01,0xc484,0xe5c6,0xfea8,0xfecb,0xdd8a,0xbba2,0xc3a1,
0xcbc1,0xb341,0xab21,0xab21,0xa2e1,0x8a60,0xa301,0x92a1,0x2040,0x59a1,0xb3e4,0xa343,0xb3a2,0xa2e1,0x79c1,0x79e0,
0x71c0,0x7a00,0x4920,0x71e0,0x8a40,0x69a1,0x6a03,0x3922,0x0000,0x0000,0x0000,0x0000,0x0000,0x0000,0x0000,0x0000,
0x0000,0x0000,0x0000,0x0000,0x30e0,0xbc44,0xede6,0xede6,0xedc6,0xeda7,0xd4e6,0xcc44,0xcc22,0xd441,0xd442,0xc3e2,
0xcbe2,0xbb82,0xa301,0xab01,0xab22,0x9ac1,0xa302,0x4100,0x1820,0x92e1,0xb382,0x79e1,0x79c0,0x79c0,0x8201,0x8221,
0x79e0,0x69a0,0x4900,0x8a40,0x6181,0x5981,0x3902,0x1860,0x0000,0x0000,0x0000,0x0000,0x0000,0x0000,0x0000,0x0000,
0x0000,0x0000,0x0000,0x0000,0x0000,0x28a0,0x7a01,0x8242,0x8a61,0xab01,0xab21,0xc3c2,0xcc43,0xdca4,0xc402,0xc3a1,
0xcbc2,0xc3e2,0xbb62,0xab22,0x9ac1,0x92a1,0x8aa2,0x2880,0x30a0,0xbba1,0x9241,0x8200,0x8a20,0x71e1,0x69c1,0x69c1,
0x61a1,0x38e0,0x30a0,0x5960,0x4900,0x38e0,0x0800,0x0000,0x0000,0x0000,0x0000,0x0000,0x0000,0x0000,0x0000,0x0000,
0x0000,0x0000,0x0000,0x0000,0x0000,0x0000,0x38e0,0x8221,0x9282,0x92a2,0xa302,0xbb82,0xc3e2,0xbba2,0xbb82,0xc3e2,
0xbb41,0xaae0,0xbb82,0xab43,0x8a41,0x9aa1,0x61e1,0x0800,0x4140,0xb382,0x8201,0x8a20,0x8201,0x38a0,0x30c0,0x30a0,
0x40e0,0x40e0,0x4920,0x5161,0x5141,0x30c1,0x0000,0x0000,0x0000,0x0000,0x0000,0x0000,0x0000,0x0000,0x0000,0x0000,
0x0000,0x0000,0x0000,0x0000,0x0000,0x0000,0x0000,0x30c0,0x61c1,0x8241,0x8201,0x9281,0xc3a1,0xb341,0xab01,0x9ac1,
0xb361,0xb361,0x9ac1,0x8a61,0x8241,0x9ac2,0x28c0,0x0001,0x7a61,0x9261,0x6980,0x79e0,0x5120,0x4900,0x9b21,0x79e0,
0x7a01,0x79e1,0x7202,0x61c3,0x28a1,0x0000,0x0000,0x0000,0x0000,0x0000,0x0000,0x0000,0x0000,0x0000,0x0000,0x0000,
0x0000,0x0000,0x0000,0x0000,0x0000,0x0000,0x0000,0x0000,0x2080,0x5981,0x92a2,0x61a1,0x8241,0xa2e1,0x9ac1,0x9281,
0x8a61,0xa2e1,0x9ac1,0x8221,0x9281,0x7201,0x0800,0x30c0,0x9ae1,0x8201,0x79e1,0x71e1,0x3080,0x8a60,0x79e1,0x5961,
0x5982,0x69c2,0x59a2,0x1860,0x0000,0x0000,0x0000,0x0000,0x0000,0x0000,0x0000,0x0000,0x0000,0x0000,0x0000,0x0000,
0x0000,0x0000,0x0000,0x0000,0x0000,0x0000,0x0000,0x0000,0x0000,0x1860,0x5161,0x7a01,0x8221,0x9281,0x8a41,0x8a41,
0x8a41,0x8a41,0x79e0,0x71c0,0x8221,0x30c0,0x0800,0x7a41,0x8221,0x71c1,0x71c0,0x38c0,0x2880,0x69c0,0x6160,0x5960,
0x5161,0x4121,0x1020,0x0000,0x0000,0x0000,0x0000,0x0000,0x0000,0x0000,0x0000,0x0000,0x0000,0x0000,0x0000,0x0000,
0x0000,0x0000,0x0000,0x0000,0x0000,0x0000,0x0000,0x0000,0x0000,0x0000,0x0000,0x28a0,0x5961,0x69a1,0x71a0,0x5940,
0x5940,0x6980,0x6160,0x6160,0x38e0,0x1020,0x5160,0x8a61,0x5961,0x71c1,0x5960,0x40e0,0x5140,0x40e0,0x4921,0x4921,
0x20a0,0x0820,0x0000,0x0000,0x0000,0x0000,0x0000,0x0000,0x0000,0x0000,0x0000,0x0000,0x0000,0x0000,0x0000,0x0000,
0x0000,0x0000,0x0000,0x0000,0x0000,0x0000,0x0000,0x0000,0x0000,0x0000,0x0000,0x0000,0x0000,0x2880,0x4100,0x5141,
0x6181,0x71c1,0x61a1,0x28a0,0x1820,0x4920,0x8241,0x5961,0x5961,0x5961,0x30a0,0x5960,0x5981,0x4121,0x28a0,0x1860,
0x0000,0x0000,0x0000,0x0000,0x0000,0x0000,0x0000,0x0000,0x0000,0x0000,0x0000,0x0000,0x0000,0x0000,0x0000,0x0000,
0x0000,0x0000,0x0000,0x0000,0x0000,0x0000,0x0000,0x0000,0x0000,0x0000,0x0000,0x0000,0x0000,0x0000,0x0000,0x1880,
0x28a1,0x3101,0x1060,0x0800,0x4941,0x7a43,0x61e4,0x59c3,0x59c3,0x5182,0x3901,0x30c0,0x1860,0x0000,0x0000,0x0000,
0x0000,0x0000,0x0000,0x0000,0x0000,0x0000,0x0000,0x0000,0x0000,0x0000,0x0000,0x0000,0x0000,0x0000,0x0000,0x0000,
0x0000,0x0000,0x0000,0x0000,0x0000,0x0000,0x0000,0x0000,0x0000,0x0000,0x0000,0x0000,0x0000,0x0000,0x0000,0x0000,
0x0000,0x0000,0x0000,0x0000,0x28a1,0x2081,0x1881,0x1881,0x1860,0x1040,0x0000,0x0000,0x0000,0x0000,0x0000,0x0000,
0x0000,0x0000,0x0000,0x0000,0x0000,0x0000,0x0000,0x0000,0x0000,0x0000,0x0000,0x0000,0x0000,0x0000,0x0000,0x0000,
0x0000,0x0000,0x0000,0x0000,0x0000,0x0000,0x0000,0x0000,0x0000,0x0000,0x0000,0x0000,0x0000,0x0000,0x0000,0x0000,
0x0000,0x0000,0x0000,0x0000,0x0000,0x0000,0x0000,0x0000,0x0000,0x0000,0x0000,0x0000,0x0000,0x0000,0x0000,0x0000,
0x0000,0x0000,0x0000,0x0000,0x0000,0x0000,0x0000,0x0000,0x0000,0x0000,0x0000,0x0000,0x0000,0x0000,0x0000,0x0000,
0x0000,0x0000,0x0000,0x0000,0x0000,0x0000,0x0000,0x0000,0x0000,0x0000,0x0000,0x0000,0x0000,0x0000,0x0000,0x0000,
0x0000,0x0000,0x0000,0x0000,0x0000,0x0000,0x0000,0x0000,0x0000,0x0000,0x0000,0x0000,0x0000,0x0000,0x0000,0x0000,
0x0000,0x0000,0x0000,0x0000,0x0000,0x0000,0x0000,0x0000,0x0000,0x0000,0x0000,0x0000,0x0000,0x0000,0x0000,0x0000,
},
{
0x0000,0x0000,0x0000,0x0000,0x0000,0x0000,0x0000,0x0000,0x0000,0x0000,0x0000,0x0000,0x0000,0x0000,0x0000,0x0000,
0x0000,0x0000,0x0000,0x0000,0x0000,0x0000,0x0000,0x0000,0x0000,0x0000,0x0000,0x0000,0x0000,0x0000,0x0000,0x0000,
0x0000,0x0000,0x0000,0x0000,0x0000,0x0000,0x0000,0x0000,0x0000,0x0000,0x0000,0x0000,0x0000,0x0000,0x0000,0x0000,
0x0000,0x0000,0x0000,0x0000,0x0000,0x0000,0x0000,0x0000,0x0000,0x0000,0x0000,0x0000,0x0000,0x0000,0x0000,0x0000,
0x0000,0x0000,0x0000,0x0000,0x0000,0x0000,0x0000,0x0000,0x0000,0x0000,0x0000,0x0000,0x0000,0x0000,0x0000,0x0000,
0x0000,0x0000,0x0000,0x0000,0x0000,0x0000,0x0000,0x0000,0x0000,0x0000,0x0000,0x0000,0x0000,0x0000,0x0000,0x0000,
0x0000,0x0000,0x0000,0x0000,0x0000,0x0000,0x0000,0x0000,0x0000,0x0000,0x0000,0x0000,0x0000,0x0000,0x0000,0x0000,
0x0000,0x0000,0x0000,0x0000,0x0000,0x08a3,0x02ad,0x0391,0x0370,0x020a,0x0041,0x0000,0x0000,0x0000,0x0000,0x0000,
0x0000,0x0000,0x0000,0x0000,0x0000,0x0000,0x0000,0x0000,0x0000,0x0000,0x0000,0x0000,0x0000,0x0000,0x0000,0x0000,
0x0000,0x0000,0x0000,0x0000,0x0000,0x0000,0x0000,0x0000,0x0000,0x0000,0x0000,0x0000,0x0000,0x0000,0x0000,0x0000,
0x0000,0x0000,0x0000,0x28a0,0x0106,0x0538,0x673e,0xd7ff,0x77de,0x16bd,0x0393,0x00a4,0x28a0,0x0000,0x0000,0x0000,
0x0000,0x0000,0x0000,0x0000,0x0000,0x0000,0x0000,0x0000,0x0000,0x0000,0x0000,0x0000,0x0000,0x0000,0x0000,0x0000,
0x0000,0x0000,0x0000,0x0000,0x0000,0x0000,0x0000,0x0000,0x0000,0x0000,0x0000,0x0000,0x0000,0x0000,0x0000,0x0000,
0x0000,0x4140,0x7a61,0x1882,0x0415,0x179f,0x87be,0xc7bd,0x67bc,0x273d,0x0d9b,0x0331,0x20e1,0x8260,0x4141,0x0000,
0x0000,0x0000,0x0000,0x0000,0x0000,0x0000,0x0000,0x0000,0x0000,0x0000,0x0000,0x0000,0x0000,0x0000,0x0000,0x0000,
0x0000,0x0000,0x0000,0x0000,0x0000,0x0000,0x0000,0x0000,0x0000,0x0000,0x0000,0x0000,0x0000,0x0000,0x0000,0x4141,
0x38e0,0x8aa1,0x9b01,0x0043,0x024d,0x0cd6,0x069b,0x073d,0x06fd,0x05fb,0x0436,0x020d,0x0021,0xa301,0x8a61,0x40e0,
0x3900,0x0000,0x0000,0x0000,0x0000,0x0000,0x0000,0x0000,0x0000,0x0000,0x0000,0x0000,0x0000,0x0000,0x0000,0x0000,
0x0000,0x0000,0x0000,0x0000,0x0000,0x0000,0x0000,0x0000,0x0000,0x0000,0x0000,0x0000,0x0000,0x28c0,0x61c0,0x9ae1,
0x69a0,0x6980,0xf5a5,0xac44,0x3921,0x00a3,0x01a8,0x030e,0x02ce,0x0127,0x08a3,0x3962,0xabc3,0xd442,0x69a0,0x6180,
0x8a61,0x5160,0x0000,0x0000,0x0000,0x0000,0x0000,0x0000,0x0000,0x0000,0x0000,0x0000,0x0000,0x0000,0x0000,0x0000,
0x0000,0x0000,0x0000,0x0000,0x0000,0x0000,0x0000,0x0000,0x0000,0x0000,0x0000,0x0000,0x28a0,0x8241,0xab21,0xa301,
0xb3a3,0x8221,0x9240,0xe566,0xfe68,0xd5c8,0xbd6b,0xa4aa,0xa489,0xb4e7,0xdde9,0xedc7,0xd483,0x69a0,0x69a1,0xbba2,
0xa301,0xab01,0x8221,0x30c0,0x0000,0x0000,0x0000,0x0000,0x0000,0x0000,0x0000,0x0000,0x0000,0x0000,0x0000,0x0000,
0x0000,0x0000,0x0000,0x0000,0x0000,0x0000,0x0000,0x0000,0x0000,0x0000,0x0000,0x38e0,0x7a21,0xa302,0xab42,0xbba2,
0xd483,0xed25,0xb3c3,0x9281,0xa2c1,0xbb82,0xd485,0xed68,0xe527,0xc404,0xab01,0xa280,0x8a41,0x9b43,0xd483,0xd463,
0xcc43,0xc3c2,0xa2e1,0x8a61,0x30c0,0x0000,0x0000,0x0000,0x0000,0x0000,0x0000,0x0000,0x0000,0x0000,0x0000,0x0000,
0x0000,0x0000,0x0000,0x0000,0x0000,0x0000,0x0000,0x0000,0x0000,0x0000,0x28a0,0x8a61,0xa2e1,0xa321,0xbbc2,0xdc83,
0xe4e4,0xf5c5,0xfe25,0xf668,0xe5e9,0xccc5,0xbbe3,0x71a0,0x79c0,0xc445,0xcca5,0xe5e8,0xfe26,0xfdc4,0xe4e3,0xdca3,
0xe4c3,0xd422,0xab01,0xab02,0x8221,0x30a0,0x0000,0x0000,0x0000,0x0000,0x0000,0x0000,0x0000,0x0000,0x0000,0x0000,
0x0000,0x0000,0x0000,0x0000,0x0000,0x0000,0x0000,0x0000,0x0000,0x28a0,0x69c0,0x9ac1,0xc3a2,0xdcc5,0xe504,0xed45,
0xf5a5,0xfe06,0xfe46,0xff09,0xff8c,0xffee,0xe68c,0x79c0,0x8a61,0xffb3,0xffee,0xff29,0xfe87,0xf5a5,0xf5a5,0xed03,
0xe544,0xe524,0xd483,0xab01,0x9ac2,0x8242,0x2060,0x0000,0x0000,0x0000,0x0000,0x0000,0x0000,0x0000,0x0000,0x0000,
0x0000,0x0000,0x0000,0x0000,0x0000,0x0000,0x0000,0x0000,0x0000,0x5981,0x9281,0xbb62,0xdc22,0xabc4,0x7a21,0xcce6,
0xfe26,0xf627,0xff29,0xff6b,0xffb3,0xfff3,0xde0b,0xa280,0xa2e1,0xf714,0xffd1,0xff2a,0xff09,0xfe88,0xf565,0xfda4,
0x9b63,0x7a01,0xc463,0xd463,0xb382,0x9ae2,0x5961,0x0000,0x0000,0x0000,0x0000,0x0000,0x0000,0x0000,0x0000,0x0000,
0x0000,0x0000,0x0000,0x0000,0x0000,0x0000,0x0000,0x0000,0x30c0,0x7a21,0x92a2,0xbba2,0x79a0,0x81e0,0x8261,0xdd06,
0xfe05,0xfe68,0xff29,0xff8c,0xffb3,0xffcd,0xde0b,0x9240,0x9281,0xf712,0xffcf,0xff6c,0xfee8,0xfec8,0xf607,0xfd84,
0xc443,0x81e0,0x81c0,0x9281,0xcc02,0x92a1,0x8a61,0x38e0,0x0000,0x0000,0x0000,0x0000,0x0000,0x0000,0x0000,0x0000,
0x0000,0x0000,0x0000,0x0000,0x0000,0x0000,0x0000,0x28c0,0x71e1,0x7a21,0x9ae2,0x92c1,0x8a81,0xdd05,0xf608,0xfdc5,
0xf5e5,0xfe46,0xff09,0xff8b,0xffac,0xfff1,0xde4d,0x8a00,0xa2c1,0xff53,0xffef,0xff69,0xfee8,0xfe67,0xf5c6,0xed44,
0xed64,0xed66,0xcc44,0x71c0,0xb3c2,0xab02,0x8221,0x61a1,0x2080,0x0000,0x0000,0x0000,0x0000,0x0000,0x0000,0x0000,
0x0000,0x0000,0x0000,0x0000,0x0000,0x0000,0x0000,0x4941,0x8a81,0x9ae2,0xa321,0xbbe2,0xdcc4,0xed45,0xed45,0xf5a5,
0xfde4,0xfee9,0xf6ed,0xee8c,0xd569,0xbc67,0xaba5,0x69a0,0x7a20,0xc446,0xc488,0xdd88,0xf6a9,0xfec8,0xfe66,0xf5a5,
0xed05,0xe4c4,0xe4e4,0xd443,0xbba2,0x9ac2,0x8221,0x7a01,0x4121,0x0000,0x0000,0x0000,0x0000,0x0000,0x0000,0x0000,
0x0000,0x0000,0x0000,0x0000,0x0000,0x0000,0x2060,0x69c1,0x8221,0xab22,0xab41,0xbba2,0xbba2,0xdcc3,0xf5a5,0xf607,
0xd526,0xaba5,0x9282,0x8a00,0x6960,0x50e0,0x5120,0x1020,0x1040,0x5140,0x5900,0x71a0,0x8a01,0x9b03,0xabe5,0xdd46,
0xf5a6,0xe4c3,0xd422,0xc3c2,0xb362,0xab22,0x9261,0x7a00,0x5161,0x1860,0x0000,0x0000,0x0000,0x0000,0x0000,0x0000,
0x0000,0x0000,0x0000,0x0000,0x0000,0x0000,0x30c0,0x79e1,0x8a41,0xab01,0xab41,0xbba2,0xdc84,0xe504,0xc424,0x9261,
0x6980,0x5100,0x4900,0x28a0,0x1060,0x0020,0x0020,0x0820,0x0820,0x0001,0x0840,0x1060,0x2880,0x40c0,0x5920,0x71c0,
0xa301,0xcc63,0xe4c3,0xcc23,0xab22,0xab22,0x9ac1,0x7a01,0x69c1,0x30c0,0x0000,0x0000,0x0000,0x0000,0x0000,0x0000,
0x0000,0x0000,0x0000,0x0000,0x0000,0x0000,0x4100,0x8241,0x9aa2,0xa301,0xbb82,0xd484,0xb3a3,0x8221,0x6140,0x40e0,
0x1860,0x0020,0x0001,0x0001,0x0001,0x0820,0x1020,0x1040,0x1040,0x1040,0x0820,0x0820,0x0001,0x0001,0x0840,0x28a0,
0x5140,0x71a0,0x9261,0xb3a2,0xc3e2,0xab22,0x8a81,0x8261,0x7a02,0x4921,0x0000,0x0000,0x0000,0x0000,0x0000,0x0000,
0x0000,0x0000,0x0000,0x0000,0x0000,0x0000,0x61a1,0x71e1,0x8241,0xbba2,0xbbc2,0x8241,0x6160,0x40e0,0x1040,0x0001,
0x0001,0x0820,0x0820,0x0820,0x1040,0x1040,0x1040,0x1040,0x1040,0x1040,0x1040,0x1040,0x1040,0x1040,0x0820,0x0001,
0x0001,0x2080,0x4920,0x6980,0x8261,0xbbe2,0xab42,0x8a61,0x7a01,0x61a1,0x0000,0x0000,0x0000,0x0000,0x0000,0x0000,
0x0000,0x0000,0x0000,0x0000,0x0000,0x28a0,0x61c1,0x8241,0xab62,0x8aa1,0x6160,0x4900,0x1860,0x0001,0x0001,0x0820,
0x1040,0x1020,0x1020,0x1040,0x1040,0x1840,0x1860,0x1860,0x1860,0x1860,0x1860,0x1060,0x1040,0x1040,0x1040,0x1020,
0x0820,0x0001,0x0001,0x20a0,0x5120,0x6981,0x9ae2,0xab41,0x71a0,0x61a1,0x28a0,0x0000,0x0000,0x0000,0x0000,0x0000,
0x0000,0x0000,0x0000,0x0000,0x0000,0x28a0,0x7a01,0x92a2,0x7a21,0x5981,0x30e0,0x0001,0x0001,0x0820,0x0820,0x1020,
0x1020,0x1040,0x1040,0x1040,0x1860,0x1860,0x2060,0x1860,0x1860,0x2060,0x1860,0x1860,0x1860,0x1040,0x1040,0x1040,
0x0820,0x0820,0x0820,0x0001,0x0820,0x4921,0x6181,0x7201,0x8a61,0x7201,0x2080,0x0000,0x0000,0x0000,0x0000,0x0000,
0x0000,0x0000,0x0000,0x0000,0x0000,0x30c0,0x8a21,0x5120,0x5121,0x30c0,0x0001,0x0001,0x0820,0x0820,0x0820,0x1040,
0x1040,0x1040,0x1860,0x1860,0x2060,0x2080,0x2080,0x2080,0x2080,0x2080,0x2080,0x2060,0x1860,0x1860,0x1860,0x1040,
0x1020,0x1020,0x1020,0x0820,0x0001,0x0820,0x4121,0x5981,0x5961,0x8242,0x30c0,0x0000,0x0000,0x0000,0x0000,0x0000,
0x0000,0x0000,0x0000,0x0000,0x0000,0x30c0,0x5960,0x5140,0x2080,0x0800,0x1840,0x1040,0x1020,0x1020,0x1040,0x1040,
0x1860,0x1860,0x1860,0x2060,0x2080,0x2080,0x2080,0x28a0,0x28a0,0x2880,0x2880,0x2880,0x2080,0x1860,0x1860,0x1860,
0x1040,0x1040,0x0820,0x1040,0x1040,0x1840,0x0800,0x28a0,0x4920,0x4920,0x2080,0x0000,0x0000,0x0000,0x0000,0x0000,
0x0000,0x0000,0x0000,0x0000,0x0000,0x0000,0x0840,0x1060,0x1040,0x2080,0x1040,0x1860,0x1860,0x1840,0x1040,0x1860,
0x1860,0x1860,0x2080,0x2080,0x2880,0x28a0,0x28a0,0x30c0,0x30c0,0x30a0,0x28a0,0x28a0,0x2080,0x2080,0x2080,0x1860,
0x1860,0x1040,0x1860,0x1860,0x1040,0x1020,0x0000,0x0000,0x1040,0x0820,0x0000,0x0000,0x0000,0x0000,0x0000,0x0000,
0x0000,0x0000,0x0000,0x0000,0x0000,0x0000,0x0000,0x0000,0x0000,0x0000,0x0000,0x0000,0x1020,0x1040,0x1840,0x1860,
0x2060,0x2080,0x28a0,0x28a0,0x28a0,0x28a0,0x30c0,0x30c0,0x30c0,0x30c0,0x30c0,0x30a0,0x28a0,0x28a0,0x2080,0x2080,
0x1860,0x1860,0x2060,0x1020,0x0000,0x0000,0x0000,0x0000,0x0000,0x0000,0x0000,0x0000,0x0000,0x0000,0x0000,0x0000,
0x0000,0x0000,0x0000,0x0000,0x0000,0x0000,0x0000,0x0000,0x0000,0x0000,0x0000,0x0000,0x0000,0x0820,0x1860,0x2060,
0x2080,0x2080,0x28a0,0x30a0,0x30a0,0x30c0,0x38e0,0x38e0,0x38e0,0x38c0,0x30c0,0x30c0,0x30c0,0x28a0,0x2080,0x2080,
0x2080,0x28a0,0x0820,0x0000,0x0000,0x0000,0x0000,0x0000,0x0000,0x0000,0x0000,0x0000,0x0000,0x0000,0x0000,0x0000,
0x0000,0x0000,0x0000,0x0000,0x0000,0x0000,0x0000,0x4120,0xab21,0x9260,0x4920,0x0820,0x2060,0x2880,0x1860,0x2080,
0x2080,0x28a0,0x28a0,0x30a0,0x30c0,0x38c0,0x38e0,0x38e0,0x38e0,0x38c0,0x38c0,0x38e0,0x30c0,0x30c0,0x30c0,0x2880,
0x2080,0x30a0,0x30a0,0x1840,0x1860,0x61a0,0x8a60,0x8281,0x2080,0x0000,0x0000,0x0000,0x0000,0x0000,0x0000,0x0000,
0x0000,0x0000,0x0000,0x0000,0x0000,0x0000,0x0000,0x4920,0xa342,0xcc83,0xbb60,0x69c0,0x1020,0x1840,0x2060,0x2080,
0x20a0,0x28a0,0x30c0,0x30c0,0x38c0,0x38e0,0x38e0,0x4100,0x40e0,0x40e0,0x38e0,0x38e0,0x38e0,0x38c0,0x30c0,0x2880,
0x28a0,0x2080,0x1020,0x2060,0x7a20,0xc380,0xbc03,0x8261,0x28a0,0x0000,0x0000,0x0000,0x0000,0x0000,0x0000,0x0000,
0x0000,0x0000,0x0000,0x0000,0x0000,0x0000,0x0000,0x3900,0x5940,0x7221,0xdd25,0xe503,0x8261,0x0820,0x1840,0x28a0,
0x28a0,0x28c0,0x30c0,0x38e0,0x38e0,0x4100,0x4900,0x4920,0x4900,0x4900,0x40e0,0x40e0,0x40e0,0x38e0,0x30c0,0x30c0,
0x30c0,0x1840,0x20a0,0xa301,0xd441,0xc424,0x7202,0x5960,0x28a0,0x0000,0x0000,0x0000,0x0000,0x0000,0x0000,0x0000,
0x0000,0x0000,0x0000,0x0000,0x0000,0x0000,0x0000,0x3900,0x69c1,0x6960,0x92a2,0xdd87,0xed64,0xbbe2,0x3921,0x1020,
0x2080,0x30c0,0x30c0,0x38e0,0x40e0,0x4900,0x4920,0x4900,0x4900,0x4900,0x4100,0x4100,0x40e0,0x38e0,0x30e0,0x2080,
0x1020,0x6a01,0xcc00,0xed23,0xd4e5,0x8221,0x6160,0x69c1,0x2080,0x0000,0x0000,0x0000,0x0000,0x0000,0x0000,0x0000,
0x0000,0x0000,0x0000,0x0000,0x0000,0x0000,0x0000,0x28a0,0x69c1,0x8200,0x9241,0xa2c2,0xc4a6,0xfe26,0xf504,0x7a41,
0x1860,0x1840,0x30c0,0x40e0,0x4100,0x4100,0x4900,0x4900,0x4900,0x4100,0x4100,0x4100,0x4100,0x30c0,0x1040,0x20a0,
0xa361,0xf542,0xf5e7,0xcca7,0x8a41,0x7a00,0x71c0,0x5140,0x1860,0x0000,0x0000,0x0000,0x0000,0x0000,0x0000,0x0000,
0x0000,0x0000,0x0000,0x0000,0x0000,0x0000,0x0000,0x1860,0x69e1,0x8221,0xa2c2,0xa2a1,0x9220,0xbbe4,0xf628,0xfe66,
0xd4a3,0x51a1,0x1860,0x2040,0x2880,0x40e0,0x4900,0x40e0,0x40e0,0x4100,0x40e0,0x2880,0x2060,0x30c0,0x82a1,0xe4e2,
0xfe66,0xede9,0xb3a5,0x9a81,0x9281,0x7a21,0x6180,0x4941,0x0000,0x0000,0x0000,0x0000,0x0000,0x0000,0x0000,0x0000,
0x0000,0x0000,0x0000,0x0000,0x0000,0x0000,0x0000,0x0000,0x59a1,0x61a0,0x69a0,0xa2e1,0x9281,0xa2c1,0xbba2,0xd506,
0xfecb,0xfe87,0xd504,0x8b01,0x51a0,0x30c0,0x30a0,0x38c0,0x30a0,0x2060,0x4120,0x59e1,0xa381,0xed64,0xfec8,0xfeab,
0xccc7,0x9ac2,0x9a81,0xa2e2,0x8a41,0x40e0,0x6181,0x4120,0x0000,0x0000,0x0000,0x0000,0x0000,0x0000,0x0000,0x0000,
0x0000,0x0000,0x0000,0x0000,0x0000,0x0000,0x0000,0x0000,0x30e0,0x7a00,0x5940,0x7a01,0x92a1,0xa302,0xab21,0xab00,
0xc3c3,0xe589,0xfecd,0xff2b,0xfea7,0xe5c5,0xbc84,0x2860,0x30c0,0xcd04,0xee25,0xff07,0xff4a,0xf6cd,0xdd4b,0xbb83,
0xa2c1,0x9ac1,0x9ac2,0x9ac2,0x6160,0x4900,0x7a21,0x2080,0x0000,0x0000,0x0000,0x0000,0x0000,0x0000,0x0000,0x0000,
0x0000,0x0000,0x0000,0x0000,0x0000,0x0000,0x0000,0x0000,0x1860,0x7a00,0x8221,0x5940,0x9ac1,0x9ae1,0xbb82,0xb361,
0xb341,0xbb81,0xcbe3,0xd4a7,0xdd47,0xf68d,0xd528,0x8200,0x8200,0xee4d,0xf68e,0xd507,0xc466,0xbb83,0xbb00,0xb321,
0xab42,0xa301,0x8a81,0x9261,0x6980,0x71c1,0x61a1,0x1020,0x0000,0x0000,0x0000,0x0000,0x0000,0x0000,0x0000,0x0000,
0x0000,0x0000,0x0000,0x0000,0x0000,0x0000,0x0000,0x0000,0x0000,0x4940,0x7a00,0x71c0,0x9281,0xa2e2,0x92a1,0xbb62,
0xbb82,0xbb81,0xcc02,0xc381,0xbb41,0xc3c2,0xab42,0x5120,0x6160,0xc3c3,0xb341,0xb341,0xb321,0xb342,0xb362,0xc3a2,
0x9ac1,0x7a41,0x92c2,0x8221,0x5940,0x61a0,0x30c0,0x0000,0x0000,0x0000,0x0000,0x0000,0x0000,0x0000,0x0000,0x0000,
0x0000,0x0000,0x0000,0x0000,0x0000,0x0000,0x0000,0x0000,0x0000,0x2080,0x69a1,0x69a0,0x8220,0x9ae2,0x40c0,0x5940,
0x8a41,0xb361,0xcbe2,0xc3e3,0xc3c2,0xcbe2,0xa342,0x38c0,0x5140,0xd443,0xc3c3,0xb383,0xab22,0xa301,0xab22,0x9281,
0x40e0,0x4120,0x9ae2,0x69a1,0x6181,0x5140,0x1040,0x0000,0x0000,0x0000,0x0000,0x0000,0x0000,0x0000,0x0000,0x0000,
0x0000,0x0000,0x0000,0x0000,0x0000,0x0000,0x0000,0x0000,0x0000,0x0000,0x4920,0x69c1,0x79e0,0xa2e1,0x8241,0x71c0,
0x6140,0x6960,0xc3a2,0xb341,0xbb62,0xc3c2,0x9b02,0x3080,0x4900,0xc3e3,0xb342,0xab22,0xa302,0x9ae2,0x6140,0x71a0,
0x6180,0x92c1,0x8a61,0x61a1,0x5961,0x2880,0x0000,0x0000,0x0000,0x0000,0x0000,0x0000,0x0000,0x0000,0x0000,0x0000,
0x0000,0x0000,0x0000,0x0000,0x0000,0x0000,0x0000,0x0000,0x0000,0x0000,0x1040,0x5140,0x69a0,0x8221,0x9281,0xa2e1,
0xb320,0x6160,0xb362,0xa2e1,0xab21,0xb361,0x92e2,0x2860,0x38e0,0xab01,0xa2e1,0xa2c1,0xa2c2,0x9281,0x6160,0xab21,
0x9ac1,0x8a41,0x71e1,0x5120,0x30c0,0x1040,0x0000,0x0000,0x0000,0x0000,0x0000,0x0000,0x0000,0x0000,0x0000,0x0000,
0x0000,0x0000,0x0000,0x0000,0x0000,0x0000,0x0000,0x0000,0x0000,0x0000,0x0000,0x2080,0x5960,0x61a1,0x71e1,0x8241,
0xab21,0xab41,0x9aa1,0x9261,0x9aa1,0xab01,0x8aa1,0x2040,0x38c0,0xa302,0x9281,0x9aa1,0x9aa1,0x9281,0x9ac1,0x8a40,
0x71a0,0x69c0,0x6161,0x4920,0x1860,0x0000,0x0000,0x0000,0x0000,0x0000,0x0000,0x0000,0x0000,0x0000,0x0000,0x0000,
0x0000,0x0000,0x0000,0x0000,0x0000,0x0000,0x0000,0x0000,0x0000,0x0000,0x0000,0x0000,0x2080,0x5141,0x69a1,0x79e1,
0x8201,0x8221,0x7a01,0x8a41,0x8a61,0x9281,0x8241,0x2880,0x40e0,0x9aa2,0x8221,0x8221,0x8221,0x71e0,0x71c0,0x71a0,
0x6180,0x6160,0x4921,0x1040,0x0000,0x0000,0x0000,0x0000,0x0000,0x0000,0x0000,0x0000,0x0000,0x0000,0x0000,0x0000,
0x0000,0x0000,0x0000,0x0000,0x0000,0x0000,0x0000,0x0000,0x0000,0x0000,0x0000,0x0000,0x0000,0x1860,0x5141,0x69a1,
0x5120,0x6180,0x7a00,0x8201,0x79e1,0x8221,0x71e1,0x2860,0x40e0,0x9281,0x79e1,0x71e1,0x7a01,0x69a0,0x4920,0x4920,
0x5960,0x4121,0x1040,0x0000,0x0000,0x0000,0x0000,0x0000,0x0000,0x0000,0x0000,0x0000,0x0000,0x0000,0x0000,0x0000,
0x0000,0x0000,0x0000,0x0000,0x0000,0x0000,0x0000,0x0000,0x0000,0x0000,0x0000,0x0000,0x0000,0x0000,0x1840,0x4121,
0x61a1,0x5140,0x40e0,0x71c0,0x6980,0x69a0,0x69c0,0x2860,0x38e0,0x8221,0x6160,0x6160,0x5140,0x30a0,0x5120,0x6180,
0x38e0,0x1040,0x0000,0x0000,0x0000,0x0000,0x0000,0x0000,0x0000,0x0000,0x0000,0x0000,0x0000,0x0000,0x0000,0x0000,
0x0000,0x0000,0x0000,0x0000,0x0000,0x0000,0x0000,0x0000,0x0000,0x0000,0x0000,0x0000,0x0000,0x0000,0x0000,0x0000,
0x28a0,0x5161,0x5980,0x69c1,0x69e2,0x61c2,0x69c1,0x2060,0x30c0,0x69c1,0x5182,0x69e2,0x5982,0x5981,0x5140,0x2060,
0x0000,0x0000,0x0000,0x0000,0x0000,0x0000,0x0000,0x0000,0x0000,0x0000,0x0000,0x0000,0x0000,0x0000,0x0000,0x0000,
0x0000,0x0000,0x0000,0x0000,0x0000,0x0000,0x0000,0x0000,0x0000,0x0000,0x0000,0x0000,0x0000,0x0000,0x0000,0x0000,
0x0000,0x0000,0x20a0,0x3901,0x5182,0x7a43,0x71e1,0x1020,0x1060,0x6a02,0x61c2,0x4962,0x4121,0x2080,0x0000,0x0000,
0x0000,0x0000,0x0000,0x0000,0x0000,0x0000,0x0000,0x0000,0x0000,0x0000,0x0000,0x0000,0x0000,0x0000,0x0000,0x0000,
0x0000,0x0000,0x0000,0x0000,0x0000,0x0000,0x0000,0x0000,0x0000,0x0000,0x0000,0x0000,0x0000,0x0000,0x0000,0x0000,
0x0000,0x0000,0x0000,0x0000,0x1040,0x28a0,0x2080,0x0820,0x0820,0x2080,0x1860,0x0000,0x0000,0x0000,0x0000,0x0000,
0x0000,0x0000,0x0000,0x0000,0x0000,0x0000,0x0000,0x0000,0x0000,0x0000,0x0000,0x0000,0x0000,0x0000,0x0000,0x0000,
0x0000,0x0000,0x0000,0x0000,0x0000,0x0000,0x0000,0x0000,0x0000,0x0000,0x0000,0x0000,0x0000,0x0000,0x0000,0x0000,
0x0000,0x0000,0x0000,0x0000,0x0000,0x0000,0x0000,0x0000,0x0000,0x0000,0x0000,0x0000,0x0000,0x0000,0x0000,0x0000,
0x0000,0x0000,0x0000,0x0000,0x0000,0x0000,0x0000,0x0000,0x0000,0x0000,0x0000,0x0000,0x0000,0x0000,0x0000,0x0000,
0x0000,0x0000,0x0000,0x0000,0x0000,0x0000,0x0000,0x0000,0x0000,0x0000,0x0000,0x0000,0x0000,0x0000,0x0000,0x0000,
0x0000,0x0000,0x0000,0x0000,0x0000,0x0000,0x0000,0x0000,0x0000,0x0000,0x0000,0x0000,0x0000,0x0000,0x0000,0x0000,
0x0000,0x0000,0x0000,0x0000,0x0000,0x0000,0x0000,0x0000,0x0000,0x0000,0x0000,0x0000,0x0000,0x0000,0x0000,0x0000,
},
{
0x0000,0x0000,0x0000,0x0000,0x0000,0x0000,0x0000,0x0000,0x0000,0x0000,0x0000,0x0000,0x0000,0x0000,0x0000,0x0000,
0x0000,0x0000,0x0000,0x0000,0x0000,0x0000,0x0000,0x0000,0x0000,0x0000,0x0000,0x0000,0x0000,0x0000,0x0000,0x0000,
0x0000,0x0000,0x0000,0x0000,0x0000,0x0000,0x0000,0x0000,0x0000,0x0000,0x0000,0x0000,0x0000,0x0000,0x0000,0x0000,
0x0000,0x0000,0x0000,0x0000,0x0000,0x0000,0x0000,0x0000,0x0000,0x0000,0x0000,0x0000,0x0000,0x0000,0x0000,0x0000,
0x0000,0x0000,0x0000,0x0000,0x0000,0x0000,0x0000,0x0000,0x0000,0x0000,0x0000,0x0000,0x0000,0x0000,0x0000,0x0000,
0x0000,0x0000,0x0000,0x0000,0x0000,0x0000,0x0000,0x0000,0x0000,0x0000,0x0000,0x0000,0x0000,0x0000,0x0000,0x0000,
0x0000,0x0000,0x0000,0x0000,0x0000,0x0000,0x0000,0x0000,0x0000,0x0000,0x0000,0x0000,0x0000,0x0000,0x0000,0x0000,
0x0000,0x0000,0x0000,0x0000,0x0000,0x0000,0x0000,0x0000,0x0000,0x0000,0x0000,0xd8a7,0x0000,0x0000,0x0000,0x0000,
0x0000,0x0000,0x0000,0x0000,0x0000,0x0000,0x0000,0x0000,0x0000,0x0000,0x0000,0x0000,0x0000,0x0000,0x0000,0x0000,
0x0000,0x0000,0x0000,0x0000,0x0000,0x0000,0x0000,0x0000,0x0000,0x0000,0x0000,0x0000,0x0000,0x0000,0x0000,0x0000,
0x0000,0x0000,0x0000,0x0000,0x0000,0x0000,0x0000,0x0000,0x0000,0x0000,0x0000,0xe106,0xd8c7,0x0000,0x0000,0x0000,
0x0000,0x0000,0x0000,0x0000,0x0000,0x0000,0x0000,0x0000,0x0000,0x0000,0x0000,0x0000,0x0000,0x0000,0x0000,0x0000,
0x0000,0x0000,0x0000,0x0000,0x0000,0x0000,0x0000,0x0000,0x0000,0x0000,0x0000,0x0000,0x0000,0x0000,0x0000,0x0000,
0x0000,0x0000,0x0000,0x0000,0x0000,0x0000,0x0000,0x0000,0x0000,0x0000,0x0000,0xd905,0xf968,0xc047,0x0000,0x0000,
0x0000,0x0000,0x0000,0x0000,0x0000,0x0000,0x0000,0x0000,0x0000,0x0000,0x0000,0x0000,0x0000,0x0000,0x0000,0x0000,
0x0000,0x0000,0x0000,0x0000,0x0000,0x0000,0x0000,0x0000,0x0000,0x0000,0x0000,0x0000,0x0000,0x0000,0x0000,0x0000,
0x0000,0x0000,0x0000,0x0000,0x0000,0x0000,0x0000,0x0000,0x0000,0x0000,0x0000,0xf146,0xf9a6,0xd088,0x0000,0x0000,
0x0000,0x0000,0x0000,0x0000,0x0000,0x0000,0x0000,0x0000,0x0000,0x0000,0x0000,0x0000,0x0000,0x0000,0x0000,0x0000,
0x0000,0x0000,0x0000,0x0000,0x0000,0x0000,0x0000,0x0000,0x0000,0x0000,0x0000,0x0000,0x0000,0x0000,0x0000,0x0000,
0x0000,0x0000,0x0000,0x0000,0x0000,0x0000,0x0000,0x0000,0x0000,0x0000,0xd8c6,0xfa27,0xf166,0xd888,0x0000,0x0000,
0x0000,0x0000,0x0000,0x0000,0x0000,0x0000,0x0000,0x0000,0x0000,0x0000,0x0000,0x0000,0x0000,0x0000,0x0000,0x0000,
0x0000,0x0000,0x0000,0x0000,0x0000,0x0000,0x0000,0x0000,0x0000,0x0000,0x0000,0x0000,0x0000,0x0000,0x0000,0x0000,
0x0000,0x0000,0x0000,0x0000,0x0000,0x0000,0x0000,0x0000,0x0000,0xd8a6,0xf166,0xf1c7,0xe907,0xc887,0x0000,0x0000,
0x0000,0x0000,0x0000,0x0000,0x0000,0x0000,0x0000,0x0000,0x0000,0x0000,0x0000,0x0000,0x0000,0x0000,0x0000,0x0000,
0x0000,0x0000,0x0000,0x0000,0x0000,0x0000,0x0000,0x0000,0x0000,0x0000,0x0000,0x0000,0x0000,0x0000,0x0000,0x0000,
0x0000,0x0000,0x0000,0x0000,0x0000,0x0000,0xd0a5,0xe0e5,0xe0e6,0xf986,0xf146,0xe8e8,0xe0a8,0x0000,0x0000,0x0000,
0x0000,0x0000,0x0000,0x0000,0x0000,0x0000,0x0000,0x0000,0x0000,0x0000,0x0000,0x0000,0x0000,0x0000,0x0000,0x0000,
0x0000,0x0000,0x0000,0x0000,0x0000,0x0000,0x0000,0x0000,0x0000,0x0000,0x0000,0x0000,0x0000,0x0000,0x0000,0x0000,
0x0000,0x0000,0x0000,0x0000,0x0000,0x0000,0xd8c5,0xf966,0xf9a7,0xf986,0xe8e8,0xd8a9,0x0000,0x0000,0x0000,0x0000,
0x0000,0x0000,0x0000,0x0000,0x0000,0x0000,0x0000,0x0000,0x0000,0x0000,0x0000,0x0000,0x0000,0x0000,0x0000,0x0000,
0x0000,0x0000,0x0000,0x0000,0x0000,0x0000,0x0000,0x0000,0x0000,0x0000,0x0000,0x0000,0x0000,0x0000,0x0000,0x0000,
0x0000,0x0000,0x0000,0x0000,0x0000,0xd8c6,0xf1a7,0xfa48,0xf9c7,0xf0e6,0xe8ca,0x0000,0x0000,0x0000,0x0000,0x0000,
0x0000,0x0000,0x0000,0x0000,0x0000,0x0000,0x0000,0x0000,0x0000,0x0000,0x0000,0x0000,0x0000,0x0000,0x0000,0x0000,
0x0000,0x0000,0x0000,0x0000,0x0000,0x0000,0x0000,0x0000,0x0000,0x0000,0x0000,0x0000,0x0000,0x0000,0x0000,0x0000,
0x0000,0x0000,0x0000,0x0000,0xe906,0xfa08,0xfa89,0xf9c7,0xf946,0xe8c8,0xd0a8,0x0000,0x0000,0x0000,0x0000,0xe925,
0xe0e6,0x0000,0x0000,0x0000,0x0000,0x0000,0x0000,0x0000,0x0000,0x0000,0x0000,0x0000,0x0000,0x0000,0x0000,0x0000,
0x0000,0x0000,0x0000,0x0000,0x0000,0x0000,0x0000,0x0000,0x0000,0x0000,0x0000,0x0000,0x0000,0x0000,0x0000,0x0000,
0x0000,0x0000,0x0000,0xe906,0xfa48,0xfac9,0xf9e7,0xf986,0xf126,0xe0c8,0xd8a8,0x0000,0x0000,0x0000,0x0000,0xf946,
0xd0c6,0x0000,0x0000,0x0000,0x0000,0x0000,0x0000,0x0000,0x0000,0x0000,0x0000,0x0000,0x0000,0x0000,0x0000,0x0000,
0x0000,0x0000,0x0000,0x0000,0x0000,0x0000,0x0000,0x0000,0x0000,0x0000,0x0000,0x0000,0x0000,0x0000,0x0000,0x0000,
0x0000,0x0000,0xe106,0xfa28,0xfb6a,0xfa69,0xf9a7,0xf9a7,0xf946,0xe8c6,0xe8e8,0xc086,0x0000,0x0000,0x0000,0xd8a6,
0x0000,0x0000,0x0000,0x0000,0x0000,0x0000,0x0000,0x0000,0x0000,0x0000,0x0000,0x0000,0x0000,0x0000,0x0000,0x0000,
0x0000,0x0000,0x0000,0x0000,0x0000,0x0000,0x0000,0x0000,0x0000,0x0000,0x0000,0x0000,0x0000,0x0000,0x0000,0x0000,
0x0000,0xd0c5,0xfa08,0xfb4a,0xfb4a,0xf9c8,0xf9e8,0xf9e7,0xf966,0xf126,0xf107,0xe8e8,0xc066,0x0000,0x0000,0x0000,
0x0000,0x0000,0x0000,0x0000,0x0000,0x0000,0x0000,0x0000,0x0000,0x0000,0x0000,0x0000,0x0000,0x0000,0x0000,0x0000,
0x0000,0x0000,0x0000,0x0000,0x0000,0x0000,0x0000,0x0000,0x0000,0x0000,0x0000,0x0000,0x0000,0x0000,0x0000,0x0000,
0xc085,0xf967,0xfaa9,0xfc2b,0xfae9,0xf9e8,0xfa68,0xfa28,0xf9c7,0xf966,0xf946,0xf947,0xe8c7,0xd8a7,0xc065,0x0000,
0x0000,0x0000,0x0000,0x0000,0x0000,0x0000,0x0000,0x0000,0x0000,0x0000,0x0000,0x0000,0x0000,0x0000,0x0000,0x0000,
0x0000,0x0000,0x0000,0x0000,0x0000,0x0000,0x0000,0x0000,0x0000,0x0000,0x0000,0x0000,0x0000,0x0000,0x0000,0x0000,
0xd8e6,0xf9a7,0xfb8a,0xfcab,0xfac9,0xfa48,0xfae9,0xfa88,0xfa28,0xf9c7,0xf986,0xf986,0xf946,0xf107,0xe8c6,0xd085,
0xc085,0xe0e6,0xd0c7,0x0000,0x0000,0x0000,0x0000,0x0000,0x0000,0x0000,0x0000,0x0000,0x0000,0x0000,0x0000,0x0000,
0x0000,0x0000,0x0000,0x0000,0x0000,0x0000,0x0000,0x0000,0x0000,0x0000,0x0000,0x0000,0x0000,0xc8a6,0x0000,0x0000,
0xf167,0xfa48,0xfc0a,0xfceb,0xfb49,0xfac9,0xfb8a,0xfac9,0xfa68,0xfa48,0xf9e7,0xf9a7,0xf9a6,0xf986,0xf925,0xf926,
0xe0c5,0xd8c6,0xf12b,0xc067,0x0000,0x0000,0x0000,0x0000,0x0000,0x0000,0x0000,0x0000,0x0000,0x0000,0x0000,0x0000,
0x0000,0x0000,0x0000,0x0000,0x0000,0x0000,0x0000,0x0000,0x0000,0x0000,0x0000,0xc8a4,0xe927,0x0000,0x0000,0xc8a5,
0xf9a7,0xfae9,0xfc4b,0xfd6c,0xfc2b,0xfb2a,0xfbca,0xfbaa,0xfac9,0xfa89,0xfa68,0xfa28,0xf9e7,0xf9c7,0xf9a6,0xf946,
0xf125,0xe8e5,0xd8a9,0xd8aa,0x0000,0x0000,0x0000,0x0000,0x0000,0x0000,0x0000,0x0000,0x0000,0x0000,0x0000,0x0000,
0x0000,0x0000,0x0000,0x0000,0x0000,0x0000,0x0000,0x0000,0x0000,0x0000,0xd0c5,0xfa28,0xe106,0x0000,0x0000,0xd8a5,
0xf9c7,0xfae9,0xfbaa,0xfdcd,0xfd4c,0xfc0b,0xfbaa,0xfbca,0xfb6a,0xfac9,0xfaa9,0xfa89,0xfa28,0xf9e7,0xf9e7,0xf987,
0xf166,0xf126,0xe0c6,0xd069,0x0000,0x0000,0x0000,0x0000,0x0000,0x0000,0x0000,0x0000,0x0000,0x0000,0x0000,0x0000,
0x0000,0x0000,0x0000,0x0000,0x0000,0x0000,0x0000,0x0000,0x0000,0x0000,0xf248,0xfaa9,0xe0c5,0x0000,0xc885,0xf926,
0xf9c7,0xfb09,0xfb09,0xfcec,0xfd8c,0xfdad,0xfcab,0xfc2b,0xfbaa,0xfb4a,0xfac9,0xfaa9,0xfa89,0xfa28,0xf9e7,0xf9a7,
0xf9a7,0xf146,0xf125,0xe0a7,0xb026,0x0000,0x0000,0x0000,0x0000,0x0000,0x0000,0x0000,0x0000,0x0000,0x0000,0x0000,
0x0000,0x0000,0x0000,0x0000,0x0000,0x0000,0x0000,0x0000,0x0000,0xd0a5,0xfa28,0xf146,0xe925,0xd084,0xf125,0xf9c6,
0xf9c7,0xfb8a,0xfb4a,0xfcab,0xfe4e,0xfe8e,0xfded,0xfd0b,0xfc4b,0xfbaa,0xfb0a,0xfaa9,0xfaa9,0xfa48,0xfa08,0xf9e7,
0xf9e8,0xf9a7,0xf946,0xf127,0xd0a8,0x0000,0x0000,0x0000,0x0000,0x0000,0x0000,0x0000,0x0000,0x0000,0x0000,0x0000,
0x0000,0x0000,0x0000,0x0000,0x0000,0x0000,0x0000,0x0000,0x0000,0xd0c5,0xf987,0xd8c5,0xe145,0xf146,0xf9e7,0xfa48,
0xf9e7,0xfb09,0xfc0b,0xfcab,0xfe0d,0xfeae,0xfe6e,0xfdcc,0xfd0b,0xfc0b,0xfb8a,0xfae9,0xfaa9,0xfa89,0xfa28,0xfa08,
0xfa08,0xf9c7,0xf966,0xf146,0xf109,0x0000,0x0000,0x0000,0x0000,0x0000,0x0000,0x0000,0x0000,0x0000,0x0000,0x0000,
0x0000,0x0000,0x0000,0x0000,0x0000,0x0000,0x0000,0x0000,0x0000,0xd0c6,0xe106,0x0000,0xd8c5,0xf9c7,0xfa27,0xfa89,
0xfae9,0xfb29,0xfc0a,0xfd0b,0xfceb,0xfded,0xfdcc,0xfd2b,0xfceb,0xfc2b,0xfbab,0xfb09,0xfa89,0xfa89,0xfa48,0xfa08,
0xfa28,0xfa08,0xf9a7,0xf166,0xf128,0xc0a7,0x0000,0x0000,0x0000,0x0000,0x0000,0x0000,0x0000,0x0000,0x0000,0x0000,
0x0000,0x0000,0x0000,0x0000,0x0000,0x0000,0x0000,0x0000,0x0000,0x0000,0x0000,0x0000,0xe106,0xfa07,0xfa28,0xfa68,
0xfb4a,0xfc6b,0xfc8b,0xfceb,0xfceb,0xfccb,0xfd2c,0xfcab,0xfc6b,0xfbcb,0xfb8a,0xfb29,0xfaa9,0xfa89,0xfa48,0xfa07,
0xfa68,0xfa28,0xf9e7,0xf9c7,0xf967,0xd8c8,0x0000,0x0000,0x0000,0x0000,0x0000,0x0000,0x0000,0x0000,0x0000,0x0000,
0x0000,0x0000,0x0000,0x0000,0x0000,0x0000,0x0000,0x0000,0x0000,0x0000,0x0000,0xc085,0xf946,0xf9e7,0xfa08,0xfa89,
0xfb6a,0xfccc,0xfd8c,0xfceb,0xfd0b,0xfccb,0xfc8b,0xfc6b,0xfc0b,0xfb8b,0xfb4a,0xfac9,0xfaa9,0xfa89,0xfa28,0xfa28,
0xfa68,0xfa68,0xf9e7,0x90c4,0xd965,0xf128,0xb046,0x0000,0x0000,0x0000,0x0000,0x0000,0x0000,0x0000,0x0000,0x0000,
0x0000,0x0000,0x0000,0x0000,0x0000,0x0000,0x0000,0x0000,0x0000,0x0000,0x0000,0xd0a5,0xf9c7,0xfa08,0xf9e8,0xfac9,
0xfb6a,0xfc6b,0xfccc,0xfc2b,0xf3ca,0xfc0b,0xfbcb,0xfb6a,0xfb4a,0xfb2a,0xfaea,0xfa89,0xfaa9,0xfa48,0xfa07,0xfa88,
0xfb0a,0xf227,0x4021,0x2000,0xf144,0xf149,0xb8a7,0x0000,0x0000,0x0000,0x0000,0x0000,0x0000,0x0000,0x0000,0x0000,
0x0000,0x0000,0x0000,0x0000,0x0000,0x0000,0x0000,0x0000,0x0000,0x0000,0x0000,0xe8e6,0xf9e7,0xfaa9,0xfa49,0xfa89,
0xfb6a,0xfb8a,0xba67,0xe2a8,0xfb8b,0xfbcc,0xfb8a,0xfb2a,0xfb09,0xfac9,0xfac9,0xfa89,0xfa68,0xfa07,0xfa28,0xfaea,
0xf248,0x68a5,0x4acd,0x4081,0xf124,0xf169,0xb8a7,0x0000,0x0000,0x0000,0x0000,0x0000,0x0000,0x0000,0x0000,0x0000,
0x0000,0x0000,0x0000,0x0000,0x0000,0x0000,0x0000,0x0000,0x0000,0x0000,0x0000,0xf906,0xf9a6,0xfae9,0xfb0a,0xfa28,
0xfb09,0xfb4a,0x98e3,0x1800,0x68e3,0xc1c5,0xfb09,0xfb4a,0xfb4a,0xfa89,0xfa68,0xfa88,0xfa48,0xfa07,0xfa68,0xfa89,
0x7882,0x7bb4,0xce9b,0x5904,0xe944,0xf169,0xb888,0x0000,0x0000,0x0000,0x0000,0x0000,0x0000,0x0000,0x0000,0x0000,
0x0000,0x0000,0x0000,0x0000,0x0000,0x0000,0x0000,0x0000,0x0000,0x0000,0xc065,0xf126,0xf9a6,0xfa88,0xfb2a,0xfa68,
0xfaa9,0xfb2a,0xb0e3,0x18e5,0x7bd3,0x41a8,0x68c3,0xda06,0xfb4a,0xfb2a,0xfa28,0xfa48,0xfa28,0xfa07,0xfa89,0xa104,
0x0001,0x9cb2,0xf7bc,0x6924,0xf944,0xe929,0xb888,0x0000,0x0000,0x0000,0x0000,0x0000,0x0000,0x0000,0x0000,0x0000,
0x0000,0x0000,0x0000,0x0000,0x0000,0x0000,0x0000,0x0000,0x0000,0x0000,0xb845,0xf14a,0xf987,0xfa07,0xfa88,0xfaa9,
0xfa48,0xfac9,0x7882,0x72eb,0xeefe,0xc5fb,0x9496,0x2883,0x80a2,0xfa68,0xfa68,0xfa28,0xfa07,0xfa28,0xe1c6,0x6208,
0x1882,0x6b2c,0xf7bc,0x8965,0xf946,0xd92b,0xa846,0x0000,0x0000,0x0000,0x0000,0x0000,0x0000,0x0000,0x0000,0x0000,
0x0000,0x0000,0x0000,0x0000,0x0000,0x0000,0x0000,0x0000,0x0000,0x0000,0xb865,0xf12b,0xf108,0xf9a6,0xf9e7,0xfa48,
0xfa48,0xfa89,0x8883,0xa40d,0xfffd,0xf77a,0xde57,0x6269,0x0882,0x5082,0xe207,0xfa07,0xf9e7,0xfa07,0xa103,0x1062,
0x1020,0x942f,0xdefa,0xa8e3,0xf969,0xc8ea,0x0000,0x0000,0x0000,0x0000,0x0000,0x0000,0x0000,0x0000,0x0000,0x0000,
0x0000,0x0000,0x0000,0x0000,0x0000,0x0000,0x0000,0x0000,0x0000,0x0000,0x0000,0xe8ea,0xf109,0xf146,0xf9a7,0xf9e7,
0xfa48,0xfa69,0xc945,0xabee,0xfffe,0xfffc,0xd656,0x49a5,0x10a2,0x0001,0x58a2,0xf9e7,0xfa07,0xf9a6,0xb2eb,0x5944,
0x6800,0xd658,0xccf2,0xe0e3,0xf16c,0xb088,0x0000,0x0000,0x0000,0x0000,0x0000,0x0000,0x0000,0x0000,0x0000,0x0000,
0x0000,0x0000,0x0000,0x0000,0x0000,0x0000,0x0000,0x0000,0x0000,0x0000,0x0000,0xd0a7,0xf8e9,0xf127,0xf967,0xf9a7,
0xfa07,0xfa28,0xf1e7,0x89e7,0xf7bb,0xfffd,0xef7c,0x40c2,0x1800,0x2820,0x78c3,0xf9e7,0xfa07,0xf985,0xf4b2,0xcdf5,
0xbc0f,0xe79d,0xba06,0xf928,0xd0eb,0x0000,0x0000,0x0000,0x0000,0x0000,0x0000,0x0000,0x0000,0x0000,0x0000,0x0000,
0x0000,0x0000,0x0000,0x0000,0x0000,0x0000,0x0000,0x0000,0x0000,0x0000,0x0000,0xb0a6,0xf0e9,0xf107,0xf128,0xf167,
0xf986,0xf9c7,0xfa28,0xb904,0xac90,0xffff,0xffff,0xb491,0x5040,0x8247,0xe247,0xf9c7,0xfa07,0xf9e7,0xf227,0xf5f6,
0xee58,0xc2a9,0xf146,0xf12c,0xb068,0x0000,0x0000,0x0000,0x0000,0x0000,0x0000,0x0000,0x0000,0x0000,0x0000,0x0000,
0x0000,0x0000,0x0000,0x0000,0x0000,0x0000,0x0000,0x0000,0x0000,0x0000,0x0000,0x0000,0xc8c7,0xf96a,0xe908,0xe8e7,
0xf126,0xf966,0xf9c7,0xf9e8,0xc125,0xc512,0xf7de,0xffff,0xbe17,0xd3cc,0xf9c6,0xf9e7,0xf9e7,0xf9e7,0xf9e7,0xf165,
0xe924,0xf945,0xf14b,0xb889,0x0000,0x0000,0x0000,0x0000,0x0000,0x0000,0x0000,0x0000,0x0000,0x0000,0x0000,0x0000,
0x0000,0x0000,0x0000,0x0000,0x0000,0x0000,0x0000,0x0000,0x0000,0x0000,0x0000,0x0000,0x0000,0xc8c8,0xf94c,0xe8e8,
0xe8e6,0xf127,0xf947,0xf9a7,0xf9e7,0xe166,0xcaa9,0xbb8d,0xda68,0xf185,0xf9e7,0xf9e7,0xf9e7,0xf9c7,0xf9e7,0xf9c7,
0xf9a8,0xf16c,0xc0aa,0x0000,0x0000,0x0000,0x0000,0x0000,0x0000,0x0000,0x0000,0x0000,0x0000,0x0000,0x0000,0x0000,
0x0000,0x0000,0x0000,0x0000,0x0000,0x0000,0x0000,0x0000,0x0000,0x0000,0x0000,0x0000,0x0000,0x0000,0xc8a8,0xf14c,
0xe8e8,0xe8c6,0xe906,0xf146,0xf167,0xf9a8,0xf967,0xf166,0xf987,0xf9e7,0xf9e7,0xf9c7,0xf987,0xf987,0xf947,0xf949,
0xe94c,0xb889,0x0000,0x0000,0x0000,0x0000,0x0000,0x0000,0x0000,0x0000,0x0000,0x0000,0x0000,0x0000,0x0000,0x0000,
0x0000,0x0000,0x0000,0x0000,0x0000,0x0000,0x0000,0x0000,0x0000,0x0000,0x0000,0x0000,0x0000,0x0000,0x0000,0xb887,
0xe90b,0xf12b,0xf12a,0xe8e8,0xe8e7,0xf127,0xf147,0xf167,0xf187,0xf967,0xf967,0xf146,0xf106,0xf108,0xf12c,0xd8eb,
0xb067,0x0000,0x0000,0x0000,0x0000,0x0000,0x0000,0x0000,0x0000,0x0000,0x0000,0x0000,0x0000,0x0000,0x0000,0x0000,
0x0000,0x0000,0x0000,0x0000,0x0000,0x0000,0x0000,0x0000,0x0000,0x0000,0x0000,0x0000,0x0000,0x0000,0x0000,0x0000,
0x0000,0xb887,0xe10b,0xf12c,0xf10b,0xe8e8,0xe8e6,0xe907,0xf127,0xf127,0xe8e7,0xe0a7,0xe8eb,0xe94d,0xc088,0x0000,
0x0000,0x0000,0x0000,0x0000,0x0000,0x0000,0x0000,0x0000,0x0000,0x0000,0x0000,0x0000,0x0000,0x0000,0x0000,0x0000,
0x0000,0x0000,0x0000,0x0000,0x0000,0x0000,0x0000,0x0000,0x0000,0x0000,0x0000,0x0000,0x0000,0x0000,0x0000,0x0000,
0x0000,0x0000,0x0000,0xb867,0xe10b,0xe94e,0xe8c9,0xd8a7,0xe0e9,0xe0c7,0xd8c9,0xe8ed,0xe92d,0xb867,0x0000,0x0000,
0x0000,0x0000,0x0000,0x0000,0x0000,0x0000,0x0000,0x0000,0x0000,0x0000,0x0000,0x0000,0x0000,0x0000,0x0000,0x0000,
0x0000,0x0000,0x0000,0x0000,0x0000,0x0000,0x0000,0x0000,0x0000,0x0000,0x0000,0x0000,0x0000,0x0000,0x0000,0x0000,
0x0000,0x0000,0x0000,0x0000,0x0000,0xb888,0xe90c,0xf0ec,0xe0ca,0xe0a8,0xe8ec,0xf14f,0xb867,0x0000,0x0000,0x0000,
0x0000,0x0000,0x0000,0x0000,0x0000,0x0000,0x0000,0x0000,0x0000,0x0000,0x0000,0x0000,0x0000,0x0000,0x0000,0x0000,
0x0000,0x0000,0x0000,0x0000,0x0000,0x0000,0x0000,0x0000,0x0000,0x0000,0x0000,0x0000,0x0000,0x0000,0x0000,0x0000,
0x0000,0x0000,0x0000,0x0000,0x0000,0x0000,0xa866,0xe10d,0xf10d,0xe0ca,0xf970,0xc0ca,0x0000,0x0000,0x0000,0x0000,
0x0000,0x0000,0x0000,0x0000,0x0000,0x0000,0x0000,0x0000,0x0000,0x0000,0x0000,0x0000,0x0000,0x0000,0x0000,0x0000,
0x0000,0x0000,0x0000,0x0000,0x0000,0x0000,0x0000,0x0000,0x0000,0x0000,0x0000,0x0000,0x0000,0x0000,0x0000,0x0000,
0x0000,0x0000,0x0000,0x0000,0x0000,0x0000,0x0000,0xa866,0xe90e,0xf931,0xd8ed,0x0000,0x0000,0x0000,0x0000,0x0000,
0x0000,0x0000,0x0000,0x0000,0x0000,0x0000,0x0000,0x0000,0x0000,0x0000,0x0000,0x0000,0x0000,0x0000,0x0000,0x0000,
0x0000,0x0000,0x0000,0x0000,0x0000,0x0000,0x0000,0x0000,0x0000,0x0000,0x0000,0x0000,0x0000,0x0000,0x0000,0x0000,
0x0000,0x0000,0x0000,0x0000,0x0000,0x0000,0x0000,0x0000,0xb089,0xf110,0xa047,0x0000,0x0000,0x0000,0x0000,0x0000,
0x0000,0x0000,0x0000,0x0000,0x0000,0x0000,0x0000,0x0000,0x0000,0x0000,0x0000,0x0000,0x0000,0x0000,0x0000,0x0000,
0x0000,0x0000,0x0000,0x0000,0x0000,0x0000,0x0000,0x0000,0x0000,0x0000,0x0000,0x0000,0x0000,0x0000,0x0000,0x0000,
0x0000,0x0000,0x0000,0x0000,0x0000,0x0000,0x0000,0x0000,0x0000,0xb069,0x0000,0x0000,0x0000,0x0000,0x0000,0x0000,
0x0000,0x0000,0x0000,0x0000,0x0000,0x0000,0x0000,0x0000,0x0000,0x0000,0x0000,0x0000,0x0000,0x0000,0x0000,0x0000,
0x0000,0x0000,0x0000,0x0000,0x0000,0x0000,0x0000,0x0000,0x0000,0x0000,0x0000,0x0000,0x0000,0x0000,0x0000,0x0000,
0x0000,0x0000,0x0000,0x0000,0x0000,0x0000,0x0000,0x0000,0x0000,0x0000,0x0000,0x0000,0x0000,0x0000,0x0000,0x0000,
0x0000,0x0000,0x0000,0x0000,0x0000,0x0000,0x0000,0x0000,0x0000,0x0000,0x0000,0x0000,0x0000,0x0000,0x0000,0x0000,
0x0000,0x0000,0x0000,0x0000,0x0000,0x0000,0x0000,0x0000,0x0000,0x0000,0x0000,0x0000,0x0000,0x0000,0x0000,0x0000,
0x0000,0x0000,0x0000,0x0000,0x0000,0x0000,0x0000,0x0000,0x0000,0x0000,0x0000,0x0000,0x0000,0x0000,0x0000,0x0000,
0x0000,0x0000,0x0000,0x0000,0x0000,0x0000,0x0000,0x0000,0x0000,0x0000,0x0000,0x0000,0x0000,0x0000,0x0000,0x0000,
},
{
0x0000,0x0000,0x0000,0x0000,0x0000,0x0000,0x0000,0x0000,0x0000,0x0000,0x0000,0x0000,0x0000,0x0000,0x0000,0x0000,
0x0000,0x0000,0x0000,0x0000,0x0000,0x0000,0x0000,0x0000,0x0000,0x0000,0x0000,0x0000,0x0000,0x0000,0x0000,0x0000,
0x0000,0x0000,0x0000,0x0000,0x0000,0x0000,0x0000,0x0000,0x0000,0x0000,0x0000,0x0000,0x0000,0x0000,0x0000,0x0000,
0x0000,0x0000,0x0000,0x0000,0x0000,0x0000,0x0000,0x0000,0x0000,0x0000,0x0000,0x0000,0x0000,0x0000,0x0000,0x0000,
0x0000,0x0000,0x0000,0x0000,0x0000,0x0000,0x0000,0x0000,0x0000,0x0000,0x0000,0x0000,0x0000,0x0000,0x0000,0x0000,
0x0000,0x0000,0x0000,0x0000,0x0000,0x0000,0x0000,0x0000,0x0000,0x0000,0x0000,0x0000,0x0000,0x0000,0x0000,0x0000,
0x0000,0x0000,0x0000,0x0000,0x0000,0x0000,0x0000,0x0000,0x0000,0x0000,0x0000,0x0000,0x0000,0x0000,0x0000,0x0000,
0x0000,0x0000,0x0000,0x0000,0x0000,0x0000,0x0000,0x0000,0x0000,0x0000,0x0000,0x0000,0x0000,0x0000,0x0000,0x0000,
0x0000,0x0000,0x0000,0x0000,0x0000,0x0000,0x0000,0x0000,0x0000,0x0000,0x0000,0x0000,0x0000,0x0000,0x0000,0x0000,
0x0000,0x0000,0x0000,0x0000,0x0000,0x0000,0x0000,0x0000,0x0000,0x0000,0x0000,0x0000,0x0000,0x0000,0x0000,0x0000,
0x0000,0x0000,0x0000,0x0000,0x0000,0x0000,0x0000,0x0000,0x0000,0x0000,0x0000,0x0000,0x0000,0x0000,0x0000,0x0000,
0x0000,0x0000,0x0000,0x0000,0x0000,0x0000,0x0000,0x0000,0x0000,0x0000,0x0000,0x0000,0x0000,0x0000,0x0000,0x0000,
0x0000,0x0000,0x0000,0x0000,0x0000,0x0000,0x0000,0x0000,0x0000,0x0000,0x0000,0x0000,0x0000,0x0000,0x0000,0x0000,
0x0000,0x0000,0x0000,0x0000,0x0000,0x0457,0x0436,0x0436,0x0436,0x0436,0x0000,0x0000,0x0000,0x0000,0x0000,0x0000,
0x0000,0x0000,0x0000,0x2ddb,0x2e1b,0x0000,0x0000,0x0000,0x0000,0x0000,0x0000,0x0000,0x0000,0x0000,0x0000,0x0000,
0x0000,0x0000,0x0000,0x0000,0x0000,0x0000,0x0000,0x0000,0x0000,0x0000,0x0000,0x0000,0x0000,0x0000,0x0000,0x0000,
0x0000,0x0000,0x0498,0x1539,0x2dfb,0x46bd,0x673e,0x5f3e,0x573e,0x46dd,0x2e3c,0x157a,0x0498,0x0000,0x0000,0x0000,
0x0000,0x0000,0x0000,0x575e,0x67dd,0x055a,0x0000,0x0000,0x0000,0x0000,0x0000,0x0000,0x0000,0x0000,0x0000,0x0000,
0x0000,0x0000,0x0000,0x0000,0x0000,0x0000,0x0000,0x0000,0x0000,0x0000,0x0000,0x0000,0x0000,0x0000,0x0000,0x0000,
0x0477,0x1d7a,0x5f1f,0x87df,0x8fff,0x87ff,0x77fe,0x57fd,0x5ffe,0x6fff,0x77ff,0x67df,0x575e,0x2e3d,0x0cb9,0x0000,
0x0000,0x0000,0x0000,0x0dfc,0x175d,0x15db,0x0000,0x0000,0x0000,0x0000,0x0000,0x0000,0x0000,0x0000,0x0000,0x0000,
0x0000,0x0000,0x0000,0x0000,0x0000,0x0000,0x0000,0x0000,0x0000,0x0000,0x0000,0x0000,0x0000,0x0000,0x0000,0x0d39,
0x56de,0x87ff,0x87ff,0x6fdf,0x4fbe,0x2fbd,0x275c,0x273c,0x275c,0x2f5d,0x2f5d,0x377e,0x4fde,0x6fff,0x575e,0x1d5a,
0x0000,0x0000,0x0000,0x0000,0x0d9b,0x0cfa,0x0000,0x0000,0x0000,0x0000,0x0000,0x0000,0x0000,0x0000,0x0000,0x0000,
0x0000,0x0000,0x0000,0x0000,0x0000,0x0000,0x0000,0x0000,0x0000,0x0000,0x0000,0x0000,0x0000,0x0000,0x1d5a,0x7fbf,
0x97ff,0x4fde,0x27bd,0x2f9c,0x379b,0x377b,0x26bc,0x269d,0x267d,0x26bd,0x26dd,0x26bd,0x26dd,0x377e,0x5fff,0x6fff,
0x2e1c,0x0000,0x0000,0x0000,0x0000,0x0000,0x0000,0x0000,0x0000,0x0000,0x0000,0x0000,0x0000,0x0000,0x0000,0x0000,
0x0000,0x0000,0x0000,0x0000,0x0000,0x0000,0x0000,0x0000,0x0000,0x0000,0x0000,0x0000,0x0000,0x25bb,0x8fbf,0x7fff,
0x47de,0x57dc,0x67bb,0x277b,0x2f5b,0x26db,0x26bd,0x26bd,0x267d,0x267e,0x2ebe,0x2e7e,0x2e7e,0x2ede,0x2f1e,0x479f,
0x67ff,0x2e5d,0x0418,0x0000,0x0000,0x0000,0x0000,0x0000,0x0000,0x0000,0x0000,0x0000,0x0000,0x0000,0x0000,0x0000,
0x0000,0x0000,0x0000,0x0000,0x0000,0x0000,0x0000,0x0000,0x0000,0x0000,0x0000,0x0000,0x153a,0x87df,0x7fff,0x37de,
0x87dc,0xf7fc,0xf7fb,0x6f9b,0x2f5b,0x375b,0x26dd,0x26bd,0x269d,0x265e,0x2e5f,0x2e5f,0x2e1f,0x2e5f,0x261f,0x2e9f,
0x375f,0x5fff,0x263c,0x0000,0x0000,0x0000,0x0000,0x0000,0x0000,0x0000,0x0000,0x0000,0x0000,0x0000,0x0000,0x0000,
0x0000,0x0000,0x0000,0x0000,0x0000,0x0000,0x0000,0x0000,0x0000,0x0000,0x0000,0x0cf9,0x677f,0x5fff,0x2fbe,0x87db,
0xfffc,0xfffe,0xfffd,0x979b,0x277a,0x373c,0x26bd,0x26bd,0x2e9d,0x2e7f,0x2e5f,0x2e3f,0x2dff,0x25df,0x2dbf,0x2ddf,
0x2e9f,0x373f,0x4fff,0x159b,0x0000,0x0000,0x0000,0x0000,0x0000,0x0000,0x0000,0x0000,0x0000,0x0000,0x0000,0x0000,
0x0000,0x0000,0x0000,0x0000,0x25fb,0x0000,0x0000,0x0000,0x0000,0x0000,0x04b8,0x4efe,0x6fff,0x277e,0x377b,0xdfdb,
0xfffd,0xfffb,0xd7d9,0x477b,0x375b,0x26dd,0x269d,0x26bd,0x269e,0x2e5f,0x2e5f,0x2e5f,0x2e1f,0x2e5f,0x2e1f,0x2dbf,
0x2e5f,0x269f,0x373f,0x3f9e,0x04b9,0x0000,0x0000,0x0000,0x0000,0x0000,0x0000,0x0000,0x0000,0x0000,0x0000,0x0000,
0x0000,0x0000,0x04f8,0x7efd,0x9fff,0x0ddb,0x0000,0x0000,0x0000,0x0000,0x25fc,0x77ff,0x3f9f,0x273d,0x275b,0xa7bb,
0xf7db,0xc7b9,0x4f7a,0x377b,0x373c,0x26bd,0x2e9d,0x269e,0x2e7e,0x2e5f,0x2e3f,0x2e3f,0x2e1f,0x2e3f,0x2e5f,0x2ddf,
0x2ddf,0x2e1f,0x2dff,0x3f9f,0x2edd,0x0479,0x0000,0x0000,0x0000,0x0000,0x0000,0x0000,0x0000,0x0000,0x0000,0x0000,
0x0000,0x0000,0x0d9a,0x77ff,0x4fde,0x0e3c,0x0000,0x0000,0x0000,0x04b9,0x575e,0x57ff,0x2f3e,0x1efc,0x377a,0x3f7b,
0x577b,0x3f7b,0x2f5b,0x3f5b,0x2edd,0x2e9e,0x2e7e,0x2e7e,0x2e5f,0x2e3f,0x2e3f,0x2e1f,0x2e1f,0x2dff,0x2ddf,0x2d9f,
0x2ddf,0x2e9e,0x2d9f,0x2e5f,0x47df,0x155b,0x0000,0x0000,0x0000,0x0000,0x0000,0x0d1a,0x0000,0x0000,0x0000,0x0000,
0x0000,0x0000,0x159a,0x279e,0x0f5d,0x0d9a,0x0000,0x0000,0x0000,0x2e1c,0x6fff,0x375e,0x1ede,0x577b,0x87da,0x271c,
0x271c,0x373c,0x371c,0x2ebd,0x2e9e,0x2e9f,0x2e7f,0x2e5f,0x2e5f,0x2e1f,0x2e1f,0x2e1f,0x2dff,0x35ff,0x2ddf,0x2d9f,
0x2d9f,0x2e3e,0x2d9f,0x2dbf,0x36df,0x2f3e,0x0479,0x0000,0x0000,0x0000,0x157a,0x97ff,0x265d,0x0000,0x0000,0x0000,
0x0000,0x0000,0x0000,0x165c,0x0e5d,0x0cd9,0x0000,0x0000,0x04d9,0x573e,0x57df,0x26fe,0x1e7e,0x5f7c,0x5f7c,0x26dd,
0x26dd,0x26bd,0x2ebe,0x2e9e,0x2e9e,0x2e7f,0x2e5f,0x2e3f,0x2e3f,0x2e1f,0x2e1f,0x2e1f,0x2dff,0x2dff,0x35ff,0x2ddf,
0x2d7f,0x2d5f,0x2d5f,0x2d9f,0x2e1f,0x3f9f,0x159b,0x0000,0x0000,0x0000,0x269c,0x87fe,0x375e,0x051a,0x0000,0x0000,
0x0000,0x0000,0x0000,0x0000,0x151a,0x0000,0x0000,0x0000,0x155b,0x6fdf,0x377f,0x267e,0x2e1e,0x36de,0x2ebe,0x2ebe,
0x2ebd,0x2e9e,0x2e9e,0x2e7e,0x2e7e,0x2e5f,0x2e3f,0x2e3f,0x2e3f,0x2e1f,0x2e1f,0x2e1f,0x2dff,0x2ddf,0x35ff,0x35ff,
0x2d9f,0x2d7f,0x2d7f,0x2d3f,0x2dbf,0x375f,0x26fe,0x0000,0x0000,0x0000,0x163d,0x16fe,0x16be,0x155b,0x0000,0x0000,
0x0000,0x0000,0x0000,0x0000,0x0000,0x0000,0x0000,0x0000,0x367d,0x57ff,0x271f,0x2e1f,0x2e1f,0x2e7f,0x2e3f,0x2e5f,
0x2e7e,0x2e5f,0x2e3f,0x2e3f,0x363f,0x2e1f,0x2e1f,0x2e1f,0x2e1f,0x2dff,0x361f,0x35ff,0x2dbf,0x2e1f,0x2dde,0x2d5c,
0x2dff,0x2dbf,0x2d5f,0x2d5f,0x2d3f,0x2e3f,0x2f9f,0x0cb9,0x0000,0x0000,0x0d3b,0x1ebf,0x1ebf,0x0cf9,0x0000,0x0000,
0x0000,0x0000,0x0000,0x0000,0x0000,0x0000,0x0000,0x155a,0x67ff,0x3f9f,0x2e7f,0x361f,0x2e1f,0x2e1f,0x2dff,0x2dff,
0x2e1f,0x2e3f,0x2e3f,0x363f,0x361f,0x2e1f,0x361f,0x2dff,0x2dff,0x2dff,0x361f,0x35ff,0x363f,0x13f6,0x0108,0x0086,
0x018b,0x24dc,0x2dbf,0x2d5f,0x2d1f,0x255f,0x2f7f,0x1e3c,0x0000,0x0000,0x0000,0x0d9b,0x157a,0x0000,0x0000,0x0000,
0x0000,0x0000,0x0000,0x0000,0x0000,0x0000,0x0c99,0x4f1e,0x67ff,0x373f,0x2e5f,0x2dbf,0x2dbf,0x2ddf,0x2ddf,0x2dff,
0x2e3f,0x2e5f,0x2e7f,0x369f,0x3e7f,0x361f,0x2ddf,0x2dff,0x35ff,0x35ff,0x35ff,0x363f,0x24da,0x10e9,0x6bb4,0x8498,
0x420c,0x00ca,0x251e,0x2d7f,0x24ff,0x253f,0x26df,0x371d,0x04b9,0x0000,0x0000,0x0000,0x0000,0x0000,0x0000,0x0000,
0x0000,0x0000,0x0000,0x0000,0x0000,0x0000,0x469d,0x77ff,0x3f7e,0x2edf,0x2e3f,0x2d9f,0x2d9f,0x2ddf,0x35df,0x2ddf,
0x2e1f,0x36bf,0x367f,0x251a,0x24f9,0x35fe,0x365f,0x2ddf,0x2ddf,0x35df,0x35bf,0x365f,0x124e,0x7c57,0xd6de,0xd6bc,
0x3a0e,0x0005,0x1231,0x2d9f,0x2cff,0x2d3f,0x25ff,0x47be,0x155a,0x0000,0x0000,0x0000,0x0000,0x0000,0x0000,0x0000,
0x0000,0x0000,0x0000,0x0000,0x0000,0x1d5b,0x6fdf,0x47de,0x2f3e,0x265f,0x2dff,0x2d9f,0x2d7f,0x2dbf,0x35bf,0x2dbf,
0x2e3f,0x1c59,0x010b,0x0889,0x10aa,0x092c,0x13b6,0x363f,0x35df,0x35df,0x35ff,0x251c,0x3271,0xd67c,0xf77c,0xef7e,
0x4ab0,0x0006,0x0088,0x249b,0x2d3f,0x2d1f,0x1dbf,0x47bf,0x263c,0x0000,0x0000,0x0000,0x0000,0x0000,0x0000,0x0000,
0x0000,0x0000,0x0000,0x0000,0x0458,0x3ebe,0x7fff,0x37be,0x26bf,0x255f,0x25df,0x2d9f,0x2d3f,0x2d9f,0x2d7f,0x35ff,
0x1c18,0x0046,0x5b13,0x9d1b,0xa59c,0x5352,0x0004,0x1b76,0x361f,0x359f,0x3e3f,0x1bf8,0x6333,0xf79c,0xffff,0x8c96,
0x002a,0x0047,0x0026,0x1356,0x2d3f,0x2d1f,0x25df,0x479f,0x36fe,0x0439,0x0000,0x0000,0x0000,0x0000,0x0000,0x0000,
0x0000,0x0000,0x0000,0x0000,0x04b9,0x679e,0x5fdf,0x273e,0x263f,0x255f,0x2e5f,0x2dbf,0x2d3f,0x2d7f,0x2d9f,0x2d5e,
0x092b,0x73d5,0xdebe,0xe6dc,0xd73d,0x3a4d,0x0027,0x008a,0x2cfc,0x35df,0x3e1f,0x243a,0x94d8,0xfffe,0xfffe,0xadb9,
0x00cf,0x010c,0x014d,0x1376,0x251f,0x2d5f,0x261f,0x3f5f,0x377f,0x049a,0x0000,0x0000,0x0000,0x0000,0x0000,0x0000,
0x0000,0x0000,0x0000,0x0000,0x04b9,0x5f9e,0x4fdf,0x273f,0x2ebf,0x2dbf,0x2d9f,0x357f,0x2d3f,0x2d3f,0x2dbf,0x1bd7,
0x322f,0xdeff,0xf73b,0xffbc,0xe79d,0x8454,0x004a,0x0028,0x12d1,0x35ff,0x3d9f,0x2d1e,0x8d5b,0xffff,0xfffd,0xf7bd,
0x32f6,0x0153,0x2314,0x353e,0x24df,0x2d1f,0x1ddf,0x379f,0x2f3f,0x0458,0x0000,0x0000,0x0000,0x0000,0x0000,0x0000,
0x0000,0x0000,0x0000,0x0000,0x0458,0x36dd,0x67ff,0x2fbf,0x2eff,0x2dff,0x2d7f,0x2d5f,0x2d3f,0x2d3f,0x359f,0x0a10,
0x94b6,0xffbd,0xf79c,0xffff,0x9579,0x000a,0x0069,0x0007,0x09ad,0x35bf,0x359f,0x255f,0x5d3d,0xfffe,0xffdd,0xfffe,
0xd6dc,0x8475,0x95ba,0x2cff,0x2cff,0x2d3f,0x1e5f,0x3fdf,0x2ebd,0x0000,0x0000,0x0000,0x0000,0x0000,0x0000,0x0000,
0x0000,0x0000,0x0000,0x0000,0x0000,0x157a,0x57be,0x4fff,0x375f,0x371f,0x2e1f,0x2d5f,0x2d1f,0x2d3f,0x35bf,0x09ae,
0xb577,0xfffe,0xffdd,0xffff,0xce9c,0x010e,0x00cc,0x014e,0x0210,0x359f,0x357f,0x357f,0x24de,0xbedd,0xfffe,0xffff,
0xffff,0xf79d,0x449b,0x2d1f,0x355f,0x2e3f,0x1efe,0x47ff,0x2e3c,0x0000,0x0000,0x0000,0x0000,0x0000,0x0000,0x0000,
0x0000,0x0000,0x0000,0x0000,0x0000,0x0000,0x155a,0x473e,0x57ff,0x379f,0x2e7f,0x2d3f,0x2d1f,0x2d3f,0x35bf,0x1b16,
0xb556,0xfffe,0xffdd,0xfffd,0xfffe,0x6394,0x01d3,0x0231,0x3bd3,0x359f,0x355f,0x353f,0x355f,0x2cbd,0x95db,0xd69c,
0xae1b,0x33f9,0x24be,0x357f,0x2d9f,0x36bf,0x37be,0x4fde,0x153a,0x0000,0x0000,0x0000,0x0000,0x0000,0x0000,0x0000,
0x0000,0x0000,0x0000,0x0000,0x0000,0x0000,0x0000,0x0438,0x3ebd,0x3f9f,0x265f,0x2d7f,0x2d5f,0x2d3f,0x357f,0x1c5d,
0x63b6,0xfffe,0xf7dd,0xffdd,0xfffd,0xf7be,0x9518,0xad97,0x54da,0x2d1f,0x351f,0x353f,0x353f,0x353f,0x249e,0x23fb,
0x1c7d,0x251f,0x2d3f,0x2d7f,0x2e1f,0x2efe,0x57fe,0x4f5e,0x0499,0x0000,0x0000,0x0000,0x0000,0x0000,0x0000,0x0000,
0x0000,0x0000,0x0000,0x0000,0x0000,0x0000,0x0000,0x0000,0x0cd9,0x47bf,0x26df,0x2ddf,0x35bf,0x2d3f,0x2d3f,0x357f,
0x1b39,0xb5d9,0xffff,0xfffe,0xfffd,0xffff,0xffff,0xa5fb,0x1c7d,0x353f,0x2d1f,0x2d1f,0x353f,0x353f,0x353f,0x355f,
0x353f,0x2d1f,0x2d5f,0x261f,0x26de,0x479e,0x77ff,0x15bc,0x0459,0x0000,0x0000,0x0000,0x0000,0x0000,0x0000,0x0000,
0x0000,0x0000,0x0000,0x0000,0x0000,0x0000,0x0000,0x0000,0x0cd9,0x4fbe,0x375f,0x263f,0x2d9f,0x2d7f,0x2d1f,0x2d3f,
0x2d3f,0x23da,0x8d9a,0xe73c,0xef7d,0xd73d,0x6cd9,0x13ba,0x2d1f,0x2d1f,0x2d1f,0x2d1f,0x2d1f,0x2d1f,0x2d1f,0x2cff,
0x2d5f,0x2d7f,0x25df,0x26de,0x377e,0x67fe,0x46bd,0x055c,0x0d19,0x0000,0x0000,0x0000,0x0000,0x0000,0x0000,0x0000,
0x0000,0x0000,0x0000,0x0000,0x0d7b,0x0000,0x0000,0x0000,0x0479,0x471e,0x4fdf,0x26df,0x2e5f,0x2d9f,0x2dbf,0x3ddf,
0x357f,0x3dbf,0x249d,0x2bfb,0x3bf9,0x2c9c,0x1c9e,0x2d1f,0x2d1f,0x351f,0x351f,0x2d1f,0x2d3f,0x2d3f,0x2d7f,0x2d7f,
0x2ddf,0x2e7f,0x273e,0x273d,0x57de,0x6f9f,0x0d1d,0x0e5d,0x0cf9,0x0000,0x0000,0x0000,0x0000,0x0000,0x0000,0x0000,
0x0000,0x0000,0x0000,0x2dfa,0x87ff,0x1e1c,0x0000,0x0000,0x0000,0x1ddc,0x67ff,0x375f,0x2edf,0x263f,0x2e1e,0x3e1f,
0x2d5f,0x359f,0x357f,0x2d3f,0x2d3f,0x353f,0x2d3f,0x2d1f,0x2d3f,0x355f,0x2d5f,0x2d5f,0x2d7f,0x2d7f,0x2ddf,0x25ff,
0x269f,0x375e,0x2f9d,0x3fbe,0x6ffe,0x369f,0x15de,0x273d,0x04d9,0x0000,0x0000,0x0000,0x0000,0x0000,0x0000,0x0000,
0x0000,0x0000,0x0000,0x3e9c,0x7ffe,0x273d,0x0d5b,0x0000,0x0000,0x0479,0x46fe,0x5fff,0x2f5f,0x2eff,0x2dfe,0x2dbf,
0x35df,0x2dbf,0x2d5f,0x2d1f,0x353f,0x2d3f,0x2d3f,0x2d5f,0x2d9f,0x2d9f,0x2dbf,0x2dbf,0x2dbf,0x2e1f,0x2e5f,0x26de,
0x3f9e,0x479f,0x6fff,0x57be,0x4fbe,0x265f,0x269e,0x47de,0x159a,0x0000,0x0000,0x0000,0x0000,0x0000,0x0000,0x0000,
0x0000,0x0000,0x0000,0x1ddb,0x2f7d,0x16fc,0x163d,0x0000,0x0000,0x0000,0x0479,0x573e,0x67ff,0x373f,0x2edf,0x2e9f,
0x2e5f,0x2e9f,0x2dff,0x2dbf,0x2ddf,0x2dbf,0x2ddf,0x2ddf,0x2dff,0x2e1f,0x2e3f,0x2e3f,0x261f,0x2e9f,0x273e,0x47be,
0x7fff,0x87ff,0x5f3d,0x0d3a,0x477e,0x1e7f,0x2f1e,0x47bd,0x0d39,0x0000,0x0000,0x0000,0x0000,0x0000,0x0000,0x0000,
0x0000,0x0000,0x0000,0x0000,0x2ebe,0x273d,0x1e9e,0x0000,0x0000,0x0000,0x0000,0x0cba,0x46de,0x67ff,0x4fdf,0x3f5f,
0x3f5f,0x375f,0x2ebf,0x2e5f,0x2e5f,0x2e1f,0x2e5f,0x2e7f,0x269f,0x26df,0x375e,0x2efe,0x26be,0x2f5e,0x57de,0x77ff,
0x3e9d,0x3e5e,0x047a,0x0cb9,0x47be,0x271e,0x57de,0x3f1d,0x0437,0x0000,0x0000,0x0000,0x0000,0x0000,0x0000,0x0000,
0x0000,0x0000,0x0000,0x0000,0x0000,0x157a,0x0d19,0x0000,0x0000,0x0000,0x0000,0x0000,0x0499,0x1d7b,0x3edd,0x577e,
0x5fbe,0x67ff,0x47bf,0x377f,0x2f3f,0x2edf,0x2eff,0x2f1f,0x2f1f,0x47de,0x3f9d,0x377e,0x47be,0x6fff,0x77ff,0x2dfb,
0x047a,0x0000,0x0cba,0x2e5d,0x3fde,0x3f5e,0x7fff,0x25fb,0x0000,0x0000,0x0000,0x0000,0x0000,0x0000,0x0000,0x0000,
0x0000,0x0000,0x0000,0x0000,0x0000,0x0000,0x0000,0x0000,0x0000,0x0000,0x0000,0x0000,0x0000,0x0000,0x0000,0x0498,
0x0498,0x46dd,0x77ff,0x6fff,0x4fde,0x377e,0x379e,0x47be,0x5fff,0x6fde,0x6fff,0x6fff,0x6fdf,0x56fd,0x1519,0x0000,
0x0000,0x0000,0x0000,0x475f,0x5fff,0x77ff,0x46fd,0x0437,0x0000,0x0000,0x0000,0x0000,0x0000,0x0000,0x0000,0x0000,
0x0000,0x0000,0x0000,0x0000,0x0000,0x0000,0x0000,0x0000,0x0000,0x0000,0x0000,0x0000,0x0000,0x0000,0x0000,0x0000,
0x04b9,0x0479,0x1d7b,0x575d,0x5fde,0x5ffe,0x57de,0x77ff,0x369d,0x0d1c,0x2e1c,0x365c,0x1519,0x0477,0x0000,0x0000,
0x0000,0x0000,0x0000,0x15bc,0x475e,0x261c,0x0458,0x0000,0x0000,0x0000,0x0000,0x0000,0x0000,0x0000,0x0000,0x0000,
0x0000,0x0000,0x0000,0x0000,0x0000,0x0000,0x0000,0x0000,0x0000,0x0000,0x0000,0x0000,0x0000,0x0000,0x0000,0x0000,
0x0000,0x2ebc,0x265b,0x163c,0x15dc,0x46fd,0x6ffe,0x265d,0x04da,0x0000,0x0000,0x0000,0x0000,0x0000,0x0000,0x0000,
0x0000,0x0000,0x0000,0x0000,0x0000,0x0000,0x0000,0x0000,0x0000,0x0000,0x0000,0x0000,0x0000,0x0000,0x0000,0x0000,
0x0000,0x0000,0x0000,0x0000,0x0000,0x0000,0x0000,0x0000,0x0000,0x0000,0x0000,0x0000,0x0000,0x0000,0x0000,0x0000,
0x0000,0x1e1a,0x5ffe,0x6ffe,0x26bd,0x15bd,0x4f5e,0x04ba,0x0000,0x0000,0x0000,0x0000,0x0000,0x0000,0x0000,0x0000,
0x0000,0x0000,0x0000,0x0000,0x0000,0x0000,0x0000,0x0000,0x0000,0x0000,0x0000,0x0000,0x0000,0x0000,0x0000,0x0000,
0x0000,0x0000,0x0000,0x0000,0x0000,0x0000,0x0000,0x0000,0x0000,0x0000,0x0000,0x0000,0x0000,0x0000,0x0000,0x0000,
0x0000,0x04d8,0x265c,0x47be,0x47fe,0x267c,0x0cb9,0x0000,0x0000,0x0000,0x0000,0x0000,0x0000,0x0000,0x0000,0x0000,
0x0000,0x0000,0x0000,0x0000,0x0000,0x0000,0x0000,0x0000,0x0000,0x0000,0x0000,0x0000,0x0000,0x0000,0x0000,0x0000,
0x0000,0x0000,0x0000,0x0000,0x0000,0x0000,0x0000,0x0000,0x0000,0x0000,0x0000,0x0000,0x0000,0x0000,0x0000,0x0000,
0x0000,0x0000,0x0000,0x0519,0x0d59,0x04b8,0x0000,0x0000,0x0000,0x0000,0x0000,0x0000,0x0000,0x0000,0x0000,0x0000,
0x0000,0x0000,0x0000,0x0000,0x0000,0x0000,0x0000,0x0000,0x0000,0x0000,0x0000,0x0000,0x0000,0x0000,0x0000,0x0000,
0x0000,0x0000,0x0000,0x0000,0x0000,0x0000,0x0000,0x0000,0x0000,0x0000,0x0000,0x0000,0x0000,0x0000,0x0000,0x0000,
0x0000,0x0000,0x0000,0x0000,0x0000,0x0000,0x0000,0x0000,0x0000,0x0000,0x0000,0x0000,0x0000,0x0000,0x0000,0x0000,
0x0000,0x0000,0x0000,0x0000,0x0000,0x0000,0x0000,0x0000,0x0000,0x0000,0x0000,0x0000,0x0000,0x0000,0x0000,0x0000,
0x0000,0x0000,0x0000,0x0000,0x0000,0x0000,0x0000,0x0000,0x0000,0x0000,0x0000,0x0000,0x0000,0x0000,0x0000,0x0000,
0x0000,0x0000,0x0000,0x0000,0x0000,0x0000,0x0000,0x0000,0x0000,0x0000,0x0000,0x0000,0x0000,0x0000,0x0000,0x0000,
0x0000,0x0000,0x0000,0x0000,0x0000,0x0000,0x0000,0x0000,0x0000,0x0000,0x0000,0x0000,0x0000,0x0000,0x0000,0x0000,
0x0000,0x0000,0x0000,0x0000,0x0000,0x0000,0x0000,0x0000,0x0000,0x0000,0x0000,0x0000,0x0000,0x0000,0x0000,0x0000,
0x0000,0x0000,0x0000,0x0000,0x0000,0x0000,0x0000,0x0000,0x0000,0x0000,0x0000,0x0000,0x0000,0x0000,0x0000,0x0000,
0x0000,0x0000,0x0000,0x0000,0x0000,0x0000,0x0000,0x0000,0x0000,0x0000,0x0000,0x0000,0x0000,0x0000,0x0000,0x0000,
0x0000,0x0000,0x0000,0x0000,0x0000,0x0000,0x0000,0x0000,0x0000,0x0000,0x0000,0x0000,0x0000,0x0000,0x0000,0x0000,
0x0000,0x0000,0x0000,0x0000,0x0000,0x0000,0x0000,0x0000,0x0000,0x0000,0x0000,0x0000,0x0000,0x0000,0x0000,0x0000,
0x0000,0x0000,0x0000,0x0000,0x0000,0x0000,0x0000,0x0000,0x0000,0x0000,0x0000,0x0000,0x0000,0x0000,0x0000,0x0000,
},
{
0x0000,0x0000,0x0000,0x0000,0x0000,0x0000,0x0000,0x0000,0x0000,0x0000,0x0000,0x0000,0x0000,0x0000,0x0000,0x0000,
0x0000,0x0000,0x0000,0x0000,0x0000,0x0000,0x0000,0x0000,0x0000,0x0000,0x0000,0x0000,0x0000,0x0000,0x0000,0x0000,
0x0000,0x0000,0x0000,0x0000,0x0000,0x0000,0x0000,0x0000,0x0000,0x0000,0x0000,0x0000,0x0000,0x0000,0x0000,0x0000,
0x0000,0x0000,0x0000,0x0000,0x0000,0x0000,0x0000,0x0000,0x0000,0x0000,0x0000,0x0000,0x0000,0x0000,0x0000,0x0000,
0x0000,0x0000,0x0000,0x0000,0x0000,0x0000,0x0000,0x0000,0x0000,0x0000,0x0000,0x0000,0x0000,0x0000,0x0000,0x0000,
0x0000,0x0000,0x0000,0x0000,0x0000,0x0000,0x0000,0x0000,0x0000,0x0000,0x0000,0x0000,0x0000,0x0000,0x0000,0x0000,
0x0000,0x0000,0x0000,0x0000,0x0000,0x0000,0x0000,0x0000,0x0000,0x0000,0x0000,0x0000,0x0000,0x0000,0x0000,0x0000,
0x0000,0x0000,0x0000,0x0000,0x0000,0x0000,0x0000,0x81bb,0x0000,0x0000,0x0000,0x0000,0x0000,0x0000,0x0000,0x0000,
0x0000,0x0000,0x0000,0x0000,0x0000,0x0000,0x0000,0x0000,0x0000,0x0000,0x0000,0x0000,0x0000,0x0000,0x0000,0x0000,
0x0000,0x0000,0x0000,0x0000,0x0000,0x0000,0x0000,0x0000,0x0000,0x0000,0x0000,0x0000,0x0000,0x0000,0x0000,0x0000,
0x0000,0x0000,0x0000,0x0000,0x0000,0x0000,0x0000,0x0000,0x9a1f,0x0000,0x0000,0x0000,0x0000,0x0000,0x0000,0x0000,
0x0000,0x0000,0x0000,0x0000,0x0000,0x0000,0x0000,0x0000,0x0000,0x0000,0x0000,0x0000,0x0000,0x0000,0x0000,0x0000,
0x0000,0x0000,0x0000,0x0000,0x0000,0x0000,0x0000,0x0000,0x0000,0x0000,0x0000,0x0000,0x0000,0x0000,0x0000,0x0000,
0x0000,0x0000,0x0000,0x0000,0x0000,0x0000,0x0000,0x89bc,0x91fe,0x0000,0x0000,0x0000,0x0000,0x0000,0x0000,0x0000,
0x0000,0x0000,0x0000,0x0000,0x0000,0x0000,0x0000,0x0000,0x0000,0x0000,0x0000,0x0000,0x0000,0x0000,0x0000,0x0000,
0x0000,0x0000,0x0000,0x0000,0x0000,0x0000,0x0000,0x0000,0x0000,0x0000,0x0000,0x0000,0x0000,0x0000,0x0000,0x0000,
0x0000,0x0000,0x0000,0x0000,0x795a,0x91fc,0x91fc,0x81bb,0x0000,0x0000,0x0000,0x0000,0x0000,0x0000,0x0000,0x0000,
0x0000,0x0000,0x0000,0x0000,0x0000,0x0000,0x0000,0x0000,0x0000,0x0000,0x0000,0x0000,0x0000,0x0000,0x0000,0x0000,
0x0000,0x0000,0x0000,0x0000,0x0000,0x0000,0x0000,0x0000,0x0000,0x0000,0x0000,0x0000,0x0000,0x0000,0x0000,0x0000,
0x0000,0x0000,0x0000,0x817b,0xb2bf,0x9a1d,0x0000,0x0000,0x0000,0x0000,0x0000,0x0000,0x0000,0x0000,0x0000,0x0000,
0x0000,0x0000,0x0000,0x0000,0x0000,0x0000,0x0000,0x0000,0x0000,0x0000,0x0000,0x0000,0x0000,0x0000,0x0000,0x0000,
0x0000,0x0000,0x0000,0x0000,0x0000,0x0000,0x0000,0x0000,0x0000,0x0000,0x0000,0x0000,0x0000,0x0000,0x0000,0x0000,
0x0000,0x0000,0x60f9,0xcb7f,0xcb9f,0x70dc,0x0000,0x0000,0x0000,0x0000,0x0000,0x0000,0x0000,0x0000,0x0000,0x0000,
0x0000,0x0000,0x0000,0x0000,0x0000,0x0000,0x0000,0x0000,0x0000,0x0000,0x0000,0x0000,0x0000,0x0000,0x0000,0x0000,
0x0000,0x0000,0x0000,0x0000,0x0000,0x0000,0x0000,0x0000,0x0000,0x0000,0x0000,0x0000,0x0000,0x0000,0x0000,0x0000,
0x0000,0x0000,0x795b,0xdbff,0xbb1f,0x815d,0x68d9,0x0000,0x0000,0x0000,0x0000,0x0000,0x0000,0x0000,0x0000,0x0000,
0x0000,0x0000,0x0000,0x0000,0x0000,0x0000,0x0000,0x0000,0x0000,0x0000,0x0000,0x0000,0x0000,0x0000,0x0000,0x0000,
0x0000,0x0000,0x0000,0x0000,0x0000,0x0000,0x0000,0x0000,0x0000,0x0000,0x0000,0x0000,0x0000,0x0000,0x0000,0x0000,
0x0000,0x0000,0x715b,0xaa5f,0xc33f,0x899e,0x70fb,0x68d9,0x0000,0x0000,0x0000,0x0000,0x0000,0x0000,0x0000,0x0000,
0x0000,0x0000,0x0000,0x0000,0x0000,0x0000,0x0000,0x0000,0x0000,0x0000,0x0000,0x0000,0x0000,0x0000,0x0000,0x0000,
0x0000,0x0000,0x0000,0x0000,0x0000,0x0000,0x0000,0x0000,0x0000,0x0000,0x0000,0x0000,0x0000,0x0000,0x0000,0x0000,
0x0000,0x0000,0x0000,0x797d,0xb2df,0xb2bf,0x899d,0x813c,0x68d9,0x0000,0x0000,0x0000,0x0000,0x0000,0x0000,0x0000,
0x0000,0x0000,0x0000,0x0000,0x0000,0x0000,0x0000,0x0000,0x0000,0x0000,0x0000,0x0000,0x0000,0x0000,0x0000,0x0000,
0x0000,0x0000,0x0000,0x0000,0x0000,0x0000,0x0000,0x0000,0x0000,0x0000,0x0000,0x0000,0x0000,0x0000,0x0000,0x0000,
0x0000,0x0000,0x0000,0x693b,0xa2bf,0xd3df,0xa27f,0x815c,0x793c,0x68b9,0x0000,0x0000,0x0000,0x0000,0x0000,0x0000,
0x0000,0x0000,0x0000,0x0000,0x0000,0x0000,0x0000,0x0000,0x0000,0x0000,0x0000,0x0000,0x0000,0x0000,0x0000,0x0000,
0x0000,0x0000,0x0000,0x0000,0x0000,0x0000,0x0000,0x0000,0x0000,0x0000,0x0000,0x0000,0x0000,0x0000,0x0000,0x0000,
0x0000,0x0000,0x0000,0x795b,0xa29f,0xdbdf,0xb2df,0x91be,0x793b,0x793c,0x0000,0x0000,0x0000,0x0000,0x0000,0x0000,
0x0000,0x0000,0x0000,0x0000,0x0000,0x0000,0x0000,0x0000,0x0000,0x0000,0x0000,0x0000,0x0000,0x0000,0x0000,0x0000,
0x0000,0x0000,0x0000,0x0000,0x0000,0x0000,0x0000,0x0000,0x0000,0x0000,0x0000,0x0000,0x0000,0x0000,0x0000,0x0000,
0x0000,0x0000,0x691a,0x899e,0xaa9f,0xe3df,0xbb3f,0xa25f,0x791b,0x711a,0x60d9,0x0000,0x0000,0x0000,0x0000,0x0000,
0x0000,0x0000,0x0000,0x0000,0x0000,0x0000,0x0000,0x0000,0x0000,0x0000,0x0000,0x0000,0x0000,0x0000,0x0000,0x0000,
0x0000,0x0000,0x0000,0x0000,0x0000,0x0000,0x0000,0x0000,0x0000,0x0000,0x0000,0x0000,0x0000,0x0000,0x0000,0x0000,
0x0000,0x0000,0x817e,0x9a1f,0xdb9f,0xebff,0xc39f,0xaadf,0x815c,0x68f9,0x70fc,0x0000,0x0000,0x0000,0x0000,0x0000,
0x0000,0x0000,0x0000,0x0000,0x0000,0x0000,0x0000,0x0000,0x0000,0x0000,0x0000,0x0000,0x0000,0x0000,0x0000,0x0000,
0x0000,0x0000,0x0000,0x0000,0x0000,0x0000,0x0000,0x0000,0x0000,0x0000,0x0000,0x0000,0x0000,0x0000,0x0000,0x0000,
0x0000,0x797d,0x9a1f,0xd37f,0xfc9f,0xdbff,0xc39f,0xa27f,0x819d,0x6919,0x78fd,0x5878,0x0000,0x0000,0x0000,0x0000,
0x0000,0x0000,0x0000,0x0000,0x0000,0x0000,0x0000,0x0000,0x0000,0x0000,0x0000,0x0000,0x0000,0x0000,0x0000,0x0000,
0x0000,0x0000,0x0000,0x0000,0x0000,0x0000,0x0000,0x0000,0x0000,0x0000,0x0000,0x0000,0x0000,0x0000,0x0000,0x0000,
0x715c,0x9a1f,0xd31f,0xfcdf,0xfcdf,0xdbbf,0xbb5f,0x9a3f,0x91fe,0x797b,0x68bb,0x609a,0x0000,0x0000,0x0000,0x0000,
0x0000,0x0000,0x0000,0x0000,0x0000,0x0000,0x0000,0x0000,0x0000,0x0000,0x0000,0x0000,0x0000,0x0000,0x0000,0x0000,
0x0000,0x0000,0x0000,0x0000,0x0000,0x0000,0x0000,0x0000,0x0000,0x0000,0x0000,0x0000,0x0000,0x0000,0x0000,0x691b,
0x91df,0xcb1f,0xf53f,0xffbd,0xfd1f,0xd37f,0xb35f,0xaadf,0x9a3f,0x89de,0x711a,0x70dc,0x607a,0x0000,0x0000,0x0000,
0x0000,0x0000,0x0000,0x0000,0x0000,0x0000,0x0000,0x0000,0x0000,0x0000,0x0000,0x0000,0x0000,0x0000,0x0000,0x0000,
0x0000,0x0000,0x0000,0x0000,0x0000,0x0000,0x0000,0x0000,0x0000,0x0000,0x0000,0x0000,0x0000,0x0000,0x6119,0x89be,
0xcb5f,0xf49f,0xff9d,0xfffd,0xecdf,0xc37f,0xbc1f,0xab5f,0xa25f,0x91ff,0x89dd,0x791b,0x70db,0x5878,0x0000,0x0000,
0x0000,0x0000,0xaa9f,0x717a,0x0000,0x0000,0x0000,0x0000,0x0000,0x0000,0x0000,0x0000,0x0000,0x0000,0x0000,0x0000,
0x0000,0x0000,0x0000,0x0000,0x0000,0x0000,0x0000,0x0000,0x0000,0x0000,0x0000,0x0000,0x0000,0x6939,0x899d,0xaa7f,
0xdbff,0xf4df,0xff5d,0xfe1e,0xfc7f,0xcc1f,0xbc3f,0xab9f,0xa2ff,0x9a5f,0x9a1f,0x817c,0x68f9,0x711b,0x60b9,0x0000,
0x0000,0x0000,0x715b,0x695b,0x0000,0x0000,0x0000,0x0000,0x0000,0x0000,0x0000,0x0000,0x0000,0x0000,0x0000,0x0000,
0x0000,0x0000,0x0000,0x0000,0x0000,0x0000,0x0000,0x0000,0x0000,0x0000,0x0000,0x0000,0x68fa,0x813d,0x921f,0xc35f,
0xec5f,0xf45f,0xf43f,0xfc9f,0xec9f,0xc41f,0xbc3f,0xb3df,0xab5f,0xa2df,0x9a5f,0x91de,0x819c,0x68f9,0x711b,0x68ba,
0x0000,0x0000,0x0000,0x0000,0x0000,0x0000,0x0000,0x0000,0x0000,0x0000,0x0000,0x0000,0x0000,0x0000,0x0000,0x0000,
0x0000,0x0000,0x0000,0x0000,0x0000,0x0000,0x0000,0x0000,0x0000,0x0000,0x60f9,0x791c,0x813e,0x91be,0xb31f,0xdbdf,
0xf4bf,0xdc7f,0xe45f,0xf49f,0xd43f,0xc41f,0xbc3f,0xb3df,0xb37f,0xab1f,0xa29f,0x9a3f,0x91de,0x817c,0x6939,0x68fb,
0x70dc,0x5077,0x0000,0x0000,0x0000,0x0000,0x0000,0x0000,0x0000,0x0000,0x0000,0x0000,0x0000,0x0000,0x0000,0x0000,
0x0000,0x0000,0x0000,0x0000,0x0000,0x0000,0x0000,0x0000,0x0000,0x60f9,0x793c,0x813c,0x99ff,0xc31f,0xd39f,0xd3df,
0xd41f,0xc41f,0xcc7f,0xe45f,0xd41f,0xcc3f,0xbc3f,0xb3ff,0xb3bf,0xab9f,0xaaff,0xa23f,0x9a1f,0x91de,0x81bb,0x6917,
0x5897,0x68bb,0x0000,0x0000,0x0000,0x9a7d,0x8a3c,0x0000,0x0000,0x0000,0x0000,0x0000,0x0000,0x0000,0x0000,0x0000,
0x0000,0x0000,0x0000,0x0000,0x0000,0x0000,0x0000,0x0000,0x5097,0x711c,0x795c,0xaabf,0xd3ff,0xd3df,0xcbdf,0xc41f,
0xb41f,0xbc1f,0xc43f,0xcc3f,0xcc1f,0xc41f,0xb41f,0xb41f,0xb3ff,0xab5f,0xa2df,0xa2bf,0xa27f,0x9a3f,0x9a1e,0x89dc,
0x58f4,0x58b8,0x5899,0x0000,0x0000,0x927c,0xb37f,0x60f9,0x0000,0x0000,0x0000,0x0000,0x0000,0x0000,0x0000,0x0000,
0x0000,0x0000,0x0000,0x0000,0x0000,0x0000,0x0000,0x0000,0x50b8,0x60b9,0x89bd,0xbb3f,0xd47f,0xbb9f,0xbbdf,0xdc5f,
0xcbdf,0xb39f,0xc41f,0xcc1f,0xcc1f,0xbc1f,0xb41f,0xb41f,0xabbf,0xa2df,0xab3f,0xab3f,0xa29f,0x9a1e,0xa23f,0x919e,
0x6956,0x58d6,0x60bb,0x0000,0x0000,0x719b,0x9a9e,0x60d9,0x0000,0x0000,0x0000,0x0000,0x0000,0x0000,0x0000,0x0000,
0x0000,0x0000,0x0000,0x0000,0x0000,0x0000,0x0000,0x0000,0x5097,0x60b8,0x795b,0xa25f,0x8a9b,0xd3df,0xec7f,0xdc1f,
0xd39f,0xc37f,0xabdf,0xc41f,0xbc1f,0xbc3f,0xb41f,0xabff,0xa2ff,0xb37f,0xbbff,0xab5f,0xaadf,0xaadf,0x79fa,0x6939,
0x6936,0x50b6,0x58b9,0x0000,0x0000,0x717a,0x819d,0x58d8,0x0000,0x0000,0x0000,0x0000,0x0000,0x0000,0x0000,0x0000,
0x0000,0x0000,0x0000,0x0000,0x0000,0x0000,0x0000,0x0000,0x0000,0x60d9,0x68d9,0x99df,0x4112,0x308a,0x9279,0xe49f,
0xdbff,0xcbbf,0xb3df,0xb3df,0xb41f,0xb41f,0xac1f,0xa33f,0xbb1f,0xcc3f,0xc41f,0xcc5f,0x8a7b,0x38ec,0x1048,0x799b,
0x6937,0x58f8,0x4856,0x0000,0x0000,0x797c,0x715c,0x0000,0x0000,0x0000,0x0000,0x0000,0x0000,0x0000,0x0000,0x0000,
0x0000,0x0000,0x0000,0x0000,0x0000,0x0000,0x0000,0x0000,0x0000,0x0000,0x60f9,0x813d,0x71b9,0x0863,0x3970,0x4951,
0xbb3d,0xec9f,0xcc3f,0xa37f,0xb3ff,0xabff,0xab9f,0xa2ff,0xd3ff,0xe43f,0xbb3d,0x5192,0x49d0,0x39cb,0x288d,0x813d,
0x68f9,0x5098,0x0000,0x0000,0x6119,0x715c,0x0000,0x0000,0x0000,0x0000,0x0000,0x0000,0x0000,0x0000,0x0000,0x0000,
0x0000,0x0000,0x0000,0x0000,0x0000,0x0000,0x0000,0x0000,0x0000,0x0000,0x50b7,0x70fb,0x799c,0x312b,0xcd9f,0x8bf7,
0x1048,0x6994,0xd45f,0xbbbf,0xab7f,0xb3df,0xa33f,0xbb7f,0xe41f,0x79d6,0x0806,0x6af5,0xde1f,0x8c15,0x3891,0x711b,
0x60da,0x0000,0x0000,0x0000,0x0000,0x0000,0x0000,0x0000,0x0000,0x0000,0x0000,0x0000,0x0000,0x0000,0x0000,0x0000,
0x0000,0x0000,0x0000,0x0000,0x0000,0x0000,0x0000,0x0000,0x0000,0x0000,0x0000,0x5098,0x819e,0x5172,0xe71b,0xef5f,
0x39ea,0x0862,0x28cb,0xb39e,0xab7f,0xab9f,0xa31f,0xb35f,0x38cd,0x0001,0x2109,0xbd3a,0xfffe,0x7b73,0x58b8,0x691b,
0x4897,0x0000,0x0000,0x0000,0x0000,0x0000,0x0000,0x0000,0x0000,0x0000,0x0000,0x0000,0x0000,0x0000,0x0000,0x0000,
0x0000,0x0000,0x0000,0x0000,0x0000,0x0000,0x0000,0x0000,0x0000,0x0000,0x0000,0x0000,0x713c,0x6919,0xa516,0xfffe,
0x522f,0x1065,0x0001,0x5174,0xb3bf,0x9b5e,0xab5f,0x5174,0x0004,0x0843,0x30f1,0xdedc,0xf7bc,0x5154,0x68fc,0x50b7,
0x0000,0x0000,0x0000,0x0000,0x0000,0x0000,0x0000,0x0000,0x0000,0x0000,0x0000,0x0000,0x0000,0x0000,0x0000,0x0000,
0x0000,0x0000,0x0000,0x0000,0x0000,0x0000,0x0000,0x821b,0x81fc,0x0000,0x0000,0x0000,0x48b5,0x711c,0x69d5,0xf7bb,
0xc59b,0x2810,0x3050,0x7296,0x9b1f,0xa35f,0x9abf,0x49b1,0x5133,0x2812,0x6ad5,0xffff,0x93f5,0x5078,0x60fb,0x0000,
0x0000,0x71ba,0x819d,0x0000,0x0000,0x0000,0x0000,0x0000,0x0000,0x0000,0x0000,0x0000,0x0000,0x0000,0x0000,0x0000,
0x0000,0x0000,0x0000,0x0000,0x0000,0x0000,0x0000,0x9abd,0xcc7f,0x717b,0x0000,0x0000,0x0000,0x58d8,0x711c,0x8b18,
0xef5e,0xc59b,0xacf9,0xb43d,0x9adf,0x9b1f,0x9abf,0x82db,0xbdba,0xa499,0xef5d,0xacf8,0x58f6,0x713b,0x50b7,0x0000,
0x0000,0x799d,0x60d7,0x0000,0x0000,0x0000,0x0000,0x0000,0x0000,0x0000,0x0000,0x0000,0x0000,0x0000,0x0000,0x0000,
0x0000,0x0000,0x0000,0x0000,0x0000,0x0000,0x0000,0x697a,0x929e,0x79fc,0x0000,0x0000,0x0000,0x0000,0x693c,0x89be,
0x7a3a,0x9c39,0x937b,0x927e,0x9adf,0x9aff,0x9aff,0x923e,0x92dc,0xa43a,0x82d9,0x6158,0x715c,0x58b8,0x0000,0x0000,
0x0000,0x0000,0x0000,0x0000,0x0000,0x0000,0x0000,0x0000,0x0000,0x0000,0x0000,0x0000,0x0000,0x0000,0x0000,0x0000,
0x0000,0x0000,0x0000,0x0000,0x0000,0x0000,0x0000,0x0000,0x697a,0x715d,0x0000,0x0000,0x0000,0x0000,0x0000,0x693b,
0x81bd,0x795d,0x89ff,0x9abf,0x929f,0x9a9f,0x9a9e,0x923e,0x89fe,0x817d,0x713b,0x715b,0x5098,0x0000,0x0000,0x0000,
0x0000,0x0000,0x0000,0x0000,0x0000,0x0000,0x0000,0x0000,0x0000,0x0000,0x0000,0x0000,0x0000,0x0000,0x0000,0x0000,
0x0000,0x0000,0x0000,0x0000,0x0000,0x0000,0x0000,0x0000,0x0000,0x0000,0x0000,0x0000,0x0000,0x0000,0x0000,0x0000,
0x60da,0x70fb,0x793c,0x8a3e,0x927f,0x925f,0x923e,0x89de,0x819d,0x713a,0x713b,0x5098,0x0000,0x0000,0x0000,0x0000,
0x0000,0x0000,0x0000,0x0000,0x0000,0x0000,0x0000,0x0000,0x0000,0x0000,0x0000,0x0000,0x0000,0x0000,0x0000,0x0000,
0x0000,0x0000,0x0000,0x0000,0x0000,0x0000,0x0000,0x0000,0x0000,0x0000,0x0000,0x0000,0x0000,0x0000,0x0000,0x0000,
0x0000,0x58ba,0x68db,0x713c,0x81be,0x89be,0x819e,0x795d,0x68da,0x715c,0x60da,0x0000,0x0000,0x0000,0x0000,0x0000,
0x0000,0x0000,0x0000,0x0000,0x0000,0x0000,0x0000,0x0000,0x0000,0x0000,0x0000,0x0000,0x0000,0x0000,0x0000,0x0000,
0x0000,0x0000,0x0000,0x0000,0x0000,0x0000,0x0000,0x0000,0x0000,0x0000,0x0000,0x0000,0x0000,0x0000,0x0000,0x695b,
0x0000,0x0000,0x60da,0x793d,0x691c,0x711d,0x713c,0x60ba,0x68fc,0x68fb,0x0000,0x0000,0x0000,0x0000,0x0000,0x0000,
0x0000,0x0000,0x0000,0x0000,0x0000,0x0000,0x0000,0x0000,0x0000,0x0000,0x0000,0x0000,0x0000,0x0000,0x0000,0x0000,
0x0000,0x0000,0x0000,0x0000,0x0000,0x0000,0x0000,0x0000,0x0000,0x0000,0x0000,0x0000,0x0000,0x0000,0x0000,0x89ff,
0x717b,0x0000,0x4896,0x797d,0x713d,0x5899,0x589a,0x68dc,0x60bb,0x0000,0x0000,0x0000,0x0000,0x0000,0x0000,0x0000,
0x0000,0x0000,0x0000,0x0000,0x0000,0x0000,0x0000,0x0000,0x0000,0x0000,0x0000,0x0000,0x0000,0x0000,0x0000,0x0000,
0x0000,0x0000,0x0000,0x0000,0x0000,0x0000,0x0000,0x0000,0x0000,0x0000,0x0000,0x0000,0x0000,0x0000,0x0000,0x0000,
0x613a,0x0000,0x0000,0x58d8,0x81bf,0x60ba,0x60db,0x797e,0x5096,0x0000,0x60f9,0x0000,0x0000,0x0000,0x0000,0x0000,
0x0000,0x0000,0x0000,0x0000,0x0000,0x0000,0x0000,0x0000,0x0000,0x0000,0x0000,0x0000,0x0000,0x0000,0x0000,0x0000,
0x0000,0x0000,0x0000,0x0000,0x0000,0x0000,0x0000,0x0000,0x0000,0x0000,0x0000,0x0000,0x0000,0x0000,0x0000,0x0000,
0x0000,0x0000,0x0000,0x4897,0x81de,0x715d,0x71bd,0x611a,0x4054,0x717c,0x715c,0x0000,0x0000,0x0000,0x0000,0x0000,
0x0000,0x0000,0x0000,0x0000,0x0000,0x0000,0x0000,0x0000,0x0000,0x0000,0x0000,0x0000,0x0000,0x0000,0x0000,0x0000,
0x0000,0x0000,0x0000,0x0000,0x0000,0x0000,0x0000,0x0000,0x0000,0x0000,0x0000,0x0000,0x0000,0x0000,0x0000,0x0000,
0x0000,0x0000,0x0000,0x0000,0x717b,0x8a1f,0x71bd,0x5097,0x50d7,0x611a,0x0000,0x0000,0x0000,0x0000,0x0000,0x0000,
0x0000,0x0000,0x0000,0x0000,0x0000,0x0000,0x0000,0x0000,0x0000,0x0000,0x0000,0x0000,0x0000,0x0000,0x0000,0x0000,
0x0000,0x0000,0x0000,0x0000,0x0000,0x0000,0x0000,0x0000,0x0000,0x0000,0x0000,0x0000,0x0000,0x0000,0x0000,0x0000,
0x0000,0x0000,0x0000,0x0000,0x6139,0x923f,0x695c,0x0000,0x0000,0x0000,0x0000,0x0000,0x0000,0x0000,0x0000,0x0000,
0x0000,0x0000,0x0000,0x0000,0x0000,0x0000,0x0000,0x0000,0x0000,0x0000,0x0000,0x0000,0x0000,0x0000,0x0000,0x0000,
0x0000,0x0000,0x0000,0x0000,0x0000,0x0000,0x0000,0x0000,0x0000,0x0000,0x0000,0x0000,0x0000,0x0000,0x0000,0x0000,
0x0000,0x0000,0x0000,0x0000,0x48d7,0x923f,0x58f8,0x0000,0x0000,0x0000,0x0000,0x0000,0x0000,0x0000,0x0000,0x0000,
0x0000,0x0000,0x0000,0x0000,0x0000,0x0000,0x0000,0x0000,0x0000,0x0000,0x0000,0x0000,0x0000,0x0000,0x0000,0x0000,
0x0000,0x0000,0x0000,0x0000,0x0000,0x0000,0x0000,0x0000,0x0000,0x0000,0x0000,0x0000,0x0000,0x0000,0x0000,0x0000,
0x0000,0x0000,0x0000,0x0000,0x0000,0x799e,0x0000,0x0000,0x0000,0x0000,0x0000,0x0000,0x0000,0x0000,0x0000,0x0000,
0x0000,0x0000,0x0000,0x0000,0x0000,0x0000,0x0000,0x0000,0x0000,0x0000,0x0000,0x0000,0x0000,0x0000,0x0000,0x0000,
0x0000,0x0000,0x0000,0x0000,0x0000,0x0000,0x0000,0x0000,0x0000,0x0000,0x0000,0x0000,0x0000,0x0000,0x0000,0x0000,
0x0000,0x0000,0x0000,0x0000,0x0000,0x50f7,0x0000,0x0000,0x0000,0x0000,0x0000,0x0000,0x0000,0x0000,0x0000,0x0000,
0x0000,0x0000,0x0000,0x0000,0x0000,0x0000,0x0000,0x0000,0x0000,0x0000,0x0000,0x0000,0x0000,0x0000,0x0000,0x0000,
0x0000,0x0000,0x0000,0x0000,0x0000,0x0000,0x0000,0x0000,0x0000,0x0000,0x0000,0x0000,0x0000,0x0000,0x0000,0x0000,
0x0000,0x0000,0x0000,0x0000,0x0000,0x0000,0x0000,0x0000,0x0000,0x0000,0x0000,0x0000,0x0000,0x0000,0x0000,0x0000,
0x0000,0x0000,0x0000,0x0000,0x0000,0x0000,0x0000,0x0000,0x0000,0x0000,0x0000,0x0000,0x0000,0x0000,0x0000,0x0000,
0x0000,0x0000,0x0000,0x0000,0x0000,0x0000,0x0000,0x0000,0x0000,0x0000,0x0000,0x0000,0x0000,0x0000,0x0000,0x0000,
0x0000,0x0000,0x0000,0x0000,0x0000,0x0000,0x0000,0x0000,0x0000,0x0000,0x0000,0x0000,0x0000,0x0000,0x0000,0x0000,
0x0000,0x0000,0x0000,0x0000,0x0000,0x0000,0x0000,0x0000,0x0000,0x0000,0x0000,0x0000,0x0000,0x0000,0x0000,0x0000,
},
{
0x0000,0x0000,0x0000,0x0000,0x0000,0x0000,0x0000,0x0000,0x0000,0x0000,0x0000,0x0000,0x0000,0x0000,0x0000,0x0000,
0x0000,0x0000,0x0000,0x0000,0x0000,0x0000,0x0000,0x0000,0x0000,0x0000,0x0000,0x0000,0x0000,0x0000,0x0000,0x0000,
0x0000,0x0000,0x0000,0x0000,0x0000,0x0000,0x0000,0x0000,0x0000,0x0000,0x0000,0x0000,0x0000,0x0000,0x0000,0x0000,
0x0000,0x0000,0x0000,0x0000,0x0000,0x0000,0x0000,0x0000,0x0000,0x0000,0x0000,0x0000,0x0000,0x0000,0x0000,0x0000,
0x0000,0x0000,0x0000,0x0000,0x0000,0x0000,0x0000,0x0000,0x0000,0x0000,0x0000,0x0000,0x0000,0x0000,0x0000,0x0000,
0x0000,0x0000,0x0000,0x0000,0x0000,0x0000,0x0000,0x0000,0x0000,0x0000,0x0000,0x0000,0x0000,0x0000,0x0000,0x0000,
0x0000,0x0000,0x0000,0x0000,0x0000,0x0000,0x0000,0x0000,0x0000,0x0000,0x0000,0x0000,0x0000,0x0000,0x0000,0x0000,
0x0000,0x0000,0x0000,0x0000,0x0000,0x0000,0x0000,0x0000,0x0000,0xda60,0xeb00,0xeb61,0xeb82,0xeb42,0xda80,0x0000,
0x0000,0x0000,0x0000,0x0000,0x0000,0x0000,0x0000,0x0000,0x0000,0x0000,0x0000,0x0000,0x0000,0x0000,0x0000,0x0000,
0x0000,0x0000,0x0000,0x0000,0x0000,0x0000,0x0000,0x0000,0x0000,0x0000,0x0000,0x0000,0x0000,0x0000,0x0000,0x0000,
0x0000,0x0000,0x0000,0x0000,0x0000,0x0000,0x0000,0x0000,0xeb21,0xfd23,0xfe67,0xfea8,0xfe27,0xfda6,0xfcc4,0xf362,
0xe2a1,0x0000,0x0000,0x0000,0x0000,0x0000,0x0000,0x0000,0x0000,0x0000,0x0000,0x0000,0x0000,0x0000,0x0000,0x0000,
0x0000,0x0000,0x0000,0x0000,0x0000,0x0000,0x0000,0x0000,0x0000,0x0000,0x0000,0x0000,0x0000,0x0000,0x0000,0x0000,
0x0000,0x0000,0x0000,0x0000,0x0000,0x0000,0xda80,0xfc22,0xfea8,0xffd0,0xffae,0xff2b,0xfe89,0xfe07,0xfe07,0xfd85,
0xfc43,0xe281,0x0000,0x0000,0x0000,0x0000,0x0000,0x0000,0x0000,0x0000,0x0000,0x0000,0x0000,0x0000,0x0000,0x0000,
0x0000,0x0000,0x0000,0x0000,0x0000,0x0000,0x0000,0x0000,0x0000,0x0000,0x0000,0x0000,0x0000,0x0000,0x0000,0x0000,
0x0000,0x0000,0x0000,0x0000,0x0000,0x0000,0xf3a2,0xfe87,0xffae,0xff2c,0xfea8,0xfea8,0xfea9,0xfe89,0xfe47,0xfde6,
0xfd44,0xfc23,0xda81,0x0000,0x0000,0x0000,0x0000,0x0000,0x0000,0x0000,0x0000,0x0000,0x0000,0x0000,0x0000,0x0000,
0x0000,0x0000,0x0000,0x0000,0x0000,0x0000,0x0000,0x0000,0x0000,0x0000,0x0000,0x0000,0x0000,0x0000,0x0000,0x0000,
0x0000,0x0000,0x0000,0x0000,0x0000,0x0000,0xfce4,0xfe88,0xfea9,0xfe07,0xfd45,0xfd64,0xfde5,0xfe27,0xfe88,0xfe48,
0xfd85,0xfcc4,0xf362,0x0000,0x0000,0x0000,0x0000,0x0000,0x0000,0x0000,0x0000,0x0000,0x0000,0x0000,0x0000,0x0000,
0x0000,0x0000,0x0000,0x0000,0x0000,0x0000,0x0000,0x0000,0x0000,0x0000,0x0000,0x0000,0x0000,0x0000,0x0000,0x0000,
0x0000,0x0000,0x0000,0x0000,0x0000,0xe2c0,0xfcc4,0xfe47,0xfdc6,0xf3c3,0xeb01,0xe2c0,0xfc83,0xfdc5,0xfe88,0xfe89,
0xfd85,0xfce4,0xfc03,0xda40,0x0000,0x0000,0x0000,0x0000,0x0000,0x0000,0x0000,0x0000,0x0000,0x0000,0x0000,0x0000,
0x0000,0x0000,0x0000,0x0000,0x0000,0x0000,0x0000,0x0000,0x0000,0x0000,0x0000,0x0000,0x0000,0x0000,0x0000,0x0000,
0x0000,0x0000,0x0000,0x0000,0x0000,0x0000,0xfc43,0xfde6,0xfd45,0xf3c2,0x0000,0xeac0,0xf362,0xfda5,0xfe06,0xfe27,
0xfd45,0xfd05,0xfc43,0xeae2,0x0000,0x0000,0x0000,0x0000,0x0000,0x0000,0x0000,0x0000,0x0000,0x0000,0x0000,0x0000,
0x0000,0x0000,0x0000,0x0000,0x0000,0x0000,0x0000,0x0000,0x0000,0x0000,0x0000,0x0000,0x0000,0x0000,0x0000,0x0000,
0x0000,0x0000,0x0000,0x0000,0x0000,0x0000,0xeb01,0xfc83,0xfd44,0xfd03,0x0000,0xeac0,0xf3e3,0xfda5,0xfde6,0xfdc6,
0xfd65,0xfcc4,0xfc44,0xf342,0x0000,0x0000,0x0000,0x0000,0x0000,0x0000,0x0000,0x0000,0x0000,0x0000,0x0000,0x0000,
0x0000,0x0000,0x0000,0x0000,0x0000,0x0000,0x0000,0x0000,0x0000,0x0000,0x0000,0x0000,0x0000,0x0000,0x0000,0x0000,
0x0000,0x0000,0x0000,0x0000,0x0000,0xeac0,0xe260,0xe260,0xf382,0xf423,0xeb00,0xeac1,0xfd05,0xfda5,0xfe28,0xfdc6,
0xfd45,0xfca4,0xfc04,0xfb63,0x0000,0x0000,0x0000,0x0000,0x0000,0x0000,0x0000,0x0000,0x0000,0x0000,0x0000,0x0000,
0x0000,0x0000,0x0000,0x0000,0x0000,0x0000,0x0000,0x0000,0x0000,0x0000,0x0000,0x0000,0x0000,0x0000,0x0000,0x0000,
0x0000,0xe240,0xeb01,0xfbe3,0xfd46,0xfda6,0xfce4,0xeba3,0xe2a1,0xe281,0xf382,0xfd25,0xfdc6,0xfe07,0xfe27,0xfda6,
0xfd25,0xfc64,0xfbe4,0xeae2,0x0000,0x0000,0x0000,0x0000,0x0000,0x0000,0x0000,0x0000,0x0000,0x0000,0x0000,0x0000,
0x0000,0x0000,0x0000,0x0000,0x0000,0x0000,0x0000,0x0000,0x0000,0x0000,0x0000,0x0000,0x0000,0x0000,0x0000,0x0000,
0xeb42,0xfd26,0xfe47,0xfee9,0xff2b,0xff09,0xfe67,0xfe47,0xfdc6,0xfda5,0xfe06,0xfe07,0xfe07,0xfe28,0xfde6,0xfd85,
0xfce4,0xfc24,0xfbc4,0xe221,0x0000,0x0000,0x0000,0x0000,0x0000,0x0000,0x0000,0x0000,0x0000,0x0000,0x0000,0x0000,
0x0000,0x0000,0x0000,0x0000,0x0000,0x0000,0xeb00,0xf423,0xeba2,0x0000,0x0000,0x0000,0x0000,0x0000,0x0000,0xeb22,
0xfde6,0xff4a,0xff6e,0xff6e,0xff0a,0xfec9,0xfe88,0xfe48,0xfe27,0xfe48,0xfe27,0xfe07,0xfde7,0xfdc6,0xfda6,0xfd05,
0xfc84,0xfc04,0xf323,0xe220,0xe281,0x0000,0x0000,0x0000,0x0000,0x0000,0x0000,0x0000,0x0000,0x0000,0x0000,0x0000,
0x0000,0x0000,0x0000,0x0000,0x0000,0xeba2,0xfeaa,0xff4c,0xfdc5,0xfbe2,0x0000,0x0000,0x0000,0x0000,0xe2e1,0xfde6,
0xff4b,0xff92,0xfffd,0xfff9,0xff6b,0xfee9,0xfe48,0xfde7,0xfde7,0xfe07,0xfde7,0xfde6,0xfda6,0xfd85,0xfd25,0xfcc4,
0xfc44,0xf383,0xea61,0xf362,0xfbc2,0xf302,0x0000,0x0000,0x0000,0x0000,0x0000,0x0000,0x0000,0x0000,0x0000,0x0000,
0x0000,0x0000,0x0000,0x0000,0x0000,0xfd44,0xff2b,0xfdc7,0xfce4,0xfbc3,0x0000,0x0000,0x0000,0x0000,0xfca3,0xff09,
0xff6d,0xfff8,0xfff8,0xffd1,0xff2b,0xfe48,0xfe07,0xfe07,0xfde7,0xfdc7,0xfdc6,0xfda6,0xfd45,0xfce4,0xfca4,0xfc64,
0xfc04,0xfba3,0xfbc3,0xfcc4,0xfc84,0xfbe4,0xfb22,0x0000,0x0000,0x0000,0x0000,0x0000,0x0000,0x0000,0x0000,0x0000,
0x0000,0x0000,0x0000,0x0000,0xeb00,0xfda5,0xfd44,0xfc63,0xfbe3,0xeb22,0x0000,0x0000,0x0000,0xe301,0xfe26,0xff2c,
0xff0a,0xffb0,0xffae,0xff4b,0xfeca,0xfe69,0xfe07,0xfde7,0xfde7,0xfdc7,0xfdc6,0xfd86,0xfd25,0xfd05,0xfd05,0xfcc4,
0xfc84,0xfca4,0xfce5,0xfd65,0xfd04,0xfc64,0xfbe4,0xe261,0x0000,0x0000,0x0000,0x0000,0x0000,0x0000,0x0000,0x0000,
0x0000,0x0000,0x0000,0x0000,0xe2c1,0xfc23,0xfc84,0xfbc3,0xfb62,0xe2c1,0x0000,0x0000,0x0000,0xf3e2,0xfe87,0xff2c,
0xfe68,0xfec9,0xfec9,0xfea9,0xff2b,0xfe89,0xfe07,0xfde7,0xfdc6,0xfde7,0xfde7,0xfda6,0xfd86,0xfd65,0xfd65,0xfd25,
0xfd45,0xfd65,0xfd65,0xfd65,0xfd45,0xfcc5,0xfc24,0xf302,0xd1e0,0x0000,0x0000,0x0000,0x0000,0x0000,0x0000,0x0000,
0x0000,0x0000,0x0000,0x0000,0x0000,0xeb01,0xfbc3,0xf362,0xe2c1,0x0000,0x0000,0x0000,0x0000,0xfc63,0xfe88,0xfeca,
0xfe48,0xfe48,0xfe27,0xfe28,0xfe48,0xfe07,0xfe07,0xfde7,0xfde7,0xfde7,0xfdc7,0xfda6,0xfda6,0xfd85,0xfd65,0xfd45,
0xfd65,0xfd85,0xfde6,0xfda6,0xfd65,0xfd05,0xfc23,0xf363,0xd221,0x0000,0x0000,0x0000,0x0000,0x0000,0x0000,0x0000,
0x0000,0x0000,0x0000,0x0000,0x0000,0x0000,0x0000,0x0000,0x0000,0x0000,0x0000,0x0000,0x0000,0xfc02,0xfe68,0xfe48,
0xfe07,0xfe28,0xfe48,0xfde7,0xfdc6,0xfde7,0xfde7,0xfde7,0xfde7,0xfde6,0xfdc6,0xfda6,0xfda6,0xfd85,0xfd86,0xfd65,
0xfd45,0xfda6,0xfe89,0xfde6,0xfd45,0xfce5,0xfc03,0xfba5,0xe2a2,0x0000,0x0000,0x0000,0x0000,0x0000,0x0000,0x0000,
0x0000,0x0000,0x0000,0x0000,0x0000,0x0000,0x0000,0x0000,0x0000,0xe280,0xeb41,0xf3e2,0xf341,0xf361,0xfde6,0xfe06,
0xfdc6,0xfde7,0xfe07,0xfde7,0xfde7,0xfde7,0xfde6,0xfde7,0xfde6,0xfdc6,0xfdc6,0xfda6,0xfd85,0xfd85,0xfd85,0xfd65,
0xfd65,0xfdc7,0xfe27,0xfda6,0xfd05,0xfcc5,0xfbe2,0xfbc6,0xe2c3,0x0000,0x0000,0x0000,0x0000,0x0000,0x0000,0x0000,
0x0000,0x0000,0x0000,0x0000,0x0000,0x0000,0x0000,0xdaa0,0xf443,0xfde6,0xfe87,0xfec9,0xfe48,0xfd86,0xfdc6,0xfe07,
0xfdc6,0xfde7,0xfde7,0xfde6,0xfde6,0xfde7,0xfdc6,0xfdc6,0xfdc6,0xfdc6,0xfdc6,0xfda6,0xfd85,0xfd85,0xfd65,0xfd65,
0xfd86,0xfda6,0xfd85,0xfd25,0xfcc4,0xfc63,0xfba3,0xf386,0xe2a2,0x0000,0x0000,0x0000,0x0000,0x0000,0x0000,0x0000,
0x0000,0x0000,0x0000,0x0000,0x0000,0x0000,0xeb01,0xfd25,0xff29,0xffaf,0xff4d,0xfea9,0xfe68,0xfe48,0xfde6,0xfde6,
0xfde7,0xfdc6,0xfdc6,0xfdc6,0xfde6,0xfde6,0xfdc6,0xfdc6,0xfdc6,0xfda6,0xfda6,0xfda6,0xfd65,0xfd65,0xfd85,0xfd65,
0xfd45,0xfd65,0xfd45,0xfcc4,0xfc83,0xfbe2,0xfb44,0xf367,0xd220,0x0000,0x0000,0x0000,0x0000,0x0000,0x0000,0x0000,
0x0000,0x0000,0x0000,0x0000,0x0000,0xeae1,0xfd86,0xff4c,0xffd3,0xffd0,0xfe88,0xfde7,0xfdc6,0xfda6,0xfda6,0xfdc6,
0xfde6,0xfde6,0xfdc6,0xfdc7,0xfdc6,0xfdc6,0xfda6,0xfda6,0xfda6,0xfda6,0xfda6,0xfd85,0xfd65,0xfd65,0xfd65,0xfd45,
0xfd45,0xfd05,0xfcc4,0xfc84,0xfc43,0xfb83,0xfb66,0xeac3,0x0000,0x0000,0x0000,0x0000,0x0000,0x0000,0x0000,0x0000,
0x0000,0x0000,0x0000,0x0000,0xe301,0xfcc3,0xfeca,0xff8e,0xfff3,0xffac,0xfe88,0xfe07,0xfe07,0xfde7,0xfde7,0xfdc6,
0xfdc6,0xfdc6,0xfdc6,0xfdc6,0xfdc6,0xfdc6,0xfda6,0xfda6,0xfda6,0xfda6,0xfda6,0xfd85,0xfd65,0xfd65,0xfd65,0xfd65,
0xfd25,0xfcc4,0xfc84,0xfc44,0xfbe3,0xf345,0xf386,0xd9e0,0xd200,0xe260,0xe260,0x0000,0x0000,0x0000,0x0000,0x0000,
0x0000,0x0000,0x0000,0x0000,0xfc83,0xfe06,0xfe28,0xfea9,0xff8d,0xff4b,0xfe68,0xfe68,0xfde7,0xfdc6,0xfdc6,0xfda6,
0xfda6,0xfda6,0xfdc6,0xfda6,0xfda6,0xfda6,0xfda6,0xfda6,0xfdc6,0xfda6,0xfd85,0xfd86,0xfd86,0xfd65,0xfd45,0xfd45,
0xfd25,0xfd05,0xfcc4,0xfc64,0xfbe4,0xf385,0xe261,0xda00,0xf302,0xfbc2,0xfb82,0xda61,0x0000,0x0000,0x0000,0x0000,
0x0000,0x0000,0x0000,0xeae1,0xfda6,0xfe68,0xfda6,0xfde7,0xfe89,0xfe27,0xfe27,0xfe27,0xfda6,0xfd86,0xfda6,0xfde6,
0xfe06,0xfda6,0xfd86,0xfd85,0xfda5,0xfda6,0xfd86,0xfda5,0xfda6,0xfde6,0xfde6,0xfd85,0xfd45,0xfd45,0xfd45,0xfd25,
0xfd25,0xfd04,0xfd04,0xfca4,0xfc24,0xfb84,0xeac3,0xf343,0xfc23,0xfc23,0xfc44,0xeae2,0x0000,0x0000,0x0000,0x0000,
0x0000,0x0000,0x0000,0xf3a2,0xfde6,0xfe88,0xfde6,0xfdc6,0xfdc6,0xfdc6,0xfe07,0xfde7,0xfda6,0xfda6,0xfdc6,0xdca4,
0xcc23,0xfd85,0xfd85,0xfd85,0xfd85,0xfda6,0xfd85,0xfd85,0xfdc6,0xd444,0xb383,0xf4c4,0xfda6,0xfd45,0xfd45,0xfd24,
0xfd04,0xfd04,0xfd05,0xfca4,0xfc44,0xfbc4,0xfb84,0xfc24,0xfce4,0xfcc4,0xfc63,0xf363,0xd201,0x0000,0x0000,0x0000,
0x0000,0x0000,0xda60,0xfc64,0xfd85,0xfe47,0xfe27,0xfda6,0xfda6,0xfda6,0xfdc6,0xfdc6,0xfd85,0xfd64,0x9aa2,0x1020,
0x0001,0x9260,0xfdc5,0xfd65,0xfd86,0xfd85,0xfd85,0xfda6,0xdc03,0x2020,0x0001,0x1820,0xb302,0xfd86,0xfd45,0xfd25,
0xfd04,0xfce4,0xfcc4,0xfc63,0xfc44,0xfc64,0xfca4,0xfd45,0xfd85,0xfce4,0xfc63,0xf384,0xda42,0x0000,0x0000,0x0000,
0x0000,0x0000,0xda60,0xfca5,0xfd45,0xfda6,0xfe48,0xfda6,0xfd65,0xfd85,0xfd85,0xfd85,0xfda5,0x9a81,0x0001,0x10c5,
0x6353,0x20a4,0xdc63,0xfda6,0xfd65,0xfd65,0xfd65,0xfd85,0x5920,0x0001,0x18c4,0x5290,0x1043,0x8a01,0xfd25,0xfd05,
0xfd04,0xfce4,0xfca4,0xfc43,0xfc43,0xfcc4,0xfd24,0xfde7,0xfda6,0xfce4,0xfbe3,0xf344,0xda62,0x0000,0x0000,0x0000,
0x0000,0x0000,0xda40,0xfc65,0xfd24,0xfd65,0xfdc6,0xfda6,0xfd85,0xfd65,0xfd65,0xfda6,0xe484,0x2061,0x7b6d,0x0820,
0x9476,0x52b0,0x8a60,0xfdc5,0xfd45,0xfd45,0xfd86,0xdc02,0x6a27,0x62cb,0x0001,0x9457,0x9457,0x0844,0x9220,0xfd45,
0xfce4,0xfce4,0xfca4,0xfc63,0xfca4,0xfd24,0xfda6,0xfdc7,0xfd25,0xfc84,0xfb82,0xf304,0xda21,0x0000,0x0000,0x0000,
0x0000,0x0000,0xd220,0xf3c3,0xfcc4,0xfd44,0xfd65,0xfd85,0xfd65,0xfd65,0xfd45,0xfdc6,0x9b02,0x0001,0x5a27,0x0001,
0xb4f3,0xbd99,0x69c4,0xfd44,0xfd45,0xfd25,0xfda6,0xb301,0x4944,0x5a07,0x0001,0x8bd1,0xde1c,0x93d4,0x1841,0xd403,
0xfd45,0xfce4,0xfcc4,0xfca4,0xfce5,0xfd45,0xfd45,0xfd04,0xfca4,0xfbe3,0xfb43,0xeb05,0xd1e0,0x0000,0x0000,0x0000,
0x0000,0x0000,0xc9e0,0xeb23,0xfc24,0xfd04,0xfd45,0xfd65,0xfd45,0xfd45,0xfd25,0xfda5,0x7201,0x3000,0x3000,0x4020,
0xd5b2,0xf75c,0x7a89,0xece3,0xfd65,0xfd24,0xfd85,0xb302,0x3800,0x2800,0x4840,0xc572,0xeefb,0xddda,0x5aae,0x69c0,
0xfd66,0xfce4,0xfcc4,0xfc84,0xfc64,0xfca4,0xfca4,0xfc63,0xfc03,0xf343,0xf366,0xeaa3,0x0000,0x0000,0x0000,0x0000,
0x0000,0x0000,0x0000,0xda82,0xf3a5,0xfc63,0xfd04,0xfce4,0xfce4,0xfd24,0xfd45,0xfd85,0x8263,0x7184,0x8880,0x8961,
0xef3a,0xffde,0x9b6b,0xece3,0xfd85,0xfd25,0xfd45,0xe444,0x8100,0x78a0,0x70c0,0xde97,0xfffc,0xf6f9,0xb577,0x38c2,
0xf4a4,0xfd05,0xfc84,0xfc44,0xfc23,0xfc64,0xfc64,0xfbc3,0xf324,0xf3a8,0xf346,0xd1e0,0x0000,0x0000,0x0000,0x0000,
0x0000,0x0000,0x0000,0xd200,0xf344,0xfbe5,0xfc43,0xfca4,0xfc84,0xfca4,0xfce4,0xfd85,0xc364,0xc512,0xa2e8,0xcd72,
0xfffd,0xffff,0xed4d,0xfd03,0xfd65,0xfd25,0xfd24,0xfd45,0xd46c,0x91a3,0xbcaf,0xfffe,0xffdc,0xfffb,0xce38,0x8244,
0xfd05,0xfce5,0xfc64,0xfbe3,0xfbe3,0xfbc3,0xfb83,0xf324,0xfba9,0xf367,0xc9c0,0x0000,0x0000,0x0000,0x0000,0x0000,
0x0000,0x0000,0x0000,0x0000,0xda41,0xfba4,0xfbe5,0xfbc3,0xfbc3,0xfbe3,0xfc43,0xfd45,0xfcc3,0xc36a,0xf7ff,0xfffe,
0xffff,0xf6fa,0xf486,0xfd65,0xfd45,0xfd45,0xfd65,0xfd23,0xf52c,0xf79d,0xfffe,0xfffd,0xfffe,0xfffe,0x9bcd,0xd342,
0xfd05,0xfc84,0xfbe3,0xfb83,0xf302,0xf303,0xf366,0xf388,0xf326,0xd200,0x0000,0x0000,0x0000,0x0000,0x0000,0x0000,
0x0000,0x0000,0x0000,0x0000,0x0000,0xda41,0xfb84,0xfc05,0xfbe4,0xfbe4,0xfc04,0xfca4,0xfd45,0xec22,0xc389,0xddf5,
0xddb3,0xe428,0xfd05,0xfd45,0xfd24,0xfd45,0xfd45,0xfd85,0xec83,0xcc4c,0xde58,0xef5c,0xde98,0xa38c,0xba81,0xfca4,
0xfc84,0xfc23,0xfb83,0xeae3,0xeb06,0xf347,0xeac5,0xe242,0xd1c0,0x0000,0x0000,0x0000,0x0000,0x0000,0x0000,0x0000,
0x0000,0x0000,0x0000,0x0000,0x0000,0x0000,0xd1c0,0xda82,0xf363,0xfba3,0xf323,0xfbe4,0xfce5,0xfd44,0xf4c3,0xdbe3,
0xe402,0xfd24,0xfd65,0xfd45,0xfd24,0xfd45,0xfd45,0xfd45,0xfd64,0xf482,0xd343,0xc325,0xc2a2,0xe382,0xfce4,0xfc84,
0xfc03,0xfbc3,0xfb64,0xeaa3,0xda01,0xda01,0xc980,0x0000,0x0000,0x0000,0x0000,0x0000,0x0000,0x0000,0x0000,0x0000,
0x0000,0x0000,0x0000,0x0000,0x0000,0x0000,0x0000,0x0000,0x0000,0x0000,0xc980,0xeac2,0xfc44,0xfcc4,0xfd25,0xfd86,
0xfd65,0xfd44,0xfd25,0xfd25,0xfd45,0xfd45,0xfd24,0xfd25,0xfd24,0xfd24,0xfd65,0xfd24,0xfd24,0xfd05,0xfc64,0xfc03,
0xfbe3,0xfb83,0xf304,0xf304,0xd200,0x0000,0x0000,0x0000,0x0000,0xe2a1,0x0000,0x0000,0x0000,0x0000,0x0000,0x0000,
0x0000,0x0000,0x0000,0x0000,0x0000,0x0000,0x0000,0x0000,0x0000,0x0000,0x0000,0xd221,0xf2e2,0xfc03,0xfc64,0xfc44,
0xfc63,0xfcc4,0xfcc4,0xfcc4,0xfd04,0xfd04,0xfd04,0xfd04,0xfd03,0xfd24,0xfd65,0xfd45,0xfd25,0xfcc4,0xfc84,0xfc23,
0xfbe3,0xf343,0xfb45,0xeac3,0x0000,0x0000,0x0000,0xda81,0xfc84,0xfd05,0xfba2,0x0000,0x0000,0x0000,0x0000,0x0000,
0x0000,0x0000,0x0000,0x0000,0x0000,0x0000,0x0000,0x0000,0x0000,0x0000,0x0000,0x0000,0xd241,0xe282,0xfb84,0xfbe5,
0xfbe5,0xfbe4,0xfc04,0xfc03,0xfc83,0xfce4,0xfcc4,0xfcc4,0xfcc4,0xfce4,0xfd04,0xfd05,0xfca4,0xfca4,0xfca4,0xfbe3,
0xf343,0xf304,0xf346,0xd221,0x0000,0x0000,0x0000,0xfca4,0xfde5,0xfc63,0xfb62,0x0000,0x0000,0x0000,0x0000,0x0000,
0x0000,0x0000,0x0000,0x0000,0x0000,0x0000,0x0000,0x0000,0xfcc4,0xfcc4,0xeae1,0x0000,0x0000,0x0000,0x0000,0xda81,
0xda82,0xe2a2,0xfba3,0xfbc3,0xfc03,0xfc63,0xfca4,0xfc83,0xfc63,0xfc64,0xfc64,0xfc43,0xfc23,0xfc23,0xfbe3,0xfb23,
0xf305,0xfbe8,0xe2a3,0x0000,0x0000,0x0000,0xeac1,0xfc62,0xfbe1,0xfb63,0xe281,0x0000,0x0000,0x0000,0x0000,0x0000,
0x0000,0x0000,0x0000,0x0000,0x0000,0x0000,0x0000,0x0000,0xfcc4,0xfd85,0xfbe3,0xe2c1,0x0000,0x0000,0x0000,0x0000,
0x0000,0x0000,0xeac1,0xfb63,0xfc05,0xfc05,0xf363,0xfba3,0xfbe3,0xfc03,0xfc03,0xfbc3,0xfba3,0xfb63,0xfb44,0xf324,
0xf3a7,0xeae4,0x0000,0x0000,0x0000,0x0000,0xe2a1,0xfb82,0xf323,0xe2a2,0x0000,0x0000,0x0000,0x0000,0x0000,0x0000,
0x0000,0x0000,0x0000,0x0000,0x0000,0x0000,0x0000,0x0000,0xe280,0xfb62,0xfb63,0xda81,0x0000,0x0000,0x0000,0x0000,
0x0000,0x0000,0x0000,0xd220,0xf304,0xf386,0xf3a7,0xf386,0xf344,0xf342,0xf362,0xf323,0xf345,0xfb87,0xfb87,0xf345,
0xe282,0x0000,0x0000,0x0000,0x0000,0x0000,0x0000,0xd240,0xd221,0x0000,0x0000,0x0000,0x0000,0x0000,0x0000,0x0000,
0x0000,0x0000,0x0000,0x0000,0x0000,0x0000,0x0000,0x0000,0x0000,0x0000,0xda40,0x0000,0x0000,0x0000,0x0000,0x0000,
0x0000,0x0000,0x0000,0x0000,0xc9e0,0xd221,0xeaa3,0xf345,0xf386,0xfba6,0xf3a6,0xf386,0xf366,0xf345,0xe241,0xc9e0,
0x0000,0x0000,0x0000,0x0000,0x0000,0x0000,0x0000,0x0000,0x0000,0x0000,0x0000,0x0000,0x0000,0x0000,0x0000,0x0000,
0x0000,0x0000,0x0000,0x0000,0x0000,0x0000,0x0000,0x0000,0x0000,0x0000,0x0000,0x0000,0x0000,0x0000,0x0000,0x0000,
0x0000,0x0000,0x0000,0x0000,0x0000,0x0000,0x0000,0xc1a0,0xd200,0xda62,0xda62,0xda42,0xd1e0,0xc9c0,0x0000,0x0000,
0x0000,0x0000,0x0000,0x0000,0x0000,0x0000,0x0000,0x0000,0x0000,0x0000,0x0000,0x0000,0x0000,0x0000,0x0000,0x0000,
0x0000,0x0000,0x0000,0x0000,0x0000,0x0000,0x0000,0x0000,0x0000,0x0000,0x0000,0x0000,0x0000,0x0000,0x0000,0x0000,
0x0000,0x0000,0x0000,0x0000,0x0000,0x0000,0x0000,0x0000,0x0000,0x0000,0x0000,0x0000,0x0000,0x0000,0x0000,0x0000,
0x0000,0x0000,0x0000,0x0000,0x0000,0x0000,0x0000,0x0000,0x0000,0x0000,0x0000,0x0000,0x0000,0x0000,0x0000,0x0000,
0x0000,0x0000,0x0000,0x0000,0x0000,0x0000,0x0000,0x0000,0x0000,0x0000,0x0000,0x0000,0x0000,0x0000,0x0000,0x0000,
0x0000,0x0000,0x0000,0x0000,0x0000,0x0000,0x0000,0x0000,0x0000,0x0000,0x0000,0x0000,0x0000,0x0000,0x0000,0x0000,
0x0000,0x0000,0x0000,0x0000,0x0000,0x0000,0x0000,0x0000,0x0000,0x0000,0x0000,0x0000,0x0000,0x0000,0x0000,0x0000,
},
{
0x0000,0x0000,0x0000,0x0000,0x0000,0x0000,0x0000,0x0000,0x0000,0x0000,0x0000,0x0000,0x0000,0x0000,0x0000,0x0000,
0x0000,0x0000,0x0000,0x0000,0x0000,0x0000,0x0000,0x0000,0x0000,0x0000,0x0000,0x0000,0x0000,0x0000,0x0000,0x0000,
0x0000,0x0000,0x0000,0x0000,0x0000,0x0000,0x0000,0x0000,0x0000,0x0000,0x0000,0x0000,0x0000,0x0000,0x0000,0x0000,
0x0000,0x0000,0x0000,0x0000,0x0000,0x0000,0x0000,0x0000,0x0000,0x0000,0x0000,0x0000,0x0000,0x0000,0x0000,0x0000,
0x0000,0x0000,0x0000,0x0000,0x0000,0x0000,0x0000,0x0000,0x0000,0x0000,0x0000,0x0000,0x0000,0x0000,0x0000,0x0000,
0x0000,0x0000,0x0000,0x0000,0x0000,0x0000,0x0000,0x0000,0x0000,0x0000,0x0000,0x0000,0x0000,0x0000,0x0000,0x0000,
0x0000,0x0000,0x0000,0x0000,0x0000,0x0000,0x0000,0x0000,0x0000,0x0000,0x0000,0x0000,0x0000,0x0000,0x1191,0x0000,
0x0000,0x0000,0x0000,0x0000,0x0000,0x0000,0x0000,0x0000,0x0000,0x0000,0x0000,0x0000,0x0971,0x09d3,0x0000,0x0000,
0x0000,0x0000,0x0000,0x0000,0x0000,0x0000,0x0000,0x0000,0x0000,0x0000,0x0000,0x0000,0x0000,0x0000,0x0000,0x0000,
0x0000,0x0000,0x0000,0x0000,0x0000,0x0000,0x0000,0x0000,0x0000,0x0000,0x0000,0x0000,0x0000,0x22b4,0x4d9e,0x0154,
0x0000,0x0000,0x0000,0x0000,0x0000,0x0000,0x0000,0x0000,0x0000,0x0000,0x0000,0x0000,0x3c5c,0x561f,0x0197,0x0000,
0x0000,0x0000,0x0000,0x0000,0x0000,0x0000,0x0000,0x0000,0x0000,0x0000,0x0000,0x0000,0x0000,0x0000,0x0000,0x0000,
0x0000,0x0000,0x0000,0x0000,0x0000,0x0000,0x0000,0x0000,0x0000,0x0000,0x0000,0x0000,0x0000,0x0a16,0x0a78,0x0954,
0x0000,0x0000,0x0000,0x0000,0x0000,0x0000,0x0000,0x0000,0x0000,0x0000,0x0000,0x0000,0x12da,0x1b3b,0x11d4,0x0930,
0x0000,0x0000,0x0000,0x0000,0x0000,0x0000,0x0000,0x0000,0x0000,0x0000,0x0000,0x0000,0x0000,0x0000,0x0000,0x0000,
0x0000,0x0000,0x0000,0x0000,0x0000,0x0000,0x0000,0x0000,0x0000,0x0000,0x0000,0x0000,0x0000,0x0131,0x0995,0x08f1,
0x0000,0x0000,0x0000,0x0000,0x0000,0x0000,0x0000,0x0000,0x0000,0x0000,0x0000,0x0000,0x0972,0x0993,0x0972,0x0952,
0x0000,0x0000,0x0000,0x0000,0x0000,0x0000,0x0000,0x0000,0x0000,0x0000,0x0000,0x0000,0x0000,0x0000,0x0000,0x0000,
0x0000,0x0000,0x0000,0x0000,0x0000,0x0000,0x0000,0x0000,0x0000,0x0000,0x0000,0x0000,0x0000,0x0000,0x0000,0x0000,
0x0000,0x0000,0x0000,0x0000,0x0000,0x0000,0x0000,0x0000,0x0000,0x0000,0x0000,0x0000,0x0000,0x092f,0x0973,0x0000,
0x0000,0x0000,0x0000,0x0000,0x0000,0x0000,0x0000,0x0000,0x0000,0x0000,0x0000,0x0000,0x0000,0x0000,0x0000,0x0000,
0x0000,0x0000,0x0000,0x0000,0x0000,0x0000,0x0000,0x0000,0x0000,0x0000,0x0000,0x0000,0x0000,0x0000,0x0000,0x0000,
0x0000,0x0000,0x0000,0x004a,0x08ed,0x0971,0x0971,0x11b1,0x092e,0x008b,0x0000,0x0000,0x0000,0x0000,0x0000,0x0000,
0x0000,0x0000,0x0000,0x0000,0x0000,0x0000,0x0000,0x0000,0x0000,0x0000,0x0000,0x0000,0x0000,0x0000,0x0000,0x0000,
0x0000,0x0000,0x0000,0x0000,0x0000,0x0000,0x0000,0x0000,0x0000,0x0000,0x0000,0x0000,0x0000,0x0000,0x0000,0x0000,
0x0000,0x00ed,0x1235,0x1b5b,0x1bfd,0x241f,0x23de,0x1bbe,0x1b7c,0x131b,0x0a56,0x010f,0x0000,0x0000,0x0000,0x0000,
0x0000,0x0000,0x0000,0x0000,0x0000,0x0000,0x0000,0x0000,0x0000,0x0000,0x0000,0x0000,0x0000,0x0000,0x0000,0x0000,
0x0000,0x0000,0x0000,0x0000,0x0000,0x0000,0x0000,0x0000,0x0000,0x0000,0x0000,0x0a14,0x0000,0x0000,0x0000,0x008c,
0x1236,0x1bbd,0x1bff,0x1bbd,0x131a,0x1276,0x1235,0x1214,0x1256,0x12d9,0x139c,0x139d,0x1277,0x00ad,0x0000,0x0000,
0x0000,0x0000,0x0000,0x0000,0x0000,0x0000,0x0000,0x0000,0x0000,0x0000,0x0000,0x0000,0x0000,0x0000,0x0000,0x0000,
0x0000,0x0000,0x0000,0x0000,0x0000,0x0000,0x0000,0x0000,0x0000,0x0000,0x0000,0x0000,0x0000,0x0000,0x00cd,0x131b,
0x1b7e,0x12db,0x0a5a,0x0a17,0x0992,0x0991,0x1191,0x1191,0x1191,0x11d4,0x11f4,0x12b8,0x1b7c,0x131b,0x0910,0x0000,
0x0000,0x0000,0x0000,0x0000,0x0000,0x09b3,0x0000,0x0000,0x0000,0x0000,0x0000,0x0000,0x0000,0x0000,0x0000,0x0000,
0x0000,0x0000,0x0000,0x0000,0x0000,0x0000,0x0000,0x0000,0x0000,0x0000,0x0000,0x0000,0x0000,0x092f,0x1b7c,0x131d,
0x24bc,0x4ede,0x1b9c,0x0973,0x0992,0x1170,0x1190,0x1191,0x1190,0x1191,0x11b2,0x11d3,0x1215,0x133c,0x1b9e,0x0910,
0x0000,0x0000,0x0000,0x0000,0x341a,0x4dbf,0x0134,0x0000,0x0000,0x0000,0x0000,0x0000,0x0000,0x0000,0x0000,0x0000,
0x0000,0x0000,0x0000,0x0000,0x0000,0x0000,0x0000,0x0000,0x0000,0x0000,0x0000,0x0000,0x00cd,0x23bd,0x1b3c,0x2cbb,
0x4fff,0x57ff,0x1b1a,0x0995,0x09d4,0x1171,0x1170,0x116f,0x1170,0x116f,0x1170,0x096f,0x1190,0x11f5,0x1b1c,0x23bd,
0x00cd,0x0000,0x0000,0x0000,0x12d9,0x233b,0x09f7,0x00ce,0x0000,0x0000,0x0000,0x0000,0x0000,0x0000,0x0000,0x0000,
0x0000,0x0000,0x0000,0x0000,0x0000,0x1b98,0x09b3,0x0000,0x0000,0x0000,0x0000,0x008c,0x131b,0x23be,0x11b7,0x46be,
0x47bf,0x2c5b,0x11b6,0x09b3,0x1171,0x1191,0x1170,0x1170,0x116f,0x116f,0x116f,0x096f,0x094e,0x0971,0x11f5,0x1b7c,
0x1298,0x006b,0x0000,0x0000,0x09d5,0x0994,0x11d5,0x0151,0x0000,0x0000,0x0000,0x0000,0x0000,0x0000,0x0000,0x0000,
0x0000,0x0000,0x0000,0x0000,0x09f3,0x251e,0x0a58,0x00cf,0x0000,0x0000,0x0000,0x09f5,0x23ff,0x1a79,0x1217,0x12fa,
0x1297,0x0975,0x11f6,0x09b3,0x1170,0x1170,0x1170,0x1170,0x096f,0x116f,0x094f,0x11b0,0x0a95,0x0970,0x11f5,0x1298,
0x1bff,0x09b3,0x0000,0x0000,0x0130,0x09d5,0x11d5,0x08ef,0x0000,0x0000,0x0000,0x0000,0x0000,0x0000,0x0000,0x0000,
0x0000,0x0000,0x0000,0x0000,0x0992,0x09f7,0x0974,0x0910,0x0000,0x0000,0x0930,0x1b9e,0x1afb,0x1193,0x1317,0x1359,
0x1132,0x1217,0x1191,0x1170,0x1170,0x1170,0x1170,0x116f,0x116f,0x114e,0x114e,0x114e,0x0a11,0x1232,0x1191,0x11f4,
0x135d,0x0a15,0x0000,0x0000,0x0000,0x0992,0x0931,0x0000,0x0000,0x0000,0x0000,0x0000,0x0000,0x0000,0x0000,0x0000,
0x0000,0x0000,0x0000,0x0000,0x0000,0x0993,0x0993,0x0000,0x0000,0x0000,0x09d4,0x1bdf,0x12da,0x1192,0x1191,0x11b1,
0x0990,0x0970,0x1170,0x1170,0x1170,0x1170,0x116f,0x114f,0x114f,0x116f,0x116f,0x114f,0x114e,0x1190,0x1190,0x11b2,
0x12fa,0x09d4,0x004a,0x0000,0x0000,0x0000,0x0000,0x0000,0x0000,0x0000,0x0000,0x0000,0x0000,0x0000,0x0000,0x0000,
0x0000,0x0000,0x0000,0x0000,0x0000,0x0000,0x0000,0x0000,0x0000,0x0000,0x00ce,0x09f6,0x1b3b,0x1191,0x114f,0x0970,
0x0970,0x0970,0x0970,0x1170,0x116f,0x116f,0x096f,0x114f,0x116f,0x092e,0x00ee,0x094f,0x1190,0x114f,0x1190,0x11d2,
0x1256,0x135d,0x0110,0x0000,0x0000,0x0000,0x0000,0x0000,0x0000,0x0000,0x0000,0x0000,0x0000,0x0000,0x0000,0x0000,
0x0000,0x0000,0x0000,0x0000,0x0000,0x0000,0x0000,0x0000,0x0000,0x0000,0x0000,0x12b9,0x1ada,0x1172,0x0971,0x0950,
0x0950,0x094f,0x0970,0x116f,0x114f,0x116f,0x094f,0x116f,0x00ac,0x214c,0x4a4d,0x214c,0x00ad,0x094e,0x116f,0x1191,
0x11f4,0x12b9,0x131c,0x0110,0x0000,0x0000,0x0000,0x0000,0x0000,0x0000,0x0000,0x0000,0x0000,0x0000,0x0000,0x0000,
0x0000,0x0000,0x0000,0x0000,0x0000,0x0000,0x0000,0x0000,0x0000,0x0000,0x012f,0x1b9e,0x1a98,0x1192,0x094f,0x1170,
0x1190,0x1170,0x116f,0x116f,0x116f,0x094e,0x116f,0x00cd,0x6b51,0xe71b,0xff9c,0xe6fa,0x83d2,0x08ab,0x092e,0x116f,
0x1190,0x11d2,0x12fa,0x1b1b,0x0000,0x0000,0x0000,0x0000,0x2337,0x11d2,0x0000,0x0000,0x0000,0x0000,0x0000,0x0000,
0x0000,0x0000,0x0000,0x09d3,0x0000,0x0000,0x0000,0x0000,0x0000,0x00cb,0x1b3b,0x1afb,0x1a13,0x1190,0x116f,0x010e,
0x00ac,0x00ac,0x00ee,0x116f,0x114f,0x116f,0x090e,0x3a0f,0xffbc,0xfffe,0xffde,0xffff,0xfffd,0xb556,0x08cd,0x092f,
0x114f,0x11b1,0x1236,0x1299,0x00ac,0x0000,0x0000,0x0000,0x1af9,0x11f6,0x0000,0x0000,0x0000,0x0000,0x0000,0x0000,
0x0000,0x0000,0x1213,0x2c3d,0x0173,0x0000,0x0000,0x0000,0x00ed,0x131a,0x1b5d,0x1a14,0x19d1,0x1190,0x010e,0x298d,
0x9c93,0xb535,0x39ee,0x00ed,0x116f,0x116f,0x00ac,0x8433,0xffff,0xffde,0xffff,0xffde,0xffdd,0xfffe,0x8c55,0x008d,
0x114f,0x1190,0x11f4,0x1afc,0x0a16,0x0000,0x0000,0x0000,0x0952,0x0973,0x0000,0x0000,0x0000,0x0000,0x0000,0x0000,
0x0000,0x0000,0x0993,0x09f6,0x0932,0x0000,0x0000,0x0000,0x0a98,0x137d,0x1216,0x11d2,0x1190,0x092e,0x31ef,0xef1b,
0xfffd,0xfffd,0xf77c,0x3a0f,0x090e,0x118f,0x00ac,0xa536,0xffff,0xef7d,0xce9b,0xfffe,0xffdd,0xfffe,0xf79c,0x31ce,
0x00ed,0x114e,0x1192,0x1215,0x1b5e,0x0972,0x0000,0x0000,0x0000,0x0000,0x0000,0x0000,0x0000,0x0000,0x0000,0x0000,
0x0000,0x0000,0x0000,0x0993,0x0910,0x0000,0x0000,0x11f3,0x2c1e,0x1216,0x11d3,0x1191,0x0970,0x08ec,0xce38,0xffff,
0xf7dd,0xfffe,0xffff,0xad57,0x00ac,0x19b0,0x00ac,0x9d16,0xffff,0x7c15,0x088c,0xc67a,0xfffe,0xffdd,0xfffe,0x7bd2,
0x008b,0x114e,0x1191,0x11d3,0x12db,0x0a17,0x0000,0x0000,0x0000,0x0000,0x0000,0x0000,0x0000,0x0000,0x0000,0x0000,
0x0000,0x0000,0x0000,0x0000,0x0000,0x0000,0x0000,0x09b2,0x1a77,0x1299,0x11f5,0x11b1,0x00cd,0x52af,0xfffe,0xffde,
0xffff,0xd69b,0xf7bd,0xe73b,0x194d,0x114f,0x00ed,0x6b92,0xffff,0x8456,0x000a,0x73f4,0xffff,0xf7bd,0xfffe,0xad15,
0x008a,0x112e,0x0950,0x11d3,0x1257,0x0132,0x0000,0x0000,0x0000,0x0000,0x0000,0x0000,0x0000,0x0000,0x0000,0x0000,
0x0000,0x0000,0x0000,0x0000,0x0000,0x0000,0x0000,0x0000,0x008b,0x1236,0x1a99,0x1191,0x00ab,0xa4d4,0xfffe,0xfffe,
0xdefc,0x088c,0x8455,0xfffe,0x3a0e,0x010d,0x094f,0x21ae,0xf79d,0xf7bd,0x7413,0xd69a,0xfffe,0xffdd,0xfffe,0xacf5,
0x008a,0x112e,0x092f,0x1170,0x1a98,0x0951,0x0000,0x0000,0x0000,0x0000,0x0000,0x0000,0x0000,0x0000,0x0000,0x0000,
0x0000,0x0000,0x0000,0x0000,0x0000,0x0000,0x0000,0x0000,0x010e,0x1afa,0x1a78,0x1191,0x00cc,0xc5d7,0xfffe,0xffff,
0xc61a,0x000a,0x6bd3,0xfffe,0x31ee,0x090e,0x118f,0x00cc,0x6b92,0xfffe,0xffff,0xfffe,0xffdd,0xffdd,0xfffd,0x7392,
0x00ac,0x112e,0x094f,0x1192,0x1278,0x12da,0x00ee,0x0000,0x0000,0x0000,0x0000,0x0000,0x0000,0x0000,0x0000,0x0000,
0x0000,0x0000,0x0000,0x0000,0x0000,0x0000,0x0000,0x0000,0x12d8,0x1b3c,0x11f5,0x11b1,0x00cc,0xb575,0xfffe,0xffde,
0xffff,0x9496,0xe73b,0xe6fb,0x112e,0x116f,0x114e,0x114e,0x008b,0x73b2,0xf7be,0xffff,0xfffe,0xfffe,0xd618,0x192d,
0x092f,0x112e,0x1170,0x11b3,0x1257,0x139e,0x0193,0x0000,0x0000,0x0000,0x1234,0x1235,0x0000,0x0000,0x0000,0x0000,
0x0000,0x0000,0x0000,0x0000,0x0000,0x0000,0x0000,0x11f4,0x23ff,0x129a,0x1215,0x1191,0x00ac,0x6b91,0xfffe,0xf7de,
0xffdd,0xffff,0xffff,0x8c75,0x00ee,0x116f,0x114e,0x112e,0x112d,0x00ab,0x31ee,0x8c54,0x9cf5,0x7bd2,0x214d,0x090e,
0x114e,0x092e,0x114f,0x11f4,0x1258,0x0a16,0x0151,0x0000,0x0000,0x00ef,0x1b7c,0x1ada,0x010f,0x0000,0x0000,0x0000,
0x0000,0x0000,0x0000,0x0000,0x0000,0x0000,0x0000,0x0992,0x0972,0x0992,0x1a99,0x11b1,0x092f,0x112d,0xce39,0xfffe,
0xfffe,0xffff,0xc639,0x112d,0x116f,0x116f,0x114e,0x112e,0x114e,0x116f,0x092e,0x00ac,0x006b,0x00ac,0x092e,0x112e,
0x090d,0x114f,0x092f,0x11f5,0x1279,0x006b,0x0000,0x0000,0x0000,0x0930,0x09d4,0x0993,0x0930,0x0000,0x0000,0x0000,
0x0000,0x0000,0x0000,0x0000,0x0000,0x0000,0x0000,0x0000,0x0000,0x00ee,0x1ada,0x11b2,0x114f,0x092f,0x112e,0x73b2,
0xa515,0x7bf2,0x192d,0x092e,0x00ed,0x00cc,0x114e,0x114e,0x090e,0x090e,0x092f,0x116f,0x116e,0x196e,0x112e,0x092d,
0x090d,0x114f,0x0950,0x11f5,0x1aba,0x00ad,0x0000,0x0000,0x0000,0x0000,0x0971,0x0992,0x0000,0x0000,0x0000,0x0000,
0x0000,0x0000,0x0000,0x0000,0x0000,0x0000,0x0000,0x0000,0x0000,0x0a16,0x1adb,0x11b2,0x094f,0x116f,0x092e,0x006b,
0x006a,0x00ad,0x1170,0x00ed,0x4ab0,0x5b31,0x00cd,0x00ad,0x73d4,0xce5a,0x216e,0x00ee,0x08ed,0x00ac,0x114e,0x112e,
0x090d,0x112d,0x114f,0x11d3,0x1b1d,0x0952,0x0000,0x0000,0x0000,0x0000,0x0000,0x0000,0x0000,0x0000,0x0000,0x0000,
0x0000,0x0000,0x0000,0x0000,0x0000,0x0000,0x0000,0x0000,0x012f,0x12bb,0x1215,0x1171,0x1170,0x092e,0x114e,0x112d,
0x112e,0x114f,0x00ad,0x194c,0xef7d,0xffff,0x7bf4,0x4a90,0xffdd,0xfffe,0xdeda,0x216e,0x4ad1,0x94b5,0x00cd,0x112e,
0x092e,0x114e,0x114f,0x11b2,0x1258,0x1259,0x00ad,0x0000,0x0000,0x0000,0x0000,0x0000,0x0000,0x0000,0x0000,0x0000,
0x0000,0x0000,0x0000,0x0000,0x0000,0x0000,0x0000,0x0992,0x1b5d,0x1215,0x1171,0x1172,0x0970,0x092e,0x092d,0x090d,
0x00ed,0x21af,0x3a0e,0xa4f5,0xffff,0xef5d,0xffff,0xf79c,0xfffc,0xbdb6,0xfffd,0xe6fa,0xef3d,0xffff,0x6332,0x00ac,
0x114e,0x092e,0x094f,0x1170,0x11b2,0x1299,0x1258,0x008c,0x0000,0x0000,0x0000,0x0000,0x0000,0x0000,0x0000,0x0000,
0x0000,0x0000,0x0000,0x0000,0x0000,0x0000,0x092f,0x239e,0x1a78,0x11d3,0x1216,0x1216,0x1192,0x1191,0x092e,0x092e,
0x008c,0xa4f6,0xfffc,0xfffd,0x73d4,0x296e,0xdedc,0xffff,0x8433,0x006b,0x7bd3,0xfffe,0xef7d,0x8434,0xe699,0x196d,
0x090d,0x114e,0x1191,0x11b3,0x11f3,0x1216,0x12ba,0x12ba,0x08ee,0x0000,0x0000,0x0000,0x0000,0x0000,0x0000,0x0000,
0x0000,0x0000,0x0000,0x0000,0x0000,0x0000,0x1235,0x1b9d,0x1216,0x11f4,0x11b2,0x12ba,0x1216,0x1191,0x092f,0x00ed,
0x29ae,0x7392,0x9c93,0xb5b7,0x00ad,0x00ae,0x29af,0x7392,0x00ab,0x092e,0x004b,0x6b52,0x5b31,0x002b,0x4a90,0x196e,
0x08ed,0x114f,0x11b3,0x1215,0x1216,0x1258,0x1298,0x139e,0x0a15,0x0000,0x0000,0x0000,0x0000,0x0000,0x0000,0x0000,
0x0000,0x0000,0x0000,0x0000,0x0000,0x0000,0x1299,0x131d,0x09f6,0x00ac,0x0000,0x0930,0x1279,0x1171,0x094e,0x092e,
0x08ed,0x006a,0x00ab,0x08ec,0x090d,0x114e,0x090e,0x008c,0x112d,0x092e,0x092d,0x008c,0x00cc,0x112e,0x00cc,0x090d,
0x092e,0x1171,0x11f5,0x1216,0x008b,0x00cd,0x0991,0x12fa,0x12fb,0x0000,0x0000,0x0000,0x0000,0x0000,0x0000,0x0000,
0x0000,0x0000,0x0000,0x0000,0x0000,0x0000,0x09d6,0x125a,0x00ce,0x0000,0x0000,0x090f,0x1279,0x1191,0x11d2,0x116f,
0x090d,0x090d,0x092e,0x090e,0x090d,0x090e,0x092e,0x114e,0x092e,0x090e,0x090e,0x092e,0x092d,0x090d,0x112d,0x090d,
0x094e,0x1191,0x1a77,0x0951,0x0000,0x0000,0x0000,0x0951,0x0951,0x0000,0x0000,0x0000,0x0000,0x0000,0x0000,0x0000,
0x0000,0x0000,0x0000,0x0000,0x0000,0x0000,0x08ef,0x0910,0x0000,0x0000,0x0000,0x1277,0x1abb,0x1259,0x1236,0x1170,
0x092e,0x092e,0x092e,0x092e,0x090e,0x092e,0x092e,0x092e,0x092e,0x092e,0x092e,0x092e,0x090d,0x092e,0x114f,0x1190,
0x116f,0x1171,0x1278,0x0973,0x0000,0x0000,0x0000,0x0000,0x0000,0x0000,0x0000,0x0000,0x0000,0x0000,0x0000,0x0000,
0x0000,0x0000,0x0000,0x0000,0x0000,0x0000,0x0000,0x0000,0x0000,0x0000,0x0000,0x12da,0x1258,0x00d0,0x129a,0x1a35,
0x092f,0x1170,0x1171,0x094f,0x094f,0x092e,0x092e,0x092f,0x1150,0x092f,0x092e,0x092e,0x114e,0x1170,0x1192,0x11d3,
0x1191,0x1191,0x1258,0x1258,0x0000,0x0000,0x0000,0x0000,0x0000,0x0000,0x0000,0x0000,0x0000,0x0000,0x0000,0x0000,
0x0000,0x0000,0x0000,0x0000,0x0000,0x0000,0x0000,0x0000,0x0000,0x0000,0x0000,0x010f,0x0000,0x0000,0x1257,0x1278,
0x11b2,0x1278,0x1236,0x11b2,0x094f,0x094f,0x1150,0x1172,0x11f5,0x11b3,0x1171,0x094f,0x116f,0x11d4,0x1a78,0x1a78,
0x1a79,0x1237,0x1215,0x12bb,0x090f,0x0000,0x0000,0x0000,0x0000,0x0000,0x0000,0x0000,0x0000,0x0000,0x0000,0x0000,
0x0000,0x0000,0x0000,0x0000,0x0000,0x0000,0x0000,0x0000,0x0000,0x0000,0x0000,0x0000,0x0000,0x0000,0x1298,0x131d,
0x1279,0x1216,0x1a99,0x1257,0x1192,0x1171,0x11d4,0x1238,0x1238,0x1a9a,0x1217,0x1192,0x1191,0x1a57,0x1216,0x00ac,
0x0951,0x0a38,0x129a,0x1ada,0x1217,0x0000,0x0000,0x0000,0x0000,0x0000,0x0000,0x0000,0x0000,0x0000,0x0000,0x0000,
0x0000,0x0000,0x0000,0x0000,0x0000,0x0000,0x0000,0x0000,0x0000,0x0000,0x0000,0x0000,0x0000,0x0000,0x09d5,0x133e,
0x0931,0x0000,0x08ee,0x1ada,0x1236,0x11d3,0x1259,0x0973,0x006a,0x08ee,0x1237,0x1a58,0x11d3,0x1a79,0x0110,0x0000,
0x0000,0x00cd,0x0a38,0x1b5d,0x11f6,0x0000,0x0000,0x0000,0x0000,0x0000,0x0000,0x0000,0x0000,0x0000,0x0000,0x0000,
0x0000,0x0000,0x0000,0x0000,0x0000,0x0000,0x0000,0x0000,0x0000,0x0000,0x0000,0x0000,0x0000,0x0000,0x0000,0x0131,
0x0000,0x0000,0x0000,0x11d4,0x1b1c,0x1258,0x1299,0x006b,0x0000,0x0000,0x00ed,0x1aba,0x1aba,0x1adc,0x00ee,0x0000,
0x0000,0x0000,0x00ab,0x0992,0x08cd,0x0000,0x0000,0x0000,0x0000,0x0000,0x0000,0x0000,0x0000,0x0000,0x0000,0x0000,
0x0000,0x0000,0x0000,0x0000,0x0000,0x0000,0x0000,0x0000,0x0000,0x0000,0x0000,0x0000,0x0000,0x0000,0x0000,0x0000,
0x0000,0x0000,0x0000,0x00cc,0x1279,0x1b5e,0x09b3,0x0000,0x0000,0x0000,0x0000,0x00ee,0x129a,0x09d5,0x0000,0x0000,
0x0000,0x0000,0x0000,0x0000,0x0000,0x0000,0x0000,0x0000,0x0000,0x0000,0x0000,0x0000,0x0000,0x0000,0x0000,0x0000,
0x0000,0x0000,0x0000,0x0000,0x0000,0x0000,0x0000,0x0000,0x0000,0x0000,0x0000,0x0000,0x0000,0x0000,0x0000,0x0000,
0x0000,0x0000,0x0000,0x0000,0x00cd,0x0951,0x0000,0x0000,0x0000,0x0000,0x0000,0x0000,0x0000,0x0000,0x0000,0x0000,
0x0000,0x0000,0x0000,0x0000,0x0000,0x0000,0x0000,0x0000,0x0000,0x0000,0x0000,0x0000,0x0000,0x0000,0x0000,0x0000,
0x0000,0x0000,0x0000,0x0000,0x0000,0x0000,0x0000,0x0000,0x0000,0x0000,0x0000,0x0000,0x0000,0x0000,0x0000,0x0000,
0x0000,0x0000,0x0000,0x0000,0x0000,0x0000,0x0000,0x0000,0x0000,0x0000,0x0000,0x0000,0x0000,0x0000,0x0000,0x0000,
0x0000,0x0000,0x0000,0x0000,0x0000,0x0000,0x0000,0x0000,0x0000,0x0000,0x0000,0x0000,0x0000,0x0000,0x0000,0x0000,
0x0000,0x0000,0x0000,0x0000,0x0000,0x0000,0x0000,0x0000,0x0000,0x0000,0x0000,0x0000,0x0000,0x0000,0x0000,0x0000,
0x0000,0x0000,0x0000,0x0000,0x0000,0x0000,0x0000,0x0000,0x0000,0x0000,0x0000,0x0000,0x0000,0x0000,0x0000,0x0000,
0x0000,0x0000,0x0000,0x0000,0x0000,0x0000,0x0000,0x0000,0x0000,0x0000,0x0000,0x0000,0x0000,0x0000,0x0000,0x0000,
},
{
0x0000,0x0000,0x0000,0x0000,0x0000,0x0000,0x0000,0x0000,0x0000,0x0000,0x0000,0x0000,0x0000,0x0000,0x0000,0x0000,
0x0000,0x0000,0x0000,0x0000,0x0000,0x0000,0x0000,0x0000,0x0000,0x0000,0x0000,0x0000,0x0000,0x0000,0x0000,0x0000,
0x0000,0x0000,0x0000,0x0000,0x0000,0x0000,0x0000,0x0000,0x0000,0x0000,0x0000,0x0000,0x0000,0x0000,0x0000,0x0000,
0x0000,0x0000,0x0000,0x0000,0x0000,0x0000,0x0000,0x0000,0x0000,0x0000,0x0000,0x0000,0x0000,0x0000,0x0000,0x0000,
0x0000,0x0000,0x0000,0x0000,0x0000,0x0000,0x0000,0x0000,0x0000,0x0000,0x0000,0x0000,0x0000,0x0000,0x0000,0x0000,
0x0000,0x0000,0x0000,0x0000,0x0000,0x0000,0x0000,0x0000,0x0000,0x0000,0x0000,0x0000,0x0000,0x0000,0x0000,0x0000,
0x0000,0x0000,0x0000,0x0000,0x0000,0x0000,0x0000,0x0000,0x0000,0x0000,0x0000,0x0000,0x0000,0x0000,0x0000,0x0000,
0x0000,0x0000,0x0000,0x0000,0x0000,0x0000,0x0000,0x0000,0x0000,0x0000,0x0000,0x0000,0x0000,0x0000,0xe6b6,0xd654,
0x0000,0x0000,0x0000,0x0000,0x0000,0x0000,0x0000,0x0000,0x0000,0x0000,0x0000,0x0000,0x0000,0x0000,0x0000,0x0000,
0x0000,0x0000,0x0000,0x0000,0x0000,0x0000,0x0000,0x0000,0x0000,0x0000,0x0000,0x0000,0x0000,0x0000,0x0000,0x0000,
0x0000,0x0000,0x0000,0x0000,0x0000,0x0000,0x0000,0x0000,0x0000,0x0000,0x0000,0x0000,0x0000,0xe6b6,0xfffe,0xff99,
0x0000,0x0000,0x0000,0x0000,0x0000,0x0000,0x0000,0x0000,0x0000,0x0000,0x0000,0x0000,0x0000,0x0000,0x0000,0x0000,
0x0000,0x0000,0x0000,0x0000,0x0000,0x0000,0x0000,0x0000,0x0000,0x0000,0x0000,0x0000,0x0000,0x0000,0xef39,0xde94,
0x0000,0x0000,0x0000,0x0000,0x0000,0x0000,0x0000,0x0000,0x0000,0x0000,0x0000,0x0000,0x0000,0xde74,0xf757,0xf735,
0xde94,0x0000,0x0000,0x0000,0x0000,0x0000,0x0000,0x0000,0x0000,0x0000,0x0000,0x0000,0x0000,0x0000,0x0000,0x0000,
0x0000,0x0000,0x0000,0x0000,0x0000,0x0000,0x0000,0x0000,0x0000,0x0000,0x0000,0x0000,0x0000,0xdeb6,0xffbb,0xde74,
0x0000,0x0000,0x0000,0x0000,0x0000,0x0000,0x0000,0x0000,0x0000,0x0000,0x0000,0x0000,0x0000,0x0000,0xde94,0xf757,
0xd654,0x0000,0x0000,0x0000,0x0000,0x0000,0x0000,0x0000,0x0000,0x0000,0x0000,0x0000,0x0000,0x0000,0x0000,0x0000,
0x0000,0x0000,0x0000,0x0000,0x0000,0x0000,0x0000,0x0000,0x0000,0x0000,0x0000,0x0000,0x0000,0x0000,0xde95,0x0000,
0x0000,0x0000,0x0000,0x0000,0x0000,0x0000,0x0000,0x0000,0x0000,0x0000,0x0000,0x0000,0x0000,0x0000,0x0000,0x0000,
0x0000,0x0000,0x0000,0x0000,0x0000,0x0000,0x0000,0x0000,0x0000,0x0000,0x0000,0x0000,0x0000,0x0000,0x0000,0x0000,
0x0000,0x0000,0x0000,0x0000,0x0000,0x0000,0x0000,0x0000,0x0000,0x0000,0x0000,0x0000,0x0000,0x0000,0x0000,0x0000,
0x0000,0x0000,0x0000,0x0000,0xcdd1,0xd612,0xde75,0xe6d6,0xe6d6,0xde75,0xd612,0xcdd1,0x0000,0x0000,0x0000,0x0000,
0x0000,0x0000,0x0000,0x0000,0x0000,0x0000,0x0000,0x0000,0x0000,0x0000,0x0000,0x0000,0x0000,0x0000,0x0000,0x0000,
0x0000,0x0000,0x0000,0x0000,0x0000,0x0000,0x0000,0x0000,0x0000,0x0000,0x0000,0x0000,0x0000,0x0000,0x0000,0x0000,
0x0000,0x0000,0xcdd0,0xe6b5,0xff9a,0xffdc,0xfffd,0xfffd,0xfffb,0xfffb,0xffdb,0xff99,0xef17,0xd612,0x0000,0x0000,
0x0000,0x0000,0x0000,0x0000,0x0000,0x0000,0x0000,0x0000,0x0000,0x0000,0x0000,0x0000,0x0000,0x0000,0x0000,0x0000,
0x0000,0x0000,0x0000,0x0000,0x0000,0x0000,0x0000,0x0000,0x0000,0x0000,0x0000,0x0000,0x0000,0x0000,0x0000,0x0000,
0xcdd1,0xde74,0xf79a,0xfffc,0xffda,0xff98,0xf758,0xf757,0xef17,0xef17,0xf778,0xff98,0xfffb,0xffbb,0xeed5,0xcdd1,
0x0000,0x0000,0x0000,0x0000,0x0000,0x0000,0x0000,0x0000,0x0000,0x0000,0x0000,0x0000,0x0000,0x0000,0x0000,0x0000,
0x0000,0x0000,0x0000,0x0000,0x0000,0x0000,0x0000,0x0000,0x0000,0x0000,0x0000,0x0000,0x0000,0x0000,0x0000,0xcdd1,
0xf717,0xfffc,0xfffa,0xff77,0xef37,0xe6f8,0xded8,0xd6b8,0xd699,0xd6b9,0xe6d8,0xe6f7,0xef17,0xffb9,0xfffb,0xff79,
0xd5f1,0x0000,0x0000,0x0000,0x0000,0xde53,0xff79,0xd634,0x0000,0x0000,0x0000,0x0000,0x0000,0x0000,0x0000,0x0000,
0x0000,0x0000,0x0000,0x0000,0x0000,0x0000,0x0000,0xde75,0xff78,0xd633,0x0000,0x0000,0x0000,0x0000,0xcdd1,0xf738,
0xfffc,0xffdb,0xffb9,0xef17,0xded9,0xdeb9,0xd679,0xce79,0xce59,0xce79,0xd699,0xd699,0xd699,0xe6f7,0xf777,0xfffd,
0xff79,0xcdb0,0x0000,0x0000,0x0000,0xe6b4,0xfffc,0xf736,0x0000,0x0000,0x0000,0x0000,0x0000,0x0000,0x0000,0x0000,
0x0000,0x0000,0x0000,0x0000,0x0000,0x0000,0xd612,0xffbc,0xfffb,0xe6b4,0x0000,0x0000,0x0000,0xcdb1,0xf738,0xfffd,
0xffdc,0xffff,0xfffe,0xf758,0xdefa,0xce79,0xce79,0xce58,0xc638,0xce38,0xce59,0xce59,0xce79,0xd699,0xded8,0xf757,
0xfffc,0xeef7,0x0000,0x0000,0x0000,0xde53,0xf756,0xf735,0xd633,0x0000,0x0000,0x0000,0x0000,0x0000,0x0000,0x0000,
0x0000,0x0000,0x0000,0x0000,0x0000,0x0000,0xd634,0xf778,0xf715,0xde95,0x0000,0x0000,0x0000,0xde74,0xfffd,0xff99,
0xfffe,0xffff,0xff99,0xef18,0xd699,0xce79,0xce59,0xc638,0xc638,0xc639,0xce38,0xce38,0xce59,0xce78,0xd699,0xdeb7,
0xff77,0xffdb,0xd612,0x0000,0x0000,0x0000,0xe6b4,0xe694,0x0000,0x0000,0x0000,0x0000,0x0000,0x0000,0x0000,0x0000,
0x0000,0x0000,0x0000,0x0000,0x0000,0x0000,0x0000,0xeef6,0xe695,0x0000,0x0000,0x0000,0xcdf2,0xffbb,0xffdb,0xff77,
0xf79a,0xff99,0xef38,0xded9,0xd699,0xce59,0xce39,0xc639,0xc638,0xc638,0xc638,0xce59,0xc638,0xd698,0xf79c,0xdeda,
0xef16,0xffda,0xf738,0x0000,0x0000,0x0000,0x0000,0x0000,0x0000,0x0000,0x0000,0x0000,0x0000,0x0000,0x0000,0x0000,
0x0000,0x0000,0x0000,0x0000,0x0000,0x0000,0x0000,0x0000,0x0000,0x0000,0x0000,0x0000,0xe6d6,0xfffd,0xff98,0xf758,
0xe6f8,0xe6f8,0xdeb9,0xd699,0xce79,0xce59,0xc638,0xc638,0xc638,0xc618,0xc638,0xc638,0xc618,0xc618,0xd6ba,0xdeba,
0xded8,0xff98,0xf79a,0xd5d0,0x0000,0x0000,0x0000,0x0000,0x0000,0x0000,0x0000,0x0000,0x0000,0x0000,0x0000,0x0000,
0x0000,0x0000,0x0000,0x0000,0x0000,0x0000,0x0000,0x0000,0x0000,0x0000,0x0000,0x0000,0xd632,0xf79a,0xff98,0xe6f8,
0xd698,0xd678,0xce79,0xce58,0xc638,0xc638,0xc638,0xc638,0xc618,0xc618,0xc618,0xc617,0xc617,0xc618,0xc618,0xce38,
0xd699,0xef17,0xffba,0xff99,0xd632,0x0000,0x0000,0x0000,0x0000,0x0000,0x0000,0x0000,0x0000,0x0000,0x0000,0x0000,
0x0000,0x0000,0x0000,0x0000,0x0000,0x0000,0x0000,0x0000,0x0000,0x0000,0x0000,0x0000,0xcdd2,0xf758,0xff78,0xdeb7,
0xd678,0xce58,0xce58,0xce57,0xc637,0xc618,0xc618,0xc618,0xc618,0xc618,0xc618,0xbdf8,0xc5f7,0xc617,0xc618,0xc637,
0xde97,0xe6d7,0xf736,0xfffb,0xffdb,0x0000,0x0000,0x0000,0x0000,0xeed5,0xffba,0xd5f1,0x0000,0x0000,0x0000,0x0000,
0x0000,0x0000,0x0000,0x0000,0x0000,0x0000,0x0000,0x0000,0x0000,0x0000,0x0000,0x0000,0xd632,0xffdb,0xff77,0xe6d8,
0xd678,0xce57,0xce56,0xce36,0xc637,0xc618,0xc618,0xc618,0xc5f7,0xbdf7,0xc5f8,0xbdf7,0xc618,0xc639,0xc638,0xc618,
0xce37,0xd698,0xde97,0xf756,0xff99,0x0000,0x0000,0x0000,0x0000,0xf716,0xff99,0xde52,0x0000,0x0000,0x0000,0x0000,
0x0000,0x0000,0x0000,0x0000,0x0000,0x0000,0x0000,0x0000,0x0000,0x0000,0x0000,0xd5f2,0xf779,0xffb8,0xef17,0xd698,
0xd676,0xce56,0xce36,0xce57,0xc638,0xc638,0xc618,0xc5f7,0xbdf7,0xbdd7,0xbdf7,0xbdf8,0xbdd6,0xcdd3,0xcdd3,0xbd94,
0xc617,0xce58,0xde97,0xf778,0xf758,0xcdb0,0x0000,0x0000,0x0000,0xde74,0xf736,0xd612,0x0000,0x0000,0x0000,0x0000,
0x0000,0x0000,0x0000,0x0000,0xff9b,0xffbb,0x0000,0x0000,0x0000,0x0000,0xe6b5,0xffbb,0xffb8,0xf736,0xdeb7,0xd697,
0xce76,0xce37,0xc617,0xc5d4,0xcdd2,0xc5d2,0xbdd6,0xbdf7,0xbdd7,0xbdd7,0xbdf7,0xbdd6,0xd5f3,0xf75a,0xf77a,0xe695,
0xcdd2,0xc637,0xd698,0xf737,0xffba,0xde74,0x0000,0x0000,0x0000,0x0000,0xd633,0x0000,0x0000,0x0000,0x0000,0x0000,
0x0000,0x0000,0x0000,0xd654,0xffda,0xf737,0xd634,0x0000,0x0000,0xde32,0xffbc,0xfffc,0xff77,0xef18,0xdeb7,0xd697,
0xce78,0xc616,0xc591,0xe6b6,0xff9b,0xf77a,0xd633,0xc5b4,0xbdf8,0xbdf7,0xbdf8,0xcdd4,0xff9c,0xffff,0xfffd,0xffff,
0xf77a,0xcdd2,0xce38,0xe6b7,0xff98,0xff99,0xd632,0x0000,0x0000,0x0000,0x0000,0x0000,0x0000,0x0000,0x0000,0x0000,
0x0000,0x0000,0x0000,0xc5d2,0xf757,0xe695,0x0000,0x0000,0x0000,0xf759,0xfffe,0xff76,0xe6f8,0xded8,0xd697,0xce57,
0xce58,0xcdb2,0xf737,0xffff,0xffff,0xffff,0xffdc,0xcdf3,0xbdd7,0xbdf8,0xbdb6,0xde35,0xffff,0xffff,0xffff,0xffde,
0xffff,0xeed7,0xc5b3,0xd698,0xe6d5,0xffb8,0xf778,0xd5d1,0x0000,0x0000,0x0000,0x0000,0x0000,0x0000,0x0000,0x0000,
0x0000,0x0000,0x0000,0x0000,0x0000,0x0000,0x0000,0x0000,0x0000,0xf759,0xffdb,0xff76,0xe6f6,0xdeb7,0xd676,0xce38,
0xc5d4,0xeef7,0xfffe,0xffdd,0xffff,0xfffe,0xffff,0xe6d8,0xbdb5,0xbdf8,0xbd94,0xe6b6,0xffff,0xf77b,0xf75b,0xffff,
0xfffe,0xffdd,0xcdd3,0xc5f7,0xe6d7,0xf756,0xffdb,0xde74,0x0000,0x0000,0x0000,0x0000,0x0000,0x0000,0x0000,0x0000,
0x0000,0x0000,0x0000,0x0000,0x0000,0x0000,0x0000,0x0000,0x0000,0xcdd1,0xde33,0xff98,0xf757,0xe6b6,0xce57,0xc617,
0xd613,0xffdd,0xfffe,0xfffe,0xef19,0xdeb7,0xfffe,0xf75a,0xc5b4,0xbdf8,0xbd94,0xe6b6,0xfffe,0xcdf4,0xc5b5,0xffbe,
0xffdd,0xfffe,0xde55,0xbdb5,0xde97,0xf757,0xffba,0xd634,0x0000,0x0000,0x0000,0x0000,0x0000,0x0000,0x0000,0x0000,
0x0000,0x0000,0x0000,0x0000,0x0000,0x0000,0x0000,0x0000,0x0000,0x0000,0xcdd2,0xf737,0xff98,0xe6b6,0xd657,0xbdb5,
0xe696,0xffff,0xfffe,0xffdd,0xbd74,0xb553,0xfffe,0xf759,0xbd94,0xbdf8,0xbdb6,0xd614,0xfffd,0xd656,0xc594,0xf7bd,
0xfffe,0xfffe,0xeef7,0xc5d5,0xd697,0xff9a,0xe6d6,0x0000,0x0000,0x0000,0x0000,0x0000,0x0000,0x0000,0x0000,0x0000,
0x0000,0x0000,0x0000,0x0000,0x0000,0x0000,0x0000,0x0000,0x0000,0x0000,0xd613,0xf779,0xff78,0xe6d7,0xd657,0xbd94,
0xe6b7,0xffff,0xfffe,0xfffd,0xc5b5,0xce36,0xffff,0xe6d7,0xbd94,0xbdf7,0xbdd7,0xc593,0xff9b,0xfffe,0xf77a,0xfffe,
0xffdd,0xfffe,0xe695,0xc5f6,0xded8,0xf759,0xd5f2,0x0000,0x0000,0x0000,0xeef6,0xf758,0xd633,0x0000,0x0000,0x0000,
0x0000,0x0000,0x0000,0x0000,0x0000,0x0000,0x0000,0x0000,0x0000,0x0000,0xe6d7,0xfffc,0xf737,0xdeb7,0xce57,0xc5d5,
0xe6b6,0xffff,0xffdd,0xfffd,0xffdc,0xffdd,0xfffd,0xcdf4,0xbdd7,0xbdf7,0xbdd7,0xbdd6,0xde35,0xfffe,0xffff,0xfffd,
0xffff,0xffdd,0xcdf3,0xc638,0xded8,0xff79,0xd612,0x0000,0x0000,0x0000,0xe6d5,0xf758,0xe674,0x0000,0x0000,0x0000,
0x0000,0x0000,0x0000,0x0000,0x0000,0x0000,0x0000,0x0000,0x0000,0xe694,0xffda,0xff78,0xeef7,0xd697,0xd656,0xc5f6,
0xd5f3,0xffdc,0xffff,0xffdd,0xfffe,0xffff,0xe695,0xbd94,0xbdf8,0xbdd7,0xbdd7,0xbdf7,0xbdb5,0xd614,0xef19,0xffbc,
0xf77b,0xd614,0xc5d5,0xce58,0xdeb8,0xff99,0xe6b4,0x0000,0x0000,0x0000,0xde53,0xe6b5,0xd613,0x0000,0x0000,0x0000,
0x0000,0x0000,0x0000,0x0000,0x0000,0x0000,0x0000,0x0000,0xeef6,0xfffc,0xff76,0xf716,0xe6f7,0xdeb7,0xd656,0xc617,
0xbdb5,0xde34,0xf79b,0xffdd,0xf75a,0xde54,0xc5b4,0xbdd7,0xbdf8,0xbdf8,0xbdd7,0xbdd7,0xbdf7,0xb5b6,0xbd73,0xc5b3,
0xc5b3,0xbdb5,0xbdf8,0xce38,0xde98,0xf738,0xff77,0xd5f1,0x0000,0x0000,0x0000,0x0000,0x0000,0x0000,0x0000,0x0000,
0x0000,0x0000,0x0000,0x0000,0x0000,0x0000,0x0000,0xde32,0xfffd,0xfffc,0xffb8,0xff98,0xf757,0xe6d7,0xd676,0xce36,
0xbdd7,0xbdb5,0xc5d4,0xd615,0xc5b3,0xbdb5,0xc618,0xbdf8,0xbdb6,0xc5d5,0xbdd7,0xbdf8,0xbdb6,0xb574,0xb5d7,0xbdf7,
0xc618,0xbdf8,0xbdf7,0xc637,0xd698,0xef16,0xffb9,0xde74,0x0000,0x0000,0x0000,0x0000,0x0000,0x0000,0x0000,0x0000,
0x0000,0x0000,0x0000,0x0000,0x0000,0x0000,0x0000,0xeef5,0xfffc,0xf738,0xe695,0xf757,0xffd9,0xeef7,0xd677,0xc616,
0xbdf7,0xbdf7,0xbdd7,0xbdf7,0xc5f7,0xbdd6,0xbe18,0xbdb6,0xde95,0xf738,0xc5d5,0xbdb6,0xde76,0xe6b6,0xc593,0xbe18,
0xc5d5,0xbdd6,0xc5f8,0xc617,0xde97,0xeef7,0xff99,0xf758,0xd5f2,0x0000,0x0000,0x0000,0x0000,0x0000,0x0000,0x0000,
0x0000,0x0000,0x0000,0x0000,0x0000,0x0000,0x0000,0xde53,0xeed5,0xcdd2,0x0000,0xd5f2,0xffb9,0xef37,0xd697,0xce57,
0xbdf7,0xbdd7,0xbdd7,0xbdb6,0xce14,0xeef8,0xc5b4,0xde75,0xfffd,0xffff,0xf759,0xde75,0xffdc,0xfffe,0xef18,0xc5b3,
0xe6b8,0xd636,0xbdf7,0xc618,0xd677,0xdeb8,0xf737,0xfffb,0xff99,0xcdb0,0x0000,0x0000,0x0000,0x0000,0x0000,0x0000,
0x0000,0x0000,0x0000,0x0000,0x0000,0x0000,0x0000,0x0000,0x0000,0x0000,0x0000,0xd633,0xffb9,0xf737,0xdeb7,0xce37,
0xc617,0xbdd7,0xb5b7,0xc5b3,0xff99,0xffff,0xf77a,0xfffd,0xf75a,0xeef7,0xfffe,0xfffe,0xff9a,0xe6d6,0xfffe,0xf759,
0xfffe,0xef18,0xc5f6,0xce58,0xd677,0xdeb8,0xeef6,0xf756,0xffd8,0xf736,0xcdb1,0x0000,0x0000,0x0000,0x0000,0x0000,
0x0000,0x0000,0x0000,0x0000,0x0000,0x0000,0x0000,0x0000,0x0000,0x0000,0xcdb1,0xef16,0xffb9,0xf716,0xdeb7,0xce57,
0xce37,0xbdd7,0xbdb4,0xf758,0xef39,0xde76,0xfffc,0xf779,0xcdf4,0xbd94,0xeef7,0xffdb,0xd612,0xbd73,0xe6d7,0xfffd,
0xeef7,0xde76,0xc617,0xce57,0xdeb7,0xeef7,0xef17,0xff76,0xff76,0xfffb,0xde54,0x0000,0x0000,0x0000,0x0000,0x0000,
0x0000,0x0000,0x0000,0x0000,0x0000,0x0000,0x0000,0x0000,0x0000,0x0000,0xeed5,0xffda,0xf735,0xeef6,0xdeb7,0xe6d7,
0xd677,0xbdf7,0xc5f5,0xe6b6,0xce16,0xbdb5,0xd633,0xcdf4,0xbdf7,0xbdd7,0xc5b5,0xd614,0xbdb5,0xbdf8,0xbdb5,0xde34,
0xc5d5,0xc5f8,0xc617,0xce37,0xe6d7,0xff77,0xff97,0xff77,0xffd8,0xfffd,0xf716,0x0000,0x0000,0x0000,0x0000,0x0000,
0x0000,0x0000,0x0000,0x0000,0x0000,0x0000,0x0000,0x0000,0x0000,0xde53,0xffdc,0xffba,0xff97,0xffb8,0xf778,0xef16,
0xd696,0xce37,0xc617,0xc5d6,0xc5f7,0xc617,0xbdb6,0xbdd7,0xbdf7,0xbdd7,0xbdd7,0xbdd7,0xbdd7,0xbdd7,0xbdd7,0xbdb6,
0xc5f8,0xc618,0xc637,0xd677,0xef17,0xffda,0xde73,0xd5d1,0xef15,0xfffb,0xf737,0x0000,0x0000,0x0000,0x0000,0x0000,
0x0000,0x0000,0x0000,0x0000,0x0000,0x0000,0x0000,0x0000,0x0000,0xff99,0xfffd,0xff57,0xe694,0xde74,0xffb9,0xf735,
0xd696,0xd697,0xd677,0xce37,0xc5f7,0xc5f7,0xbdf7,0xbdf7,0xbdf7,0xbdf7,0xbdf7,0xbdf7,0xbdd7,0xbdb7,0xbdd7,0xc617,
0xce37,0xce37,0xce57,0xde97,0xf758,0xff78,0xc58f,0x0000,0x0000,0xeed5,0xde74,0x0000,0x0000,0x0000,0x0000,0x0000,
0x0000,0x0000,0x0000,0x0000,0x0000,0x0000,0x0000,0x0000,0x0000,0xff99,0xff99,0xd612,0x0000,0x0000,0xeef6,0xff77,
0xeef6,0xe6b7,0xd696,0xd677,0xce37,0xce37,0xc617,0xc617,0xce37,0xce37,0xc637,0xc617,0xc617,0xc617,0xce37,0xce57,
0xdeb7,0xd697,0xde96,0xe6f7,0xf778,0xff77,0xd5f1,0x0000,0x0000,0x0000,0x0000,0x0000,0x0000,0x0000,0x0000,0x0000,
0x0000,0x0000,0x0000,0x0000,0x0000,0x0000,0x0000,0x0000,0x0000,0xd612,0xd632,0x0000,0x0000,0x0000,0xe6b5,0xffb8,
0xf736,0xef16,0xf737,0xef16,0xe6b6,0xde97,0xd677,0xd657,0xd656,0xd677,0xd677,0xd657,0xce57,0xd677,0xd677,0xdeb7,
0xe6f7,0xef16,0xf756,0xf736,0xf756,0xffd9,0xde74,0x0000,0x0000,0x0000,0x0000,0x0000,0x0000,0x0000,0x0000,0x0000,
0x0000,0x0000,0x0000,0x0000,0x0000,0x0000,0x0000,0x0000,0x0000,0x0000,0x0000,0x0000,0x0000,0x0000,0xf737,0xffda,
0xff76,0xfffa,0xffb9,0xffb9,0xff77,0xeef6,0xdeb7,0xde97,0xde97,0xe6d7,0xe6f6,0xe6d6,0xdeb7,0xde97,0xde97,0xef17,
0xf757,0xff98,0xff98,0xffda,0xff97,0xfffa,0xf758,0x0000,0x0000,0x0000,0x0000,0x0000,0x0000,0x0000,0x0000,0x0000,
0x0000,0x0000,0x0000,0x0000,0x0000,0x0000,0x0000,0x0000,0x0000,0x0000,0x0000,0x0000,0x0000,0x0000,0xf737,0xfffc,
0xffd8,0xeef6,0xd5f2,0xde54,0xf757,0xf756,0xef37,0xe6f7,0xef17,0xffb9,0xffda,0xff77,0xf736,0xe6d8,0xe6d8,0xf737,
0xff98,0xde53,0xcdd1,0xe695,0xffb9,0xfffb,0xff9a,0x0000,0x0000,0x0000,0x0000,0x0000,0x0000,0x0000,0x0000,0x0000,
0x0000,0x0000,0x0000,0x0000,0x0000,0x0000,0x0000,0x0000,0x0000,0x0000,0x0000,0x0000,0x0000,0x0000,0xde33,0xff97,
0xeed5,0x0000,0x0000,0x0000,0xe694,0xffd9,0xff56,0xff55,0xffb8,0xf758,0xde74,0xeef6,0xffb8,0xf757,0xf736,0xffb8,
0xf736,0x0000,0x0000,0x0000,0xde33,0xffb9,0xf736,0x0000,0x0000,0x0000,0x0000,0x0000,0x0000,0x0000,0x0000,0x0000,
0x0000,0x0000,0x0000,0x0000,0x0000,0x0000,0x0000,0x0000,0x0000,0x0000,0x0000,0x0000,0x0000,0x0000,0x0000,0xd612,
0x0000,0x0000,0x0000,0x0000,0xcdd1,0xf778,0xfffd,0xfffb,0xf736,0xcdb1,0x0000,0xc570,0xeef6,0xfffa,0xff98,0xfffb,
0xde33,0x0000,0x0000,0x0000,0x0000,0xd611,0x0000,0x0000,0x0000,0x0000,0x0000,0x0000,0x0000,0x0000,0x0000,0x0000,
0x0000,0x0000,0x0000,0x0000,0x0000,0x0000,0x0000,0x0000,0x0000,0x0000,0x0000,0x0000,0x0000,0x0000,0x0000,0x0000,
0x0000,0x0000,0x0000,0x0000,0x0000,0xd5d1,0xf738,0xf757,0xd5d1,0x0000,0x0000,0x0000,0xc590,0xe6d6,0xfffb,0xf778,
0xcdb1,0x0000,0x0000,0x0000,0x0000,0x0000,0x0000,0x0000,0x0000,0x0000,0x0000,0x0000,0x0000,0x0000,0x0000,0x0000,
0x0000,0x0000,0x0000,0x0000,0x0000,0x0000,0x0000,0x0000,0x0000,0x0000,0x0000,0x0000,0x0000,0x0000,0x0000,0x0000,
0x0000,0x0000,0x0000,0x0000,0x0000,0x0000,0x0000,0x0000,0x0000,0x0000,0x0000,0x0000,0x0000,0x0000,0xde32,0xd5f1,
0x0000,0x0000,0x0000,0x0000,0x0000,0x0000,0x0000,0x0000,0x0000,0x0000,0x0000,0x0000,0x0000,0x0000,0x0000,0x0000,
0x0000,0x0000,0x0000,0x0000,0x0000,0x0000,0x0000,0x0000,0x0000,0x0000,0x0000,0x0000,0x0000,0x0000,0x0000,0x0000,
0x0000,0x0000,0x0000,0x0000,0x0000,0x0000,0x0000,0x0000,0x0000,0x0000,0x0000,0x0000,0x0000,0x0000,0x0000,0x0000,
0x0000,0x0000,0x0000,0x0000,0x0000,0x0000,0x0000,0x0000,0x0000,0x0000,0x0000,0x0000,0x0000,0x0000,0x0000,0x0000,
0x0000,0x0000,0x0000,0x0000,0x0000,0x0000,0x0000,0x0000,0x0000,0x0000,0x0000,0x0000,0x0000,0x0000,0x0000,0x0000,
0x0000,0x0000,0x0000,0x0000,0x0000,0x0000,0x0000,0x0000,0x0000,0x0000,0x0000,0x0000,0x0000,0x0000,0x0000,0x0000,
0x0000,0x0000,0x0000,0x0000,0x0000,0x0000,0x0000,0x0000,0x0000,0x0000,0x0000,0x0000,0x0000,0x0000,0x0000,0x0000,
},
{
0x0000,0x0000,0x0000,0x0000,0x0000,0x0000,0x0000,0x0000,0x0000,0x0000,0x0000,0x0000,0x0000,0x0000,0x0000,0x0000,
0x0000,0x0000,0x0000,0x0000,0x0000,0x0000,0x0000,0x0000,0x0000,0x0000,0x0000,0x0000,0x0000,0x0000,0x0000,0x0000,
0x0000,0x0000,0x0000,0x0000,0x0000,0x0000,0x0000,0x0000,0x0000,0x0000,0x0000,0x0000,0x0000,0x0000,0x0000,0x0000,
0x0000,0x0000,0x0000,0x0000,0x0000,0x0000,0x0000,0x0000,0x0000,0x0000,0x0000,0x0000,0x0000,0x0000,0x0000,0x0000,
0x0000,0x0000,0x0000,0x0000,0x0000,0x0000,0x0000,0x0000,0x0000,0x0000,0x0000,0x0000,0x0000,0x0000,0x0000,0x0000,
0x0000,0x0000,0x0000,0x0000,0x0000,0x0000,0x0000,0x0000,0x0000,0x0000,0x0000,0x0000,0x0000,0x0000,0x0000,0x0000,
0x0000,0x0000,0x0000,0x0000,0x0000,0x0000,0x0000,0x0000,0x0000,0x0000,0x0000,0x0000,0x0000,0x0000,0x0000,0x0000,
0x0000,0x0000,0x0000,0x0000,0x0000,0x0000,0x0000,0x0000,0x0000,0x0000,0x0000,0x0000,0x0000,0x0000,0x0000,0x0000,
0x0000,0x0000,0x0000,0x0000,0x0000,0x0000,0x0000,0x0000,0x0000,0x0000,0x0000,0x0000,0x0000,0x0000,0x0000,0x0000,
0x0000,0x0000,0x0000,0x0000,0x0000,0x0000,0x0000,0x0000,0x0000,0x0000,0x0000,0x0000,0x0000,0x0000,0x0000,0x0000,
0x0000,0x0000,0x0000,0x0000,0x0000,0x0000,0x0000,0x0000,0x0000,0x0000,0x0000,0x0000,0x0000,0x0000,0x0000,0x0000,
0x0000,0x0000,0x0000,0x0000,0x0000,0x0000,0x0000,0x0000,0x0000,0x0000,0x0000,0x0000,0x0000,0x0000,0x0000,0x0000,
0x0000,0x0000,0x0000,0x0000,0x0000,0x0000,0x0000,0x0000,0x0000,0x0000,0x0000,0x0000,0x0000,0x0000,0x0000,0x0000,
0x0000,0x0000,0x0000,0x0000,0x0000,0x0000,0x0000,0x0000,0x0000,0x0000,0x0000,0x0000,0x0000,0x0000,0x0000,0x0000,
0x0000,0x0000,0x0000,0x0000,0x0000,0x0000,0x0000,0x0000,0x0000,0x0000,0x0000,0x0000,0x0000,0x0000,0x0000,0x0000,
0x0000,0x0000,0x0000,0x0000,0x0000,0x0000,0x0000,0x0000,0x0000,0x0000,0x0000,0x0000,0x0000,0x0000,0x0000,0x0000,
0x0000,0x0000,0x0000,0x0000,0x0000,0x0000,0x0000,0x0000,0x0000,0x0000,0x0000,0x0000,0x0000,0x0000,0x0000,0x0000,
0x0000,0x0000,0x0000,0x0000,0x0000,0x0000,0x0000,0x0000,0x0000,0x0000,0x0000,0x0000,0x0000,0x0000,0x0000,0x0000,
0x0000,0x0000,0x0000,0x0000,0x0000,0x0000,0x0000,0x0000,0x0000,0x0000,0x0000,0x0000,0x0000,0x0000,0x0000,0x0000,
0x0000,0x0000,0x0000,0x0000,0x0000,0x0000,0x0000,0x0000,0x0000,0x0000,0x0000,0x0000,0x0000,0x0000,0x0000,0x0000,
0x0000,0x0000,0x0000,0x0000,0x0000,0x0000,0x0000,0x0000,0x0000,0x0000,0x0000,0x0000,0x0000,0x0000,0x0000,0x0000,
0x0000,0x0000,0x0000,0x0000,0x0000,0x0000,0x0000,0x0000,0x0000,0x0000,0x0000,0x0000,0x0000,0x0000,0x0000,0x0000,
0x0000,0x0000,0x0000,0x0000,0x0000,0x0000,0x0000,0x0000,0x0000,0x0000,0x0000,0x0000,0x0000,0x0000,0x0000,0x0000,
0x0000,0x0000,0x0000,0x0000,0x0000,0x0000,0x0000,0x0000,0x0000,0x0000,0x0000,0x0000,0x0000,0x0000,0x0000,0x0000,
0x0000,0x0000,0x0000,0x0000,0x0000,0x0000,0x0000,0x0000,0x0000,0x0000,0x0000,0x0000,0x0000,0x0000,0x0000,0x0000,
0x0000,0x0000,0x0000,0x0000,0x0000,0x0000,0x0000,0x0000,0x0000,0x0000,0x0000,0x0000,0x0000,0x0000,0x0000,0x0000,
0x0000,0x0000,0x0000,0x0000,0x0000,0x0000,0x0000,0x0000,0x0000,0x0000,0x0000,0x0000,0x0000,0x0000,0x0000,0x0000,
0x0000,0x0000,0x0000,0x0000,0x0000,0x0000,0x0000,0x0000,0x0000,0x0000,0x0000,0x0000,0x0000,0x0000,0x0000,0x0000,
0x0000,0x0000,0x0000,0x0000,0x0000,0x0000,0x0000,0x0000,0x0000,0x0000,0x0000,0x0000,0x0000,0x0000,0x0000,0x0000,
0x0000,0x0000,0x0000,0x0000,0x0000,0x0000,0x0000,0x0000,0x0000,0x0000,0x0000,0x0000,0x0000,0x0000,0x0000,0x0000,
0x0000,0x0000,0x0000,0x0000,0x0000,0x0000,0x0000,0x0000,0x0000,0x0000,0x0000,0x0000,0x0000,0x0000,0x0000,0x0000,
0x0000,0x0000,0x0000,0x0000,0x0000,0x0000,0x0000,0x0000,0x0000,0x0000,0x0000,0x0000,0x0000,0x0000,0x0000,0x0000,
0x0000,0x0000,0x0000,0x0000,0x0000,0x0000,0x0000,0x0000,0x0000,0x0000,0x0000,0x0000,0x0000,0x0000,0x0000,0x0000,
0x0000,0x0000,0x0000,0x0000,0x0000,0x0000,0x0000,0x0000,0x0000,0x08ed,0x08cc,0x0000,0x0000,0x0000,0x0000,0x0000,
0x0000,0x0000,0x0000,0x0000,0x0000,0x0000,0x0000,0x0000,0x0000,0x0000,0x0000,0x0000,0x0000,0x0000,0x0000,0x0000,
0x0000,0x0000,0x0000,0x0000,0x194e,0x194e,0x194e,0x110d,0x0000,0x0000,0x0000,0x0000,0x0000,0x0000,0x0000,0x0000,
0x0000,0x0000,0x0000,0x0000,0x0000,0x0000,0x0000,0x110d,0x5af1,0xa517,0xad57,0x7bf4,0x29ae,0x194f,0x0000,0x0000,
0x0000,0x0000,0x0000,0x0000,0x0000,0x0000,0x0000,0x0000,0x0000,0x0000,0x0000,0x0000,0x0000,0x0000,0x0000,0x0000,
0x0000,0x0000,0x198e,0x52f2,0xb577,0xd659,0xce19,0x9475,0x4a91,0x194e,0x0000,0x0000,0x0000,0x0000,0x0000,0x0000,
0x0000,0x0000,0x0000,0x0000,0x0000,0x0000,0x2a10,0xb577,0xff5a,0xffbb,0xffbc,0xff7a,0xde79,0x8415,0x194f,0x0000,
0x0000,0x0000,0x0000,0x0000,0x0000,0x0000,0x0000,0x0000,0x0000,0x0000,0x0000,0x0000,0x0000,0x0000,0x0000,0x0000,
0x0000,0x29d0,0xa537,0xff7a,0xffba,0xfffc,0xffdb,0xf75b,0xeeda,0x7393,0x216d,0x0000,0x0000,0x0000,0x0000,0x0000,
0x0000,0x0000,0x0000,0x0000,0x0000,0x29ef,0xd69a,0xffbb,0xff7a,0xffbb,0xffbb,0xff9a,0xf75a,0xff5b,0xa517,0x2190,
0x0000,0x0000,0x0000,0x0000,0x0000,0x0000,0x0000,0x0000,0x0000,0x0000,0x0000,0x0000,0x0000,0x0000,0x0000,0x0000,
0x29d0,0xd67a,0xfffc,0xf79a,0xffba,0xffbb,0xff9a,0xf77a,0xef3b,0xf73b,0x73d3,0x0000,0x0000,0x0000,0x0000,0x0000,
0x0000,0x0000,0x0000,0x0000,0x196e,0xad57,0xffbb,0xff9b,0xffdc,0xffdc,0xffdb,0xffbb,0xffbb,0xf73b,0xff9b,0x73b5,
0x0000,0x0000,0x0000,0x0000,0x0000,0x0000,0x0000,0x0000,0x0000,0x0000,0x0000,0x0000,0x0000,0x0000,0x0000,0x112d,
0x8c96,0xfffd,0xff9c,0xffde,0xffff,0xffdd,0xffda,0xff9a,0xff9b,0xef1a,0xd659,0x3a50,0x0000,0x0000,0x0000,0x0000,
0x0000,0x0000,0x0000,0x0000,0x5b33,0xff3a,0xff7a,0xffdd,0xffff,0xffff,0xffdd,0xffdc,0xffdb,0xff9b,0xf73a,0xde58,
0x29d0,0x0000,0x0000,0x0000,0x0000,0x0000,0x0000,0x0000,0x0000,0x0000,0x0000,0x0000,0x0000,0x0000,0x0000,0x3a30,
0xff7b,0xff9b,0xffff,0xffff,0xffff,0xffde,0xfffc,0xffdb,0xff9a,0xff7b,0xeefa,0x9475,0x112d,0x0000,0x0000,0x0000,
0x0000,0x0000,0x0000,0x118f,0xbdb8,0xff9a,0xffbc,0xffff,0xffff,0xffff,0xffff,0xffdc,0xffdc,0xffbb,0xf71a,0xff5a,
0x8415,0x112f,0x0000,0x0000,0x0000,0x0000,0x0000,0x0000,0x0000,0x0000,0x0000,0x0000,0x0000,0x0000,0x00ed,0x94d6,
0xffda,0xffbd,0xffff,0xffff,0xffff,0xffff,0xfffd,0xfffc,0xffbb,0xff9a,0xf71a,0xd638,0x31ef,0x0000,0x0000,0x0000,
0x0000,0x0000,0x0000,0x4af1,0xf6fa,0xff9b,0xffdd,0xffff,0xffff,0xffff,0xffff,0xffdd,0xffdc,0xffdb,0xf75a,0xf719,
0xde79,0x218e,0x0000,0x0000,0x0000,0x0000,0x0000,0x0000,0x0000,0x0000,0x0000,0x0000,0x0000,0x0000,0x21ae,0xe6b9,
0xff9a,0xffde,0xffdf,0xffff,0xffff,0xffde,0xffdb,0xfffc,0xffdc,0xff9a,0xf73a,0xe6da,0x7bf4,0x0000,0x0000,0x0000,
0x0000,0x0000,0x0000,0x7bf3,0xff9b,0xffbb,0xffdd,0xffff,0xffff,0xffff,0xffde,0xffdc,0xffdc,0xfffc,0xffbb,0xf719,
0xf73b,0x5af2,0x0000,0x0000,0x0000,0x0000,0x0000,0x0000,0x0000,0x0000,0x0000,0x0000,0x0000,0x0000,0x5b52,0xff5b,
0xffbc,0xffff,0xffff,0xffdf,0xfffe,0xffdc,0xffdb,0xffdc,0xffdc,0xffbb,0xf75b,0xf73b,0x9cf7,0x00cd,0x0000,0x0000,
0x0000,0x0000,0x114d,0x8c54,0xfffc,0xffdb,0xffdc,0xfffe,0xffff,0xffff,0xffdc,0xffbc,0xfffc,0xdf3c,0xbe5a,0xe6fb,
0xffdd,0x9cf7,0x00ac,0x0000,0x0000,0x0000,0x0000,0x0000,0x0000,0x0000,0x0000,0x0000,0x0000,0x00cb,0xa537,0xfffd,
0xbe3a,0x9dba,0xcedd,0xffff,0xffdc,0xffdb,0xfffc,0xfffd,0xffbb,0xffbb,0xff7b,0xf75b,0xbdb8,0x21cf,0x0000,0x0000,
0x0000,0x0000,0x218e,0xd659,0xffbb,0xffdc,0xffdc,0xffdc,0xffdd,0xffdc,0xffbb,0xffdb,0xbe9c,0x1b59,0x0297,0x1b78,
0xc6bc,0xb578,0x090d,0x0000,0x0000,0x0000,0x0000,0x0000,0x0000,0x0000,0x0000,0x0000,0x0000,0x198e,0xbdb9,0x8d9b,
0x02b7,0x0256,0x02d7,0x8dbb,0xfffc,0xffdc,0xfffc,0xffdc,0xffbb,0xff9b,0xff7a,0xef1b,0xde9a,0x3230,0x0000,0x0000,
0x0000,0x0000,0x198d,0xd699,0xffdb,0xffdb,0xffdc,0xffdc,0xffdb,0xffdb,0xffda,0xc6db,0x44dd,0xae7d,0x1bba,0x033a,
0x2b99,0xd65a,0x3230,0x0000,0x0000,0x0000,0x0000,0x0000,0x0000,0x0000,0x0000,0x0000,0x0000,0x3a6f,0xbdfb,0x4c9b,
0xbf1f,0x3c9a,0x02f7,0x02d7,0xbe9b,0xfffd,0xffdc,0xffbb,0xffbb,0xff9b,0xf75a,0xeefa,0xd67a,0x320f,0x0000,0x0000,
0x0000,0x0000,0x198d,0xde9a,0xffbb,0xffbb,0xffdc,0xffdc,0xffdc,0xffdb,0xffdb,0x553c,0xc71e,0xffff,0x1b98,0x02b6,
0x031a,0x8cfa,0x4250,0x0000,0x0000,0x0000,0x0000,0x0000,0x0000,0x0000,0x0000,0x0000,0x0000,0x426f,0x6c9a,0x85dd,
0xffff,0x4c58,0x01d1,0x02f7,0x445a,0xfffd,0xffdc,0xffbb,0xffbb,0xff7a,0xf75a,0xe6da,0xd65a,0x29ef,0x0000,0x0000,
0x0000,0x0000,0x21ae,0xd679,0xf75b,0xff9b,0xffbb,0xffdb,0xffdc,0xfffb,0xef9b,0x1359,0x6d9d,0x7e5e,0x012c,0x012a,
0x02b8,0x4c3a,0x3a2f,0x0000,0x0000,0x0000,0x0000,0x0000,0x0000,0x0000,0x0000,0x0000,0x0000,0x42af,0x3c1b,0x1bbb,
0x6e3d,0x09ad,0x0045,0x0274,0x139a,0xdf5d,0xffdc,0xffbb,0xff9a,0xf75a,0xef3a,0xde7a,0xd63a,0x320f,0x0000,0x0000,
0x0000,0x0000,0x29cf,0xce39,0xef3b,0xff9b,0xff9a,0xffbb,0xffbb,0xfffc,0xc6db,0x0b18,0x02b9,0x018e,0x00e9,0x00e8,
0x0214,0x3c1a,0x320f,0x0000,0x0000,0x0000,0x0000,0x0000,0x0000,0x0000,0x0000,0x0000,0x0000,0x3a6f,0x3c5c,0x029a,
0x010d,0x00a8,0x00c9,0x0253,0x033b,0xa61c,0xfffd,0xf77b,0xf75b,0xf75b,0xef1a,0xd67a,0xd65a,0x3230,0x0000,0x0000,
0x0000,0x0000,0x198e,0xad57,0xef1b,0xf73a,0xff9a,0xff9a,0xff9a,0xfffb,0x85ba,0x02d9,0x033a,0x010b,0x010a,0x00e9,
0x0214,0x33fb,0x29ee,0x0000,0x0000,0x0000,0x0000,0x0000,0x0000,0x0000,0x0000,0x0000,0x0000,0x3a4f,0x449c,0x02fb,
0x010c,0x00ca,0x00cb,0x0316,0x039b,0x9dfc,0xffdc,0xf75a,0xf73b,0xeefb,0xe6fb,0xdebb,0xa537,0x198f,0x0000,0x0000,
0x0000,0x0000,0x0000,0x73d4,0xf73b,0xe6fa,0xff7a,0xff9a,0xff9a,0xffda,0x8dba,0x02fa,0x033b,0x0170,0x014e,0x014f,
0x035a,0x2c1b,0x21ce,0x0000,0x0000,0x0000,0x0000,0x0000,0x0000,0x0000,0x0000,0x0000,0x0000,0x322e,0x341a,0x037c,
0x01f3,0x0150,0x01d3,0x03fb,0x03bb,0x9dfb,0xffdc,0xef5b,0xef1b,0xe6fb,0xde9a,0xe6fb,0x8c56,0x00ad,0x0000,0x0000,
0x0000,0x0000,0x0000,0x4ad1,0xd69a,0xe6da,0xef1a,0xf77a,0xf77a,0xffba,0xae3a,0x0bdb,0x0c7d,0x01d4,0x0150,0x0235,
0x045e,0x23fa,0x19ae,0x0000,0x0000,0x0000,0x0000,0x0000,0x0000,0x0000,0x0000,0x0000,0x0000,0x090b,0x2b36,0x04de,
0x02f8,0x0153,0x0298,0x157e,0x041c,0x95ba,0xff9c,0xe6fb,0xe6fb,0xdeba,0xd67a,0xde9a,0x52f2,0x0000,0x0000,0x0000,
0x0000,0x0000,0x0000,0x110c,0xad58,0xde9a,0xdedb,0xe6fb,0xef1a,0xef3a,0xff9a,0x3cdb,0x057e,0x03da,0x0133,0x03b9,
0x0dff,0x2356,0x08cb,0x0000,0x0000,0x0000,0x0000,0x0000,0x0000,0x0000,0x0000,0x0000,0x0000,0x012b,0x4313,0x1d5e,
0x053e,0x0299,0x043c,0x16bf,0x1cfd,0xce9a,0xef1b,0xe6fb,0xdeba,0xd67a,0xce5a,0xad58,0x194f,0x0000,0x0000,0x0000,
0x0000,0x0000,0x0000,0x0000,0x5af2,0xde9b,0xd67a,0xe6fb,0xe6fb,0xdefa,0xff5b,0x85bb,0x05bd,0x0f1e,0x0e1d,0x06ff,
0x15fe,0x1a11,0x0000,0x0000,0x0000,0x0000,0x0000,0x0000,0x0000,0x0000,0x0000,0x0000,0x0000,0x0000,0x21ad,0x3cfc,
0x06ff,0x1f7f,0x279f,0x065f,0x553c,0xeeda,0xd69a,0xdeba,0xdebb,0xc619,0xce5a,0x4ab4,0x0000,0x0000,0x0000,0x0000,
0x0000,0x0000,0x0000,0x0000,0x194d,0xa517,0xd69b,0xce3a,0xd69b,0xdebb,0xdebb,0xeefb,0x4d7b,0x061c,0x071d,0x0e9e,
0x3bd8,0x10cc,0x0000,0x0000,0x0000,0x0000,0x0000,0x0000,0x0000,0x0000,0x0000,0x0000,0x0000,0x0000,0x090a,0x5375,
0x35fe,0x069d,0x067d,0x359c,0xd69b,0xd67a,0xce5a,0xce39,0xbdd9,0xd67a,0x8c77,0x08ce,0x0000,0x0000,0x0000,0x0000,
0x0000,0x0000,0x0000,0x0000,0x0000,0x218e,0xb5b9,0xd69b,0xc5fa,0xc61a,0xce5a,0xde9b,0xc61a,0x64f9,0x5d3a,0x857b,
0x296e,0x0000,0x0000,0x0000,0x0000,0x0000,0x0000,0x0000,0x0000,0x0000,0x0000,0x0000,0x0000,0x0000,0x0000,0x112d,
0x94d8,0x8d9b,0x751a,0xce3b,0xd67b,0xc5f9,0xbdb8,0xbdb9,0xd69b,0x9cf8,0x194f,0x0000,0x0000,0x0000,0x0000,0x0000,
0x0000,0x0000,0x0000,0x0000,0x0000,0x0000,0x29ef,0xb598,0xd67b,0xce3a,0xc61a,0xc5f9,0xce1a,0xe6dc,0xd67c,0x4250,
0x0000,0x0000,0x0000,0x0000,0x0000,0x0000,0x0000,0x0000,0x0000,0x0000,0x0000,0x0000,0x0000,0x0000,0x0000,0x0000,
0x216e,0xa517,0xe6dc,0xce7b,0xce5b,0xce3a,0xce5b,0xce5b,0x8c97,0x194f,0x0000,0x0000,0x0000,0x0000,0x0000,0x0000,
0x0000,0x0000,0x0000,0x0000,0x0000,0x0000,0x0000,0x114e,0x6374,0xa538,0xce3a,0xce1a,0xad58,0x73d4,0x196e,0x0000,
0x0000,0x0000,0x0000,0x0000,0x0000,0x0000,0x0000,0x0000,0x0000,0x0000,0x0000,0x0000,0x0000,0x0000,0x0000,0x0000,
0x0000,0x090e,0x4292,0x8476,0xad58,0xad58,0x7c15,0x3210,0x090d,0x0000,0x0000,0x0000,0x0000,0x0000,0x0000,0x0000,
0x0000,0x0000,0x0000,0x0000,0x0000,0x0000,0x0000,0x0000,0x116e,0x114e,0x29ef,0x320f,0x194d,0x00ec,0x0000,0x0000,
0x0000,0x0000,0x0000,0x0000,0x0000,0x0000,0x0000,0x0000,0x0000,0x0000,0x0000,0x0000,0x0000,0x0000,0x0000,0x0000,
0x0000,0x0000,0x0000,0x08ed,0x08ec,0x08ec,0x110d,0x0000,0x0000,0x0000,0x0000,0x0000,0x0000,0x0000,0x0000,0x0000,
0x0000,0x0000,0x0000,0x0000,0x0000,0x0000,0x0000,0x0000,0x0000,0x0000,0x0000,0x0000,0x0000,0x0000,0x0000,0x0000,
0x0000,0x0000,0x0000,0x0000,0x0000,0x0000,0x0000,0x0000,0x0000,0x0000,0x0000,0x0000,0x0000,0x0000,0x0000,0x0000,
0x0000,0x0000,0x0000,0x0000,0x0000,0x0000,0x0000,0x0000,0x0000,0x0000,0x0000,0x0000,0x0000,0x0000,0x0000,0x0000,
0x0000,0x0000,0x0000,0x0000,0x0000,0x0000,0x0000,0x0000,0x0000,0x0000,0x0000,0x0000,0x0000,0x0000,0x0000,0x0000,
0x0000,0x0000,0x0000,0x0000,0x0000,0x0000,0x0000,0x0000,0x0000,0x0000,0x0000,0x0000,0x0000,0x0000,0x0000,0x0000,
0x0000,0x0000,0x0000,0x0000,0x0000,0x0000,0x0000,0x0000,0x0000,0x0000,0x0000,0x0000,0x0000,0x0000,0x0000,0x0000,
0x0000,0x0000,0x0000,0x0000,0x0000,0x0000,0x0000,0x0000,0x0000,0x0000,0x0000,0x0000,0x0000,0x0000,0x0000,0x0000,
0x0000,0x0000,0x0000,0x0000,0x0000,0x0000,0x0000,0x0000,0x0000,0x0000,0x0000,0x0000,0x0000,0x0000,0x0000,0x0000,
0x0000,0x0000,0x0000,0x0000,0x0000,0x0000,0x0000,0x0000,0x0000,0x0000,0x0000,0x0000,0x0000,0x0000,0x0000,0x0000,
0x0000,0x0000,0x0000,0x0000,0x0000,0x0000,0x0000,0x0000,0x0000,0x0000,0x0000,0x0000,0x0000,0x0000,0x0000,0x0000,
0x0000,0x0000,0x0000,0x0000,0x0000,0x0000,0x0000,0x0000,0x0000,0x0000,0x0000,0x0000,0x0000,0x0000,0x0000,0x0000,
0x0000,0x0000,0x0000,0x0000,0x0000,0x0000,0x0000,0x0000,0x0000,0x0000,0x0000,0x0000,0x0000,0x0000,0x0000,0x0000,
0x0000,0x0000,0x0000,0x0000,0x0000,0x0000,0x0000,0x0000,0x0000,0x0000,0x0000,0x0000,0x0000,0x0000,0x0000,0x0000,
0x0000,0x0000,0x0000,0x0000,0x0000,0x0000,0x0000,0x0000,0x0000,0x0000,0x0000,0x0000,0x0000,0x0000,0x0000,0x0000,
0x0000,0x0000,0x0000,0x0000,0x0000,0x0000,0x0000,0x0000,0x0000,0x0000,0x0000,0x0000,0x0000,0x0000,0x0000,0x0000,
0x0000,0x0000,0x0000,0x0000,0x0000,0x0000,0x0000,0x0000,0x0000,0x0000,0x0000,0x0000,0x0000,0x0000,0x0000,0x0000,
0x0000,0x0000,0x0000,0x0000,0x0000,0x0000,0x0000,0x0000,0x0000,0x0000,0x0000,0x0000,0x0000,0x0000,0x0000,0x0000,
0x0000,0x0000,0x0000,0x0000,0x0000,0x0000,0x0000,0x0000,0x0000,0x0000,0x0000,0x0000,0x0000,0x0000,0x0000,0x0000,
0x0000,0x0000,0x0000,0x0000,0x0000,0x0000,0x0000,0x0000,0x0000,0x0000,0x0000,0x0000,0x0000,0x0000,0x0000,0x0000,
0x0000,0x0000,0x0000,0x0000,0x0000,0x0000,0x0000,0x0000,0x0000,0x0000,0x0000,0x0000,0x0000,0x0000,0x0000,0x0000,
0x0000,0x0000,0x0000,0x0000,0x0000,0x0000,0x0000,0x0000,0x0000,0x0000,0x0000,0x0000,0x0000,0x0000,0x0000,0x0000,
0x0000,0x0000,0x0000,0x0000,0x0000,0x0000,0x0000,0x0000,0x0000,0x0000,0x0000,0x0000,0x0000,0x0000,0x0000,0x0000,
0x0000,0x0000,0x0000,0x0000,0x0000,0x0000,0x0000,0x0000,0x0000,0x0000,0x0000,0x0000,0x0000,0x0000,0x0000,0x0000,
0x0000,0x0000,0x0000,0x0000,0x0000,0x0000,0x0000,0x0000,0x0000,0x0000,0x0000,0x0000,0x0000,0x0000,0x0000,0x0000,
0x0000,0x0000,0x0000,0x0000,0x0000,0x0000,0x0000,0x0000,0x0000,0x0000,0x0000,0x0000,0x0000,0x0000,0x0000,0x0000,
0x0000,0x0000,0x0000,0x0000,0x0000,0x0000,0x0000,0x0000,0x0000,0x0000,0x0000,0x0000,0x0000,0x0000,0x0000,0x0000,
0x0000,0x0000,0x0000,0x0000,0x0000,0x0000,0x0000,0x0000,0x0000,0x0000,0x0000,0x0000,0x0000,0x0000,0x0000,0x0000,
0x0000,0x0000,0x0000,0x0000,0x0000,0x0000,0x0000,0x0000,0x0000,0x0000,0x0000,0x0000,0x0000,0x0000,0x0000,0x0000,
0x0000,0x0000,0x0000,0x0000,0x0000,0x0000,0x0000,0x0000,0x0000,0x0000,0x0000,0x0000,0x0000,0x0000,0x0000,0x0000,
0x0000,0x0000,0x0000,0x0000,0x0000,0x0000,0x0000,0x0000,0x0000,0x0000,0x0000,0x0000,0x0000,0x0000,0x0000,0x0000,
0x0000,0x0000,0x0000,0x0000,0x0000,0x0000,0x0000,0x0000,0x0000,0x0000,0x0000,0x0000,0x0000,0x0000,0x0000,0x0000,
0x0000,0x0000,0x0000,0x0000,0x0000,0x0000,0x0000,0x0000,0x0000,0x0000,0x0000,0x0000,0x0000,0x0000,0x0000,0x0000,
0x0000,0x0000,0x0000,0x0000,0x0000,0x0000,0x0000,0x0000,0x0000,0x0000,0x0000,0x0000,0x0000,0x0000,0x0000,0x0000,
0x0000,0x0000,0x0000,0x0000,0x0000,0x0000,0x0000,0x0000,0x0000,0x0000,0x0000,0x0000,0x0000,0x0000,0x0000,0x0000,
0x0000,0x0000,0x0000,0x0000,0x0000,0x0000,0x0000,0x0000,0x0000,0x0000,0x0000,0x0000,0x0000,0x0000,0x0000,0x0000,
0x0000,0x0000,0x0000,0x0000,0x0000,0x0000,0x0000,0x0000,0x0000,0x0000,0x0000,0x0000,0x0000,0x0000,0x0000,0x0000,
},
{
0x0000,0x0000,0x0000,0x0000,0x0000,0x0000,0x0000,0x0000,0x0000,0x0000,0x0000,0x0000,0x0000,0x0000,0x0000,0x0000,
0x0000,0x0000,0x0000,0x0000,0x0000,0x0000,0x0000,0x0000,0x0000,0x0000,0x0000,0x0000,0x0000,0x0000,0x0000,0x0000,
0x0000,0x0000,0x0000,0x0000,0x0000,0x0000,0x0000,0x0000,0x0000,0x0000,0x0000,0x0000,0x0000,0x0000,0x0000,0x0000,
0x0000,0x0000,0x0000,0x0000,0x0000,0x0000,0x0000,0x0000,0x0000,0x0000,0x0000,0x0000,0x0000,0x0000,0x0000,0x0000,
0x0000,0x0000,0x0000,0x0000,0x0000,0x0000,0x0000,0x0000,0x0000,0x0000,0x0000,0x0000,0x0000,0x0000,0x0000,0x0000,
0x0000,0x0000,0x0000,0x0000,0x0000,0x0000,0x0000,0x0000,0x0000,0x0000,0x0000,0x0000,0x0000,0x0000,0x0000,0x0000,
0x0000,0x0000,0x0000,0x0000,0x0000,0x0000,0x0000,0x0000,0x0000,0x0000,0x0000,0x0000,0x0000,0x0000,0x0000,0x0000,
0x0000,0x0000,0x0000,0x0000,0x0000,0x0000,0x0000,0x0000,0x0000,0x0000,0x0000,0x0000,0x0000,0x0000,0x0000,0x0000,
0x0000,0x0000,0x0000,0x0000,0x0000,0x0000,0x0000,0x0000,0x1120,0x1140,0x0000,0x0000,0x0000,0x0000,0x0000,0x0000,
0x0000,0x0000,0x0000,0x0000,0x0000,0x0000,0x0000,0x0000,0x0000,0x0000,0x0000,0x0000,0x0000,0x0000,0x0000,0x0000,
0x0000,0x0000,0x0000,0x0000,0x0000,0x0000,0x0000,0x0000,0x0000,0x0000,0x0000,0x0000,0x0000,0x0000,0x0000,0x0000,
0x0000,0x0000,0x0000,0x0000,0x0000,0x0000,0x08e0,0x19e0,0x43a0,0x19a0,0x0000,0x0000,0x0000,0x0000,0x0000,0x0000,
0x0000,0x0000,0x0000,0x0000,0x0000,0x0000,0x0000,0x0000,0x0000,0x0000,0x0000,0x0000,0x0000,0x0000,0x0000,0x0000,
0x0000,0x0000,0x0000,0x0000,0x0000,0x0000,0x0000,0x0000,0x0000,0x0000,0x0000,0x0000,0x0000,0x0000,0x0000,0x0000,
0x0000,0x0000,0x0900,0x2220,0x2240,0x3b20,0x4440,0x5d20,0x4c40,0x0920,0x0000,0x0000,0x0000,0x0000,0x0000,0x0000,
0x0000,0x0000,0x0000,0x0000,0x0000,0x0000,0x0000,0x0000,0x0000,0x0000,0x21e0,0x1120,0x0000,0x0000,0x0000,0x0000,
0x0000,0x0000,0x0000,0x0000,0x0000,0x0000,0x0000,0x0000,0x0000,0x0000,0x0000,0x0000,0x0000,0x0000,0x0000,0x1140,
0x3b20,0x64c0,0x7da1,0x8621,0x7600,0x6520,0x4c40,0x6540,0x3b80,0x0920,0x0000,0x0000,0x0000,0x0000,0x0000,0x0000,
0x0000,0x0000,0x0000,0x0000,0x0000,0x0000,0x0000,0x0000,0x0000,0x0000,0x3b20,0x5420,0x1140,0x0000,0x0000,0x0000,
0x0000,0x0000,0x0000,0x0000,0x0000,0x0000,0x0000,0x0000,0x0000,0x0000,0x0000,0x0000,0x0000,0x0940,0x43a0,0x8e41,
0x9ee1,0x8640,0x9681,0x75c0,0x5d00,0x3360,0x6ce1,0x6da0,0x3340,0x08e0,0x0000,0x0000,0x0000,0x0000,0x0000,0x0000,
0x0000,0x0000,0x0000,0x0000,0x0000,0x0000,0x0000,0x0000,0x0000,0x0000,0x3b00,0x8e80,0x5ce0,0x3b20,0x19a0,0x0000,
0x0000,0x0000,0x0000,0x0000,0x0000,0x0000,0x0000,0x0000,0x0000,0x0000,0x0000,0x0000,0x2200,0x7541,0xb766,0xaf24,
0x6540,0x6d60,0x7e00,0x4c60,0x4400,0x6d21,0x7dc0,0x4c80,0x2ac0,0x0000,0x0000,0x0000,0x0000,0x0000,0x0000,0x0000,
0x0000,0x0000,0x0000,0x0000,0x0000,0x0000,0x0000,0x0000,0x0000,0x0000,0x3320,0x8640,0x5460,0x6da0,0x75c0,0x4c20,
0x2200,0x0000,0x0000,0x0000,0x0000,0x0000,0x0000,0x0000,0x0000,0x0000,0x0000,0x1a20,0x85c1,0xa6c3,0x8640,0x7600,
0x4440,0x5d00,0x4c40,0x2ae0,0x8621,0x8660,0x5ce0,0x4c00,0x19e0,0x0000,0x0000,0x0000,0x0000,0x0000,0x0000,0x0000,
0x0000,0x0000,0x0000,0x0000,0x0000,0x0000,0x0000,0x0000,0x0000,0x0000,0x2b00,0x7600,0x7d41,0x3380,0x75a0,0x75e0,
0x54c0,0x3b20,0x08e0,0x0000,0x0000,0x0000,0x0000,0x0000,0x0000,0x0000,0x1a00,0x75a1,0x6d01,0x6d60,0x75e0,0x5d00,
0x3be0,0x3380,0x3b60,0x7d82,0x8621,0x6560,0x4c20,0x2ae0,0x1140,0x0000,0x0000,0x0000,0x0000,0x0000,0x0000,0x0000,
0x0000,0x0000,0x0000,0x0000,0x0000,0x0000,0x0000,0x0000,0x0000,0x0000,0x32e0,0x6d60,0x85e0,0x4c00,0x43e0,0x54c0,
0x54c0,0x75c1,0x3320,0x1100,0x0000,0x0000,0x0000,0x0000,0x0000,0x0920,0x5441,0x75e1,0x3bc0,0x6500,0x6500,0x4c20,
0x3300,0x2260,0x4c60,0x4c40,0x4c20,0x4c20,0x3b60,0x3300,0x0920,0x0000,0x0000,0x0000,0x0000,0x0000,0x0000,0x0000,
0x0000,0x0000,0x0000,0x0000,0x0000,0x0000,0x0000,0x0000,0x0000,0x0000,0x19c0,0x5480,0x5460,0x54a0,0x43c0,0x3380,
0x4c60,0x5ca1,0x4c60,0x32e0,0x1100,0x0000,0x0000,0x0000,0x0000,0x19e0,0x5d01,0x5d00,0x4400,0x5480,0x5480,0x2b00,
0x1a00,0x5400,0x7561,0x75a1,0x6d80,0x6d60,0x6500,0x2ae0,0x08c0,0x0000,0x0000,0x0000,0x0000,0x0000,0x0000,0x0000,
0x0000,0x0000,0x0000,0x0000,0x0000,0x0000,0x0000,0x0000,0x0000,0x0000,0x1160,0x5ce0,0x6d20,0x6500,0x5480,0x2240,
0x3300,0x4c00,0x3360,0x3ba0,0x19e0,0x0000,0x0000,0x0000,0x0000,0x32e0,0x4c20,0x5480,0x3ba0,0x4c20,0x3360,0x1a00,
0x5ce0,0x7de0,0x75a1,0x6d80,0x6520,0x5d00,0x4c60,0x11c0,0x0000,0x0000,0x0000,0x0000,0x0000,0x0000,0x0000,0x0000,
0x0000,0x0000,0x0000,0x0000,0x0000,0x0000,0x0000,0x0000,0x0000,0x0000,0x1140,0x3340,0x6d00,0x7dc1,0x7dc1,0x5c80,
0x19e0,0x2280,0x3b80,0x3340,0x2ae0,0x08e0,0x0000,0x0000,0x08e0,0x3340,0x3b80,0x3ba0,0x2b00,0x2ae0,0x1a20,0x5460,
0x6da0,0x54a0,0x5ce0,0x5d00,0x4c40,0x43c0,0x3320,0x1120,0x0000,0x0000,0x0000,0x0000,0x0000,0x0000,0x0000,0x0000,
0x0000,0x0000,0x0000,0x0000,0x0000,0x0000,0x0000,0x0000,0x0000,0x0000,0x0000,0x19c0,0x3340,0x3bc0,0x4400,0x4c20,
0x3b40,0x19c0,0x2ac0,0x3300,0x3380,0x1140,0x0000,0x0000,0x0900,0x2ac0,0x2b20,0x3b80,0x2240,0x1160,0x2ae0,0x4c60,
0x3bc0,0x3b80,0x43a0,0x3ba0,0x3340,0x3320,0x1a00,0x0080,0x0000,0x0000,0x0000,0x0000,0x0000,0x0000,0x0000,0x0000,
0x0000,0x0000,0x0000,0x0000,0x0000,0x0000,0x0000,0x0000,0x0000,0x0000,0x0000,0x08c0,0x2280,0x3be0,0x3360,0x2ac0,
0x2ac0,0x2280,0x11c0,0x2280,0x2b20,0x1160,0x0000,0x0000,0x0020,0x0960,0x22c0,0x2ae0,0x1180,0x11a0,0x2b20,0x2b40,
0x2b00,0x2ae0,0x3320,0x3340,0x22c0,0x1a60,0x0900,0x0000,0x0000,0x0000,0x0000,0x0000,0x0000,0x0000,0x0000,0x0000,
0x0000,0x0000,0x0000,0x0000,0x0000,0x0000,0x0000,0x0000,0x0000,0x0000,0x0000,0x0000,0x1120,0x2b20,0x43e0,0x3b80,
0x4380,0x3ba0,0x2ae0,0x1180,0x2260,0x11a0,0x08a0,0x3880,0x99e1,0x40a0,0x11a0,0x1a20,0x11a0,0x3380,0x3ba0,0x4400,
0x54a0,0x54a0,0x43e0,0x3380,0x2b00,0x0940,0x0000,0x0000,0x0000,0x0000,0x0000,0x0000,0x0000,0x0000,0x0000,0x0000,
0x0000,0x0000,0x0000,0x0000,0x0000,0x0000,0x0000,0x0000,0x0000,0x0000,0x0000,0x0000,0x0000,0x1100,0x1a00,0x2260,
0x2280,0x22a0,0x22c0,0x1180,0x1120,0x1a00,0x0001,0x7141,0xf527,0x8961,0x18c0,0x0960,0x2280,0x2ae0,0x2aa0,0x2b00,
0x2b00,0x2ae0,0x22c0,0x2281,0x1140,0x0000,0x0000,0x0000,0x0000,0x0000,0x0000,0x0000,0x0000,0x0000,0x0000,0x0000,
0x0000,0x0000,0x0000,0x0000,0x0000,0x0000,0x0000,0x0000,0x0000,0x0000,0x0000,0x0000,0x0000,0x2880,0x0020,0x00a0,
0x09a0,0x2241,0x1a20,0x11a0,0x08e0,0x19e0,0x18a0,0x7921,0xb2a3,0x4820,0x1060,0x1180,0x2280,0x1a60,0x1a20,0x2280,
0x2301,0x22c1,0x19e0,0x08c0,0x0000,0x0000,0x0000,0x0000,0x0000,0x0000,0x0000,0x0000,0x0000,0x0000,0x0000,0x0000,
0x0000,0x0000,0x0000,0x0000,0x0000,0x0000,0x0000,0x0000,0x0000,0x0000,0x4060,0x5881,0x90c2,0xa0e3,0x98a2,0x7842,
0x4821,0x1860,0x10c0,0x20c0,0x0860,0x1160,0x20e0,0x99a2,0x9981,0x2800,0x0060,0x11c0,0x11e0,0x11c0,0x11c0,0x11e0,
0x19a0,0x1120,0x0000,0x0000,0x0000,0x0000,0x0000,0x0000,0x0000,0x0000,0x0000,0x0000,0x0000,0x0000,0x0000,0x0000,
0x0000,0x0000,0x0000,0x0000,0x0000,0x0000,0x0000,0x0000,0x0000,0x6881,0xc945,0xf145,0xf965,0xf985,0xf924,0xe0c3,
0xe8c3,0xb082,0x3840,0x30c0,0x0000,0x0880,0x3060,0xb1e2,0x78c0,0x1820,0x08e0,0x08c0,0x1060,0x1880,0x20a0,0x28a0,
0x0000,0x0000,0x0000,0x0000,0x0000,0x0000,0x0000,0x0000,0x0000,0x0000,0x0000,0x0000,0x0000,0x0000,0x0000,0x0000,
0x0000,0x0000,0x0000,0x0000,0x0000,0x0000,0x0000,0x0000,0x7882,0xf966,0xf8e5,0xf228,0xf248,0xf144,0xf144,0xe924,
0xd8c3,0xe0c3,0xb8a3,0x4001,0x3900,0x20a0,0x5080,0xa1c2,0x6860,0x1040,0x08a0,0x1080,0x1860,0x2060,0x2860,0x2060,
0x2860,0x0000,0x0000,0x0000,0x0000,0x0000,0x0000,0x0000,0x0000,0x0000,0x0000,0x0000,0x0000,0x0000,0x0000,0x0000,
0x0000,0x0000,0x0000,0x0000,0x0000,0x0000,0x0000,0x7081,0xf945,0xf8e4,0xf3ad,0xff5a,0xff19,0xfaea,0xf165,0xf185,
0xe103,0xc8a2,0xc0c3,0xc0a4,0x3800,0x0800,0x68e0,0x8921,0x4000,0x18e0,0x1920,0x2820,0x6061,0xb0c3,0xc0c3,0xb0a3,
0xa0a3,0x8862,0x4841,0x0000,0x0000,0x0000,0x0000,0x0000,0x0000,0x0000,0x0000,0x0000,0x0000,0x0000,0x0000,0x0000,
0x0000,0x0000,0x0000,0x0000,0x0000,0x0000,0x4040,0xd945,0xf903,0xf2cb,0xfffc,0xffbb,0xfffd,0xfd32,0xf124,0xf186,
0xe945,0xd8c2,0xb8a1,0xb083,0x9843,0x2000,0x60c0,0x68c1,0x2000,0x0040,0x4841,0xb883,0xe0a3,0xe082,0xe8c3,0xe8e3,
0xd8a3,0xe0a3,0xc0a4,0x5841,0x0000,0x0000,0x0000,0x0000,0x0000,0x0000,0x0000,0x0000,0x0000,0x0000,0x0000,0x0000,
0x0000,0x0000,0x0000,0x0000,0x0000,0x0000,0x8062,0xf986,0xe923,0xfb0b,0xffdd,0xfffd,0xfffb,0xfbcd,0xf165,0xf185,
0xe965,0xd903,0xc0a1,0x9041,0xb8a6,0x4801,0x3860,0x5880,0x0800,0x4821,0xb883,0xd062,0xe944,0xfcaf,0xf2e9,0xf0e3,
0xe103,0xd8a2,0xc062,0xd0a5,0x6041,0x0000,0x0000,0x0000,0x0000,0x0000,0x0000,0x0000,0x0000,0x0000,0x0000,0x0000,
0x0000,0x0000,0x0000,0x0000,0x0000,0x3020,0xb0c5,0xe0e3,0xf185,0xf925,0xfbad,0xfdb4,0xf32a,0xf165,0xf185,0xe924,
0xd8c3,0xd0c2,0xb881,0x8840,0xa064,0x7044,0x1800,0x4040,0x2000,0x9883,0xc8a2,0xf1a5,0xfe76,0xffff,0xff5a,0xf247,
0xf9a6,0xe923,0xc081,0xb883,0xb885,0x3800,0x0000,0x0000,0x0000,0x0000,0x0000,0x0000,0x0000,0x0000,0x0000,0x0000,
0x0000,0x0000,0x0000,0x0000,0x0000,0x4821,0xc8a7,0xd0c2,0xf164,0xf9e8,0xf9c7,0xf965,0xf124,0xf165,0xf1a5,0xe103,
0xd0a2,0xc081,0xa861,0x8821,0x9064,0x8844,0x1800,0x1800,0x5041,0xb0c3,0xd8c2,0xf267,0xff5a,0xfffe,0xfeb4,0xf228,
0xf1a6,0xe903,0xc8c2,0x9861,0xc086,0x6843,0x0000,0x0000,0x0000,0x0000,0x0000,0x0000,0x0000,0x0000,0x0000,0x0000,
0x0000,0x0000,0x0000,0x0000,0x0000,0x5822,0xc867,0xc061,0xe103,0xf1c6,0xf1c7,0xf186,0xf1c7,0xe965,0xe964,0xe0e3,
0xc8a2,0xa861,0x9841,0x9021,0x9864,0x9044,0x2000,0x1000,0x7841,0xb8a2,0xe0e2,0xf103,0xf34a,0xfd2f,0xfa88,0xf9a7,
0xf165,0xe0e3,0xc8a2,0x9840,0xa044,0x9866,0x2000,0x0000,0x0000,0x0000,0x0000,0x0000,0x0000,0x0000,0x0000,0x0000,
0x0000,0x0000,0x0000,0x0000,0x0000,0x5022,0xc046,0xa841,0xc8a1,0xe103,0xe0e3,0xe0e3,0xe103,0xe103,0xe102,0xc8c2,
0xc0a1,0x9041,0x7021,0x5800,0x4801,0x4800,0x1800,0x1000,0x8842,0xa041,0xd8c2,0xe8e2,0xe944,0xf145,0xf945,0xf145,
0xe8e3,0xd8e2,0xc8a2,0x9840,0x8002,0xa068,0x2821,0x0000,0x0000,0x0000,0x0000,0x0000,0x0000,0x0000,0x0000,0x0000,
0x0000,0x0000,0x0000,0x0000,0x0000,0x2800,0xa867,0xa842,0xb081,0xc8c2,0xd0c2,0xd0c2,0xd0a1,0xd0a2,0xd0c2,0xb881,
0x7020,0x4000,0x5841,0x90c3,0xa104,0x98c3,0x7041,0x4000,0x4000,0x8801,0xb841,0xe163,0xe943,0xe943,0xe943,0xe102,
0xd8c2,0xc8a1,0xb881,0x9041,0x6000,0x9067,0x3001,0x0000,0x0000,0x0000,0x0000,0x0000,0x0000,0x0000,0x0000,0x0000,
0x0000,0x0000,0x0000,0x0000,0x0000,0x1800,0x9087,0xb885,0x9020,0xa882,0xb082,0xb082,0xb081,0xb081,0xa061,0x5000,
0x5861,0xc124,0xf104,0xf945,0xf9e7,0xf124,0xe8e3,0xe0c3,0x8062,0x3800,0x8821,0xc861,0xd8e1,0xd8e2,0xd0c2,0xd0e2,
0xc8a1,0xb081,0x9841,0x8820,0x7001,0x9868,0x2800,0x0000,0x0000,0x0000,0x0000,0x0000,0x0000,0x0000,0x0000,0x0000,
0x0000,0x0000,0x0000,0x0000,0x0000,0x0000,0x5044,0xd8a8,0xb8c0,0x9861,0x9041,0x9041,0x9841,0x9821,0x4800,0x7082,
0xf9a6,0xf945,0xf1c6,0xf207,0xf1e7,0xf165,0xe8e4,0xd8a2,0xd8a3,0xa864,0x3801,0x9021,0xc081,0xb881,0xb882,0xb8a2,
0xb082,0x9041,0x7821,0x7820,0x9865,0x8047,0x1000,0x0000,0x0000,0x0000,0x0000,0x0000,0x0000,0x0000,0x0000,0x0000,
0x0000,0x0000,0x0000,0x0000,0x0000,0x0000,0x2000,0x9067,0xe8c6,0xa080,0x8042,0x7821,0x8821,0x6000,0x6041,0xf145,
0xf124,0xf36b,0xff19,0xfefa,0xfacb,0xf9c6,0xf965,0xe0e3,0xc081,0xd083,0xa085,0x3000,0x8821,0x9041,0x9862,0x9841,
0x9041,0x6801,0x7840,0x8880,0xa88a,0x5845,0x0000,0x0000,0x0000,0x0000,0x0000,0x0000,0x0000,0x0000,0x0000,0x0000,
0x0000,0x0000,0x0000,0x0000,0x0000,0x0000,0x0000,0x3021,0xa069,0xb869,0x8845,0x7803,0x7801,0x4821,0xd125,0xf965,
0xfa68,0xff7c,0xffff,0xffff,0xfc91,0xf9a6,0xf986,0xe904,0xd8c2,0xb861,0xc884,0x5022,0x4800,0x8001,0x7021,0x6821,
0x7001,0x7860,0xc160,0xb047,0xa0ab,0x2000,0x0000,0x0000,0x0000,0x0000,0x0000,0x0000,0x0000,0x0000,0x0000,0x0000,
0x0000,0x0000,0x0000,0x0000,0x0000,0x0000,0x0000,0x0000,0x2000,0x7866,0xb06a,0xb84a,0x6022,0x6862,0xf145,0xe965,
0xfa48,0xfe96,0xfffd,0xfe96,0xfa69,0xf186,0xf125,0xe0e3,0xd0c3,0xb061,0xa042,0x9845,0x3000,0x6801,0x7000,0x8020,
0x8840,0xa081,0xd0a8,0xc08c,0x3822,0x0000,0x0000,0x0000,0x0000,0x0000,0x0000,0x0000,0x0000,0x0000,0x0000,0x0000,
0x0000,0x0000,0x0000,0x0000,0x0000,0x0000,0x0000,0x0000,0x0000,0x1800,0x3821,0x7065,0x2821,0x98a5,0xd8e4,0xe124,
0xf165,0xfaa9,0xfbec,0xfaeb,0xfa0a,0xf186,0xf124,0xd8e3,0xc8c2,0xa862,0x9041,0xa846,0x3801,0x7804,0x9825,0xa045,
0xb866,0xd08a,0xa86a,0x3822,0x0000,0x0000,0x0000,0x0000,0x0000,0x0000,0x0000,0x0000,0x0000,0x0000,0x0000,0x0000,
0x0000,0x0000,0x0000,0x0000,0x0000,0x0000,0x0000,0x0000,0x0000,0x0000,0x0000,0x2820,0x1800,0xa8a6,0xc8a2,0xe0e3,
0xe985,0xfa08,0xf926,0xf9e8,0xf1a7,0xf145,0xe103,0xd8c2,0xc0a2,0xa062,0x7820,0x9046,0x5023,0x5003,0xa068,0xa089,
0x8087,0x5044,0x1800,0x0000,0x0000,0x0000,0x0000,0x0000,0x0000,0x0000,0x0000,0x0000,0x0000,0x0000,0x0000,0x0000,
0x0000,0x0000,0x0000,0x0000,0x0000,0x0000,0x0000,0x0000,0x0000,0x0000,0x0000,0x0000,0x2821,0xb8a7,0xb861,0xd8e3,
0xe904,0xe924,0xf145,0xe924,0xe903,0xe0e3,0xd8c3,0xc8c2,0xb882,0x9041,0x5800,0x9027,0x4803,0x0800,0x2800,0x2000,
0x1000,0x0000,0x0000,0x0000,0x0000,0x0000,0x0000,0x0000,0x0000,0x0000,0x0000,0x0000,0x0000,0x0000,0x0000,0x0000,
0x0000,0x0000,0x0000,0x0000,0x0000,0x0000,0x0000,0x0000,0x0000,0x0000,0x0000,0x0000,0x2800,0xb888,0xb863,0xb881,
0xd903,0xd8e3,0xe0e3,0xd8e2,0xd8a2,0xd8c2,0xc8a2,0xb881,0xa061,0x7820,0x6801,0xa049,0x3002,0x0000,0x0000,0x0000,
0x0000,0x0000,0x0000,0x0000,0x0000,0x0000,0x0000,0x0000,0x0000,0x0000,0x0000,0x0000,0x0000,0x0000,0x0000,0x0000,
0x0000,0x0000,0x0000,0x0000,0x0000,0x0000,0x0000,0x0000,0x0000,0x0000,0x0000,0x0000,0x0000,0x8867,0xb846,0xa040,
0xc882,0xc082,0xc8a2,0xc8a2,0xc082,0xb082,0xb061,0x9841,0x8821,0x7820,0x8822,0xa049,0x1800,0x0000,0x0000,0x0000,
0x0000,0x0000,0x0000,0x0000,0x0000,0x0000,0x0000,0x0000,0x0000,0x0000,0x0000,0x0000,0x0000,0x0000,0x0000,0x0000,
0x0000,0x0000,0x0000,0x0000,0x0000,0x0000,0x0000,0x0000,0x0000,0x0000,0x0000,0x0000,0x0000,0x4822,0xc08a,0x9822,
0xa040,0xa841,0xa861,0xa862,0xa061,0x9841,0x9041,0x7020,0x8844,0xa862,0xc047,0x7846,0x1800,0x0000,0x0000,0x0000,
0x0000,0x0000,0x0000,0x0000,0x0000,0x0000,0x0000,0x0000,0x0000,0x0000,0x0000,0x0000,0x0000,0x0000,0x0000,0x0000,
0x0000,0x0000,0x0000,0x0000,0x0000,0x0000,0x0000,0x0000,0x0000,0x0000,0x0000,0x0000,0x0000,0x2000,0x9888,0xc088,
0x9020,0x9020,0x8021,0x8821,0x8041,0x8021,0x7801,0x8841,0x9062,0xb045,0xb88c,0x3021,0x0000,0x0000,0x0000,0x0000,
0x0000,0x0000,0x0000,0x0000,0x0000,0x0000,0x0000,0x0000,0x0000,0x0000,0x0000,0x0000,0x0000,0x0000,0x0000,0x0000,
0x0000,0x0000,0x0000,0x0000,0x0000,0x0000,0x0000,0x0000,0x0000,0x0000,0x0000,0x0000,0x0000,0x0000,0x3821,0xc8aa,
0xb867,0xb881,0x8840,0x6820,0x6821,0x7841,0x8041,0xb8e0,0xe8c4,0xc88c,0x4844,0x0000,0x0000,0x0000,0x0000,0x0000,
0x0000,0x0000,0x0000,0x0000,0x0000,0x0000,0x0000,0x0000,0x0000,0x0000,0x0000,0x0000,0x0000,0x0000,0x0000,0x0000,
0x0000,0x0000,0x0000,0x0000,0x0000,0x0000,0x0000,0x0000,0x0000,0x0000,0x0000,0x0000,0x0000,0x0000,0x0000,0x3821,
0xa8a9,0xc8aa,0xb066,0xa842,0xb881,0xb8a5,0xc8a7,0xe0e9,0xb88a,0x5044,0x1800,0x0000,0x0000,0x0000,0x0000,0x0000,
0x0000,0x0000,0x0000,0x0000,0x0000,0x0000,0x0000,0x0000,0x0000,0x0000,0x0000,0x0000,0x0000,0x0000,0x0000,0x0000,
0x0000,0x0000,0x0000,0x0000,0x0000,0x0000,0x0000,0x0000,0x0000,0x0000,0x0000,0x0000,0x0000,0x0000,0x0000,0x0000,
0x2800,0x6045,0x98a9,0xd0cb,0xd8ca,0xd90c,0xa8ea,0x6066,0x2001,0x0000,0x0000,0x0000,0x0000,0x0000,0x0000,0x0000,
0x0000,0x0000,0x0000,0x0000,0x0000,0x0000,0x0000,0x0000,0x0000,0x0000,0x0000,0x0000,0x0000,0x0000,0x0000,0x0000,
0x0000,0x0000,0x0000,0x0000,0x0000,0x0000,0x0000,0x0000,0x0000,0x0000,0x0000,0x0000,0x0000,0x0000,0x0000,0x0000,
0x0000,0x0000,0x1800,0x4022,0x3843,0x4043,0x2000,0x1000,0x0000,0x0000,0x0000,0x0000,0x0000,0x0000,0x0000,0x0000,
0x0000,0x0000,0x0000,0x0000,0x0000,0x0000,0x0000,0x0000,0x0000,0x0000,0x0000,0x0000,0x0000,0x0000,0x0000,0x0000,
0x0000,0x0000,0x0000,0x0000,0x0000,0x0000,0x0000,0x0000,0x0000,0x0000,0x0000,0x0000,0x0000,0x0000,0x0000,0x0000,
0x0000,0x0000,0x0000,0x0000,0x0000,0x0000,0x0000,0x0000,0x0000,0x0000,0x0000,0x0000,0x0000,0x0000,0x0000,0x0000,
0x0000,0x0000,0x0000,0x0000,0x0000,0x0000,0x0000,0x0000,0x0000,0x0000,0x0000,0x0000,0x0000,0x0000,0x0000,0x0000,
0x0000,0x0000,0x0000,0x0000,0x0000,0x0000,0x0000,0x0000,0x0000,0x0000,0x0000,0x0000,0x0000,0x0000,0x0000,0x0000,
0x0000,0x0000,0x0000,0x0000,0x0000,0x0000,0x0000,0x0000,0x0000,0x0000,0x0000,0x0000,0x0000,0x0000,0x0000,0x0000,
0x0000,0x0000,0x0000,0x0000,0x0000,0x0000,0x0000,0x0000,0x0000,0x0000,0x0000,0x0000,0x0000,0x0000,0x0000,0x0000,
},
{
0x0000,0x0000,0x0000,0x0000,0x0000,0x0000,0x0000,0x0000,0x0000,0x0000,0x0000,0x0000,0x0000,0x0000,0x0000,0x0000,
0x0000,0x0000,0x0000,0x0000,0x0000,0x0000,0x0000,0x0000,0x0000,0x0000,0x0000,0x0000,0x0000,0x0000,0x0000,0x0000,
0x0000,0x0000,0x0000,0x0000,0x0000,0x0000,0x0000,0x0000,0x0000,0x0000,0x0000,0x0000,0x0000,0x0000,0x0000,0x0000,
0x0000,0x0000,0x0000,0x0000,0x0000,0x0000,0x0000,0x0000,0x0000,0x0000,0x0000,0x0000,0x0000,0x0000,0x0000,0x0000,
0x0000,0x0000,0x0000,0x0000,0x0000,0x0000,0x0000,0x0000,0x0000,0x0000,0x0000,0x0000,0x0000,0x0000,0x0000,0x0000,
0x0000,0x0000,0x0000,0x0000,0x0000,0x0000,0x0000,0x0000,0x0000,0x0000,0x0000,0x0000,0x0000,0x0000,0x0000,0x0000,
0x0000,0x0000,0x0000,0x0000,0x0000,0x0000,0x0000,0x0000,0x0000,0x0000,0x0000,0x0000,0x0000,0x0000,0x0000,0x0000,
0x0000,0x0000,0x0000,0x8b28,0x82c6,0x82c7,0x82c6,0x7aa6,0x7aa6,0x7aa6,0x82a6,0x82a6,0x0000,0x0000,0x0000,0x0000,
0x0000,0x0000,0x0000,0x0000,0x0000,0x0000,0x0000,0x0000,0x0000,0x0000,0x0000,0x0000,0x0000,0x0000,0x0000,0x0000,
0x0000,0x0000,0x0000,0x0000,0x0000,0x0000,0x0000,0x0000,0x0000,0x0000,0x0000,0x0000,0x0000,0x0000,0x0000,0x0000,
0x8ae6,0x7a85,0x7a85,0x8ae7,0x9328,0x8b27,0x8b28,0x8b08,0x8b08,0x8b08,0x8b07,0x8ae7,0x7a85,0x7aa5,0x82e7,0x0000,
0x0000,0x0000,0x0000,0x0000,0x0000,0x0000,0x0000,0x0000,0x0000,0x0000,0x0000,0x0000,0x0000,0x0000,0x0000,0x0000,
0x0000,0x0000,0x0000,0x0000,0x0000,0x0000,0x0000,0x0000,0x0000,0x0000,0x0000,0x0000,0x0000,0x0000,0x7a85,0x7244,
0x8ac5,0x93aa,0x9baa,0xbcce,0xde54,0xde54,0xde75,0xde76,0xde55,0xd614,0xd5d3,0xc550,0x9369,0x8b27,0x8ae6,0x7a85,
0x82a5,0x0000,0x0000,0x0000,0x0000,0x0000,0x0000,0x0000,0x0000,0x0000,0x0000,0x0000,0x0000,0x0000,0x0000,0x0000,
0x0000,0x0000,0x0000,0x0000,0x0000,0x0000,0x0000,0x0000,0x0000,0x0000,0x0000,0x0000,0x8ae6,0x7a64,0x8307,0x9bca,
0xcdb1,0xe6b6,0xeed7,0xeed7,0xf759,0xff7a,0xf77a,0xf79b,0xf77a,0xf73a,0xf739,0xeed7,0xe696,0xde34,0xc550,0xa40a,
0x8ae6,0x7224,0x82a5,0x0000,0x0000,0x0000,0x0000,0x0000,0x0000,0x0000,0x0000,0x0000,0x0000,0x0000,0x0000,0x0000,
0x0000,0x0000,0x0000,0x0000,0x0000,0x0000,0x0000,0x0000,0x0000,0x0000,0x0000,0x82c5,0x7a84,0x9bca,0xc592,0xe697,
0xf739,0xf77b,0xffbc,0xffbc,0xff79,0xf758,0xf759,0xf759,0xf739,0xf77b,0xff9b,0xf79b,0xf77b,0xef3a,0xeef8,0xd5f4,
0xcd70,0xac4b,0x7a85,0x7a65,0x0000,0x0000,0x0000,0x0000,0x0000,0x0000,0x0000,0x0000,0x0000,0x0000,0x0000,0x0000,
0x0000,0x0000,0x0000,0x0000,0x0000,0x0000,0x0000,0x0000,0x0000,0x0000,0x7244,0x8b07,0xb4ae,0xd5f4,0xeef8,0xf77a,
0xff79,0xff58,0xff58,0xff58,0xff58,0xff58,0xff58,0xf758,0xf738,0xf739,0xf759,0xf739,0xef19,0xf75a,0xf75a,0xef19,
0xe6b7,0xde13,0xc50d,0x82a6,0x7203,0x82c6,0x0000,0x0000,0x0000,0x0000,0x0000,0x0000,0x0000,0x0000,0x0000,0x0000,
0x0000,0x0000,0x0000,0x0000,0x0000,0x0000,0x0000,0x0000,0x0000,0x7223,0x8b48,0xbcee,0xe696,0xf77b,0xff7a,0xff38,
0xff79,0xff9a,0xffbc,0xffdd,0xffde,0xffdd,0xffbc,0xff79,0xff58,0xff58,0xf738,0xeef8,0xeed8,0xeef8,0xf739,0xf739,
0xf759,0xe6b7,0xd613,0xcd70,0x8b27,0x7223,0x7a86,0x0000,0x0000,0x0000,0x0000,0x0000,0x0000,0x0000,0x0000,0x0000,
0x0000,0x0000,0x0000,0x0000,0x0000,0x0000,0x0000,0x0000,0x7a65,0x9348,0xc530,0xe634,0xf75a,0xf759,0xf738,0xff7a,
0xffdd,0xffff,0xffff,0xffff,0xffff,0xffff,0xffff,0xffdd,0xff7a,0xff79,0xff79,0xf739,0xf739,0xe6d8,0xe6b8,0xe6d8,
0xef18,0xf77a,0xef18,0xde54,0xd5b0,0x8ae7,0x69e3,0x7a85,0x0000,0x0000,0x0000,0x0000,0x0000,0x0000,0x0000,0x0000,
0x0000,0x0000,0x0000,0x0000,0x0000,0x0000,0x0000,0x7265,0x9bca,0xd5b1,0xe6b7,0xf75b,0xf75a,0xf739,0xff7b,0xffdf,
0xffff,0xffff,0xffff,0xffff,0xffff,0xffff,0xffff,0xffff,0xffde,0xff9a,0xffba,0xff7a,0xf75a,0xeef9,0xe6d9,0xe6d8,
0xe6b7,0xeef8,0xef18,0xeef8,0xde34,0xc570,0x8b27,0x7a23,0x82c6,0x0000,0x0000,0x0000,0x0000,0x0000,0x0000,0x0000,
0x0000,0x0000,0x0000,0x0000,0x0000,0x0000,0x7265,0x8b48,0xcd4f,0xe675,0xf75b,0xf73a,0xf739,0xff7b,0xffdf,0xffff,
0xffff,0xffff,0xffff,0xffff,0xffff,0xffff,0xffff,0xffff,0xffff,0xff9a,0xff9a,0xffbb,0xf759,0xf73a,0xef19,0xeef9,
0xe6b7,0xde76,0xde75,0xe6d7,0xe6d7,0xd613,0xc52f,0x82c5,0x6a03,0x0000,0x0000,0x0000,0x0000,0x0000,0x0000,0x0000,
0x0000,0x0000,0x0000,0x0000,0x0000,0x7ac7,0x7a86,0xb44c,0xe655,0xf77c,0xf75b,0xf739,0xff38,0xff9c,0xffff,0xffff,
0xffff,0xffff,0xffff,0xffff,0xffff,0xffff,0xffff,0xffff,0xffff,0xffbb,0xff99,0xff79,0xf759,0xf739,0xef19,0xeef8,
0xe6b7,0xde76,0xde76,0xde56,0xeed7,0xe655,0xd5d3,0xb44b,0x69e3,0x6a24,0x0000,0x0000,0x0000,0x0000,0x0000,0x0000,
0x0000,0x0000,0x0000,0x0000,0x0000,0x7a86,0xac4d,0xde14,0xf75b,0xef3a,0xf75a,0xf739,0xff7a,0xffde,0xffff,0xffff,
0xffff,0xffff,0xffff,0xffff,0xffff,0xffff,0xffff,0xffff,0xffff,0xffbc,0xff79,0xff79,0xf759,0xf739,0xeef8,0xeef8,
0xe6b7,0xde96,0xde76,0xe676,0xe615,0xee98,0xde35,0xcd0f,0x9b47,0x6a03,0x0000,0x0000,0x0000,0x0000,0x0000,0x0000,
0x0000,0x0000,0x0000,0x0000,0x7aa5,0x82c6,0xbcee,0xe6b7,0xf75a,0xeed7,0xef19,0xf739,0xff9b,0xffff,0xffff,0xffff,
0xffff,0xffff,0xffff,0xffff,0xffff,0xffff,0xffff,0xffff,0xffff,0xffbc,0xff78,0xff59,0xff59,0xf739,0xef19,0xffbb,
0xef19,0xe697,0xde97,0xde77,0xddf4,0xe657,0xeeb9,0xd593,0xccee,0x8ac6,0x6a44,0x0000,0x0000,0x0000,0x0000,0x0000,
0x0000,0x0000,0x0000,0x0000,0x7264,0xac0a,0xddf3,0xef19,0xeef8,0xeed8,0xf719,0xf739,0xff9b,0xffff,0xffff,0xffff,
0xffff,0xffff,0xffff,0xffff,0xffff,0xffff,0xffff,0xffff,0xffff,0xffbb,0xff99,0xff9a,0xff7a,0xf718,0xef19,0xf77a,
0xeef8,0xe6b7,0xdeb7,0xde97,0xddf5,0xdd93,0xe657,0xe677,0xd510,0xaba8,0x6a03,0x0000,0x0000,0x0000,0x0000,0x0000,
0x0000,0x0000,0x0000,0x7ac6,0x7aa6,0xb46d,0xeef8,0xef19,0xe6b7,0xef19,0xf73a,0xf739,0xff7b,0xffff,0xffff,0xffff,
0xffff,0xffff,0xffff,0xffff,0xffff,0xffff,0xffff,0xffff,0xffdd,0xff99,0xff79,0xff9b,0xf759,0xf718,0xeef8,0xeed8,
0xe6d8,0xe6b7,0xe6b7,0xde97,0xd5f4,0xcd93,0xd593,0xddd4,0xd5b4,0xb40b,0x7223,0x61e3,0x0000,0x0000,0x0000,0x0000,
0x0000,0x0000,0x0000,0x6a45,0x9389,0xcd50,0xeef8,0xe6b7,0xe676,0xeef8,0xeef8,0xf718,0xff39,0xffbd,0xffff,0xffff,
0xffff,0xffff,0xffdf,0xffdf,0xffff,0xffff,0xffff,0xffde,0xff9a,0xff99,0xff9a,0xff7a,0xf718,0xeef8,0xe6d8,0xe6d8,
0xe6f8,0xe6b8,0xdeb7,0xde96,0xde34,0xcd92,0xbd10,0xcd72,0xddf5,0xc4f0,0x9b88,0x59c3,0x0000,0x0000,0x0000,0x0000,
0x0000,0x0000,0x0000,0x6204,0x9baa,0xd5b2,0xeef8,0xe6b7,0xde76,0xe6b7,0xeef8,0xf718,0xf738,0xff7a,0xffde,0xffff,
0xffff,0xffff,0xffdf,0xffdf,0xffff,0xffff,0xffbd,0xff9a,0xff99,0xff9a,0xff9a,0xff7a,0xf739,0xeef8,0xe6d8,0xe6d8,
0xe6d8,0xe6f9,0xde96,0xde55,0xd5f3,0xc572,0xbd11,0xcd52,0xddd4,0xcd93,0x9b68,0x61e3,0x0000,0x0000,0x0000,0x0000,
0x0000,0x0000,0x7ac6,0x7224,0xabea,0xddd2,0xf718,0xe697,0xe697,0xeed8,0xeef8,0xf739,0xff7a,0xff59,0xff7a,0xffbc,
0xffde,0xffff,0xffff,0xffff,0xffbc,0xff9b,0xff79,0xff79,0xff7a,0xff9a,0xff9a,0xf739,0xeef8,0xeef8,0xe6d8,0xe6d8,
0xdeb8,0xe6d8,0xde96,0xd655,0xd5f3,0xc572,0xbd11,0xc531,0xddd4,0xcd73,0x9b89,0x7265,0x59e4,0x0000,0x0000,0x0000,
0x0000,0x0000,0x69e3,0x7a65,0xc530,0xe6b6,0xeed8,0xe6b7,0xde97,0xe6d8,0xf719,0xff9c,0xfffe,0xff9b,0xff59,0xff59,
0xff9b,0xffbb,0xff9b,0xff9b,0xff79,0xff79,0xff7a,0xff9a,0xff9b,0xf759,0xf739,0xf718,0xef18,0xeef8,0xe6b8,0xdeb8,
0xe697,0xde97,0xde76,0xd635,0xcdf3,0xbd52,0xb511,0xc511,0xdd93,0xcdb4,0xbcae,0x82c6,0x51a3,0x0000,0x0000,0x0000,
0x0000,0x0000,0x6a03,0x7a65,0xc551,0xef19,0xde76,0xde97,0xe697,0xe6b7,0xeef8,0xf77b,0xffde,0xf77a,0xf739,0xff7a,
0xff9a,0xff79,0xff79,0xff9a,0xff9a,0xff9a,0xf77b,0xf77a,0xf77a,0xef19,0xf739,0xeef8,0xeef8,0xe6d8,0xe6b8,0xde97,
0xde76,0xd656,0xd635,0xd5f4,0xcdb2,0xbd31,0xb4f1,0xbcf1,0xd572,0xde37,0xc4f1,0x82c6,0x5183,0x0000,0x0000,0x0000,
0x0000,0x0000,0x61e3,0x7a85,0xcd72,0xef39,0xde97,0xde97,0xde97,0xde97,0xe697,0xef39,0xf75a,0xf75a,0xef39,0xf75a,
0xf77a,0xf75a,0xf77a,0xf77a,0xf75a,0xf75a,0xf77a,0xef19,0xf719,0xf719,0xeef8,0xeef8,0xe6d8,0xe6b7,0xe6d9,0xe6d8,
0xde55,0xd635,0xd615,0xcdb3,0xc572,0xbd11,0xb4f1,0xbcf1,0xd552,0xd618,0xbcf1,0x82c6,0x5182,0x0000,0x0000,0x0000,
0x0000,0x0000,0x61e3,0x8285,0xcd92,0xf73a,0xde77,0xde97,0xde97,0xde97,0xde97,0xeed8,0xeef9,0xef19,0xf73a,0xf75a,
0xef19,0xef19,0xef19,0xef19,0xef19,0xef19,0xf739,0xf719,0xef19,0xeed8,0xeed7,0xeed8,0xe6b7,0xe6b7,0xe6b8,0xde97,
0xde56,0xd634,0xd5f4,0xcdb4,0xbd32,0xb511,0xacd1,0xb4b0,0xd531,0xd617,0xbcf1,0x82c6,0x5162,0x0000,0x0000,0x0000,
0x0000,0x0000,0x61e3,0x82a6,0xcdb3,0xef3a,0xde77,0xde56,0xde56,0xde77,0xde97,0xe6b8,0xeef8,0xeef9,0xef19,0xef18,
0xeef8,0xeef8,0xef19,0xef19,0xef19,0xef19,0xeef8,0xeef8,0xeef8,0xeed8,0xe6b7,0xeef9,0xe6b7,0xde76,0xde76,0xde56,
0xde55,0xd614,0xc5b3,0xc593,0xb4f1,0xa4b1,0x9c91,0xacb0,0xc4d0,0xd617,0xbcf1,0x82c7,0x5162,0x0000,0x0000,0x0000,
0x0000,0x0000,0x6a03,0x82a5,0xd5b3,0xf75a,0xde56,0xd636,0xd636,0xd656,0xde56,0xde77,0xe6d8,0xef19,0xef19,0xeef8,
0xeef8,0xef19,0xeef8,0xef19,0xeef9,0xeef8,0xeed8,0xeed8,0xeed8,0xeed8,0xe6d8,0xe6b8,0xde76,0xd655,0xd635,0xd635,
0xd5f4,0xcdd3,0xbd93,0xb532,0xa4b1,0xa490,0x9c91,0xb4b1,0xccf0,0xd5f7,0xbcd1,0x82c6,0x5182,0x0000,0x0000,0x0000,
0x0000,0x0000,0x6a03,0x82a5,0xcd50,0xeeb7,0xde56,0xde35,0xd615,0xd635,0xde56,0xde97,0xe697,0xeef8,0xf719,0xe6b7,
0xeed8,0xeef8,0xeef8,0xeef8,0xe6d8,0xe6d8,0xeed8,0xe6b7,0xe6b7,0xe6b7,0xe697,0xde76,0xd635,0xd635,0xde55,0xcdf4,
0xcdf3,0xc5b3,0xb553,0xa4f2,0xa4d1,0xa4b1,0x9cb2,0xc532,0xdd71,0xcd95,0xac4e,0x7aa6,0x5962,0x0000,0x0000,0x0000,
0x0000,0x0000,0x6a04,0x8ac5,0xb4ad,0xd5f4,0xeed7,0xeed5,0xd5f3,0xd615,0xde36,0xde77,0xe697,0xe697,0xe6b7,0xe6d7,
0xe6d8,0xeed8,0xe697,0xe6b7,0xe6d8,0xe6b7,0xe6b7,0xe697,0xde76,0xde76,0xde76,0xde76,0xd635,0xd614,0xd614,0xcdd3,
0xc5b3,0xb573,0xad12,0xacf2,0x9c90,0xacd2,0xa4d3,0xdd91,0xe5f3,0xc512,0xac2d,0x7aa6,0x5161,0x0000,0x0000,0x0000,
0x0000,0x0000,0x7265,0x7244,0xa3ca,0xcdb3,0xeef7,0xf716,0xe612,0xde55,0xcdd4,0xde35,0xde76,0xde56,0xde56,0xde76,
0xde97,0xe697,0xde76,0xde76,0xe6b8,0xde76,0xde56,0xde56,0xde56,0xde56,0xd656,0xd615,0xd614,0xd5f4,0xcdb3,0xc5b3,
0xbd73,0xad12,0xacf2,0xacf2,0xa470,0x940f,0xb490,0xedaf,0xe613,0xc512,0xac0c,0x7224,0x59a2,0x0000,0x0000,0x0000,
0x0000,0x0000,0x0000,0x5982,0x8b07,0xd5d3,0xde74,0xf715,0xee52,0xde34,0xd5d4,0xd614,0xd614,0xde56,0xde77,0xde76,
0xd656,0xde76,0xd656,0xd656,0xde76,0xd656,0xd656,0xd656,0xd615,0xd635,0xcdf4,0xcdf4,0xd5f3,0xcdd3,0xbd73,0xbd73,
0xb512,0xacf2,0xacf2,0xacd1,0xacb1,0xac91,0xd4cf,0xfe0f,0xdd91,0xc532,0xa3a9,0x5161,0x0000,0x0000,0x0000,0x0000,
0x0000,0x0000,0x0000,0x5982,0x7265,0xb4cf,0xd5b2,0xfef4,0xff35,0xf6d4,0xe654,0xde35,0xd5f4,0xd615,0xd635,0xd615,
0xd656,0xd656,0xd656,0xd656,0xd656,0xd636,0xd635,0xce14,0xcdd3,0xd5f4,0xcdd4,0xc5d4,0xcdb3,0xbd73,0xb573,0xa4d1,
0xacf1,0xacd1,0xa491,0xa490,0xa491,0xc4d1,0xfe51,0xfeb3,0xcd52,0xbcf0,0xa368,0x5161,0x0000,0x0000,0x0000,0x0000,
0x0000,0x0000,0x0000,0x6a24,0x61a2,0x938a,0xd591,0xee72,0xff98,0xff98,0xf6f5,0xe613,0xde13,0xd5d3,0xcdb3,0xcdd3,
0xcdf4,0xce14,0xcdd3,0xcdd3,0xcdd3,0xcdd4,0xcdd3,0xcdd3,0xcdd3,0xc5b3,0xc5b4,0xbd73,0xbd72,0xad32,0xa4f2,0xa4d1,
0xa4b1,0xa491,0x9c70,0x9c91,0xac91,0xe591,0xff13,0xee53,0xcd93,0xa40c,0x69c3,0x59a2,0x0000,0x0000,0x0000,0x0000,
0x0000,0x0000,0x0000,0x0000,0x61c3,0x7a86,0xbcf0,0xe5d1,0xff57,0xffdb,0xffda,0xff35,0xe612,0xd592,0xd5b3,0xcdb3,
0xc5b3,0xc5b3,0xc5b3,0xcdd3,0xc5d3,0xc5b2,0xc5b2,0xc592,0xc592,0xbd72,0xb552,0xb531,0xb4f0,0xa4b0,0x9c70,0xa490,
0xa4b0,0xa470,0xa470,0xb4f1,0xccaf,0xfe52,0xfef5,0xddd3,0xbd32,0x9369,0x61a2,0x0000,0x0000,0x0000,0x0000,0x0000,
0x0000,0x0000,0x0000,0x0000,0x61e3,0x5982,0xa44d,0xddd2,0xee74,0xfffb,0xfffd,0xfffa,0xf692,0xe5b2,0xdd92,0xcd72,
0xbd52,0xbd72,0xbd72,0xbd92,0xbd92,0xb531,0xb511,0xacf0,0xacd0,0xbd51,0xacf0,0xacb0,0xa48f,0xa46f,0x9c4f,0xa44f,
0xac6f,0xc510,0xdd91,0xdcee,0xe52d,0xff16,0xe633,0xcd73,0xb4af,0x6a04,0x61c3,0x0000,0x0000,0x0000,0x0000,0x0000,
0x0000,0x0000,0x0000,0x0000,0x0000,0x5982,0x7ac6,0xc510,0xdd91,0xff15,0xffdb,0xffda,0xfef1,0xfeb2,0xedf1,0xcd31,
0xbd31,0xb531,0xb511,0xad11,0xb511,0xacf1,0xacd0,0xb511,0xacb0,0xa46f,0x9c6f,0x9c4f,0x9c4f,0x9c2e,0x9c0e,0x9c0e,
0xac4e,0xdd2e,0xf58d,0xfe2f,0xff99,0xeed7,0xcd72,0xb4d0,0x7205,0x5982,0x0000,0x0000,0x0000,0x0000,0x0000,0x0000,
0x0000,0x0000,0x0000,0x0000,0x0000,0x6a25,0x5162,0x9bab,0xd571,0xe5b1,0xff35,0xfff9,0xff95,0xff31,0xf62f,0xdd70,
0xc511,0xbd11,0xacf0,0xacf1,0xacf0,0xacd0,0xacb0,0xacb0,0xa46f,0xa44f,0x9c4f,0x9c2f,0x9c2e,0xa44e,0xa44e,0xac4e,
0xccae,0xe4ea,0xeded,0xffba,0xf717,0xd5b2,0xcd72,0x9bab,0x5962,0x61e3,0x0000,0x0000,0x0000,0x0000,0x0000,0x0000,
0x0000,0x0000,0x0000,0x0000,0x0000,0x0000,0x5182,0x59c3,0xc4cf,0xdd71,0xf672,0xff54,0xffda,0xffdc,0xff34,0xf60e,
0xdd6f,0xc510,0xc510,0xbcf0,0xac8f,0xa46f,0xa46f,0xa46f,0xa46f,0xa46f,0xa44f,0x9c2e,0xa46e,0xac8f,0xbccf,0xd4ee,
0xed2c,0xf62f,0xfffd,0xffdd,0xde12,0xde14,0xa3ec,0x61a3,0x5982,0x0000,0x0000,0x0000,0x0000,0x0000,0x0000,0x0000,
0x0000,0x0000,0x0000,0x0000,0x0000,0x0000,0x0000,0x61e3,0x7245,0xcd0f,0xe612,0xee30,0xf6d1,0xff78,0xffb9,0xff34,
0xf64f,0xe56f,0xdd70,0xcd30,0xc4ef,0xbccf,0xac8f,0xac8f,0xac8f,0xbccf,0xbccf,0xac8e,0xc4f0,0xd530,0xed8f,0xfeb1,
0xfe90,0xfe90,0xf716,0xe653,0xddb2,0xbcae,0x7224,0x5961,0x0000,0x0000,0x0000,0x0000,0x0000,0x0000,0x0000,0x0000,
0x0000,0x0000,0x0000,0x0000,0x0000,0x0000,0x0000,0x6a45,0x5142,0x7266,0xcd50,0xe5f1,0xf672,0xf690,0xfef1,0xffb9,
0xff97,0xfef3,0xedaf,0xdd4f,0xe56f,0xdd90,0xcd30,0xbccf,0xcd30,0xdd70,0xd52f,0xd54f,0xedd0,0xf610,0xff13,0xfff9,
0xff96,0xf62f,0xedf0,0xee32,0xb40b,0x69e4,0x5142,0x59a3,0x0000,0x0000,0x0000,0x0000,0x0000,0x0000,0x0000,0x0000,
0x0000,0x0000,0x0000,0x0000,0x0000,0x0000,0x0000,0x0000,0x6224,0x5982,0x61e5,0xbcae,0xddd2,0xee32,0xfe91,0xfeb0,
0xff75,0xffb6,0xff74,0xfed2,0xf60f,0xedd0,0xe590,0xdd50,0xe570,0xe56f,0xedaf,0xf630,0xfe50,0xff76,0xff96,0xff13,
0xf6f3,0xee32,0xddd1,0xa40b,0x7204,0x4922,0x4942,0x0000,0x0000,0x0000,0x0000,0x0000,0x0000,0x0000,0x0000,0x0000,
0x0000,0x0000,0x0000,0x0000,0x0000,0x0000,0x0000,0x0000,0x0000,0x6204,0x59a3,0x59c4,0x9c0c,0xd5b2,0xee52,0xf692,
0xff35,0xff96,0xffb8,0xffd7,0xff11,0xfe90,0xf670,0xf670,0xf630,0xf64f,0xff13,0xff76,0xfed3,0xf6d4,0xee92,0xee72,
0xe653,0xc50f,0x8b08,0x61c3,0x5162,0x51a4,0x0000,0x0000,0x0000,0x0000,0x0000,0x0000,0x0000,0x0000,0x0000,0x0000,
0x0000,0x0000,0x0000,0x0000,0x0000,0x0000,0x0000,0x0000,0x0000,0x0000,0x0000,0x5182,0x51a3,0x7ae8,0xbcae,0xddb1,
0xee12,0xe611,0xf672,0xff34,0xff53,0xff75,0xff76,0xff96,0xff95,0xff34,0xff14,0xf6d4,0xf6b4,0xee74,0xd5b1,0xcd51,
0xb46d,0x8ae6,0x69a2,0x5982,0x5163,0x0000,0x0000,0x0000,0x0000,0x0000,0x0000,0x0000,0x0000,0x0000,0x0000,0x0000,
0x0000,0x0000,0x0000,0x0000,0x0000,0x0000,0x0000,0x0000,0x0000,0x0000,0x0000,0x0000,0x6204,0x59a2,0x61c3,0x7a86,
0xbc4b,0xdd2d,0xd54e,0xe5d1,0xe612,0xe654,0xe675,0xe675,0xe675,0xe634,0xde13,0xd591,0xcd0f,0xccce,0xa389,0x7a45,
0x69e4,0x5962,0x5982,0x0000,0x0000,0x0000,0x0000,0x0000,0x0000,0x0000,0x0000,0x0000,0x0000,0x0000,0x0000,0x0000,
0x0000,0x0000,0x0000,0x0000,0x0000,0x0000,0x0000,0x0000,0x0000,0x0000,0x0000,0x0000,0x0000,0x0000,0x61e3,0x5182,
0x6204,0x7a85,0x6a45,0x9348,0xbc4b,0xb44c,0xb44c,0xb44c,0xb42c,0xac0b,0xabeb,0xa3aa,0x7a86,0x7245,0x61c3,0x4922,
0x4143,0x0000,0x0000,0x0000,0x0000,0x0000,0x0000,0x0000,0x0000,0x0000,0x0000,0x0000,0x0000,0x0000,0x0000,0x0000,
0x0000,0x0000,0x0000,0x0000,0x0000,0x0000,0x0000,0x0000,0x0000,0x0000,0x0000,0x0000,0x0000,0x0000,0x0000,0x0000,
0x59c3,0x5182,0x4962,0x61c3,0x7a64,0x7a85,0x7a85,0x7a65,0x7a85,0x7a65,0x7a65,0x7224,0x4121,0x38e2,0x4142,0x0000,
0x0000,0x0000,0x0000,0x0000,0x0000,0x0000,0x0000,0x0000,0x0000,0x0000,0x0000,0x0000,0x0000,0x0000,0x0000,0x0000,
0x0000,0x0000,0x0000,0x0000,0x0000,0x0000,0x0000,0x0000,0x0000,0x0000,0x0000,0x0000,0x0000,0x0000,0x0000,0x0000,
0x0000,0x0000,0x0000,0x51a3,0x4121,0x4122,0x4122,0x4122,0x4122,0x4122,0x4142,0x4962,0x0000,0x0000,0x0000,0x0000,
0x0000,0x0000,0x0000,0x0000,0x0000,0x0000,0x0000,0x0000,0x0000,0x0000,0x0000,0x0000,0x0000,0x0000,0x0000,0x0000,
0x0000,0x0000,0x0000,0x0000,0x0000,0x0000,0x0000,0x0000,0x0000,0x0000,0x0000,0x0000,0x0000,0x0000,0x0000,0x0000,
0x0000,0x0000,0x0000,0x0000,0x0000,0x0000,0x0000,0x0000,0x0000,0x0000,0x0000,0x0000,0x0000,0x0000,0x0000,0x0000,
0x0000,0x0000,0x0000,0x0000,0x0000,0x0000,0x0000,0x0000,0x0000,0x0000,0x0000,0x0000,0x0000,0x0000,0x0000,0x0000,
0x0000,0x0000,0x0000,0x0000,0x0000,0x0000,0x0000,0x0000,0x0000,0x0000,0x0000,0x0000,0x0000,0x0000,0x0000,0x0000,
0x0000,0x0000,0x0000,0x0000,0x0000,0x0000,0x0000,0x0000,0x0000,0x0000,0x0000,0x0000,0x0000,0x0000,0x0000,0x0000,
0x0000,0x0000,0x0000,0x0000,0x0000,0x0000,0x0000,0x0000,0x0000,0x0000,0x0000,0x0000,0x0000,0x0000,0x0000,0x0000,
},
{
0x0000,0x0000,0x0000,0x0000,0x0000,0x0000,0x0000,0x0000,0x0000,0x0000,0x0000,0x0000,0x0000,0x0000,0x0000,0x0000,
0x0000,0x0000,0x0000,0x0000,0x0000,0x0000,0x0000,0x0000,0x0000,0x0000,0x0000,0x0000,0x0000,0x0000,0x0000,0x0000,
0x0000,0x0000,0x0000,0x0000,0x0000,0x0000,0x0000,0x0000,0x0000,0x0000,0x0000,0x0000,0x0000,0x0000,0x0000,0x0000,
0x0000,0x0000,0x0000,0x0000,0x0000,0x0000,0x0000,0x0000,0x0000,0x0000,0x0000,0x0000,0x0000,0x0000,0x0000,0x0000,
0x0000,0x0000,0x0000,0x0000,0x0000,0x0000,0x0000,0x0000,0x0000,0x0000,0x0000,0x0000,0x0000,0x0000,0x0000,0x0000,
0x0000,0x0000,0x0000,0x0000,0x0000,0x0000,0x0000,0x0000,0x0000,0x0000,0x0000,0x0000,0x0000,0x0000,0x0000,0x0000,
0x0000,0x0000,0x0000,0x0000,0x0000,0x0000,0x0000,0x0000,0x0000,0x0000,0x0000,0x0000,0x0000,0x0000,0x0000,0x0000,
0x0000,0x0000,0x0000,0x0000,0x0000,0x0000,0x0000,0x8961,0x0000,0x0000,0x0000,0x0000,0x0000,0x0000,0x0000,0x0000,
0x0000,0x0000,0x0000,0x0000,0x0000,0x0000,0x0000,0x0000,0x0000,0x0000,0x0000,0x0000,0x0000,0x0000,0x0000,0x0000,
0x0000,0x0000,0x0000,0x0000,0x0000,0x0000,0x0000,0x0000,0x0000,0x0000,0x0000,0x0000,0x0000,0x0000,0x0000,0x0000,
0x0000,0x0000,0x0000,0x0000,0x0000,0x0000,0x8101,0xe4ec,0xb1e1,0x0000,0x0000,0x0000,0x0000,0x0000,0x0000,0x0000,
0x0000,0x0000,0x0000,0x0000,0x0000,0x0000,0x0000,0x0000,0x0000,0x0000,0x0000,0x0000,0x0000,0x0000,0x0000,0x0000,
0x0000,0x0000,0x0000,0x0000,0x0000,0x0000,0x0000,0x0000,0x0000,0x0000,0x0000,0x0000,0x0000,0x0000,0x0000,0x0000,
0x0000,0x0000,0x0000,0x0000,0x0000,0x0000,0xcbc5,0xffd7,0xfbe0,0x9940,0x0000,0x0000,0x0000,0x0000,0x0000,0x0000,
0x0000,0x0000,0x0000,0x0000,0x0000,0x0000,0x0000,0x0000,0x0000,0x0000,0x0000,0x0000,0x0000,0x0000,0x0000,0x0000,
0x0000,0x0000,0x0000,0x0000,0x0000,0x0000,0x0000,0x0000,0x0000,0x0000,0x0000,0x0000,0x0000,0x0000,0x0000,0x0000,
0x0000,0x0000,0x0000,0x0000,0x0000,0xaa22,0xff6a,0xfffc,0xf3c4,0xe340,0x78e0,0x0000,0x0000,0x0000,0x0000,0x0000,
0x0000,0x0000,0x0000,0x0000,0x0000,0x0000,0x0000,0x0000,0x0000,0x0000,0x0000,0x0000,0x0000,0x0000,0x0000,0x0000,
0x0000,0x0000,0x0000,0x0000,0x0000,0x0000,0x0000,0x0000,0x0000,0x0000,0x0000,0x0000,0x0000,0x0000,0x0000,0x0000,
0x0000,0x0000,0x0000,0x0000,0x80e1,0xede5,0xff8b,0xfff9,0xe4a7,0xeb00,0xd320,0x0000,0x0000,0x0000,0x0000,0x0000,
0x0000,0x0000,0x0000,0x0000,0x0000,0x0000,0x0000,0x0000,0x0000,0x0000,0x0000,0x0000,0x0000,0x0000,0x0000,0x0000,
0x0000,0x0000,0x0000,0x0000,0x0000,0x0000,0x0000,0x0000,0x0000,0x0000,0x0000,0x0000,0x0000,0x0000,0x0000,0x0000,
0x0000,0x0000,0x0000,0x0000,0xd466,0xff02,0xfecd,0xfff5,0xee2c,0xc9a0,0xfbe0,0xa9c0,0x0000,0x0000,0x0000,0x0000,
0x0000,0x0000,0x0000,0x0000,0x0000,0x0000,0x0000,0x0000,0x0000,0x0000,0x0000,0x0000,0x0000,0x0000,0x0000,0x0000,
0x0000,0x0000,0x0000,0x0000,0x0000,0x0000,0x0000,0x0000,0x0000,0x0000,0x0000,0x0000,0x0000,0x0000,0x0000,0x0000,
0x0000,0x0000,0x0000,0xaa82,0xff05,0xfd60,0xff33,0xffec,0xff8f,0xca42,0xeac0,0xeb60,0x9120,0x0000,0x0000,0x0000,
0x0000,0x0000,0x0000,0x0000,0x0000,0x0000,0x0000,0x0000,0x0000,0x0000,0x0000,0x0000,0x0000,0x0000,0x0000,0x0000,
0x0000,0x0000,0x0000,0x0000,0x0000,0x0000,0x0000,0x0000,0x0000,0x0000,0x0000,0x0000,0x0000,0x0000,0x0000,0x0000,
0x0000,0x0000,0x9161,0xf5e4,0xfd60,0xfd85,0xffd6,0xffa8,0xffef,0xd3a8,0xc980,0xeb60,0xe380,0x80c0,0x0000,0x0000,
0x0000,0x0000,0x0000,0x0000,0x0000,0x0000,0x0000,0x0000,0x0000,0x0000,0x0000,0x0000,0x0000,0x0000,0x0000,0x0000,
0x0000,0x0000,0x0000,0x0000,0x0000,0x0000,0x0000,0x0000,0x0000,0x0000,0x0000,0x0000,0x0000,0x0000,0x0000,0x0000,
0x0000,0x0000,0xdca2,0xfdc1,0xfca0,0xfde9,0xfff5,0xff87,0xffed,0xe52c,0xb100,0xca20,0xfbe0,0xc300,0x0000,0x0000,
0x0000,0x0000,0x0000,0x0000,0x0000,0x0000,0x0000,0x0000,0x0000,0x0000,0x0000,0x0000,0x0000,0x0000,0x0000,0x0000,
0x0000,0x0000,0x0000,0x0000,0x0000,0x0000,0x0000,0x0000,0x0000,0x0000,0x0000,0x0000,0x0000,0x0000,0x0000,0x0000,
0x0000,0xb302,0xfe02,0xf440,0xfc80,0xfe4f,0xfff4,0xffaa,0xffea,0xf68f,0xa920,0xca00,0xda40,0xf400,0x99e0,0x0000,
0x0000,0x0000,0x0000,0x0000,0x0000,0x0000,0x0000,0x0000,0x0000,0x0000,0x0000,0x0000,0x0000,0x0000,0x0000,0x0000,
0x0000,0x0000,0x0000,0x0000,0x0000,0x0000,0x0000,0x0000,0x0000,0x0000,0x0000,0x0000,0x0000,0x0000,0x0000,0x0000,
0x9180,0xf5c3,0xfc60,0xfc00,0xf3c0,0xfed1,0xfff2,0xffd0,0xffc9,0xff8c,0xb223,0xb980,0xca20,0xda80,0xf3c0,0x8900,
0x0000,0x0000,0x0000,0x0000,0x0000,0x0000,0x0000,0x0000,0x0000,0x0000,0x0000,0x0000,0x0000,0x0000,0x0000,0x0000,
0x0000,0x0000,0x0000,0x0000,0x0000,0x0000,0x0000,0x0000,0x0000,0x0000,0x0000,0x0000,0x0000,0x0000,0x0000,0x0000,
0xdc81,0xfca0,0xfba0,0xfbc0,0xfce4,0xffb6,0xffef,0xffcf,0xffa9,0xffec,0xd427,0xa920,0xc200,0xda60,0xfb40,0xdb20,
0x0000,0x0000,0x0000,0x0000,0x0000,0x0000,0x0000,0x0000,0x0000,0x0000,0x0000,0x0000,0x0000,0x0000,0x0000,0x0000,
0x0000,0x0000,0x0000,0x0000,0x0000,0x0000,0x0000,0x0000,0x0000,0x0000,0x0000,0x0000,0x0000,0x0000,0x0000,0xbb01,
0xfdc1,0xf340,0xf3a0,0xfd00,0xfe4b,0xfff4,0xffcc,0xffcb,0xffaa,0xffea,0xe5ce,0xa920,0xc1e0,0xda60,0xf320,0xfbc0,
0xba80,0x0000,0x0000,0x0000,0x0000,0x0000,0x0000,0x0000,0x0000,0x0000,0x0000,0x0000,0x0000,0x0000,0x0000,0x0000,
0x0000,0x0000,0x0000,0x0000,0x0000,0x0000,0x0000,0x0000,0x0000,0x0000,0x0000,0x0000,0x0000,0x0000,0x9180,0xfda1,
0xfc80,0xf3a0,0xfda1,0xfe00,0xfe4f,0xffee,0xffa9,0xffca,0xffaa,0xff86,0xff2f,0xa9c1,0xb1a0,0xd200,0xf3c0,0xf380,
0xfc20,0x91a0,0x0000,0x0000,0x0000,0x0000,0x0000,0x0000,0x0000,0x0000,0x0000,0x0000,0x0000,0x0000,0x0000,0x0000,
0x0000,0x0000,0x0000,0x0000,0x0000,0x0000,0x0000,0x0000,0x0000,0x0000,0x0000,0x0000,0x0000,0x0000,0xdc81,0xfd40,
0xfc60,0xfe01,0xfe80,0xfce0,0xfef4,0xffea,0xffa8,0xffa8,0xff88,0xff66,0xffee,0xbb46,0x9900,0xc9e0,0xeb00,0xfd20,
0xfbc0,0xec20,0x80e0,0x0000,0x0000,0x0000,0x0000,0x0000,0x0000,0x0000,0x0000,0x0000,0x0000,0x0000,0x0000,0x0000,
0x0000,0x0000,0x0000,0x0000,0x0000,0x0000,0x0000,0x0000,0x0000,0x0000,0x0000,0x0000,0x0000,0xb300,0xfdc0,0xfd00,
0xfe41,0xfe81,0xfd20,0xfc45,0xff94,0xffc8,0xffa8,0xff88,0xff88,0xff66,0xffeb,0xe52b,0xa920,0xd200,0xeaa0,0xfce0,
0xfd60,0xfd20,0xdb80,0x0000,0x0000,0x0000,0x0000,0x0000,0x0000,0x0000,0x0000,0x0000,0x0000,0x0000,0x0000,0x0000,
0x0000,0x0000,0x0000,0x0000,0x0000,0x0000,0x0000,0x0000,0x0000,0x0000,0x0000,0x0000,0x8960,0xfde1,0xfe41,0xfea2,
0xfe00,0xfd60,0xfc40,0xfd4b,0xffef,0xffa6,0xffa8,0xff45,0xff89,0xff65,0xffa7,0xf64d,0xb180,0xda20,0xda20,0xf380,
0xfd80,0xfe00,0xfe60,0xaa20,0x0000,0x0000,0x0000,0x0000,0x0000,0x0000,0x0000,0x0000,0x0000,0x0000,0x0000,0x0000,
0x0000,0x0000,0x0000,0x0000,0x0000,0x0000,0x0000,0x0000,0x0000,0x0000,0x0000,0x0000,0xdcc1,0xff62,0xfec2,0xfdc0,
0xfd20,0xfce0,0xfc00,0xfe91,0xffea,0xffa7,0xff46,0xff04,0xff46,0xff66,0xff44,0xffd5,0xc2c3,0xc9a0,0xd200,0xeac0,
0xfc40,0xfd20,0xfea0,0xf640,0x8100,0x0000,0x0000,0x0000,0x0000,0x0000,0x0000,0x0000,0x0000,0x0000,0x0000,0x0000,
0x0000,0x0000,0x0000,0x0000,0x0000,0x0000,0x0000,0x0000,0x0000,0x0000,0x0000,0x9200,0xff63,0xff22,0xfd80,0xfce0,
0xfd00,0xfc20,0xfbe3,0xff72,0xffc7,0xff87,0xff04,0xff04,0xff25,0xff87,0xfff0,0xed8d,0xe421,0xda80,0xe240,0xf300,
0xfc40,0xfe00,0xf580,0xe440,0x9180,0x0000,0x0000,0x0000,0x0000,0x0000,0x0000,0x0000,0x0000,0x0000,0x0000,0x0000,
0x0000,0x0000,0x0000,0x0000,0x0000,0x0000,0x0000,0x0000,0x0000,0x0000,0x0000,0x9180,0xd321,0xdcc2,0xfe01,0xfce0,
0xf3e0,0xfb80,0xfd09,0xffef,0xffa6,0xff46,0xff05,0xff04,0xffea,0xff71,0xcbc8,0xa080,0xb1a0,0xece0,0xfb20,0xfb80,
0xfd80,0xc420,0xa100,0xca60,0x70e0,0x0000,0x0000,0x0000,0x0000,0x0000,0x0000,0x0000,0x0000,0x0000,0x0000,0x0000,
0x0000,0x0000,0x0000,0x0000,0x0000,0x0000,0x0000,0x0000,0x0000,0x0000,0x0000,0x8140,0xd2e0,0x98a0,0xb2a0,0xed20,
0xfd01,0xf380,0xf5cf,0xffec,0xff86,0xff46,0xff25,0xffea,0xf66e,0xca43,0xa0c0,0xa140,0x98c0,0xb220,0xfdc0,0xe4a0,
0x91e0,0x7020,0xb180,0xcb20,0x6080,0x0000,0x0000,0x0000,0x0000,0x0000,0x0000,0x0000,0x0000,0x0000,0x0000,0x0000,
0x0000,0x0000,0x0000,0x0000,0x0000,0x0000,0x0000,0x0000,0x0000,0x0000,0x0000,0x0000,0xcb00,0xb9c0,0x90c0,0x9120,
0xcb81,0xfdc5,0xff96,0xff87,0xff67,0xffca,0xffee,0xed09,0xa920,0xa100,0xa960,0xa140,0xa960,0xa8c0,0xe460,0x8180,
0x6820,0x9120,0xda80,0xb280,0x0000,0x0000,0x0000,0x0000,0x0000,0x0000,0x0000,0x0000,0x0000,0x0000,0x0000,0x0000,
0x0000,0x0000,0x0000,0x0000,0x0000,0x0000,0x0000,0x0000,0x0000,0x0000,0x0000,0x0000,0xbaa0,0xdaa0,0xb160,0xa160,
0x90c0,0xa161,0xf62d,0xffcd,0xffcb,0xff11,0xdb25,0xa8e0,0x9920,0xa960,0xa960,0xa140,0xa920,0xc1e0,0xcba0,0x6860,
0x8140,0x9940,0xeb40,0xa220,0x0000,0x0000,0x0000,0x0000,0x0000,0x0000,0x0000,0x0000,0x0000,0x0000,0x0000,0x0000,
0x0000,0x0000,0x0000,0x0000,0x0000,0x0000,0x0000,0x0000,0x0000,0x0000,0x0000,0x0000,0xa200,0xf380,0xc9c0,0xb9c0,
0x9960,0x88a0,0xa9e0,0xff93,0xf62e,0xc9c1,0xb0e0,0xb180,0xa960,0xb180,0xb180,0xa960,0xa940,0xd280,0xaa80,0x78a0,
0x8980,0xb9a0,0xfbe0,0x8980,0x0000,0x0000,0x0000,0x0000,0x0000,0x0000,0x0000,0x0000,0x0000,0x0000,0x0000,0x0000,
0x0000,0x0000,0x0000,0x0000,0x0000,0x0000,0x0000,0x0000,0x0000,0x0000,0x0000,0x0000,0x91a0,0xfbe0,0xda40,0xb9c0,
0xa980,0x9120,0x7860,0xdc82,0xd9e0,0xc120,0xb9a0,0xc1a0,0xb980,0xb180,0xb180,0xa960,0xc1a0,0xeb80,0x91a0,0x80e0,
0x9160,0xd240,0xec00,0x0000,0x0000,0x0000,0x0000,0x0000,0x0000,0x0000,0x0000,0x0000,0x0000,0x0000,0x0000,0x0000,
0x0000,0x0000,0x0000,0x0000,0x0000,0x0000,0x0000,0x0000,0x0000,0x0000,0x0000,0x0000,0x70e0,0xebe0,0xf2e0,0xca00,
0xb1a0,0xa160,0x88c0,0xdc00,0xeac0,0xc980,0xc9c0,0xc9c0,0xb9a0,0xc1c0,0xc1c0,0xb9a0,0xda60,0xdbe0,0x80e0,0x8940,
0xa140,0xf320,0xd380,0x0000,0x0000,0x0000,0x0000,0x0000,0x0000,0x0000,0x0000,0x0000,0x0000,0x0000,0x0000,0x0000,
0x0000,0x0000,0x0000,0x0000,0x0000,0x0000,0x0000,0x0000,0x0000,0x0000,0x0000,0x0000,0x0000,0xdbc0,0xfbc0,0xea80,
0xc1e0,0xb1c0,0x9120,0xc380,0xe340,0xda00,0xd1e0,0xc9c0,0xc1c0,0xda40,0xd220,0xd200,0xfb80,0xc360,0x90e0,0xa160,
0xc1e0,0xfc40,0xb2a0,0x0000,0x0000,0x0000,0x0000,0x0000,0x0000,0x0000,0x0000,0x0000,0x0000,0x0000,0x0000,0x0000,
0x0000,0x0000,0x0000,0x0000,0x0000,0x0000,0x0000,0x0000,0x0000,0x0000,0x0000,0x0000,0x0000,0xc340,0xfd20,0xfb20,
0xe280,0xd220,0xb180,0xbb20,0xd300,0xeb00,0xd1a0,0xda40,0xd200,0xd1e0,0xda40,0xe240,0xfc40,0xaa40,0xa940,0xc200,
0xe300,0xfd20,0x91a0,0x0000,0x0000,0x0000,0x0000,0x0000,0x0000,0x0000,0x0000,0x0000,0x0000,0x0000,0x0000,0x0000,
0x0000,0x0000,0x0000,0x0000,0x0000,0x0000,0x0000,0x0000,0x0000,0x0000,0x0000,0x0000,0x0000,0xa240,0xfdc0,0xfba0,
0xf300,0xda40,0xc9e0,0xc300,0xa180,0xfbc0,0xd9e0,0xeaa0,0xda40,0xda20,0xeac0,0xf2a0,0xf4c0,0x9980,0xc1c0,0xd220,
0xf3a0,0xf500,0x80e0,0x0000,0x0000,0x0000,0x0000,0x0000,0x0000,0x0000,0x0000,0x0000,0x0000,0x0000,0x0000,0x0000,
0x0000,0x0000,0x0000,0x0000,0x0000,0x0000,0x0000,0x0000,0x0000,0x0000,0x0000,0x0000,0x0000,0x7960,0xfdc0,0xfce0,
0xfb80,0xeac0,0xe280,0xcb40,0x88a0,0xebc0,0xf300,0xe280,0xe280,0xfb20,0xf2c0,0xfbc0,0xdc60,0x90a0,0xb1a0,0xc9a0,
0xeb00,0xd3c0,0x0000,0x0000,0x0000,0x0000,0x0000,0x0000,0x0000,0x0000,0x0000,0x0000,0x0000,0x0000,0x0000,0x0000,
0x0000,0x0000,0x0000,0x0000,0x0000,0x0000,0x0000,0x0000,0x0000,0x0000,0x0000,0x0000,0x0000,0x0000,0xb2a0,0xfde0,
0xfca0,0xfb40,0xf2c0,0xdbc0,0x9080,0xc2a0,0xfbc0,0xea80,0xfb40,0xfb60,0xfb20,0xfd00,0xc360,0x90a0,0xc1c0,0xd200,
0xf480,0x8940,0x0000,0x0000,0x0000,0x0000,0x0000,0x0000,0x0000,0x0000,0x0000,0x0000,0x0000,0x0000,0x0000,0x0000,
0x0000,0x0000,0x0000,0x0000,0x0000,0x0000,0x0000,0x0000,0x0000,0x0000,0x0000,0x0000,0x0000,0x0000,0x6820,0xca20,
0xe3c0,0xfcc0,0xfb80,0xe3a0,0xa920,0xa980,0xebe0,0xfb20,0xfb80,0xfb80,0xfbe0,0xfd80,0xb1c0,0xb980,0xe240,0xfbc0,
0xbaa0,0x0000,0x0000,0x0000,0x0000,0x0000,0x0000,0x0000,0x0000,0x0000,0x0000,0x0000,0x0000,0x0000,0x0000,0x0000,
0x0000,0x0000,0x0000,0x0000,0x0000,0x0000,0x0000,0x0000,0x0000,0x0000,0x0000,0x0000,0x0000,0x0000,0x0000,0x8900,
0xd220,0xcaa0,0xfd40,0xe420,0xb960,0xa940,0xdba0,0xfc20,0xfba0,0xfc20,0xfd00,0xe4e0,0xb960,0xe220,0xf300,0xdba0,
0x7060,0x0000,0x0000,0x0000,0x0000,0x0000,0x0000,0x0000,0x0000,0x0000,0x0000,0x0000,0x0000,0x0000,0x0000,0x0000,
0x0000,0x0000,0x0000,0x0000,0x0000,0x0000,0x0000,0x0000,0x0000,0x0000,0x0000,0x0000,0x0000,0x0000,0x0000,0x0000,
0xa9c0,0xda00,0xba00,0xed20,0xd220,0xc180,0xc260,0xfd80,0xfc40,0xfc60,0xfe20,0xd340,0xc960,0xea80,0xf3c0,0x8120,
0x0000,0x0000,0x0000,0x0000,0x0000,0x0000,0x0000,0x0000,0x0000,0x0000,0x0000,0x0000,0x0000,0x0000,0x0000,0x0000,
0x0000,0x0000,0x0000,0x0000,0x0000,0x0000,0x0000,0x0000,0x0000,0x0000,0x0000,0x0000,0x0000,0x0000,0x0000,0x0000,
0x0000,0xcaa0,0xd1a0,0xd340,0xeb80,0xd1a0,0xca40,0xfe80,0xfd40,0xfd00,0xfe80,0xca40,0xd9e0,0xfc00,0xaa40,0x0000,
0x0000,0x0000,0x0000,0x0000,0x0000,0x0000,0x0000,0x0000,0x0000,0x0000,0x0000,0x0000,0x0000,0x0000,0x0000,0x0000,
0x0000,0x0000,0x0000,0x0000,0x0000,0x0000,0x0000,0x0000,0x0000,0x0000,0x0000,0x0000,0x0000,0x0000,0x0000,0x0000,
0x0000,0x78c0,0xe300,0xda60,0xec40,0xe240,0xc9c0,0xf560,0xfe20,0xfdc0,0xeda1,0xda00,0xfbe0,0xd380,0x0000,0x0000,
0x0000,0x0000,0x0000,0x0000,0x0000,0x0000,0x0000,0x0000,0x0000,0x0000,0x0000,0x0000,0x0000,0x0000,0x0000,0x0000,
0x0000,0x0000,0x0000,0x0000,0x0000,0x0000,0x0000,0x0000,0x0000,0x0000,0x0000,0x0000,0x0000,0x0000,0x0000,0x0000,
0x0000,0x0000,0x9980,0xf300,0xec00,0xf380,0xd9c0,0xf540,0xfe60,0xfe81,0xec82,0xf2a0,0xf4a0,0x78e0,0x0000,0x0000,
0x0000,0x0000,0x0000,0x0000,0x0000,0x0000,0x0000,0x0000,0x0000,0x0000,0x0000,0x0000,0x0000,0x0000,0x0000,0x0000,
0x0000,0x0000,0x0000,0x0000,0x0000,0x0000,0x0000,0x0000,0x0000,0x0000,0x0000,0x0000,0x0000,0x0000,0x0000,0x0000,
0x0000,0x0000,0x0000,0xa9c0,0xfc80,0xfca0,0xea60,0xf540,0xfec0,0xfec2,0xf3a0,0xfcc0,0xa220,0x0000,0x0000,0x0000,
0x0000,0x0000,0x0000,0x0000,0x0000,0x0000,0x0000,0x0000,0x0000,0x0000,0x0000,0x0000,0x0000,0x0000,0x0000,0x0000,
0x0000,0x0000,0x0000,0x0000,0x0000,0x0000,0x0000,0x0000,0x0000,0x0000,0x0000,0x0000,0x0000,0x0000,0x0000,0x0000,
0x0000,0x0000,0x0000,0x0000,0xca80,0xfda0,0xf320,0xfd00,0xff01,0xf5c4,0xfc40,0xc340,0x0000,0x0000,0x0000,0x0000,
0x0000,0x0000,0x0000,0x0000,0x0000,0x0000,0x0000,0x0000,0x0000,0x0000,0x0000,0x0000,0x0000,0x0000,0x0000,0x0000,
0x0000,0x0000,0x0000,0x0000,0x0000,0x0000,0x0000,0x0000,0x0000,0x0000,0x0000,0x0000,0x0000,0x0000,0x0000,0x0000,
0x0000,0x0000,0x0000,0x0000,0x7880,0xece0,0xfc60,0xfd20,0xff43,0xfcc2,0xdba0,0x70c0,0x0000,0x0000,0x0000,0x0000,
0x0000,0x0000,0x0000,0x0000,0x0000,0x0000,0x0000,0x0000,0x0000,0x0000,0x0000,0x0000,0x0000,0x0000,0x0000,0x0000,
0x0000,0x0000,0x0000,0x0000,0x0000,0x0000,0x0000,0x0000,0x0000,0x0000,0x0000,0x0000,0x0000,0x0000,0x0000,0x0000,
0x0000,0x0000,0x0000,0x0000,0x0000,0x91a0,0xfd40,0xfde0,0xff66,0xfc61,0x8100,0x0000,0x0000,0x0000,0x0000,0x0000,
0x0000,0x0000,0x0000,0x0000,0x0000,0x0000,0x0000,0x0000,0x0000,0x0000,0x0000,0x0000,0x0000,0x0000,0x0000,0x0000,
0x0000,0x0000,0x0000,0x0000,0x0000,0x0000,0x0000,0x0000,0x0000,0x0000,0x0000,0x0000,0x0000,0x0000,0x0000,0x0000,
0x0000,0x0000,0x0000,0x0000,0x0000,0x0000,0xb280,0xfee4,0xfe88,0xa180,0x0000,0x0000,0x0000,0x0000,0x0000,0x0000,
0x0000,0x0000,0x0000,0x0000,0x0000,0x0000,0x0000,0x0000,0x0000,0x0000,0x0000,0x0000,0x0000,0x0000,0x0000,0x0000,
0x0000,0x0000,0x0000,0x0000,0x0000,0x0000,0x0000,0x0000,0x0000,0x0000,0x0000,0x0000,0x0000,0x0000,0x0000,0x0000,
0x0000,0x0000,0x0000,0x0000,0x0000,0x0000,0x0000,0xcbe2,0xbb22,0x0000,0x0000,0x0000,0x0000,0x0000,0x0000,0x0000,
0x0000,0x0000,0x0000,0x0000,0x0000,0x0000,0x0000,0x0000,0x0000,0x0000,0x0000,0x0000,0x0000,0x0000,0x0000,0x0000,
0x0000,0x0000,0x0000,0x0000,0x0000,0x0000,0x0000,0x0000,0x0000,0x0000,0x0000,0x0000,0x0000,0x0000,0x0000,0x0000,
0x0000,0x0000,0x0000,0x0000,0x0000,0x0000,0x0000,0x78e0,0x78a0,0x0000,0x0000,0x0000,0x0000,0x0000,0x0000,0x0000,
0x0000,0x0000,0x0000,0x0000,0x0000,0x0000,0x0000,0x0000,0x0000,0x0000,0x0000,0x0000,0x0000,0x0000,0x0000,0x0000,
0x0000,0x0000,0x0000,0x0000,0x0000,0x0000,0x0000,0x0000,0x0000,0x0000,0x0000,0x0000,0x0000,0x0000,0x0000,0x0000,
0x0000,0x0000,0x0000,0x0000,0x0000,0x0000,0x0000,0x0000,0x0000,0x0000,0x0000,0x0000,0x0000,0x0000,0x0000,0x0000,
0x0000,0x0000,0x0000,0x0000,0x0000,0x0000,0x0000,0x0000,0x0000,0x0000,0x0000,0x0000,0x0000,0x0000,0x0000,0x0000,
0x0000,0x0000,0x0000,0x0000,0x0000,0x0000,0x0000,0x0000,0x0000,0x0000,0x0000,0x0000,0x0000,0x0000,0x0000,0x0000,
0x0000,0x0000,0x0000,0x0000,0x0000,0x0000,0x0000,0x0000,0x0000,0x0000,0x0000,0x0000,0x0000,0x0000,0x0000,0x0000,
0x0000,0x0000,0x0000,0x0000,0x0000,0x0000,0x0000,0x0000,0x0000,0x0000,0x0000,0x0000,0x0000,0x0000,0x0000,0x0000,
},
{
0x0000,0x0000,0x0000,0x0000,0x0000,0x0000,0x0000,0x0000,0x0000,0x0000,0x0000,0x0000,0x0000,0x0000,0x0000,0x0000,
0x0000,0x0000,0x0000,0x0000,0x0000,0x0000,0x0000,0x0000,0x0000,0x0000,0x0000,0x0000,0x0000,0x0000,0x0000,0x0000,
0x0000,0x0000,0x0000,0x0000,0x0000,0x0000,0x0000,0x0000,0x0000,0x0000,0x0000,0x0000,0x0000,0x0000,0x0000,0x0000,
0x0000,0x0000,0x0000,0x0000,0x0000,0x0000,0x0000,0x0000,0x0000,0x0000,0x0000,0x0000,0x0000,0x0000,0x0000,0x0000,
0x0000,0x0000,0x0000,0x0000,0x0000,0x0000,0x0000,0x0000,0x0000,0x0000,0x0000,0x0000,0x0000,0x0000,0x0000,0x0000,
0x0000,0x0000,0x0000,0x0000,0x0000,0x0000,0x0000,0x0000,0x0000,0x0000,0x0000,0x0000,0x0000,0x0000,0x0000,0x0000,
0x0000,0x0000,0x0000,0x0000,0x0000,0x0000,0x0000,0x0000,0x0000,0x0000,0x0000,0x0000,0x0000,0x0000,0x0000,0x0000,
0x0000,0x0000,0x0000,0x0000,0x0000,0x0000,0x0000,0x0000,0x0000,0x0000,0x0000,0x0000,0x0000,0x1ddc,0x0000,0x0000,
0x0000,0x0000,0x0000,0x0000,0x0000,0x0000,0x0000,0x0000,0x0000,0x0000,0x0000,0x0000,0x0000,0x0000,0x0000,0x0000,
0x0000,0x0000,0x0000,0x0000,0x0000,0x0000,0x0000,0x0000,0x0000,0x0000,0x0000,0x0000,0x0000,0x0000,0x0000,0x0000,
0x0000,0x0000,0x0000,0x0000,0x0000,0x0000,0x0000,0x0000,0x0000,0x0000,0x0000,0x0000,0x0000,0x0d9c,0x0000,0x0000,
0x0000,0x0000,0x0000,0x0000,0x0000,0x0000,0x0000,0x0000,0x0000,0x0000,0x0000,0x0000,0x0000,0x0000,0x0000,0x0000,
0x0000,0x0000,0x0000,0x0000,0x0000,0x0000,0x0000,0x0000,0x0000,0x0000,0x0000,0x0000,0x0000,0x0000,0x0000,0x0000,
0x0000,0x0000,0x0000,0x0000,0x0000,0x0000,0x0000,0x0000,0x0000,0x0000,0x0000,0x0000,0x0000,0x0000,0x0000,0x0000,
0x0000,0x0000,0x0000,0x0000,0x0000,0x0000,0x0000,0x0000,0x0000,0x0000,0x0000,0x0000,0x0000,0x0000,0x0000,0x0000,
0x0000,0x0000,0x0000,0x0000,0x0000,0x0000,0x0000,0x0000,0x0000,0x0000,0x0000,0x0000,0x0000,0x0000,0x0000,0x0000,
0x0000,0x0000,0x0000,0x0000,0x0000,0x0000,0x0000,0x0000,0x0000,0x0000,0x0000,0x0000,0x0000,0x0000,0x0000,0x0000,
0x0000,0x0000,0x0000,0x0000,0x055c,0x0000,0x0000,0x0000,0x0000,0x0000,0x0000,0x0000,0x0000,0x0000,0x0000,0x0000,
0x0000,0x0000,0x0000,0x0000,0x0000,0x0000,0x0000,0x0000,0x0000,0x0000,0x0000,0x0000,0x0000,0x0000,0x0000,0x0000,
0x0000,0x0000,0x0000,0x0000,0x0000,0x0000,0x0000,0x0000,0x0000,0x0000,0x0000,0x0000,0x0000,0x0000,0x0000,0x0000,
0x0000,0x0000,0x0000,0x0d9d,0x0d5c,0x0000,0x0000,0x0000,0x0000,0x0000,0x0000,0x0000,0x0000,0x0000,0x0000,0x0000,
0x0000,0x0000,0x0000,0x0000,0x0000,0x0000,0x0000,0x0000,0x0000,0x0000,0x0000,0x055b,0x055c,0x0000,0x0000,0x0000,
0x0000,0x0000,0x0000,0x0000,0x1dbc,0x2e9f,0x0000,0x0000,0x0000,0x0000,0x0000,0x0000,0x0000,0x0000,0x0000,0x0000,
0x0000,0x0000,0x053c,0x05bd,0x0000,0x0000,0x0000,0x0000,0x0000,0x0000,0x0000,0x0000,0x0000,0x0000,0x0000,0x0000,
0x0000,0x0000,0x0000,0x0000,0x0000,0x0000,0x0000,0x0000,0x0000,0x0000,0x0000,0x0000,0x05de,0x0000,0x0000,0x0000,
0x0000,0x0000,0x0000,0x0000,0x0d9c,0x0e9f,0x0000,0x0000,0x0000,0x0000,0x0000,0x0000,0x0000,0x0000,0x0000,0x0000,
0x0000,0x0000,0x05bf,0x045a,0x0000,0x0000,0x0000,0x0000,0x0000,0x0000,0x0000,0x0000,0x0000,0x0000,0x0000,0x0000,
0x0000,0x0000,0x0000,0x0000,0x0000,0x0000,0x0000,0x0000,0x0000,0x0000,0x0000,0x0000,0x04da,0x0dde,0x0000,0x0000,
0x0000,0x0000,0x0000,0x0000,0x0000,0x051c,0x0000,0x0000,0x0000,0x0000,0x0000,0x0000,0x04bc,0x0000,0x0000,0x0000,
0x0000,0x059e,0x04dc,0x0000,0x0000,0x0000,0x0000,0x0000,0x0000,0x0000,0x0000,0x0000,0x0000,0x0000,0x0000,0x0000,
0x0000,0x0000,0x0000,0x0000,0x0000,0x0000,0x0000,0x0000,0x0000,0x0000,0x0000,0x0000,0x0000,0x0d9c,0x057d,0x0000,
0x0000,0x0000,0x0000,0x0000,0x0000,0x0000,0x0000,0x0000,0x0000,0x0000,0x0000,0x04dc,0x04dc,0x0000,0x0000,0x0000,
0x055d,0x0dde,0x0000,0x0000,0x0000,0x0000,0x0000,0x0000,0x0000,0x0000,0x0000,0x0000,0x0000,0x0000,0x0000,0x0000,
0x0000,0x0000,0x0000,0x0000,0x0000,0x0000,0x0000,0x0000,0x0000,0x0000,0x0000,0x0000,0x0000,0x0459,0x0e3f,0x04fc,
0x0000,0x0000,0x0000,0x0000,0x0000,0x0000,0x0000,0x0000,0x0000,0x0000,0x0000,0x051d,0x049b,0x0000,0x0000,0x04dd,
0x0e3f,0x043b,0x0000,0x0000,0x0000,0x0000,0x0000,0x0000,0x0000,0x0000,0x0000,0x0000,0x0000,0x0000,0x0000,0x0000,
0x0000,0x0000,0x0000,0x0000,0x0000,0x0000,0x0000,0x0000,0x0000,0x0000,0x0000,0x0000,0x0000,0x0000,0x049c,0x0e9f,
0x049c,0x0000,0x0000,0x0000,0x0000,0x0000,0x0000,0x04dc,0x0000,0x0000,0x04bb,0x057f,0x0000,0x0000,0x04dd,0x167f,
0x055d,0x0000,0x0000,0x0000,0x0000,0x0000,0x0000,0x0000,0x1e1e,0x0000,0x0000,0x0000,0x0000,0x0000,0x0000,0x0000,
0x0000,0x0000,0x0000,0x0000,0x0000,0x0000,0x0000,0x0000,0x0000,0x0000,0x0000,0x0000,0x0000,0x0000,0x041a,0x0dfe,
0x16bf,0x049d,0x0000,0x04fc,0x04bb,0x0000,0x0000,0x05bf,0x04dc,0x0000,0x055e,0x057e,0x043b,0x04bc,0x167f,0x165f,
0x045b,0x0000,0x0000,0x0000,0x0000,0x0000,0x0000,0x2efe,0x26bf,0x0000,0x0000,0x0000,0x0000,0x0000,0x0000,0x0000,
0x0000,0x0000,0x0000,0x0000,0x0000,0x0000,0x0000,0x0000,0x0000,0x0000,0x0000,0x0000,0x0000,0x0000,0x0000,0x04dc,
0x1eff,0x16bf,0x04dc,0x045b,0x055e,0x0000,0x04bc,0x0e7f,0x04dc,0x043b,0x0e3f,0x053e,0x04fd,0x0e3f,0x379f,0x057f,
0x0000,0x0000,0x0000,0x0000,0x0000,0x0000,0x051b,0x057c,0x0000,0x0000,0x0000,0x0000,0x0000,0x0000,0x0000,0x0000,
0x0000,0x0000,0x0000,0x0000,0x0000,0x0000,0x0000,0x0000,0x0000,0x0000,0x0000,0x0000,0x0000,0x0000,0x0000,0x047b,
0x059e,0x3fdf,0x1e9f,0x04bd,0x057e,0x053e,0x04bd,0x1eff,0x15be,0x055f,0x1ebf,0x0d7f,0x065f,0x3f7f,0x2ebf,0x049d,
0x0000,0x0000,0x0000,0x0000,0x0000,0x0000,0x0000,0x0000,0x0000,0x0000,0x0000,0x0000,0x0000,0x0000,0x0000,0x0000,
0x0000,0x0000,0x0000,0x0000,0x0000,0x0000,0x0000,0x1dbc,0x475f,0x051b,0x0000,0x0000,0x0000,0x0000,0x0000,0x0000,
0x04fd,0x26df,0x57ff,0x0e9f,0x055e,0x161f,0x059f,0x3f7f,0x2eff,0x0e7f,0x1eff,0x165f,0x377f,0x5fbf,0x05df,0x043b,
0x04fd,0x04dc,0x0000,0x0000,0x0000,0x0000,0x0000,0x0000,0x0000,0x0000,0x0000,0x0000,0x0000,0x0000,0x0000,0x0000,
0x0000,0x0000,0x0000,0x0000,0x0000,0x0000,0x0000,0x0000,0x1e9f,0x0dbd,0x0000,0x0000,0x0000,0x0000,0x0000,0x0000,
0x045b,0x065f,0x5f9f,0x5fdf,0x0ebf,0x1ebf,0x16df,0x5fdf,0x477f,0x379f,0x273f,0x275f,0x87ff,0x3f3f,0x055f,0x0dbf,
0x051d,0x0000,0x0000,0x0000,0x0000,0x0000,0x0000,0x0000,0x0000,0x0000,0x0000,0x0000,0x0000,0x0000,0x0000,0x0000,
0x0000,0x0000,0x0000,0x0000,0x0000,0x0000,0x0000,0x0000,0x0000,0x0cdb,0x0000,0x0000,0x0000,0x0000,0x0000,0x053c,
0x045b,0x0d7e,0x1f3f,0x87ff,0x5fdf,0x377f,0x275f,0x77df,0x67bf,0x47bf,0x3fbf,0x7fde,0x87de,0x16ff,0x167f,0x163f,
0x041b,0x0000,0x0000,0x04fd,0x045b,0x0000,0x0000,0x0000,0x0000,0x0000,0x0000,0x0000,0x0000,0x0000,0x0000,0x0000,
0x0000,0x0000,0x0000,0x0000,0x0000,0x0000,0x0000,0x0000,0x0000,0x0000,0x0000,0x0000,0x0000,0x0000,0x0000,0x04ba,
0x0dbe,0x161f,0x277f,0x5fdf,0xb7ff,0x5fdf,0x3f9f,0x87df,0x87ff,0x5fdf,0x77df,0xd7ff,0x4fbf,0x277f,0x271f,0x059f,
0x04dd,0x0d9e,0x05bf,0x049c,0x0000,0x0000,0x0000,0x0000,0x0000,0x0000,0x0000,0x0000,0x0000,0x0000,0x0000,0x0000,
0x0000,0x0000,0x0000,0x0000,0x0000,0x0000,0x0000,0x0000,0x0000,0x0000,0x0000,0x0000,0x0000,0x04fc,0x0cfb,0x045b,
0x04bd,0x169f,0x2f5f,0x57ff,0xbfdf,0xafff,0x57ff,0xa7df,0xa7ff,0x77ff,0xd7df,0xb7df,0x57df,0x37bf,0x173f,0x273f,
0x1f3f,0x05bf,0x045b,0x0000,0x0000,0x0000,0x0000,0x0000,0x0d9d,0x0d5c,0x0000,0x0000,0x0000,0x0000,0x0000,0x0000,
0x0000,0x0000,0x0000,0x0000,0x0000,0x0000,0x0000,0x0000,0x0000,0x0000,0x0000,0x0000,0x0000,0x04dc,0x0ddf,0x165f,
0x26bf,0x26ff,0x1f5f,0x37bf,0x7fdf,0xd7df,0xa7df,0xd7df,0xcfff,0xbfff,0xffff,0x77ff,0x4fdf,0x67df,0x5fdf,0x375f,
0x0ddf,0x047c,0x045b,0x0000,0x0000,0x0000,0x0000,0x0000,0x0000,0x0000,0x0000,0x0000,0x0000,0x0000,0x0000,0x0000,
0x0000,0x0000,0x0000,0x0000,0x0000,0x0000,0x0000,0x0000,0x0000,0x0000,0x0000,0x0000,0x0000,0x0000,0x049c,0x053e,
0x26bf,0x3fbf,0x4fdf,0x6fdf,0x7fdf,0xb7df,0xffff,0xefff,0xefff,0xffff,0xcfff,0x8fdf,0xa7ff,0x87df,0x3f7f,0x169f,
0x15df,0x051e,0x047c,0x0000,0x0000,0x0000,0x0000,0x0000,0x0000,0x0000,0x0000,0x0000,0x0000,0x0000,0x0000,0x0000,
0x0000,0x0000,0x0000,0x0000,0x0000,0x0000,0x0000,0x0000,0x0000,0x0000,0x0000,0x0000,0x0000,0x0000,0x043b,0x04fe,
0x061f,0x0edf,0x277f,0x6fdf,0xb7ff,0xc7ff,0xf7ff,0xffff,0xfffe,0xfffe,0xd7ff,0xcfff,0x8fff,0x3fbf,0x277f,0x173f,
0x065f,0x053e,0x049d,0x045b,0x041b,0x0000,0x0000,0x0000,0x0000,0x0000,0x0000,0x0000,0x0000,0x0000,0x0000,0x0000,
0x0000,0x0000,0x0000,0x0000,0x0000,0x0000,0x0000,0x0000,0x0000,0x0000,0x0000,0x04dc,0x051c,0x0d5d,0x161f,0x26ff,
0x3f7f,0x57bf,0x7fdf,0xafff,0xbfdf,0xefdf,0xffff,0xfffe,0xfffe,0xffff,0xffff,0xc7ff,0xb7ff,0xafff,0x8fff,0x6fff,
0x47bf,0x2f7f,0x1edf,0x163f,0x05bf,0x055f,0x04bd,0x047c,0x045b,0x0000,0x0000,0x0000,0x0000,0x0000,0x0000,0x0000,
0x0000,0x0000,0x0000,0x0000,0x0000,0x1e3d,0x161d,0x0000,0x0000,0x0000,0x0000,0x0000,0x04fc,0x0d7d,0x0e1f,0x26bf,
0x4f5f,0x67bf,0x97df,0xafff,0xd7ff,0xe7df,0xfffe,0xfffe,0xfffe,0xffff,0xf7df,0xcfdf,0xc7df,0x9fdf,0x77df,0x5f7f,
0x36df,0x1e7f,0x0ddf,0x057f,0x04bd,0x045c,0x0000,0x0000,0x0000,0x0000,0x0000,0x0000,0x0000,0x0000,0x0000,0x0000,
0x0000,0x0000,0x0000,0x0000,0x0000,0x0000,0x0000,0x0000,0x0000,0x0000,0x0000,0x0000,0x0000,0x0000,0x047c,0x04fe,
0x0e5f,0x273f,0x4fbf,0x87ff,0x87ff,0xb7ff,0xffff,0xffff,0xffff,0xffff,0xefff,0xafdf,0x5fdf,0x3fbf,0x37bf,0x1ebf,
0x055f,0x047d,0x03fb,0x03fa,0x0000,0x0000,0x0000,0x0000,0x0000,0x0000,0x0000,0x0000,0x0000,0x0000,0x0000,0x0000,
0x0000,0x0000,0x0000,0x0000,0x0000,0x0000,0x0000,0x0000,0x0000,0x0000,0x0000,0x0000,0x0000,0x0000,0x051e,0x1e5f,
0x3f9f,0x67df,0x7fdf,0x6fdf,0x9fdf,0xffff,0xdfff,0xefff,0xf7ff,0xf7de,0xcfde,0xcfff,0xafff,0x67df,0x379f,0x2f1f,
0x265f,0x0d9f,0x049c,0x0000,0x0000,0x0000,0x0000,0x0000,0x0000,0x0000,0x0000,0x0000,0x0000,0x0000,0x0000,0x0000,
0x0000,0x0000,0x0000,0x0000,0x0000,0x0000,0x0000,0x0000,0x0000,0x0000,0x0000,0x0000,0x049b,0x0dbf,0x1edf,0x2f5f,
0x2eff,0x271f,0x275f,0x6fdf,0xcfff,0xbfdf,0x87df,0xe7df,0xcfdf,0xb7df,0xd7ff,0x77df,0x87df,0x8fdf,0x5fdf,0x0ebf,
0x055f,0x045c,0x049c,0x0000,0x0000,0x0000,0x0000,0x0000,0x159d,0x2ede,0x055d,0x0000,0x0000,0x0000,0x0000,0x0000,
0x0000,0x0000,0x0000,0x0000,0x0000,0x0000,0x0000,0x0000,0x0000,0x0000,0x0000,0x04dc,0x053e,0x0d3d,0x055d,0x053d,
0x059e,0x171f,0x67df,0x97df,0x6fbf,0x7fdf,0x7fdf,0xbfdf,0xafdf,0x5fdf,0xcfff,0xa7df,0x3fbf,0x2f9f,0x4fbf,0x47df,
0x1ebf,0x04de,0x0000,0x0000,0x0000,0x0000,0x0000,0x0000,0x0cfb,0x0ebe,0x057c,0x0000,0x0000,0x0000,0x0000,0x0000,
0x0000,0x0000,0x0000,0x0000,0x0000,0x0000,0x0000,0x0000,0x0000,0x0000,0x0000,0x0000,0x0000,0x0000,0x043a,0x04dd,
0x16bf,0x57bf,0x77df,0x2f3f,0x3f5f,0x7fdf,0x4fbf,0xbfdf,0x87ff,0x3fdf,0x7fdf,0xb7ff,0x479f,0x2f7f,0x0ebf,0x0e3f,
0x26ff,0x169f,0x04fd,0x0000,0x0000,0x0000,0x0000,0x0000,0x0000,0x0000,0x0000,0x0000,0x0000,0x0000,0x0000,0x0000,
0x0000,0x0000,0x0000,0x0000,0x0000,0x0000,0x0000,0x0000,0x0000,0x0000,0x0000,0x0000,0x0000,0x0000,0x047b,0x0e5f,
0x47bf,0x373f,0x1eff,0x169f,0x57bf,0x4f9f,0x3f7f,0xa7ff,0x5fdf,0x375f,0x379f,0x8fff,0x5f9f,0x1f3f,0x26df,0x053f,
0x047c,0x04dc,0x053d,0x04dc,0x0000,0x0000,0x0000,0x0000,0x0000,0x0000,0x0000,0x0000,0x0000,0x0000,0x0000,0x0000,
0x0000,0x0000,0x0000,0x0000,0x0000,0x0000,0x0000,0x0000,0x0000,0x0000,0x0000,0x0000,0x0000,0x045a,0x05df,0x275f,
0x165e,0x05fe,0x0ddf,0x269f,0x3fbf,0x1ebf,0x375f,0x77ff,0x2f5f,0x271f,0x1edf,0x4fbf,0x7fff,0x1edf,0x0d9f,0x0dff,
0x045b,0x0000,0x0000,0x045a,0x047b,0x0000,0x0000,0x0000,0x0000,0x0000,0x0000,0x0000,0x0000,0x0000,0x0000,0x0000,
0x0000,0x0000,0x0000,0x0000,0x0000,0x0000,0x0000,0x0000,0x0000,0x0000,0x0000,0x0000,0x0000,0x053d,0x1edf,0x0d9e,
0x04bd,0x047c,0x049d,0x271f,0x163f,0x15bf,0x2f1f,0x57ff,0x165f,0x1e7f,0x15ff,0x1ebf,0x67ff,0x373f,0x051e,0x04de,
0x055e,0x0000,0x0000,0x0000,0x0000,0x0000,0x0000,0x0000,0x0000,0x0000,0x0000,0x0000,0x0000,0x0000,0x0000,0x0000,
0x0000,0x0000,0x0000,0x0000,0x0000,0x0000,0x0000,0x0000,0x0000,0x0000,0x0000,0x0000,0x04db,0x0e7f,0x055e,0x041b,
0x0000,0x0000,0x0d3d,0x169f,0x0d1e,0x0d7f,0x269f,0x2f7f,0x0d7f,0x0ddf,0x0d3e,0x055f,0x2f3f,0x47bf,0x059f,0x043c,
0x04fd,0x04bc,0x0000,0x0000,0x0000,0x0000,0x0000,0x0000,0x0000,0x0000,0x0000,0x0000,0x0000,0x0000,0x0000,0x0000,
0x0000,0x0000,0x0000,0x0000,0x0000,0x0000,0x0000,0x0000,0x0000,0x0000,0x0000,0x04ba,0x061e,0x04fc,0x041a,0x0000,
0x0000,0x0000,0x05ff,0x04bc,0x047c,0x047d,0x163e,0x16ff,0x04de,0x04de,0x04dd,0x043b,0x05bf,0x3f9f,0x165f,0x047c,
0x0000,0x0000,0x0000,0x0000,0x0000,0x0000,0x0000,0x0000,0x0000,0x0000,0x0000,0x0000,0x0000,0x0000,0x0000,0x0000,
0x0000,0x0000,0x0000,0x0000,0x0000,0x0000,0x0000,0x0000,0x0000,0x0000,0x053b,0x0e5e,0x047a,0x0000,0x0000,0x0000,
0x0000,0x051c,0x051d,0x0000,0x045c,0x043c,0x05be,0x05ff,0x043c,0x047b,0x049b,0x0000,0x049c,0x0e1f,0x1f1f,0x04de,
0x0000,0x0000,0x0000,0x0000,0x0000,0x0000,0x25fe,0x0000,0x0000,0x0000,0x0000,0x0000,0x0000,0x0000,0x0000,0x0000,
0x0000,0x0000,0x0000,0x0000,0x0000,0x0000,0x0000,0x0000,0x0000,0x04da,0x0dfd,0x0000,0x0000,0x0000,0x0000,0x0000,
0x0000,0x04dc,0x0000,0x0000,0x0000,0x0000,0x055d,0x053e,0x0000,0x0000,0x045b,0x0000,0x0000,0x04bd,0x0e9f,0x05bf,
0x0000,0x0000,0x0000,0x0000,0x0000,0x0000,0x369e,0x36de,0x0000,0x0000,0x0000,0x0000,0x0000,0x0000,0x0000,0x0000,
0x0000,0x0000,0x0000,0x0000,0x0000,0x0000,0x0000,0x0000,0x0000,0x055c,0x0000,0x0000,0x0000,0x0000,0x0000,0x0000,
0x0000,0x0000,0x0000,0x0000,0x0000,0x0000,0x04fc,0x04bc,0x0000,0x0000,0x0000,0x0000,0x0000,0x0000,0x051d,0x063f,
0x047c,0x0000,0x0000,0x0000,0x0000,0x0000,0x04fb,0x065f,0x051c,0x0000,0x0000,0x0000,0x0000,0x0000,0x0000,0x0000,
0x0000,0x0000,0x0000,0x0000,0x0000,0x0000,0x0000,0x0000,0x0000,0x0000,0x0000,0x0000,0x0000,0x0000,0x0000,0x0000,
0x0000,0x0000,0x0000,0x0000,0x0000,0x0000,0x04bc,0x0000,0x0000,0x0000,0x0000,0x0000,0x0000,0x0000,0x03fa,0x05be,
0x053d,0x0000,0x0000,0x0000,0x0000,0x0000,0x0000,0x0000,0x0000,0x0000,0x0000,0x0000,0x0000,0x0000,0x0000,0x0000,
0x0000,0x0000,0x0000,0x0000,0x0000,0x0000,0x0000,0x0000,0x0000,0x0000,0x0000,0x0000,0x0000,0x0000,0x0000,0x0000,
0x0000,0x0000,0x0000,0x0000,0x0000,0x0000,0x045a,0x0000,0x0000,0x0000,0x0000,0x0000,0x0000,0x0000,0x0000,0x047b,
0x05be,0x045a,0x0000,0x0000,0x0000,0x0000,0x0000,0x0000,0x0000,0x0000,0x0000,0x0000,0x0000,0x0000,0x0000,0x0000,
0x0000,0x0000,0x0000,0x0000,0x0000,0x0000,0x0000,0x0000,0x0000,0x0000,0x0000,0x0000,0x0000,0x0000,0x0000,0x0000,
0x0000,0x0000,0x0000,0x0000,0x0000,0x0000,0x0000,0x0000,0x0000,0x0000,0x0000,0x0000,0x0000,0x0000,0x0000,0x0000,
0x0d9d,0x057d,0x0000,0x0000,0x0000,0x0000,0x0000,0x0000,0x0000,0x0000,0x0000,0x0000,0x0000,0x0000,0x0000,0x0000,
0x0000,0x0000,0x0000,0x0000,0x0000,0x0000,0x0000,0x0000,0x0000,0x0000,0x0000,0x0000,0x0000,0x0000,0x0000,0x0000,
0x15dc,0x0000,0x0000,0x0000,0x0000,0x0000,0x0000,0x0000,0x0000,0x0000,0x0000,0x0000,0x0000,0x0000,0x0000,0x0000,
0x0000,0x0e5f,0x0000,0x0000,0x0000,0x0000,0x0000,0x0000,0x0000,0x0000,0x0000,0x0000,0x0000,0x0000,0x0000,0x0000,
0x0000,0x0000,0x0000,0x0000,0x0000,0x0000,0x0000,0x0000,0x0000,0x0000,0x0000,0x0000,0x0000,0x0000,0x0000,0x0000,
0x0d5b,0x0000,0x0000,0x0000,0x0000,0x0000,0x0000,0x0000,0x0000,0x0000,0x0000,0x0000,0x0000,0x0000,0x0000,0x0000,
0x0000,0x051b,0x04fc,0x0000,0x0000,0x0000,0x0000,0x0000,0x0000,0x0000,0x0000,0x0000,0x0000,0x0000,0x0000,0x0000,
0x0000,0x0000,0x0000,0x0000,0x0000,0x0000,0x0000,0x0000,0x0000,0x0000,0x0000,0x0000,0x0000,0x0000,0x0000,0x0000,
0x0000,0x0000,0x0000,0x0000,0x0000,0x0000,0x0000,0x267e,0x15bc,0x0000,0x0000,0x0000,0x0000,0x0000,0x0000,0x0000,
0x0000,0x0000,0x049b,0x0000,0x0000,0x0000,0x0000,0x0000,0x0000,0x0000,0x0000,0x0000,0x0000,0x0000,0x0000,0x0000,
0x0000,0x0000,0x0000,0x0000,0x0000,0x0000,0x0000,0x0000,0x0000,0x0000,0x0000,0x0000,0x0000,0x0000,0x0000,0x0000,
0x0000,0x0000,0x0000,0x0000,0x0000,0x0000,0x0000,0x055c,0x0000,0x0000,0x0000,0x0000,0x0000,0x0000,0x0000,0x0000,
0x0000,0x0000,0x0000,0x0000,0x0000,0x0000,0x0000,0x0000,0x0000,0x0000,0x0000,0x0000,0x0000,0x0000,0x0000,0x0000,
0x0000,0x0000,0x0000,0x0000,0x0000,0x0000,0x0000,0x0000,0x0000,0x0000,0x0000,0x0000,0x0000,0x0000,0x0000,0x0000,
0x0000,0x0000,0x0000,0x0000,0x0000,0x0000,0x0000,0x0000,0x0000,0x0000,0x0000,0x0000,0x0000,0x0000,0x0000,0x0000,
0x0000,0x0000,0x0000,0x0000,0x0000,0x0000,0x0000,0x0000,0x0000,0x0000,0x0000,0x0000,0x0000,0x0000,0x0000,0x0000,
0x0000,0x0000,0x0000,0x0000,0x0000,0x0000,0x0000,0x0000,0x0000,0x0000,0x0000,0x0000,0x0000,0x0000,0x0000,0x0000,
0x0000,0x0000,0x0000,0x0000,0x0000,0x0000,0x0000,0x0000,0x0000,0x0000,0x0000,0x0000,0x0000,0x0000,0x0000,0x0000,
0x0000,0x0000,0x0000,0x0000,0x0000,0x0000,0x0000,0x0000,0x0000,0x0000,0x0000,0x0000,0x0000,0x0000,0x0000,0x0000,
},
{
0x0000,0x0000,0x0000,0x0000,0x0000,0x0000,0x0000,0x0000,0x0000,0x0000,0x0000,0x0000,0x0000,0x0000,0x0000,0x0000,
0x0000,0x0000,0x0000,0x0000,0x0000,0x0000,0x0000,0x0000,0x0000,0x0000,0x0000,0x0000,0x0000,0x0000,0x0000,0x0000,
0x0000,0x0000,0x0000,0x0000,0x0000,0x0000,0x0000,0x0000,0x0000,0x0000,0x0000,0x0000,0x0000,0x0000,0x0000,0x0000,
0x0000,0x0000,0x0000,0x0000,0x0000,0x0000,0x0000,0x0000,0x0000,0x0000,0x0000,0x0000,0x0000,0x0000,0x0000,0x0000,
0x0000,0x0000,0x0000,0x0000,0x0000,0x0000,0x0000,0x0000,0x0000,0x0000,0x0000,0x0000,0x0000,0x0000,0x0000,0x0000,
0x0000,0x0000,0x0000,0x0000,0x0000,0x0000,0x0000,0x0000,0x0000,0x0000,0x0000,0x0000,0x0000,0x0000,0x0000,0x0000,
0x0000,0x0000,0x0000,0x0000,0x0000,0x0000,0x0000,0x0000,0x0000,0x0000,0x0000,0x0000,0x0000,0x0000,0x0000,0x0000,
0x0000,0x0000,0x0000,0x0000,0x0000,0x0000,0x0000,0x0000,0x0000,0x0000,0x0000,0x0000,0x0000,0x0000,0x0000,0x0000,
0x0000,0x0000,0x0000,0x0000,0x0000,0x0000,0x0000,0x0000,0x0000,0x0000,0x0000,0x0000,0x0000,0x0000,0x0000,0x0000,
0x0000,0x0000,0x0000,0x0000,0x0000,0x0000,0x0000,0x0000,0x0000,0x0000,0x0000,0x0000,0x0000,0x0000,0x0000,0x0000,
0x0000,0x0000,0x0000,0x0000,0x0000,0x0000,0x0000,0x0000,0xcadf,0x0000,0x0000,0x0000,0x0000,0x0000,0x0000,0x0000,
0x0000,0x0000,0x0000,0x999d,0x0000,0x0000,0x0000,0x0000,0x0000,0x0000,0x0000,0x0000,0x0000,0x0000,0x0000,0x0000,
0x0000,0x0000,0x0000,0x0000,0x0000,0x0000,0x0000,0x0000,0x0000,0x0000,0x0000,0x0000,0x0000,0x0000,0x0000,0x0000,
0x0000,0x0000,0x0000,0x0000,0x0000,0x0000,0x0000,0x897c,0xd2ff,0x809c,0x0000,0x0000,0x0000,0x0000,0x0000,0x0000,
0x0000,0x0000,0x0000,0x0000,0x0000,0x0000,0x0000,0x0000,0x0000,0x0000,0x0000,0x0000,0x0000,0x0000,0x0000,0x0000,
0x0000,0x0000,0x0000,0x0000,0x0000,0x0000,0x0000,0x0000,0x0000,0x0000,0x0000,0x99bd,0x0000,0x0000,0x0000,0x0000,
0x0000,0x0000,0x0000,0x0000,0x0000,0x0000,0x0000,0x0000,0x80be,0x0000,0x0000,0x0000,0x0000,0x0000,0x0000,0x789c,
0x0000,0x0000,0x0000,0x0000,0x0000,0x0000,0x0000,0x0000,0x0000,0x0000,0x0000,0x0000,0x0000,0x0000,0x0000,0x0000,
0x0000,0x0000,0x0000,0x0000,0x0000,0x0000,0x0000,0x0000,0x0000,0x0000,0x0000,0xb29e,0xc2be,0x0000,0x0000,0x0000,
0x0000,0x0000,0x0000,0x0000,0x0000,0x0000,0x0000,0x0000,0x0000,0x0000,0x0000,0x0000,0x0000,0x0000,0x0000,0x80dd,
0x0000,0x0000,0x0000,0x0000,0x0000,0x0000,0x0000,0x0000,0x0000,0x0000,0x0000,0x0000,0x0000,0x0000,0x0000,0x0000,
0x0000,0x0000,0x0000,0x0000,0x0000,0x0000,0x0000,0x0000,0x0000,0x0000,0x0000,0x0000,0xba1f,0x995d,0x0000,0x0000,
0x0000,0x0000,0x0000,0x0000,0x0000,0x0000,0x0000,0x0000,0x0000,0x0000,0x0000,0x0000,0x0000,0x0000,0x80fe,0x78dc,
0x0000,0x0000,0x0000,0x0000,0x0000,0x0000,0x0000,0x0000,0x0000,0x0000,0x0000,0x0000,0x0000,0x0000,0x0000,0x0000,
0x0000,0x0000,0x0000,0x0000,0x0000,0x0000,0x0000,0x0000,0x0000,0x0000,0x0000,0x0000,0x0000,0x88fd,0x0000,0x0000,
0x0000,0x0000,0x0000,0x0000,0x0000,0x0000,0x0000,0x0000,0x0000,0x0000,0x0000,0x0000,0x0000,0x709c,0x90ff,0x0000,
0x0000,0x0000,0x0000,0x0000,0x0000,0x0000,0x0000,0x0000,0x0000,0x0000,0x0000,0x0000,0x0000,0x0000,0x0000,0x0000,
0x0000,0x0000,0x0000,0x0000,0x0000,0x0000,0x0000,0x0000,0x0000,0x0000,0x0000,0x0000,0x0000,0x0000,0x0000,0x0000,
0x0000,0x0000,0x0000,0x0000,0x78be,0x0000,0x0000,0x0000,0x0000,0x0000,0x0000,0x0000,0x0000,0x88fe,0x88de,0x0000,
0x0000,0x0000,0x0000,0x0000,0x0000,0x0000,0x0000,0x0000,0x0000,0x0000,0x0000,0x0000,0x0000,0x0000,0x0000,0x0000,
0x0000,0x0000,0x0000,0x0000,0x0000,0x0000,0x0000,0x0000,0x0000,0x0000,0x0000,0x0000,0x0000,0x0000,0x0000,0x0000,
0x0000,0x0000,0x0000,0x0000,0x80ff,0x0000,0x0000,0x0000,0x0000,0x0000,0x0000,0x0000,0x709c,0x997f,0x787d,0x0000,
0x0000,0x0000,0x0000,0x0000,0x0000,0x0000,0x0000,0x0000,0x0000,0x0000,0x0000,0x0000,0x0000,0x0000,0x0000,0x0000,
0x0000,0x0000,0x0000,0x0000,0x0000,0x0000,0x0000,0x0000,0x0000,0x0000,0x0000,0x0000,0x0000,0x0000,0x70bc,0x0000,
0x0000,0x0000,0x0000,0x0000,0x811e,0x80de,0x0000,0x0000,0x0000,0x707d,0x0000,0x685c,0x995e,0x995f,0x683c,0x0000,
0x0000,0x0000,0x0000,0x0000,0x0000,0x0000,0xba3f,0x0000,0x0000,0x0000,0x0000,0x0000,0x0000,0x0000,0x0000,0x0000,
0x0000,0x0000,0x0000,0x0000,0x0000,0x0000,0x0000,0x0000,0x0000,0x0000,0x0000,0x0000,0x0000,0x0000,0x78bc,0x789d,
0x0000,0x0000,0x0000,0x0000,0x80fd,0x995f,0x683c,0x0000,0x78bd,0x789d,0x0000,0x809e,0xba3f,0x90df,0x0000,0x0000,
0x0000,0x0000,0x0000,0x0000,0x0000,0x80fd,0x0000,0x0000,0x0000,0x0000,0x0000,0x0000,0x0000,0x0000,0x0000,0x0000,
0x0000,0x0000,0x0000,0x0000,0x0000,0x0000,0x0000,0x0000,0x0000,0x0000,0x0000,0x0000,0x0000,0x0000,0x0000,0x78dd,
0x80be,0x0000,0x0000,0x687b,0x78bd,0xb21f,0x789d,0x607b,0x88de,0x709d,0x705d,0xb1bf,0xc25f,0x787e,0x0000,0x0000,
0x0000,0x789c,0x78bd,0x0000,0x0000,0x0000,0x0000,0x0000,0x0000,0x0000,0x0000,0x0000,0x0000,0x0000,0x0000,0x0000,
0x0000,0x0000,0x0000,0x0000,0x0000,0x0000,0x0000,0x0000,0x0000,0x0000,0x0000,0x0000,0x0000,0x0000,0x0000,0x707c,
0xa1bf,0x80de,0x687c,0x709c,0x809e,0xca7f,0xa19f,0x789e,0x993f,0x80be,0x991f,0xdaff,0xb1bf,0x707e,0x709d,0x685c,
0x80bd,0x995f,0x707c,0x0000,0x0000,0x0000,0x0000,0x0000,0x0000,0x0000,0x0000,0x0000,0x0000,0x0000,0x0000,0x0000,
0x0000,0x0000,0x0000,0x0000,0x0000,0x0000,0x0000,0x0000,0x0000,0x0000,0x0000,0x0000,0x0000,0x78bd,0x0000,0x0000,
0x891e,0xba3f,0x787e,0x80de,0x90df,0xca9f,0xca9f,0x88ff,0xa17f,0x90df,0xc25f,0xeb5f,0x90ff,0x78de,0x707e,0x911e,
0xa9df,0x787d,0x0000,0x0000,0x0000,0x0000,0x0000,0x0000,0x0000,0x0000,0x0000,0x0000,0x0000,0x0000,0x0000,0x0000,
0x0000,0x0000,0x0000,0x0000,0x0000,0x0000,0x0000,0x0000,0x0000,0x0000,0x0000,0x0000,0x0000,0x0000,0x88ff,0x80fe,
0x601e,0xb9ff,0xba1f,0x88ff,0xa15f,0xd29f,0xebdf,0xa9bf,0xb1ff,0xb19f,0xf41f,0xdaff,0x995f,0xa15f,0xa97f,0xd2df,
0x88ff,0x603b,0x0000,0x0000,0x0000,0x0000,0x0000,0x0000,0x0000,0x0000,0x0000,0x0000,0x0000,0x0000,0x0000,0x0000,
0x0000,0x0000,0x0000,0x0000,0x0000,0x0000,0x0000,0x0000,0x0000,0x0000,0x0000,0x0000,0x0000,0x0000,0x687d,0xa1df,
0x997f,0x98ff,0xe35f,0xba1f,0xa99f,0xdadf,0xfcff,0xd2ff,0xd2df,0xdb1f,0xfc9f,0xd2bf,0xca1f,0xd21f,0xebdf,0xb1df,
0x707d,0x0000,0x0000,0x0000,0x0000,0x0000,0x0000,0x0000,0x0000,0x0000,0x0000,0x0000,0x0000,0x0000,0x0000,0x0000,
0x0000,0x0000,0x0000,0x0000,0x0000,0x0000,0xa27d,0xb2be,0x0000,0x0000,0x0000,0x0000,0x0000,0x0000,0x0000,0x707e,
0xb21f,0xc25f,0xe33f,0xf3bf,0xc1ff,0xdaff,0xfd5f,0xebff,0xdabf,0xf51f,0xfcdf,0xda7f,0xeb5f,0xfc5f,0xcadf,0x88ff,
0x709c,0x0000,0x0000,0x78bd,0x0000,0x0000,0x0000,0x0000,0x0000,0x917d,0x0000,0x0000,0x0000,0x0000,0x0000,0x0000,
0x0000,0x0000,0x0000,0x0000,0x0000,0x0000,0x899c,0xba9f,0x811d,0x0000,0x0000,0x0000,0x0000,0x709d,0x78de,0x789d,
0x807f,0xc27f,0xf3bf,0xfd3f,0xebdf,0xf39f,0xfddf,0xfd1f,0xf3ff,0xfe3f,0xfc5f,0xf43f,0xfd9f,0xeb3f,0x995f,0x80de,
0x78be,0x80de,0x80bf,0x707c,0x0000,0x0000,0x0000,0x0000,0xba3f,0x917d,0x0000,0x0000,0x0000,0x0000,0x0000,0x0000,
0x0000,0x0000,0x0000,0x0000,0x0000,0x0000,0x0000,0x0000,0x0000,0x0000,0x0000,0x0000,0x0000,0x0000,0x78bd,0x997f,
0xb21f,0xa19f,0xd25f,0xfcdf,0xfe1f,0xfbff,0xfe3f,0xfe7f,0xfd3f,0xfe3f,0xfcbf,0xfe9f,0xf49f,0xc23f,0x999f,0xa9df,
0xa19f,0x809e,0x685b,0x0000,0x0000,0x0000,0x0000,0x0000,0x0000,0x0000,0x0000,0x0000,0x0000,0x0000,0x0000,0x0000,
0x0000,0x0000,0x0000,0x0000,0x0000,0x0000,0x0000,0x0000,0x0000,0x0000,0x0000,0x0000,0x0000,0x78dd,0x78dd,0x80be,
0xba5f,0xe3bf,0xe33f,0xeb5f,0xfe9f,0xfdff,0xfe5f,0xff7f,0xfe9f,0xfebf,0xff1f,0xfd5f,0xe31f,0xcb3f,0xcb7f,0xb25f,
0x80df,0x687c,0x0000,0x0000,0x0000,0x0000,0x0000,0x0000,0x0000,0x0000,0x0000,0x0000,0x0000,0x0000,0x0000,0x0000,
0x0000,0x0000,0x0000,0x0000,0x0000,0x0000,0x0000,0x0000,0x0000,0x0000,0x0000,0x0000,0x0000,0x707c,0x80de,0x993f,
0x995f,0xca1f,0xf3ff,0xfd3f,0xfddf,0xff9f,0xff1f,0xffdf,0xff9f,0xffdf,0xfebf,0xfc9f,0xf47f,0xe3df,0xbabf,0x915f,
0x88df,0x78be,0x687d,0x685c,0x0000,0x0000,0x0000,0x0000,0x0000,0x0000,0x0000,0x0000,0x0000,0x0000,0x0000,0x0000,
0x0000,0x0000,0x0000,0x0000,0x0000,0x0000,0x0000,0x0000,0x0000,0x0000,0x0000,0x687c,0x707c,0x809e,0x88df,0xa99f,
0xca5f,0xda9f,0xeb3f,0xfcdf,0xfddf,0xff3f,0xffff,0xffdf,0xffff,0xff9f,0xfe1f,0xfdbf,0xfc7f,0xf3bf,0xdb3f,0xd29f,
0xca5f,0xb1ff,0x997f,0x913f,0x80df,0x80de,0x78dd,0x709c,0x0000,0x0000,0x0000,0x0000,0x0000,0x0000,0x0000,0x0000,
0x0000,0x0000,0x0000,0x0000,0x0000,0x0000,0x0000,0x70dd,0x78dd,0x811e,0x917f,0xa1bf,0xc25f,0xd2bf,0xe35f,0xf43f,
0xfcbf,0xfd7f,0xfe7f,0xff3f,0xff5f,0xffdf,0xffff,0xffff,0xffde,0xffff,0xffbf,0xff1f,0xfebf,0xfe5f,0xfd1f,0xfbdf,
0xe35f,0xc27f,0xa9bf,0x913f,0x80de,0x78be,0x78bd,0x0000,0x0000,0x0000,0x0000,0x0000,0x0000,0x0000,0x0000,0x0000,
0x0000,0x0000,0x0000,0x0000,0x0000,0x0000,0x0000,0x70bc,0x70bd,0x811d,0x811f,0x913f,0x997f,0xb1bf,0xc25f,0xdb5f,
0xebbf,0xf45f,0xfd3f,0xfe5f,0xfedf,0xff5f,0xffff,0xffff,0xffff,0xffbf,0xfebf,0xfddf,0xfc7f,0xeb9f,0xca7f,0xa99f,
0x90ff,0x709e,0x685d,0x683c,0x0000,0x0000,0x0000,0x0000,0x0000,0x0000,0x0000,0x0000,0x0000,0x0000,0x0000,0x0000,
0x0000,0x0000,0x0000,0x0000,0x0000,0x0000,0x0000,0x0000,0x0000,0x0000,0x0000,0x0000,0x687d,0x707d,0x80de,0x911f,
0xa97f,0xca1f,0xeb9f,0xf49f,0xfd9f,0xff5f,0xffff,0xffff,0xffbf,0xffbf,0xfddf,0xfd1f,0xf47f,0xeb9f,0xc25f,0x993f,
0x88df,0x787e,0x685c,0x0000,0x0000,0x0000,0x0000,0x0000,0x0000,0x0000,0x0000,0x0000,0x0000,0x0000,0x0000,0x0000,
0x0000,0x0000,0x0000,0x0000,0x0000,0x0000,0x0000,0x0000,0x0000,0x0000,0x0000,0x0000,0x0000,0x687c,0x80dd,0xa19f,
0xcabf,0xe3bf,0xeb9f,0xf39f,0xfe7f,0xff5f,0xfedf,0xffbf,0xfedf,0xfe9f,0xff3f,0xfcff,0xeadf,0xd29f,0xdaff,0xc29f,
0x995f,0x789d,0x789d,0x0000,0x0000,0x0000,0x0000,0x0000,0x0000,0x0000,0x0000,0x0000,0x0000,0x0000,0x0000,0x0000,
0x0000,0x0000,0x0000,0x0000,0x0000,0x0000,0x0000,0x0000,0x0000,0x0000,0x0000,0x0000,0x707c,0x80bf,0x88ff,0x995e,
0xa9df,0xa9bf,0xd27f,0xfddf,0xfdbf,0xfd3f,0xfd7f,0xff3f,0xfebf,0xfd5f,0xfd9f,0xfdff,0xfc9f,0xd25f,0xa15f,0x915f,
0x78de,0x709c,0x0000,0x0000,0x0000,0x0000,0x0000,0x915d,0xb9ff,0x0000,0x0000,0x0000,0x0000,0x0000,0x0000,0x0000,
0x0000,0x0000,0x0000,0x0000,0x0000,0x0000,0x9a1d,0x0000,0x0000,0x0000,0x0000,0x0000,0x0000,0x0000,0x603c,0x685e,
0x911f,0xca3f,0xfd1f,0xfd1f,0xfbff,0xfd3f,0xfc1f,0xfeff,0xfddf,0xfc7f,0xfc5f,0xfc3f,0xfc9f,0xfc5f,0xc21f,0x80bf,
0x709e,0x707d,0x687c,0x0000,0x0000,0x0000,0x0000,0x0000,0x915e,0x0000,0x0000,0x0000,0x0000,0x0000,0x0000,0x0000,
0x0000,0x0000,0x0000,0x0000,0x0000,0x9a1d,0xdb9f,0x90fe,0x0000,0x0000,0x0000,0x0000,0x0000,0x0000,0x687d,0x997f,
0xc23f,0xebbf,0xf47f,0xda7f,0xf43f,0xf47f,0xf39f,0xfdbf,0xfd3f,0xf3ff,0xe37f,0xf3ff,0xe33f,0xdadf,0xe33f,0xb1df,
0x707e,0x687c,0x0000,0x0000,0x0000,0x0000,0x0000,0x0000,0x0000,0x0000,0x0000,0x0000,0x0000,0x0000,0x0000,0x0000,
0x0000,0x0000,0x0000,0x0000,0x0000,0x811d,0x88dd,0x0000,0x0000,0x0000,0x0000,0x0000,0x0000,0x70bd,0x891f,0x88be,
0xb9ff,0xdb5f,0xb9ff,0xc23f,0xf43f,0xd2df,0xeb5f,0xfcff,0xf45f,0xdaff,0xd2ff,0xb2bf,0xd3bf,0x995f,0xa1bf,0xcb1f,
0xa1ff,0x707d,0x0000,0x0000,0x0000,0x0000,0x0000,0x0000,0x0000,0x0000,0x0000,0x0000,0x0000,0x0000,0x0000,0x0000,
0x0000,0x0000,0x0000,0x0000,0x0000,0x0000,0x0000,0x0000,0x0000,0x0000,0x0000,0x0000,0x70bc,0x78de,0x683c,0x891e,
0xc27f,0x911f,0x90ff,0xdb7f,0xcadf,0xba1f,0xca5f,0xf43f,0xf41f,0xba5f,0xcb1f,0x997f,0xbadf,0x999f,0x685d,0x88fe,
0xa1ff,0x915f,0x707d,0x0000,0x0000,0x0000,0x0000,0x0000,0x0000,0x0000,0x0000,0x0000,0x0000,0x0000,0x0000,0x0000,
0x0000,0x0000,0x0000,0x0000,0x0000,0x0000,0x0000,0x0000,0x0000,0x0000,0x0000,0x0000,0x0000,0x0000,0x709d,0xa1bf,
0x80de,0x683d,0x913e,0xd2ff,0xa15f,0xb1ff,0xb1bf,0xe37f,0xeb9f,0x997f,0xb29f,0x997f,0x913f,0xa1bf,0x687d,0x709c,
0x705d,0x80de,0x911f,0x709c,0x0000,0x0000,0x0000,0x0000,0x0000,0x0000,0x0000,0x0000,0x0000,0x0000,0x0000,0x0000,
0x0000,0x0000,0x0000,0x0000,0x0000,0x0000,0x0000,0x0000,0x0000,0x0000,0x0000,0x0000,0x0000,0x709c,0x891f,0x787d,
0x0000,0x605c,0xa9df,0xa9bf,0x80be,0xa19f,0x993f,0xd2df,0xdadf,0x88fe,0x895e,0x999f,0x683d,0x915f,0x891e,0x0000,
0x0000,0x0000,0x789d,0x88df,0x70bc,0x0000,0x0000,0x0000,0x0000,0x0000,0x0000,0x0000,0x0000,0x0000,0x0000,0x0000,
0x0000,0x0000,0x0000,0x0000,0x0000,0x0000,0x0000,0x0000,0x0000,0x0000,0x0000,0x0000,0x0000,0x891f,0x709c,0x0000,
0x0000,0x78dd,0xa1bf,0x707e,0x707d,0x913f,0x80be,0xc25f,0xc23f,0x80de,0x683c,0x893e,0x707d,0x683c,0x88ff,0x707d,
0x0000,0x0000,0x0000,0x0000,0x78bd,0x0000,0x0000,0x0000,0x0000,0x0000,0x0000,0x0000,0x0000,0x0000,0x0000,0x0000,
0x0000,0x0000,0x0000,0x0000,0x0000,0x0000,0x0000,0x0000,0x0000,0x0000,0x0000,0x0000,0x78dd,0x0000,0x0000,0x0000,
0x0000,0x813e,0x789e,0x0000,0x707c,0x80de,0x707e,0xa9df,0xb9ff,0x789e,0x0000,0x707c,0x707d,0x0000,0x707c,0x78bd,
0x0000,0x0000,0x0000,0x0000,0x0000,0x0000,0x0000,0x0000,0x0000,0x0000,0x0000,0x0000,0x0000,0x0000,0x0000,0x0000,
0x0000,0x0000,0x0000,0x0000,0x0000,0x0000,0x0000,0x0000,0x0000,0x0000,0x0000,0x70bc,0x0000,0x0000,0x0000,0x0000,
0x0000,0x78bd,0x0000,0x0000,0x0000,0x789d,0x603c,0x913f,0xa97f,0x685c,0x0000,0x0000,0x687c,0x0000,0x0000,0x0000,
0x70bc,0x0000,0x0000,0x0000,0x0000,0x0000,0x0000,0x0000,0x0000,0x0000,0x0000,0x0000,0x0000,0x0000,0x0000,0x0000,
0x0000,0x0000,0x0000,0x0000,0x0000,0x0000,0x0000,0x0000,0x0000,0x0000,0x0000,0x0000,0x0000,0x0000,0x0000,0x0000,
0x709c,0x0000,0x0000,0x0000,0x0000,0x709d,0x0000,0x80de,0x911f,0x605b,0x0000,0x0000,0x0000,0x0000,0x0000,0x0000,
0x0000,0x0000,0x0000,0x0000,0x0000,0x0000,0x0000,0x0000,0x0000,0x0000,0x0000,0x0000,0x0000,0x0000,0x0000,0x0000,
0x0000,0x0000,0x0000,0x0000,0x0000,0x0000,0x0000,0x0000,0x0000,0x0000,0x0000,0x0000,0x0000,0x0000,0x0000,0x0000,
0x0000,0x0000,0x0000,0x0000,0x0000,0x0000,0x0000,0x78bd,0x88ff,0x0000,0x0000,0x0000,0x0000,0x0000,0x0000,0x0000,
0x0000,0x0000,0x0000,0x0000,0x0000,0x0000,0x0000,0x0000,0x0000,0x0000,0x0000,0x0000,0x0000,0x0000,0x0000,0x0000,
0x0000,0x0000,0x0000,0x0000,0x0000,0x0000,0x0000,0x0000,0x0000,0x0000,0x0000,0x0000,0x0000,0x811d,0x0000,0x0000,
0x0000,0x0000,0x0000,0x0000,0x0000,0x0000,0x0000,0x70bc,0x88ff,0x0000,0x0000,0x0000,0x0000,0x0000,0x0000,0x0000,
0x0000,0x0000,0x0000,0x0000,0xd29f,0x88fc,0x0000,0x0000,0x0000,0x0000,0x0000,0x0000,0x0000,0x0000,0x0000,0x0000,
0x0000,0x0000,0x0000,0x0000,0x0000,0x0000,0x0000,0x0000,0x0000,0x0000,0x0000,0x0000,0x0000,0x811d,0x0000,0x0000,
0x0000,0x0000,0x0000,0x0000,0x0000,0x0000,0x0000,0x0000,0x78dd,0x0000,0x0000,0x0000,0x0000,0x0000,0x0000,0x0000,
0x0000,0x0000,0x0000,0x0000,0x997d,0x995e,0x0000,0x0000,0x0000,0x0000,0x0000,0x0000,0x0000,0x0000,0x0000,0x0000,
0x0000,0x0000,0x0000,0x0000,0x0000,0x0000,0x0000,0x0000,0x0000,0x0000,0x0000,0x0000,0x0000,0x0000,0x0000,0x0000,
0x0000,0x0000,0x0000,0x0000,0x0000,0x0000,0x0000,0x0000,0x709c,0x0000,0x0000,0x0000,0x0000,0xaa5e,0x997d,0x0000,
0x0000,0x0000,0x0000,0x0000,0x0000,0x0000,0x0000,0x0000,0x0000,0x0000,0x0000,0x0000,0x0000,0x0000,0x0000,0x0000,
0x0000,0x0000,0x0000,0x0000,0x0000,0x0000,0x0000,0x0000,0x0000,0x0000,0x0000,0x0000,0x0000,0x0000,0x0000,0xa1dc,
0x999d,0x0000,0x0000,0x0000,0x0000,0x0000,0x0000,0x0000,0x0000,0x0000,0x0000,0x0000,0x0000,0x913d,0x993d,0x0000,
0x0000,0x0000,0x0000,0x0000,0x0000,0x0000,0x0000,0x0000,0x0000,0x0000,0x0000,0x0000,0x0000,0x0000,0x0000,0x0000,
0x0000,0x0000,0x0000,0x0000,0x0000,0x0000,0x0000,0x0000,0x0000,0x0000,0x0000,0x0000,0x0000,0x0000,0x0000,0xcabf,
0x999e,0x0000,0x0000,0x0000,0x0000,0x0000,0x0000,0x0000,0x0000,0x0000,0x0000,0x0000,0x0000,0x0000,0x0000,0x0000,
0x0000,0x0000,0x0000,0x0000,0x0000,0x0000,0x0000,0x0000,0x0000,0x0000,0x0000,0x0000,0x0000,0x0000,0x0000,0x0000,
0x0000,0x0000,0x0000,0x0000,0x0000,0x0000,0x0000,0x0000,0x0000,0x0000,0x0000,0x0000,0x0000,0x0000,0x0000,0x80dd,
0x0000,0x0000,0x0000,0x0000,0x0000,0x0000,0x0000,0x0000,0x0000,0x0000,0x0000,0x0000,0x0000,0x0000,0x0000,0x0000,
0x0000,0x0000,0x0000,0x0000,0x0000,0x0000,0x0000,0x0000,0x0000,0x0000,0x0000,0x0000,0x0000,0x0000,0x0000,0x0000,
0x0000,0x0000,0x0000,0x0000,0x0000,0x0000,0x0000,0x0000,0x0000,0x0000,0x0000,0x0000,0x0000,0x0000,0x0000,0x0000,
0x0000,0x0000,0x0000,0x0000,0x0000,0x0000,0x0000,0x0000,0x0000,0x0000,0x0000,0x0000,0x0000,0x0000,0x0000,0x0000,
0x0000,0x0000,0x0000,0x0000,0x0000,0x0000,0x0000,0x0000,0x0000,0x0000,0x0000,0x0000,0x0000,0x0000,0x0000,0x0000,
0x0000,0x0000,0x0000,0x0000,0x0000,0x0000,0x0000,0x0000,0x0000,0x0000,0x0000,0x0000,0x0000,0x0000,0x0000,0x0000,
0x0000,0x0000,0x0000,0x0000,0x0000,0x0000,0x0000,0x0000,0x0000,0x0000,0x0000,0x0000,0x0000,0x0000,0x0000,0x0000,
0x0000,0x0000,0x0000,0x0000,0x0000,0x0000,0x0000,0x0000,0x0000,0x0000,0x0000,0x0000,0x0000,0x0000,0x0000,0x0000,
},
};
static const uint16_t chase_hero[128*128] = {
0x0000,0x0000,0x0000,0x0000,0x0000,0x0000,0x0000,0x0000,0x0000,0x0000,0x0000,0x0000,0x0000,0x0000,0x0000,0x0000,
0x0000,0x0000,0x0000,0x0000,0x0000,0x0000,0x0000,0x0000,0x0000,0x0000,0x0000,0x0000,0x0000,0x0000,0x0000,0x0000,
0x0000,0x0000,0x0000,0x0000,0x0000,0x0000,0x0000,0x0000,0x0000,0x0000,0x0000,0x0000,0x0000,0x0000,0x0000,0x0000,
0x0000,0x0000,0x0000,0x0000,0x0000,0x0000,0x0000,0x0000,0x0000,0x0000,0x0000,0x0000,0x0000,0x0000,0x1860,0x1860,
0x1040,0x1040,0x1040,0x1840,0x1840,0x1860,0x1860,0x1860,0x1860,0x1060,0x1040,0x0820,0x0820,0x0000,0x0000,0x0000,
0x0000,0x0000,0x0000,0x0000,0x0000,0x0000,0x0000,0x0000,0x0000,0x0000,0x0000,0x0000,0x0000,0x0000,0x0000,0x0000,
0x0000,0x0000,0x0000,0x0000,0x0000,0x0000,0x0000,0x0000,0x0000,0x0000,0x0000,0x0000,0x0000,0x0000,0x0000,0x0000,
0x0000,0x0000,0x0000,0x0000,0x0000,0x0000,0x0000,0x0000,0x0000,0x0000,0x0000,0x0000,0x0000,0x0000,0x0000,0x0000,
0x0000,0x0000,0x0000,0x0000,0x0000,0x0000,0x0000,0x0000,0x0000,0x0000,0x0000,0x0000,0x0000,0x0000,0x0000,0x0000,
0x0000,0x0000,0x0000,0x0000,0x0000,0x0000,0x0000,0x0000,0x0000,0x0000,0x0000,0x0000,0x0000,0x0000,0x0000,0x0000,
0x0000,0x0000,0x0000,0x0000,0x0000,0x0000,0x0000,0x0000,0x0000,0x0000,0x0000,0x0000,0x0000,0x0000,0x0000,0x0000,
0x0000,0x0000,0x0000,0x0000,0x0000,0x0000,0x0000,0x0000,0x1040,0x1860,0x1880,0x28c0,0x3900,0x2060,0x2080,0x28a0,
0x28a0,0x28c0,0x30c0,0x30e0,0x38e0,0x3900,0x3900,0x4120,0x4140,0x4960,0x51a1,0x5a02,0x5a22,0x4141,0x4120,0x4121,
0x28e0,0x20c0,0x1880,0x0000,0x0000,0x0000,0x0000,0x0000,0x0000,0x0000,0x0000,0x0000,0x0000,0x0000,0x0000,0x0000,
0x0000,0x0000,0x0000,0x0000,0x0000,0x0000,0x0000,0x0000,0x0000,0x0000,0x0000,0x0000,0x0000,0x0000,0x0000,0x0000,
0x0000,0x0000,0x0000,0x0000,0x0000,0x0000,0x0000,0x0000,0x0000,0x0000,0x0000,0x0000,0x0000,0x0000,0x0000,0x0000,
0x0000,0x0000,0x0000,0x0000,0x0000,0x0000,0x0000,0x0000,0x0000,0x0000,0x0000,0x0000,0x0000,0x0000,0x0000,0x0000,
0x0000,0x0000,0x0000,0x0000,0x0000,0x0000,0x0000,0x0000,0x0000,0x0000,0x0000,0x0000,0x0000,0x0000,0x0000,0x0000,
0x0000,0x0000,0x0000,0x0000,0x0000,0x0000,0x0000,0x0000,0x0000,0x0000,0x0000,0x0000,0x0000,0x0000,0x0000,0x0000,
0x0000,0x0000,0x0000,0x0000,0x30e0,0x20a0,0x28c0,0x2080,0x1840,0x1820,0x1820,0x2040,0x2860,0x5960,0x8260,0x9280,
0x8a80,0x8a60,0x8240,0x7a20,0x8240,0x8280,0x8a80,0x92c0,0x9b01,0xab81,0xd4a3,0xee26,0xf687,0xb423,0x5120,0x30a0,
0x1820,0x0800,0x0001,0x0001,0x0800,0x1860,0x1880,0x38e0,0x0000,0x0000,0x0000,0x0000,0x0000,0x0000,0x0000,0x0000,
0x0000,0x0000,0x0000,0x0000,0x0000,0x0000,0x0000,0x0000,0x0000,0x0000,0x0000,0x0000,0x0000,0x0000,0x0000,0x0000,
0x0000,0x0000,0x0000,0x0000,0x0000,0x0000,0x0000,0x0000,0x0000,0x0000,0x0000,0x0000,0x0000,0x0000,0x0000,0x0000,
0x0000,0x0000,0x0000,0x0000,0x0000,0x0000,0x0000,0x0000,0x0000,0x0000,0x0000,0x0000,0x0000,0x0000,0x0000,0x0000,
0x0000,0x0000,0x0000,0x0000,0x0000,0x0000,0x0000,0x0000,0x0000,0x0000,0x0000,0x0000,0x0000,0x0000,0x0000,0x0000,
0x0000,0x0000,0x0000,0x0000,0x0000,0x0000,0x0000,0x0000,0x0000,0x0000,0x0000,0x0000,0x0000,0x0000,0x0000,0x0000,
0x0000,0x28c0,0x28c0,0x28a0,0x1040,0x1040,0x1860,0x4940,0x9b23,0xab83,0xab62,0xb382,0xbbc2,0xc403,0xcc43,0xd464,
0xcc43,0xcc23,0xc424,0x8221,0x5900,0x5920,0x5900,0x5900,0x5100,0x6140,0x69a0,0x71e0,0x71e0,0x8200,0x8a60,0x5140,
0x59a0,0x9302,0x9b22,0x8ae2,0x7242,0x59a1,0x3901,0x1860,0x20c0,0x20c0,0x3921,0x0000,0x0000,0x0000,0x0000,0x0000,
0x0000,0x0000,0x0000,0x0000,0x0000,0x0000,0x0000,0x0000,0x0000,0x0000,0x0000,0x0000,0x0000,0x0000,0x0000,0x0000,
0x0000,0x0000,0x0000,0x0000,0x0000,0x0000,0x0000,0x0000,0x0000,0x0000,0x0000,0x0000,0x0000,0x0000,0x0000,0x0000,
0x0000,0x0000,0x0000,0x0000,0x0000,0x0000,0x0000,0x0000,0x0000,0x0000,0x0000,0x0000,0x0000,0x0000,0x0000,0x0000,
0x0000,0x0000,0x0000,0x0000,0x0000,0x0000,0x0000,0x0000,0x0000,0x0000,0x0000,0x0000,0x0000,0x0000,0x0000,0x0000,
0x0000,0x0000,0x0000,0x0000,0x0000,0x0000,0x0000,0x0000,0x0000,0x0000,0x0000,0x0000,0x0000,0x0000,0x28c0,0x1860,
0x1860,0x1020,0x1840,0x4940,0x8ac1,0x9b42,0x9b22,0xa322,0xc403,0xcc43,0xd484,0xdca4,0xdcc4,0xdce4,0xe525,0xed65,
0xf585,0xfdc6,0xfe27,0xf5e7,0xdd06,0xcc23,0xb342,0x9281,0x7180,0x50e0,0x48a0,0x48c0,0x6140,0x71a0,0x5900,0x6960,
0xbba3,0xe4e4,0xdcc4,0xd483,0xd483,0xcc43,0xc423,0x8282,0x4121,0x2060,0x0800,0x1860,0x1060,0x0000,0x0000,0x0000,
0x0000,0x0000,0x0000,0x0000,0x0000,0x0000,0x0000,0x0000,0x0000,0x0000,0x0000,0x0000,0x0000,0x0000,0x0000,0x0000,
0x0000,0x0000,0x0000,0x0000,0x0000,0x0000,0x0000,0x0000,0x0000,0x0000,0x0000,0x0000,0x0000,0x0000,0x0000,0x0000,
0x0000,0x0000,0x0000,0x0000,0x0000,0x0000,0x0000,0x0000,0x0000,0x0000,0x0000,0x0000,0x0000,0x0000,0x0000,0x0000,
0x0000,0x0000,0x0000,0x0000,0x0000,0x0000,0x0000,0x0000,0x0000,0x0000,0x0000,0x0000,0x0000,0x0000,0x0000,0x0000,
0x0000,0x0000,0x0000,0x0000,0x0000,0x0000,0x0000,0x0000,0x0000,0x0000,0x0000,0x0000,0x1040,0x1860,0x1020,0x2880,
0x69e1,0x8ac2,0x9b02,0xab62,0xab61,0xab61,0xab41,0xb3a2,0xc403,0xc403,0xd463,0xcc63,0xc423,0xc3e2,0xc402,0xdce4,
0xf585,0xed65,0xed65,0xfde6,0xfe07,0xfe07,0xfe28,0xfe89,0xfe28,0xc3e3,0x6940,0x58e0,0x3860,0x2000,0x8aa2,0xf5c6,
0xe4e4,0xd463,0xd463,0xd483,0xc422,0xbbc2,0xbba1,0xbb81,0xcc22,0xb3c3,0x61c1,0x20a0,0x0820,0x0800,0x0860,0x1880,
0x0000,0x0000,0x0000,0x0000,0x0000,0x0000,0x0000,0x0000,0x0000,0x0000,0x0000,0x0000,0x0000,0x0000,0x0000,0x0000,
0x0000,0x0000,0x0000,0x0000,0x0000,0x0000,0x0000,0x0000,0x0000,0x0000,0x0000,0x0000,0x0000,0x0000,0x0000,0x0000,
0x0000,0x0000,0x0000,0x0000,0x0000,0x0000,0x0000,0x0000,0x0000,0x0000,0x0000,0x0000,0x0000,0x0000,0x0000,0x0000,
0x0000,0x0000,0x0000,0x0000,0x0000,0x0000,0x0000,0x0000,0x0000,0x0000,0x0000,0x0000,0x0000,0x0000,0x0000,0x0000,
0x0000,0x0000,0x0000,0x0000,0x0000,0x0000,0x0000,0x0000,0x0000,0x0000,0x1880,0x1040,0x1020,0x3900,0x6a01,0x9ae2,
0xb382,0xb382,0xa321,0xa321,0xb362,0xb382,0xbbc2,0xc403,0xcc43,0xd463,0xc403,0xc402,0xcc43,0xd4a3,0xdcc4,0xed85,
0xf5c6,0xf5c5,0xed85,0xf585,0xf5a6,0xed85,0xf5e7,0xfe48,0xf606,0xf5a5,0xed66,0xedc8,0xbc25,0x92e4,0xede8,0xed85,
0xdca3,0xdca3,0xdcc4,0xdca4,0xdca4,0xd463,0xcc22,0xc3c2,0xbba1,0xbba2,0xa2e1,0xa341,0x8ac2,0x5161,0x1840,0x0800,
0x1040,0x0000,0x0000,0x0000,0x0000,0x0000,0x0000,0x0000,0x0000,0x0000,0x0000,0x0000,0x0000,0x0000,0x0000,0x0000,
0x0000,0x0000,0x0000,0x0000,0x0000,0x0000,0x0000,0x0000,0x0000,0x0000,0x0000,0x0000,0x0000,0x0000,0x0000,0x0000,
0x0000,0x0000,0x0000,0x0000,0x0000,0x0000,0x0000,0x0000,0x0000,0x0000,0x0000,0x0000,0x0000,0x0000,0x0000,0x0000,
0x0000,0x0000,0x0000,0x0000,0x0000,0x0000,0x0000,0x0000,0x0000,0x0000,0x0000,0x0000,0x0000,0x0000,0x0000,0x0000,
0x0000,0x0000,0x0000,0x0000,0x0000,0x0000,0x0000,0x0000,0x1880,0x0800,0x1860,0x4960,0x7a40,0x92c1,0x9b01,0xa321,
0xa301,0x9ae1,0xa321,0xbba2,0xd443,0xd463,0xd443,0xcc22,0xd463,0xd463,0xcc23,0xd4a4,0xe524,0xed85,0xed64,0xf5c5,
0xf5e6,0xf5c5,0xf5c5,0xf5e6,0xfe07,0xf5e6,0xfe07,0xf5e6,0xf5a5,0xf5a4,0xf5c5,0xfe26,0xfe66,0xfe67,0xf5c5,0xe4e3,
0xdcc4,0xe504,0xe504,0xe4e4,0xdcc4,0xdca3,0xdcc3,0xd483,0xcc22,0xc3e2,0xab61,0xb381,0xb361,0xab41,0x92c1,0x7241,
0x4100,0x1840,0x1040,0x3122,0x0000,0x0000,0x0000,0x0000,0x0000,0x0000,0x0000,0x0000,0x0000,0x0000,0x0000,0x0000,
0x0000,0x0000,0x0000,0x0000,0x0000,0x0000,0x0000,0x0000,0x0000,0x0000,0x0000,0x0000,0x0000,0x0000,0x0000,0x0000,
0x0000,0x0000,0x0000,0x0000,0x0000,0x0000,0x0000,0x0000,0x0000,0x0000,0x0000,0x0000,0x0000,0x0000,0x0000,0x0000,
0x0000,0x0000,0x0000,0x0000,0x0000,0x0000,0x0000,0x0000,0x0000,0x0000,0x0000,0x0000,0x0000,0x0000,0x0000,0x0000,
0x0000,0x0000,0x0000,0x0000,0x0000,0x0000,0x2080,0x1020,0x1020,0x4100,0x7a61,0x92c1,0x9280,0x92a0,0x9ac1,0xa322,
0xab41,0xab61,0xcc03,0xd463,0xd443,0xd463,0xd463,0xd443,0xd483,0xd483,0xdce4,0xed45,0xed84,0xed84,0xf5c5,0xf5e5,
0xfe26,0xfe26,0xfe27,0xfe48,0xfe48,0xfe48,0xfe48,0xfe67,0xfe67,0xfe05,0xf5a4,0xf583,0xed43,0xed64,0xed64,0xed65,
0xed45,0xe504,0xe525,0xe505,0xdcc4,0xe4c4,0xdca3,0xd4a3,0xd463,0xd463,0xcc63,0xbbe2,0xb382,0xb3a2,0xa302,0x8a81,
0x8261,0x5140,0x1860,0x1020,0x2901,0x0000,0x0000,0x0000,0x0000,0x0000,0x0000,0x0000,0x0000,0x0000,0x0000,0x0000,
0x0000,0x0000,0x0000,0x0000,0x0000,0x0000,0x0000,0x0000,0x0000,0x0000,0x0000,0x0000,0x0000,0x0000,0x0000,0x0000,
0x0000,0x0000,0x0000,0x0000,0x0000,0x0000,0x0000,0x0000,0x0000,0x0000,0x0000,0x0000,0x0000,0x0000,0x0000,0x0000,
0x0000,0x0000,0x0000,0x0000,0x0000,0x0000,0x0000,0x0000,0x0000,0x0000,0x0000,0x0000,0x0000,0x0000,0x0000,0x0000,
0x0000,0x0000,0x0000,0x0000,0x0000,0x1860,0x1820,0x4140,0x7241,0x8aa1,0x8aa1,0x8a60,0x8a80,0x8a80,0xa342,0xab62,
0xab61,0xc402,0xcc23,0xd443,0xd462,0xcc42,0xd483,0xd4a3,0xdca3,0xe504,0xed45,0xed85,0xf5c5,0xf5e5,0xf5e5,0xfe46,
0xfe87,0xfe87,0xfe67,0xfea8,0xfec9,0xfeca,0xfeea,0xfec8,0xfea8,0xfea7,0xfe46,0xfde5,0xf5c4,0xed64,0xed64,0xf585,
0xed65,0xed65,0xe545,0xed45,0xe504,0xdcc4,0xdce4,0xdca4,0xd483,0xcc43,0xc402,0xcc43,0xc423,0x8a82,0x6180,0x5120,
0x6160,0x8240,0x7a21,0x6201,0x38e0,0x1020,0x20c1,0x0000,0x0000,0x0000,0x0000,0x0000,0x0000,0x0000,0x0000,0x0000,
0x0000,0x0000,0x0000,0x0000,0x0000,0x0000,0x0000,0x0000,0x0000,0x0000,0x0000,0x0000,0x0000,0x0000,0x0000,0x0000,
0x0000,0x0000,0x0000,0x0000,0x0000,0x0000,0x0000,0x0000,0x0000,0x0000,0x0000,0x0000,0x0000,0x0000,0x0000,0x0000,
0x0000,0x0000,0x0000,0x0000,0x0000,0x0000,0x0000,0x0000,0x0000,0x0000,0x0000,0x0000,0x0000,0x0000,0x0000,0x0000,
0x0000,0x0000,0x0000,0x20a0,0x1020,0x28c0,0x6a21,0x8ac1,0x92a1,0x8a60,0x8a61,0x8a81,0x92a1,0xa322,0xb382,0xab41,
0xbba2,0xd463,0xd483,0xd4a3,0xdcc3,0xdce4,0xe504,0xe524,0xf585,0xf5c5,0xf5c5,0xf5e6,0xfe88,0xfea7,0xfe87,0xff09,
0xff4b,0xff6b,0xff0a,0xfee9,0xfea8,0xff2c,0xffaf,0xff2a,0xfee8,0xff2a,0xff09,0xfe66,0xfe25,0xfde5,0xf5c5,0xed85,
0xf5a6,0xf5a6,0xed86,0xf5a6,0xed86,0xe525,0xdcc4,0xdce4,0xd4a3,0xcc43,0xd4a3,0xc404,0x71e1,0x5960,0x71c0,0x9ac1,
0xc3e2,0xd461,0xe4c2,0xdce1,0xc442,0x7261,0x28a0,0x18a1,0x0000,0x0000,0x0000,0x0000,0x0000,0x0000,0x0000,0x0000,
0x0000,0x0000,0x0000,0x0000,0x0000,0x0000,0x0000,0x0000,0x0000,0x0000,0x0000,0x0000,0x0000,0x0000,0x0000,0x0000,
0x0000,0x0000,0x0000,0x0000,0x0000,0x0000,0x0000,0x0000,0x0000,0x0000,0x0000,0x0000,0x0000,0x0000,0x0000,0x0000,
0x0000,0x0000,0x0000,0x0000,0x0000,0x0000,0x0000,0x0000,0x0000,0x0000,0x0000,0x0000,0x0000,0x0000,0x0000,0x0000,
0x0000,0x0000,0x1040,0x1840,0x5180,0x8281,0x8aa1,0x92a0,0x92a0,0x92a1,0x9ac1,0x9ae1,0xa301,0xbbc3,0xab41,0xab21,
0xcc22,0xd442,0xd462,0xd442,0xdca3,0xed45,0xed65,0xed85,0xf5a5,0xeda4,0xf5c5,0xfec9,0xff09,0xfee8,0xff27,0xff28,
0xff69,0xff8a,0xffab,0xff8b,0xff28,0xff49,0xffad,0xff6c,0xff6b,0xff6b,0xff29,0xfe86,0xfe86,0xfec8,0xfe88,0xfe47,
0xf607,0xf5e7,0xf607,0xf5e7,0xf5e6,0xf586,0xed24,0xe4e4,0xdcc3,0xdca3,0xd4a4,0x8241,0x6120,0x9ac1,0xcbe1,0xf544,
0xfe04,0xf562,0xed42,0xdca2,0xbbc1,0x9b42,0x3941,0x0001,0x0861,0x0000,0x0000,0x0000,0x0000,0x0000,0x0000,0x0000,
0x0000,0x0000,0x0000,0x0000,0x0000,0x0000,0x0000,0x0000,0x0000,0x0000,0x0000,0x0000,0x0000,0x0000,0x0000,0x0000,
0x0000,0x0000,0x0000,0x0000,0x0000,0x0000,0x0000,0x0000,0x0000,0x0000,0x0000,0x0000,0x0000,0x0000,0x0000,0x0000,
0x0000,0x0000,0x0000,0x0000,0x0000,0x0000,0x0000,0x0000,0x0000,0x0000,0x0000,0x0000,0x0000,0x0000,0x0000,0x0000,
0x3101,0x0820,0x28c0,0x6a01,0x8a60,0x8a80,0x92a1,0x92c1,0x92c0,0x92a0,0xa2e1,0xa2e1,0xb341,0xbba2,0xc423,0xdce5,
0xed66,0xedc6,0xede7,0xf608,0xf649,0xff0c,0xff8f,0xff6e,0xff4d,0xff2b,0xff4d,0xffd0,0xffcf,0xff8c,0xff4a,0xff6b,
0xff6c,0xff8d,0xffaf,0xffb1,0xffd0,0xffab,0xff68,0xff8a,0xffab,0xff8b,0xff49,0xff28,0xfec7,0xfee8,0xff0a,0xfec9,
0xfe68,0xfe27,0xfe27,0xf5e6,0xf5a5,0xf5c6,0xfe06,0xf5a5,0xe503,0xe504,0xbbe3,0x6960,0xa2e1,0xd3e1,0xf563,0xfe24,
0xed02,0xcc21,0x69c0,0x3100,0x1840,0x1040,0x0820,0x0020,0x0020,0x0020,0x0000,0x0000,0x0000,0x0000,0x0000,0x0000,
0x0000,0x0000,0x0000,0x0000,0x0000,0x0000,0x0000,0x0000,0x0000,0x0000,0x0000,0x0000,0x0000,0x0000,0x0000,0x0000,
0x0000,0x0000,0x0000,0x0000,0x0000,0x0000,0x0000,0x0000,0x0000,0x0000,0x0000,0x0000,0x0000,0x0000,0x0000,0x0000,
0x0000,0x0000,0x0000,0x0000,0x0000,0x0000,0x0000,0x0000,0x0000,0x0000,0x0000,0x0000,0x0000,0x0000,0x0000,0x1020,
0x1020,0x4120,0x7a61,0x8a81,0x8a60,0x8a60,0x8a81,0x8a61,0x92c0,0xbba2,0xdce5,0xe526,0xed66,0xed86,0xf5e8,0xf628,
0xedc7,0xe5c7,0xe608,0xee29,0xe609,0xddc8,0xdd88,0xdd89,0xddc9,0xe5e9,0xee09,0xee4a,0xee6a,0xf6ca,0xff4d,0xffd3,
0xfff9,0xfffc,0xfffc,0xfffc,0xfffd,0xffd7,0xffb1,0xffad,0xff8a,0xffab,0xffad,0xff8b,0xff29,0xff09,0xff2a,0xfeea,
0xfe89,0xfe69,0xfe68,0xf607,0xf5a5,0xf5c5,0xfde6,0xfe27,0xf5a5,0xe504,0x9281,0x8a40,0xcbc1,0xfe27,0xf605,0xf563,
0xed01,0x71c0,0x0800,0x0020,0x0820,0x0020,0x0001,0x0001,0x0001,0x0001,0x0020,0x10a1,0x0000,0x0000,0x0000,0x0000,
0x0000,0x0000,0x0000,0x0000,0x0000,0x0000,0x0000,0x0000,0x0000,0x0000,0x0000,0x0000,0x0000,0x0000,0x0000,0x0000,
0x0000,0x0000,0x0000,0x0000,0x0000,0x0000,0x0000,0x0000,0x0000,0x0000,0x0000,0x0000,0x0000,0x0000,0x0000,0x0000,
0x0000,0x0000,0x0000,0x0000,0x0000,0x0000,0x0000,0x0000,0x0000,0x0000,0x0000,0x0000,0x0000,0x0000,0x0001,0x1040,
0x4940,0x7a41,0x92a1,0x8a81,0x8260,0x9aa1,0xb362,0xbb82,0xc3a1,0xd442,0xdcc4,0xd484,0xd463,0xcc63,0xcc43,0xab21,
0x8200,0x7180,0x7980,0x79a0,0x81a0,0x8180,0x8180,0x8180,0x89c0,0x9a20,0xa240,0xaa80,0xb2c0,0xbb20,0xc381,0xcc22,
0xd4c5,0xdd88,0xe5e9,0xee29,0xf72e,0xfff7,0xfffc,0xfff8,0xffad,0xffae,0xfff3,0xffaf,0xff8b,0xff4a,0xff2b,0xff0b,
0xff2b,0xff4c,0xfeea,0xfe68,0xfe07,0xf5c5,0xf5c5,0xf5c5,0xfdc5,0xdcc4,0x8a40,0xaaa0,0xdca4,0xff2b,0xf605,0xf523,
0xab00,0x2880,0x0020,0x0860,0x0041,0x0105,0x020b,0x02ae,0x0ace,0x0acd,0x01a9,0x0042,0x0001,0x1944,0x0000,0x0000,
0x0000,0x0000,0x0000,0x0000,0x0000,0x0000,0x0000,0x0000,0x0000,0x0000,0x0000,0x0000,0x0000,0x0000,0x0000,0x0000,
0x0000,0x0000,0x0000,0x0000,0x0000,0x0000,0x0000,0x0000,0x0000,0x0000,0x0000,0x0000,0x0000,0x0000,0x0000,0x0000,
0x0000,0x0000,0x0000,0x0000,0x0000,0x0000,0x0000,0x0000,0x0000,0x0000,0x0000,0x0000,0x0000,0x0820,0x1860,0x59a0,
0x7a41,0x7a20,0x8241,0x8a81,0x8220,0xbb82,0xece4,0xece3,0xdc62,0xb341,0x8200,0x6960,0x6980,0x79c0,0x79e0,0x71c0,
0x71c0,0x79e0,0x79e0,0x8200,0x9260,0x9ac1,0xa2e1,0xab01,0xb341,0xb321,0xaae1,0xaac1,0xb301,0xb2e1,0xb2c0,0xaa80,
0xa260,0xaa80,0xb2c0,0xbb20,0xd481,0xe627,0xe64c,0xeecf,0xff90,0xffd4,0xffd5,0xffcf,0xff8c,0xff8d,0xff8d,0xff4c,
0xff0b,0xff2b,0xff2b,0xfeea,0xfe88,0xfde6,0xfde5,0xf5a4,0xfda5,0xc3e3,0x9a80,0xc340,0xf66a,0xff2d,0xfe45,0xe4c2,
0x48e0,0x0020,0x0020,0x0062,0x01ca,0x0332,0x0478,0x0ddc,0x163d,0x165d,0x15bb,0x0c76,0x020b,0x0083,0x0882,0x0000,
0x0000,0x0000,0x0000,0x0000,0x0000,0x0000,0x0000,0x0000,0x0000,0x0000,0x0000,0x0000,0x0000,0x0000,0x0000,0x0000,
0x0000,0x0000,0x0000,0x0000,0x0000,0x0000,0x0000,0x0000,0x0000,0x0000,0x0000,0x0000,0x0000,0x0000,0x0000,0x0000,
0x0000,0x0000,0x0000,0x0000,0x0000,0x0000,0x0000,0x0000,0x0000,0x0000,0x0000,0x1040,0x0001,0x28a0,0x6a01,0x7a21,
0x7a40,0x92a1,0xab42,0xbbc2,0xb361,0x8240,0x69a0,0x6180,0x6980,0x6980,0x6980,0x6980,0x6180,0x5940,0x50e0,0x5100,
0x5100,0x5920,0x5900,0x58e0,0x6100,0x6120,0x6920,0x7160,0x8180,0x8180,0x8160,0x8180,0x91c0,0xa240,0xb2a1,0xb301,
0xb322,0xbb42,0xc342,0xc361,0xc361,0xa280,0x8180,0xa240,0xee8c,0xfff6,0xffd1,0xffce,0xffad,0xffae,0xffaf,0xffcf,
0xff8e,0xff2b,0xff2b,0xff2a,0xff09,0xfea8,0xfe26,0xfe06,0xfde6,0xab22,0x9a60,0xdc21,0xff91,0xff71,0xfea6,0xd4a3,
0x2040,0x0040,0x0020,0x0168,0x0333,0x0499,0x05bc,0x0e5d,0x371d,0x471d,0x26dd,0x0ebe,0x0dfc,0x0310,0x0022,0x0001,
0x1944,0x0000,0x0000,0x0000,0x0000,0x0000,0x0000,0x0000,0x0000,0x0000,0x0000,0x0000,0x0000,0x0000,0x0000,0x0000,
0x0000,0x0000,0x0000,0x0000,0x0000,0x0000,0x0000,0x0000,0x0000,0x0000,0x0000,0x0000,0x0000,0x0000,0x0000,0x0000,
0x0000,0x0000,0x0000,0x0000,0x0000,0x0000,0x0000,0x0000,0x0000,0x0000,0x1040,0x0800,0x4140,0x61c0,0x69c0,0x8260,
0x9ae1,0xa302,0xa322,0x92a1,0x7a00,0x5920,0x48c0,0x40c0,0x40c0,0x40e0,0x5100,0x5100,0x6140,0x79a0,0x79e0,0x71c0,
0x7180,0x8201,0xab82,0xc444,0xbc23,0xb3c3,0xb3e4,0xbc25,0xc425,0xc424,0xcc25,0xcc65,0xdc84,0xe462,0xe3e1,0xd341,
0xc2e1,0xbac0,0xc321,0xd3c1,0xd3e1,0xaac0,0x89a0,0xc3a4,0xff53,0xfff5,0xffce,0xffcd,0xffcf,0xffae,0xffae,0xffd0,
0xffaf,0xffce,0xffad,0xff6b,0xff4a,0xff09,0xfec8,0xfe88,0xfe68,0xaae2,0xaaa0,0xe503,0xffd7,0xf753,0xff4a,0xd525,
0x2060,0x0020,0x0040,0x024d,0x0438,0x059b,0x16bd,0x371d,0xb7df,0xe7ff,0xb7ff,0x4f5d,0x0ebd,0x063e,0x0394,0x0044,
0x0041,0x0000,0x0000,0x0000,0x0000,0x0000,0x0000,0x0000,0x0000,0x0000,0x0000,0x0000,0x0000,0x0000,0x0000,0x0000,
0x0000,0x0000,0x0000,0x0000,0x0000,0x0000,0x0000,0x0000,0x0000,0x0000,0x0000,0x0000,0x0000,0x0000,0x0000,0x0000,
0x0000,0x0000,0x0000,0x0000,0x0000,0x0000,0x0000,0x0000,0x0000,0x1040,0x0820,0x30e0,0x69e1,0x8aa1,0x9b02,0x9b02,
0x8a81,0x5920,0x40a0,0x40c0,0x40c0,0x5120,0x5120,0x5120,0x69a0,0x71c0,0x5920,0x69a0,0xb362,0xe544,0xfe67,0xfe87,
0xfe67,0xfe67,0xff08,0xff49,0xff49,0xff49,0xffcc,0xffee,0xffef,0xffef,0xfff0,0xfff1,0xffee,0xfec8,0xfde6,0xed24,
0xd3c1,0xcb40,0xc320,0xcb81,0xe481,0xd3e1,0x9a00,0xcc44,0xffd9,0xffda,0xffd0,0xffcd,0xffcf,0xffce,0xffce,0xffcf,
0xffae,0xffcd,0xffcc,0xffab,0xff6a,0xff29,0xff09,0xfee9,0xfea9,0xaae2,0xbb00,0xfe07,0xffda,0xf776,0xff8c,0xd546,
0x2040,0x0020,0x0041,0x026e,0x04ba,0x0e3d,0x26dd,0x77be,0xf7ff,0xffdf,0xffdf,0xdfff,0x4f3d,0x0ebd,0x0e7e,0x03d5,
0x0043,0x0882,0x0000,0x0000,0x0000,0x0000,0x0000,0x0000,0x0000,0x0000,0x0000,0x0000,0x0000,0x0000,0x0000,0x0000,
0x0000,0x0000,0x0000,0x0000,0x0000,0x0000,0x0000,0x0000,0x0000,0x0000,0x0000,0x0000,0x0000,0x0000,0x0000,0x0000,
0x0000,0x0000,0x0000,0x0000,0x0000,0x0000,0x0000,0x0000,0x1860,0x0800,0x4120,0x7a41,0x8aa1,0x8ac2,0x7a41,0x5120,
0x48e0,0x5120,0x4900,0x38a0,0x3880,0x3880,0x5920,0x8220,0xdcc3,0xfe27,0xf5c6,0xfe26,0xfec7,0xfe87,0xfe26,0xfe46,
0xfe26,0xfe05,0xfde5,0xfde5,0xfde4,0xfe25,0xfe66,0xff08,0xff2a,0xff6b,0xffae,0xffb2,0xffd4,0xffd5,0xfff7,0xfff7,
0xff95,0xffd8,0xe54a,0xa220,0xdc21,0xd3a0,0xb301,0xee6e,0xffd9,0xfffc,0xfff7,0xfff2,0xffd2,0xffd2,0xffd0,0xffcf,
0xfff0,0xffcd,0xffab,0xff8b,0xff8c,0xff4a,0xfea7,0xfec8,0xfee9,0xb302,0xbb20,0xfe68,0xfffc,0xff98,0xff6b,0xd4e5,
0x1820,0x0040,0x0040,0x022d,0x0459,0x163d,0x2f3e,0x577d,0xeffe,0xffde,0xffde,0xffff,0x8fdf,0x2f7e,0x0e5c,0x05dd,
0x02b0,0x0002,0x0882,0x0000,0x0000,0x0000,0x0000,0x0000,0x0000,0x0000,0x0000,0x0000,0x0000,0x0000,0x0000,0x0000,
0x0000,0x0000,0x0000,0x0000,0x0000,0x0000,0x0000,0x0000,0x0000,0x0000,0x0000,0x0000,0x0000,0x0000,0x0000,0x0000,
0x0000,0x0000,0x0000,0x0000,0x0000,0x0000,0x0000,0x2060,0x1020,0x4120,0x8a81,0x9b02,0x71e1,0x4900,0x38a0,0x40e0,
0x48e0,0x38a0,0x3880,0x5940,0x8a81,0xbbe3,0xdca4,0xed03,0xed23,0xed44,0xed65,0xed45,0xe524,0xed44,0xed64,0xed23,
0xed43,0xf584,0xf5c5,0xfdc4,0xfdc4,0xfde4,0xfe25,0xfec7,0xff29,0xff49,0xff4a,0xffaf,0xffd1,0xffd2,0xffd6,0xffdb,
0xfffb,0xffb6,0xdcc7,0xaa20,0xd3a0,0xbac0,0xb363,0xfff9,0xffd9,0xffd9,0xfffc,0xfffb,0xfffc,0xfffd,0xfff6,0xffcf,
0xfff0,0xffcd,0xffab,0xffab,0xffac,0xff8c,0xfee9,0xfee9,0xff2b,0xc383,0xb320,0xed64,0xff30,0xff74,0xff4c,0xe5a5,
0x2060,0x0020,0x0020,0x01ca,0x03f7,0x059b,0x169d,0x2efc,0xbffe,0xffff,0xdfff,0xa7de,0x679e,0x2f7e,0x171d,0x059b,
0x04b9,0x016a,0x0042,0x0000,0x0000,0x0000,0x0000,0x0000,0x0000,0x0000,0x0000,0x0000,0x0000,0x0000,0x0000,0x0000,
0x0000,0x0000,0x0000,0x0000,0x0000,0x0000,0x0000,0x0000,0x0000,0x0000,0x0000,0x0000,0x0000,0x0000,0x0000,0x0000,
0x0000,0x0000,0x0000,0x0000,0x0000,0x0000,0x2080,0x0800,0x4100,0x92e2,0x8281,0x5120,0x4100,0x4100,0x4100,0x38a0,
0x5120,0x5960,0x92a2,0xd4a4,0xdcc4,0xd463,0xcc22,0xc3e1,0xcbe2,0xcc02,0xcc43,0xd463,0xdca4,0xe4e4,0xe4e4,0xe4e3,
0xed44,0xfdc5,0xf5c5,0xfdc5,0xfde5,0xfde4,0xfe66,0xff29,0xff29,0xff29,0xff29,0xff8d,0xff8c,0xff27,0xff6c,0xffdc,
0xffd7,0xd482,0xc2e0,0xcb60,0xcb80,0xbac0,0xcbe2,0xffd7,0xffda,0xfff5,0xfff5,0xfffc,0xffff,0xfffd,0xffd3,0xffcf,
0xffcf,0xffd0,0xffcf,0xff8b,0xff8b,0xff8c,0xff8c,0xff8d,0xff8c,0xcc24,0xaae0,0xe4a3,0xfe69,0xffd7,0xffd4,0xf667,
0x5140,0x0001,0x0820,0x01a7,0x0394,0x04da,0x165d,0x26fc,0x5f9d,0x87dd,0x5f9d,0x2f5d,0x271e,0x1f5e,0x171d,0x059a,
0x04f9,0x03b5,0x0043,0x0041,0x0000,0x0000,0x0000,0x0000,0x0000,0x0000,0x0000,0x0000,0x0000,0x0000,0x0000,0x0000,
0x0000,0x0000,0x0000,0x0000,0x0000,0x0000,0x0000,0x0000,0x0000,0x0000,0x0000,0x0000,0x0000,0x0000,0x0000,0x0000,
0x0000,0x0000,0x0000,0x0000,0x0000,0x0000,0x2080,0x28a0,0x8282,0x69c1,0x38e0,0x30a0,0x30a0,0x3080,0x48e0,0x92c2,
0xcc44,0xc3e3,0xbba2,0xbba2,0xb361,0xab61,0xb381,0xc3e2,0xcc02,0xcc43,0xd463,0xdce4,0xed65,0xed45,0xe504,0xe524,
0xfde6,0xfde6,0xfde5,0xfde5,0xfe05,0xfe87,0xff29,0xff49,0xff69,0xff4a,0xff8c,0xffd1,0xffd2,0xff8c,0xff8e,0xfffc,
0xffd6,0xbb41,0xbae0,0xd3e0,0xc320,0xd400,0xf647,0xffd2,0xffd3,0xffcf,0xffce,0xfff4,0xfffa,0xffd3,0xffce,0xfff8,
0xfffc,0xfffa,0xfff5,0xffac,0xff6a,0xff6a,0xff6c,0xff6b,0xff4b,0xdce5,0xaac0,0xd401,0xf585,0xff91,0xffb6,0xfec9,
0xbc63,0x1040,0x0820,0x0923,0x02f0,0x0478,0x05fc,0x169c,0x271d,0x275d,0x275d,0x1f5e,0x1f3e,0x16fd,0x0ebd,0x0e5c,
0x0497,0x04fa,0x0149,0x0001,0x0000,0x0000,0x0000,0x0000,0x0000,0x0000,0x0000,0x0000,0x0000,0x0000,0x0000,0x0000,
0x0000,0x0000,0x0000,0x0000,0x0000,0x0000,0x0000,0x0000,0x0000,0x0000,0x0000,0x0000,0x0000,0x0000,0x0000,0x0000,
0x0000,0x0000,0x0000,0x0000,0x0000,0x1020,0x2080,0x6a21,0x5160,0x2880,0x1020,0x2060,0x5960,0x92a2,0xb383,0xcbe3,
0xb362,0x9ae1,0x9ae1,0xab41,0xab41,0xb381,0xbba2,0xc3e2,0xc402,0xcc02,0xdca3,0xed45,0xed65,0xed45,0xe504,0xf585,
0xfe27,0xfe06,0xfe06,0xfe06,0xfe87,0xff2b,0xff6b,0xff49,0xff6a,0xffad,0xffce,0xffd0,0xffd2,0xfff4,0xfff6,0xfff8,
0xff70,0xbae1,0xbac0,0xd3c1,0xbac0,0xdce4,0xfff1,0xffae,0xffac,0xffac,0xffcd,0xffce,0xffcf,0xffce,0xffaf,0xfffc,
0xffff,0xf7d4,0xfff4,0xffad,0xff6a,0xff6a,0xff4a,0xff09,0xff4b,0xfe69,0xb341,0xb300,0xe4a2,0xf629,0xffb4,0xfea8,
0xed84,0x30a0,0x0001,0x0820,0x00e5,0x03d4,0x04d9,0x03f6,0x0dfb,0x273e,0x271d,0x1f5e,0x171d,0x0edd,0x067c,0x0e5d,
0x0497,0x04b9,0x0312,0x0022,0x0001,0x0000,0x0000,0x0000,0x0000,0x0000,0x0000,0x0000,0x0000,0x0000,0x0000,0x0000,
0x0000,0x0000,0x0000,0x0000,0x0000,0x0000,0x0000,0x0000,0x0000,0x0000,0x0000,0x0000,0x0000,0x0000,0x0000,0x0000,
0x0000,0x0000,0x0000,0x0000,0x0820,0x0820,0x4960,0x5160,0x1840,0x1840,0x4940,0x8aa2,0xbba3,0xbba3,0xab42,0x9aa1,
0x9281,0x9ae1,0xb382,0xbba2,0xab41,0xb381,0xc403,0xbbc2,0xbbe2,0xcc23,0xdcc4,0xed24,0xed24,0xed45,0xed44,0xfde7,
0xfe27,0xfe27,0xfe26,0xfe26,0xfee9,0xff8c,0xff8c,0xffad,0xffae,0xffad,0xff8b,0xff6a,0xffab,0xffd1,0xffd9,0xfff5,
0xf688,0xb260,0xb2a0,0xcb80,0xb280,0xd4e6,0xfff5,0xff8e,0xff8b,0xffac,0xffcd,0xffcd,0xffcd,0xffae,0xffce,0xffd3,
0xffd4,0xffd0,0xffd2,0xffac,0xff8a,0xff6a,0xff4a,0xff2a,0xff4b,0xff4c,0xcc64,0xa280,0xcbc1,0xed24,0xff6e,0xf688,
0xed43,0x69e1,0x0001,0x0020,0x0020,0x01c9,0x0312,0x0334,0x053a,0x0e5c,0x0e9d,0x0ebd,0x0edd,0x0efd,0x067d,0x05dc,
0x03b5,0x0416,0x03f5,0x0063,0x0001,0x0000,0x0000,0x0000,0x0000,0x0000,0x0000,0x0000,0x0000,0x0000,0x0000,0x0000,
0x0000,0x0000,0x0000,0x0000,0x0000,0x0000,0x0000,0x0000,0x0000,0x0000,0x0000,0x0000,0x0000,0x0000,0x0000,0x0000,
0x0000,0x0000,0x0000,0x1040,0x0001,0x1860,0x3900,0x1820,0x30c0,0x7201,0xa322,0xab42,0x9ac1,0x9ae2,0x9ac2,0x9ac1,
0xa302,0xab41,0xbba3,0xab62,0xab41,0xc403,0xc403,0xbbe2,0xc3e2,0xd463,0xe4c4,0xe503,0xed44,0xe504,0xf5c6,0xfe28,
0xfe07,0xfe27,0xfe47,0xfea8,0xff0a,0xff2a,0xff4b,0xffad,0xffcd,0xff8a,0xff48,0xff49,0xff48,0xffac,0xfff8,0xfff6,
0xf5e6,0xb280,0xbaa0,0xd3a0,0xba80,0xd4e5,0xfff5,0xff8e,0xff8b,0xffab,0xffac,0xffcd,0xffad,0xffad,0xffce,0xffcd,
0xffcf,0xfff7,0xffd3,0xff6a,0xff6a,0xff4a,0xff4a,0xff4b,0xff2b,0xff6c,0xeda7,0x9a40,0xaac0,0xd422,0xfe27,0xfea9,
0xff0b,0xf648,0x61c1,0x0001,0x0840,0x0041,0x01aa,0x0478,0x04b9,0x0457,0x04b8,0x04d8,0x0519,0x057a,0x059b,0x04fa,
0x0374,0x0416,0x0394,0x0042,0x0001,0x1081,0x0000,0x0000,0x0000,0x0000,0x0000,0x0000,0x0000,0x0000,0x0000,0x0000,
0x0000,0x0000,0x0000,0x0000,0x0000,0x0000,0x0000,0x0000,0x0000,0x0000,0x0000,0x0000,0x0000,0x0000,0x0000,0x0000,
0x0000,0x0000,0x28a0,0x1040,0x0820,0x0001,0x1840,0x5140,0x7a21,0x8a81,0x8a81,0x8200,0x92a1,0x92a1,0x9ac1,0xab22,
0xab42,0xbba2,0xbba3,0x92c1,0xc3e3,0xd443,0xc3e2,0xbbc2,0xcc43,0xdcc4,0xe504,0xe503,0xe503,0xf585,0xfe48,0xfe27,
0xfe27,0xfe27,0xfe88,0xff09,0xfea7,0xfee8,0xff49,0xff28,0xff48,0xff69,0xff69,0xff49,0xff29,0xff6a,0xfff5,0xff95,
0xed44,0xcb20,0xbae0,0xd3a0,0xcb20,0xe5a6,0xfff4,0xff8d,0xff6a,0xffac,0xffac,0xffad,0xffad,0xffad,0xffae,0xffce,
0xffae,0xffaf,0xff8b,0xff6a,0xff4a,0xff4a,0xff4a,0xff2a,0xff4b,0xff2a,0xf5e7,0xa2a0,0x9a60,0xb321,0xd441,0xfeeb,
0xf772,0xf6cd,0xf668,0x51c1,0x0001,0x0840,0x0082,0x0352,0x0478,0x0374,0x02f3,0x03b5,0x03f6,0x03f6,0x03d7,0x0478,
0x0374,0x0436,0x03d5,0x0042,0x0001,0x0001,0x0000,0x0000,0x0000,0x0000,0x0000,0x0000,0x0000,0x0000,0x0000,0x0000,
0x0000,0x0000,0x0000,0x0000,0x0000,0x0000,0x0000,0x0000,0x0000,0x0000,0x0000,0x0000,0x0000,0x0000,0x0000,0x0000,
0x0000,0x0000,0x0001,0x0001,0x0001,0x2080,0x5981,0x8241,0x79e0,0x8a61,0x71c0,0x79e0,0x9ac2,0x9ac1,0x9ae2,0xab42,
0xb382,0xc3e3,0xbba2,0xb362,0xd443,0xcc22,0xc3e2,0xc403,0xd4c4,0xe524,0xe504,0xe504,0xed24,0xfdc6,0xfe06,0xfde5,
0xfe26,0xfe47,0xfe67,0xfe87,0xfe46,0xfea7,0xff2a,0xff08,0xff07,0xff29,0xff49,0xff49,0xff29,0xff08,0xfff2,0xf6d0,
0xbb00,0xd380,0xcb60,0xd3a0,0xdc41,0xff0d,0xffd2,0xff4a,0xff29,0xff8b,0xffad,0xffac,0xffac,0xffcd,0xffce,0xffce,
0xff8c,0xff8a,0xff6a,0xff4a,0xff4a,0xff4a,0xff4a,0xff4a,0xff0a,0xfec8,0xfea8,0xdd25,0x8a40,0x8a20,0xaae0,0xe524,
0xff2f,0xf70c,0xed85,0xc445,0x2901,0x0020,0x0800,0x0105,0x0331,0x0352,0x03f6,0x04fa,0x051a,0x04b9,0x0438,0x03f7,
0x0334,0x0c78,0x0b93,0x0021,0x0820,0x1860,0x0001,0x0000,0x0000,0x0000,0x0000,0x0000,0x0000,0x0000,0x0000,0x0000,
0x0000,0x0000,0x0000,0x0000,0x0000,0x0000,0x0000,0x0000,0x0000,0x0000,0x0000,0x0000,0x0000,0x0000,0x0000,0x0000,
0x0000,0x1880,0x0001,0x0820,0x4101,0x7222,0x7201,0x69c0,0x8241,0x9ae2,0x71e0,0x7a00,0x9281,0x9ae1,0xa302,0xab42,
0xbba2,0xc3e3,0xcc23,0xd442,0xd442,0xcc22,0xcc02,0xd463,0xdcc3,0xe4e3,0xed03,0xed03,0xed43,0xf5c4,0xfe47,0xfeeb,
0xff2c,0xff2c,0xff2b,0xfea8,0xfe87,0xfe46,0xfe46,0xfe87,0xff08,0xff08,0xff08,0xff28,0xff28,0xff08,0xffcf,0xf66c,
0xaa80,0xdc01,0xcb81,0xcb40,0xdc82,0xffb1,0xff8f,0xff28,0xff28,0xff4a,0xff8c,0xffad,0xffcd,0xffad,0xffce,0xffac,
0xff8b,0xff8b,0xff6a,0xff4a,0xff4a,0xff4a,0xff4a,0xff4a,0xfee8,0xfe67,0xfea7,0xf5e6,0x81a0,0x7160,0xa2c0,0xb300,
0xd483,0xfe67,0xf607,0xf606,0xb426,0x20a0,0x0001,0x0001,0x0062,0x01c9,0x0bd4,0x0477,0x04b9,0x04b9,0x0479,0x0418,
0x03b5,0x02d1,0x0127,0x0001,0x1880,0x92c3,0x2860,0x0020,0x0000,0x0000,0x0000,0x0000,0x0000,0x0000,0x0000,0x0000,
0x0000,0x0000,0x0000,0x0000,0x0000,0x0000,0x0000,0x0000,0x0000,0x0000,0x0000,0x0000,0x0000,0x0000,0x0000,0x0000,
0x2080,0x0001,0x1860,0x59c2,0x8262,0x71e1,0x61a1,0x69a0,0x92a1,0x9281,0x8241,0x8a41,0x9ac1,0x9ae1,0xa302,0xb382,
0xbba2,0xc3e2,0xcc02,0xd442,0xcc22,0xd483,0xe525,0xed65,0xe544,0xed85,0xfde5,0xfe05,0xfe26,0xfec9,0xff2c,0xff4e,
0xff6f,0xff6e,0xff8e,0xff6d,0xfeca,0xfe47,0xfe06,0xfe67,0xfee9,0xff09,0xff08,0xfee8,0xff08,0xff4a,0xffce,0xe589,
0x89a0,0xd3c1,0xd3a1,0xaa40,0xd4a4,0xffaf,0xff2a,0xff28,0xff29,0xff08,0xff4a,0xffac,0xffac,0xff8b,0xff8b,0xff8c,
0xff8c,0xff8b,0xff6a,0xff4a,0xff29,0xff29,0xff4a,0xff09,0xfe87,0xfe67,0xfe87,0xfe67,0xcc85,0x9a80,0xb340,0xb300,
0xaac0,0xd421,0xfe88,0xfe88,0xf5a6,0xdd66,0x5a22,0x0001,0x0001,0x0820,0x00a4,0x01a9,0x020c,0x024d,0x026e,0x02ae,
0x024c,0x00c5,0x0001,0x0001,0x2880,0xb342,0x69a0,0x0001,0x0000,0x0000,0x0000,0x0000,0x0000,0x0000,0x0000,0x0000,
0x0000,0x0000,0x0000,0x0000,0x0000,0x0000,0x0000,0x0000,0x0000,0x0000,0x0000,0x0000,0x0000,0x0000,0x0000,0x0000,
0x0001,0x28c1,0x6a23,0x7222,0x69e1,0x69c1,0x6180,0x7a21,0x92a1,0x8241,0x8241,0x92a1,0x9ae1,0xa301,0xa322,0xab42,
0xbba2,0xbbc2,0xc403,0xdca4,0xe4e4,0xf586,0xfe8a,0xfecb,0xfeca,0xfea9,0xe585,0xcc23,0xbba2,0xbb41,0xa280,0x8a00,
0x9240,0xa260,0xdce6,0xff8e,0xfe89,0xfe67,0xfe47,0xfe67,0xfe87,0xfee9,0xff09,0xff08,0xff29,0xff4c,0xffef,0xd507,
0x7920,0xcba1,0xc361,0x99e0,0xf62b,0xffaf,0xfee8,0xff29,0xff29,0xff29,0xff09,0xff29,0xff29,0xff49,0xff8b,0xffcd,
0xff8b,0xff6a,0xff6a,0xff4a,0xff29,0xff29,0xff4a,0xfee8,0xfe46,0xfe87,0xfe67,0xfe88,0xfee9,0xd4a3,0x81a0,0x9240,
0xc381,0xbb40,0xcbc1,0xf5c6,0xfec8,0xfe06,0xdce4,0x51a0,0x0820,0x0001,0x0001,0x0001,0x0021,0x0861,0x0862,0x0881,
0x0861,0x0861,0x0020,0x0800,0x8ac2,0xbb81,0x8200,0x1000,0x0860,0x0000,0x0000,0x0000,0x0000,0x0000,0x0000,0x0000,
0x0000,0x0000,0x0000,0x0000,0x0000,0x0000,0x0000,0x0000,0x0000,0x0000,0x0000,0x0000,0x0000,0x0000,0x0000,0x1880,
0x0001,0x4962,0x7223,0x61c1,0x69c1,0x61a1,0x69c1,0x8a82,0x8a81,0x7a21,0x8a41,0x9ae1,0xa302,0x9ae2,0xa301,0xbbc3,
0xd444,0xd4a4,0xf5c7,0xf609,0xfe08,0xed45,0xc403,0xb383,0xab62,0x9ae1,0x8a20,0x81a0,0x81a0,0x81a0,0x7960,0x6920,
0x6920,0x89a0,0xe5c8,0xff4d,0xfe69,0xfe68,0xfe68,0xfe47,0xfe67,0xfe87,0xfe87,0xfec8,0xfee9,0xff6c,0xff6b,0xdce5,
0x89a0,0xcbc1,0xbae0,0xa220,0xff51,0xffb0,0xff09,0xff29,0xff29,0xff29,0xff29,0xff09,0xff29,0xff29,0xff4a,0xff6b,
0xff08,0xff08,0xff4a,0xff4a,0xff4a,0xff4a,0xff2a,0xfea8,0xfe26,0xfe67,0xfe67,0xfe46,0xfe26,0xf5a5,0xa2c2,0x7160,
0x9220,0xbb40,0xa280,0xbb40,0xe524,0xfe27,0xf626,0xdd24,0xa382,0x6a21,0x3121,0x0001,0x0001,0x0001,0x0001,0x0001,
0x0001,0x0800,0x28a0,0x9b83,0xe585,0xb381,0x8220,0x30c0,0x0001,0x0840,0x0000,0x0000,0x0000,0x0000,0x0000,0x0000,
0x0000,0x0000,0x0000,0x0000,0x0000,0x0000,0x0000,0x0000,0x0000,0x0000,0x0000,0x0000,0x0000,0x0000,0x1020,0x0001,
0x0820,0x59a2,0x61c2,0x61c2,0x69c1,0x61a1,0x7a21,0x8a81,0x8241,0x8241,0x8a61,0x9280,0xa301,0xa301,0xbba2,0xed46,
0xe545,0xe4e4,0xdcc5,0xcc85,0xb3a3,0x9ac0,0x79e0,0x7160,0x7180,0x79a0,0x81e0,0x8a20,0x8a00,0x9240,0x81c0,0x7980,
0x7980,0x9220,0xf6cb,0xff2c,0xfe48,0xfe68,0xfe69,0xfe68,0xfe47,0xfe26,0xfe26,0xfe25,0xfe87,0xff8c,0xf667,0xd443,
0x9a20,0xcb81,0xb2c0,0xa220,0xff50,0xff8f,0xff2a,0xff2a,0xff29,0xff29,0xff09,0xff29,0xff29,0xff29,0xff08,0xff08,
0xfee8,0xfee8,0xfee8,0xff09,0xff09,0xff29,0xff4a,0xfee8,0xfe67,0xfe46,0xfe06,0xfde5,0xf5a4,0xf5c5,0xfde7,0xcc44,
0x79c0,0x9a40,0xb2e0,0x9240,0x9a60,0xcc22,0xeda5,0xfe87,0xf606,0xfe88,0xe586,0x7241,0x5181,0x51a2,0x5181,0x51c1,
0x6201,0x6a01,0x9301,0xe544,0xdd23,0xab21,0xbbc2,0x9364,0x0001,0x0020,0x0000,0x0000,0x0000,0x0000,0x0000,0x0000,
0x0000,0x0000,0x0000,0x0000,0x0000,0x0000,0x0000,0x0000,0x0000,0x0000,0x0000,0x0000,0x0000,0x0000,0x1040,0x0001,
0x3901,0x61e2,0x61c2,0x61c2,0x69c2,0x71e1,0x8261,0x8261,0x7221,0x7a21,0x8a61,0xbba2,0xcc22,0xcbe2,0xcc03,0xab62,
0x8a80,0x79e0,0x6960,0x6120,0x7160,0x81e0,0x9260,0x9a81,0x9a81,0x9280,0x9240,0x9220,0x9220,0xaac0,0xb340,0xaae0,
0x89c0,0x9a61,0xfeec,0xfeeb,0xf5a6,0xf5c6,0xfe48,0xfe68,0xfe48,0xfe47,0xfe26,0xfe05,0xfe66,0xffac,0xdd45,0xb300,
0xa280,0xbb40,0xaa60,0xa260,0xff70,0xff4d,0xfea8,0xff09,0xff09,0xff08,0xff09,0xff09,0xff29,0xff08,0xfee8,0xfee8,
0xff08,0xfee8,0xfee8,0xff08,0xfee8,0xfea7,0xfec8,0xfea7,0xfe26,0xf5e5,0xfde5,0xf5c5,0xf5a5,0xf584,0xfdc5,0xfe26,
0xcc02,0x81a0,0x81c0,0x9220,0x9260,0x9220,0xa2e1,0xc402,0xeda5,0xfec9,0xf5c5,0xf585,0xfe07,0xfe28,0xfe27,0xfe06,
0xfde5,0xfde5,0xed23,0xd482,0xdcc3,0xc423,0x9302,0x51c2,0x0001,0x0840,0x0000,0x0000,0x0000,0x0000,0x0000,0x0000,
0x0000,0x0000,0x0000,0x0000,0x0000,0x0000,0x0000,0x0000,0x0000,0x0000,0x0000,0x0000,0x0000,0x1020,0x1020,0x30c0,
0x59c2,0x61e2,0x61c2,0x61a1,0x69c1,0x8241,0x8a61,0x7a00,0x7a21,0x8220,0xb362,0xfde5,0xdd04,0x9280,0x6980,0x5120,
0x5900,0x6980,0x79e0,0x8200,0x79c0,0x7180,0x7180,0x81c0,0x9a20,0xa260,0xa280,0xa280,0x9a81,0xa2c0,0xbb40,0xc360,
0x9a20,0xb342,0xff0b,0xf648,0xf585,0xed65,0xf5c6,0xfe07,0xfe68,0xfe88,0xfe46,0xfde4,0xfe87,0xff8c,0xbc03,0x9a40,
0xaac0,0xb2e0,0xa220,0xaaa1,0xff90,0xff2d,0xfde5,0xfe67,0xfec8,0xff09,0xff08,0xff08,0xff29,0xff08,0xfee8,0xff08,
0xfee8,0xff08,0xff29,0xfee8,0xfea6,0xfea7,0xfec8,0xfea7,0xfe47,0xfde6,0xf5c5,0xf5c5,0xf5a5,0xf5a5,0xf584,0xf585,
0xfe28,0xdd05,0x81c0,0x7180,0x8200,0x9a80,0x9a80,0x9240,0xab20,0xb3a1,0xab40,0xed24,0xfde6,0xfe06,0xfe06,0xfde5,
0xfdc4,0xf583,0xf584,0xcc63,0x8a81,0x61a0,0x38e0,0x0800,0x0020,0x0000,0x0000,0x0000,0x0000,0x0000,0x0000,0x0000,
0x0000,0x0000,0x0000,0x0000,0x0000,0x0000,0x0000,0x0000,0x0000,0x0000,0x0000,0x0000,0x0000,0x0820,0x1860,0x5162,
0x61c2,0x61c2,0x69e2,0x6182,0x69c1,0x8241,0x8a81,0x9ac1,0xb382,0xc3e2,0xa2e1,0x7a21,0x5940,0x48e0,0x5100,0x6180,
0x71c0,0x79e0,0x81e0,0x81c0,0x7980,0x81a0,0x9200,0xa281,0xc3e3,0xedc8,0xf68d,0xf6f2,0xff97,0xbc67,0x9200,0xbb20,
0xa240,0xed66,0xfeeb,0xf5c6,0xfdc6,0xf5a6,0xf585,0xf5c5,0xfde6,0xfe27,0xfe06,0xfdc4,0xfe87,0xff8c,0xb3a3,0x9a40,
0xaac0,0x9a60,0x91e0,0xaac1,0xff6f,0xff0c,0xfe27,0xfe06,0xfe88,0xfee9,0xff09,0xff29,0xff29,0xff09,0xff29,0xff6a,
0xfee8,0xfee8,0xff2a,0xff29,0xff2a,0xff8b,0xff4a,0xfee8,0xfea8,0xfe06,0xf5a5,0xf584,0xfdc5,0xf5a5,0xed44,0xed44,
0xfe69,0xfe48,0xdc83,0xb362,0x79c0,0x71a0,0x81e0,0x79e0,0x71a0,0x7180,0x79c0,0xa2c1,0xab41,0xb361,0xab41,0xb341,
0xab41,0x9ac0,0x8a81,0x69c0,0x5960,0x3901,0x1880,0x0001,0x0000,0x0000,0x0000,0x0000,0x0000,0x0000,0x0000,0x0000,
0x0000,0x0000,0x0000,0x0000,0x0000,0x0000,0x0000,0x0000,0x0000,0x0000,0x0000,0x0000,0x1820,0x0800,0x3901,0x61c2,
0x59a2,0x69e3,0x6a03,0x61c2,0x69a1,0x8241,0xb382,0xdc63,0xab62,0x69e1,0x5920,0x3880,0x3880,0x5960,0x69c0,0x6160,
0x5120,0x58e0,0x6960,0x7140,0xaac0,0xfe06,0xff09,0xff0a,0xff2b,0xff2d,0xff71,0xffd8,0xffd9,0xab85,0x91e0,0xaae0,
0xa240,0xfe69,0xfec9,0xf584,0xfda5,0xf5a6,0xf5a6,0xf5a5,0xf5a5,0xf5a5,0xf5a5,0xfda4,0xfe68,0xffae,0xbbc3,0x9a20,
0xa2c0,0x9220,0x89a0,0xb301,0xff4d,0xfeaa,0xfe26,0xfe47,0xfe47,0xfea8,0xfec8,0xfec8,0xfee8,0xfea7,0xfea8,0xfee8,
0xfea7,0xfe66,0xfee9,0xffac,0xff6b,0xff4a,0xff29,0xfe87,0xfde5,0xfdc5,0xfdc5,0xf5a5,0xf5a4,0xfdc5,0xed64,0xed23,
0xed85,0xed25,0xf545,0xfda6,0xdcc4,0x8a41,0x5900,0x6140,0x6140,0x71a0,0x79e0,0x7180,0x6960,0x6960,0x6980,0x6960,
0x6160,0x5960,0x5120,0x4920,0x30c0,0x0820,0x0001,0x1060,0x0000,0x0000,0x0000,0x0000,0x0000,0x0000,0x0000,0x0000,
0x0000,0x0000,0x0000,0x0000,0x0000,0x0000,0x0000,0x0000,0x0000,0x0000,0x0000,0x0000,0x1020,0x1860,0x5182,0x69e2,
0x61c2,0x69e3,0x7202,0x7202,0x92a2,0xb342,0xa301,0x8a61,0x5120,0x3060,0x5120,0x5980,0x38c0,0x3080,0x40c0,0x6140,
0x9281,0xd4a4,0xf648,0xfe48,0xfdc6,0xf5c6,0xedc7,0xed87,0xe546,0xe504,0xed44,0xfea9,0xfeaa,0xa2a0,0x9220,0xa280,
0x9a20,0xfe48,0xfe67,0xf564,0xf585,0xf585,0xf5a5,0xf585,0xf5a5,0xf5a5,0xf5a4,0xf563,0xfe68,0xffaf,0xb383,0x89e0,
0xa2e0,0x89c0,0x9220,0xd463,0xff0c,0xfe88,0xfe06,0xfe07,0xfe27,0xfe26,0xfe26,0xfe26,0xfe26,0xfe06,0xfe05,0xfde5,
0xfe26,0xfe67,0xfec8,0xfee8,0xfea7,0xfee9,0xff4a,0xfe67,0xf5a5,0xf5a5,0xfe06,0xfde6,0xf5c5,0xf5a4,0xed64,0xed23,
0xed24,0xed45,0xed45,0xed05,0xed05,0xdca4,0xc3c2,0xcc44,0xa302,0x6120,0x58e0,0x6100,0x6960,0x71a0,0x71c0,0x69a0,
0x5960,0x5980,0x3900,0x1040,0x0001,0x1060,0x1880,0x0000,0x0000,0x0000,0x0000,0x0000,0x0000,0x0000,0x0000,0x0000,
0x0000,0x0000,0x0000,0x0000,0x0000,0x0000,0x0000,0x0000,0x0000,0x0000,0x0000,0x0820,0x0800,0x3901,0x6a02,0x69c2,
0x69e3,0x69e2,0x8263,0x9ac2,0xa302,0x71c0,0x38a0,0x3060,0x5120,0x5140,0x30a0,0x2020,0x38a0,0x6181,0x9b02,0xdcc4,
0xed05,0xed86,0xe566,0xdd05,0xdc84,0xd463,0xd463,0xd484,0xdca4,0xdca4,0xe4e4,0xfe68,0xf606,0xa280,0x8a00,0x8a00,
0x9a60,0xfe88,0xfe47,0xfda5,0xf585,0xf585,0xf585,0xf585,0xf585,0xf5a5,0xf584,0xf543,0xfe46,0xff4b,0x9281,0x81c0,
0xab00,0x7960,0xaae1,0xfe27,0xfeca,0xfe27,0xfe06,0xfe07,0xfde6,0xfe06,0xfe06,0xfe06,0xfe26,0xfe26,0xfe05,0xfde5,
0xfe26,0xfe47,0xfe87,0xfe67,0xfea7,0xfee9,0xfea8,0xfe87,0xfe26,0xf5a5,0xf5c5,0xfe26,0xfde5,0xf584,0xed44,0xed24,
0xed24,0xed45,0xed45,0xe505,0xe4e4,0xe4c3,0xe4e3,0xed04,0xdc63,0xbb62,0xab43,0xab22,0x9ac1,0x8200,0x6180,0x5960,
0x4940,0x2880,0x0820,0x0001,0x1880,0x0000,0x0000,0x0000,0x0000,0x0000,0x0000,0x0000,0x0000,0x0000,0x0000,0x0000,
0x0000,0x0000,0x0000,0x0000,0x0000,0x0000,0x0000,0x0000,0x0000,0x0000,0x0000,0x0820,0x0800,0x5162,0x7223,0x7203,
0x69c2,0x7a22,0xab24,0x92a1,0x6960,0x4080,0x2860,0x30a0,0x2860,0x2060,0x38c0,0x7a21,0xbbc3,0xe4e5,0xd484,0xcc24,
0xcc44,0xbba2,0xc3a2,0xc3c2,0xd443,0xdca4,0xdcc4,0xdcc4,0xdce4,0xd483,0xed25,0xfe69,0xed65,0x9a40,0x81e0,0x6120,
0x8201,0xfe67,0xf5e5,0xe503,0xf585,0xf585,0xf565,0xf585,0xf5a5,0xf585,0xf564,0xf543,0xf605,0xff2b,0x8a61,0x7180,
0xab00,0x6940,0x9ac1,0xfe46,0xfec9,0xf5c5,0xf5a5,0xfde6,0xfe06,0xfde6,0xfe06,0xfe27,0xfe06,0xfe06,0xfe06,0xfe06,
0xfe06,0xf5a5,0xfe06,0xfe67,0xfe47,0xfe26,0xfe46,0xfe26,0xfe27,0xfe88,0xf5e6,0xf5c5,0xfdc5,0xf5a5,0xf564,0xed23,
0xed44,0xed24,0xed45,0xed25,0xdcc4,0xdca3,0xdca4,0xe4c5,0xed46,0xfe6a,0xfeca,0xed25,0xc3a2,0x8a61,0x4920,0x30c0,
0x1040,0x0001,0x0001,0x1060,0x0000,0x0000,0x0000,0x0000,0x0000,0x0000,0x0000,0x0000,0x0000,0x0000,0x0000,0x0000,
0x0000,0x0000,0x0000,0x0000,0x0000,0x0000,0x0000,0x0000,0x0000,0x0000,0x2080,0x0820,0x2060,0x59a2,0x6a02,0x69c2,
0x7a22,0xb385,0x8a82,0x48c0,0x5940,0x5940,0x38a0,0x2860,0x38a0,0x69c1,0xab22,0xd444,0xd484,0xb382,0xa301,0xab42,
0xc3e3,0xc3e3,0xcc23,0xd464,0xd484,0xdca4,0xe4c4,0xdcc4,0xdcc4,0xdca3,0xed66,0xfeca,0xed24,0xa280,0x79a0,0x48c0,
0x92a2,0xfe06,0xe503,0xc401,0xe504,0xf585,0xed65,0xf565,0xf585,0xf565,0xed44,0xed03,0xf606,0xff4d,0x9282,0x6940,
0xa300,0x60e0,0x9aa1,0xfe46,0xfe67,0xf584,0xf564,0xf5a5,0xfdc6,0xfde6,0xfde6,0xfe07,0xfe47,0xfe26,0xfde6,0xfde6,
0xfe26,0xf544,0xf585,0xfe06,0xfe06,0xfe06,0xfe26,0xfe06,0xfe48,0xfec9,0xfde6,0xf5a5,0xfdc5,0xf5a5,0xf564,0xed23,
0xed23,0xed24,0xed24,0xe504,0xdca3,0xdca3,0xe505,0xfe08,0xfe08,0xed66,0xb322,0x81e0,0x81e0,0x4920,0x1040,0x0001,
0x0001,0x0001,0x1060,0x0000,0x0000,0x0000,0x0000,0x0000,0x0000,0x0000,0x0000,0x0000,0x0000,0x0000,0x0000,0x0000,
0x0000,0x0000,0x0000,0x0000,0x0000,0x0000,0x0000,0x0000,0x0000,0x0000,0x0800,0x0820,0x4121,0x69c2,0x69e2,0x71c2,
0x7202,0x6181,0x40c0,0x40c0,0x3080,0x3060,0x6180,0x9b02,0xc404,0xc404,0xb382,0x9ac0,0x9ae1,0xa301,0xa2e1,0xb383,
0xbbc3,0xbbe2,0xcc43,0xdca4,0xdc83,0xdca3,0xdca4,0xdca3,0xdca4,0xdc83,0xf5a6,0xfe89,0xb342,0x9a60,0x79a0,0x71c0,
0xe545,0xf5c5,0xe4e4,0xcc22,0xdce4,0xed45,0xf585,0xed65,0xf565,0xed44,0xed24,0xed03,0xf5c5,0xf627,0x8a41,0x6960,
0xa2e0,0x50a0,0x9ae2,0xfea8,0xf607,0xf564,0xf584,0xed64,0xed64,0xf585,0xed64,0xf585,0xf5c6,0xfde6,0xfe27,0xfe27,
0xfe06,0xed24,0xed24,0xf585,0xfdc5,0xfe06,0xfe27,0xfe68,0xfe88,0xfdc6,0xf585,0xfdc6,0xf584,0xf585,0xed44,0xe503,
0xe4e3,0xed23,0xed24,0xed24,0xe4c3,0xed04,0xfe06,0xfdc6,0xe4c3,0xb340,0x79c0,0x5100,0x28a0,0x0001,0x0001,0x0001,
0x0001,0x1880,0x0000,0x0000,0x0000,0x0000,0x0000,0x0000,0x0000,0x0000,0x0000,0x0000,0x0000,0x0000,0x0000,0x0000,
0x0000,0x0000,0x0000,0x0000,0x0000,0x0000,0x0000,0x0000,0x0000,0x0000,0x0820,0x1840,0x59a2,0x69e2,0x7a02,0x8222,
0x40c0,0x1800,0x3080,0x38a0,0x4900,0x7a21,0xbba3,0xdca5,0xc3e4,0x9ac1,0x92a1,0x9ae1,0x9ae1,0xa301,0xa322,0xb382,
0xbbc3,0xbbc2,0xd443,0xdca3,0xdca3,0xdca3,0xd483,0xdcc4,0xdca4,0xd463,0xf5c6,0xfe27,0x6960,0x8a00,0x71a0,0x7180,
0xed85,0xf584,0xdcc4,0xcc22,0xcc63,0xdcc4,0xdcc4,0xe4e4,0xdcc4,0xe4e3,0xe4e3,0xed23,0xf5a5,0xed44,0x8240,0x6960,
0xa2c0,0x4880,0x9b02,0xfec9,0xf606,0xed43,0xed44,0xed44,0xed24,0xed44,0xed64,0xed65,0xed64,0xfde6,0xfe68,0xfe48,
0xfe06,0xed04,0xed04,0xed44,0xed44,0xf564,0xf585,0xf5e6,0xfe27,0xfe06,0xfdc6,0xfda5,0xf565,0xf565,0xe503,0xe4e3,
0xe4e3,0xe4e2,0xf5a6,0xfe8b,0xfeab,0xf5c6,0xdc83,0xb361,0x9260,0x69e0,0x30c0,0x1020,0x0001,0x0001,0x0001,0x0001,
0x20c1,0x0000,0x0000,0x0000,0x0000,0x0000,0x0000,0x0000,0x0000,0x0000,0x0000,0x0000,0x0000,0x0000,0x0000,0x0000,
0x0000,0x0000,0x0000,0x0000,0x0000,0x0000,0x0000,0x0000,0x0000,0x1880,0x0800,0x28c0,0x61a1,0x7a22,0x8262,0x5940,
0x38e0,0x2880,0x2860,0x71e0,0xc3c3,0xd464,0xc3e3,0xa302,0x8a61,0x92c1,0xa301,0x9ae1,0x9ae1,0x9b01,0xa322,0xbba3,
0xbbc3,0xbbc2,0xcc23,0xdca3,0xdca3,0xdca3,0xdca4,0xdcc4,0xdca4,0xd463,0xf5a5,0xf5a7,0x6140,0x81e0,0x7180,0x6960,
0xed64,0xf564,0xd483,0xcc23,0xd483,0xd463,0xd463,0xd463,0xdcc4,0xdcc3,0xe4e3,0xed44,0xf5c6,0xe504,0x8a60,0x6980,
0x9ac1,0x4880,0xa322,0xfeea,0xf5e6,0xf564,0xf564,0xed44,0xed44,0xed44,0xed65,0xf565,0xf585,0xf5c6,0xf585,0xf585,
0xfe07,0xed64,0xe503,0xed24,0xed24,0xed44,0xed64,0xed65,0xf5c6,0xfe07,0xf5c6,0xf585,0xfdc5,0xf564,0xe4e3,0xe4c2,
0xe4a2,0xecc3,0xfde7,0xfeaa,0xeda7,0xcc22,0x9260,0x71a0,0x4900,0x1040,0x0001,0x0001,0x0001,0x0820,0x18a0,0x0000,
0x0000,0x0000,0x0000,0x0000,0x0000,0x0000,0x0000,0x0000,0x0000,0x0000,0x0000,0x0000,0x0000,0x0000,0x0000,0x0000,
0x0000,0x0000,0x0000,0x0000,0x0000,0x0000,0x0000,0x0000,0x0000,0x0800,0x0800,0x4121,0x7a22,0x69c1,0x4900,0x2840,
0x2020,0x38c0,0x8242,0xbb83,0xc3c3,0xab22,0xa302,0x9ae2,0x8a61,0xa302,0xab42,0x9ae1,0x9ac1,0x9b01,0xab62,0xbba3,
0xbba2,0xbba2,0xcc23,0xdca3,0xdca3,0xdca3,0xdca4,0xd484,0xd484,0xd463,0xf585,0xed66,0x6140,0x81e0,0x71a0,0x71a1,
0xed84,0xed44,0xcc63,0xcc23,0xd483,0xdca4,0xd483,0xcc43,0xe546,0xed25,0xe503,0xed44,0xfe07,0xdcc4,0x9280,0x71a0,
0x79e0,0x4880,0xab22,0xfec9,0xf5a5,0xed23,0xf565,0xf565,0xf565,0xf565,0xed65,0xf565,0xf565,0xf585,0xed44,0xed65,
0xfe27,0xf5c6,0xed64,0xf564,0xed44,0xed44,0xed44,0xed65,0xf5a5,0xf5a6,0xf585,0xf585,0xf5c5,0xed64,0xed23,0xe4e3,
0xf5a5,0xfe26,0xed24,0xbbc1,0x8a60,0x71c0,0x69e0,0x59a0,0x1860,0x0020,0x0840,0x0020,0x0001,0x20a0,0x0000,0x0000,
0x0000,0x0000,0x0000,0x0000,0x0000,0x0000,0x0000,0x0000,0x0000,0x0000,0x0000,0x0000,0x0000,0x0000,0x0000,0x0000,
0x0000,0x0000,0x0000,0x0000,0x0000,0x0000,0x0000,0x0000,0x0000,0x0001,0x1040,0x61a1,0x7201,0x4900,0x3880,0x38c0,
0x69c1,0xb384,0xbbc4,0xa302,0x92a1,0x9ac2,0xa302,0xab22,0x9ae1,0xa322,0xab42,0xa322,0x9ae1,0xa322,0xb3a3,0xb3a2,
0xbba2,0xc3e3,0xcc23,0xdc84,0xe4c4,0xd483,0xcc43,0xcc43,0xcc44,0xcc43,0xf5a5,0xe525,0x5920,0x8200,0x71a0,0x7a01,
0xf5a5,0xed23,0xcc43,0xcc23,0xcc43,0xd483,0xd483,0xcc23,0xd463,0xd483,0xdca3,0xed65,0xf5c5,0xcc42,0x9260,0x71a0,
0x50e0,0x40a0,0xab21,0xfea8,0xe544,0xdc82,0xe504,0xf565,0xf565,0xed65,0xed65,0xed65,0xed45,0xed45,0xed65,0xed44,
0xf5a5,0xf5a5,0xfda5,0xf585,0xf564,0xed44,0xed44,0xed44,0xed65,0xed65,0xed65,0xf585,0xed65,0xed45,0xf5e7,0xfeea,
0xfe68,0xdd04,0x9ae0,0x6160,0x5980,0x30c0,0x1840,0x1860,0x0001,0x0020,0x0020,0x0001,0x1040,0x0000,0x0000,0x0000,
0x0000,0x0000,0x0000,0x0000,0x0000,0x0000,0x0000,0x0000,0x0000,0x0000,0x0000,0x0000,0x0000,0x0000,0x0000,0x0000,
0x0000,0x0000,0x0000,0x0000,0x0000,0x0000,0x0000,0x0000,0x0000,0x0001,0x30c0,0x69e2,0x4900,0x40c0,0x38a0,0x5120,
0xc3c4,0xcc24,0x92c2,0x9281,0x92c2,0x9ae2,0x9ae2,0xa302,0xa302,0xa302,0xab42,0xa302,0x9b02,0xb363,0xbbc3,0xbba2,
0xbba2,0xcc23,0xc403,0xcc23,0xdca4,0xd483,0xcc43,0xcc23,0xcc23,0xcc43,0xf564,0xdce4,0x5900,0x79e0,0x79a0,0x8a62,
0xf5c6,0xe503,0xcc23,0xcc02,0xd442,0xd442,0xd463,0xd463,0xdca4,0xd463,0xd462,0xf627,0xfe67,0xcc01,0x9260,0x71c0,
0x48c0,0x48c0,0xab01,0xfe67,0xe524,0xd462,0xdcc3,0xe503,0xed44,0xf565,0xed45,0xed45,0xf585,0xf585,0xf585,0xed44,
0xe524,0xed44,0xed45,0xf5a5,0xf5a5,0xed24,0xed24,0xed24,0xed24,0xed45,0xed65,0xed24,0xed86,0xfecb,0xf628,0xdd04,
0xab62,0x6980,0x5120,0x4900,0x28a0,0x0840,0x0001,0x0001,0x0001,0x0001,0x1040,0x0000,0x0000,0x0000,0x0000,0x0000,
0x0000,0x0000,0x0000,0x0000,0x0000,0x0000,0x0000,0x0000,0x0000,0x0000,0x0000,0x0000,0x0000,0x0000,0x0000,0x0000,
0x0000,0x0000,0x0000,0x0000,0x0000,0x0000,0x0000,0x0000,0x0800,0x1040,0x4121,0x40e0,0x38a0,0x38c0,0x2040,0x38a0,
0xb383,0xa2e2,0x8241,0x92c2,0x9ae2,0x9ae2,0x9ae2,0xa322,0xa302,0xa322,0xa322,0x9ae2,0xa322,0xb3a3,0xb3a3,0xbba3,
0xc3e3,0xc403,0xc3e3,0xc3c2,0xcc23,0xd484,0xd484,0xcc44,0xcc43,0xdc83,0xfda5,0xe505,0x6940,0x79c0,0x79a0,0x9282,
0xfde7,0xe503,0xe4a3,0xe4e5,0xed66,0xf586,0xf5a6,0xfdc7,0xfe07,0xfe06,0xfd63,0xf606,0xf668,0xdca3,0x9aa0,0x8200,
0x6980,0x6120,0xab01,0xfe87,0xe524,0xd462,0xdca3,0xe4e3,0xe504,0xed25,0xed45,0xe504,0xe524,0xe504,0xe4e3,0xed24,
0xe524,0xed24,0xed24,0xf564,0xf544,0xed24,0xed04,0xed24,0xed24,0xed04,0xed45,0xf609,0xfe6a,0xff0a,0xcc83,0x79a0,
0x6160,0x4900,0x30c0,0x1040,0x0001,0x0001,0x0001,0x0001,0x0001,0x1060,0x0000,0x0000,0x0000,0x0000,0x0000,0x0000,
0x0000,0x0000,0x0000,0x0000,0x0000,0x0000,0x0000,0x0000,0x0000,0x0000,0x0000,0x0000,0x0000,0x0000,0x0000,0x0000,
0x0000,0x0000,0x0000,0x0000,0x0000,0x0000,0x0000,0x0000,0x0001,0x1860,0x38e0,0x38c0,0x40c0,0x3080,0x2040,0x5120,
0xab43,0x9ae2,0x8a61,0x92c2,0x9ae2,0x9ae2,0x9b02,0xa322,0xa322,0xa302,0xa2e2,0x92a1,0xa322,0xbba3,0xbba2,0xbbc3,
0xc3e3,0xc3e2,0xc3e3,0xc403,0xc3e3,0xcc23,0xcc44,0xcc44,0xcc24,0xdca4,0xf565,0xa323,0x5900,0x8200,0x79a0,0x9282,
0xfe07,0xed23,0xece4,0xf565,0xed45,0xed25,0xed24,0xdcc4,0xd483,0xcc22,0xab01,0x9240,0x8200,0x8240,0x9240,0x8a40,
0x79e0,0x6960,0xb341,0xfe66,0xe524,0xd442,0xdc83,0xdcc3,0xe4c4,0xdca3,0xed25,0xe524,0xdc83,0xe4e4,0xe4c3,0xe504,
0xed24,0xe504,0xed24,0xe503,0xe4e3,0xed23,0xed23,0xed03,0xed24,0xf545,0xf5e8,0xff6e,0xe565,0xbb40,0x8a20,0x6140,
0x4940,0x2060,0x0001,0x0001,0x0001,0x0001,0x0020,0x0820,0x0800,0x0000,0x0000,0x0000,0x0000,0x0000,0x0000,0x0000,
0x0000,0x0000,0x0000,0x0000,0x0000,0x0000,0x0000,0x0000,0x0000,0x0000,0x0000,0x0000,0x0000,0x0000,0x0000,0x0000,
0x0000,0x0000,0x0000,0x0000,0x0000,0x0000,0x0000,0x0000,0x0001,0x1060,0x30c0,0x4920,0x4900,0x2840,0x5961,0x8242,
0x8a82,0x9282,0x8a82,0x8a82,0x92a2,0x92c2,0x9ae2,0xab43,0xa322,0xa322,0xcbe3,0xcbe3,0xd423,0xdc64,0xdc64,0xc3e2,
0xbba2,0xc3c2,0xc403,0xc3c3,0xc3e3,0xc3c3,0xc3e3,0xbbc3,0xbbc3,0xe4e4,0xcc43,0x40c0,0x5920,0x8200,0x81e0,0x79e1,
0xc3e3,0xab41,0x9aa1,0x92a1,0x8a60,0x8200,0x8220,0x8240,0x79e0,0x69a0,0x5940,0x5900,0x5100,0x6160,0x8220,0x8220,
0x71e0,0x6980,0xab41,0xfe66,0xed44,0xd442,0xdca3,0xdca3,0xdcc3,0xdc83,0xe4e4,0xe505,0xdca3,0xe504,0xed24,0xf565,
0xf585,0xed45,0xe504,0xe4c3,0xdcc3,0xe4e3,0xed03,0xed24,0xf5a6,0xfea9,0xed45,0xc403,0x9260,0x81e0,0x6960,0x38c0,
0x1020,0x0001,0x0001,0x0001,0x0001,0x1040,0x0820,0x20a0,0x0000,0x0000,0x0000,0x0000,0x0000,0x0000,0x0000,0x0000,
0x0000,0x0000,0x0000,0x0000,0x0000,0x0000,0x0000,0x0000,0x0000,0x0000,0x0000,0x0000,0x0000,0x0000,0x0000,0x0000,
0x0000,0x0000,0x0000,0x0000,0x0000,0x0000,0x0000,0x1860,0x0001,0x2080,0x4100,0x6181,0x4900,0x2020,0x7a22,0x9ac3,
0x8241,0x8a62,0x8a82,0x8a82,0x8262,0x8a81,0x9b02,0xb363,0xb362,0xb362,0xdc44,0xcbe2,0xab22,0x8a61,0x9b02,0xd423,
0xc3a2,0xc3c2,0xc3e2,0xc3e3,0xbba2,0xbbc3,0xc3c3,0xbba3,0xbba2,0xed25,0xcc64,0x40a0,0x5940,0x8200,0x8a20,0x6140,
0x48e0,0x5100,0x50e0,0x48e0,0x40a0,0x3880,0x40a0,0x48e0,0x5920,0x5940,0x69a0,0x71c0,0x79e0,0x8220,0x8a40,0x7200,
0x69c0,0x5920,0x9ae1,0xfe67,0xed45,0xd462,0xdca3,0xdca3,0xdca3,0xdca3,0xdca4,0xdca3,0xdca3,0xdca3,0xe4e4,0xed24,
0xe4e4,0xed25,0xe524,0xdcc3,0xdca3,0xdc62,0xed45,0xfe48,0xfe47,0xe545,0x9ac1,0x6940,0x71a0,0x6980,0x30a0,0x0800,
0x0800,0x0800,0x0800,0x0001,0x0820,0x1040,0x28c0,0x0000,0x0000,0x0000,0x0000,0x0000,0x0000,0x0000,0x0000,0x0000,
0x0000,0x0000,0x0000,0x0000,0x0000,0x0000,0x0000,0x0000,0x0000,0x0000,0x0000,0x0000,0x0000,0x0000,0x0000,0x0000,
0x0000,0x0000,0x0000,0x0000,0x0000,0x0000,0x0000,0x0001,0x0820,0x5161,0x69e2,0x61a1,0x3080,0x2040,0x7a02,0x9282,
0x8242,0x8262,0x8262,0x8a62,0x8261,0x9ae2,0xbb82,0xc3e2,0xbbc2,0x92a1,0x71c0,0x5940,0x48e0,0x2840,0x71e1,0xe4a4,
0xcc02,0xc3c2,0xcbe3,0xc3e3,0xc3a2,0xc3c2,0xc3e3,0xbba3,0xbb82,0xed64,0xdce4,0x48c0,0x5960,0x7a00,0x8a20,0x71a0,
0x5920,0x6160,0x6160,0x6180,0x69a0,0x6180,0x69a0,0x71c0,0x7a00,0x7a00,0x7a00,0x7a00,0x71e0,0x69c0,0x6180,0x5120,
0x40e0,0x6160,0xab41,0xf584,0xe4e3,0xdc83,0xdca3,0xdca3,0xdca3,0xdca4,0xdca4,0xdc84,0xdca4,0xdca3,0xdca3,0xdca3,
0xdca3,0xdcc3,0xe504,0xdcc3,0xdc83,0xed25,0xfe06,0xeda5,0xc422,0x81e0,0x6980,0x5940,0x48e0,0x2040,0x0800,0x0800,
0x1020,0x1040,0x1040,0x0820,0x0001,0x1880,0x0000,0x0000,0x0000,0x0000,0x0000,0x0000,0x0000,0x0000,0x0000,0x0000,
0x0000,0x0000,0x0000,0x0000,0x0000,0x0000,0x0000,0x0000,0x0000,0x0000,0x0000,0x0000,0x0000,0x0000,0x0000,0x0000,
0x0000,0x0000,0x0000,0x0000,0x0000,0x0000,0x0000,0x0001,0x1860,0x5981,0x8263,0x69e2,0x2020,0x2880,0x7a22,0x8a83,
0x7a22,0x8242,0x7a22,0x8242,0x9ae2,0xab42,0xa322,0x9ae1,0x7a20,0x5100,0x4080,0x40c0,0x4900,0x30a0,0x7a22,0xe4a4,
0xd443,0xcc03,0xbb82,0xb362,0xc3c3,0xc3e3,0xbba2,0xbba3,0xb362,0xed44,0xdce4,0x48e0,0x5140,0x7a20,0x8220,0x8a20,
0x8a40,0x8220,0x8200,0x71c0,0x6100,0x50e0,0x48c0,0x40a0,0x4080,0x50c0,0x6920,0x6940,0x6120,0x58e0,0x50c0,0x48a0,
0x4060,0xc486,0xfe27,0xdc82,0xe4c3,0xdcc3,0xdca3,0xdca3,0xdca3,0xdca3,0xd483,0xdc83,0xd483,0xd4a3,0xdc83,0xdc83,
0xdca3,0xdca3,0xd463,0xdcc4,0xf608,0xfe88,0xdcc3,0x9ac0,0x6160,0x69a0,0x5120,0x1840,0x0800,0x0800,0x1000,0x1020,
0x1040,0x1040,0x0820,0x0001,0x0820,0x0000,0x0000,0x0000,0x0000,0x0000,0x0000,0x0000,0x0000,0x0000,0x0000,0x0000,
0x0000,0x0000,0x0000,0x0000,0x0000,0x0000,0x0000,0x0000,0x0000,0x0000,0x0000,0x0000,0x0000,0x0000,0x0000,0x0000,
0x0000,0x0000,0x0000,0x0000,0x0000,0x0000,0x0000,0x0001,0x2080,0x5141,0x7a43,0x61c2,0x1800,0x38c0,0x8a83,0x8a43,
0x7a22,0x71e2,0x7201,0x7a21,0xab22,0x7a41,0x38c0,0x38c0,0x38a0,0x40c0,0x5120,0x5940,0x5120,0x3880,0x7a01,0xe483,
0xd423,0xc3c2,0xab21,0xab01,0xbb82,0xc3c2,0xbba2,0xb362,0xb362,0xed44,0xdce4,0x38a0,0x3080,0x40a0,0x48c0,0x5900,
0x6140,0x6160,0x6960,0x8a81,0xb3a3,0xbc24,0xc485,0xccc6,0xcce6,0xddc9,0xee8c,0xee8c,0xee29,0xe5c8,0xe5e9,0xde09,
0xddc8,0xede6,0xe503,0xdca3,0xe4c3,0xe4c3,0xdca3,0xdca3,0xdca3,0xd483,0xd483,0xd484,0xd483,0xd463,0xd483,0xdca3,
0xdc83,0xdc62,0xed25,0xfde7,0xdce4,0xb381,0x71e0,0x4900,0x40e0,0x4120,0x1840,0x0001,0x0800,0x0800,0x1820,0x1840,
0x1840,0x0820,0x0820,0x0000,0x0000,0x0000,0x0000,0x0000,0x0000,0x0000,0x0000,0x0000,0x0000,0x0000,0x0000,0x0000,
0x0000,0x0000,0x0000,0x0000,0x0000,0x0000,0x0000,0x0000,0x0000,0x0000,0x0000,0x0000,0x0000,0x0000,0x0000,0x0000,
0x0000,0x0000,0x0000,0x0000,0x0000,0x0000,0x0000,0x0001,0x30c1,0x5981,0x7202,0x4961,0x1820,0x4921,0x92c4,0x8243,
0x69e2,0x69c1,0x71e2,0x7a22,0xab22,0x5981,0x1000,0x2060,0x2880,0x38a0,0x6160,0x79e0,0x6160,0x3880,0x8241,0xdc63,
0xc3a2,0xb342,0xb342,0xb362,0xb362,0xbb82,0xbba2,0xb362,0xb382,0xed04,0xd4a3,0x5961,0x5141,0x61c1,0x82a2,0xabe4,
0xc485,0xccc5,0xdd04,0xed85,0xfe27,0xfe47,0xfe46,0xfe27,0xfe27,0xfe89,0xfecc,0xfeab,0xfe88,0xfe68,0xfe88,0xfe68,
0xfe28,0xe4e3,0xd462,0xdca3,0xdca3,0xe4c3,0xe4e4,0xdcc3,0xd463,0xd463,0xd463,0xd463,0xd463,0xd463,0xd463,0xdc63,
0xe504,0xf586,0xfe06,0xe523,0x9240,0x6960,0x5140,0x2880,0x0820,0x0001,0x0001,0x0001,0x0800,0x1020,0x2060,0x1860,
0x1020,0x0820,0x0000,0x0000,0x0000,0x0000,0x0000,0x0000,0x0000,0x0000,0x0000,0x0000,0x0000,0x0000,0x0000,0x0000,
0x0000,0x0000,0x0000,0x0000,0x0000,0x0000,0x0000,0x0000,0x0000,0x0000,0x0000,0x0000,0x0000,0x0000,0x0000,0x0000,
0x0000,0x0000,0x0000,0x0000,0x0000,0x0000,0x0000,0x0001,0x4101,0x69c2,0x69c2,0x38c0,0x1820,0x5161,0x9ac4,0x8243,
0x61a1,0x69c1,0x71e2,0x7a22,0xab22,0x8a61,0x5981,0x61c1,0x69c1,0x69c1,0x5940,0x69c0,0x69a0,0x38a0,0x9282,0xdc43,
0xbb61,0xb342,0xb342,0xb362,0xb341,0xbb82,0xbb82,0xb362,0xbba2,0xd442,0xed23,0xf689,0xf6ca,0xfec9,0xfec9,0xfec8,
0xfea7,0xfe67,0xfde5,0xed65,0xe4e4,0xd483,0xcc22,0xc3e2,0xc3c2,0xc3a1,0xc3c1,0xc3c1,0xc3a1,0xc3a1,0xc3c0,0xc3c0,
0xc3c1,0xcc02,0xcc43,0xd463,0xd463,0xdc83,0xdca4,0xdc83,0xdc83,0xcc23,0xcc43,0xd443,0xd463,0xd462,0xdc63,0xe505,
0xfe27,0xf5c5,0xb361,0x8a20,0x71e0,0x6180,0x28a0,0x0001,0x0001,0x0001,0x0001,0x0820,0x1840,0x2060,0x1860,0x1020,
0x0820,0x0000,0x0000,0x0000,0x0000,0x0000,0x0000,0x0000,0x0000,0x0000,0x0000,0x0000,0x0000,0x0000,0x0000,0x0000,
0x0000,0x0000,0x0000,0x0000,0x0000,0x0000,0x0000,0x0000,0x0000,0x0000,0x0000,0x0000,0x0000,0x0000,0x0000,0x0000,
0x0000,0x0000,0x0000,0x0000,0x0000,0x0000,0x0000,0x0800,0x4941,0x69c1,0x61c2,0x30a0,0x1840,0x4921,0x92a3,0x7a22,
0x6181,0x69a1,0x71e1,0x8242,0x92a1,0xbba2,0xe4c4,0xed04,0xed04,0xfe89,0xabe5,0x5100,0x69c0,0x40a0,0x9ae2,0xdc43,
0xbb61,0xb342,0xab21,0xab21,0xbb62,0xbb82,0xbba2,0xbba2,0xbba2,0xc3e2,0xdca3,0xeda5,0xe585,0xdd04,0xcc83,0xcc43,
0xcc22,0xd422,0xd443,0xcc42,0xcc42,0xcc22,0xcc22,0xd443,0xcc02,0xc3e2,0xcc02,0xc3e2,0xc3c2,0xbba1,0xbb81,0xbb81,
0xbb81,0xbb82,0xbba2,0xc3e2,0xd423,0xd463,0xc3e2,0xcc02,0xdc63,0xd443,0xcc23,0xcc43,0xd442,0xdc62,0xf565,0xfe06,
0xdca3,0xa2e0,0x7a00,0x5940,0x4100,0x2060,0x0001,0x0001,0x0001,0x0001,0x0820,0x1040,0x1860,0x1860,0x1020,0x1040,
0x0000,0x0000,0x0000,0x0000,0x0000,0x0000,0x0000,0x0000,0x0000,0x0000,0x0000,0x0000,0x0000,0x0000,0x0000,0x0000,
0x0000,0x0000,0x0000,0x0000,0x0000,0x0000,0x0000,0x0000,0x0000,0x0000,0x0000,0x0000,0x0000,0x0000,0x0000,0x0000,
0x0000,0x0000,0x0000,0x0000,0x0000,0x0000,0x1840,0x0800,0x5141,0x69c1,0x61c2,0x30a0,0x1820,0x5141,0x92c4,0x7a02,
0x6181,0x69a1,0x71e1,0x8242,0x8241,0x8a61,0x9b02,0x9ae2,0xb362,0xfde7,0xc445,0x5120,0x69a0,0x40c0,0xa302,0xd423,
0xbb62,0xb342,0xb322,0xab21,0xb362,0x9ac1,0xb362,0xcc23,0xbba2,0xbbc2,0xbbc2,0xc3a2,0xbba1,0xbba2,0xbba2,0xbb82,
0xbbc2,0xbbc2,0xc3e2,0xc402,0xc3e2,0xcc02,0xcc22,0xd442,0xcc22,0xc3e1,0xcc02,0xcc02,0xc3c2,0xbbc2,0xbbc2,0xb382,
0xb361,0xb362,0xbb82,0xbba2,0xc3c2,0xcc03,0xcbe2,0xcbe2,0xd422,0xd463,0xab21,0xab01,0xdc83,0xfda4,0xdcc4,0xbba1,
0x8a40,0x5940,0x5140,0x2880,0x0800,0x0001,0x0001,0x0001,0x0820,0x0820,0x1040,0x1040,0x1060,0x1020,0x1860,0x0000,
0x0000,0x0000,0x0000,0x0000,0x0000,0x0000,0x0000,0x0000,0x0000,0x0000,0x0000,0x0000,0x0000,0x0000,0x0000,0x0000,
0x0000,0x0000,0x0000,0x0000,0x0000,0x0000,0x0000,0x0000,0x0000,0x0000,0x0000,0x0000,0x0000,0x0000,0x0000,0x0000,
0x0000,0x0000,0x0000,0x0000,0x0000,0x1040,0x0820,0x1020,0x5161,0x7222,0x5982,0x28a0,0x2040,0x5141,0x92e4,0x7202,
0x6161,0x69a1,0x71c1,0x8221,0x8a82,0x8241,0x7a01,0x71c1,0xbb82,0xecc4,0x8a61,0x6160,0x69c0,0x40c0,0xab42,0xd423,
0xb341,0xab21,0xb342,0xab22,0xab42,0xb342,0xbb82,0xbb82,0xb362,0xbba2,0xbba2,0xbba3,0xbbc3,0xbbc3,0xbbe3,0xc3e3,
0xc3e2,0xbbc2,0xbbc2,0xbbc2,0xcc03,0xcc02,0xcc02,0xd443,0xd442,0xcbe1,0xc3e2,0xc3e2,0xc3e2,0xbbc2,0xb381,0xb361,
0xb361,0xb362,0xbb62,0xbb82,0xbb82,0xc3a2,0xc3c2,0xc3a2,0xcc02,0xcbc2,0xbba1,0xdc84,0xed65,0xe503,0x8220,0x5100,
0x5140,0x28a0,0x1000,0x0800,0x0800,0x1020,0x1020,0x1020,0x1040,0x1040,0x1040,0x1040,0x0820,0x1020,0x0000,0x0000,
0x0000,0x0000,0x0000,0x0000,0x0000,0x0000,0x0000,0x0000,0x0000,0x0000,0x0000,0x0000,0x0000,0x0000,0x0000,0x0000,
0x0000,0x0000,0x0000,0x0000,0x0000,0x0000,0x0000,0x0000,0x0000,0x0000,0x0000,0x0000,0x0000,0x0000,0x0000,0x0000,
0x0000,0x0000,0x0000,0x0000,0x0000,0x0800,0x0820,0x1020,0x38e0,0x5981,0x4100,0x2880,0x30a0,0x5120,0x69c1,0x69a1,
0x6181,0x6181,0x71c1,0x8a62,0x8a62,0x8221,0x8a82,0x8a61,0xcc23,0xe4a4,0x6181,0x6180,0x69c0,0x40c0,0xab42,0xcbe3,
0xb342,0xb342,0xab22,0xb342,0xab21,0xbb82,0xbba3,0xb341,0xb362,0xbba2,0xc3c3,0xbba2,0xbba3,0xbb83,0xb3a2,0xbba2,
0xbbc2,0xc3e3,0xbba2,0xbbc2,0xcc23,0xd423,0xd442,0xd443,0xdc63,0xcc02,0xcbe2,0xcc02,0xc3c2,0xbb81,0xb341,0xb341,
0xb361,0xb361,0xbb62,0xbb62,0xbb82,0xbb62,0xbb82,0xc3a2,0xbb81,0xd422,0xed24,0xf5a5,0xc402,0x8a40,0x5980,0x38e0,
0x1840,0x0800,0x0800,0x0800,0x1000,0x1840,0x1840,0x1840,0x1040,0x1040,0x0820,0x0820,0x1020,0x0000,0x0000,0x0000,
0x0000,0x0000,0x0000,0x0000,0x0000,0x0000,0x0000,0x0000,0x0000,0x0000,0x0000,0x0000,0x0000,0x0000,0x0000,0x0000,
0x0000,0x0000,0x0000,0x0000,0x0000,0x0000,0x0000,0x0000,0x0000,0x0000,0x0000,0x0000,0x0000,0x0000,0x0000,0x0000,
0x0000,0x0000,0x0000,0x0000,0x0000,0x0820,0x0800,0x1820,0x2860,0x40e0,0x38c0,0x2880,0x4900,0x5120,0x5920,0x6161,
0x6181,0x6181,0x69c1,0x8242,0x7a01,0x79e0,0x8a61,0x9281,0xcc03,0xdc84,0x5981,0x5980,0x69c0,0x40e0,0xab22,0xc3c2,
0xb322,0xb342,0xab22,0xab22,0xab22,0xab22,0xab22,0xbb62,0xbba3,0xbb82,0xbba2,0xc3c3,0xbbc3,0xb3a3,0xb3a2,0xb382,
0xbba2,0xc3c3,0xc3e2,0xcc23,0xd463,0xd443,0xd463,0xdc83,0xdc83,0xe483,0xe4c4,0xe4e5,0xcc02,0xbb81,0xc3a2,0xbb61,
0xb361,0xbb61,0xb361,0xb362,0xb362,0xbb62,0xbb62,0xbb61,0xcbc2,0xed44,0xe524,0x8a61,0x5960,0x5140,0x30c0,0x0820,
0x0001,0x0001,0x0800,0x1000,0x1820,0x1840,0x1860,0x1860,0x1040,0x0800,0x1020,0x0000,0x0000,0x0000,0x0000,0x0000,
0x0000,0x0000,0x0000,0x0000,0x0000,0x0000,0x0000,0x0000,0x0000,0x0000,0x0000,0x0000,0x0000,0x0000,0x0000,0x0000,
0x0000,0x0000,0x0000,0x0000,0x0000,0x0000,0x0000,0x0000,0x0000,0x0000,0x0000,0x0000,0x0000,0x0000,0x0000,0x0000,
0x0000,0x0000,0x0000,0x0000,0x0000,0x0800,0x0800,0x38e0,0x5961,0x5120,0x30c0,0x2860,0x5940,0x8242,0x8242,0x71e1,
0x6181,0x61a1,0x61a1,0x69c1,0x69a1,0x79e1,0x8a62,0x8a61,0xcbe2,0xd464,0x5981,0x5960,0x69a0,0x40c0,0xab22,0xbb82,
0x9281,0xa302,0xab02,0xab22,0xab22,0xab22,0xab22,0xb362,0xbb82,0xbb82,0xb362,0xbba3,0xbba3,0xb362,0xb383,0xb383,
0xbbc3,0xcc44,0xcc43,0xcc43,0xcc03,0xbbc2,0xbbe3,0xc3e3,0xbba3,0xbba2,0xcc44,0xdc84,0xcbe2,0xcc02,0xe4e5,0xd423,
0xbb61,0xb341,0xb361,0xb362,0xb342,0xb341,0xb362,0xcc03,0xe4e4,0xc402,0x92c0,0x5120,0x38e0,0x28c0,0x0001,0x0001,
0x0001,0x0800,0x1000,0x1820,0x1840,0x1840,0x2060,0x1860,0x0820,0x0800,0x0000,0x0000,0x0000,0x0000,0x0000,0x0000,
0x0000,0x0000,0x0000,0x0000,0x0000,0x0000,0x0000,0x0000,0x0000,0x0000,0x0000,0x0000,0x0000,0x0000,0x0000,0x0000,
0x0000,0x0000,0x0000,0x0000,0x0000,0x0000,0x0000,0x0000,0x0000,0x0000,0x0000,0x0000,0x0000,0x0000,0x0000,0x0000,
0x0000,0x0000,0x0000,0x0000,0x0000,0x0820,0x0800,0x4941,0x7202,0x5961,0x2880,0x2860,0x61a1,0x92e3,0x7a22,0x7a22,
0x71c1,0x6181,0x69a1,0x69a1,0x71c1,0x71c1,0x8a82,0x8a41,0xc3c2,0xd463,0x5960,0x5960,0x61a0,0x38a0,0xa322,0xbb83,
0x8220,0x9ac2,0xab22,0xab22,0xab22,0xab22,0xab22,0xab22,0xb362,0xbb82,0xb342,0xab42,0xb362,0xb383,0xab22,0xbba3,
0xd484,0xc403,0xab42,0x9ae1,0x71e1,0x5940,0x5140,0x4920,0x40e0,0x40e0,0x5120,0x71e0,0x8a60,0xa2e1,0xc3a2,0xd443,
0xd443,0xcc23,0xbb62,0xab21,0xab01,0xb321,0xd444,0xe504,0xab21,0x69a0,0x61a0,0x4100,0x1020,0x0001,0x0001,0x0001,
0x0001,0x1000,0x1020,0x1840,0x1840,0x2060,0x2060,0x1040,0x0800,0x0000,0x0000,0x0000,0x0000,0x0000,0x0000,0x0000,
0x0000,0x0000,0x0000,0x0000,0x0000,0x0000,0x0000,0x0000,0x0000,0x0000,0x0000,0x0000,0x0000,0x0000,0x0000,0x0000,
0x0000,0x0000,0x0000,0x0000,0x0000,0x0000,0x0000,0x0000,0x0000,0x0000,0x0000,0x0000,0x0000,0x0000,0x0000,0x0000,
0x0000,0x0000,0x0000,0x0000,0x0000,0x0820,0x0800,0x4121,0x71e2,0x61c2,0x2860,0x1840,0x30a0,0x38c0,0x3080,0x7202,
0x8a62,0x8221,0x8a82,0x9282,0x92a2,0x9aa1,0xa2e2,0x9281,0xbba2,0xd444,0x5140,0x5140,0x5980,0x3880,0x9ae2,0xbb83,
0x9261,0x9ae2,0xa322,0xab22,0xab22,0xab22,0xb342,0xab42,0xb342,0xb362,0xb362,0xab21,0xbb83,0xcc65,0xc3e3,0xb362,
0x9ae1,0x8a61,0x5980,0x5181,0x40e0,0x2040,0x2040,0x2860,0x3080,0x30a0,0x38a0,0x40e0,0x4900,0x5960,0x8220,0xa2a0,
0xbb82,0xd464,0xe4c5,0xc404,0xbb82,0xd464,0xcc44,0x9ae1,0x69c0,0x40e0,0x30a0,0x1020,0x0001,0x0001,0x0001,0x0001,
0x1020,0x1020,0x1820,0x1840,0x2080,0x2080,0x2060,0x1040,0x0000,0x0000,0x0000,0x0000,0x0000,0x0000,0x0000,0x0000,
0x0000,0x0000,0x0000,0x0000,0x0000,0x0000,0x0000,0x0000,0x0000,0x0000,0x0000,0x0000,0x0000,0x0000,0x0000,0x0000,
0x0000,0x0000,0x0000,0x0000,0x0000,0x0000,0x0000,0x0000,0x0000,0x0000,0x0000,0x0000,0x0000,0x0000,0x0000,0x0000,
0x0000,0x0000,0x0000,0x0000,0x0000,0x0820,0x0800,0x4100,0x61c1,0x7202,0x5162,0x1840,0x1020,0x1020,0x2060,0x3901,
0x4920,0x5140,0x69e1,0x7a22,0x9282,0xab22,0xbb82,0xab22,0xc3c2,0xd464,0x4920,0x4100,0x5960,0x2880,0x92c2,0xb382,
0x8a61,0x92a2,0x9281,0x9ac1,0xab22,0xab42,0xb342,0xb342,0xb342,0xb362,0xb362,0xbba2,0xc3e3,0xbba3,0xa301,0x7a00,
0x5140,0x30a0,0x1040,0x0800,0x0820,0x1840,0x2080,0x2880,0x2860,0x2860,0x2040,0x1840,0x1000,0x1000,0x2860,0x4920,
0x69c0,0x9281,0xcbe3,0xe527,0xed87,0xc403,0x8220,0x5960,0x4940,0x2080,0x0001,0x0001,0x0001,0x0001,0x0001,0x0800,
0x1040,0x1040,0x1840,0x2060,0x2060,0x1840,0x30c0,0x0000,0x0000,0x0000,0x0000,0x0000,0x0000,0x0000,0x0000,0x0000,
0x0000,0x0000,0x0000,0x0000,0x0000,0x0000,0x0000,0x0000,0x0000,0x0000,0x0000,0x0000,0x0000,0x0000,0x0000,0x0000,
0x0000,0x0000,0x0000,0x0000,0x0000,0x0000,0x0000,0x0000,0x0000,0x0000,0x0000,0x0000,0x0000,0x0000,0x0000,0x0000,
0x0000,0x0000,0x0000,0x0000,0x0000,0x0820,0x0001,0x38e0,0x5961,0x69c2,0x8264,0x30a0,0x1820,0x1020,0x0800,0x0800,
0x1020,0x1840,0x2040,0x3080,0x38c0,0x5960,0x71e0,0x8221,0x8aa1,0x8aa1,0x38c0,0x4100,0x4940,0x2060,0x8aa1,0xb362,
0x8241,0x8a61,0x8a61,0x92a1,0x9ac2,0xa322,0xab22,0xab42,0xb342,0xb342,0xb362,0xc3e3,0xbba2,0x92a1,0x69e0,0x38c0,
0x1040,0x0800,0x0800,0x1020,0x1840,0x2040,0x1860,0x1860,0x1861,0x2881,0x28c1,0x2060,0x2040,0x1840,0x1000,0x1000,
0x1840,0x40e0,0x8200,0xbba2,0xbbc3,0x8220,0x40e0,0x2080,0x0820,0x0001,0x0001,0x0800,0x0800,0x0001,0x0001,0x1020,
0x1840,0x1840,0x1840,0x1840,0x1040,0x0000,0x0000,0x0000,0x0000,0x0000,0x0000,0x0000,0x0000,0x0000,0x0000,0x0000,
0x0000,0x0000,0x0000,0x0000,0x0000,0x0000,0x0000,0x0000,0x0000,0x0000,0x0000,0x0000,0x0000,0x0000,0x0000,0x0000,
0x0000,0x0000,0x0000,0x0000,0x0000,0x0000,0x0000,0x0000,0x0000,0x0000,0x0000,0x0000,0x0000,0x0000,0x0000,0x0000,
0x0000,0x0000,0x0000,0x0000,0x0000,0x0820,0x0001,0x38e0,0x5961,0x5961,0x61a2,0x5141,0x69e2,0x61c1,0x30e0,0x1840,
0x1840,0x2880,0x30a0,0x30a0,0x30a0,0x30a0,0x38a0,0x38c0,0x38a0,0x2880,0x2860,0x38e0,0x4100,0x2040,0x8281,0xab42,
0x8241,0x8241,0x92a2,0x9ae2,0x9ac1,0x9ac1,0xa301,0xa302,0xa322,0xab22,0xc3c2,0xb341,0x9281,0x69e1,0x28a0,0x0800,
0x0800,0x1860,0x28a0,0x30c0,0x48e0,0x6180,0x6180,0x5920,0x5120,0x5940,0x5960,0x48e0,0x3060,0x3060,0x2880,0x2040,
0x1820,0x1020,0x30a0,0x8240,0x92c1,0x5980,0x1020,0x0001,0x0001,0x0001,0x0820,0x0820,0x0820,0x0820,0x0800,0x1040,
0x1840,0x1860,0x1040,0x0800,0x20a0,0x0000,0x0000,0x0000,0x0000,0x0000,0x0000,0x0000,0x0000,0x0000,0x0000,0x0000,
0x0000,0x0000,0x0000,0x0000,0x0000,0x0000,0x0000,0x0000,0x0000,0x0000,0x0000,0x0000,0x0000,0x0000,0x0000,0x0000,
0x0000,0x0000,0x0000,0x0000,0x0000,0x0000,0x0000,0x0000,0x0000,0x0000,0x0000,0x0000,0x0000,0x0000,0x0000,0x0000,
0x0000,0x0000,0x0000,0x0000,0x0000,0x0820,0x0001,0x38c0,0x5161,0x5961,0x5161,0x6182,0x8a83,0x8262,0x7202,0x6181,
0x4940,0x2880,0x2060,0x3080,0x38c0,0x40c0,0x4900,0x4920,0x4900,0x40e0,0x30a0,0x28a0,0x28a0,0x1840,0x8281,0xab42,
0x8241,0x8261,0x8a81,0x92c1,0x9ae2,0xa302,0xa301,0xa302,0xa2e1,0xbb62,0xc3c2,0x92a0,0x5960,0x2040,0x0820,0x0800,
0x1840,0x2860,0x48e0,0x79e0,0xb321,0xbb60,0xbba0,0xcc42,0xd4a2,0xd482,0xcc61,0xcc21,0x92c0,0x6960,0x5100,0x40a0,
0x2040,0x1820,0x1020,0x28c0,0x3901,0x1060,0x0001,0x0001,0x0001,0x0001,0x0800,0x0820,0x0820,0x0820,0x0820,0x1040,
0x1840,0x1860,0x1020,0x0001,0x0000,0x0000,0x0000,0x0000,0x0000,0x0000,0x0000,0x0000,0x0000,0x0000,0x0000,0x0000,
0x0000,0x0000,0x0000,0x0000,0x0000,0x0000,0x0000,0x0000,0x0000,0x0000,0x0000,0x0000,0x0000,0x0000,0x0000,0x0000,
0x0000,0x0000,0x0000,0x0000,0x0000,0x0000,0x0000,0x0000,0x0000,0x0000,0x0000,0x0000,0x0000,0x0000,0x0000,0x0000,
0x0000,0x0000,0x0000,0x0000,0x0000,0x0820,0x0001,0x30e0,0x5161,0x5161,0x5161,0x5962,0x61a2,0x5961,0x61a2,0x7a22,
0x7a21,0x4900,0x30a0,0x3080,0x2880,0x2860,0x2860,0x2880,0x2880,0x2060,0x1840,0x1820,0x1020,0x1000,0x8281,0xab42,
0x8a61,0x8a61,0x8a81,0x92a1,0x9ae2,0x9ae2,0xa301,0xa2e1,0xbba2,0xd422,0xa2c0,0x71e0,0x30c0,0x0800,0x1020,0x2060,
0x3060,0x79e0,0xb361,0xe503,0xfec8,0xff0b,0xff8f,0xfff5,0xfff7,0xffd7,0xffb4,0xf625,0xdcc0,0xd460,0xb360,0x7180,
0x40c0,0x2020,0x1820,0x0001,0x0001,0x0001,0x0001,0x0001,0x0001,0x0001,0x0820,0x0820,0x0820,0x1040,0x1040,0x1020,
0x2060,0x2060,0x0800,0x0001,0x0000,0x0000,0x0000,0x0000,0x0000,0x0000,0x0000,0x0000,0x0000,0x0000,0x0000,0x0000,
0x0000,0x0000,0x0000,0x0000,0x0000,0x0000,0x0000,0x0000,0x0000,0x0000,0x0000,0x0000,0x0000,0x0000,0x0000,0x0000,
0x0000,0x0000,0x0000,0x0000,0x0000,0x0000,0x0000,0x0000,0x0000,0x0000,0x0000,0x0000,0x0000,0x0000,0x0000,0x0000,
0x0000,0x0000,0x0000,0x0000,0x0000,0x0800,0x0001,0x38e0,0x5161,0x5161,0x5161,0x5982,0x5962,0x5141,0x5982,0x6182,
0x69a1,0x79e1,0xa2e2,0x9a81,0x8200,0x6160,0x5120,0x4920,0x4100,0x38c0,0x38c0,0x38c0,0x4100,0x5120,0x9ae1,0xab22,
0x8a61,0x8a81,0x92a1,0x92a1,0x8a81,0x92a1,0xa301,0xa2e1,0xcc23,0xc3e2,0x6980,0x30a0,0x1020,0x1860,0x1840,0x38a0,
0x8a60,0xe524,0xfe06,0xf565,0xf5c7,0xf6ab,0xf66c,0xee2c,0xee6e,0xf733,0xffb7,0xff93,0xf6ee,0xfeaa,0xed40,0xcb80,
0x9220,0x6980,0x2040,0x0820,0x0820,0x0001,0x0001,0x0001,0x0001,0x0800,0x0800,0x1020,0x0820,0x1040,0x1040,0x0820,
0x1860,0x1840,0x1020,0x0001,0x20a0,0x0000,0x0000,0x0000,0x0000,0x0000,0x0000,0x0000,0x0000,0x0000,0x0000,0x0000,
0x0000,0x0000,0x0000,0x0000,0x0000,0x0000,0x0000,0x0000,0x0000,0x0000,0x0000,0x0000,0x0000,0x0000,0x0000,0x0000,
0x0000,0x0000,0x0000,0x0000,0x0000,0x0000,0x0000,0x0000,0x0000,0x0000,0x0000,0x0000,0x0000,0x0000,0x0000,0x0000,
0x0000,0x0000,0x0000,0x0000,0x0000,0x0800,0x0001,0x38e1,0x5981,0x5141,0x5961,0x5962,0x5982,0x5161,0x5961,0x5981,
0x5961,0x6980,0x8201,0x9241,0x9a81,0xb321,0xcba2,0xcbe2,0xcbc2,0xc382,0xbb61,0xbb81,0xbb82,0xbba2,0xb382,0xa301,
0x8a81,0x8a81,0x92a1,0x92a1,0x8a81,0x92a1,0x9ac1,0xbb82,0xc3c2,0x9281,0x4920,0x0800,0x0820,0x2060,0x38e0,0x8220,
0xe503,0xfe47,0xf607,0xdca4,0xd442,0xd401,0xcbc0,0xc380,0xcba0,0xd420,0xe544,0xf66c,0xffd7,0xfffb,0xff0e,0xed21,
0xd3e0,0xaae0,0x6960,0x1020,0x0001,0x0020,0x0001,0x0001,0x0001,0x0820,0x0820,0x1020,0x1040,0x1860,0x1840,0x1020,
0x1020,0x1840,0x38c0,0x38e0,0x2080,0x1020,0x1860,0x0000,0x0000,0x0000,0x0000,0x0000,0x0000,0x0000,0x0000,0x0000,
0x0000,0x0000,0x0000,0x0000,0x0000,0x0000,0x0000,0x0000,0x0000,0x0000,0x0000,0x0000,0x0000,0x0000,0x0000,0x0000,
0x0000,0x0000,0x0000,0x0000,0x0000,0x0000,0x0000,0x0000,0x0000,0x0000,0x0000,0x0000,0x0000,0x0000,0x0000,0x0000,
0x0000,0x0000,0x0000,0x0000,0x0000,0x0800,0x0001,0x2080,0x5161,0x5961,0x5982,0x5982,0x5982,0x5961,0x5961,0x5981,
0x5961,0x5960,0x6160,0x6980,0x71a0,0x8a41,0x9aa1,0x9aa1,0x9261,0x8a41,0x8a61,0x8a61,0x8a61,0x8a61,0x9281,0x9281,
0x8a81,0x8a81,0x8a81,0x92a1,0x92a1,0x9281,0x9280,0xd423,0xc3c3,0x5120,0x30c0,0x1840,0x1040,0x2880,0x71a0,0xcc23,
0xfe07,0xed46,0xd443,0xd422,0xd422,0xcbc1,0xcbc2,0xcbe2,0xcbc2,0xcc01,0xd422,0xdc41,0xe503,0xf6ce,0xfff8,0xff4e,
0xed83,0xcbc0,0xaac0,0x5100,0x0800,0x0001,0x0001,0x0001,0x0001,0x0820,0x1040,0x1020,0x1040,0x1860,0x1860,0x1020,
0x2060,0x4920,0x4920,0x40e0,0x4920,0x3901,0x0800,0x1020,0x0000,0x0000,0x0000,0x0000,0x0000,0x0000,0x0000,0x0000,
0x0000,0x0000,0x0000,0x0000,0x0000,0x0000,0x0000,0x0000,0x0000,0x0000,0x0000,0x0000,0x0000,0x0000,0x0000,0x0000,
0x0000,0x0000,0x0000,0x0000,0x0000,0x0000,0x0000,0x0000,0x0000,0x0000,0x0000,0x0000,0x0000,0x0000,0x0000,0x0000,
0x0000,0x0000,0x0000,0x0000,0x0000,0x0800,0x0820,0x0001,0x2080,0x59a2,0x5982,0x59a2,0x5962,0x5161,0x5961,0x5961,
0x5960,0x6181,0x69a0,0x71a0,0x71c0,0x71c0,0x79e0,0x71c0,0x6980,0x69a0,0x71e1,0x7a01,0x79e1,0x71e0,0x8221,0x8a61,
0x8a81,0x8a61,0x8a61,0x8a81,0x92a1,0x92a1,0x9ac1,0xc3c2,0xa322,0x30a0,0x1820,0x1040,0x2040,0x5960,0xbb82,0xe4c4,
0xdc64,0xcc02,0xcbc1,0xcbe2,0xd402,0xdc42,0xdc83,0xd443,0xcc02,0xcbe2,0xc3c2,0xcbe2,0xcbc0,0xd420,0xe586,0xff0e,
0xf607,0xdc40,0xb2e0,0x9a60,0x38c0,0x0001,0x0001,0x0001,0x0820,0x0820,0x1040,0x1040,0x1020,0x1840,0x1860,0x1020,
0x2060,0x5980,0x69a0,0x48e0,0x5120,0x7201,0x5980,0x1040,0x1840,0x0000,0x0000,0x0000,0x0000,0x0000,0x0000,0x0000,
0x0000,0x0000,0x0000,0x0000,0x0000,0x0000,0x0000,0x0000,0x0000,0x0000,0x0000,0x0000,0x0000,0x0000,0x0000,0x0000,
0x0000,0x0000,0x0000,0x0000,0x0000,0x0000,0x0000,0x0000,0x0000,0x0000,0x0000,0x0000,0x0000,0x0000,0x0000,0x0000,
0x0000,0x0000,0x0000,0x0000,0x0000,0x1020,0x0800,0x0001,0x0001,0x2080,0x4121,0x5982,0x61c2,0x61a2,0x5981,0x5961,
0x6181,0x6180,0x69a0,0x71c0,0x71c0,0x79e0,0x79e0,0x71e0,0x71c0,0x6180,0x69a0,0x71e0,0x71e0,0x69a0,0x8221,0x8a81,
0x8a61,0x8a81,0x8a81,0x9281,0x9281,0x9281,0xb362,0xab22,0x61a0,0x2880,0x1840,0x1020,0x30a0,0x92c1,0xdc64,0xcc03,
0xbb82,0xc3a2,0xcbe2,0xc3c1,0xcbc2,0xd443,0xdc64,0xd444,0xcc03,0xc3e2,0xc3c2,0xc3a2,0xc3e2,0xcbe2,0xd421,0xed65,
0xfe07,0xed85,0xd442,0xb320,0x71a0,0x0001,0x0001,0x0001,0x0820,0x1040,0x1040,0x1040,0x1040,0x1860,0x1860,0x1840,
0x1840,0x2060,0x4900,0x7a21,0x69c0,0x69a0,0x8220,0x6180,0x2060,0x0800,0x0000,0x0000,0x0000,0x0000,0x0000,0x0000,
0x0000,0x0000,0x0000,0x0000,0x0000,0x0000,0x0000,0x0000,0x0000,0x0000,0x0000,0x0000,0x0000,0x0000,0x0000,0x0000,
0x0000,0x0000,0x0000,0x0000,0x0000,0x0000,0x0000,0x0000,0x0000,0x0000,0x0000,0x0000,0x0000,0x0000,0x0000,0x0000,
0x0000,0x0000,0x0000,0x0000,0x0000,0x0000,0x1040,0x0001,0x0020,0x0001,0x0800,0x30e1,0x59c2,0x59a2,0x5161,0x6181,
0x6180,0x69a0,0x71e1,0x79e1,0x71e0,0x71e0,0x8221,0x7a00,0x71e0,0x69a0,0x6180,0x69a0,0x71c0,0x6180,0x71e0,0x8241,
0x8241,0x8241,0x8241,0x8a61,0x8a61,0x9280,0xcc03,0x9ae2,0x38a0,0x2880,0x2040,0x2860,0x5940,0xb383,0xc3c3,0xb341,
0xc3c2,0xcbe3,0xcbc2,0xcbe2,0xab22,0x7a01,0x69a1,0x5941,0x6161,0x8a62,0xbbc4,0xc403,0xbbc2,0xc3e2,0xd443,0xdc83,
0xed45,0xfeac,0xedc8,0x9a80,0x79c0,0x2040,0x0001,0x0800,0x0820,0x1040,0x1040,0x1040,0x1860,0x1860,0x1860,0x1840,
0x1860,0x0820,0x0800,0x48e0,0x8a81,0x9ac1,0x8a40,0x92a0,0x7a00,0x38e0,0x1000,0x28c0,0x0000,0x0000,0x0000,0x0000,
0x0000,0x0000,0x0000,0x0000,0x0000,0x0000,0x0000,0x0000,0x0000,0x0000,0x0000,0x0000,0x0000,0x0000,0x0000,0x0000,
0x0000,0x0000,0x0000,0x0000,0x0000,0x0000,0x0000,0x0000,0x0000,0x0000,0x0000,0x0000,0x0000,0x0000,0x0000,0x0000,
0x0000,0x0000,0x0000,0x0000,0x0000,0x0000,0x1040,0x0001,0x0001,0x1040,0x0820,0x0800,0x1020,0x1040,0x2060,0x59c2,
0x7202,0x7201,0x7a21,0x8221,0x7a01,0x71e0,0x7a20,0x8241,0x7201,0x69c0,0x69a0,0x71e1,0x71e1,0x6180,0x69a0,0x8241,
0x8241,0x8221,0x8220,0x8a40,0x8a61,0xa302,0xd424,0x8a82,0x2860,0x38e0,0x2040,0x30a0,0x8241,0xbba3,0xb362,0xab21,
0xc3c3,0xcbe3,0xcbe3,0xb342,0x69a1,0x38a0,0x40c0,0x40e0,0x40c0,0x40a0,0x6181,0x9b03,0xbba2,0xbbc2,0xc3e2,0xc3c1,
0xd422,0xf628,0xe546,0x8a20,0x9ac2,0x5981,0x0001,0x0800,0x0800,0x1040,0x1040,0x1860,0x1860,0x1860,0x1860,0x1860,
0x1840,0x1860,0x1840,0x1020,0x2080,0x7201,0xb361,0x9280,0x8a40,0x8a40,0x69a0,0x28a0,0x0820,0x0000,0x0000,0x0000,
0x0000,0x0000,0x0000,0x0000,0x0000,0x0000,0x0000,0x0000,0x0000,0x0000,0x0000,0x0000,0x0000,0x0000,0x0000,0x0000,
0x0000,0x0000,0x0000,0x0000,0x0000,0x0000,0x0000,0x0000,0x0000,0x0000,0x0000,0x0000,0x0000,0x0000,0x0000,0x0000,
0x0000,0x0000,0x0000,0x0000,0x0000,0x0000,0x1020,0x0001,0x0800,0x20a0,0x28a0,0x1040,0x0800,0x0800,0x0800,0x1040,
0x2060,0x2880,0x38e0,0x4941,0x61a0,0x7201,0x8a61,0x8a61,0x8241,0x71e0,0x7a21,0x8241,0x8221,0x8221,0x8a61,0x92a2,
0x9ae2,0xa303,0xa322,0xab43,0xb343,0xc3a3,0xd443,0x7a01,0x2040,0x30c0,0x2880,0x4900,0x92a1,0xbba3,0xb342,0xb342,
0xbb82,0xc3a2,0xb342,0x6980,0x50e0,0x69c1,0x7a02,0x7201,0x71e1,0x69a0,0x4900,0x48c0,0xab22,0xcc03,0xcc02,0xc3e2,
0xc3e1,0xed66,0xed87,0xbbc2,0xc3e3,0x8241,0x1000,0x0800,0x0820,0x1040,0x1040,0x1840,0x1840,0x1840,0x1860,0x2060,
0x2060,0x2080,0x2080,0x1020,0x0001,0x1020,0x7200,0xbb81,0xab01,0x9a60,0xc3c1,0x8a60,0x1020,0x0001,0x0000,0x0000,
0x0000,0x0000,0x0000,0x0000,0x0000,0x0000,0x0000,0x0000,0x0000,0x0000,0x0000,0x0000,0x0000,0x0000,0x0000,0x0000,
0x0000,0x0000,0x0000,0x0000,0x0000,0x0000,0x0000,0x0000,0x0000,0x0000,0x0000,0x0000,0x0000,0x0000,0x0000,0x0000,
0x0000,0x0000,0x0000,0x0000,0x0000,0x0000,0x0000,0x0001,0x1020,0x2880,0x2880,0x2080,0x2080,0x1860,0x1840,0x0820,
0x0001,0x0800,0x1020,0x1840,0x2080,0x4940,0x61c1,0x59a1,0x4920,0x4100,0x61c1,0x69e1,0x69c0,0x7201,0x7a21,0x7201,
0x71e1,0x7a01,0x8221,0x8261,0x8a61,0x9281,0xb3a3,0x69c1,0x2020,0x1840,0x2060,0x6180,0x9ae2,0xbb83,0xbb82,0xbb62,
0xc3a2,0xb342,0x6980,0x5120,0x71e1,0x8201,0x7a00,0x79e0,0x71c0,0x79e0,0x7a01,0x5920,0x79e0,0xd444,0xcc22,0xc3e2,
0xc3c1,0xe505,0xf5e8,0xdcc5,0xbbc2,0x8a41,0x1840,0x0001,0x0820,0x1040,0x1860,0x1860,0x1860,0x2060,0x2080,0x2060,
0x28a0,0x2880,0x2060,0x2080,0x2080,0x1860,0x28a0,0x71e0,0xa301,0xcbe1,0xbb80,0xcbc0,0x9ac1,0x30a0,0x0820,0x0000,
0x0000,0x0000,0x0000,0x0000,0x0000,0x0000,0x0000,0x0000,0x0000,0x0000,0x0000,0x0000,0x0000,0x0000,0x0000,0x0000,
0x0000,0x0000,0x0000,0x0000,0x0000,0x0000,0x0000,0x0000,0x0000,0x0000,0x0000,0x0000,0x0000,0x0000,0x0000,0x0000,
0x0000,0x0000,0x0000,0x0000,0x0000,0x0000,0x0000,0x0001,0x2080,0x61e2,0x4101,0x1860,0x1040,0x2060,0x28a0,0x2880,
0x28a0,0x30a0,0x2880,0x1840,0x1020,0x1020,0x0800,0x0001,0x0001,0x0001,0x0820,0x1020,0x1040,0x1860,0x2080,0x2080,
0x2080,0x28a0,0x28a0,0x28a0,0x30a0,0x30c0,0x38e0,0x2880,0x2040,0x1020,0x1840,0x69c1,0xa302,0xbb82,0xbba2,0xb341,
0xd423,0xbb62,0x5100,0x69a1,0x7a20,0x7a00,0x79e0,0x79e0,0x71c0,0x71c0,0x8240,0x71e0,0x5920,0xbba3,0xd443,0xc3c2,
0xc3c1,0xd463,0xf567,0xd464,0xb361,0x8a41,0x2860,0x0001,0x0820,0x1840,0x1860,0x1860,0x1860,0x2080,0x2080,0x2080,
0x2880,0x2880,0x2080,0x28a0,0x28a0,0x2880,0x2080,0x1840,0x38c0,0x8241,0xe4c1,0xcbc0,0xcbe1,0xbbc1,0x4100,0x1020,
0x1060,0x0000,0x0000,0x0000,0x0000,0x0000,0x0000,0x0000,0x0000,0x0000,0x0000,0x0000,0x0000,0x0000,0x0000,0x0000,
0x0000,0x0000,0x0000,0x0000,0x0000,0x0000,0x0000,0x0000,0x0000,0x0000,0x0000,0x0000,0x0000,0x0000,0x0000,0x0000,
0x0000,0x0000,0x0000,0x0000,0x0000,0x0000,0x0000,0x0001,0x1860,0x61c2,0x7a23,0x69e2,0x3900,0x2080,0x1840,0x1840,
0x2060,0x2880,0x30a0,0x30a0,0x30c0,0x28a0,0x2080,0x1860,0x1040,0x0820,0x0800,0x0001,0x0001,0x0001,0x0001,0x0001,
0x0001,0x0800,0x0800,0x1000,0x1020,0x1840,0x1840,0x1840,0x2860,0x1000,0x1820,0x69c1,0xa302,0xb362,0xc3c3,0xbba2,
0xdc63,0xb363,0x48e0,0x71c0,0x79e0,0x7a00,0x7a01,0x71e0,0x7a00,0x7a00,0x7a00,0x8221,0x5920,0x9281,0xd463,0xc3c2,
0xc402,0xcc02,0xcc23,0xbba1,0xab41,0x8221,0x2860,0x0001,0x0800,0x1840,0x2060,0x1860,0x2080,0x2060,0x2060,0x2880,
0x2880,0x2080,0x28a0,0x28a0,0x2880,0x2880,0x30a0,0x38e0,0x38c0,0x2880,0xa341,0xfd82,0xe4a1,0xbb40,0xb361,0x92a1,
0x2040,0x1020,0x0000,0x0000,0x0000,0x0000,0x0000,0x0000,0x0000,0x0000,0x0000,0x0000,0x0000,0x0000,0x0000,0x0000,
0x0000,0x0000,0x0000,0x0000,0x0000,0x0000,0x0000,0x0000,0x0000,0x0000,0x0000,0x0000,0x0000,0x0000,0x0000,0x0000,
0x0000,0x0000,0x0000,0x0000,0x0000,0x0000,0x0000,0x1020,0x0001,0x2880,0x61a1,0x8a83,0x9ae4,0x8263,0x5161,0x30a0,
0x2880,0x2880,0x2080,0x2060,0x28a0,0x28c0,0x28c0,0x28a0,0x28a0,0x20a0,0x20a0,0x2080,0x1860,0x1040,0x1860,0x1860,
0x2080,0x20a0,0x28a0,0x28a0,0x30c0,0x30c0,0x30a0,0x30a0,0x30a0,0x1000,0x1820,0x69a0,0x9ac1,0xbba3,0xbba3,0xbba2,
0xe4a3,0x9ae1,0x40c0,0x71c0,0x71e0,0x71e0,0x7a00,0x7a00,0x7a00,0x7a00,0x8220,0x8241,0x5900,0x8a41,0xd463,0xc3e2,
0xc402,0xcc22,0xbba2,0xb361,0xa321,0x79c0,0x2860,0x0001,0x0800,0x1020,0x2060,0x1860,0x1860,0x2060,0x2060,0x2080,
0x2880,0x2880,0x28a0,0x30a0,0x28a0,0x30a0,0x38e0,0x4100,0x4900,0x40e0,0x38e0,0x8281,0xc3e2,0xd421,0xc3c0,0xcbe1,
0xab22,0x40e0,0x1840,0x0000,0x0000,0x0000,0x0000,0x0000,0x0000,0x0000,0x0000,0x0000,0x0000,0x0000,0x0000,0x0000,
0x0000,0x0000,0x0000,0x0000,0x0000,0x0000,0x0000,0x0000,0x0000,0x0000,0x0000,0x0000,0x0000,0x0000,0x0000,0x0000,
0x0000,0x0000,0x0000,0x0000,0x0000,0x0000,0x0000,0x0000,0x0001,0x0820,0x40e1,0x5981,0x7a22,0x9ac3,0xa303,0xa302,
0xa302,0x9ac2,0x69a0,0x40e0,0x2880,0x1020,0x0800,0x0001,0x0001,0x0001,0x0800,0x0820,0x0820,0x1020,0x1040,0x1860,
0x2080,0x28a0,0x28a0,0x30c0,0x30e0,0x38e0,0x30e0,0x30c0,0x2880,0x1000,0x1820,0x69a0,0x9ac1,0xab42,0xab22,0xb341,
0xd422,0xab01,0x48c0,0x69a0,0x71e0,0x71e0,0x71e0,0x7a00,0x7a00,0x8220,0x8a60,0x8240,0x5900,0xa2e2,0xd463,0xbba1,
0xc3c2,0xcc23,0xcc23,0xab22,0x9280,0x69a0,0x2860,0x0001,0x0001,0x0001,0x1020,0x1860,0x1860,0x2080,0x2080,0x2060,
0x2080,0x28a0,0x28a0,0x30a0,0x30c0,0x30c0,0x38e0,0x4100,0x4920,0x5140,0x40e0,0x1800,0x5160,0xdd02,0xe4c2,0xb300,
0xbb41,0xc3a1,0x69c1,0x2080,0x2060,0x0000,0x0000,0x0000,0x0000,0x0000,0x0000,0x0000,0x0000,0x0000,0x0000,0x0000,
0x0000,0x0000,0x0000,0x0000,0x0000,0x0000,0x0000,0x0000,0x0000,0x0000,0x0000,0x0000,0x0000,0x0000,0x0000,0x0000,
0x0000,0x0000,0x0000,0x0000,0x0000,0x0000,0x0000,0x0000,0x0001,0x0001,0x30e1,0x5982,0x5961,0x6161,0x71e1,0x9282,
0xa2e2,0xa2c1,0xab01,0xbb62,0xab61,0x9ae1,0x8261,0x7200,0x69c0,0x5160,0x4100,0x30c0,0x2880,0x30a0,0x2880,0x1820,
0x0800,0x1000,0x1820,0x1820,0x1840,0x1840,0x1020,0x1820,0x2880,0x1000,0x2060,0x69a0,0x8a81,0x9ac1,0xa2e1,0xab22,
0xbb41,0xed04,0x8a81,0x5120,0x71e1,0x71e0,0x7200,0x7200,0x7a20,0x8240,0x8a60,0x71e0,0x69a0,0xcc24,0xcc22,0xb361,
0xbb82,0xcc23,0xd444,0x9281,0x79e0,0x5960,0x2040,0x0800,0x0800,0x1020,0x0800,0x0001,0x1040,0x1860,0x2080,0x2080,
0x2060,0x28a0,0x30c0,0x30a0,0x30c0,0x30c0,0x30c0,0x4100,0x4920,0x4900,0x4900,0x5120,0x4921,0x3060,0xab82,0xed63,
0xdcc2,0xd421,0xbb61,0x8a61,0x38c0,0x2080,0x0000,0x0000,0x0000,0x0000,0x0000,0x0000,0x0000,0x0000,0x0000,0x0000,
0x0000,0x0000,0x0000,0x0000,0x0000,0x0000,0x0000,0x0000,0x0000,0x0000,0x0000,0x0000,0x0000,0x0000,0x0000,0x0000,
0x0000,0x0000,0x0000,0x0000,0x0000,0x0000,0x0000,0x0000,0x0820,0x0800,0x28a0,0x5982,0x5982,0x61a2,0x5141,0x4921,
0x5940,0x71c0,0x8a41,0x9ac1,0xab21,0xb342,0xbb62,0xcbc2,0xdc62,0xdc42,0xc3c1,0xb361,0xab01,0xab21,0xab42,0x8a81,
0x7a21,0x7a41,0x7a41,0x7a21,0x7221,0x7201,0x69e1,0x7a61,0x40e0,0x2860,0x2060,0x4100,0x79e0,0x9aa1,0xa302,0xa2e2,
0xb301,0xf5c4,0xdce3,0x4060,0x5120,0x7201,0x7a21,0x8241,0x8261,0x8261,0x71a0,0x5900,0xb363,0xd484,0xbb81,0xb362,
0xab21,0xc3e2,0xc403,0x79e0,0x69a0,0x40c0,0x1800,0x4100,0x8241,0xab43,0x9b23,0x1840,0x0001,0x0820,0x1040,0x1860,
0x28a0,0x28a0,0x30c0,0x30c0,0x30c0,0x30c0,0x30c0,0x38e0,0x4900,0x5120,0x4920,0x5120,0x5120,0x30a0,0x2040,0xa3a3,
0xfe65,0xf583,0xcbc1,0xcbe1,0xcc22,0x5140,0x1020,0x3101,0x0000,0x0000,0x0000,0x0000,0x0000,0x0000,0x0000,0x0000,
0x0000,0x0000,0x0000,0x0000,0x0000,0x0000,0x0000,0x0000,0x0000,0x0000,0x0000,0x0000,0x0000,0x0000,0x0000,0x0000,
0x0000,0x0000,0x0000,0x0000,0x0000,0x0000,0x0000,0x0000,0x0000,0x0001,0x1840,0x4961,0x59a2,0x59a2,0x59a2,0x4921,
0x5962,0x71c1,0x69a0,0x5940,0x5120,0x4900,0x5120,0x8221,0x9aa1,0xa2e1,0xbb62,0xc3a2,0xbb62,0xcc23,0xdc63,0xdc83,
0xece4,0xfd64,0xfd84,0xfda5,0xfde5,0xfe26,0xfe87,0xdce4,0x48e0,0x3080,0x0800,0x1840,0x69c1,0x9281,0x9ac1,0xa2e2,
0xa302,0xa2e0,0xdc62,0xab82,0x5960,0x40e0,0x5960,0x6180,0x5980,0x5940,0x7201,0xab43,0xcc04,0xbb82,0xbb82,0xb341,
0xab00,0xc3c2,0xb362,0x71c0,0x6160,0x2860,0x0800,0x5120,0xab21,0xc3a0,0xe4a2,0x9ac2,0x30c0,0x0001,0x0001,0x0840,
0x2080,0x28a0,0x30c0,0x30c0,0x30c0,0x30c0,0x30c0,0x38e0,0x4920,0x4920,0x5120,0x5120,0x4900,0x4920,0x40e0,0x2860,
0x40e0,0xd4c3,0xfee6,0xdc61,0xcba1,0xd462,0x8261,0x2880,0x2080,0x0000,0x0000,0x0000,0x0000,0x0000,0x0000,0x0000,
0x0000,0x0000,0x0000,0x0000,0x0000,0x0000,0x0000,0x0000,0x0000,0x0000,0x0000,0x0000,0x0000,0x0000,0x0000,0x0000,
0x0000,0x0000,0x0000,0x0000,0x0000,0x0000,0x0000,0x0000,0x0000,0x0001,0x0800,0x3901,0x59a2,0x59a2,0x61c3,0x4922,
0x5162,0x69a1,0x6160,0x6160,0x5960,0x5120,0x5961,0x7a01,0x6981,0x6181,0x71c1,0x79e1,0x79c1,0x8201,0x8221,0x8221,
0x9aa2,0xa302,0xab22,0xb342,0xab42,0xb363,0xdcc4,0xc423,0x5100,0x30c0,0x0001,0x0800,0x5981,0x8241,0x9281,0x9b02,
0x9ac2,0x8a01,0xab20,0xfe86,0xdd45,0x8221,0x6180,0x61a0,0x69a1,0x7a00,0xd485,0xe4e6,0xab22,0xab01,0xbb82,0xb341,
0xb321,0xc3e2,0x9ac1,0x71e0,0x4900,0x1820,0x1020,0x3060,0x92a1,0xd4a3,0xd461,0xe4a1,0xdcc3,0x9b42,0x4120,0x0001,
0x0001,0x1840,0x30c0,0x30c0,0x30c0,0x38c0,0x38c0,0x38e0,0x4900,0x4920,0x5120,0x5120,0x4920,0x4900,0x4100,0x40e0,
0x2860,0x5961,0xb464,0xf584,0xdce2,0xd440,0xe481,0xbbc1,0x30c0,0x0820,0x0000,0x0000,0x0000,0x0000,0x0000,0x0000,
0x0000,0x0000,0x0000,0x0000,0x0000,0x0000,0x0000,0x0000,0x0000,0x0000,0x0000,0x0000,0x0000,0x0000,0x0000,0x0000,
0x0000,0x0000,0x0000,0x0000,0x0000,0x0000,0x0000,0x0000,0x0000,0x0001,0x0800,0x2880,0x59a2,0x59a2,0x59c3,0x4983,
0x38e1,0x6181,0x6180,0x6180,0x61a1,0x5120,0x6181,0x71e1,0x6981,0x5940,0x6180,0x71c1,0x69a1,0x71c1,0x71c1,0x71a0,
0x79c1,0x8a21,0x9241,0x8a21,0x81e1,0x5900,0x92a2,0xdca4,0x6980,0x38e0,0x0800,0x0001,0x30a0,0x7a21,0x8261,0x8a61,
0x9ae2,0x9ac2,0x8a61,0x9a80,0xab21,0xe4a4,0xed86,0xf587,0xf5a7,0xd464,0xb341,0xb362,0xab22,0xab22,0xa301,0xb362,
0xc3c3,0xa301,0x8a40,0x71c0,0x2860,0x2040,0x1820,0x3040,0xd527,0xfff2,0xf6cb,0xeda3,0xed20,0xf562,0xd442,0x8ac2,
0x2080,0x0800,0x0800,0x2880,0x30c0,0x30c0,0x38e0,0x40e0,0x4100,0x4920,0x4920,0x4920,0x4920,0x4900,0x4100,0x40e0,
0x4900,0x38c0,0x0800,0x7241,0xff88,0xf623,0xe4a0,0xe440,0xcbe2,0x4940,0x0001,0x3921,0x0000,0x0000,0x0000,0x0000,
0x0000,0x0000,0x0000,0x0000,0x0000,0x0000,0x0000,0x0000,0x0000,0x0000,0x0000,0x0000,0x0000,0x0000,0x0000,0x0000,
0x0000,0x0000,0x0000,0x0000,0x0000,0x0000,0x0000,0x0000,0x0000,0x1860,0x1020,0x1840,0x5182,0x59c3,0x59c3,0x59c3,
0x3902,0x5141,0x69c1,0x6180,0x6181,0x5940,0x5960,0x71e1,0x71c1,0x69a1,0x69a0,0x69a0,0x79e1,0x8221,0x8a41,0x8221,
0x79e0,0x8a21,0x9261,0x9261,0x9261,0x81e1,0x9ae2,0xdce4,0x92a1,0x4100,0x1020,0x0001,0x1020,0x4920,0x7a01,0x8241,
0x8261,0x8a81,0x8a81,0x8a41,0x8221,0x9ae2,0xb342,0xbb82,0xbb82,0xab02,0x9aa1,0x9ac1,0xa302,0x9ac1,0x9ac1,0xb342,
0xa322,0x71e0,0x7a01,0x4900,0x1800,0x2880,0x3060,0x71c0,0xdd04,0xf68a,0xff2c,0xff09,0xf687,0xe502,0xe4c0,0xf522,
0xcc03,0x7221,0x3900,0x1820,0x1040,0x1040,0x2060,0x38e0,0x4920,0x4920,0x4900,0x4920,0x4920,0x4900,0x4900,0x4100,
0x40e0,0x4900,0x40e0,0x3080,0x8ae3,0xdd44,0xfe63,0xed42,0xe461,0xdc41,0x6a01,0x1020,0x30c1,0x0000,0x0000,0x0000,
0x0000,0x0000,0x0000,0x0000,0x0000,0x0000,0x0000,0x0000,0x0000,0x0000,0x0000,0x0000,0x0000,0x0000,0x0000,0x0000,
0x0000,0x0000,0x0000,0x0000,0x0000,0x0000,0x0000,0x0000,0x0000,0x0000,0x0800,0x0800,0x30c1,0x59c3,0x59c3,0x59a3,
0x4983,0x4942,0x5981,0x5960,0x5940,0x5961,0x5960,0x69c1,0x71e1,0x7a01,0x7a01,0x71c0,0x7a01,0x8a41,0x8a41,0x8a21,
0x8200,0x8200,0x8200,0x9241,0x9261,0x9281,0x79c1,0xa301,0xd463,0x69c0,0x1840,0x0820,0x0800,0x1820,0x5160,0x7a21,
0x7a21,0x8261,0x8261,0x8241,0x8a61,0x8241,0x8a40,0x9261,0x9281,0x9ac1,0x9ac1,0x92a1,0x92a1,0x9281,0xab42,0xa2e2,
0x69c0,0x61a0,0x4900,0x1820,0x2040,0x38a0,0x5960,0xe4e3,0xdc61,0xaae0,0xb320,0xd4c3,0xff2c,0xff8f,0xf6c9,0xf5a3,
0xf502,0xed02,0xdca2,0x8261,0x2880,0x1840,0x1040,0x1860,0x28a0,0x38e0,0x4920,0x4920,0x4920,0x4920,0x4900,0x4100,
0x4100,0x4100,0x4920,0x4100,0x1800,0x38a0,0xdd23,0xff05,0xf5c2,0xe480,0xcbc0,0x8ac1,0x3101,0x0800,0x30e0,0x0000,
0x0000,0x0000,0x0000,0x0000,0x0000,0x0000,0x0000,0x0000,0x0000,0x0000,0x0000,0x0000,0x0000,0x0000,0x0000,0x0000,
0x0000,0x0000,0x0000,0x0000,0x0000,0x0000,0x0000,0x0000,0x0000,0x0000,0x0800,0x0800,0x1020,0x5182,0x51a3,0x51a3,
0x59c4,0x5182,0x5141,0x5960,0x5960,0x5940,0x5960,0x69a1,0x79e1,0x79e1,0x7a01,0x71c1,0x71c0,0x8221,0x8a41,0x8221,
0x8a41,0x8221,0x8a21,0x9281,0x9281,0x8a41,0x71a1,0x79e1,0xdca3,0xbc03,0x3080,0x1860,0x0800,0x1020,0x1840,0x4940,
0x7242,0x7a01,0x7a21,0x8261,0x8261,0x8a81,0x92c1,0xa302,0xa302,0xa302,0xa2e2,0x9ac1,0x9ae2,0xab63,0x9ae2,0x7200,
0x5960,0x38e0,0x1020,0x0820,0x30a0,0x3860,0x92a1,0xf563,0xd442,0xa2a1,0x9220,0x79a0,0x9a60,0xf64a,0xffd0,0xff4c,
0xf646,0xf582,0xfd81,0xfd63,0xdcc4,0xd505,0x69e1,0x0800,0x0800,0x1020,0x28a0,0x4100,0x5140,0x4920,0x4920,0x4900,
0x4900,0x4100,0x4100,0x4100,0x4120,0x28a0,0x48e0,0x9b22,0xeda4,0xfe03,0xe4e1,0xe4e1,0xab61,0x4940,0x1040,0x1860,
0x0000,0x0000,0x0000,0x0000,0x0000,0x0000,0x0000,0x0000,0x0000,0x0000,0x0000,0x0000,0x0000,0x0000,0x0000,0x0000,
0x0000,0x0000,0x0000,0x0000,0x0000,0x0000,0x0000,0x0000,0x0000,0x0000,0x0000,0x0800,0x1020,0x3901,0x4962,0x51a3,
0x59c3,0x59c3,0x5981,0x6180,0x69c1,0x69a1,0x6180,0x69a0,0x71e0,0x7a01,0x79e0,0x71c1,0x71c0,0x7a00,0x8a41,0x8a21,
0x8221,0x8221,0x8a21,0x8a41,0x8a41,0x8201,0x8221,0x79e1,0x9ae1,0xed64,0x9b02,0x3040,0x2880,0x1000,0x1020,0x1820,
0x30c0,0x4941,0x69c1,0x8261,0x8261,0x8a81,0x9ae2,0xa322,0xab22,0xab42,0xa322,0xa323,0x8aa2,0x71e1,0x6180,0x5980,
0x38e0,0x0800,0x0820,0x1840,0x2840,0x7a00,0xe4a3,0xdca3,0xaae0,0xa2c1,0x9a81,0x9261,0x9a60,0xa2a0,0xa2c1,0xcc45,
0xff4e,0xff4f,0xfeeb,0xfe25,0xfe04,0xfe24,0xdca3,0xb3a3,0x9b63,0x38e1,0x0800,0x1840,0x2880,0x38c0,0x40e0,0x4100,
0x4920,0x4920,0x4100,0x4120,0x4100,0x4100,0x2880,0x2040,0x5120,0xee05,0xff25,0xe4c0,0xdc80,0xe542,0x7a81,0x0800,
0x1040,0x0000,0x0000,0x0000,0x0000,0x0000,0x0000,0x0000,0x0000,0x0000,0x0000,0x0000,0x0000,0x0000,0x0000,0x0000,
0x0000,0x0000,0x0000,0x0000,0x0000,0x0000,0x0000,0x0000,0x0000,0x0000,0x0000,0x1020,0x0820,0x1820,0x4942,0x5182,
0x59a3,0x59a3,0x59a2,0x61a1,0x5981,0x6181,0x71e1,0x7a01,0x8220,0x8220,0x8a20,0x8200,0x81e0,0x8200,0x8220,0x8221,
0x8221,0x8201,0x8200,0x8200,0x8220,0x8a41,0x8221,0x8201,0x79e1,0xa2e1,0xed65,0x9b02,0x3880,0x2880,0x1000,0x1020,
0x0800,0x1000,0x4120,0x4920,0x6180,0x8aa2,0x9b02,0xa302,0xa322,0x9ae2,0x8a61,0x71e0,0x6180,0x40e0,0x30a0,0x1860,
0x0001,0x1040,0x2080,0x2880,0x7180,0xed23,0xf564,0xbb61,0xa2a0,0xa2c1,0xa2c1,0xab01,0xab21,0x9241,0x81a0,0xa260,
0xdcc5,0xf6ae,0xff10,0xff2f,0xee49,0xf605,0xfe65,0xfea4,0xfde3,0xc3c2,0x8ac2,0x59c1,0x2080,0x0800,0x1020,0x2880,
0x40e0,0x4100,0x4100,0x4120,0x4100,0x4100,0x4120,0x30c0,0x2040,0x61c0,0xc422,0xfe64,0xfe83,0xe521,0xdcc2,0x8ac2,
0x2040,0x28a0,0x0000,0x0000,0x0000,0x0000,0x0000,0x0000,0x0000,0x0000,0x0000,0x0000,0x0000,0x0000,0x0000,0x0000,
0x0000,0x0000,0x0000,0x0000,0x0000,0x0000,0x0000,0x0000,0x0000,0x0000,0x0000,0x0000,0x0800,0x1020,0x4982,0x5182,
0x5162,0x5982,0x61c2,0x61a1,0x1840,0x1020,0x38e0,0x6180,0x71e1,0x8221,0x8a61,0x9261,0x9261,0x9261,0x9281,0x9241,
0x8200,0x7a00,0x79e0,0x8201,0x8221,0x8a41,0x8221,0x7a01,0x81e1,0x81e1,0xa2e1,0xfe25,0x8241,0x3040,0x2880,0x1020,
0x1040,0x0800,0x0800,0x1020,0x2880,0x4940,0x61a1,0x71e1,0x69c1,0x6180,0x5120,0x38c0,0x30a0,0x1040,0x0001,0x0001,
0x0820,0x2080,0x2840,0x6980,0xed84,0xfe06,0xc3e2,0xa2a0,0xa2c1,0xa2c1,0xaae1,0xa2a1,0xaae1,0xbb42,0xbb62,0xb301,
0xaa80,0xa280,0xbb21,0xf68d,0xfff6,0xff93,0xfeeb,0xf604,0xf561,0xf5c2,0xfe23,0xfe04,0xc423,0x59a1,0x3900,0x28a0,
0x2060,0x1860,0x2060,0x28a0,0x30c0,0x38e0,0x38e0,0x4100,0x4120,0x30a0,0x3060,0x8ac1,0xee04,0xf604,0xe561,0xed22,
0xb383,0x2880,0x0800,0x28c0,0x0000,0x0000,0x0000,0x0000,0x0000,0x0000,0x0000,0x0000,0x0000,0x0000,0x0000,0x0000,
0x0000,0x0000,0x0000,0x0000,0x0000,0x0000,0x0000,0x0000,0x0000,0x0000,0x0000,0x0000,0x1020,0x1020,0x30c1,0x5182,
0x4942,0x5982,0x61c2,0x7202,0x20a0,0x0001,0x1020,0x1020,0x2040,0x3080,0x38c0,0x38e0,0x40e0,0x40e0,0x4920,0x7201,
0x9282,0x71e0,0x71e0,0x7a01,0x8221,0x8221,0x8221,0x7a01,0x81e1,0x9261,0x8a21,0xab21,0xf584,0xa341,0x40c0,0x1040,
0x0001,0x0820,0x0820,0x0020,0x0001,0x0800,0x1000,0x1820,0x2040,0x1820,0x0800,0x0001,0x0001,0x0001,0x0001,0x0800,
0x1020,0x2020,0x6160,0xdcc4,0xfe26,0xcc43,0xa2c1,0xa2c1,0xa2e1,0xaae1,0x9a81,0x9a80,0xbb83,0xc382,0xbb42,0xb341,
0xb322,0xab02,0xaae0,0xb361,0xbc05,0xdd6a,0xff2f,0xffb0,0xff6e,0xf6ea,0xf624,0xf580,0xf561,0xf563,0xf5a4,0xabc3,
0x30a0,0x2060,0x1860,0x1040,0x1040,0x1040,0x1860,0x30c0,0x4100,0x38e0,0x38c0,0x2860,0x5960,0xc462,0xf5c3,0xe4a1,
0xdcc2,0xbbe3,0x4100,0x1840,0x2880,0x0000,0x0000,0x0000,0x0000,0x0000,0x0000,0x0000,0x0000,0x0000,0x0000,0x0000,
0x0000,0x0000,0x0000,0x0000,0x0000,0x0000,0x0000,0x0000,0x0000,0x0000,0x0000,0x0000,0x0000,0x1020,0x1040,0x51a3,
0x59c2,0x5162,0x61c2,0x7202,0x61c1,0x2060,0x1820,0x1000,0x1020,0x1020,0x1820,0x1820,0x1840,0x2040,0x0800,0x4941,
0xb384,0x69a0,0x71c0,0x71e0,0x7a01,0x8241,0x8241,0x8201,0x8a41,0x8a41,0x9a82,0x9200,0xc3c1,0xfea4,0xbbe1,0x61c1,
0x30e1,0x0800,0x0001,0x0001,0x0001,0x0001,0x0001,0x0001,0x0001,0x0001,0x0001,0x0001,0x1020,0x0820,0x0800,0x2040,
0x5120,0xa322,0xe525,0xd4a4,0x9aa1,0x9a80,0xa2c1,0xab21,0xaae1,0xab01,0xa2e1,0xa2c1,0xbb83,0xc3a2,0xbb62,0xb341,
0xb341,0xb341,0xb321,0xaac1,0x9240,0xa2a0,0xd4a4,0xe5c9,0xee2c,0xff71,0xff90,0xff0a,0xfea7,0xfe24,0xfe04,0xf5a3,
0xd4a4,0xcc84,0xbc23,0x4940,0x0001,0x0001,0x0800,0x1840,0x1840,0x2060,0x2080,0x28a0,0x2060,0x38c0,0x92c1,0xf5a4,
0xdc82,0xdc81,0xdca3,0x92c2,0x38e0,0x1800,0x38e0,0x0000,0x0000,0x0000,0x0000,0x0000,0x0000,0x0000,0x0000,0x0000,
0x0000,0x0000,0x0000,0x0000,0x0000,0x0000,0x0000,0x0000,0x0000,0x0000,0x0000,0x0000,0x0000,0x1840,0x1020,0x4142,
0x4942,0x4101,0x61e3,0x69e2,0x8263,0x59a2,0x2880,0x6160,0x69a0,0x5140,0x4900,0x48e0,0x40c0,0x30c0,0x2040,0x4961,
0xa323,0x69a0,0x71c0,0x71c0,0x7a01,0x8241,0x8241,0x8201,0x8a41,0x8a21,0x8a21,0xa2a1,0x9241,0xbb81,0xfe23,0xdce3,
0xa321,0x6180,0x2860,0x1840,0x0820,0x0001,0x0001,0x0001,0x0001,0x0001,0x1000,0x1840,0x28a0,0x1840,0x1000,0x38c0,
0xc423,0xed45,0xbba2,0x8a40,0x8a41,0x9aa1,0xa2c1,0xa2e1,0xaae1,0xb342,0xb322,0xab01,0xbb62,0xc382,0xbb62,0xb341,
0xb341,0xb342,0xb321,0xb342,0xc3a2,0xcbe3,0xc381,0xbb20,0xbb20,0xe524,0xff0d,0xffb1,0xffd3,0xff6f,0xf669,0xfe46,
0xfe24,0xfde3,0xfd82,0xcc42,0x9ae2,0x8ac2,0x59a1,0x0001,0x0001,0x0800,0x0800,0x1020,0x1040,0x1860,0x2060,0x5181,
0x8241,0xdca2,0xec81,0xece2,0xd463,0x5120,0x2040,0x2880,0x0000,0x0000,0x0000,0x0000,0x0000,0x0000,0x0000,0x0000,
0x0000,0x0000,0x0000,0x0000,0x0000,0x0000,0x0000,0x0000,0x0000,0x0000,0x0000,0x0000,0x0000,0x0000,0x1020,0x1840,
0x28a0,0x4121,0x5182,0x6a03,0x7202,0x59a2,0x40e0,0x9261,0xbb40,0xbb20,0xb300,0xbb40,0xa2e0,0x38a0,0x1840,0x2860,
0x8241,0x8241,0x69a0,0x71e1,0x71e1,0x7a01,0x71c0,0x79e0,0x8a41,0x9261,0x9241,0x9241,0x8a01,0x81c1,0x9a81,0xcc62,
0xdca2,0xdd04,0xd525,0xb402,0x92a1,0x7a21,0x69a1,0x5961,0x6160,0x69e0,0x38c0,0x2040,0x30a0,0x2040,0x1020,0x38c0,
0xb3a2,0xc3c2,0x9240,0x8a41,0x9281,0x9281,0x9ac1,0x9aa1,0x9aa0,0xab01,0xb322,0xb342,0xb341,0xbb82,0xbb82,0xbb61,
0xb341,0xb342,0xb342,0xbb62,0xc3a2,0xc3c2,0xc3c2,0xc3c3,0xc3c3,0xc381,0xc3a0,0xcbe1,0xdca4,0xff2f,0xfff7,0xfff3,
0xff2c,0xfe88,0xfe25,0xfe03,0xfdc3,0xfd82,0xd462,0x8240,0x69e1,0x5980,0x4900,0x28a0,0x1020,0x0001,0x0001,0x0001,
0x0001,0x4961,0xcc23,0xe481,0xecc2,0xed03,0x71e1,0x2840,0x30e0,0x0000,0x0000,0x0000,0x0000,0x0000,0x0000,0x0000,
0x0000,0x0000,0x0000,0x0000,0x0000,0x0000,0x0000,0x0000,0x0000,0x0000,0x0000,0x0000,0x0000,0x0000,0x0000,0x0800,
0x1860,0x4121,0x59c2,0x69e3,0x61c2,0x5961,0x5141,0x69a1,0x79c0,0x8200,0x9240,0xab00,0xb321,0x5920,0x3080,0x3080,
0x7a21,0x92a2,0x69a0,0x69c1,0x69c0,0x6980,0x71e1,0x71e0,0x79e0,0x9281,0x9261,0x8a20,0x9a81,0xa2a2,0x8a41,0x8201,
0x8a61,0xb3e3,0xd586,0xe564,0xdc61,0xd442,0xd442,0xcc02,0xd442,0xcbe2,0x40c0,0x2040,0x30a0,0x2860,0x2060,0x2860,
0x69c0,0xab21,0x9ac1,0x8a61,0x9261,0x9aa1,0x9ac1,0xa2c1,0xa2c1,0xab01,0xb321,0xb321,0xb342,0xbb62,0xbb82,0xbb62,
0xb341,0xb341,0xbb82,0xc3a2,0xc3a2,0xc3a2,0xc3c2,0xc3c2,0xc3a2,0xc3a2,0xc3a2,0xcbc2,0xcbc1,0xe504,0xe5ca,0xedeb,
0xff50,0xfff8,0xffd4,0xff6e,0xf648,0xeda4,0xf5c4,0xfdc3,0xfda3,0xf542,0xed02,0xd462,0x9280,0x4900,0x28a0,0x2080,
0x2060,0x2020,0x8a40,0xece2,0xece2,0xece2,0xece3,0x7a21,0x1020,0x2080,0x0000,0x0000,0x0000,0x0000,0x0000,0x0000,
0x0000,0x0000,0x0000,0x0000,0x0000,0x0000,0x0000,0x0000,0x0000,0x0000,0x0000,0x0000,0x0000,0x0000,0x0000,0x0820,
0x0800,0x4121,0x6a03,0x61c2,0x69c2,0x6182,0x5161,0x5961,0x5960,0x6181,0x69a1,0x71a0,0x8200,0x79e0,0x69c1,0x5141,
0x4900,0x71e0,0x69c0,0x61a0,0x69a0,0x69c0,0x71e1,0x71e0,0x71c0,0x8a41,0x8a41,0x9241,0x9261,0x9241,0x9261,0x8a01,
0x79c1,0x7180,0x6940,0x79e0,0xcc63,0xede6,0xed85,0xe565,0xfea7,0xedc5,0x40c0,0x2060,0x3080,0x2880,0x2880,0x1020,
0x38c0,0xab22,0xa2e1,0x8a61,0x9261,0x92a1,0x9ac1,0xab02,0xb342,0xb342,0xab22,0xab01,0xb322,0xbb62,0xbb82,0xb342,
0xb341,0xb341,0xbba2,0xc3a2,0xc3a2,0xc3a2,0xc3c2,0xc3c2,0xc3a2,0xbba2,0xc403,0xd443,0xd463,0xd422,0xcbc1,0xcba0,
0xe525,0xf6ae,0xf6af,0xf6ad,0xff2e,0xff92,0xff4f,0xfea8,0xfdc4,0xf582,0xf562,0xed22,0xe4c2,0xdcc2,0xdce3,0xd4a3,
0xd4a3,0xdcc3,0xe503,0xed02,0xf542,0xe482,0xfd83,0xbbe3,0x0800,0x1860,0x0000,0x0000,0x0000,0x0000,0x0000,0x0000,
0x0000,0x0000,0x0000,0x0000,0x0000,0x0000,0x0000,0x0000,0x0000,0x0000,0x0000,0x0000,0x0000,0x0000,0x0000,0x0000,
0x0820,0x1020,0x4122,0x7223,0x69e2,0x61a2,0x5161,0x5961,0x69a1,0x6161,0x69a1,0x71c0,0x8200,0x8a20,0x4920,0x2060,
0x2060,0x71c1,0x8221,0x71e1,0x69c1,0x69c0,0x71c0,0x79e0,0x8241,0x71c0,0x8221,0x9261,0x8a41,0x8a21,0x8201,0x8201,
0x8221,0x8221,0x8221,0x8201,0x79c0,0x79a0,0x7180,0x6940,0xa302,0xf585,0x5960,0x2860,0x3080,0x2880,0x28a0,0x1000,
0x2080,0x9b02,0xab22,0x9281,0x8a61,0x9ac1,0xa2e2,0xa302,0xab02,0xb342,0xb342,0xab21,0xab01,0xb362,0xbb62,0xb341,
0xb321,0xbb61,0xbb82,0xc3a2,0xc3a2,0xc3a2,0xc3a2,0xc3c2,0xc3a2,0xc3a2,0xcc23,0xcc23,0xcc23,0xd443,0xd484,0xdc84,
0xd442,0xc3a0,0xc360,0xc380,0xe525,0xf6ce,0xf6ae,0xfe89,0xff2b,0xff4e,0xff4d,0xff0b,0xfea9,0xf626,0xf5a4,0xed42,
0xed02,0xed01,0xece2,0xe482,0xe4a2,0xfe05,0xf5c5,0x8ae2,0x0800,0x2080,0x0000,0x0000,0x0000,0x0000,0x0000,0x0000,
0x0000,0x0000,0x0000,0x0000,0x0000,0x0000,0x0000,0x0000,0x0000,0x0000,0x0000,0x0000,0x0000,0x0000,0x0000,0x0000,
0x1020,0x0001,0x1020,0x4942,0x6a03,0x69c2,0x5981,0x5981,0x6181,0x6181,0x6160,0x71c0,0x8a20,0xa2c0,0x6180,0x1820,
0x2060,0x61a1,0x9282,0x7a01,0x71e1,0x69c1,0x69a0,0x7a01,0x8a82,0x71a0,0x7a01,0x9261,0x8a41,0x8221,0x8201,0x8201,
0x7a01,0x7a01,0x7a01,0x8201,0x8221,0x8221,0x8a21,0x79c1,0x8a41,0xf524,0x9ac2,0x38c0,0x2860,0x2860,0x30c0,0x1820,
0x1840,0x9b02,0xb362,0x9281,0x9281,0x9ac1,0xa2e2,0xa2e2,0xa302,0xb343,0xb342,0xb342,0xab22,0xab21,0xbb62,0xcc03,
0xcbe3,0xbb82,0xbb81,0xbb81,0xc3c2,0xc3c2,0xc3c2,0xc3a2,0xc3c2,0xd464,0xd464,0xcc23,0xcc23,0xcc23,0xd463,0xd483,
0xdc63,0xd443,0xd443,0xcc02,0xbb81,0xb320,0xa2c0,0xaae0,0xe5a7,0xfecd,0xf6ac,0xf68b,0xfe8a,0xfeeb,0xff0c,0xfecb,
0xfeaa,0xfeea,0xff0b,0xfeea,0xfea8,0xf688,0x7221,0x1800,0x1840,0x0000,0x0000,0x0000,0x0000,0x0000,0x0000,0x0000,
0x0000,0x0000,0x0000,0x0000,0x0000,0x0000,0x0000,0x0000,0x0000,0x0000,0x0000,0x0000,0x0000,0x0000,0x0000,0x0000,
0x0000,0x1020,0x0820,0x1000,0x38e1,0x5161,0x59a2,0x61c2,0x69c1,0x6181,0x5120,0x6160,0x81e0,0xa2c0,0x8a40,0x2060,
0x2040,0x40e0,0x7a01,0x8221,0x71c0,0x71c0,0x71e0,0x71c0,0x8200,0x8241,0x8a61,0x8a61,0x8a41,0x8221,0x8221,0x8221,
0x7a01,0x7a01,0x7a01,0x8201,0x8a21,0x8a41,0x9261,0x8a41,0x9aa1,0xd442,0xd463,0x61a0,0x2040,0x2060,0x38e0,0x2060,
0x1000,0x8242,0xab42,0x9ac1,0x9281,0x9ac1,0x9ac2,0x9ac2,0xab23,0xa2e2,0x9260,0xab22,0xb322,0xb321,0xc3a2,0xcc03,
0xc3c2,0xb321,0xc3a2,0xcc03,0xc3c2,0xc3c2,0xc3c2,0xbba2,0xc3c2,0xdc84,0xd484,0xc3e2,0xc3c2,0xcc43,0xd463,0xd463,
0xdc63,0xdc63,0xd484,0xd443,0xc3c2,0xb362,0xb362,0xab21,0xb320,0xaae0,0x9aa0,0x9a60,0xa2e1,0xd4e5,0xe5c9,0xdd68,
0xd507,0xcce6,0xcd07,0xccc5,0xa362,0x59a1,0x1820,0x1020,0x0000,0x0000,0x0000,0x0000,0x0000,0x0000,0x0000,0x0000,
0x0000,0x0000,0x0000,0x0000,0x0000,0x0000,0x0000,0x0000,0x0000,0x0000,0x0000,0x0000,0x0000,0x0000,0x0000,0x0000,
0x0000,0x0000,0x0800,0x0001,0x0800,0x2080,0x38e1,0x5161,0x69c2,0x6181,0x5940,0x6160,0x7a00,0x9260,0x9ac1,0x38c0,
0x2040,0x3080,0x5960,0x8a61,0x8a61,0x8241,0x8221,0x8241,0x8a41,0x9281,0x9281,0x8a61,0x8a41,0x8a41,0x8221,0x8221,
0x7a01,0x79e1,0x7a01,0x8221,0x8221,0x8a41,0x8a41,0x9261,0x8200,0xa2e1,0xf585,0x92a1,0x2020,0x2060,0x30a0,0x28a0,
0x1020,0x38c0,0x8a61,0xa302,0x9aa1,0x9281,0x8a61,0x9281,0x9ac2,0x9261,0x9261,0xa2e2,0xab01,0xbb62,0xc3c3,0xb321,
0xb341,0xab21,0xc3c2,0xd443,0xc3c2,0xc3e2,0xc3c2,0xbbc2,0xbb82,0xc3c2,0xcc02,0xc3c2,0xbba2,0xc3e2,0xd463,0xd463,
0xdc63,0xdc83,0xdc84,0xd464,0xcc03,0xc403,0xc403,0xc3c3,0xbba2,0xbb82,0xb342,0xb321,0xab01,0x9a60,0x81e0,0x7180,
0x6120,0x6120,0x6100,0x7180,0x5100,0x0800,0x0820,0x1020,0x0000,0x0000,0x0000,0x0000,0x0000,0x0000,0x0000,0x0000,
0x0000,0x0000,0x0000,0x0000,0x0000,0x0000,0x0000,0x0000,0x0000,0x0000,0x0000,0x0000,0x0000,0x0000,0x0000,0x0000,
0x0000,0x0000,0x1020,0x0001,0x0820,0x1020,0x1040,0x1860,0x2880,0x38c0,0x4100,0x4900,0x5140,0x71c0,0x7a01,0x48e0,
0x3060,0x30a0,0x38a0,0x69c0,0x8261,0x8242,0x7a21,0x7201,0x8241,0x8a82,0x8a82,0x8a82,0x8a62,0x8242,0x8241,0x8241,
0x8241,0x7a01,0x7a00,0x8221,0x8a21,0x8a41,0x8a41,0x9261,0x81e1,0x8a41,0xed44,0xb362,0x40c0,0x1820,0x2880,0x28a0,
0x1020,0x1000,0x69c0,0xb342,0x9ac1,0x8221,0x8200,0x8a41,0x9261,0x8a41,0x9aa2,0x9ac1,0xa2e1,0xbb83,0xb362,0xaae1,
0xbb82,0xb341,0xc382,0xcbe2,0xbb81,0xc3e2,0xc3e2,0xc402,0xbbc2,0xa2e0,0xb341,0xc3e2,0xb381,0xc3e2,0xe4c4,0xdca4,
0xd443,0xe4a4,0xdca4,0xcc03,0xc3e3,0xc3e3,0xbbc3,0xbba2,0xbb82,0xbba2,0xbb82,0xb362,0xab21,0x9ac1,0x8221,0x79e0,
0x7a01,0x7a00,0x8240,0x7a41,0x2880,0x0001,0x1020,0x0000,0x0000,0x0000,0x0000,0x0000,0x0000,0x0000,0x0000,0x0000,
0x0000,0x0000,0x0000,0x0000,0x0000,0x0000,0x0000,0x0000,0x0000,0x0000,0x0000,0x0000,0x0000,0x0000,0x0000,0x0000,
0x0000,0x0000,0x0000,0x0000,0x1020,0x0820,0x1040,0x28c1,0x28a0,0x2060,0x2880,0x3080,0x2880,0x2040,0x2860,0x2880,
0x30a0,0x30a0,0x2880,0x2880,0x30a0,0x30a0,0x3080,0x3080,0x30a0,0x38e0,0x40e0,0x40e0,0x38e0,0x38e0,0x40e0,0x4100,
0x5940,0x7a21,0x7a00,0x7a00,0x8221,0x8a40,0x8a41,0x9261,0x8a01,0x8a41,0xd483,0xc3e1,0x7201,0x1020,0x2060,0x2880,
0x1040,0x0800,0x69e1,0xc3c3,0x9ac1,0x8200,0x8221,0x8a41,0x8a41,0x9261,0x9a81,0x9ac1,0xa2e1,0xb342,0xab01,0xa2c1,
0xbb62,0xb321,0xbb82,0xc3c2,0xc3a2,0xbba2,0xbba2,0xc3e2,0xbba2,0xab41,0xbba2,0xcc23,0xcc23,0xe4c4,0xed25,0xe4e4,
0xd443,0xcc23,0xcc02,0xcc02,0xc403,0xc3e3,0xb362,0xb342,0xbb82,0xbb82,0xb342,0xab21,0xa2e1,0x9ac1,0x8a41,0x8220,
0x8220,0x8240,0x7a00,0x38e0,0x0800,0x28c0,0x0000,0x0000,0x0000,0x0000,0x0000,0x0000,0x0000,0x0000,0x0000,0x0000,
0x0000,0x0000,0x0000,0x0000,0x0000,0x0000,0x0000,0x0000,0x0000,0x0000,0x0000,0x0000,0x0000,0x0000,0x0000,0x0000,
0x0000,0x0000,0x0000,0x0000,0x1020,0x0001,0x1860,0x6a03,0x6202,0x28a0,0x38c0,0x69c1,0x7202,0x38e0,0x2040,0x2060,
0x2040,0x2040,0x1820,0x1820,0x1840,0x1840,0x2040,0x2060,0x2060,0x2860,0x2880,0x2880,0x2880,0x2860,0x2860,0x2860,
0x2020,0x7a22,0x8a41,0x79e0,0x8220,0x9261,0x9281,0x9281,0x8a41,0x8a21,0xa2e1,0xcc22,0x9b02,0x1820,0x1840,0x2080,
0x1860,0x0800,0x4921,0xab42,0xaae1,0x8a40,0x8a20,0x8a41,0x8a21,0x9241,0x9aa2,0xa2e2,0xa2e2,0xa2e1,0xa2e1,0xa2c1,
0xb322,0xab01,0xa2c1,0xb341,0xbba2,0xc3c2,0xbb81,0xb341,0xcc03,0xd444,0xb341,0xc3c2,0xed65,0xed24,0xd443,0xc3c2,
0xc3e2,0xbb82,0xb361,0xbba2,0xc3c2,0xbba2,0xab21,0xb342,0xbb82,0xab21,0xab01,0xab01,0xa2e1,0x9281,0x8220,0x7a00,
0x8220,0x7201,0x38c0,0x0800,0x1020,0x0000,0x0000,0x0000,0x0000,0x0000,0x0000,0x0000,0x0000,0x0000,0x0000,0x0000,
0x0000,0x0000,0x0000,0x0000,0x0000,0x0000,0x0000,0x0000,0x0000,0x0000,0x0000,0x0000,0x0000,0x0000,0x0000,0x0000,
0x0000,0x0000,0x0000,0x0000,0x0000,0x0001,0x0001,0x3901,0x69e2,0x5141,0x4900,0x69c1,0x92a2,0x8221,0x6160,0x7a01,
0x71e0,0x5140,0x4900,0x40e0,0x38c0,0x38a0,0x30a0,0x2880,0x2880,0x2860,0x2040,0x2040,0x1820,0x2040,0x3900,0x4100,
0x1820,0x69c1,0x9281,0x8220,0x8220,0x9281,0x92a1,0x9281,0x9261,0x8200,0x9260,0xdcc4,0xa342,0x1820,0x1020,0x2060,
0x2080,0x1840,0x1000,0x5140,0xb321,0xa2c1,0x8a20,0x8a20,0x8200,0x8a21,0x9aa2,0xa2c2,0x9ac2,0xa2c1,0xab02,0xa2c1,
0xb321,0xab01,0x9a80,0xaae1,0xbb61,0xbba2,0xc3e2,0xc3e3,0xd443,0xbbc2,0xa301,0xbba2,0xed04,0xe4a3,0xbba2,0xbb82,
0xc3c2,0xbba2,0xb342,0x9ac1,0xa301,0xa2e1,0xb362,0xbba2,0xab41,0xa2e1,0xa2c1,0x9ac1,0x9aa1,0x8221,0x71c0,0x7a00,
0x7a21,0x38e0,0x0800,0x1040,0x0000,0x0000,0x0000,0x0000,0x0000,0x0000,0x0000,0x0000,0x0000,0x0000,0x0000,0x0000,
0x0000,0x0000,0x0000,0x0000,0x0000,0x0000,0x0000,0x0000,0x0000,0x0000,0x0000,0x0000,0x0000,0x0000,0x0000,0x0000,
0x0000,0x0000,0x0000,0x0000,0x0000,0x0000,0x0001,0x0001,0x28a0,0x6a02,0x69e1,0x5961,0x69c1,0x71e1,0x71e1,0xa2e1,
0xa2a0,0x9aa0,0x9a80,0x9aa0,0x9aa0,0x9aa0,0x8241,0x5960,0x40e0,0x4900,0x5140,0x5981,0x69c1,0x61a1,0x38c0,0x4100,
0x3080,0x5140,0x9ae2,0x8a40,0x8221,0x79e0,0x8200,0x9261,0x9261,0x8a21,0x9261,0xdd04,0xb3a2,0x3880,0x1020,0x1040,
0x20a0,0x1860,0x0001,0x28a0,0xab01,0xaae1,0x9240,0x8a00,0x8a21,0x8a21,0x8a41,0x8a61,0x9261,0x9aa1,0xa2e2,0xab22,
0xab01,0xaae1,0xa2c1,0xa2e1,0xb341,0xc3a2,0xcc23,0xcc23,0xb341,0xb361,0xc3c2,0xb382,0xbba2,0xbba1,0xb382,0xbba3,
0xb341,0xbb82,0xbba2,0xb362,0x9a81,0x8a20,0x9281,0xa322,0xa2e1,0x9aa1,0x9280,0x9281,0x8200,0x69a0,0x71c0,0x7a41,
0x4920,0x0800,0x1860,0x0000,0x0000,0x0000,0x0000,0x0000,0x0000,0x0000,0x0000,0x0000,0x0000,0x0000,0x0000,0x0000,
0x0000,0x0000,0x0000,0x0000,0x0000,0x0000,0x0000,0x0000,0x0000,0x0000,0x0000,0x0000,0x0000,0x0000,0x0000,0x0000,
0x0000,0x0000,0x0000,0x0000,0x0000,0x0000,0x0000,0x0001,0x0001,0x28a0,0x6a02,0x7222,0x61a1,0x61a1,0x5961,0x6181,
0x69a0,0x6980,0x69a0,0x71e0,0x8200,0x8a60,0x9a81,0xa2c0,0xb361,0xcbe3,0xd464,0xe4c4,0xf5a4,0xc464,0x3060,0x40e0,
0x4900,0x40e0,0x8a61,0x9240,0x8a21,0x79e0,0x71c0,0x8a21,0x8a41,0x8a41,0x8a21,0xa301,0xa300,0x7a00,0x1840,0x0820,
0x1860,0x1860,0x0800,0x28a0,0xa2e1,0xb301,0x9a81,0x8a20,0x8a41,0x8a41,0x8a41,0x8221,0x8a61,0x9281,0x9aa1,0xa2c1,
0xa2c0,0xa2c0,0xa2a0,0xaae1,0xbb81,0xc3c2,0xb341,0xb341,0xc3a2,0xbba2,0xbb82,0xb362,0xab21,0xab01,0xb342,0xb362,
0xb341,0xb362,0xab01,0xa2e1,0xc3c2,0xa302,0x5100,0x71c0,0x9aa1,0x9280,0x8220,0x8200,0x79e0,0x8221,0x69e1,0x38e0,
0x0800,0x1840,0x0000,0x0000,0x0000,0x0000,0x0000,0x0000,0x0000,0x0000,0x0000,0x0000,0x0000,0x0000,0x0000,0x0000,
0x0000,0x0000,0x0000,0x0000,0x0000,0x0000,0x0000,0x0000,0x0000,0x0000,0x0000,0x0000,0x0000,0x0000,0x0000,0x0000,
0x0000,0x0000,0x0000,0x0000,0x0000,0x0000,0x0000,0x0000,0x0001,0x0001,0x28a0,0x6a02,0x7a42,0x69c2,0x5981,0x4921,
0x5161,0x5961,0x5981,0x5941,0x5940,0x5940,0x6140,0x7a00,0x8200,0x6980,0x6180,0x79c1,0xa2e1,0xab22,0x48e0,0x38c0,
0x5120,0x3080,0x6161,0x9281,0x8a40,0x7a01,0x71a0,0x79c0,0x8a41,0x8a41,0x8221,0x71c0,0xb362,0xc3c2,0x2860,0x0001,
0x1040,0x28a0,0x1020,0x1840,0x7a01,0xab01,0xa2c1,0x8a20,0x8200,0x8a61,0x8a41,0x8221,0x8a41,0x9281,0x9a81,0x9a80,
0xa2c0,0xab01,0xbb61,0xbb82,0xb361,0xab21,0xa2e1,0xab01,0xc3c3,0xc3c2,0xbba2,0xc403,0xbbc3,0xb342,0xab22,0xa302,
0xab22,0xab21,0x9ac1,0xab01,0x9282,0x40e0,0x48e0,0x9281,0x9281,0x8220,0x7a00,0x79c0,0x8241,0x7201,0x2080,0x0001,
0x1020,0x0000,0x0000,0x0000,0x0000,0x0000,0x0000,0x0000,0x0000,0x0000,0x0000,0x0000,0x0000,0x0000,0x0000,0x0000,
0x0000,0x0000,0x0000,0x0000,0x0000,0x0000,0x0000,0x0000,0x0000,0x0000,0x0000,0x0000,0x0000,0x0000,0x0000,0x0000,
0x0000,0x0000,0x0000,0x0000,0x0000,0x0000,0x0000,0x0000,0x0000,0x0001,0x0001,0x2060,0x61e2,0x7a62,0x61a1,0x4921,
0x4101,0x5981,0x6182,0x69c2,0x5981,0x5120,0x5960,0x6160,0x5961,0x5120,0x5961,0x5961,0x6160,0x8a41,0x71e1,0x3080,
0x4920,0x3060,0x40e0,0x9aa1,0x9281,0x79e0,0x6980,0x71c0,0x8221,0x8221,0x8241,0x71c1,0xa322,0xc3e2,0x5100,0x0800,
0x0820,0x28a0,0x2060,0x1020,0x38a0,0x9281,0xab22,0x8a21,0x79e0,0x8201,0x8221,0x8221,0x8220,0x8a61,0x9aa1,0x9aa0,
0xaae1,0xbba2,0xc403,0xb382,0xab21,0xab01,0x9a80,0x9ac1,0xab22,0xb362,0xb363,0xbba3,0xbb83,0xb342,0xab02,0xa302,
0x9ac1,0x9aa1,0xab42,0x8261,0x2000,0x40a0,0x9ac1,0x9ac1,0x8a40,0x79e0,0x71c0,0x8221,0x69e1,0x2060,0x0001,0x0820,
0x0000,0x0000,0x0000,0x0000,0x0000,0x0000,0x0000,0x0000,0x0000,0x0000,0x0000,0x0000,0x0000,0x0000,0x0000,0x0000,
0x0000,0x0000,0x0000,0x0000,0x0000,0x0000,0x0000,0x0000,0x0000,0x0000,0x0000,0x0000,0x0000,0x0000,0x0000,0x0000,
0x0000,0x0000,0x0000,0x0000,0x0000,0x0000,0x0000,0x0000,0x0000,0x0000,0x1040,0x0001,0x2060,0x59a2,0x7222,0x5982,
0x4901,0x5161,0x61a2,0x69e2,0x61a2,0x5141,0x5981,0x69a1,0x6181,0x6181,0x61a1,0x69a1,0x69a1,0x79e0,0x9261,0x48e0,
0x40c0,0x40a0,0x3880,0x8a81,0x8a61,0x79e0,0x71c0,0x7a01,0x8221,0x8241,0x8241,0x7a01,0x79e0,0xab01,0xab21,0x38c0,
0x0001,0x2080,0x28a0,0x1020,0x1840,0x71e1,0xa2c1,0x9aa1,0x8201,0x7a01,0x7a00,0x8200,0x8a20,0x9260,0x9aa1,0xa2e1,
0xab01,0xab01,0x9ac1,0x8a40,0x9aa1,0xa2e1,0x8a40,0x9281,0xa2e1,0xab02,0xab02,0xab02,0xab02,0xab02,0xa2e2,0x9ac1,
0x9ac1,0xab22,0x8262,0x1820,0x38c0,0xa2e2,0xab21,0x8a40,0x79e0,0x8a61,0x7a21,0x5141,0x2060,0x0800,0x28a0,0x0000,
0x0000,0x0000,0x0000,0x0000,0x0000,0x0000,0x0000,0x0000,0x0000,0x0000,0x0000,0x0000,0x0000,0x0000,0x0000,0x0000,
0x0000,0x0000,0x0000,0x0000,0x0000,0x0000,0x0000,0x0000,0x0000,0x0000,0x0000,0x0000,0x0000,0x0000,0x0000,0x0000,
0x0000,0x0000,0x0000,0x0000,0x0000,0x0000,0x0000,0x0000,0x0000,0x0000,0x0000,0x1040,0x0001,0x1840,0x4941,0x6a02,
0x5982,0x5161,0x61c2,0x61c2,0x61a2,0x6181,0x6181,0x61a1,0x6180,0x69a1,0x6981,0x6981,0x69a1,0x6960,0x9aa1,0x9281,
0x40a0,0x48e0,0x3080,0x48e0,0x79e0,0x8200,0x8201,0x8221,0x8241,0x8241,0x8221,0x8221,0x8201,0x9ac1,0xc3a2,0x69a0,
0x0800,0x1040,0x28a0,0x2060,0x1860,0x40a0,0x9281,0xb362,0x8221,0x71c0,0x8220,0x8a61,0x9aa1,0xa2c1,0xa2c1,0xa2c1,
0xa2e1,0x9ac1,0x8a40,0x8220,0x8a41,0x8a41,0x9261,0xa2c2,0xa2e2,0xa2e2,0xab22,0xab22,0xab02,0xa2e2,0x9ac1,0x9281,
0x92a1,0x7201,0x2860,0x40e0,0x9ae2,0xa321,0x7a00,0x7a00,0x8a81,0x7a41,0x4941,0x1020,0x0001,0x0000,0x0000,0x0000,
0x0000,0x0000,0x0000,0x0000,0x0000,0x0000,0x0000,0x0000,0x0000,0x0000,0x0000,0x0000,0x0000,0x0000,0x0000,0x0000,
0x0000,0x0000,0x0000,0x0000,0x0000,0x0000,0x0000,0x0000,0x0000,0x0000,0x0000,0x0000,0x0000,0x0000,0x0000,0x0000,
0x0000,0x0000,0x0000,0x0000,0x0000,0x0000,0x0000,0x0000,0x0000,0x0000,0x0000,0x0000,0x1020,0x0001,0x0800,0x2080,
0x3901,0x5182,0x59a2,0x59a2,0x61e3,0x69e3,0x69c2,0x69c1,0x69a1,0x69a1,0x69a1,0x6980,0x6980,0x69a1,0x8a20,0xb341,
0x5920,0x3880,0x38a0,0x2020,0x69c1,0x8221,0x79e0,0x71e1,0x71e1,0x7a01,0x7a01,0x7a21,0x7a01,0x71c1,0xa2c1,0xab21,
0x40e0,0x1020,0x2060,0x30c0,0x1860,0x1020,0x5161,0x92a1,0x7a00,0x7a00,0x8a61,0x9aa1,0x9ac1,0x9ac1,0x9ac1,0x9aa1,
0x9281,0x8a61,0x8a61,0x8220,0x8240,0x9281,0x9ac2,0xa2e2,0xa2e2,0xa2e2,0xa2e2,0xa302,0xab22,0x9ac1,0x9281,0x8a81,
0x5120,0x2840,0x4900,0x8a81,0x8261,0x5960,0x5120,0x69a1,0x7201,0x2880,0x0800,0x0800,0x0000,0x0000,0x0000,0x0000,
0x0000,0x0000,0x0000,0x0000,0x0000,0x0000,0x0000,0x0000,0x0000,0x0000,0x0000,0x0000,0x0000,0x0000,0x0000,0x0000,
0x0000,0x0000,0x0000,0x0000,0x0000,0x0000,0x0000,0x0000,0x0000,0x0000,0x0000,0x0000,0x0000,0x0000,0x0000,0x0000,
0x0000,0x0000,0x0000,0x0000,0x0000,0x0000,0x0000,0x0000,0x0000,0x0000,0x0000,0x0000,0x0000,0x1860,0x0800,0x0001,
0x0001,0x28a0,0x51a2,0x59c3,0x4962,0x38e1,0x38c0,0x5161,0x69c2,0x71e1,0x71a1,0x71c1,0x71c1,0x79e1,0x79e0,0x9240,
0x9241,0x5940,0x38c0,0x2860,0x40e0,0x7a01,0x79e1,0x69a0,0x6160,0x6180,0x69a1,0x69a1,0x69a1,0x5920,0x9261,0xcc02,
0x8221,0x2880,0x1840,0x2080,0x2080,0x0800,0x1020,0x5140,0x8a41,0xa302,0x8221,0x71c0,0x7a00,0x7a00,0x7a00,0x7a01,
0x79e1,0x71e1,0x71e0,0x8200,0x8a61,0x92a2,0x9ac2,0x9ae2,0x9ac2,0x9aa1,0x9ac2,0x9aa1,0x8a41,0x71c0,0x9ae1,0xab42,
0x8241,0x71e1,0x7a20,0x71c0,0x6180,0x6160,0x5141,0x2060,0x1840,0x0820,0x1840,0x0000,0x0000,0x0000,0x0000,0x0000,
0x0000,0x0000,0x0000,0x0000,0x0000,0x0000,0x0000,0x0000,0x0000,0x0000,0x0000,0x0000,0x0000,0x0000,0x0000,0x0000,
0x0000,0x0000,0x0000,0x0000,0x0000,0x0000,0x0000,0x0000,0x0000,0x0000,0x0000,0x0000,0x0000,0x0000,0x0000,0x0000,
0x0000,0x0000,0x0000,0x0000,0x0000,0x0000,0x0000,0x0000,0x0000,0x0000,0x0000,0x0000,0x0000,0x0000,0x1840,0x0800,
0x0800,0x0820,0x30c1,0x5162,0x59a3,0x4942,0x38e1,0x30a0,0x4100,0x5121,0x5941,0x6181,0x6181,0x6181,0x6980,0x71c0,
0x92a2,0x92a2,0x4900,0x2060,0x1020,0x5960,0x7a01,0x69c0,0x6160,0x6160,0x6180,0x6160,0x6160,0x5940,0x79e1,0xb341,
0xa2e1,0x5100,0x1840,0x1840,0x2080,0x1020,0x0820,0x2040,0x71e1,0xb363,0x7a01,0x6140,0x69a0,0x6980,0x6160,0x5940,
0x5940,0x5940,0x6980,0x8242,0x8a62,0x79e0,0x8221,0x8a62,0x9261,0x9281,0x8a61,0x8221,0x8200,0x8a61,0x92a2,0x8a61,
0x8241,0x71c0,0x71a0,0x7a20,0x8241,0x69e1,0x2060,0x0001,0x0820,0x0000,0x0000,0x0000,0x0000,0x0000,0x0000,0x0000,
0x0000,0x0000,0x0000,0x0000,0x0000,0x0000,0x0000,0x0000,0x0000,0x0000,0x0000,0x0000,0x0000,0x0000,0x0000,0x0000,
0x0000,0x0000,0x0000,0x0000,0x0000,0x0000,0x0000,0x0000,0x0000,0x0000,0x0000,0x0000,0x0000,0x0000,0x0000,0x0000,
0x0000,0x0000,0x0000,0x0000,0x0000,0x0000,0x0000,0x0000,0x0000,0x0000,0x0000,0x0000,0x0000,0x0000,0x0000,0x0000,
0x0000,0x0800,0x0001,0x1820,0x4122,0x7264,0x7224,0x5141,0x30a0,0x3080,0x30a0,0x3880,0x3880,0x38a0,0x38a0,0x38a0,
0x38a0,0x38c0,0x2880,0x2880,0x0800,0x30a0,0x7a21,0x71c0,0x6980,0x6180,0x6160,0x6980,0x6960,0x6160,0x6160,0x8a40,
0xa2a1,0x8a61,0x38a0,0x1020,0x1860,0x2060,0x0800,0x2080,0x40e0,0x8a82,0x8221,0x6980,0x69c1,0x6980,0x6180,0x6160,
0x6160,0x69a1,0x7a22,0x7a22,0x71e1,0x69a0,0x71c1,0x71e1,0x7a01,0x8221,0x79e1,0x79e1,0x92c2,0x92c2,0x7201,0x6140,
0x6160,0x69a0,0x71e0,0x61c0,0x4100,0x2040,0x1020,0x1840,0x0000,0x0000,0x0000,0x0000,0x0000,0x0000,0x0000,0x0000,
0x0000,0x0000,0x0000,0x0000,0x0000,0x0000,0x0000,0x0000,0x0000,0x0000,0x0000,0x0000,0x0000,0x0000,0x0000,0x0000,
0x0000,0x0000,0x0000,0x0000,0x0000,0x0000,0x0000,0x0000,0x0000,0x0000,0x0000,0x0000,0x0000,0x0000,0x0000,0x0000,
0x0000,0x0000,0x0000,0x0000,0x0000,0x0000,0x0000,0x0000,0x0000,0x0000,0x0000,0x0000,0x0000,0x0000,0x0000,0x0000,
0x0000,0x0000,0x1000,0x0800,0x0800,0x2080,0x5162,0x69e2,0x5961,0x4920,0x4900,0x4900,0x4900,0x4900,0x48e0,0x40e0,
0x40e0,0x40e0,0x40e0,0x30a0,0x2060,0x2880,0x69c1,0x7a01,0x69a0,0x6980,0x69a0,0x6980,0x6980,0x6160,0x6960,0x6980,
0x9281,0xcbe2,0x92a1,0x2060,0x1020,0x2060,0x2060,0x0820,0x1020,0x4101,0x8242,0x79e1,0x69a0,0x69a1,0x6160,0x6181,
0x69c1,0x71e2,0x69c1,0x6181,0x6181,0x69c1,0x71e1,0x71c1,0x71c0,0x71c1,0x69a0,0x6180,0x69c0,0x69c0,0x69a0,0x69a0,
0x71e0,0x69c0,0x4100,0x1020,0x0001,0x1020,0x0000,0x0000,0x0000,0x0000,0x0000,0x0000,0x0000,0x0000,0x0000,0x0000,
0x0000,0x0000,0x0000,0x0000,0x0000,0x0000,0x0000,0x0000,0x0000,0x0000,0x0000,0x0000,0x0000,0x0000,0x0000,0x0000,
0x0000,0x0000,0x0000,0x0000,0x0000,0x0000,0x0000,0x0000,0x0000,0x0000,0x0000,0x0000,0x0000,0x0000,0x0000,0x0000,
0x0000,0x0000,0x0000,0x0000,0x0000,0x0000,0x0000,0x0000,0x0000,0x0000,0x0000,0x0000,0x0000,0x0000,0x0000,0x0000,
0x0000,0x0000,0x0000,0x1820,0x0820,0x0001,0x1020,0x30c0,0x5981,0x5961,0x5940,0x5960,0x6160,0x6160,0x6180,0x5940,
0x5120,0x6181,0x61a1,0x4900,0x2040,0x1820,0x2060,0x5120,0x7a01,0x71c0,0x71a0,0x6980,0x6980,0x6980,0x6980,0x6980,
0x71a0,0xb322,0xb341,0x40c0,0x1820,0x2060,0x30c0,0x1020,0x0001,0x0001,0x4941,0x7a22,0x71e1,0x6181,0x6181,0x5961,
0x6181,0x5981,0x5940,0x5961,0x6181,0x6160,0x6180,0x69c1,0x69a0,0x6160,0x6180,0x6180,0x6180,0x71e1,0x71e1,0x61a1,
0x4100,0x1840,0x0800,0x0820,0x1020,0x0000,0x0000,0x0000,0x0000,0x0000,0x0000,0x0000,0x0000,0x0000,0x0000,0x0000,
0x0000,0x0000,0x0000,0x0000,0x0000,0x0000,0x0000,0x0000,0x0000,0x0000,0x0000,0x0000,0x0000,0x0000,0x0000,0x0000,
0x0000,0x0000,0x0000,0x0000,0x0000,0x0000,0x0000,0x0000,0x0000,0x0000,0x0000,0x0000,0x0000,0x0000,0x0000,0x0000,
0x0000,0x0000,0x0000,0x0000,0x0000,0x0000,0x0000,0x0000,0x0000,0x0000,0x0000,0x0000,0x0000,0x0000,0x0000,0x0000,
0x0000,0x0000,0x0000,0x0000,0x0000,0x1020,0x0800,0x0800,0x1020,0x38e1,0x61a1,0x6180,0x6180,0x6180,0x6180,0x5960,
0x5120,0x5120,0x69a0,0x69c0,0x40e0,0x2040,0x1020,0x2060,0x69c1,0x8201,0x71c0,0x71c0,0x71a0,0x69a0,0x6980,0x6980,
0x6160,0x71e0,0x8a40,0x8a40,0x5140,0x1000,0x2860,0x2080,0x1040,0x0001,0x0001,0x4961,0x7a63,0x69c1,0x5960,0x5940,
0x6181,0x6181,0x5960,0x69c1,0x69c1,0x6160,0x61a0,0x69c1,0x69c0,0x69a0,0x69e1,0x7201,0x7221,0x61a1,0x30c0,0x1020,
0x0001,0x0001,0x1840,0x0000,0x0000,0x0000,0x0000,0x0000,0x0000,0x0000,0x0000,0x0000,0x0000,0x0000,0x0000,0x0000,
0x0000,0x0000,0x0000,0x0000,0x0000,0x0000,0x0000,0x0000,0x0000,0x0000,0x0000,0x0000,0x0000,0x0000,0x0000,0x0000,
0x0000,0x0000,0x0000,0x0000,0x0000,0x0000,0x0000,0x0000,0x0000,0x0000,0x0000,0x0000,0x0000,0x0000,0x0000,0x0000,
0x0000,0x0000,0x0000,0x0000,0x0000,0x0000,0x0000,0x0000,0x0000,0x0000,0x0000,0x0000,0x0000,0x0000,0x0000,0x0000,
0x0000,0x0000,0x0000,0x0000,0x0000,0x0000,0x0000,0x0820,0x0800,0x0800,0x2080,0x4101,0x5981,0x61a1,0x6180,0x6160,
0x6161,0x5941,0x5940,0x69c0,0x7201,0x40e0,0x2880,0x1820,0x3080,0x7a21,0x79e0,0x6980,0x6980,0x6160,0x6160,0x6160,
0x6181,0x5961,0x6180,0xab02,0x9ac1,0x3080,0x1820,0x2060,0x2080,0x1860,0x0020,0x0001,0x3901,0x69e2,0x69c1,0x61c1,
0x69c1,0x61c1,0x6181,0x61a1,0x71e1,0x71e1,0x71e1,0x7221,0x7a42,0x7221,0x7201,0x5981,0x38e0,0x1020,0x0001,0x0001,
0x1020,0x0000,0x0000,0x0000,0x0000,0x0000,0x0000,0x0000,0x0000,0x0000,0x0000,0x0000,0x0000,0x0000,0x0000,0x0000,
0x0000,0x0000,0x0000,0x0000,0x0000,0x0000,0x0000,0x0000,0x0000,0x0000,0x0000,0x0000,0x0000,0x0000,0x0000,0x0000,
0x0000,0x0000,0x0000,0x0000,0x0000,0x0000,0x0000,0x0000,0x0000,0x0000,0x0000,0x0000,0x0000,0x0000,0x0000,0x0000,
0x0000,0x0000,0x0000,0x0000,0x0000,0x0000,0x0000,0x0000,0x0000,0x0000,0x0000,0x0000,0x0000,0x0000,0x0000,0x0000,
0x0000,0x0000,0x0000,0x0000,0x0000,0x0000,0x0000,0x0000,0x0000,0x1020,0x0001,0x0001,0x1840,0x30c0,0x4941,0x61a1,
0x69c2,0x69c2,0x61a1,0x6181,0x6180,0x5961,0x40e0,0x30a0,0x2860,0x5120,0x7a01,0x71c0,0x5940,0x5920,0x6160,0x6181,
0x6182,0x6182,0x6182,0x7a02,0xab43,0x71e1,0x3060,0x1020,0x1020,0x1860,0x1040,0x0001,0x0001,0x2880,0x5161,0x61c1,
0x7222,0x7202,0x69e1,0x7202,0x7a22,0x8242,0x8262,0x7a22,0x5181,0x38c0,0x30a0,0x0800,0x0001,0x0820,0x1020,0x0000,
0x0000,0x0000,0x0000,0x0000,0x0000,0x0000,0x0000,0x0000,0x0000,0x0000,0x0000,0x0000,0x0000,0x0000,0x0000,0x0000,
0x0000,0x0000,0x0000,0x0000,0x0000,0x0000,0x0000,0x0000,0x0000,0x0000,0x0000,0x0000,0x0000,0x0000,0x0000,0x0000,
0x0000,0x0000,0x0000,0x0000,0x0000,0x0000,0x0000,0x0000,0x0000,0x0000,0x0000,0x0000,0x0000,0x0000,0x0000,0x0000,
0x0000,0x0000,0x0000,0x0000,0x0000,0x0000,0x0000,0x0000,0x0000,0x0000,0x0000,0x0000,0x0000,0x0000,0x0000,0x0000,
0x0000,0x0000,0x0000,0x0000,0x0000,0x0000,0x0000,0x0000,0x0000,0x0000,0x0000,0x1840,0x0001,0x0001,0x0820,0x2080,
0x4101,0x5161,0x5981,0x5981,0x5981,0x61a1,0x69c1,0x6a02,0x6a02,0x6181,0x69c0,0x71c1,0x69a1,0x6181,0x61a2,0x61a3,
0x61a3,0x61c3,0x61c3,0x61c3,0x7202,0x8222,0x69c1,0x3080,0x0800,0x0001,0x0820,0x1040,0x0820,0x0800,0x0800,0x2060,
0x5981,0x7202,0x7a42,0x7a22,0x7222,0x69e2,0x5161,0x30e0,0x1020,0x0001,0x0001,0x1840,0x1840,0x0000,0x0000,0x0000,
0x0000,0x0000,0x0000,0x0000,0x0000,0x0000,0x0000,0x0000,0x0000,0x0000,0x0000,0x0000,0x0000,0x0000,0x0000,0x0000,
0x0000,0x0000,0x0000,0x0000,0x0000,0x0000,0x0000,0x0000,0x0000,0x0000,0x0000,0x0000,0x0000,0x0000,0x0000,0x0000,
0x0000,0x0000,0x0000,0x0000,0x0000,0x0000,0x0000,0x0000,0x0000,0x0000,0x0000,0x0000,0x0000,0x0000,0x0000,0x0000,
0x0000,0x0000,0x0000,0x0000,0x0000,0x0000,0x0000,0x0000,0x0000,0x0000,0x0000,0x0000,0x0000,0x0000,0x0000,0x0000,
0x0000,0x0000,0x0000,0x0000,0x0000,0x0000,0x0000,0x0000,0x0000,0x0000,0x0000,0x0000,0x0000,0x0820,0x0820,0x0001,
0x0001,0x1020,0x28a0,0x4941,0x5181,0x5981,0x5981,0x61a1,0x69e2,0x7222,0x69e1,0x7222,0x7a22,0x7203,0x69c3,0x61c3,
0x61c4,0x59a4,0x61c3,0x61c3,0x59a3,0x69c2,0x7a02,0x69a0,0x38c0,0x1840,0x1020,0x0820,0x0820,0x0001,0x0001,0x0001,
0x1020,0x30c0,0x30e0,0x30c0,0x2080,0x1040,0x0800,0x0001,0x1040,0x1040,0x2060,0x0000,0x0000,0x0000,0x0000,0x0000,
0x0000,0x0000,0x0000,0x0000,0x0000,0x0000,0x0000,0x0000,0x0000,0x0000,0x0000,0x0000,0x0000,0x0000,0x0000,0x0000,
0x0000,0x0000,0x0000,0x0000,0x0000,0x0000,0x0000,0x0000,0x0000,0x0000,0x0000,0x0000,0x0000,0x0000,0x0000,0x0000,
0x0000,0x0000,0x0000,0x0000,0x0000,0x0000,0x0000,0x0000,0x0000,0x0000,0x0000,0x0000,0x0000,0x0000,0x0000,0x0000,
0x0000,0x0000,0x0000,0x0000,0x0000,0x0000,0x0000,0x0000,0x0000,0x0000,0x0000,0x0000,0x0000,0x0000,0x0000,0x0000,
0x0000,0x0000,0x0000,0x0000,0x0000,0x0000,0x0000,0x0000,0x0000,0x0000,0x0000,0x0000,0x0000,0x0000,0x0000,0x1020,
0x1860,0x1020,0x0001,0x0820,0x1040,0x1860,0x2080,0x2060,0x38e0,0x59a2,0x61c1,0x59a2,0x59a2,0x59a2,0x6a04,0x6204,
0x61e4,0x61e4,0x61e4,0x61e4,0x6a04,0x6a03,0x7202,0x7222,0x69c1,0x61c1,0x4941,0x0001,0x0001,0x0001,0x0001,0x0001,
0x0001,0x0001,0x0001,0x0001,0x0820,0x1040,0x1020,0x1860,0x0000,0x0000,0x0000,0x0000,0x0000,0x0000,0x0000,0x0000,
0x0000,0x0000,0x0000,0x0000,0x0000,0x0000,0x0000,0x0000,0x0000,0x0000,0x0000,0x0000,0x0000,0x0000,0x0000,0x0000,
0x0000,0x0000,0x0000,0x0000,0x0000,0x0000,0x0000,0x0000,0x0000,0x0000,0x0000,0x0000,0x0000,0x0000,0x0000,0x0000,
0x0000,0x0000,0x0000,0x0000,0x0000,0x0000,0x0000,0x0000,0x0000,0x0000,0x0000,0x0000,0x0000,0x0000,0x0000,0x0000,
0x0000,0x0000,0x0000,0x0000,0x0000,0x0000,0x0000,0x0000,0x0000,0x0000,0x0000,0x0000,0x0000,0x0000,0x0000,0x0000,
0x0000,0x0000,0x0000,0x0000,0x0000,0x0000,0x0000,0x0000,0x0000,0x0000,0x0000,0x0000,0x0000,0x0000,0x0000,0x0000,
0x0000,0x0000,0x1840,0x1860,0x1840,0x0820,0x0800,0x0001,0x0820,0x20a0,0x28a0,0x2060,0x1840,0x2080,0x4142,0x4163,
0x4142,0x4142,0x4142,0x4942,0x4942,0x4942,0x4942,0x4141,0x38e0,0x30e1,0x28a0,0x0001,0x0001,0x0800,0x2060,0x2060,
0x1860,0x1020,0x0800,0x1020,0x0000,0x0000,0x0000,0x0000,0x0000,0x0000,0x0000,0x0000,0x0000,0x0000,0x0000,0x0000,
0x0000,0x0000,0x0000,0x0000,0x0000,0x0000,0x0000,0x0000,0x0000,0x0000,0x0000,0x0000,0x0000,0x0000,0x0000,0x0000,
0x0000,0x0000,0x0000,0x0000,0x0000,0x0000,0x0000,0x0000,0x0000,0x0000,0x0000,0x0000,0x0000,0x0000,0x0000,0x0000,
0x0000,0x0000,0x0000,0x0000,0x0000,0x0000,0x0000,0x0000,0x0000,0x0000,0x0000,0x0000,0x0000,0x0000,0x0000,0x0000,
0x0000,0x0000,0x0000,0x0000,0x0000,0x0000,0x0000,0x0000,0x0000,0x0000,0x0000,0x0000,0x0000,0x0000,0x0000,0x0000,
0x0000,0x0000,0x0000,0x0000,0x0000,0x0000,0x0000,0x0000,0x0000,0x0000,0x0000,0x0000,0x0000,0x0000,0x0000,0x0000,
0x0000,0x0000,0x0000,0x0000,0x0000,0x0000,0x1020,0x1020,0x1020,0x1020,0x0820,0x0820,0x0820,0x0820,0x0001,0x0001,
0x0001,0x0001,0x0001,0x0001,0x0001,0x0001,0x0001,0x0001,0x0001,0x0001,0x0001,0x0820,0x0800,0x2060,0x0000,0x0000,
0x0000,0x0000,0x0000,0x0000,0x0000,0x0000,0x0000,0x0000,0x0000,0x0000,0x0000,0x0000,0x0000,0x0000,0x0000,0x0000,
0x0000,0x0000,0x0000,0x0000,0x0000,0x0000,0x0000,0x0000,0x0000,0x0000,0x0000,0x0000,0x0000,0x0000,0x0000,0x0000,
0x0000,0x0000,0x0000,0x0000,0x0000,0x0000,0x0000,0x0000,0x0000,0x0000,0x0000,0x0000,0x0000,0x0000,0x0000,0x0000,
0x0000,0x0000,0x0000,0x0000,0x0000,0x0000,0x0000,0x0000,0x0000,0x0000,0x0000,0x0000,0x0000,0x0000,0x0000,0x0000,
0x0000,0x0000,0x0000,0x0000,0x0000,0x0000,0x0000,0x0000,0x0000,0x0000,0x0000,0x0000,0x0000,0x0000,0x0000,0x0000,
0x0000,0x0000,0x0000,0x0000,0x0000,0x0000,0x0000,0x0000,0x0000,0x0000,0x0000,0x0000,0x0000,0x0000,0x0000,0x0000,
0x0000,0x0000,0x0000,0x0000,0x0000,0x0000,0x0000,0x0000,0x0000,0x0000,0x0000,0x1020,0x1020,0x1000,0x0800,0x0800,
0x0800,0x0800,0x0800,0x0800,0x0800,0x0800,0x0800,0x0820,0x0800,0x1020,0x0000,0x0000,0x0000,0x0000,0x0000,0x0000,
0x0000,0x0000,0x0000,0x0000,0x0000,0x0000,0x0000,0x0000,0x0000,0x0000,0x0000,0x0000,0x0000,0x0000,0x0000,0x0000,
0x0000,0x0000,0x0000,0x0000,0x0000,0x0000,0x0000,0x0000,0x0000,0x0000,0x0000,0x0000,0x0000,0x0000,0x0000,0x0000,
0x0000,0x0000,0x0000,0x0000,0x0000,0x0000,0x0000,0x0000,0x0000,0x0000,0x0000,0x0000,0x0000,0x0000,0x0000,0x0000,
};
