// SPDX-License-Identifier: MIT
// Generated by tools/convert_table_materials.py. Do not edit.
static const uint16_t card_table_felt[128U * 128U] = {
    0x01e4,0x0204,0x01e4,0x01c3,0x0204,0x0204,0x01c3,0x0a65,0x01e4,0x0a25,0x01c4,0x0a25,
    0x01e4,0x0204,0x01c3,0x01e4,0x0a45,0x0204,0x01a3,0x0a45,0x01c3,0x01e4,0x0a45,0x0204,
    0x01e4,0x01e4,0x01e4,0x0a04,0x01a3,0x01e4,0x0204,0x0a04,0x0a24,0x0a45,0x0a24,0x0a45,
    0x01e4,0x0183,0x0204,0x01e4,0x0a04,0x01e4,0x01c3,0x01c3,0x0a04,0x0a45,0x01e4,0x0a25,
    0x0a25,0x0a45,0x01c3,0x01e4,0x0224,0x01e4,0x0204,0x0a24,0x0204,0x01e4,0x0a45,0x0a24,
    0x0204,0x0204,0x01e4,0x0a45,0x01e3,0x0a04,0x0a24,0x0a24,0x09e4,0x0a04,0x0a04,0x01e3,
    0x01e3,0x01e3,0x0a45,0x01c3,0x0225,0x0a45,0x0204,0x0204,0x0a04,0x0a04,0x01e4,0x01e4,
    0x0a04,0x01e4,0x01c3,0x0a24,0x0a45,0x01e4,0x0a24,0x0a04,0x0204,0x0a24,0x0224,0x0204,
    0x0a24,0x0a25,0x0a45,0x01c4,0x01e4,0x0204,0x01c4,0x0a04,0x01e4,0x0a24,0x0a24,0x0a04,
    0x01c3,0x01c3,0x01e4,0x0a24,0x01e4,0x01e3,0x0204,0x0a24,0x01e3,0x0225,0x0204,0x01e4,
    0x01c3,0x01e3,0x01a3,0x01c3,0x01c4,0x01a3,0x0204,0x0225,0x0204,0x01c3,0x0a25,0x01e4,
    0x0204,0x0204,0x01c3,0x01e4,0x01e4,0x0204,0x01e4,0x0a25,0x0163,0x0204,0x01e4,0x01e4,
    0x01e4,0x01c4,0x01e4,0x01e3,0x01a3,0x01e4,0x01c3,0x01c3,0x01a3,0x0183,0x01c3,0x01e4,
    0x0a25,0x01e4,0x0224,0x01e4,0x0204,0x01e4,0x01e4,0x0204,0x01e4,0x01c3,0x0204,0x0204,
    0x0a25,0x0224,0x0a45,0x0204,0x0a25,0x01a3,0x0a25,0x01e4,0x01e4,0x0204,0x0204,0x01e4,
    0x0224,0x01c3,0x0204,0x0204,0x0224,0x01e4,0x0a45,0x01e3,0x01e4,0x01e4,0x0a45,0x01e4,
    0x01c3,0x0a45,0x0a24,0x01e4,0x09e4,0x0a04,0x0a04,0x01e4,0x0a25,0x0265,0x0224,0x01c3,
    0x01e4,0x01e4,0x01c3,0x0a25,0x0204,0x0a04,0x0a25,0x01e4,0x01a3,0x01c3,0x01c4,0x0a04,
    0x01c3,0x0204,0x0a04,0x0a04,0x01e4,0x0a45,0x0a24,0x0a25,0x0a24,0x0a24,0x0204,0x01a3,
    0x0183,0x0183,0x0204,0x01e4,0x0204,0x01e4,0x01a3,0x01e4,0x01c3,0x01c3,0x01c3,0x01e4,
    0x01e4,0x01e4,0x01e4,0x01c3,0x01e4,0x01a3,0x01a3,0x01e4,0x01e4,0x01e4,0x01e4,0x01c3,
    0x0224,0x01a3,0x01e4,0x01e4,0x01e4,0x01c3,0x0204,0x09e4,0x01e4,0x0a04,0x0a04,0x01e4,
    0x01a3,0x0a04,0x01e4,0x01e4,0x0a04,0x01c3,0x01a3,0x01e3,0x0204,0x0a24,0x0204,0x01e4,
    0x0204,0x01c3,0x01c3,0x01c3,0x01c3,0x01c3,0x0224,0x01c3,0x01c3,0x0204,0x0204,0x01c3,
    0x01e4,0x0a24,0x01e4,0x01e4,0x0204,0x01e4,0x01e4,0x0a25,0x0a25,0x01e4,0x0a24,0x0a25,
    0x01c3,0x09e4,0x0204,0x0204,0x01e4,0x01e4,0x0204,0x01e3,0x0224,0x0a04,0x0a45,0x0204,
    0x01e4,0x0a45,0x0204,0x01e4,0x0224,0x0a65,0x0204,0x01a3,0x01c3,0x01c3,0x09e4,0x0a04,
    0x01c3,0x01c3,0x0204,0x0204,0x01e4,0x01e4,0x01c3,0x0204,0x0a25,0x01c3,0x0a65,0x01c4,
    0x0183,0x01c3,0x0162,0x01a3,0x01e4,0x01c4,0x0a04,0x0204,0x01c3,0x0a24,0x01c3,0x0a04,
    0x0a45,0x0a86,0x0a25,0x01e4,0x01e4,0x0204,0x01a3,0x01e4,0x01e4,0x09c4,0x09e4,0x0183,
    0x0162,0x01e4,0x01e4,0x01e4,0x01e4,0x01e4,0x01c3,0x01e4,0x01c3,0x01e4,0x01a3,0x0204,
    0x01c4,0x0183,0x01e4,0x01e4,0x01e4,0x0204,0x01e4,0x01c3,0x0204,0x0183,0x0183,0x01c4,
    0x0245,0x0204,0x0204,0x01e3,0x0204,0x01e4,0x01c3,0x01e4,0x01e4,0x0204,0x01e4,0x0a04,
    0x0a25,0x01e4,0x0183,0x01c3,0x01e4,0x01e4,0x01e4,0x01e3,0x0204,0x01e4,0x0204,0x0204,
    0x0224,0x0a45,0x0a04,0x0a04,0x0a24,0x0204,0x01a3,0x01c3,0x0204,0x01e4,0x0182,0x01a3,
    0x01e4,0x01c3,0x0a24,0x0204,0x01e4,0x01c3,0x01c3,0x0204,0x01e4,0x0204,0x01c3,0x01c3,
    0x01c4,0x0224,0x0224,0x0225,0x0225,0x0a24,0x01c3,0x01e4,0x0204,0x0204,0x01c3,0x0204,
    0x0204,0x0204,0x0204,0x01c3,0x0183,0x0183,0x01c3,0x0a25,0x01a3,0x01e4,0x0a24,0x0204,
    0x01e4,0x0a04,0x0204,0x0a86,0x0a65,0x0204,0x0204,0x01e4,0x01e4,0x0204,0x01e4,0x0a25,
    0x0224,0x0204,0x0204,0x01a3,0x01c3,0x01a3,0x0204,0x0a04,0x0a25,0x0a45,0x0a45,0x01e4,
    0x01c3,0x0a04,0x01a3,0x01e4,0x0a25,0x01e4,0x01e4,0x01e4,0x01e4,0x0204,0x01e4,0x01a3,
    0x0183,0x01a3,0x01c3,0x01c3,0x01e4,0x01e4,0x01e4,0x0224,0x01e4,0x0a04,0x01c3,0x01c3,
    0x01e4,0x0a24,0x01c3,0x01a3,0x0a25,0x01c4,0x0a45,0x0204,0x0162,0x0183,0x01e4,0x0204,
    0x0204,0x01e4,0x0a45,0x01e4,0x01e4,0x0204,0x0204,0x0a04,0x0224,0x0204,0x01e4,0x0204,
    0x01c3,0x01c3,0x01e3,0x01e4,0x01a3,0x09e4,0x0204,0x01c3,0x0204,0x01e4,0x0a66,0x09e4,
    0x01e4,0x0204,0x01a3,0x01c3,0x01a3,0x01c3,0x0204,0x01a3,0x01c3,0x0a24,0x0a24,0x01a3,
    0x01c4,0x01c3,0x0204,0x01e4,0x0a45,0x01e4,0x01c3,0x01c3,0x0204,0x01e4,0x01c3,0x0a45,
    0x0204,0x0245,0x0204,0x0204,0x0225,0x0a45,0x0204,0x0a25,0x0a45,0x0204,0x01e4,0x01a3,
    0x01c3,0x09e4,0x01c3,0x01c3,0x0a86,0x01e4,0x0a04,0x01c3,0x0a04,0x01a3,0x01e4,0x0a04,
    0x0204,0x01c3,0x01e4,0x01e4,0x01c4,0x0204,0x01e3,0x0a25,0x0204,0x0a25,0x0204,0x0224,
    0x01e4,0x0204,0x0a25,0x0204,0x0204,0x01c3,0x01e3,0x01c3,0x1a46,0x1245,0x0204,0x01c3,
    0x01a3,0x01a3,0x0183,0x01e4,0x01e4,0x01a3,0x01a3,0x01a3,0x0a25,0x0204,0x01e4,0x0a24,
    0x01e4,0x01c3,0x01c3,0x01a3,0x0a04,0x01e4,0x01e4,0x01a3,0x01e4,0x01c3,0x0204,0x01c3,
    0x01e4,0x0204,0x0204,0x01a4,0x01c3,0x01e4,0x01e4,0x01e4,0x0a25,0x0204,0x0225,0x01c3,
    0x01c3,0x0183,0x0204,0x01e4,0x01e3,0x0183,0x0162,0x01a3,0x01a3,0x01e4,0x0224,0x0a24,
    0x0224,0x0a04,0x0a04,0x0182,0x01c3,0x01c3,0x0204,0x0182,0x01e4,0x01a3,0x01a3,0x01e3,
    0x0204,0x01e4,0x01a3,0x0224,0x0a45,0x0a45,0x01e4,0x0a25,0x0a45,0x0a25,0x09e4,0x0a25,
    0x0a25,0x0182,0x01a3,0x0245,0x01e4,0x0204,0x0a45,0x0204,0x01e4,0x01c3,0x0183,0x01c3,
    0x01c4,0x0204,0x01e4,0x01e4,0x0224,0x0a04,0x0204,0x01e4,0x0204,0x0a45,0x0a24,0x0224,
    0x0a25,0x01e4,0x01e4,0x01c3,0x0a04,0x01e4,0x01a3,0x0204,0x0225,0x01a3,0x0183,0x01e4,
    0x01c3,0x01c3,0x01e4,0x0a04,0x0204,0x01c3,0x01c3,0x01e4,0x0204,0x0a24,0x0a04,0x0a24,
    0x0224,0x0a25,0x01a3,0x09e4,0x01c4,0x01c3,0x01e4,0x01a3,0x01c4,0x01a3,0x01c3,0x01a3,
    0x0183,0x01a3,0x01c3,0x01e4,0x0a04,0x01e4,0x01c3,0x01e4,0x01e4,0x01e4,0x0204,0x01c4,
    0x01c4,0x0183,0x01c3,0x01c3,0x09e4,0x01c3,0x0204,0x01c3,0x0204,0x01c3,0x01e4,0x0a05,
    0x01e4,0x01a3,0x01e4,0x01c3,0x01e4,0x0204,0x01e4,0x01e4,0x0204,0x0a45,0x01c3,0x01c3,
    0x01e4,0x01e4,0x0183,0x0204,0x0183,0x01a3,0x01e4,0x01c3,0x01c3,0x01e4,0x0a04,0x01e4,
    0x0a65,0x01e3,0x01c3,0x0a04,0x01c3,0x01e3,0x0a45,0x0a45,0x0204,0x01e3,0x01c3,0x01c3,
    0x01e4,0x01c3,0x01e4,0x09e4,0x0162,0x01c3,0x0204,0x01a3,0x0183,0x01a3,0x0a24,0x0a04,
    0x01c4,0x0204,0x0224,0x01e4,0x01c3,0x0204,0x01c3,0x01e4,0x0204,0x0a24,0x01c3,0x01c3,
    0x01e3,0x01c3,0x0a25,0x0a04,0x0a25,0x01c3,0x01c3,0x0a24,0x01e4,0x01e4,0x0204,0x01e4,
    0x01c3,0x0183,0x01c3,0x0a24,0x01c3,0x01c4,0x0a04,0x01e4,0x01a3,0x0a04,0x0204,0x01c3,
    0x0183,0x01c3,0x01c3,0x0204,0x01a3,0x0a25,0x01e4,0x01a3,0x01e4,0x01c3,0x0204,0x0a25,
    0x01e4,0x0a24,0x01c3,0x01e4,0x01c3,0x0204,0x01e4,0x01e4,0x01c3,0x0204,0x0183,0x0183,
    0x01c4,0x0204,0x01c3,0x0204,0x01e4,0x01c4,0x01c3,0x01e4,0x0a25,0x01c3,0x01c3,0x0a04,
    0x01c3,0x01a3,0x01a3,0x0a24,0x0204,0x01c4,0x01e4,0x01c4,0x09e4,0x0a24,0x01e4,0x01e4,
    0x01c3,0x01e4,0x0224,0x01e4,0x01c3,0x0224,0x01a3,0x01c3,0x01c3,0x01e4,0x0a45,0x0a04,
    0x01e4,0x01e4,0x01e4,0x01c3,0x01c3,0x01c3,0x01e4,0x0a25,0x0204,0x01e4,0x0204,0x01e4,
    0x01e4,0x01e3,0x01c3,0x01c3,0x01c3,0x0204,0x0a25,0x01e4,0x0204,0x01c3,0x01e4,0x0a04,
    0x01c4,0x01e4,0x01e4,0x01a3,0x01e4,0x0204,0x0a45,0x0204,0x0a24,0x01c3,0x0183,0x01c3,
    0x01c3,0x01c3,0x01e4,0x01c3,0x01e4,0x01e4,0x0a04,0x0224,0x0204,0x0204,0x01e4,0x0a25,
    0x0a04,0x0204,0x0a45,0x0a45,0x0a25,0x0a25,0x01c3,0x01e4,0x0204,0x01c3,0x0204,0x0a45,
    0x01e4,0x01e4,0x0183,0x01e4,0x0a04,0x0224,0x01a3,0x01a3,0x0a04,0x01c3,0x0204,0x01e4,
    0x01e4,0x01c3,0x01c3,0x01c3,0x01c4,0x09e4,0x0204,0x0204,0x01c3,0x01c3,0x0204,0x01c3,
    0x01c3,0x0224,0x01e4,0x01e3,0x01e4,0x0204,0x01c4,0x0a65,0x0a24,0x0204,0x01c4,0x01e4,
    0x01e4,0x01e4,0x0204,0x0224,0x01e4,0x0224,0x0224,0x0183,0x01a3,0x0183,0x01c4,0x09e4,
    0x0183,0x01a3,0x0225,0x01c4,0x01e4,0x0a25,0x01e4,0x01a3,0x01a3,0x01e4,0x01e4,0x0204,
    0x0204,0x0224,0x01c3,0x01c3,0x01e4,0x0204,0x0204,0x01e4,0x0a25,0x0204,0x01a3,0x01c3,
    0x01c4,0x0204,0x0225,0x01c3,0x01e4,0x09e4,0x0a04,0x01e3,0x01e3,0x01a3,0x01e4,0x01e4,
    0x01c3,0x01c3,0x01c3,0x0183,0x0225,0x01c3,0x01a3,0x01c3,0x01e4,0x0a04,0x0a25,0x01a3,
    0x01a3,0x01e3,0x01e4,0x01a3,0x01c3,0x01e4,0x0204,0x0204,0x01e4,0x01c3,0x0204,0x01c3,
    0x01e4,0x01a3,0x01a3,0x09e4,0x01a3,0x01e3,0x01e4,0x09e4,0x0204,0x0a04,0x0204,0x0204,
    0x0204,0x01c3,0x01a3,0x01e4,0x01e4,0x0204,0x0204,0x01c3,0x01e4,0x01c3,0x0a04,0x0a45,
    0x01e4,0x01c3,0x01e4,0x01c3,0x01c3,0x0a04,0x01c3,0x01a3,0x01e4,0x01a3,0x0a45,0x0204,
    0x01a3,0x01c3,0x0a24,0x01c3,0x01a3,0x0204,0x0a25,0x0204,0x01c3,0x01a3,0x01e4,0x01c3,
    0x0204,0x0a04,0x0a25,0x01a3,0x01a3,0x0204,0x01c4,0x01a3,0x01c3,0x01e4,0x01c4,0x0a25,
    0x01e4,0x0a24,0x0204,0x01e4,0x01e4,0x0183,0x01a3,0x01a3,0x01e4,0x01c4,0x0204,0x0205,
    0x0a04,0x01a3,0x01e4,0x01e4,0x0a25,0x0a25,0x0a45,0x0a45,0x0204,0x0a65,0x0a04,0x01c3,
    0x01c4,0x01e3,0x01c3,0x01e4,0x01c3,0x01c3,0x01e4,0x0a45,0x0a04,0x01c3,0x01c3,0x01a3,
    0x0204,0x01e4,0x01e4,0x0a04,0x0a65,0x01e3,0x0a24,0x01e3,0x01e3,0x01e4,0x01c4,0x01a3,
    0x01e4,0x01c3,0x0a04,0x01e4,0x0a24,0x0a04,0x01c3,0x0224,0x0a45,0x0a24,0x0204,0x01e4,
    0x01a3,0x0183,0x01e4,0x01a3,0x0a25,0x01e4,0x0a04,0x01a3,0x01c3,0x0204,0x01e4,0x0204,
    0x01e4,0x01c3,0x01e4,0x01c3,0x0204,0x01a3,0x0204,0x01e4,0x0a04,0x0224,0x01e4,0x01c4,
    0x0224,0x0a25,0x0224,0x0a04,0x01e4,0x0a24,0x0a25,0x0a25,0x01c3,0x01e4,0x01e4,0x0204,
    0x0a45,0x0204,0x01c3,0x01e4,0x0a04,0x01a3,0x01c3,0x0a04,0x0a45,0x0a85,0x0a24,0x01c3,
    0x01e4,0x09e4,0x01c4,0x0163,0x01e4,0x01e4,0x01e4,0x09e4,0x01e4,0x01c3,0x09e4,0x0a25,
    0x01e4,0x0a04,0x09e4,0x0a25,0x0a04,0x0a25,0x09e4,0x0a04,0x0245,0x0204,0x01c3,0x0204,
    0x0204,0x01c4,0x01e4,0x01a3,0x0204,0x0a25,0x01e4,0x01a4,0x0204,0x0204,0x0204,0x0204,
    0x0a25,0x0204,0x0204,0x0244,0x0224,0x0245,0x01e4,0x0a25,0x0a24,0x01c3,0x0204,0x01e4,
    0x0a04,0x0183,0x01a3,0x01c3,0x0204,0x01c3,0x0204,0x0204,0x0224,0x01e3,0x01e4,0x0204,
    0x01e4,0x01e4,0x0a04,0x01c3,0x01e4,0x01e4,0x01e4,0x01c4,0x0204,0x0204,0x01a3,0x01c3,
    0x0204,0x01c3,0x01a3,0x0204,0x0204,0x01a3,0x0224,0x01c3,0x0204,0x0a04,0x01c3,0x01c3,
    0x0a25,0x01c3,0x0204,0x01c3,0x0204,0x01a3,0x01e4,0x01c3,0x01c3,0x0204,0x01e4,0x01e4,
    0x0a24,0x01a3,0x01e4,0x01c3,0x01c4,0x0a04,0x0a45,0x01e4,0x01e4,0x01e4,0x0183,0x0a45,
    0x01e4,0x0a25,0x01a3,0x0204,0x0a04,0x0a65,0x01e3,0x01c3,0x01e4,0x01c3,0x01a3,0x0204,
    0x01e4,0x0204,0x0a25,0x01e4,0x0a04,0x0204,0x01e3,0x0204,0x01e4,0x0204,0x01c4,0x01a3,
    0x0a45,0x01c3,0x0225,0x01a3,0x0a25,0x01c3,0x0a25,0x01e4,0x0224,0x01e4,0x01e4,0x0224,
    0x0a25,0x0a25,0x0a85,0x0204,0x01e4,0x01e4,0x0a25,0x01c4,0x01a3,0x01e4,0x01a3,0x0183,
    0x01c3,0x01e4,0x01a3,0x09e4,0x0a25,0x0a04,0x01c3,0x01e4,0x01e4,0x01e4,0x01e3,0x0204,
    0x0a25,0x01e4,0x01a3,0x01a3,0x01e4,0x01e3,0x09e4,0x01c4,0x01c3,0x09e4,0x0a04,0x0a25,
    0x0a45,0x0a45,0x0a45,0x01c3,0x01a3,0x0204,0x0204,0x01a3,0x0204,0x01e4,0x0204,0x01c3,
    0x0a04,0x01c3,0x0162,0x0204,0x0a04,0x0a45,0x0a24,0x01e4,0x01c3,0x01e3,0x01e3,0x01e4,
    0x0a25,0x01a3,0x01e4,0x0182,0x0183,0x01c3,0x0a24,0x0204,0x01e4,0x01c3,0x01c3,0x0224,
    0x0a24,0x01c3,0x01c4,0x0204,0x0224,0x0204,0x01c3,0x01c3,0x01c3,0x01c3,0x01e4,0x09e4,
    0x0224,0x0204,0x01e4,0x01c3,0x01a3,0x01e4,0x01c3,0x0204,0x01e4,0x01c3,0x01a3,0x01c3,
    0x0a04,0x0a04,0x0224,0x01c3,0x0a04,0x01a3,0x01c3,0x01e4,0x0204,0x0a45,0x0204,0x0a24,
    0x01c3,0x01a3,0x01c4,0x01c3,0x01c3,0x0204,0x0204,0x09e4,0x0a04,0x01c3,0x01c3,0x01c3,
    0x01c3,0x0204,0x09e4,0x0a04,0x01c4,0x01c3,0x01e4,0x01c3,0x0a24,0x0a65,0x01e3,0x0a24,
    0x0204,0x01c4,0x01e4,0x01c3,0x0204,0x0a24,0x0a04,0x0a25,0x0a25,0x0204,0x01c3,0x01a4,
    0x01e4,0x01c4,0x0a24,0x01c3,0x0204,0x01c3,0x01c3,0x01e4,0x01c4,0x01c3,0x01c3,0x01e4,
    0x0a04,0x0a45,0x0204,0x01c4,0x01e4,0x01e4,0x01c3,0x0204,0x0a04,0x0a25,0x09c4,0x01e4,
    0x01c3,0x0204,0x0204,0x0a45,0x01c3,0x0224,0x01c3,0x01c3,0x01e4,0x01c3,0x01c4,0x01e4,
    0x0224,0x0204,0x01c3,0x0204,0x01c3,0x01c3,0x01a3,0x0a04,0x09e4,0x01e4,0x01c3,0x01a3,
    0x0a25,0x0a45,0x0a24,0x01e4,0x0a45,0x0a45,0x01e4,0x01e4,0x01c3,0x0204,0x01c3,0x01a3,
    0x01a3,0x01a3,0x0a04,0x0a04,0x0204,0x0182,0x0204,0x01c3,0x0a24,0x01e4,0x01e4,0x01c3,
    0x01a3,0x01c3,0x01c3,0x0204,0x01a3,0x0183,0x01a3,0x01e4,0x01c4,0x01a3,0x0204,0x0225,
    0x0183,0x0a24,0x01a3,0x0204,0x0204,0x01a3,0x0a65,0x01c3,0x01a3,0x01e4,0x01e4,0x01c4,
    0x0183,0x01e4,0x0a24,0x0a04,0x01c3,0x01c3,0x01e4,0x01c4,0x01e4,0x01e4,0x0a04,0x01c3,
    0x01c3,0x01a3,0x01a3,0x01e3,0x0a45,0x01e3,0x01a3,0x01c4,0x01c4,0x01a3,0x01e4,0x0204,
    0x01e4,0x0224,0x01e4,0x01e4,0x01c4,0x0a05,0x0204,0x01c4,0x01e4,0x0204,0x0204,0x01c3,
    0x0224,0x0a65,0x0a45,0x01e4,0x01c3,0x0204,0x0a25,0x0a45,0x0245,0x0204,0x0a45,0x0204,
    0x0a45,0x0204,0x0204,0x01c3,0x0204,0x0a25,0x01c3,0x0a04,0x0a04,0x01c3,0x01a3,0x0204,
    0x01c3,0x01c3,0x01c4,0x01c3,0x0204,0x0a65,0x01e4,0x0a25,0x01a3,0x0a25,0x01a3,0x0a25,
    0x01e4,0x0204,0x0a25,0x01e4,0x01c3,0x01c4,0x0183,0x0204,0x01e3,0x0a04,0x0a04,0x0a04,
    0x0a45,0x0a04,0x01e4,0x01e4,0x01e4,0x0204,0x0a04,0x01e4,0x01e4,0x01c3,0x01e3,0x01a3,
    0x0a45,0x0224,0x0224,0x01c3,0x0a25,0x0183,0x01e4,0x01c3,0x0204,0x0a65,0x01c3,0x0183,
    0x01c3,0x0a04,0x0a65,0x01c3,0x0204,0x01c4,0x01c3,0x01e4,0x01c3,0x0224,0x01e4,0x01e4,
    0x01e4,0x0204,0x0a25,0x01e4,0x01e4,0x01e4,0x0204,0x09c4,0x01c4,0x01e4,0x01e4,0x01e4,
    0x0a04,0x0a45,0x0a04,0x09e4,0x0a25,0x01c3,0x0204,0x0183,0x0a25,0x01c3,0x01a3,0x0a65,
    0x01e4,0x01c3,0x09e4,0x1266,0x09e4,0x01c4,0x01e4,0x0204,0x0204,0x0a24,0x01c3,0x01e4,
    0x01a3,0x01c4,0x01a3,0x01a4,0x0a25,0x0204,0x01c3,0x01c3,0x0204,0x01e4,0x0204,0x0204,
    0x01c3,0x01e4,0x01c3,0x01e4,0x0204,0x0a25,0x09e4,0x01e4,0x01a3,0x0162,0x01c4,0x0a04,
    0x01e4,0x0a45,0x01e4,0x0a45,0x01e4,0x0204,0x01c3,0x01c3,0x0204,0x0a25,0x0a45,0x01c3,
    0x0204,0x01e4,0x0a25,0x0a45,0x0a65,0x01c3,0x01e4,0x01a3,0x0183,0x01a3,0x0a45,0x01e3,
    0x0183,0x01c3,0x0a65,0x0a65,0x0a66,0x0a25,0x0a65,0x0a04,0x0a45,0x0204,0x01a3,0x0204,
    0x01e4,0x01c3,0x0183,0x01e4,0x01e4,0x0204,0x0204,0x01c3,0x01c3,0x0204,0x0a24,0x0a25,
    0x01e4,0x09e4,0x01a3,0x01c3,0x0224,0x0204,0x01e4,0x01c3,0x01e4,0x0162,0x01e4,0x01a3,
    0x01a3,0x01a3,0x01e4,0x0204,0x01c3,0x0a25,0x0162,0x0224,0x01a3,0x0224,0x01c4,0x01c3,
    0x01e4,0x0204,0x0204,0x01e4,0x0204,0x01c4,0x0a25,0x0a45,0x01c3,0x0204,0x09e4,0x0a25,
    0x01e4,0x0a45,0x01e3,0x01e4,0x0204,0x0183,0x01e3,0x01c3,0x01e4,0x09e4,0x0a25,0x09e4,
    0x01a3,0x0a04,0x0224,0x0a05,0x0a45,0x01e4,0x01c3,0x01c3,0x0162,0x01c4,0x0204,0x0a45,
    0x0204,0x01e4,0x01e4,0x0a25,0x0a04,0x01a3,0x01a3,0x0224,0x01e4,0x0a24,0x0204,0x0204,
    0x01a3,0x0204,0x01c4,0x09e4,0x0204,0x01a3,0x01e4,0x01a3,0x01c4,0x0a04,0x01e4,0x0a25,
    0x01e4,0x01c4,0x0a04,0x0a25,0x01e3,0x0204,0x01c3,0x0183,0x01e4,0x0224,0x01a3,0x01c3,
    0x0204,0x0204,0x0183,0x01e4,0x0204,0x0162,0x01c3,0x01c3,0x01a3,0x01e3,0x0a04,0x01a3,
    0x0183,0x01c3,0x0204,0x0204,0x0182,0x01c3,0x0a04,0x0a25,0x0204,0x01a3,0x01a3,0x0a45,
    0x0204,0x01c3,0x0204,0x01a3,0x01e4,0x01c3,0x09e4,0x0183,0x01c3,0x0224,0x0204,0x0224,
    0x01c3,0x01a3,0x0204,0x0a24,0x0a25,0x01e4,0x09e4,0x01e4,0x01e4,0x0a25,0x01e4,0x01e4,
    0x0183,0x01a3,0x0225,0x0a45,0x0a65,0x0a45,0x01c3,0x01e4,0x01e4,0x0183,0x01c4,0x01e4,
    0x0a05,0x0a24,0x01e4,0x01e4,0x01a3,0x01e4,0x0204,0x0a04,0x01c3,0x01c3,0x01a3,0x01a3,
    0x0183,0x0204,0x0204,0x01e4,0x01e4,0x0142,0x09e4,0x0204,0x01e4,0x0a25,0x0a45,0x0a04,
    0x01e4,0x01e4,0x01e4,0x01e4,0x01c3,0x01e4,0x0a25,0x0204,0x0a25,0x01e4,0x01e4,0x01a3,
    0x01e4,0x01e4,0x01c4,0x01e4,0x01e3,0x01c3,0x0224,0x01e3,0x01e4,0x0204,0x0a25,0x01e4,
    0x0225,0x01e4,0x01c3,0x01a3,0x0a05,0x01c4,0x0183,0x01e4,0x09e4,0x0a04,0x0a04,0x01e4,
    0x0183,0x0204,0x01e4,0x0204,0x01c3,0x01c3,0x01e4,0x0204,0x0a25,0x0204,0x0a04,0x01c3,
    0x0183,0x0204,0x0183,0x0204,0x0204,0x0204,0x0204,0x01a3,0x0225,0x01a3,0x01e4,0x0204,
    0x0a25,0x0a04,0x01a3,0x01a3,0x01c3,0x01e4,0x01c3,0x01c3,0x01e4,0x01e4,0x01e3,0x0204,
    0x0a25,0x0a45,0x0a45,0x0a04,0x0a45,0x0a24,0x01e4,0x01e4,0x01a3,0x01a3,0x0a04,0x01c3,
    0x0a45,0x01a3,0x0204,0x01c3,0x01e4,0x01e4,0x01e4,0x01e4,0x01e4,0x0204,0x01e3,0x0204,
    0x01a3,0x01a3,0x01c3,0x0204,0x01e4,0x01a3,0x01a3,0x01e4,0x01e4,0x01e4,0x0204,0x0204,
    0x01c3,0x01e4,0x0204,0x01e4,0x01c3,0x01c3,0x01c3,0x01e3,0x0204,0x0204,0x01a3,0x01e4,
    0x01c3,0x01c4,0x01c3,0x01e4,0x0225,0x0a25,0x01e4,0x0a45,0x01e4,0x0204,0x01e4,0x0a04,
    0x01c3,0x0a45,0x0204,0x01e4,0x0a25,0x01e4,0x01e4,0x0a25,0x0a04,0x01e4,0x0a04,0x0224,
    0x0245,0x0204,0x01e4,0x01e4,0x01e4,0x01a3,0x01e3,0x01c3,0x0204,0x0204,0x01e3,0x01e4,
    0x0204,0x01c3,0x0a25,0x0a25,0x0a25,0x0a25,0x01e4,0x01a3,0x01a3,0x0a24,0x01a3,0x01a3,
    0x01e3,0x0204,0x01a3,0x01e4,0x01e4,0x01c3,0x0183,0x01c3,0x0183,0x01e4,0x0182,0x0a25,
    0x01e4,0x01e4,0x0a45,0x0a04,0x0a45,0x0204,0x01a3,0x0a45,0x0224,0x01e4,0x0204,0x0a25,
    0x0204,0x0a66,0x01e4,0x01a3,0x0a25,0x01e4,0x0204,0x0204,0x0204,0x0a45,0x0204,0x01a3,
    0x01e4,0x01a3,0x01c4,0x01e4,0x0a45,0x0a24,0x0a04,0x0204,0x0204,0x01e4,0x0224,0x01a3,
    0x01c3,0x01c3,0x01a3,0x0a45,0x0204,0x0204,0x01e4,0x01a3,0x01c4,0x0a04,0x01c3,0x01e4,
    0x01e4,0x01e4,0x0204,0x0a04,0x01c3,0x01e4,0x01a3,0x0a65,0x0a25,0x0a45,0x01a3,0x01c3,
    0x0183,0x01e4,0x0204,0x01e4,0x0a24,0x01e4,0x0204,0x01c3,0x01e4,0x0a25,0x01e4,0x0204,
    0x0a45,0x01e4,0x0204,0x01e4,0x01c3,0x01c4,0x01c3,0x0a25,0x0a25,0x0204,0x01a3,0x0205,
    0x01e4,0x01c3,0x0a45,0x0a04,0x0a04,0x01c3,0x01a3,0x0a65,0x0204,0x09e4,0x01e4,0x01c3,
    0x01a3,0x01c3,0x01a3,0x01e4,0x01e3,0x0183,0x0a24,0x0a65,0x09e4,0x01c3,0x0183,0x01e4,
    0x0162,0x01a3,0x0183,0x01e4,0x01c3,0x01e4,0x0a04,0x01c3,0x01e4,0x1265,0x0204,0x01c3,
    0x01c3,0x0a04,0x0204,0x01e3,0x01e4,0x01e4,0x01c3,0x01e4,0x01a3,0x01c3,0x01e4,0x01e4,
    0x0204,0x0204,0x0204,0x0204,0x01c3,0x0204,0x01e4,0x0a04,0x0a25,0x0204,0x01a3,0x01e4,
    0x01c3,0x01a3,0x0204,0x0225,0x01e3,0x01e4,0x01c4,0x01a3,0x01e4,0x0204,0x01c4,0x01c3,
    0x01c3,0x0a04,0x0a04,0x01c3,0x0204,0x01e3,0x0a04,0x0a04,0x01a3,0x01e4,0x0204,0x01e3,
    0x0183,0x01e4,0x01a3,0x01e4,0x0a45,0x0a25,0x01c3,0x01a3,0x01a3,0x01a3,0x01e4,0x0204,
    0x0204,0x01e4,0x01c4,0x0a04,0x0162,0x01e3,0x0204,0x0224,0x01e4,0x0204,0x01e3,0x0204,
    0x01e4,0x01c4,0x01e4,0x01e4,0x0204,0x0a25,0x01e4,0x0a45,0x0204,0x01c3,0x0204,0x09e4,
    0x0183,0x0162,0x0183,0x0224,0x0204,0x0204,0x0204,0x0a25,0x0a25,0x0a04,0x01e4,0x01a3,
    0x01e4,0x0a24,0x0a45,0x0a04,0x01e3,0x0a65,0x0204,0x0204,0x01e4,0x01e4,0x0204,0x0a24,
    0x01c3,0x0a65,0x0a86,0x0a25,0x0a04,0x0204,0x0a25,0x01e4,0x01c3,0x01c3,0x0204,0x01e4,
    0x01c3,0x01a3,0x0183,0x01e4,0x09e4,0x01c3,0x0204,0x0a04,0x0204,0x01e3,0x0183,0x01c3,
    0x0224,0x01e3,0x0224,0x01a3,0x01a3,0x01a3,0x01e4,0x0a45,0x0224,0x0204,0x01e4,0x0a24,
    0x01c3,0x0204,0x01e4,0x01e3,0x01e4,0x01c3,0x0a45,0x0a65,0x0a45,0x0a25,0x0a25,0x01c3,
    0x01a3,0x0a25,0x01e4,0x01e4,0x01e4,0x0a24,0x01a3,0x01e4,0x01c4,0x01c4,0x0a04,0x0204,
    0x0a24,0x0204,0x09e4,0x0a04,0x01e4,0x0204,0x01e4,0x01e4,0x0a25,0x1265,0x0204,0x0a04,
    0x0a04,0x0183,0x01c4,0x01c4,0x0225,0x0204,0x01c3,0x01a3,0x01a3,0x0204,0x01a3,0x01a3,
    0x0183,0x01c3,0x01e4,0x01e4,0x0a04,0x0a24,0x0204,0x0a24,0x01e4,0x0a05,0x01a3,0x01c3,
    0x01c3,0x0a04,0x01e3,0x0204,0x0204,0x01e4,0x01c3,0x0204,0x0a66,0x0a65,0x0a45,0x0204,
    0x0a45,0x0204,0x01c3,0x09e4,0x01e4,0x0a04,0x0204,0x0183,0x01e4,0x01a3,0x0183,0x0183,
    0x0a45,0x0a24,0x01a3,0x0204,0x0a24,0x0a65,0x0a45,0x0a24,0x0204,0x0a04,0x0a45,0x01c3,
    0x0a24,0x01e4,0x0204,0x01e4,0x01c3,0x01a3,0x01e3,0x01c3,0x01e4,0x01c4,0x01e4,0x01c4,
    0x0183,0x01a3,0x0183,0x01c3,0x0a45,0x0a04,0x0204,0x0a24,0x0204,0x01c3,0x01c3,0x01e4,
    0x0204,0x0a25,0x01e4,0x0182,0x01a3,0x0183,0x0142,0x0a25,0x01e4,0x01a3,0x01e3,0x0245,
    0x0204,0x0204,0x0a45,0x0a45,0x0a45,0x0a45,0x01e4,0x0204,0x01c3,0x0224,0x0224,0x0224,
    0x0a45,0x01e4,0x01a3,0x01c3,0x09e4,0x01e4,0x01c4,0x01e4,0x0a65,0x01e4,0x0a24,0x0a04,
    0x0204,0x0a04,0x0a65,0x0a24,0x0204,0x0204,0x0a25,0x01e3,0x01c3,0x0a24,0x0a45,0x0204,
    0x01e4,0x01e4,0x01e4,0x01e4,0x01e4,0x01c3,0x01a3,0x01c4,0x01c4,0x01c3,0x0204,0x0204,
    0x01e4,0x01c3,0x0204,0x0225,0x01c4,0x01e4,0x0a25,0x01e4,0x0224,0x0a24,0x01e4,0x01e4,
    0x01e4,0x01e4,0x01c4,0x01c3,0x01a3,0x01e4,0x01e3,0x01a3,0x01e4,0x01e4,0x0a04,0x0a05,
    0x0a04,0x09e4,0x0204,0x0a04,0x01c3,0x01e3,0x0224,0x0a45,0x01c3,0x01e4,0x0a04,0x0a04,
    0x01e4,0x01e3,0x01c3,0x0224,0x0182,0x01e4,0x01c3,0x01c4,0x01e4,0x0182,0x01c3,0x0204,
    0x0a24,0x01a3,0x0204,0x0204,0x0182,0x01e4,0x01e4,0x01e4,0x01e3,0x01e4,0x01c3,0x0204,
    0x01a3,0x01e4,0x0a24,0x01c4,0x0162,0x0204,0x0a45,0x01c3,0x01e4,0x0182,0x01c3,0x01a3,
    0x01a3,0x0204,0x0204,0x0204,0x01a3,0x0204,0x01e4,0x01e3,0x01e4,0x01e3,0x0a24,0x01a3,
    0x01e3,0x0a24,0x09e4,0x01e4,0x0a04,0x0204,0x0204,0x12a6,0x0a65,0x0a45,0x0a04,0x0a24,
    0x0a24,0x01a3,0x01e4,0x0224,0x01e4,0x01e4,0x0a04,0x0204,0x0a25,0x0a25,0x01e4,0x0a24,
    0x01c4,0x01c4,0x0a45,0x01a3,0x01e4,0x0a24,0x0224,0x0a04,0x01e4,0x0204,0x01e4,0x01a3,
    0x01c3,0x0204,0x01a3,0x01a3,0x01a3,0x0a25,0x01a3,0x01c3,0x01c3,0x01a3,0x01c3,0x01e4,
    0x0a25,0x0a25,0x01c4,0x0a04,0x0204,0x0204,0x0a25,0x01c3,0x01c4,0x01c4,0x01c4,0x0a45,
    0x0204,0x01c3,0x0204,0x01a3,0x01e4,0x0204,0x01e4,0x0205,0x0a04,0x09e4,0x0a04,0x0a25,
    0x0204,0x0a24,0x0a24,0x09e4,0x01e4,0x01c3,0x0a04,0x01c3,0x09c4,0x0a45,0x01e3,0x0a25,
    0x0204,0x01e4,0x0a04,0x01a3,0x01e4,0x01e3,0x0204,0x0a45,0x09e4,0x09e4,0x01e4,0x01c3,
    0x01c3,0x0182,0x0a25,0x01a3,0x0204,0x01c3,0x01c3,0x01c3,0x0a04,0x0a04,0x0204,0x01c3,
    0x01e4,0x01e4,0x01c3,0x01c3,0x01e4,0x01c3,0x01e4,0x0183,0x0183,0x01e4,0x0224,0x0224,
    0x0204,0x0a25,0x0204,0x01e3,0x0204,0x0a04,0x0a04,0x01c3,0x01e4,0x01e4,0x0a25,0x0a04,
    0x0204,0x01e4,0x01e4,0x09e4,0x01c3,0x0a04,0x0a24,0x01e3,0x01c3,0x01c3,0x01e4,0x0a04,
    0x01e4,0x0a04,0x01c3,0x0204,0x0a25,0x0a04,0x01e3,0x0a04,0x0a45,0x0a04,0x0a25,0x0225,
    0x01e4,0x01c3,0x01e4,0x01c3,0x01e4,0x0a24,0x0204,0x01c3,0x01a3,0x01c3,0x01c3,0x0a04,
    0x01c4,0x01e4,0x01a3,0x01a3,0x01c3,0x0204,0x01a3,0x01e4,0x0204,0x09e4,0x01c4,0x0a25,
    0x01a3,0x0204,0x0182,0x0204,0x01c3,0x01e4,0x0225,0x0204,0x0204,0x0204,0x0224,0x01c3,
    0x01e4,0x01a3,0x01c3,0x01a3,0x01c3,0x0a04,0x0204,0x01c3,0x01e4,0x0204,0x0204,0x01e4,
    0x0a45,0x0a24,0x09e4,0x0a04,0x0204,0x01e3,0x01e4,0x01e4,0x01e4,0x0a24,0x0a24,0x0204,
    0x01a3,0x01c3,0x01e3,0x0204,0x01c3,0x0a04,0x01c4,0x0a25,0x01c3,0x0204,0x0a24,0x01c3,
    0x0a24,0x0204,0x0224,0x01c4,0x0a25,0x0a45,0x0204,0x0a45,0x0a25,0x01a3,0x0183,0x01e4,
    0x0224,0x0204,0x0225,0x0204,0x0a04,0x0a65,0x0204,0x01c3,0x01e3,0x01e3,0x0204,0x01c3,
    0x0204,0x0224,0x0224,0x01e4,0x01e4,0x0183,0x01e4,0x01e3,0x01e3,0x0a25,0x0a25,0x01a3,
    0x0204,0x0a25,0x0a25,0x0224,0x0204,0x0204,0x01e4,0x0204,0x0a25,0x01e4,0x01c3,0x0a04,
    0x0204,0x01a3,0x0a65,0x0a45,0x0a25,0x0204,0x0204,0x0a24,0x0a24,0x0204,0x0a24,0x0a24,
    0x01e4,0x0a04,0x0a45,0x0a05,0x09e4,0x0204,0x01e4,0x0204,0x01c4,0x01c3,0x0a04,0x01c3,
    0x0a24,0x01c3,0x01a3,0x0a45,0x0204,0x01a3,0x0204,0x09e4,0x0a25,0x01c4,0x01c3,0x01c3,
    0x09e4,0x0a25,0x0204,0x01e4,0x01e4,0x01c3,0x01e4,0x0a04,0x01c3,0x01a3,0x01e4,0x01e4,
    0x0204,0x01e4,0x0204,0x01e4,0x0a04,0x01e4,0x01e4,0x0183,0x0a24,0x01e3,0x0a25,0x0224,
    0x0a25,0x01e4,0x0a04,0x09c4,0x01c3,0x09e4,0x01a3,0x0a86,0x0204,0x01c3,0x0a24,0x01e3,
    0x0162,0x01c3,0x01a3,0x01c3,0x0a24,0x01c3,0x0a45,0x01a3,0x01e4,0x01e4,0x0204,0x0204,
    0x0183,0x01e4,0x0182,0x01a3,0x01a3,0x01e4,0x09e4,0x01e4,0x0a65,0x0204,0x0224,0x0a24,
    0x0a24,0x0204,0x01a3,0x01a3,0x01e4,0x0a04,0x01e3,0x01e3,0x0224,0x0204,0x0204,0x0a04,
    0x01c3,0x09e4,0x0a45,0x0a45,0x0224,0x0204,0x0183,0x0a04,0x01e4,0x01a3,0x01e4,0x0224,
    0x01a3,0x01c3,0x0a24,0x0204,0x01e4,0x01e4,0x01a3,0x0a25,0x01c3,0x0a04,0x0a04,0x01c3,
    0x01c3,0x0a25,0x01e4,0x0a24,0x0a24,0x0a65,0x0204,0x0a25,0x0a04,0x0a04,0x01e3,0x0a45,
    0x0a45,0x01e4,0x01e4,0x01c4,0x01a3,0x01e4,0x0204,0x0a25,0x0204,0x01e4,0x01a3,0x01e4,
    0x01e4,0x0a04,0x0a25,0x01c3,0x0204,0x09e4,0x01e4,0x0a25,0x01e4,0x0183,0x01c3,0x01c3,
    0x0225,0x0204,0x01a3,0x01e3,0x01e3,0x01e4,0x0a25,0x01c4,0x0204,0x01e3,0x01c3,0x0204,
    0x01e3,0x01a3,0x01e4,0x0204,0x0142,0x01a3,0x0a45,0x01e4,0x0a24,0x0204,0x0a04,0x0a04,
    0x0a45,0x0a65,0x0a04,0x01c3,0x01e3,0x01e4,0x01c3,0x0224,0x0204,0x0a04,0x0a04,0x0a04,
    0x0a25,0x01e4,0x0204,0x0204,0x01e4,0x0a24,0x0a25,0x0a45,0x0a25,0x0a45,0x01c3,0x01e3,
    0x01c3,0x0224,0x01c4,0x0a25,0x0a04,0x0a25,0x0204,0x01c3,0x01c3,0x01c3,0x0183,0x01c3,
    0x01e3,0x0204,0x0204,0x01c3,0x01c3,0x01c3,0x01a3,0x01a3,0x01e4,0x0204,0x0a25,0x0a24,
    0x01e4,0x0245,0x0204,0x01e4,0x0183,0x01e4,0x0a25,0x0a25,0x01e4,0x0a04,0x09e4,0x01a3,
    0x01a3,0x0a25,0x0a24,0x0a04,0x1245,0x0a04,0x01c3,0x01e4,0x0a25,0x01e3,0x01e3,0x0a45,
    0x0a24,0x0a25,0x01c4,0x01e4,0x0a25,0x01e4,0x01e3,0x01e3,0x09e4,0x01c4,0x0a25,0x0a04,
    0x01c3,0x01e4,0x0204,0x0183,0x0204,0x0a25,0x01e4,0x09e4,0x0a45,0x01e4,0x01c3,0x01a3,
    0x01e4,0x01a3,0x01e4,0x01c3,0x01c3,0x01a3,0x01c4,0x0183,0x01e4,0x01a3,0x01a3,0x01c3,
    0x01e4,0x0a04,0x0204,0x0a04,0x0a25,0x01c3,0x0204,0x01a3,0x01e4,0x0182,0x0183,0x0204,
    0x0204,0x0a25,0x0a25,0x01c3,0x01c3,0x01e4,0x0a25,0x01e4,0x0a45,0x12a6,0x01e4,0x0a45,
    0x01c3,0x01a3,0x01a3,0x01e4,0x0204,0x0204,0x0a25,0x01e4,0x0a24,0x01a3,0x01a3,0x0204,
    0x0a25,0x01e4,0x09e4,0x01e4,0x01e4,0x01e4,0x01c3,0x0a25,0x0a24,0x0204,0x01a3,0x0a05,
    0x01e4,0x01c3,0x01e4,0x0a04,0x0224,0x0204,0x01e4,0x0204,0x01c3,0x01a3,0x01c3,0x01e4,
    0x0204,0x0224,0x0204,0x0a65,0x0204,0x0a25,0x01c3,0x0a25,0x0a65,0x0183,0x01c3,0x01c3,
    0x0204,0x0224,0x01e3,0x01c3,0x09e4,0x01e4,0x01e4,0x01e4,0x01c3,0x01e4,0x01e4,0x0a04,
    0x0a04,0x0a04,0x01a3,0x0224,0x0224,0x0204,0x0a45,0x01e3,0x01c3,0x01e4,0x01e4,0x01e4,
    0x0a25,0x0a04,0x0a04,0x0a24,0x01e4,0x01e4,0x01c3,0x01e4,0x01c3,0x01e4,0x0a45,0x0a04,
    0x0204,0x01c3,0x01c4,0x0a04,0x01e4,0x01a3,0x0204,0x01e4,0x0a24,0x01c3,0x01c3,0x0204,
    0x01e4,0x01e4,0x0204,0x0a04,0x01a3,0x01c3,0x01e4,0x01c3,0x01e4,0x01a3,0x01e4,0x0183,
    0x0204,0x01e4,0x0204,0x01e4,0x0204,0x0204,0x01e4,0x0204,0x0224,0x0a04,0x01e4,0x01e4,
    0x0204,0x0224,0x0a25,0x0a24,0x0a45,0x0204,0x01e3,0x0a45,0x01a3,0x01e4,0x0a24,0x0204,
    0x01e4,0x0224,0x01e4,0x01c3,0x01e3,0x0224,0x0a24,0x0204,0x0183,0x01e4,0x0a45,0x0a04,
    0x01e4,0x01c3,0x01a3,0x0a24,0x0204,0x0a24,0x01a3,0x0a04,0x01c3,0x01e4,0x01c3,0x0a24,
    0x01e4,0x09c4,0x01a3,0x01a3,0x01c4,0x01a3,0x01c3,0x01e3,0x01e3,0x01c3,0x01e4,0x0a45,
    0x0204,0x01e4,0x01e4,0x0a04,0x01a3,0x01e4,0x0225,0x0204,0x0204,0x01e4,0x01e4,0x0204,
    0x0a25,0x01e4,0x0204,0x01e4,0x01c3,0x0224,0x0204,0x01e4,0x01c3,0x0183,0x0a25,0x09a3,
    0x01a3,0x01c3,0x01e4,0x01e3,0x01a3,0x0204,0x01e4,0x01c3,0x01e4,0x01a3,0x01c3,0x09e4,
    0x01c3,0x0a04,0x0224,0x0a65,0x0204,0x01e4,0x0204,0x01a3,0x01e4,0x0204,0x0225,0x0a24,
    0x01c3,0x0204,0x01c4,0x01e4,0x01e4,0x01c3,0x0204,0x01e4,0x01c3,0x01e4,0x01e4,0x01c3,
    0x01c3,0x0204,0x01e4,0x0204,0x0204,0x01a3,0x01e4,0x01e4,0x0a45,0x0a25,0x01c3,0x01c3,
    0x01e3,0x0224,0x01c3,0x01e4,0x0204,0x01c3,0x01e4,0x0204,0x01a3,0x0162,0x01c3,0x01e4,
    0x0a24,0x01e4,0x01a3,0x01a3,0x01e4,0x0a04,0x0204,0x01e4,0x0a25,0x0a45,0x0204,0x01e4,
    0x0204,0x0224,0x01c3,0x01e3,0x01e4,0x01e4,0x01c3,0x0a04,0x0204,0x0204,0x01e4,0x01c3,
    0x01c3,0x01e3,0x0a45,0x0a04,0x0204,0x01e4,0x0204,0x0a24,0x0a25,0x01c3,0x01a3,0x0204,
    0x01c4,0x01c3,0x01c3,0x01e4,0x0204,0x01c3,0x0a45,0x0224,0x01a3,0x01c4,0x01a3,0x01c4,
    0x01e4,0x0204,0x0204,0x0183,0x01c3,0x0183,0x01e4,0x01c3,0x01c3,0x01c3,0x0a25,0x0a45,
    0x0a24,0x01c3,0x01e4,0x01c3,0x0182,0x0183,0x01c4,0x01a3,0x0204,0x0a45,0x0a45,0x01e3,
    0x0a25,0x0204,0x0204,0x0204,0x0204,0x0204,0x0204,0x0a25,0x09e4,0x0a25,0x0a04,0x01e4,
    0x0204,0x01c3,0x01e4,0x01e4,0x0a05,0x09e4,0x01e4,0x01c3,0x0204,0x01e4,0x0204,0x01e3,
    0x0204,0x01e4,0x01c4,0x01c4,0x01e4,0x0204,0x01e4,0x0204,0x0a45,0x0a24,0x01a3,0x01c3,
    0x01e4,0x0a25,0x0a25,0x01c4,0x0a45,0x01e4,0x01e4,0x1286,0x0a25,0x0204,0x0204,0x01c3,
    0x01a3,0x0182,0x01e4,0x01e4,0x0a45,0x01e4,0x01e4,0x01c3,0x01c3,0x0204,0x01e4,0x09e4,
    0x0224,0x01e4,0x0a04,0x0a65,0x01e4,0x0a24,0x0204,0x0224,0x0204,0x0162,0x01c4,0x0a04,
    0x01e4,0x0204,0x01e4,0x0a04,0x01c3,0x0204,0x0a45,0x0a04,0x01c3,0x01c3,0x01e4,0x01e3,
    0x01a3,0x01c3,0x0204,0x0a24,0x01e4,0x01e4,0x0a25,0x01e4,0x0204,0x0224,0x01c3,0x0204,
    0x0204,0x0a25,0x0224,0x0a04,0x0204,0x0a25,0x0a25,0x09e4,0x01e4,0x01e3,0x01c3,0x01c3,
    0x0224,0x01e4,0x0a65,0x0204,0x0a04,0x09e4,0x01e4,0x0204,0x0204,0x0a04,0x0a24,0x0a25,
    0x01a3,0x0a04,0x01e4,0x01c3,0x01c3,0x01a3,0x0204,0x01e4,0x0a04,0x01c3,0x0204,0x01e4,
    0x01c4,0x0204,0x01c3,0x0a24,0x01c4,0x0a04,0x0a24,0x0204,0x01e4,0x01e4,0x0a25,0x01e4,
    0x01c3,0x0a04,0x0a25,0x01c3,0x0204,0x01c3,0x0a05,0x01c3,0x01c4,0x01a3,0x09e4,0x01e4,
    0x01a3,0x0183,0x0204,0x0204,0x01e4,0x0204,0x0a25,0x01c3,0x01c4,0x01a3,0x0a05,0x0a25,
    0x0a25,0x0204,0x0a25,0x0a24,0x0a04,0x01a3,0x01e4,0x0a04,0x01c3,0x1286,0x01e4,0x01e4,
    0x09e4,0x0a24,0x0a45,0x0a24,0x0224,0x0204,0x01a3,0x0183,0x01e4,0x01e4,0x0a04,0x09e4,
    0x0183,0x0a04,0x01c3,0x01a3,0x0204,0x01e4,0x01e4,0x01e4,0x01e4,0x0204,0x0224,0x0a45,
    0x0a45,0x0a25,0x0a24,0x0204,0x0204,0x0a45,0x0a65,0x01e3,0x0204,0x0a45,0x1286,0x0a24,
    0x01e4,0x0a65,0x0204,0x01c4,0x01e4,0x0a04,0x0a04,0x01e4,0x01c3,0x0a25,0x0224,0x01c3,
    0x01e4,0x0204,0x01c3,0x01a3,0x01c3,0x0224,0x0204,0x0204,0x01a3,0x01c3,0x0204,0x0a24,
    0x0204,0x01e4,0x01c3,0x0225,0x0a45,0x0a24,0x01c3,0x01c3,0x01c4,0x0a25,0x0a25,0x0a24,
    0x01e4,0x01e4,0x01e4,0x0a25,0x01e4,0x09e4,0x0183,0x01c3,0x01c4,0x0a44,0x0224,0x0204,
    0x01a3,0x09e4,0x01c3,0x01e4,0x01e4,0x01c3,0x01e4,0x0245,0x0a24,0x0a24,0x01e4,0x01e4,
    0x0a25,0x0204,0x0a04,0x01c4,0x0a04,0x01a3,0x01e4,0x01c3,0x0204,0x01e4,0x0a24,0x01a3,
    0x01c3,0x01c3,0x01c3,0x01c4,0x0a45,0x01e4,0x0a05,0x09e4,0x0a04,0x0a45,0x01e4,0x01c4,
    0x01c3,0x0a45,0x0225,0x01c3,0x0a04,0x01e4,0x01c3,0x0204,0x0a04,0x01e4,0x0a25,0x01c3,
    0x0204,0x0a44,0x01e4,0x01c3,0x0a25,0x0162,0x01e4,0x0a04,0x0a24,0x0204,0x01e4,0x01e4,
    0x0224,0x0204,0x01c3,0x0204,0x0204,0x0a04,0x0204,0x0a04,0x0204,0x09a3,0x0a44,0x0a85,
    0x0a45,0x01e4,0x01e4,0x0204,0x0182,0x0a24,0x0a04,0x0204,0x01c4,0x0a04,0x0204,0x01c3,
    0x01e4,0x0204,0x0a25,0x0204,0x0a45,0x0a04,0x01a3,0x0a25,0x0204,0x01c4,0x01e4,0x01e4,
    0x01e3,0x01c3,0x01a3,0x01a3,0x01c3,0x01a3,0x01e4,0x01a3,0x0204,0x0225,0x0225,0x0a45,
    0x01c3,0x01c3,0x01a3,0x01a3,0x01e4,0x0204,0x0a04,0x01e3,0x01e3,0x0a25,0x0183,0x01e4,
    0x01e4,0x0a04,0x01a3,0x0a04,0x01e4,0x0a65,0x0225,0x01e4,0x01c3,0x01c3,0x01c3,0x09e4,
    0x0a04,0x09e4,0x01c3,0x01c3,0x01e4,0x01c3,0x01c3,0x01a3,0x01e4,0x01a3,0x01e4,0x01a3,
    0x01e4,0x01c4,0x0204,0x01e4,0x0a25,0x01e4,0x01c3,0x01a3,0x0183,0x0204,0x0204,0x01c3,
    0x01e4,0x0a04,0x09e4,0x01a4,0x01e4,0x01e4,0x01c3,0x0a04,0x0a04,0x01c3,0x01c3,0x0a04,
    0x0a25,0x01e4,0x0204,0x01e4,0x01a3,0x0204,0x01a3,0x01e4,0x0224,0x0a24,0x0a45,0x12a6,
    0x01e4,0x01c4,0x0224,0x01e4,0x0a45,0x0203,0x01e3,0x0a25,0x01a3,0x01e4,0x0204,0x01e3,
    0x01e3,0x01e4,0x0a45,0x0a45,0x0204,0x0a45,0x01e3,0x01c3,0x01c3,0x0204,0x01c3,0x0a86,
    0x0a65,0x0a65,0x01c4,0x01a3,0x0a45,0x0a24,0x01e4,0x0a04,0x0a04,0x01e4,0x01c3,0x0a25,
    0x1245,0x0204,0x01e4,0x0225,0x01a3,0x01c4,0x0a04,0x0225,0x01e4,0x01a3,0x01c3,0x01e4,
    0x01c3,0x0204,0x01c3,0x0204,0x01e3,0x01e4,0x01e3,0x01c3,0x0204,0x0a66,0x01e4,0x01e4,
    0x0a04,0x0183,0x0a04,0x01e4,0x0a24,0x0204,0x01c4,0x0224,0x0204,0x0a04,0x09e4,0x0a45,
    0x01e4,0x01e4,0x01c3,0x01e4,0x0a45,0x0a45,0x01c3,0x01a3,0x0a04,0x01c3,0x0a45,0x01a3,
    0x01c3,0x01e4,0x0a04,0x01c3,0x0a25,0x01c4,0x01a3,0x0a04,0x01a3,0x01a3,0x0a04,0x01a3,
    0x0204,0x01c3,0x01e4,0x01c3,0x0204,0x01a3,0x01c3,0x0224,0x0a24,0x0204,0x01c3,0x0a25,
    0x01e4,0x01c3,0x01c4,0x01e4,0x01c3,0x01a3,0x01a3,0x01c4,0x01c4,0x01c3,0x01e4,0x0a24,
    0x01a3,0x0a04,0x0a45,0x0a04,0x01e4,0x0a45,0x01e4,0x01a3,0x01c3,0x0a25,0x0204,0x0183,
    0x01e3,0x0244,0x0a45,0x01e4,0x01a3,0x0a04,0x01e4,0x0224,0x0204,0x0245,0x0224,0x0204,
    0x0204,0x0204,0x01a3,0x01e4,0x0a45,0x01e4,0x01c4,0x0204,0x01e3,0x0204,0x01e4,0x0a24,
    0x0a04,0x0a04,0x0a25,0x01e4,0x01e4,0x01c3,0x0204,0x01c3,0x01a3,0x0224,0x0204,0x01c3,
    0x01c3,0x01e4,0x0204,0x01c3,0x01c3,0x01e4,0x01a3,0x01c3,0x0224,0x0a45,0x01c3,0x01e3,
    0x0204,0x01e4,0x01e3,0x01c4,0x01a3,0x0204,0x01c3,0x01e4,0x0a45,0x0a24,0x0204,0x0a24,
    0x01e4,0x01c3,0x01c3,0x01c3,0x01a3,0x01a3,0x0225,0x0a24,0x1286,0x01e4,0x01c4,0x0a04,
    0x01e4,0x01c3,0x01e4,0x09e4,0x0204,0x01a3,0x0a25,0x0204,0x0204,0x0a45,0x01c3,0x01a3,
    0x0a04,0x0204,0x01c4,0x0204,0x0225,0x01a3,0x01e4,0x0a04,0x0a04,0x0a04,0x01e4,0x01a3,
    0x01c4,0x0204,0x0a25,0x0244,0x0224,0x01e4,0x01c3,0x0a45,0x01e4,0x01e4,0x0a04,0x0183,
    0x01e4,0x0183,0x01e4,0x01e4,0x01c3,0x0183,0x0a04,0x01a3,0x0204,0x0204,0x0204,0x0a65,
    0x0224,0x0224,0x01e3,0x01c3,0x0204,0x0204,0x01e3,0x0245,0x0224,0x01e4,0x01a3,0x01a3,
    0x01e4,0x01e4,0x0183,0x0183,0x01c3,0x0204,0x01e3,0x01e4,0x0a45,0x0a24,0x01e4,0x0a04,
    0x0183,0x01c3,0x01a3,0x01c3,0x01e4,0x01c3,0x01a3,0x01e4,0x01e4,0x0a04,0x0a04,0x01c3,
    0x01e4,0x0a25,0x0a04,0x0204,0x0183,0x0204,0x01c3,0x01a3,0x01e4,0x01e4,0x0182,0x0183,
    0x0a04,0x01c3,0x01c3,0x01e4,0x01c3,0x01c3,0x01c3,0x0204,0x01c3,0x01a3,0x01e4,0x0204,
    0x01c3,0x0183,0x01c3,0x09e4,0x0a24,0x0a45,0x01e4,0x0162,0x01a3,0x0225,0x0a05,0x0a04,
    0x01c3,0x0224,0x0a24,0x0a24,0x0a25,0x09e4,0x01e4,0x0a24,0x01a3,0x01a3,0x01e4,0x01a3,
    0x01c3,0x01e4,0x01a3,0x0a25,0x0a45,0x0a65,0x0a25,0x09e4,0x09e4,0x01a3,0x01a3,0x01e4,
    0x0a25,0x0204,0x0a25,0x0a25,0x01c3,0x01a3,0x0204,0x0204,0x01c3,0x01e4,0x01a3,0x01e4,
    0x0183,0x0183,0x0183,0x0204,0x0204,0x01e4,0x01e4,0x01c3,0x01e4,0x01c4,0x01c4,0x0183,
    0x0183,0x0162,0x01a3,0x0a04,0x01e4,0x01e4,0x0204,0x01e4,0x0204,0x0224,0x01c3,0x09c4,
    0x0204,0x01e4,0x01c3,0x01e3,0x01e3,0x01c3,0x01e4,0x0a04,0x0204,0x0183,0x0204,0x01e4,
    0x0a45,0x01c3,0x0204,0x01e4,0x01e4,0x01c3,0x0204,0x01c4,0x0204,0x0204,0x0204,0x01a3,
    0x0a04,0x0a25,0x0a65,0x01e4,0x0a24,0x0a04,0x01c3,0x01e3,0x0a04,0x0a25,0x0a25,0x0204,
    0x01e4,0x01e4,0x01c3,0x0204,0x01e4,0x0204,0x0204,0x0a25,0x01e4,0x01e4,0x0204,0x01c3,
    0x0204,0x01e4,0x0204,0x01c3,0x01e4,0x01e4,0x0204,0x0a04,0x0a25,0x0204,0x0224,0x01e4,
    0x01e4,0x01e3,0x01e3,0x0204,0x01a3,0x0a25,0x01a3,0x01c3,0x01c3,0x01e3,0x0a24,0x0a24,
    0x0a24,0x0183,0x01e4,0x01c3,0x01e4,0x0204,0x0a25,0x01e4,0x01c3,0x0183,0x01a3,0x09e4,
    0x01c3,0x0a24,0x01a3,0x01c4,0x01e4,0x0162,0x01c3,0x01a3,0x01c3,0x01e4,0x01e4,0x0a25,
    0x01e4,0x01c4,0x01a3,0x0204,0x0204,0x0204,0x01e4,0x01a3,0x01a3,0x01a3,0x01c3,0x01c4,
    0x01e4,0x0a04,0x09e4,0x01e4,0x0204,0x01c3,0x01c3,0x01c3,0x0a45,0x01e4,0x0a45,0x0a25,
    0x0a25,0x01e4,0x0224,0x01c3,0x01c3,0x0204,0x01c3,0x0a25,0x0a04,0x01c4,0x0a04,0x0a45,
    0x0204,0x0204,0x0183,0x01c3,0x0204,0x01a3,0x01e4,0x0a25,0x01e4,0x0204,0x0204,0x0204,
    0x01a3,0x01e4,0x01c3,0x01a3,0x0204,0x01e3,0x0a04,0x01e3,0x01e4,0x0a25,0x01e4,0x0a04,
    0x0a04,0x01c4,0x0204,0x0a45,0x0a24,0x01c3,0x01c3,0x01e4,0x0a45,0x0204,0x01c3,0x01c3,
    0x01a3,0x01e3,0x01a3,0x0a04,0x01c4,0x0a24,0x0245,0x0204,0x0204,0x0a25,0x01a3,0x01a3,
    0x01a3,0x0183,0x0a24,0x0a45,0x0204,0x01a3,0x01c3,0x0a45,0x0183,0x01c3,0x0183,0x01c3,
    0x01a3,0x01e4,0x01e4,0x0a25,0x0a45,0x0204,0x0224,0x01c3,0x0a24,0x0a04,0x0a25,0x01a3,
    0x01a3,0x01e4,0x01a3,0x01c3,0x01c3,0x01e4,0x0a45,0x01c3,0x0a45,0x01c3,0x0a04,0x0a04,
    0x01e4,0x01c3,0x01c3,0x01e4,0x01c3,0x01c3,0x0204,0x0a25,0x0a04,0x01e4,0x0a25,0x1245,
    0x0204,0x01c3,0x01e4,0x01a3,0x01e4,0x01e4,0x0a45,0x01e4,0x0a04,0x0a45,0x0a25,0x01e4,
    0x0224,0x0a04,0x0204,0x01a3,0x0183,0x01e4,0x0204,0x0204,0x0a24,0x0a25,0x0204,0x0a25,
    0x0a04,0x0a45,0x01a3,0x01e4,0x0204,0x0a25,0x1245,0x0a25,0x01e4,0x01e4,0x0a04,0x01a3,
    0x0204,0x0204,0x0a25,0x0a04,0x0204,0x0a45,0x0a04,0x01e4,0x01c3,0x0a04,0x01e4,0x01c4,
    0x0a04,0x0204,0x0a25,0x01c3,0x01a3,0x01e4,0x01c3,0x0a25,0x0a45,0x0204,0x0a04,0x0a44,
    0x0a24,0x0a04,0x0a45,0x01e4,0x01a3,0x01c3,0x0204,0x01a3,0x01a3,0x01e4,0x0224,0x01c4,
    0x0a25,0x0224,0x0224,0x01c3,0x0a24,0x01a3,0x01e4,0x01e4,0x0204,0x01e4,0x0a45,0x01e4,
    0x0a04,0x01c3,0x0204,0x01c4,0x01e4,0x0a25,0x01e4,0x01e3,0x01e4,0x01e4,0x0162,0x01e4,
    0x01c3,0x0a24,0x0a04,0x0a45,0x01a3,0x0a25,0x01c3,0x0204,0x0a04,0x0a04,0x01e3,0x01c4,
    0x01e4,0x0a25,0x01e4,0x01c3,0x0a25,0x01a3,0x09e4,0x0a04,0x0204,0x0224,0x0204,0x01c3,
    0x01e4,0x01c3,0x0204,0x01a3,0x0a25,0x0204,0x09e4,0x01a3,0x0a25,0x0a65,0x09e4,0x0183,
    0x01c4,0x0204,0x0a45,0x01e4,0x0a24,0x01e4,0x01a3,0x0204,0x01e4,0x0a25,0x01e3,0x01a3,
    0x01a3,0x01e4,0x0a25,0x0a04,0x0a04,0x01e4,0x01a3,0x0183,0x0205,0x09e4,0x0a24,0x0a65,
    0x0a65,0x01c3,0x0a05,0x09c4,0x0a04,0x0204,0x0a24,0x01e4,0x0a45,0x0a24,0x0204,0x01c3,
    0x01e4,0x1265,0x0a04,0x0a24,0x0224,0x01c3,0x01a3,0x0a04,0x0a24,0x01a3,0x0204,0x0a45,
    0x01e4,0x01c3,0x01c3,0x0204,0x0204,0x0204,0x0a24,0x01c3,0x0204,0x0204,0x0182,0x01c3,
    0x0183,0x01c3,0x01a3,0x01a3,0x01c4,0x01c3,0x01e4,0x01c3,0x0224,0x01e3,0x0224,0x0a45,
    0x0a04,0x0a04,0x01c3,0x01e4,0x0a45,0x0a45,0x01e4,0x01e4,0x01c3,0x0204,0x01e4,0x0183,
    0x01c3,0x0a04,0x0204,0x0224,0x0204,0x01c3,0x0204,0x1266,0x0a25,0x0a65,0x01a3,0x0a04,
    0x01c4,0x0204,0x01c3,0x0204,0x01e3,0x01a3,0x0204,0x0204,0x01c3,0x0a25,0x01a3,0x01a3,
    0x09e4,0x09c4,0x09e4,0x0a25,0x01c3,0x01e3,0x01a3,0x01c4,0x01c4,0x01a3,0x01a3,0x09e4,
    0x0a04,0x0a45,0x0a25,0x0a04,0x01c3,0x0a04,0x01c3,0x0224,0x01e4,0x01a3,0x01e4,0x01e4,
    0x01e4,0x09e4,0x01e4,0x0a04,0x0225,0x0a45,0x0a24,0x0a65,0x01c3,0x01e4,0x0182,0x01e4,
    0x01c3,0x0a45,0x0a04,0x0224,0x01c3,0x0182,0x01e4,0x0a04,0x0a04,0x0a04,0x09e4,0x01e4,
    0x09e4,0x0a24,0x1266,0x0a45,0x0a04,0x0a24,0x0a25,0x0a04,0x0a25,0x01c3,0x01e4,0x0a04,
    0x0a04,0x01e4,0x0204,0x0a45,0x01c3,0x0204,0x01a3,0x0a25,0x01c4,0x0a04,0x01e4,0x0204,
    0x01e4,0x0a25,0x0a24,0x01e4,0x0a45,0x0204,0x0225,0x01e4,0x0a25,0x0204,0x01a3,0x01e4,
    0x0162,0x01c3,0x0224,0x0a45,0x01e3,0x01e4,0x09e4,0x0a04,0x0183,0x01a3,0x0224,0x0a45,
    0x0a45,0x0a45,0x01e4,0x0204,0x01a3,0x0a04,0x01a3,0x0a25,0x0204,0x01a3,0x0a45,0x01a3,
    0x01e4,0x0224,0x0204,0x0a04,0x0a04,0x0a45,0x0204,0x0204,0x01c3,0x01c4,0x0a04,0x0a24,
    0x0a24,0x01e4,0x01e3,0x01e4,0x01e4,0x01c3,0x01c4,0x01c4,0x09e4,0x01a3,0x09e4,0x01e4,
    0x0a24,0x01c3,0x0204,0x01c3,0x01a3,0x09e4,0x0a04,0x0204,0x0a25,0x0a24,0x01e4,0x01c3,
    0x01e4,0x0204,0x0a25,0x0224,0x01a3,0x01c4,0x01a3,0x01e4,0x0a04,0x0204,0x01e4,0x0a24,
    0x01e4,0x01a3,0x01c3,0x0a04,0x0a04,0x01c3,0x0204,0x01e4,0x0183,0x01e4,0x0a24,0x0a04,
    0x0224,0x0204,0x01e3,0x0a25,0x01e4,0x01e4,0x0204,0x0204,0x01e3,0x0204,0x0a04,0x1225,
    0x1245,0x01e4,0x0a25,0x0a45,0x0224,0x01c4,0x0a04,0x0a05,0x01e4,0x01c3,0x0204,0x01e4,
    0x01c3,0x0183,0x01e4,0x01e4,0x0a24,0x01c3,0x01c3,0x01c3,0x0204,0x0204,0x0a45,0x01e4,
    0x01e4,0x01a3,0x0183,0x01c3,0x0a04,0x01c4,0x0204,0x01c3,0x01e4,0x01c3,0x01e4,0x0a24,
    0x01e4,0x0a24,0x01a3,0x09e4,0x0a04,0x0a25,0x0a24,0x0a45,0x01c3,0x01c3,0x01a3,0x0a24,
    0x0a04,0x0a04,0x01c3,0x01e4,0x01a3,0x01a3,0x01e4,0x0204,0x0a05,0x0a45,0x0224,0x0a25,
    0x01e4,0x01e4,0x0204,0x0a04,0x0a04,0x0a04,0x01c3,0x01c3,0x0a24,0x0204,0x0204,0x0204,
    0x01a3,0x01c4,0x01c3,0x0a25,0x0204,0x01c4,0x0a04,0x0183,0x0204,0x01e4,0x01c4,0x09e4,
    0x0a45,0x01c3,0x01c4,0x01e4,0x01c3,0x01e4,0x01c3,0x0224,0x0183,0x01a3,0x0a04,0x0204,
    0x0a45,0x01e4,0x0a04,0x01e4,0x01c4,0x0204,0x0204,0x01e4,0x0a04,0x01e4,0x01e4,0x0224,
    0x0a65,0x0a25,0x01e4,0x01e4,0x01c3,0x0a04,0x01c3,0x0a24,0x01c3,0x0162,0x01a3,0x01e4,
    0x0a25,0x0a45,0x0224,0x0a65,0x01c3,0x01e4,0x01c3,0x0204,0x0a04,0x0204,0x0a04,0x0a25,
    0x01e4,0x01c4,0x09e4,0x0183,0x01c3,0x0224,0x0204,0x01a3,0x01a3,0x01c3,0x01e4,0x01c4,
    0x01a3,0x01c3,0x0a24,0x0204,0x01c3,0x01c3,0x01a3,0x01a3,0x0204,0x0224,0x0a04,0x01e4,
    0x01c4,0x01c3,0x01a3,0x0204,0x01c3,0x0245,0x0a45,0x0a24,0x01c3,0x0204,0x01c3,0x0183,
    0x0204,0x01c3,0x01a3,0x01e4,0x0a04,0x01c3,0x01e4,0x01e4,0x01c3,0x01e4,0x0a04,0x0a24,
    0x01e4,0x0a04,0x01e4,0x0a04,0x0183,0x01c3,0x0204,0x0a25,0x01e4,0x01c3,0x01c3,0x0225,
    0x0204,0x01c3,0x01c3,0x0a04,0x0a44,0x01c3,0x0224,0x0204,0x0183,0x01e4,0x0a25,0x0a65,
    0x09e4,0x0a25,0x0204,0x01c3,0x01a3,0x01a3,0x0a25,0x0a45,0x01e4,0x01e4,0x0204,0x0224,
    0x01c3,0x01e4,0x01a3,0x0204,0x01e4,0x01e4,0x01e4,0x01a3,0x01e4,0x0204,0x0a45,0x01e4,
    0x0a04,0x01a3,0x01e4,0x01e4,0x0a25,0x0a25,0x01c3,0x0a04,0x01a3,0x01c3,0x0204,0x0224,
    0x0224,0x0224,0x0a24,0x01e4,0x0a45,0x01c3,0x0204,0x01c3,0x01c4,0x0a45,0x0a24,0x0a04,
    0x0a04,0x09e4,0x01c3,0x01c3,0x01c3,0x0a45,0x01e4,0x01a3,0x0183,0x01e4,0x0a04,0x01a3,
    0x01c3,0x0204,0x01a3,0x0224,0x01c3,0x0a45,0x01c3,0x0a04,0x0a24,0x0a24,0x0224,0x0204,
    0x0a45,0x01e4,0x01e4,0x0162,0x01a3,0x0a04,0x0224,0x0a45,0x0a04,0x0204,0x01c4,0x01e3,
    0x0204,0x01e4,0x0a04,0x0204,0x01e4,0x01e4,0x01a3,0x01c3,0x01a3,0x01c4,0x0a25,0x01a3,
    0x01c3,0x01e4,0x01e3,0x0a25,0x09e4,0x0204,0x01c3,0x01a3,0x01e4,0x09e4,0x01c3,0x01e4,
    0x09e4,0x0a45,0x0a25,0x0a04,0x01e4,0x01e4,0x0a04,0x01a3,0x01e4,0x01e3,0x0224,0x0a24,
    0x01c3,0x01a3,0x0225,0x01e4,0x01e4,0x01e4,0x01c3,0x0224,0x0a25,0x01a3,0x01e4,0x0204,
    0x01c3,0x01e4,0x0204,0x01e3,0x01c3,0x0224,0x01c3,0x01e4,0x0183,0x01a3,0x0a04,0x01e3,
    0x0a25,0x01e4,0x01e4,0x0204,0x0a45,0x01c4,0x01e4,0x01a3,0x0224,0x01c3,0x0a25,0x0a04,
    0x01e3,0x0a24,0x0a24,0x0a04,0x01e4,0x01e3,0x01c3,0x01c3,0x0204,0x01e3,0x0182,0x01a3,
    0x0204,0x01e4,0x01c3,0x01e4,0x09e4,0x01e4,0x0a04,0x0a45,0x0a45,0x01e4,0x0204,0x0204,
    0x01a3,0x0162,0x0183,0x01e4,0x0a45,0x0204,0x01c3,0x01e4,0x01e4,0x01a3,0x01a3,0x0224,
    0x0a24,0x0224,0x01c3,0x0204,0x01e4,0x0204,0x01e3,0x01e4,0x01e4,0x01e4,0x01e4,0x0204,
    0x0a45,0x01c3,0x01c3,0x0204,0x01e4,0x0204,0x01c4,0x01e4,0x0204,0x01c3,0x01a3,0x0162,
    0x01e4,0x01a3,0x0a04,0x0a45,0x01c3,0x09e4,0x01c3,0x0182,0x0224,0x01e4,0x0a24,0x0a24,
    0x0204,0x01c4,0x0204,0x0a25,0x01e4,0x01c3,0x0204,0x0a24,0x0204,0x0a04,0x01c3,0x01e4,
    0x0a24,0x0a45,0x0225,0x01e4,0x01e4,0x0225,0x0a45,0x0224,0x0204,0x01a3,0x01e4,0x01a3,
    0x01a3,0x01c3,0x01e3,0x01a3,0x01a3,0x0163,0x01a3,0x01e4,0x0224,0x0162,0x01e4,0x01c3,
    0x01a3,0x0245,0x0a25,0x0a45,0x0a45,0x0a25,0x0a45,0x01e4,0x01e4,0x01c3,0x01e4,0x0a65,
    0x01e4,0x01a3,0x0225,0x01c4,0x01e4,0x0183,0x01e4,0x01a3,0x01e4,0x01e4,0x1266,0x01e4,
    0x0a04,0x0204,0x0a04,0x01c3,0x01c3,0x01c3,0x01c3,0x0182,0x01e3,0x01e4,0x0a65,0x0a45,
    0x09e4,0x0182,0x01a3,0x01a3,0x01c3,0x01e4,0x09e4,0x0a25,0x0204,0x01e4,0x01c4,0x01c3,
    0x01a3,0x0a04,0x0a25,0x0a04,0x0a04,0x01a3,0x01c3,0x0a04,0x01c3,0x0a45,0x01a3,0x0a24,
    0x0a25,0x01c3,0x01a3,0x0204,0x0a04,0x01c3,0x01e4,0x01c3,0x0a24,0x01e4,0x0204,0x01a3,
    0x01c3,0x01c3,0x0a24,0x0a04,0x0182,0x0a04,0x01e4,0x0204,0x01e4,0x0a25,0x0a04,0x01e4,
    0x0a04,0x01e4,0x01a3,0x01a3,0x0245,0x0183,0x0a04,0x01a3,0x01e4,0x09e4,0x01e4,0x01a3,
    0x01c3,0x0a24,0x0204,0x0204,0x01c3,0x01c3,0x09e4,0x0204,0x0a45,0x0204,0x0204,0x01e3,
    0x01c3,0x0a24,0x01c4,0x01e4,0x01a3,0x01c3,0x01c3,0x01a3,0x01c4,0x0a04,0x01c3,0x01a3,
    0x01c3,0x01c3,0x0224,0x0204,0x01c3,0x01a3,0x0204,0x01c3,0x0204,0x0265,0x0204,0x0204,
    0x0a04,0x0a04,0x01e4,0x0162,0x01a3,0x01e4,0x0a45,0x01e4,0x01a3,0x01a3,0x0204,0x0204,
    0x0224,0x01a3,0x0204,0x0204,0x0a45,0x09e4,0x01a3,0x01c3,0x0a25,0x0a45,0x0a24,0x01e3,
    0x0a04,0x01c3,0x0a04,0x01c3,0x01c3,0x01a3,0x01e4,0x0204,0x01e4,0x01e4,0x0204,0x0a24,
    0x01e3,0x0204,0x01e4,0x0183,0x01a3,0x0a04,0x0a04,0x01c3,0x01e4,0x0183,0x01e4,0x0a24,
    0x0204,0x0a24,0x09e4,0x01e4,0x0183,0x0a45,0x0a24,0x0a25,0x0204,0x01c3,0x0a24,0x01e4,
    0x0204,0x09e4,0x0182,0x01e4,0x01a3,0x0204,0x0225,0x01e4,0x01e3,0x01e4,0x0224,0x01e4,
    0x01e4,0x0204,0x01c4,0x01e4,0x01c4,0x0a24,0x0a04,0x01a3,0x0a25,0x0a25,0x01a3,0x01e4,
    0x01a3,0x01e4,0x0142,0x01e4,0x01c3,0x01c3,0x0a04,0x0a25,0x0a25,0x0204,0x01a3,0x01a3,
    0x0a04,0x01c4,0x0a04,0x01a3,0x01e4,0x0204,0x0224,0x0a24,0x0a25,0x01e4,0x01a3,0x0204,
    0x01c3,0x01e4,0x01c3,0x01a3,0x01c3,0x0163,0x01c3,0x01e4,0x01e4,0x01e4,0x01e4,0x01e4,
    0x01a3,0x0a25,0x01e4,0x0162,0x0183,0x0204,0x01c3,0x0a45,0x01e4,0x0204,0x01e4,0x01c4,
    0x01e4,0x01c3,0x01c3,0x01c3,0x01a3,0x01e4,0x0204,0x01c4,0x01a3,0x0183,0x01a3,0x0183,
    0x01c3,0x0a04,0x01c3,0x01e4,0x0a04,0x0a65,0x01e4,0x01c3,0x01c3,0x01c3,0x0a25,0x0a45,
    0x0204,0x0a45,0x0204,0x01c3,0x0204,0x01a3,0x0204,0x01e4,0x0a45,0x0a04,0x0a45,0x0a45,
    0x0204,0x0a04,0x0a25,0x01e4,0x0a45,0x0204,0x0a25,0x0204,0x0a25,0x01e4,0x01e4,0x01e4,
    0x0a45,0x0a24,0x01e3,0x01e3,0x01c3,0x01a3,0x0224,0x0162,0x01c3,0x0224,0x0204,0x01e4,
    0x01a3,0x01c3,0x0183,0x0a04,0x0204,0x01e3,0x0a24,0x01e4,0x0a24,0x0a04,0x0a25,0x0a24,
    0x01a3,0x0a65,0x0a45,0x0a45,0x0204,0x01a3,0x0a65,0x0a45,0x0a25,0x0a24,0x0204,0x0a24,
    0x0a45,0x0204,0x01a3,0x01c3,0x01c3,0x01c3,0x01e4,0x0a05,0x0a25,0x01e4,0x0a24,0x01e4,
    0x01e4,0x01a3,0x01e4,0x0a45,0x01a3,0x0183,0x01e4,0x0183,0x0204,0x0224,0x0224,0x0a65,
    0x01c3,0x0a04,0x0a45,0x0a24,0x01c3,0x01e4,0x01e4,0x01c3,0x01c4,0x01e4,0x01e4,0x01c3,
    0x01e3,0x0a45,0x01e4,0x01a3,0x0a04,0x0a04,0x01a3,0x01e3,0x01c3,0x01e4,0x01e4,0x01c3,
    0x0204,0x01c3,0x0183,0x01a4,0x01c3,0x01c3,0x01c3,0x01c3,0x01e4,0x01a3,0x01c3,0x0183,
    0x0a45,0x0a45,0x0204,0x01c3,0x01c3,0x01e3,0x0162,0x01e4,0x01e4,0x01e4,0x01e4,0x0183,
    0x0204,0x0a45,0x01e4,0x01c3,0x01e4,0x01a3,0x01e4,0x0a25,0x01e4,0x0a25,0x01e4,0x0a25,
    0x0a24,0x01e4,0x01c4,0x01c3,0x01a3,0x0183,0x01e4,0x01c3,0x0a24,0x0a24,0x01c3,0x0a45,
    0x0204,0x0a24,0x0204,0x01e4,0x0204,0x01e4,0x01a3,0x01a3,0x0a24,0x01a3,0x01c4,0x01e4,
    0x01e4,0x01a3,0x01c3,0x0224,0x0a04,0x09e4,0x01c3,0x0224,0x0a24,0x01e3,0x01c3,0x01c4,
    0x0a04,0x01e4,0x01c3,0x01a3,0x01e4,0x01c3,0x01e4,0x0a04,0x01e4,0x0204,0x0204,0x0224,
    0x01e4,0x01e4,0x0204,0x0a25,0x0a04,0x0a04,0x01e4,0x0a04,0x01e4,0x0204,0x01e3,0x01c3,
    0x0a25,0x01c3,0x0204,0x0204,0x0a05,0x01e4,0x0a24,0x0204,0x0a25,0x0a04,0x01e4,0x0a04,
    0x0a04,0x01a3,0x01c3,0x01c3,0x01c4,0x01a3,0x01e4,0x01e4,0x0a25,0x01e4,0x01c3,0x0a04,
    0x0204,0x01c3,0x01c3,0x0224,0x0a04,0x01e4,0x01a3,0x01a3,0x0224,0x01c3,0x01c4,0x01e4,
    0x0204,0x0a25,0x0204,0x01a3,0x01a3,0x01c3,0x0204,0x0a24,0x01c3,0x0204,0x0a25,0x01e4,
    0x0a45,0x01e3,0x0a25,0x01e4,0x01e4,0x01e4,0x01e4,0x01e4,0x01e4,0x01e3,0x0a45,0x01c3,
    0x01e4,0x01e4,0x01e4,0x01c3,0x0a24,0x01c3,0x01e4,0x0183,0x0a04,0x0a25,0x01c4,0x01e4,
    0x0204,0x01c4,0x01c3,0x0204,0x0a04,0x01e4,0x09e4,0x0a45,0x01c4,0x0204,0x0a24,0x0a25,
    0x01e4,0x01c3,0x01a3,0x01e4,0x01e3,0x0a25,0x0204,0x01e4,0x01c3,0x0204,0x0a04,0x01c3,
    0x0a04,0x01e4,0x0a45,0x0204,0x0204,0x0204,0x01e4,0x01a3,0x0204,0x01e4,0x0a04,0x01c3,
    0x01c3,0x01e4,0x01a3,0x0162,0x0183,0x01a3,0x0183,0x0204,0x0224,0x01e4,0x01a3,0x01c3,
    0x01e4,0x01a3,0x01a3,0x01e4,0x0a25,0x0a45,0x01e4,0x01e4,0x01e4,0x01e4,0x01c3,0x0204,
    0x0204,0x0224,0x0225,0x0162,0x01e4,0x01a3,0x0204,0x0204,0x01c4,0x01e4,0x0204,0x0225,
    0x01e4,0x0204,0x01e4,0x0204,0x0204,0x01a3,0x0a04,0x01c3,0x0224,0x0183,0x01c3,0x0a04,
    0x01e4,0x01e4,0x01c3,0x0a04,0x0a04,0x0183,0x01a3,0x01e4,0x0204,0x0a45,0x0204,0x01c3,
    0x01e4,0x01e4,0x0a65,0x0204,0x01c3,0x01c3,0x0a04,0x0a24,0x01e4,0x0a45,0x0a45,0x0204,
    0x0204,0x01a3,0x0183,0x01a3,0x01c4,0x01e4,0x01c3,0x0204,0x01e4,0x0a04,0x01e4,0x01c3,
    0x01c3,0x01e3,0x0a45,0x01c3,0x09e4,0x01a3,0x01c3,0x01a3,0x0183,0x01c3,0x0224,0x09e4,
    0x01e4,0x01a3,0x01e4,0x01c3,0x0a04,0x0a04,0x01e3,0x0224,0x0224,0x01c3,0x01c3,0x01c3,
    0x01c3,0x0204,0x01e4,0x01e4,0x0225,0x01e4,0x01c3,0x0183,0x01a3,0x0a24,0x0a04,0x0204,
    0x0a25,0x0a45,0x01c3,0x01a3,0x01a3,0x01e4,0x01e4,0x01e4,0x0204,0x0a24,0x01e4,0x01e3,
    0x0a45,0x0a25,0x0a04,0x0204,0x01e3,0x0225,0x0245,0x0a25,0x0a24,0x01c3,0x01e4,0x0a25,
    0x0224,0x0204,0x01e4,0x0a04,0x01c3,0x01e4,0x0183,0x0a45,0x0a24,0x01c3,0x01c3,0x01a3,
    0x0a25,0x01a3,0x01e4,0x01a3,0x01c4,0x01c4,0x01a3,0x0204,0x0204,0x01a3,0x01e4,0x01e4,
    0x01c4,0x01a3,0x01c3,0x01c4,0x0204,0x01c3,0x01e4,0x0a25,0x01c3,0x01e4,0x0a04,0x0a24,
    0x01e4,0x0204,0x0a04,0x0205,0x01e4,0x01a3,0x0a24,0x0a24,0x0204,0x01e4,0x01c3,0x01c3,
    0x0162,0x01c3,0x0a04,0x09e4,0x01e4,0x0a25,0x0204,0x01c3,0x0a04,0x01c3,0x0a24,0x01e3,
    0x01e4,0x01c3,0x01e3,0x01a3,0x0a04,0x01e4,0x01c3,0x01a3,0x01c3,0x0204,0x01c3,0x0162,
    0x09e4,0x0183,0x09e4,0x0183,0x01e4,0x01c3,0x0204,0x01c3,0x01e4,0x0183,0x01c4,0x01e4,
    0x0a24,0x01c3,0x01a3,0x0204,0x01c3,0x0204,0x01c3,0x0204,0x0224,0x01c3,0x01c3,0x0225,
    0x01c4,0x01a3,0x01c3,0x0a04,0x0a24,0x0a04,0x0a25,0x01c3,0x01c3,0x01c3,0x0183,0x0224,
    0x01e4,0x01c3,0x09e4,0x01c3,0x09e4,0x0a25,0x01a3,0x01e3,0x01e4,0x01a3,0x01a3,0x0204,
    0x01e4,0x01e4,0x0204,0x0204,0x0204,0x0a25,0x0a25,0x0a24,0x01a3,0x0a04,0x09e4,0x01e4,
    0x0204,0x0204,0x0a45,0x0a24,0x01c3,0x01e4,0x01c3,0x0a04,0x01c3,0x01c3,0x01e4,0x01c3,
    0x01e4,0x0163,0x0204,0x01e4,0x01e4,0x01e4,0x01e4,0x01e4,0x0a25,0x0a45,0x0a45,0x0a24,
    0x01e4,0x01c3,0x09e4,0x09e4,0x01c3,0x01e4,0x01c3,0x0a25,0x01e3,0x0204,0x0a25,0x0205,
    0x01c3,0x01c3,0x01c3,0x0a24,0x01e4,0x01c4,0x0183,0x0a25,0x01a3,0x0204,0x01e3,0x01e4,
    0x01c3,0x01a3,0x01e4,0x0a04,0x0a04,0x01e4,0x01a3,0x01e4,0x01a3,0x01c3,0x01e3,0x01e4,
    0x01c3,0x0a45,0x01e4,0x01e4,0x01e4,0x01e3,0x0a45,0x01c3,0x01c4,0x0183,0x0a04,0x01c3,
    0x01a3,0x01c3,0x01e3,0x01c3,0x01e4,0x01c3,0x0a25,0x01a3,0x01e4,0x01e4,0x09e4,0x0204,
    0x01c3,0x0204,0x01a3,0x01e3,0x0204,0x01a3,0x0183,0x01c3,0x0a04,0x01a3,0x01e4,0x0a65,
    0x0a65,0x01e4,0x0a45,0x01e4,0x01c3,0x01c3,0x01a3,0x0a45,0x0a04,0x0204,0x01e4,0x01a3,
    0x0a25,0x0a45,0x01c3,0x0a04,0x0a24,0x09e4,0x0204,0x0a25,0x0204,0x01c3,0x01e3,0x01e4,
    0x01c4,0x01c3,0x01a3,0x0a04,0x01c4,0x0a04,0x09e4,0x01e4,0x0a45,0x01e4,0x01a3,0x01e4,
    0x0183,0x0a45,0x0a04,0x0204,0x01a3,0x0183,0x0a25,0x09e4,0x0a25,0x0a04,0x0a04,0x0a25,
    0x0204,0x01a3,0x01c3,0x01a3,0x01a3,0x01a3,0x01c3,0x01c3,0x01e4,0x01e4,0x01e4,0x01e4,
    0x01a3,0x01c3,0x01c3,0x0a04,0x0a25,0x01e4,0x01e4,0x01e4,0x01c3,0x01e4,0x0204,0x0a86,
    0x09e4,0x0a25,0x01e3,0x0204,0x01c3,0x0224,0x01c3,0x01c3,0x01a3,0x01e4,0x01c3,0x01c3,
    0x01c3,0x0a45,0x01e4,0x0224,0x01a3,0x01c3,0x01a3,0x0a25,0x0a25,0x0a04,0x0a24,0x0a65,
    0x01c3,0x01c3,0x01c3,0x01c3,0x01e4,0x01e4,0x01c4,0x01e4,0x0a45,0x0a24,0x01a3,0x01e3,
    0x0a25,0x0204,0x01e3,0x01e4,0x0a45,0x01c3,0x0204,0x09e4,0x0204,0x01a3,0x01a3,0x01e4,
    0x0204,0x01a3,0x01c3,0x0204,0x01a3,0x0a04,0x0a04,0x09e4,0x0204,0x0204,0x0a25,0x0204,
    0x0a25,0x0a04,0x0a45,0x0a45,0x0a65,0x0a65,0x0204,0x01e4,0x0204,0x01e4,0x0204,0x0204,
    0x0a24,0x0183,0x01e4,0x01c3,0x0a04,0x0a25,0x01c3,0x0a24,0x0183,0x01a3,0x0204,0x0a24,
    0x09e4,0x0a04,0x0a24,0x0204,0x0204,0x01c3,0x0a04,0x0a45,0x01e4,0x01e4,0x01c3,0x01e4,
    0x0a25,0x0a04,0x01c3,0x01e4,0x01e4,0x01e4,0x0204,0x09e4,0x0a24,0x01c3,0x01e4,0x01c3,
    0x0204,0x01c3,0x01a3,0x0a04,0x01e4,0x01a3,0x01a3,0x0204,0x0a25,0x0a04,0x0a04,0x01c3,
    0x01e4,0x01e4,0x01a3,0x01c4,0x09e4,0x0a24,0x0204,0x0224,0x0a05,0x0a04,0x01e4,0x01e4,
    0x01e4,0x0204,0x0a24,0x0204,0x0204,0x01a3,0x01c3,0x01a3,0x01a3,0x01c3,0x01e3,0x0183,
    0x01e4,0x01c3,0x01a3,0x01e4,0x01c3,0x01c4,0x0a25,0x0a25,0x0a04,0x0a25,0x01e4,0x0a24,
    0x0204,0x1286,0x0a45,0x0a25,0x0a04,0x0204,0x01c3,0x01a3,0x01a3,0x0a24,0x01a3,0x0162,
    0x01a3,0x01a3,0x0204,0x01c3,0x01e4,0x0204,0x0a45,0x0a45,0x01c3,0x0a45,0x01e4,0x0225,
    0x0a04,0x01c3,0x01e3,0x01c3,0x0204,0x0204,0x0a25,0x01c3,0x01a3,0x0a66,0x0a24,0x01e4,
    0x01a3,0x01e4,0x0183,0x01e4,0x0183,0x0204,0x0204,0x01a3,0x01e4,0x0a45,0x0224,0x01e4,
    0x0a25,0x0204,0x0a45,0x01e4,0x01c4,0x0a86,0x01c3,0x01e4,0x01a3,0x01e4,0x0224,0x0a24,
    0x0a04,0x01c3,0x01c4,0x0a04,0x01c3,0x01c3,0x0204,0x0a66,0x0a05,0x01a3,0x01a3,0x01a3,
    0x01a3,0x01c3,0x01e4,0x0183,0x01c4,0x01c4,0x01e4,0x01c3,0x01c3,0x0204,0x01a3,0x01e4,
    0x01a3,0x01e4,0x01c3,0x01c3,0x01c3,0x01e4,0x0204,0x01c3,0x01c3,0x0a25,0x09e4,0x0204,
    0x0a04,0x0204,0x0a04,0x01c3,0x0a04,0x01a3,0x01c3,0x0a45,0x01c3,0x0183,0x0a24,0x0182,
    0x01a3,0x01c3,0x0183,0x01e4,0x0204,0x01c3,0x01e3,0x01a3,0x0204,0x01c3,0x01e4,0x09e4,
    0x01e4,0x0204,0x01c3,0x01e4,0x01c3,0x09e4,0x09e4,0x0182,0x01c3,0x0204,0x0204,0x01e4,
    0x01e4,0x0a04,0x0204,0x0a04,0x01e4,0x0a04,0x01e3,0x0a65,0x0a65,0x01e4,0x0224,0x0a45,
    0x0a25,0x0a45,0x01e3,0x01e4,0x01e4,0x01e4,0x01a3,0x01a3,0x0204,0x0a25,0x01e3,0x0204,
    0x0224,0x01e4,0x01c3,0x0a04,0x01c3,0x0224,0x01e3,0x01e3,0x0204,0x01e4,0x0a45,0x0aa6,
    0x0a04,0x0224,0x0204,0x0a24,0x0224,0x01c3,0x0a45,0x01e4,0x01e4,0x0162,0x0183,0x01c3,
    0x0a45,0x01e4,0x0a04,0x01c4,0x09e4,0x0204,0x01e3,0x0183,0x01e3,0x01e4,0x01e4,0x01e4,
    0x01e4,0x01e4,0x01c3,0x0a25,0x01a3,0x01e4,0x0a04,0x0204,0x0204,0x0204,0x01e4,0x01a3,
    0x01a3,0x0204,0x01e4,0x0224,0x0a65,0x01c4,0x0a25,0x01e4,0x01e4,0x0a45,0x0a04,0x0204,
    0x0a24,0x0a24,0x0224,0x01e3,0x01c4,0x01e4,0x0183,0x01a4,0x01c3,0x01c3,0x01c3,0x0a24,
    0x09e4,0x0a24,0x01e4,0x01e3,0x0204,0x01c4,0x1286,0x01c3,0x01c3,0x01c3,0x01a3,0x01e4,
    0x01e4,0x0224,0x0a45,0x0a45,0x0a24,0x0a04,0x01c3,0x01e4,0x0a25,0x01e4,0x01e4,0x01e4,
    0x0a04,0x01c4,0x01c3,0x01e4,0x01e4,0x0224,0x0224,0x0204,0x01e4,0x0a04,0x0204,0x01c3,
    0x01e4,0x0a45,0x0204,0x0a45,0x0a24,0x0a25,0x0a65,0x01e4,0x0204,0x01e3,0x0183,0x01e4,
    0x0a25,0x0224,0x0204,0x0224,0x0a04,0x01c3,0x01c3,0x01c3,0x01a3,0x01c3,0x01a3,0x0a25,
    0x01e4,0x0224,0x0a24,0x0a45,0x0a04,0x01a3,0x0204,0x01c3,0x0a44,0x0a65,0x0204,0x0a25,
    0x0a65,0x01e4,0x0204,0x0204,0x01e4,0x01c4,0x01e4,0x0a24,0x0204,0x0204,0x01c3,0x01c4,
    0x01c4,0x01e4,0x01c3,0x0a24,0x0225,0x0204,0x01e3,0x0204,0x09e4,0x01c3,0x0a04,0x0204,
    0x01e4,0x01a3,0x01e4,0x0224,0x01a3,0x0204,0x01e4,0x01e4,0x01c3,0x01c3,0x01c3,0x0a45,
    0x0a25,0x01c4,0x01e4,0x01c3,0x01e4,0x0204,0x0a04,0x0a65,0x0a25,0x01e4,0x01c3,0x01c3,
    0x01c3,0x0224,0x0a04,0x01e4,0x0a04,0x01e4,0x0a45,0x0a04,0x0183,0x01c3,0x01c3,0x01c3,
    0x0a04,0x0204,0x01e4,0x0204,0x0204,0x01e4,0x0a04,0x0204,0x01c3,0x01c3,0x01a3,0x0a04,
    0x0a04,0x01e4,0x01e4,0x0a04,0x01e4,0x0204,0x01e4,0x0a45,0x0204,0x01c4,0x0a45,0x0224,
    0x0204,0x01e3,0x0224,0x0204,0x01a3,0x01c3,0x01c3,0x01c3,0x0a04,0x0a04,0x01e4,0x0204,
    0x0224,0x0204,0x0224,0x01e3,0x01e3,0x0224,0x01e4,0x0a25,0x0a25,0x01e3,0x0182,0x01e3,
    0x0a24,0x01e4,0x01a3,0x0a04,0x01c3,0x01e4,0x01e4,0x0204,0x0183,0x01e4,0x09e4,0x0a04,
    0x01c4,0x01c4,0x01e4,0x0204,0x01c3,0x0204,0x0a25,0x0a04,0x0a45,0x0204,0x0224,0x0224,
    0x01e4,0x0204,0x0a25,0x0204,0x0a45,0x0a24,0x0a24,0x01c3,0x0204,0x01e3,0x0224,0x01c3,
    0x01e4,0x0204,0x0204,0x01e4,0x01a3,0x01e4,0x0a86,0x0204,0x01e4,0x0204,0x01e3,0x01e4,
    0x01c3,0x0a25,0x01a3,0x01e4,0x0225,0x0204,0x01c3,0x01e4,0x0204,0x01e4,0x0183,0x0204,
    0x0204,0x0204,0x0a04,0x0204,0x01c3,0x01e4,0x01c4,0x0a25,0x01e4,0x01c3,0x01e4,0x01a3,
    0x0a04,0x01c3,0x0204,0x01a3,0x01c3,0x0224,0x01e4,0x01e4,0x0224,0x01a3,0x01e4,0x01c3,
    0x0204,0x0a24,0x01c3,0x0204,0x01e4,0x01e4,0x01c3,0x0a04,0x01e4,0x01c3,0x01c3,0x01e4,
    0x01a3,0x01c3,0x01a3,0x01e4,0x0a25,0x09e4,0x0a45,0x0a45,0x0a65,0x0a45,0x0224,0x0a24,
    0x0a24,0x01c4,0x01e4,0x0a45,0x01e4,0x01e4,0x0204,0x0183,0x01c3,0x01a3,0x0204,0x0204,
    0x0204,0x0204,0x0204,0x01c3,0x01c3,0x09e4,0x0a04,0x0a24,0x09e4,0x0182,0x0183,0x09e4,
    0x01c3,0x0a04,0x0a45,0x0a24,0x0204,0x0a04,0x01c3,0x01e4,0x01c3,0x01e4,0x01e4,0x0224,
    0x01e4,0x0a45,0x0a04,0x01a3,0x01e4,0x0204,0x0204,0x01e4,0x01e4,0x01c4,0x0a24,0x01c3,
    0x09e4,0x0183,0x0204,0x01e3,0x0204,0x01e4,0x0a24,0x0a24,0x0a45,0x01e4,0x0204,0x01a3,
    0x0a04,0x01c3,0x01e4,0x01a3,0x01c3,0x0204,0x0a25,0x0204,0x01c3,0x0183,0x0183,0x01e4,
    0x01c3,0x01c3,0x01a3,0x01c3,0x01e4,0x01c3,0x01c3,0x01e4,0x0204,0x01c3,0x01a3,0x01c3,
    0x0204,0x01e4,0x01e4,0x09e4,0x0a04,0x01c3,0x01a3,0x01a4,0x0a04,0x0a04,0x01c3,0x0a24,
    0x0a25,0x01c3,0x0a45,0x01c3,0x01e4,0x0204,0x0a45,0x0204,0x01c4,0x01e4,0x01c3,0x0a24,
    0x01c3,0x0a04,0x0a05,0x0a05,0x01a3,0x0a45,0x01e4,0x0a25,0x01c3,0x01c3,0x0204,0x01a3,
    0x0204,0x01c3,0x0a25,0x01c3,0x0a65,0x01c3,0x01c4,0x0204,0x01c3,0x09e4,0x0a45,0x0a04,
    0x01e4,0x0204,0x01a3,0x01c4,0x01e4,0x01c3,0x0224,0x01c3,0x0204,0x0204,0x0224,0x0183,
    0x01e4,0x0a04,0x0204,0x0a24,0x09e4,0x01e4,0x01e4,0x0204,0x01e4,0x01a3,0x01e4,0x0224,
    0x0224,0x0a04,0x09c4,0x01c3,0x0204,0x0a24,0x0204,0x0a04,0x0a45,0x0204,0x01e4,0x01a3,
    0x01a3,0x01e4,0x01c3,0x09e4,0x01e4,0x0a25,0x01e4,0x01e4,0x01a3,0x01c3,0x01c3,0x0204,
    0x0a65,0x0a24,0x01e4,0x0a04,0x0204,0x0a24,0x0224,0x0a04,0x0204,0x0204,0x01c4,0x01c4,
    0x01a3,0x01c3,0x01c3,0x0a04,0x01c3,0x01e4,0x01e4,0x0a45,0x01e4,0x01c3,0x01e4,0x0a25,
    0x01a3,0x01c3,0x01c3,0x0204,0x01e3,0x0204,0x01c4,0x01a3,0x0183,0x01c3,0x0a24,0x0204,
    0x01a3,0x01a3,0x01c4,0x01a4,0x0a04,0x0a04,0x0a25,0x0204,0x0a04,0x0a45,0x0a04,0x0a66,
    0x01c3,0x0a24,0x0204,0x0204,0x01e4,0x01c3,0x01e4,0x0204,0x01c3,0x01e4,0x0a25,0x09e4,
    0x01c4,0x0a86,0x0204,0x0245,0x01c3,0x0204,0x1265,0x0a25,0x0a65,0x0a65,0x01e3,0x01a3,
    0x0204,0x01a3,0x09c3,0x0183,0x0a04,0x0a04,0x01c3,0x01c3,0x01c3,0x0204,0x0204,0x01e4,
    0x01c3,0x0a04,0x0204,0x01e4,0x0a25,0x0224,0x0204,0x0183,0x0a24,0x0204,0x0224,0x0204,
    0x01e4,0x0a04,0x0a24,0x09e4,0x01a3,0x01c3,0x0204,0x01e3,0x01e4,0x01e4,0x0a25,0x01a3,
    0x0204,0x01e3,0x0204,0x01c3,0x01e4,0x01e4,0x0a25,0x01c3,0x01a3,0x01e3,0x01e4,0x0a04,
    0x0a04,0x0a45,0x01e3,0x0204,0x0204,0x01c4,0x0204,0x01e4,0x0a25,0x0a65,0x0204,0x12a6,
    0x01e4,0x0a04,0x0a24,0x01e3,0x01c3,0x0a04,0x01c3,0x01c4,0x0a04,0x0a86,0x0245,0x0a45,
    0x01e4,0x01c3,0x01e4,0x01e4,0x0224,0x01c3,0x01c3,0x01e4,0x01c3,0x01c3,0x0224,0x01c3,
    0x0a04,0x0204,0x01c3,0x01a3,0x01e4,0x01e4,0x0a45,0x01c3,0x01e4,0x0a05,0x0a25,0x01e4,
    0x0a04,0x0204,0x01e4,0x01c3,0x01e3,0x01c3,0x09e4,0x0204,0x0a45,0x0a45,0x0204,0x0a25,
    0x01a3,0x0a04,0x01e4,0x0204,0x01e3,0x01a3,0x01a3,0x0183,0x01c4,0x01e3,0x01e4,0x01e4,
    0x01e4,0x1286,0x0a25,0x01c3,0x0a65,0x0203,0x0204,0x01a3,0x0a04,0x09c4,0x0a04,0x01c3,
    0x0a05,0x0a25,0x01e3,0x0224,0x01a3,0x0183,0x0183,0x01e3,0x01c3,0x01a3,0x01c3,0x0183,
    0x0a24,0x0204,0x0a04,0x0204,0x01e4,0x01c3,0x0204,0x01e3,0x0204,0x01e4,0x0204,0x01e4,
    0x0a45,0x01e4,0x0a24,0x0204,0x0204,0x01e4,0x01c3,0x01e4,0x0a45,0x01e4,0x0a85,0x01e3,
    0x0204,0x01e4,0x0a24,0x0204,0x0204,0x01a3,0x0204,0x01a3,0x0a25,0x01c3,0x0224,0x0245,
    0x0204,0x01c3,0x01c3,0x0a04,0x01c4,0x01e4,0x01e4,0x0224,0x0a24,0x0a04,0x0204,0x0224,
    0x0204,0x01c4,0x0183,0x0a05,0x01a3,0x01e4,0x01c3,0x01e4,0x0204,0x01e4,0x01e3,0x01a3,
    0x01e4,0x01e4,0x0a04,0x01e4,0x0204,0x0225,0x01c3,0x0204,0x01c4,0x01c4,0x01c3,0x0a45,
    0x0a45,0x0a25,0x01c3,0x01a3,0x0183,0x01a3,0x01c4,0x09e5,0x0a24,0x01c3,0x0a24,0x0204,
    0x0a04,0x0204,0x01a3,0x0204,0x0204,0x0224,0x0a65,0x01e4,0x01e4,0x0204,0x01e4,0x01c3,
    0x01e4,0x0a45,0x0a25,0x01e4,0x09e4,0x01c3,0x01c3,0x01c3,0x01c3,0x01c4,0x01e4,0x0a24,
    0x0204,0x0224,0x0204,0x01e4,0x01c3,0x01c4,0x0204,0x01c3,0x01c3,0x0183,0x01c3,0x01c3,
    0x01c3,0x01a3,0x0a04,0x0204,0x01c3,0x01a3,0x0183,0x01e4,0x0204,0x0204,0x01c3,0x0204,
    0x0204,0x01e4,0x01e4,0x0204,0x0a45,0x0224,0x01c3,0x01c3,0x0a04,0x0a25,0x01a3,0x01e4,
    0x0204,0x01c3,0x01c3,0x01a3,0x01e4,0x0224,0x01c4,0x0a45,0x0a45,0x01e4,0x01e4,0x01e4,
    0x01e4,0x01c4,0x01c4,0x01c3,0x01c3,0x01a3,0x01a3,0x01e4,0x01a3,0x0a24,0x0a86,0x01c4,
    0x01e4,0x01c3,0x0204,0x0204,0x0204,0x0204,0x01e4,0x0183,0x01e4,0x0183,0x01e4,0x01a3,
    0x0183,0x0a05,0x01c3,0x0183,0x01e4,0x01a3,0x0204,0x09e4,0x01a3,0x01a3,0x01c4,0x0a04,
    0x01e4,0x0204,0x01c3,0x01e4,0x0183,0x01c4,0x01e4,0x01a3,0x0204,0x01e4,0x01a3,0x01c3,
    0x01e4,0x0a25,0x01c4,0x01a4,0x09e4,0x0a04,0x0a24,0x0a65,0x0a45,0x0204,0x01e3,0x01e4,
    0x01a3,0x01c3,0x0a24,0x0a24,0x0a25,0x0224,0x01e4,0x0a25,0x1265,0x0a25,0x0204,0x0204,
    0x0a24,0x0a04,0x09c4,0x0a45,0x0a65,0x01c3,0x01c3,0x0224,0x0a24,0x0183,0x09e4,0x01e4,
    0x0183,0x0183,0x0183,0x01a3,0x0224,0x0a45,0x01c3,0x01a3,0x0a04,0x01e4,0x0a45,0x01e4,
    0x0a24,0x0204,0x01c3,0x0a45,0x01a3,0x0204,0x01e4,0x01e4,0x0a24,0x01a3,0x0a04,0x01e4,
    0x01a3,0x0204,0x0a65,0x0204,0x01e4,0x0224,0x0224,0x01e4,0x01e4,0x0224,0x0a24,0x0204,
    0x01a3,0x0a45,0x01c4,0x0204,0x01a3,0x01e4,0x01c3,0x01e4,0x0a45,0x01a3,0x01a3,0x01a3,
    0x0a25,0x0a45,0x0204,0x0a25,0x0a45,0x0a04,0x01e4,0x0a25,0x01e4,0x01e4,0x01c3,0x01c3,
    0x0182,0x0a45,0x01c3,0x01e4,0x01e4,0x01a3,0x01a3,0x0183,0x01a3,0x0204,0x01e4,0x0a04,
    0x01e4,0x01e4,0x0204,0x0204,0x01e4,0x0a04,0x0a25,0x01e4,0x0224,0x0204,0x01a3,0x0204,
    0x01c4,0x01a3,0x01a3,0x01c3,0x01e4,0x0204,0x0204,0x01e4,0x0224,0x0204,0x01a3,0x01c4,
    0x0204,0x0224,0x0a65,0x0a45,0x01e4,0x01a3,0x0a24,0x0204,0x01e4,0x0204,0x01e3,0x0a45,
    0x0a65,0x0a65,0x01c4,0x01e4,0x01e4,0x0204,0x01e4,0x01c3,0x0204,0x0a04,0x0a04,0x01e4,
    0x0a45,0x01e3,0x0244,0x1286,0x0a24,0x09e4,0x09e4,0x01c3,0x01c3,0x0162,0x01c3,0x01c3,
    0x01a3,0x01c3,0x01e4,0x0a04,0x01c3,0x01e4,0x01a3,0x0182,0x0182,0x0204,0x0a45,0x01a3,
    0x01e4,0x01e4,0x01c4,0x0204,0x01a3,0x01e4,0x0a24,0x01c3,0x0a04,0x0204,0x09e4,0x01c3,
    0x01e4,0x01a3,0x01e4,0x01c3,0x01c3,0x01a3,0x0a24,0x0244,0x0a24,0x01a3,0x01e4,0x0a65,
    0x0245,0x0224,0x0204,0x0204,0x01c3,0x01e4,0x0204,0x0204,0x01e4,0x0a04,0x01e4,0x01c3,
    0x0204,0x0a65,0x01e4,0x01e4,0x0224,0x0204,0x01c3,0x0204,0x01c3,0x01a3,0x01c3,0x01c3,
    0x01a3,0x01c3,0x01a3,0x01a3,0x0183,0x0a04,0x01c4,0x0162,0x01c4,0x01c3,0x01e4,0x01e4,
    0x01e4,0x01c3,0x01e4,0x0204,0x0204,0x01e4,0x01c4,0x01e4,0x01a3,0x0204,0x01e4,0x01c4,
    0x01a3,0x0183,0x01c3,0x01e3,0x0204,0x01e4,0x0a25,0x0204,0x0a45,0x0204,0x01a3,0x01e4,
    0x01e4,0x0204,0x01e4,0x01c3,0x01a3,0x0a04,0x0204,0x1286,0x0204,0x01e4,0x01e4,0x01e4,
    0x01c4,0x0a25,0x01e3,0x01e3,0x0224,0x0162,0x01c3,0x09e4,0x01c3,0x01e4,0x01e4,0x01c3,
    0x0a04,0x0a25,0x01e4,0x0142,0x01c3,0x01c3,0x0a24,0x01c3,0x01a3,0x09e4,0x0a45,0x0162,
    0x0a04,0x01a3,0x0162,0x0204,0x01e3,0x01e3,0x01a3,0x01c3,0x01e4,0x01a3,0x01e4,0x0a65,
    0x0204,0x0183,0x01e4,0x01e4,0x01a3,0x0a04,0x0204,0x0244,0x01e3,0x0183,0x01a3,0x01c4,
    0x01c3,0x0a45,0x01e4,0x01c3,0x01e4,0x0183,0x01c3,0x0204,0x0204,0x01c3,0x0245,0x0a45,
    0x01e4,0x01a3,0x01e4,0x0a04,0x0183,0x0163,0x01e4,0x0a24,0x01e4,0x01e3,0x0a04,0x01a3,
    0x01e4,0x0a45,0x0a65,0x0a45,0x0183,0x0183,0x01c3,0x01e4,0x01a3,0x01c3,0x0204,0x01c4,
    0x01c3,0x01e4,0x01c3,0x01e4,0x01a3,0x0204,0x01a3,0x0a04,0x01c4,0x01a3,0x0183,0x01a3,
    0x09e4,0x01c4,0x0204,0x0204,0x01e4,0x0a45,0x01a3,0x0162,0x0163,0x01a3,0x0224,0x0204,
    0x0204,0x0183,0x01c3,0x0205,0x01c4,0x01e4,0x0a04,0x01a3,0x0204,0x0204,0x01c3,0x01c4,
    0x01e4,0x01e4,0x0a24,0x0204,0x01e4,0x0204,0x01a3,0x01e4,0x01e4,0x09e4,0x0a45,0x0a45,
    0x09e4,0x0183,0x01e4,0x01a3,0x01c3,0x01c4,0x01e3,0x01c3,0x0a25,0x01e4,0x01e3,0x01e4,
    0x0a45,0x0204,0x0a24,0x0a45,0x0204,0x01a3,0x01c3,0x0a45,0x0a65,0x01e4,0x0a04,0x0183,
    0x0204,0x0204,0x0224,0x0a45,0x01c3,0x0204,0x0a25,0x01e3,0x01a3,0x01c3,0x01a3,0x01e4,
    0x0a04,0x01a3,0x01e4,0x0224,0x0204,0x01e4,0x0183,0x0204,0x01e4,0x01c3,0x0224,0x01e4,
    0x01c3,0x01c3,0x0182,0x0183,0x01a3,0x0a65,0x0a24,0x0a25,0x0204,0x0204,0x0204,0x01c3,
    0x01a3,0x01e4,0x01c3,0x0a25,0x01e4,0x01a3,0x01c3,0x0a25,0x0a24,0x0a45,0x0224,0x0a04,
    0x01a3,0x01e4,0x0204,0x0204,0x0204,0x01e4,0x0204,0x01e4,0x01e4,0x01e4,0x01e4,0x01a3,
    0x01c3,0x01c3,0x01c3,0x01a3,0x01a3,0x0a04,0x0204,0x01c4,0x01c3,0x01e4,0x01c3,0x0a25,
    0x0a04,0x0a04,0x01c3,0x01a3,0x01a3,0x0204,0x01c3,0x0225,0x0204,0x0a04,0x01e4,0x01e4,
    0x0a24,0x0a25,0x01e4,0x01c4,0x0a45,0x0a24,0x01c3,0x0a25,0x0a04,0x01c3,0x01a3,0x01c3,
    0x01e3,0x0a04,0x09e4,0x0204,0x0245,0x01e4,0x01c3,0x0204,0x0a45,0x0a24,0x0a45,0x0a24,
    0x01c3,0x01c4,0x0204,0x01c3,0x01c3,0x0204,0x01c3,0x01e3,0x0a04,0x0204,0x01e4,0x0a04,
    0x0204,0x0a24,0x0a45,0x01e3,0x0204,0x01c3,0x01c4,0x01e4,0x0224,0x01e4,0x0a04,0x01e4,
    0x01c3,0x0204,0x01e4,0x01a3,0x0a25,0x0204,0x0183,0x01a3,0x01c3,0x0204,0x0a24,0x0a45,
    0x01c3,0x0204,0x01a3,0x01a3,0x0225,0x0183,0x0204,0x01a3,0x01a3,0x0a04,0x0204,0x01e4,
    0x01c3,0x0a45,0x0204,0x01e4,0x0224,0x0224,0x0224,0x0204,0x0a25,0x0a24,0x0a04,0x01a3,
    0x0a04,0x01e4,0x0224,0x0a45,0x01e4,0x01c3,0x0183,0x01c3,0x01e4,0x0a45,0x0a25,0x01c3,
    0x01c3,0x0224,0x0a25,0x0a24,0x01e3,0x0204,0x0a04,0x01e4,0x01c3,0x0204,0x0204,0x01e3,
    0x0204,0x0a25,0x01c4,0x01a3,0x0183,0x0204,0x01e4,0x0224,0x0a45,0x0a25,0x01c4,0x0a25,
    0x0a25,0x01e4,0x01a3,0x01a3,0x01c3,0x01e4,0x0204,0x01e4,0x0a25,0x0204,0x0a24,0x01c3,
    0x01c3,0x01e3,0x0a45,0x0a04,0x0204,0x01a3,0x01e4,0x0183,0x01a3,0x0204,0x0a45,0x0a45,
    0x01a3,0x0204,0x0204,0x0204,0x0a04,0x09e4,0x09e4,0x09c3,0x0a04,0x01e4,0x01e4,0x01e4,
    0x01e4,0x0a45,0x01c3,0x0204,0x0204,0x01e4,0x01e4,0x01e4,0x0a24,0x0a24,0x01c3,0x01a3,
    0x01c3,0x0a25,0x01e4,0x01c3,0x0162,0x01e4,0x01e4,0x01c4,0x0204,0x0a04,0x0225,0x01c3,
    0x01e3,0x01e4,0x01a3,0x0204,0x01a3,0x0204,0x0204,0x0204,0x0162,0x01e3,0x01c3,0x01c3,
    0x01e3,0x0224,0x0a45,0x01c3,0x0204,0x0204,0x01e4,0x0a04,0x0204,0x01e4,0x01e4,0x01a3,
    0x01c3,0x0204,0x0204,0x01e4,0x01e3,0x01e4,0x01e4,0x01c4,0x01e4,0x01c3,0x01a3,0x0204,
    0x0224,0x0a25,0x01a3,0x01c3,0x01a3,0x0183,0x01c3,0x01c3,0x0a25,0x0a24,0x01c3,0x01a3,
    0x01e3,0x0a04,0x09e4,0x01e4,0x01e4,0x0204,0x01a3,0x01c3,0x0a24,0x0224,0x01a3,0x01e4,
    0x0a04,0x0204,0x01a3,0x01c4,0x0a04,0x01a3,0x01e4,0x01c3,0x01e3,0x01c3,0x0225,0x01a3,
    0x01a3,0x01e4,0x0204,0x01e4,0x0a04,0x0204,0x01c3,0x01e4,0x01a3,0x01e4,0x0204,0x0a24,
    0x01e4,0x0a25,0x01e4,0x01e4,0x01e4,0x0a04,0x0204,0x01e3,0x0a24,0x0204,0x01a3,0x0183,
    0x0a04,0x01c3,0x01e4,0x0a04,0x01c3,0x0a45,0x01c4,0x01a3,0x0204,0x0204,0x01e4,0x0a24,
    0x0a04,0x01e3,0x01c3,0x01c3,0x0a04,0x0204,0x01e4,0x0a04,0x0204,0x01c3,0x0a04,0x0a25,
    0x01c3,0x0183,0x0162,0x01e4,0x0204,0x01c3,0x0a04,0x01e4,0x0204,0x01a3,0x01c4,0x01c3,
    0x01e4,0x01a3,0x09e4,0x01e3,0x01c3,0x0224,0x0204,0x0a65,0x01e4,0x01a3,0x01a3,0x0a25,
    0x01e3,0x0204,0x0a04,0x0a45,0x01e4,0x01a3,0x01a3,0x01e4,0x0204,0x01c3,0x01c3,0x0204,
    0x0204,0x0204,0x01e4,0x01e4,0x01c3,0x01c3,0x01c3,0x0204,0x01c3,0x01c3,0x01a3,0x0204,
    0x0183,0x0183,0x01e3,0x01c3,0x0a25,0x01e4,0x01e4,0x0a25,0x0a24,0x01a3,0x01a3,0x01e4,
    0x01a3,0x0204,0x01e4,0x0204,0x09e4,0x01c3,0x01c3,0x0204,0x01a3,0x0204,0x0204,0x09e4,
    0x01c4,0x0a45,0x01e3,0x01a3,0x01a3,0x01a3,0x0a04,0x0204,0x0a45,0x0204,0x01e4,0x01c4,
    0x09e4,0x01e4,0x01e4,0x01a3,0x01c3,0x09e4,0x01c3,0x0a45,0x0a25,0x0a04,0x0204,0x01c3,
    0x0a04,0x0a24,0x0204,0x0a65,0x0224,0x0224,0x01c3,0x0a04,0x0a04,0x0a04,0x0224,0x0204,
    0x01e4,0x0a24,0x0a04,0x0a04,0x0204,0x0204,0x01c3,0x01e4,0x01e4,0x01c3,0x01e4,0x0a24,
    0x01a3,0x01a3,0x0204,0x0a45,0x01a3,0x01e4,0x01e4,0x01c3,0x01c3,0x01c4,0x01e4,0x01c3,
    0x01c3,0x0204,0x01e3,0x01a3,0x01e4,0x01e4,0x0a04,0x01e4,0x0204,0x01e4,0x01e4,0x01a3,
    0x01a3,0x0a25,0x0a04,0x01c3,0x0204,0x01c3,0x0183,0x01e4,0x0204,0x0204,0x01e3,0x01e4,
    0x01e4,0x01e4,0x0204,0x0183,0x01c3,0x0162,0x01c3,0x0204,0x0a45,0x01c3,0x0183,0x01e4,
    0x01e4,0x01e4,0x01c3,0x01c3,0x0183,0x01e4,0x0204,0x01e4,0x0a45,0x0a24,0x0a65,0x01e4,
    0x0204,0x01c4,0x09e4,0x01c3,0x0a05,0x01a3,0x09e4,0x0204,0x01e4,0x01a3,0x01a3,0x01c3,
    0x01e4,0x01c4,0x0204,0x0a24,0x0a45,0x01e4,0x01c4,0x01a3,0x01a3,0x01a3,0x0a25,0x01a3,
    0x09e4,0x01e4,0x01c4,0x0204,0x01e4,0x01e4,0x01a3,0x0225,0x09e4,0x01e4,0x0204,0x01e4,
    0x01c4,0x01c3,0x01c3,0x01e4,0x01e4,0x0a65,0x01e4,0x01e4,0x0224,0x0a24,0x0a04,0x0a04,
    0x01a3,0x01e4,0x01e4,0x0a24,0x01c3,0x0204,0x0204,0x01e3,0x0183,0x09e4,0x01c3,0x01e4,
    0x0183,0x01e3,0x01c3,0x0224,0x01e4,0x01a3,0x0a04,0x01c3,0x01c3,0x0a25,0x0a04,0x0a04,
    0x0a25,0x0204,0x0204,0x01a3,0x0162,0x01e4,0x0204,0x0183,0x01e4,0x0204,0x01e4,0x01e4,
    0x01c3,0x01e3,0x0a45,0x01e4,0x01c3,0x0a25,0x01c3,0x01e4,0x0245,0x0a65,0x0a65,0x0a24,
    0x01e4,0x01c3,0x01a3,0x01e4,0x0183,0x0204,0x01e3,0x0224,0x01e4,0x01e4,0x0a04,0x0a04,
    0x01e4,0x01a3,0x01c4,0x0224,0x01e4,0x01e4,0x0a45,0x0a25,0x0204,0x0a25,0x01c3,0x01e4,
    0x01e4,0x0224,0x01c4,0x0183,0x01e4,0x01c3,0x0204,0x0a86,0x0a25,0x0a45,0x01c3,0x0a25,
    0x0204,0x0a04,0x0a04,0x01c3,0x0a25,0x01c4,0x01a3,0x01a3,0x01a3,0x01c3,0x0204,0x09c4,
    0x0a25,0x01e4,0x01e4,0x01e4,0x0204,0x01e4,0x01a3,0x01e4,0x0a25,0x01e4,0x01c3,0x0183,
    0x01a3,0x01a3,0x01a3,0x01a3,0x01e4,0x0a04,0x0a24,0x0224,0x01c4,0x01e4,0x01a3,0x01e4,
    0x01e4,0x01e4,0x0a65,0x0a86,0x0a24,0x0a45,0x0a65,0x01c3,0x0a04,0x0a25,0x01e4,0x01c3,
    0x01e4,0x01e4,0x01e4,0x0a04,0x01e4,0x01a3,0x0a25,0x0204,0x01e4,0x01e4,0x01c3,0x01c3,
    0x01c3,0x0a45,0x0182,0x0204,0x01a3,0x01c4,0x01a3,0x0a04,0x01c3,0x01c3,0x01c4,0x01c3,
    0x01a3,0x01e3,0x01c3,0x01c3,0x0a25,0x01c3,0x01a3,0x01e4,0x01e4,0x09e4,0x0a25,0x01c3,
    0x01a3,0x0204,0x01c3,0x0204,0x01e4,0x0a45,0x0204,0x0a25,0x01e4,0x01c3,0x01e4,0x01c3,
    0x01e4,0x01c3,0x01e4,0x01c3,0x01c3,0x09c3,0x0204,0x01a3,0x0183,0x01c3,0x0a04,0x0a25,
    0x0a45,0x0204,0x0a45,0x0a24,0x0a04,0x0a04,0x01e4,0x01a3,0x01c3,0x01c3,0x0a05,0x0204,
    0x0204,0x01a3,0x01e3,0x0204,0x01e3,0x01a3,0x0a04,0x09e4,0x01e4,0x01c4,0x09e4,0x01a3,
    0x01c3,0x0224,0x01e4,0x09e4,0x01c3,0x0a04,0x01e4,0x01e4,0x09e4,0x0204,0x01a3,0x01a3,
    0x0a24,0x0204,0x09e4,0x01e4,0x01c3,0x01e4,0x01a3,0x01a3,0x01c3,0x0a04,0x01e4,0x09e4,
    0x01e4,0x0a45,0x09e4,0x01a3,0x09e4,0x0a04,0x0a24,0x0204,0x0a04,0x0183,0x01e4,0x0204,
    0x01c3,0x01e3,0x0204,0x01e3,0x0a45,0x0a04,0x0a45,0x0204,0x0204,0x0a24,0x01e3,0x01e4,
    0x01e4,0x01c3,0x0204,0x01a3,0x0204,0x01e4,0x0224,0x0204,0x0a04,0x0204,0x01e4,0x0204,
    0x01a3,0x0a25,0x01c3,0x01c4,0x01c3,0x0a04,0x0a04,0x01e3,0x0204,0x0204,0x0224,0x0a04,
    0x0a45,0x01a3,0x0225,0x01e4,0x01c3,0x01e4,0x01e4,0x0224,0x0a05,0x01c3,0x01c3,0x0204,
    0x01c3,0x01a3,0x01c3,0x01c3,0x01e4,0x01c3,0x01e4,0x0204,0x01c3,0x01a3,0x01e4,0x0204,
    0x0224,0x0a65,0x0a45,0x0245,0x0204,0x0204,0x01e4,0x09e4,0x01c3,0x01e4,0x01e4,0x01e3,
    0x01e4,0x0a04,0x0224,0x0a04,0x01c4,0x01a3,0x01c3,0x0a04,0x01e4,0x0204,0x0a24,0x01c3,
    0x01e4,0x09e4,0x01e3,0x01a3,0x01c4,0x0204,0x0225,0x01c3,0x0225,0x0224,0x01a3,0x0183,
    0x0a05,0x0a25,0x0183,0x0204,0x01e3,0x01c3,0x0a45,0x1286,0x0a04,0x09e4,0x01e4,0x0204,
    0x01a3,0x01c4,0x01c3,0x01e4,0x01e4,0x0204,0x0204,0x0204,0x0a45,0x01c3,0x0a24,0x01c3,
    0x09c4,0x0a24,0x0204,0x0a24,0x0224,0x01e4,0x0a24,0x0a45,0x0204,0x0a45,0x01a3,0x01c3,
    0x01c3,0x01e3,0x0204,0x0a45,0x0a45,0x01c3,0x01e3,0x01e4,0x0a45,0x0a25,0x0224,0x0a65,
    0x0224,0x0142,0x0204,0x0a24,0x0a24,0x0245,0x01e4,0x0a25,0x01e4,0x01a3,0x01a3,0x1266,
    0x1246,0x0a45,0x1286,0x0a04,0x0204,0x01e4,0x01c3,0x0a45,0x01e3,0x01e4,0x0a25,0x0a25,
    0x12a6,0x01e4,0x01e4,0x01c3,0x01a3,0x01c3,0x0a24,0x0204,0x01a3,0x0224,0x0a04,0x01c4,
    0x0204,0x0204,0x0204,0x0182,0x01e4,0x01e4,0x0204,0x0a24,0x0204,0x0204,0x01c3,0x0204,
    0x01c3,0x01a3,0x0a04,0x0a25,0x0204,0x01e4,0x01e4,0x01e4,0x01c3,0x0183,0x01a3,0x01c3,
    0x0a04,0x0a04,0x01c3,0x0204,0x0a65,0x1286,0x0a25,0x0a04,0x09e4,0x01a3,0x01c3,0x01e4,
    0x0a45,0x0204,0x01c3,0x0183,0x0204,0x0224,0x0a45,0x0a04,0x0a04,0x0a04,0x09e4,0x0204,
    0x0a45,0x0204,0x0a45,0x01e4,0x0183,0x0a45,0x01e4,0x01e4,0x01e4,0x01c3,0x0a25,0x0204,
    0x01a3,0x0204,0x0183,0x01e4,0x0a25,0x09c4,0x09e4,0x0a04,0x0a25,0x0a24,0x0a45,0x0a25,
    0x0224,0x0a24,0x0a65,0x0224,0x0a04,0x01c3,0x01e4,0x01c3,0x01e4,0x01c3,0x0204,0x01e3,
    0x0a24,0x01c3,0x01c3,0x0204,0x09e4,0x01c3,0x0204,0x01e4,0x01c3,0x0163,0x01e4,0x01e4,
    0x01c3,0x0204,0x01c3,0x01e4,0x01a3,0x0a04,0x01e4,0x0a04,0x09c4,0x0204,0x01e4,0x01a3,
    0x01e4,0x0a04,0x0a24,0x0204,0x01e3,0x0a45,0x01e4,0x0204,0x0204,0x0182,0x01e4,0x01c3,
    0x0204,0x01c3,0x0204,0x0204,0x0a45,0x01c3,0x01a3,0x01a3,0x01c3,0x0224,0x0a45,0x01c3,
    0x0204,0x01c3,0x01c3,0x01e4,0x0a24,0x01e3,0x01c3,0x01a3,0x0183,0x0a25,0x0a65,0x01c4,
    0x01c3,0x0204,0x0a04,0x0a65,0x0224,0x01e4,0x0a04,0x01a3,0x01a3,0x01a3,0x01e3,0x0204,
    0x0a24,0x01e4,0x01a3,0x0a25,0x09e4,0x01a3,0x01a3,0x0204,0x01c3,0x01c4,0x0204,0x01e4,
    0x0204,0x01e4,0x0183,0x01c3,0x0a45,0x0a24,0x01e4,0x01c4,0x01e4,0x0a24,0x01e4,0x0204,
    0x01e4,0x01e4,0x01c3,0x01e4,0x01a3,0x01c3,0x0204,0x0204,0x0204,0x01e4,0x0a25,0x01e4,
    0x0a45,0x0a04,0x0a86,0x0a04,0x0183,0x01c3,0x01c3,0x01c3,0x01e3,0x01e4,0x0204,0x0224,
    0x0204,0x0a24,0x01c3,0x01c3,0x01c3,0x01e4,0x01e4,0x0204,0x0a04,0x01e4,0x01a3,0x01e3,
    0x0a04,0x01e4,0x0a24,0x0204,0x0204,0x0a24,0x0204,0x01a3,0x01c3,0x0183,0x0182,0x0224,
    0x0a25,0x0a24,0x01c3,0x01c3,0x09e4,0x01a3,0x01e4,0x0183,0x0204,0x01e4,0x01e3,0x0204,
    0x0a24,0x01e4,0x01e4,0x01e4,0x01e4,0x0183,0x01c3,0x01a3,0x01c3,0x0a04,0x01e4,0x01e4,
    0x0a04,0x0204,0x0a04,0x01e4,0x01e4,0x01c3,0x01c3,0x01c3,0x0224,0x01e4,0x0204,0x0a45,
    0x01c3,0x0204,0x01c3,0x0a45,0x0a45,0x0a65,0x01c3,0x01c3,0x1265,0x0a04,0x1266,0x0204,
    0x0a25,0x0a25,0x01c3,0x0a04,0x01c3,0x01c3,0x0a24,0x01a3,0x01a3,0x09e4,0x01c4,0x01a3,
    0x01a3,0x01e4,0x01e4,0x0a45,0x0204,0x01c3,0x01e3,0x01e3,0x0224,0x0224,0x0204,0x0204,
    0x0204,0x01c3,0x01a3,0x01e4,0x01c3,0x01a3,0x01c3,0x0224,0x01e4,0x0183,0x01c4,0x09e4,
    0x0a04,0x0204,0x01c3,0x01a3,0x01e4,0x0a25,0x0a04,0x01c4,0x1245,0x01e4,0x0a04,0x0a25,
    0x0204,0x0a04,0x01e3,0x0a65,0x0a45,0x1266,0x0a65,0x01e4,0x01c3,0x0204,0x0204,0x0204,
    0x1286,0x0a04,0x0183,0x0204,0x01c3,0x0225,0x01e3,0x0a45,0x0a24,0x0a24,0x01c3,0x01e3,
    0x0a45,0x01e4,0x01c3,0x01e4,0x0204,0x01e4,0x01c3,0x0a24,0x01e4,0x0a25,0x01e4,0x0a25,
    0x01e4,0x01c3,0x0a45,0x01e4,0x0204,0x01c3,0x0162,0x0a04,0x0204,0x01a3,0x01a3,0x01c3,
    0x01e4,0x01a3,0x0204,0x01e4,0x01e4,0x0204,0x01e3,0x0204,0x01e4,0x01e3,0x0204,0x0204,
    0x0a24,0x0204,0x0204,0x01e3,0x0204,0x01e4,0x01e4,0x01a3,0x01e4,0x0a45,0x01e4,0x01e4,
    0x0204,0x01e4,0x0245,0x0204,0x0a66,0x0a25,0x0a24,0x0204,0x01e4,0x01e4,0x01c3,0x01a3,
    0x01c3,0x0a65,0x01e3,0x01e4,0x01c3,0x01c3,0x01a3,0x0183,0x09e4,0x01c3,0x01e4,0x01e3,
    0x0a24,0x0a04,0x0204,0x0204,0x0204,0x01c3,0x01a3,0x01c3,0x01c3,0x01a3,0x01a3,0x01e4,
    0x0225,0x01c3,0x0204,0x01c4,0x01e4,0x01e4,0x0a05,0x01e4,0x0204,0x01e4,0x0a24,0x1285,
    0x0a45,0x01a3,0x09e4,0x01c4,0x0a04,0x0a04,0x0183,0x09e4,0x0a24,0x01e4,0x01e4,0x0204,
    0x01e3,0x0204,0x0a45,0x01a3,0x01c3,0x01e4,0x01c3,0x0204,0x0a25,0x0a45,0x0a04,0x01c4,
    0x01a3,0x01c3,0x01c3,0x01a3,0x01c3,0x01e4,0x01e4,0x01c3,0x01e4,0x0204,0x0204,0x01a3,
    0x01a3,0x01c3,0x0a04,0x01e4,0x0a45,0x0a25,0x0a25,0x01e4,0x01c3,0x01e4,0x01e4,0x01e4,
    0x01a3,0x01c3,0x0204,0x01c3,0x01a3,0x01e4,0x01e4,0x01e4,0x0182,0x0183,0x01e4,0x0204,
    0x0204,0x0a45,0x0a45,0x0a25,0x01e4,0x01c3,0x0a24,0x0204,0x01e3,0x0a44,0x0204,0x01e4,
    0x01e3,0x0a25,0x0204,0x01a3,0x0204,0x01c3,0x01a3,0x01e4,0x0224,0x0204,0x01c3,0x01e4,
    0x01c3,0x01a3,0x01e4,0x0224,0x01e4,0x0204,0x01a3,0x01e4,0x09e4,0x0a04,0x01c3,0x0a45,
    0x0a24,0x01e3,0x01c3,0x01a3,0x09e4,0x01e4,0x0a04,0x01e4,0x01e3,0x01c3,0x01c4,0x01c3,
    0x01c3,0x0204,0x01c4,0x0204,0x01e4,0x01c4,0x01c3,0x01c3,0x0183,0x09e4,0x0204,0x01c4,
    0x01c3,0x01e4,0x01e4,0x0a04,0x01e4,0x0a04,0x0a04,0x01e3,0x01e4,0x01c3,0x0a04,0x01c4,
    0x0a04,0x01c3,0x0a04,0x0a45,0x0a24,0x0a04,0x01c3,0x01c3,0x0a24,0x0204,0x0a04,0x01e4,
    0x01e3,0x0204,0x01e3,0x01e3,0x01c3,0x01c3,0x09e4,0x0a04,0x09e4,0x0204,0x0a24,0x0a04,
    0x01c4,0x01c3,0x01c3,0x01a3,0x0224,0x01c3,0x01c4,0x0204,0x0183,0x01c3,0x01e4,0x0204,
    0x0182,0x01c3,0x01e4,0x01e4,0x01c3,0x0204,0x01c3,0x09e4,0x01c3,0x01e3,0x01a3,0x0224,
    0x0204,0x0204,0x0a04,0x0204,0x01e4,0x01c3,0x01e3,0x01e4,0x01e4,0x0a45,0x01e4,0x0a66,
    0x0a45,0x0a25,0x0204,0x01e3,0x0204,0x0a25,0x0204,0x01e4,0x0a04,0x0204,0x0183,0x0204,
    0x0204,0x0224,0x01e4,0x01e3,0x01e4,0x01c4,0x01e4,0x01c3,0x01c3,0x01e4,0x01c4,0x0204,
    0x0204,0x01e4,0x0204,0x0204,0x0a04,0x09e4,0x0a45,0x01c3,0x0183,0x01c3,0x0a45,0x0204,
    0x01e4,0x0a24,0x0203,0x01a3,0x01c3,0x01e4,0x01e4,0x0a45,0x01e4,0x01c4,0x0224,0x0204,
    0x0a25,0x0a25,0x0a25,0x0a24,0x0204,0x01c3,0x01e4,0x0183,0x01a3,0x01a3,0x0224,0x0183,
    0x0204,0x01c3,0x09c4,0x0a04,0x09e4,0x01e4,0x0a04,0x0a25,0x0204,0x01c4,0x01c3,0x0a04,
    0x01c3,0x0a04,0x0a24,0x0204,0x0204,0x01c3,0x0204,0x01c3,0x01e4,0x01e3,0x01c3,0x01c3,
    0x01c3,0x0a25,0x0204,0x0204,0x0a45,0x0a04,0x0a25,0x01e4,0x01a3,0x01e3,0x0224,0x0a04,
    0x0204,0x01e4,0x09e4,0x0204,0x0a25,0x0a25,0x01a3,0x01a3,0x01a3,0x01a3,0x01e4,0x0204,
    0x0204,0x01e4,0x0a04,0x01c3,0x01c3,0x01c3,0x0224,0x0204,0x0204,0x01c3,0x01c4,0x0a04,
    0x0204,0x0204,0x01e4,0x01e3,0x0a24,0x0204,0x0204,0x0a04,0x0a04,0x0a04,0x0a24,0x0a45,
    0x01e4,0x0a24,0x0a45,0x01c4,0x01e4,0x01e3,0x01e3,0x01e3,0x0204,0x01c3,0x0a45,0x01e4,
    0x0a45,0x01c4,0x01c4,0x01e4,0x01c3,0x01e4,0x01c3,0x01e4,0x01e4,0x01c3,0x01e4,0x0204,
    0x0204,0x01a3,0x0a45,0x01a3,0x01e3,0x01a3,0x0a04,0x0204,0x0a04,0x09e4,0x0204,0x01e4,
    0x0a04,0x0204,0x01e4,0x01a3,0x0204,0x01c3,0x0a45,0x0224,0x0204,0x0a04,0x01c3,0x0a25,
    0x01c4,0x01a3,0x01a3,0x01e4,0x01a3,0x0a24,0x0224,0x0204,0x01c3,0x01c4,0x0a25,0x01e4,
    0x01c4,0x01e4,0x0163,0x01e5,0x0a04,0x01a3,0x0a04,0x01e4,0x0a24,0x01e4,0x01c3,0x0204,
    0x01e4,0x0204,0x01c3,0x0183,0x0a45,0x0a24,0x0204,0x01a3,0x01e4,0x0a04,0x0a04,0x0183,
    0x01c3,0x0a04,0x0204,0x01c3,0x01e4,0x0204,0x0204,0x01c3,0x01e4,0x01a3,0x0a25,0x0a25,
    0x0a04,0x01e4,0x0183,0x01e4,0x01a3,0x01e4,0x01e4,0x01e4,0x01e3,0x01e3,0x01c3,0x01c3,
    0x0204,0x01e4,0x01a3,0x01c3,0x01a3,0x01e4,0x0aa6,0x0a45,0x0a04,0x0a04,0x09e4,0x01e4,
    0x01c3,0x01a3,0x01c3,0x01c3,0x01e4,0x01c3,0x0a04,0x0a04,0x01e4,0x0a25,0x01c3,0x0a25,
    0x01e4,0x0a45,0x0204,0x01c3,0x0a45,0x01c3,0x01a3,0x01c3,0x0204,0x01a3,0x0a25,0x0a65,
    0x0a04,0x01e4,0x01c3,0x0204,0x01c4,0x01c3,0x0204,0x0224,0x0204,0x01e4,0x01a3,0x01e4,
    0x01e4,0x0a04,0x0a04,0x0224,0x01e3,0x0a04,0x0204,0x0a04,0x0204,0x0a24,0x0a04,0x01e4,
    0x0a25,0x01c4,0x01c3,0x01c3,0x01e4,0x0204,0x0204,0x0a25,0x09e4,0x0a04,0x0a25,0x0a04,
    0x12a6,0x0a24,0x01e4,0x0204,0x01e4,0x01c3,0x01c3,0x01e4,0x0a05,0x0a04,0x01c4,0x01e4,
    0x0a45,0x01c4,0x0a25,0x01e4,0x01c3,0x01c3,0x0a24,0x01e4,0x0204,0x0a45,0x0224,0x01e4,
    0x0a04,0x01c3,0x0a45,0x01e4,0x0a24,0x0a24,0x0a04,0x01c3,0x01e4,0x01e4,0x0204,0x01e4,
    0x01e4,0x01c3,0x01a3,0x01e4,0x01e4,0x0a45,0x0a04,0x01c3,0x01a3,0x01e4,0x0183,0x01e4,
    0x09e4,0x0183,0x01e4,0x01c3,0x0224,0x0a45,0x0204,0x01a3,0x01a3,0x0a25,0x1286,0x0224,
    0x0a24,0x0a24,0x0204,0x01e3,0x01c3,0x0a25,0x0224,0x01e4,0x0204,0x0204,0x01e4,0x01a3,
    0x0204,0x0204,0x0204,0x0204,0x0a25,0x0204,0x0a04,0x01e4,0x0183,0x01e3,0x0a45,0x0204,
    0x0204,0x0182,0x01c3,0x0183,0x0a65,0x01a3,0x01e4,0x01c3,0x0204,0x01e4,0x0a25,0x01e4,
    0x01a3,0x01e4,0x01e4,0x01c3,0x0204,0x01a3,0x01c4,0x09e4,0x01c4,0x1266,0x0204,0x01c3,
    0x0182,0x01c3,0x01a3,0x01c3,0x0162,0x01a3,0x09e4,0x0162,0x01a3,0x01c3,0x0204,0x01c3,
    0x01a3,0x01c3,0x01a3,0x0204,0x01c3,0x01a3,0x01e4,0x0204,0x01c4,0x01a3,0x01e4,0x01a3,
    0x01e4,0x0204,0x0a25,0x01e4,0x01e4,0x01c3,0x01c3,0x0183,0x0a24,0x01e4,0x0204,0x01c3,
    0x01e4,0x01c3,0x01e4,0x0224,0x0a45,0x0a04,0x0a04,0x0a25,0x0a04,0x01e4,0x01a3,0x0204,
    0x0a04,0x01c3,0x0204,0x0a25,0x01c3,0x01a3,0x01c3,0x01e4,0x0204,0x01e4,0x01e4,0x01c4,
    0x01e4,0x01e4,0x0204,0x0204,0x01a3,0x01e4,0x01a3,0x01a3,0x0a65,0x0204,0x0224,0x01c3,
    0x01e4,0x0a24,0x0224,0x09e4,0x0a45,0x0204,0x01e4,0x0204,0x01e4,0x0a04,0x0a24,0x01e3,
    0x0204,0x01e3,0x01e3,0x01e3,0x01c3,0x01c3,0x01a3,0x0a24,0x01c3,0x01e4,0x01a3,0x01e4,
    0x01e3,0x0224,0x01e4,0x0a04,0x01e4,0x0204,0x0182,0x01c3,0x01a3,0x0204,0x01e4,0x0a25,
    0x0204,0x01c3,0x01e4,0x0225,0x01e4,0x0204,0x0a24,0x0204,0x01c4,0x0183,0x01a3,0x01e4,
    0x0a65,0x0204,0x01e4,0x0a04,0x01c3,0x0a25,0x0224,0x0a45,0x01e4,0x0204,0x01e4,0x01e4,
    0x01c3,0x0204,0x01c4,0x01c3,0x0204,0x0224,0x01c3,0x01c3,0x0224,0x01e3,0x0204,0x0a45,
    0x01c4,0x01c3,0x0204,0x01c3,0x0204,0x0a24,0x01a3,0x01c3,0x01c3,0x01e3,0x01e4,0x0a25,
    0x01e4,0x0204,0x01c4,0x0205,0x01c4,0x01e4,0x01a3,0x0204,0x01e4,0x01a3,0x0a25,0x01e4,
    0x01e4,0x01c3,0x01c3,0x01c3,0x0a04,0x0224,0x01e4,0x0a45,0x01e4,0x0204,0x01c3,0x01a3,
    0x0a04,0x01a3,0x01e4,0x01a3,0x01e4,0x0a04,0x01c3,0x0a45,0x01c3,0x0204,0x01e4,0x0204,
    0x0a45,0x01c4,0x01a3,0x01e4,0x01c3,0x01c3,0x01e4,0x0a24,0x0a24,0x01c3,0x01a3,0x01c3,
    0x01e4,0x01e4,0x01c4,0x01e4,0x01c3,0x01e4,0x0a04,0x0204,0x0224,0x01c3,0x01a3,0x0204,
    0x0245,0x01e3,0x01c3,0x01e3,0x01c3,0x01a3,0x0204,0x0183,0x0204,0x01c3,0x0a25,0x0a04,
    0x0a45,0x01c3,0x01e4,0x01a3,0x01e4,0x01c3,0x01a3,0x01c3,0x01c3,0x0224,0x0204,0x0a24,
    0x0a04,0x01c4,0x01e3,0x09e4,0x0a04,0x01e4,0x01e4,0x0a45,0x0a04,0x01c3,0x01e3,0x01e4,
    0x0a25,0x09e4,0x0a04,0x0183,0x01c3,0x0204,0x0204,0x0a04,0x01a3,0x01c3,0x01c3,0x01e4,
    0x0a25,0x01c3,0x01c3,0x01e4,0x01c3,0x01c3,0x0204,0x0224,0x01a3,0x01e4,0x01c3,0x0a45,
    0x0204,0x0204,0x0a05,0x0a05,0x01e4,0x01c3,0x01a3,0x01e3,0x0182,0x01e4,0x01e4,0x0a05,
    0x01c4,0x01e4,0x0a25,0x01a3,0x01e4,0x01a3,0x01e4,0x0204,0x0183,0x01e4,0x01c3,0x0a04,
    0x0204,0x0a24,0x0a04,0x01a3,0x0a04,0x0204,0x01c3,0x01c3,0x01c3,0x01c3,0x01e4,0x01a3,
    0x01c3,0x0a04,0x0204,0x01e4,0x0183,0x0183,0x01a3,0x01a3,0x01a3,0x09e4,0x0a25,0x0a04,
    0x01a3,0x0a04,0x01a3,0x0224,0x01c3,0x01e4,0x01e4,0x0a25,0x0224,0x0204,0x01c3,0x01a3,
    0x01a3,0x0182,0x01e4,0x0204,0x01e4,0x0a25,0x01e4,0x01e4,0x01a3,0x01c3,0x01c3,0x01e3,
    0x01c3,0x01c3,0x0183,0x0163,0x01c4,0x0204,0x01e4,0x0204,0x0204,0x0a24,0x0a04,0x0a04,
    0x09c4,0x01c4,0x0224,0x0204,0x0244,0x0204,0x01e4,0x01c3,0x01a3,0x09e4,0x0a25,0x01e4,
    0x0204,0x0224,0x09e4,0x09c4,0x01e4,0x0a04,0x0a45,0x0224,0x01c3,0x01a3,0x01a3,0x01c4,
    0x01c3,0x0a04,0x01e3,0x0a04,0x01e4,0x01c4,0x01a3,0x01a3,0x01e4,0x01c3,0x0204,0x01c3,
    0x01e4,0x01e4,0x01c3,0x01e4,0x01e4,0x01c4,0x0204,0x0204,0x01e3,0x0224,0x0a45,0x0a25,
    0x0a04,0x0204,0x01c3,0x0182,0x0183,0x01e4,0x01c3,0x0a05,0x0a24,0x01c3,0x01e4,0x0183,
    0x01e4,0x0a25,0x0a04,0x01e4,0x01c4,0x01c3,0x01a3,0x0204,0x0204,0x0a45,0x01c3,0x0a04,
    0x01e4,0x01c3,0x0224,0x0244,0x0a25,0x01e4,0x09e4,0x01e4,0x01e4,0x0a24,0x0183,0x01e4,
    0x01a3,0x0224,0x0204,0x01c3,0x0183,0x01e4,0x01e4,0x0204,0x0204,0x0a65,0x0a25,0x0204,
    0x01c3,0x01e4,0x01e4,0x01c3,0x01e4,0x01c3,0x01c3,0x0a25,0x0a04,0x0204,0x01c3,0x01a3,
    0x01a3,0x01c3,0x01e4,0x0a25,0x01c3,0x01c3,0x01a3,0x01e4,0x01e4,0x01e4,0x01c3,0x0a04,
    0x09e4,0x0a04,0x0204,0x0245,0x0224,0x01c4,0x01e4,0x0204,0x01e4,0x01e4,0x01c3,0x01e3,
    0x0204,0x0a25,0x0a04,0x0204,0x01e4,0x01a3,0x0a04,0x01e4,0x0204,0x0a65,0x0204,0x01c3,
    0x0204,0x0a24,0x0a44,0x0204,0x0a24,0x01c3,0x0204,0x01c4,0x0204,0x01c4,0x01a3,0x09e4,
    0x01a3,0x0a24,0x0225,0x0204,0x01c3,0x01e4,0x01e4,0x0204,0x0204,0x01a3,0x01a3,0x01c3,
    0x01a3,0x0a25,0x0a24,0x0a24,0x01a3,0x01e4,0x0183,0x01a3,0x01a3,0x01e4,0x0204,0x01c3,
    0x01c3,0x01e4,0x09e4,0x01c4,0x0204,0x01c4,0x01c4,0x0204,0x0a04,0x01e4,0x0a04,0x01c3,
    0x01e4,0x01a3,0x0183,0x01c3,0x01c3,0x0182,0x01a3,0x01a3,0x0a25,0x01c3,0x0a65,0x01e3,
    0x0204,0x01e3,0x01e4,0x0a04,0x01e4,0x0204,0x01e4,0x01e4,0x0a04,0x09e4,0x01c3,0x01c3,
    0x01c3,0x0a45,0x01e3,0x01a3,0x0224,0x0204,0x0204,0x0204,0x0a04,0x0a04,0x0204,0x0182,
    0x01a3,0x0245,0x01e4,0x01c3,0x01e4,0x01e4,0x0204,0x01c3,0x0204,0x01e4,0x0183,0x01c4,
    0x01c3,0x0204,0x0204,0x0204,0x01c3,0x01c3,0x0a04,0x01e4,0x01e4,0x01e4,0x0a25,0x0204,
    0x01e4,0x0a04,0x01a3,0x0183,0x0204,0x0224,0x0a65,0x01e4,0x0182,0x0204,0x01e4,0x0a04,
    0x0a25,0x01c3,0x0204,0x0a04,0x0224,0x0a04,0x0a24,0x01e4,0x01e4,0x0a04,0x0a24,0x01e4,
    0x0a24,0x0a24,0x0224,0x0a45,0x09e4,0x09e4,0x0183,0x01c3,0x0a24,0x0204,0x01c3,0x01e4,
    0x01c3,0x01e4,0x0204,0x0a25,0x0225,0x01c3,0x01e4,0x01c4,0x01e4,0x0a45,0x0204,0x01e4,
    0x0a24,0x01c4,0x01a3,0x0204,0x01c3,0x01a3,0x01c4,0x0204,0x0a45,0x0204,0x01c3,0x01a4,
    0x0a04,0x01c3,0x0a04,0x0a04,0x01c3,0x01e4,0x0183,0x0204,0x01e4,0x01e4,0x01a3,0x01c3,
    0x01a3,0x01a3,0x01a3,0x0a24,0x0204,0x01e4,0x0204,0x0a25,0x01c3,0x01c3,0x0204,0x0a65,
    0x01e4,0x01c3,0x01e4,0x0204,0x01a3,0x01a3,0x01c3,0x0204,0x0a25,0x0225,0x01e3,0x0a45,
    0x01e4,0x01e4,0x0204,0x01e4,0x0183,0x0a24,0x01e4,0x0a24,0x01e4,0x01e4,0x0a24,0x0a25,
    0x09c4,0x01e4,0x0224,0x01a3,0x01e3,0x0a04,0x0183,0x01a3,0x01e3,0x01c3,0x0a04,0x1266,
    0x01c3,0x01e4,0x0204,0x01c3,0x0a65,0x01e3,0x01c4,0x01a3,0x0204,0x01a3,0x01c3,0x01a3,
    0x01e4,0x0a45,0x01e3,0x0a24,0x01e4,0x01a3,0x0183,0x01a3,0x01c3,0x0a24,0x0204,0x01c3,
    0x01e3,0x01e4,0x0204,0x0a65,0x0a45,0x0a45,0x0204,0x0a04,0x0a04,0x01c3,0x0a24,0x0a65,
    0x0a04,0x01e3,0x0a25,0x01e4,0x01a3,0x0a25,0x01e4,0x01e4,0x0183,0x09e4,0x0204,0x0a65,
    0x0204,0x01e4,0x01c4,0x01e4,0x0a25,0x01e4,0x01c3,0x0224,0x01c3,0x01a3,0x01c3,0x0204,
    0x0a24,0x0a04,0x0183,0x0225,0x01e4,0x0204,0x0183,0x0205,0x0a45,0x01c3,0x0a04,0x0a25,
    0x0a65,0x01e4,0x01e4,0x01c3,0x01c3,0x0183,0x0224,0x01e4,0x01e4,0x0204,0x0225,0x01e3,
    0x01a3,0x0204,0x01e4,0x0183,0x01e4,0x0a65,0x0224,0x0183,0x01e4,0x0183,0x01a3,0x01e4,
    0x01a3,0x0183,0x01c3,0x0a04,0x01e4,0x0224,0x0203,0x0204,0x01e4,0x01a3,0x0204,0x01c3,
    0x01e4,0x01a3,0x0a04,0x01e3,0x0a04,0x01e4,0x09e4,0x09e4,0x0a04,0x01e4,0x01e3,0x0204,
    0x01a3,0x09c3,0x09e4,0x09e4,0x01e4,0x0204,0x09e4,0x0162,0x0162,0x01e4,0x0204,0x01c3,
    0x0224,0x0204,0x01e4,0x01c3,0x0183,0x0a25,0x0a24,0x0a24,0x01e4,0x0224,0x01c3,0x01c3,
    0x01c3,0x01e4,0x0183,0x01c4,0x0a25,0x0204,0x0a24,0x0a24,0x01a3,0x01c3,0x0a04,0x0a24,
    0x0a86,0x0a45,0x01c3,0x0204,0x0a04,0x0a65,0x0a24,0x09e4,0x0204,0x0a04,0x0a65,0x0a45,
    0x01c4,0x0204,0x01e4,0x01e4,0x0204,0x01e4,0x01e4,0x0183,0x0204,0x0a45,0x01e4,0x0224,
    0x09e4,0x0a25,0x01c3,0x01a3,0x01a3,0x0224,0x0a25,0x0a25,0x0204,0x01e3,0x01c3,0x01e4,
    0x01c4,0x01a3,0x01a3,0x0205,0x09e4,0x0a25,0x0a24,0x09e4,0x01c4,0x01a3,0x0a65,0x01e3,
    0x0224,0x01c3,0x01e3,0x0183,0x01a3,0x01c3,0x0a25,0x0a24,0x09e4,0x01e4,0x01a3,0x01a3,
    0x01a3,0x01c3,0x0183,0x01c4,0x01a3,0x09e4,0x0a04,0x01e3,0x0a25,0x0a66,0x0224,0x01c3,
    0x0224,0x0204,0x0204,0x0224,0x0225,0x01c4,0x01c3,0x0204,0x0204,0x0204,0x01e4,0x0224,
    0x0a45,0x0a45,0x01e4,0x0204,0x09e4,0x01e4,0x01c3,0x01c3,0x0a04,0x0a24,0x09e4,0x0204,
    0x01e4,0x09c4,0x01c4,0x01e4,0x0a45,0x0204,0x0a65,0x0a44,0x0204,0x01e4,0x0a45,0x0a25,
    0x0a45,0x0a45,0x0a45,0x0204,0x0224,0x0203,0x01a3,0x01a3,0x01c4,0x01c3,0x0204,0x01e4,
    0x01c3,0x0245,0x0224,0x01c3,0x01c3,0x0a25,0x01e4,0x0224,0x01e4,0x01e4,0x01a3,0x01e4,
    0x0a04,0x01e4,0x0a04,0x0a04,0x0204,0x0a45,0x0a25,0x09e4,0x0a04,0x0204,0x0204,0x0204,
    0x01a3,0x0224,0x0204,0x01c4,0x01c4,0x01e4,0x0224,0x0224,0x01e4,0x01e4,0x01a3,0x0a04,
    0x01a3,0x0a25,0x01e4,0x01c3,0x01c3,0x0204,0x0204,0x0204,0x01c3,0x0204,0x0a45,0x01e4,
    0x0a04,0x0a45,0x01c3,0x0a04,0x0a04,0x01e4,0x0a45,0x01e3,0x01c3,0x01c4,0x0a04,0x01c3,
    0x01c3,0x0204,0x01e4,0x0a04,0x0a04,0x01c3,0x01e4,0x0204,0x01e3,0x01e3,0x01e4,0x0a24,
    0x0a45,0x0a25,0x01e4,0x01c3,0x01c3,0x0224,0x01c3,0x0224,0x0224,0x0182,0x01a3,0x01e4,
    0x0a25,0x0183,0x01e4,0x01c3,0x0204,0x0a45,0x0204,0x0183,0x01e4,0x0204,0x01e4,0x01c4,
    0x01a3,0x01e4,0x01c3,0x01e4,0x01e4,0x01e3,0x0a45,0x0224,0x0a25,0x01a3,0x0a04,0x0183,
    0x0183,0x01c4,0x0224,0x01e3,0x01a3,0x0a25,0x01a3,0x01c4,0x01c3,0x01e4,0x01e3,0x01a3,
    0x0224,0x01e3,0x01c3,0x01c4,0x0162,0x0204,0x01a3,0x01e4,0x0162,0x0182,0x0204,0x01e4,
    0x0225,0x0a24,0x0a25,0x01a3,0x01a3,0x01c3,0x0224,0x0a04,0x01c4,0x01a3,0x0204,0x01e4,
    0x0a04,0x0a04,0x01c3,0x0a04,0x0a04,0x01e4,0x01e4,0x01c3,0x0204,0x01c3,0x0a04,0x01c4,
    0x09e4,0x0a45,0x0224,0x01e3,0x0204,0x01e4,0x0183,0x0a25,0x0a45,0x0a45,0x0224,0x01e3,
    0x01a3,0x0204,0x0204,0x01c3,0x01a3,0x0a04,0x01e4,0x01c4,0x0a05,0x01c4,0x0a04,0x0204,
    0x01c3,0x01c4,0x01c3,0x0204,0x0204,0x0a25,0x0204,0x01e3,0x0a04,0x09e4,0x0204,0x01c3,
    0x01a3,0x0a24,0x0a25,0x0a65,0x01e3,0x0204,0x01c3,0x01a3,0x0204,0x01a3,0x01e4,0x0a25,
    0x01c4,0x0a45,0x0a24,0x01e3,0x0a24,0x01c3,0x0a25,0x0a24,0x01a3,0x01c4,0x01c3,0x01e4,
    0x0224,0x01a3,0x01e4,0x0a25,0x0204,0x01a3,0x01a3,0x01c3,0x01c3,0x0a04,0x0a04,0x0204,
    0x0a04,0x01e4,0x01c3,0x0183,0x01c3,0x01c3,0x0183,0x0a04,0x0a65,0x0204,0x01e4,0x0183,
    0x01c3,0x0183,0x01a3,0x01c3,0x0204,0x0a24,0x01e3,0x01e4,0x01c4,0x01c4,0x0a25,0x0a24,
    0x0204,0x01c3,0x01e4,0x0224,0x01e4,0x0204,0x01a3,0x01e4,0x01e3,0x01e3,0x0a45,0x0a05,
    0x0a04,0x0204,0x01e3,0x0204,0x01a3,0x0224,0x0204,0x0a65,0x0204,0x0204,0x01a3,0x01a3,
    0x09e4,0x01c4,0x01c3,0x01c4,0x01c3,0x0a24,0x0a24,0x01c3,0x01c3,0x01a3,0x01e4,0x01e4,
    0x0a25,0x01c3,0x01e4,0x01c3,0x01c4,0x0a25,0x0a65,0x0204,0x0a45,0x01e3,0x01c3,0x01e3,
    0x01c3,0x01a3,0x0a24,0x0204,0x0a04,0x01e4,0x0a04,0x01a3,0x0a24,0x01e4,0x01c3,0x0224,
    0x0a04,0x0a65,0x01e4,0x0a24,0x0a04,0x01c3,0x01a3,0x09e4,0x01e4,0x0a25,0x0a24,0x01e3,
    0x01c3,0x09e4,0x01e4,0x01c3,0x0a45,0x0204,0x1266,0x0204,0x0a04,0x0204,0x01e3,0x01c3,
    0x0204,0x0a45,0x01c4,0x01c4,0x0183,0x0204,0x0a45,0x0a25,0x01e4,0x01e4,0x0224,0x01e4,
    0x01c3,0x0a04,0x0a25,0x01c3,0x01e4,0x0a04,0x0a45,0x09e4,0x01e4,0x0204,0x01e4,0x01e4,
    0x0204,0x0a24,0x0204,0x01c3,0x01c3,0x0204,0x01c3,0x0a05,0x01e4,0x01e4,0x01c3,0x0224,
    0x01e3,0x0204,0x0224,0x0a65,0x0204,0x0a04,0x09e4,0x0204,0x0a25,0x01c3,0x01a3,0x0204,
    0x0224,0x0183,0x01c3,0x01e4,0x0a04,0x0224,0x01e4,0x0a04,0x01e4,0x01c3,0x01e4,0x0a45,
    0x0a45,0x0a24,0x01a3,0x0a04,0x01e4,0x0a24,0x01e3,0x0204,0x01e4,0x01e4,0x01e4,0x0183,
    0x0204,0x01c3,0x01c3,0x0a24,0x0a04,0x0224,0x0a25,0x0204,0x01e4,0x0a04,0x0a25,0x01e4,
    0x0a25,0x01e4,0x0163,0x01e4,0x01e4,0x0204,0x01c3,0x0183,0x0204,0x0183,0x0204,0x01e4,
    0x0a45,0x0204,0x0a04,0x01c3,0x0a04,0x0a25,0x01c3,0x01c3,0x0a45,0x0a45,0x0204,0x0a45,
    0x0204,0x0204,0x0183,0x01a3,0x0a04,0x09e4,0x01e4,0x0a04,0x0a04,0x0a04,0x01e4,0x0a45,
    0x01e4,0x0204,0x01c3,0x0204,0x0a45,0x0a24,0x01e3,0x01a2,0x01a3,0x0a04,0x0183,0x0a04,
    0x01c3,0x0a45,0x01c3,0x0224,0x0182,0x01e4,0x0a24,0x01c3,0x01c4,0x01a3,0x01e4,0x0a04,
    0x0a24,0x01e4,0x0142,0x01c3,0x0a04,0x01a3,0x01c3,0x01e4,0x01a3,0x0204,0x0224,0x0204,
    0x01e4,0x0204,0x01e4,0x01c3,0x01a3,0x0204,0x0224,0x0a85,0x01c3,0x01e4,0x01e4,0x0204,
    0x01e3,0x0204,0x01e4,0x01a3,0x01e3,0x01c3,0x0a04,0x0a04,0x0a24,0x0162,0x0a66,0x0a45,
    0x09e4,0x0a04,0x01e4,0x01e4,0x0204,0x01e3,0x01e4,0x0a45,0x0a04,0x0a24,0x0a05,0x0183,
    0x01c3,0x01c3,0x01c3,0x01c4,0x01c3,0x01e4,0x0a04,0x01a3,0x01e4,0x01e4,0x0245,0x0204,
    0x0a45,0x01a3,0x01c3,0x01c3,0x01c3,0x01c3,0x0a24,0x0a04,0x01c3,0x01c3,0x0a04,0x0aa6,
    0x0a04,0x0a45,0x0204,0x0a45,0x0a45,0x01e4,0x01e4,0x01a3,0x0a04,0x01e4,0x0204,0x0a45,
    0x0a04,0x0a45,0x0a45,0x01e4,0x0204,0x01c3,0x01a3,0x01c3,0x0a04,0x0a04,0x09e4,0x0a24,
    0x01e3,0x01e3,0x0a45,0x0a45,0x0a45,0x0204,0x0a24,0x0a04,0x01e4,0x01c3,0x0204,0x0a04,
    0x0204,0x0a45,0x0204,0x01e3,0x01e4,0x0a25,0x0204,0x01e4,0x0204,0x0204,0x0204,0x0225,
    0x01c3,0x0224,0x01e4,0x0a04,0x01e4,0x0a04,0x09e4,0x0a04,0x0224,0x0224,0x01c3,0x0204,
    0x01e4,0x0a25,0x0a04,0x0a24,0x01a3,0x01c3,0x01c3,0x0245,0x01c3,0x01e4,0x0204,0x01e4,
    0x0183,0x01a3,0x01c3,0x01e4,0x01e4,0x01c3,0x01c3,0x01e4,0x0204,0x01c3,0x01e4,0x01e4,
    0x01e4,0x0204,0x0a24,0x0204,0x0a04,0x01c3,0x0a04,0x01e4,0x0204,0x01c3,0x01c3,0x0204,
    0x0a45,0x0a44,0x01c3,0x01c3,0x01e3,0x0224,0x01e4,0x01c3,0x0a25,0x01e4,0x0a25,0x0183,
    0x0a04,0x01a3,0x0a04,0x01c3,0x0a04,0x01c4,0x01c3,0x01e4,0x0a24,0x0a04,0x0a05,0x01a3,
    0x01c4,0x0183,0x01c3,0x01e3,0x01e4,0x01c4,0x0204,0x0a45,0x0183,0x01c3,0x01e4,0x0224,
    0x01a3,0x01e4,0x0a24,0x0a05,0x01e4,0x01a3,0x01e4,0x0a04,0x01c3,0x0a24,0x0a65,0x0204,
    0x01c3,0x01e4,0x0a25,0x0204,0x0183,0x01c3,0x0a45,0x01c3,0x01c3,0x0a04,0x01a3,0x0a04,
    0x0a25,0x01e3,0x0a24,0x01e4,0x01e4,0x01c3,0x0204,0x0a24,0x01e4,0x0a25,0x01a3,0x01e4,
    0x01e4,0x01c4,0x01c3,0x0a24,0x01e4,0x0a04,0x01c3,0x01e4,0x01e4,0x0225,0x0a25,0x0a04,
    0x0204,0x01c3,0x01e4,0x0a04,0x0204,0x01a3,0x0a45,0x0204,0x01e4,0x01c3,0x01c4,0x01a3,
    0x01a3,0x0204,0x01c3,0x0204,0x01e4,0x01c4,0x01e4,0x0204,0x01e4,0x0204,0x01c3,0x01c3,
    0x0204,0x01e4,0x0a25,0x0204,0x0183,0x0224,0x0204,0x01e4,0x01e4,0x01e3,0x0204,0x01e4,
    0x01e4,0x01c3,0x0a45,0x01c3,0x01e4,0x01e4,0x0204,0x0204,0x09e4,0x0204,0x0204,0x01e4,
    0x0204,0x0204,0x0224,0x09e4,0x0183,0x09c4,0x09e4,0x0204,0x0a24,0x0a45,0x01c3,0x01e4,
    0x01c3,0x01c3,0x0a45,0x0a45,0x0a65,0x01e4,0x01e4,0x01a3,0x01e4,0x0204,0x01e4,0x0204,
    0x0204,0x01e4,0x01e4,0x01c4,0x01c3,0x01e3,0x01c3,0x01c3,0x12a6,0x0a04,0x01a3,0x01c4,
    0x01e4,0x0204,0x0224,0x01e3,0x0a04,0x0a45,0x01a3,0x0a24,0x0a04,0x0224,0x01c3,0x01a3,
    0x0204,0x0204,0x09e4,0x0204,0x01e4,0x0a24,0x0182,0x01e4,0x0204,0x0204,0x01e3,0x01e4,
    0x0a25,0x0224,0x01e4,0x01e3,0x0204,0x01e3,0x01c3,0x01c3,0x01e4,0x0a04,0x01c3,0x0a45,
    0x01c3,0x0a04,0x01c3,0x0224,0x0204,0x01c3,0x0183,0x0183,0x0a25,0x0224,0x0225,0x01e4,
    0x0204,0x01e4,0x01c3,0x01c3,0x0204,0x01c3,0x0183,0x0a25,0x01e4,0x0224,0x01c3,0x0204,
    0x0204,0x0204,0x01a3,0x0204,0x01c3,0x0a25,0x01e3,0x01c3,0x01c3,0x0a45,0x0204,0x0a25,
    0x01e4,0x01e4,0x0a24,0x0a24,0x01c3,0x01c3,0x01e4,0x0a24,0x01e3,0x0a45,0x01e4,0x01c3,
    0x0204,0x0a04,0x0204,0x01e4,0x01e4,0x0204,0x01e4,0x01e4,0x0183,0x01c3,0x01e4,0x01e4,
    0x01c3,0x0a25,0x01c3,0x09e4,0x01e4,0x0a04,0x01e4,0x0a45,0x0a25,0x0a24,0x01e3,0x01e3,
    0x01e4,0x0a24,0x0204,0x0204,0x0204,0x0a24,0x0224,0x01c4,0x0204,0x0204,0x01e4,0x01c4,
    0x01c3,0x0a25,0x01a3,0x0183,0x01e4,0x01e4,0x0224,0x0a25,0x0a45,0x0224,0x0204,0x0a24,
    0x09e4,0x09e4,0x09c4,0x0204,0x01c3,0x01c4,0x01a3,0x01c4,0x01c3,0x01c3,0x0204,0x0224,
    0x01e3,0x0a24,0x01e4,0x0a45,0x01a3,0x0183,0x01c3,0x0a24,0x0183,0x01e4,0x01e3,0x0a24,
    0x01c3,0x01e4,0x01a3,0x01c3,0x0224,0x01c3,0x01a3,0x01e3,0x01c3,0x01e4,0x01e4,0x01e3,
    0x01e4,0x01a3,0x01e4,0x01e4,0x01a3,0x0182,0x0183,0x01a3,0x01c3,0x01e4,0x01a3,0x01c4,
    0x01c3,0x01a3,0x0182,0x01e4,0x0183,0x0224,0x0a25,0x01e4,0x01a3,0x01c3,0x01a3,0x01a3,
    0x01e4,0x01e3,0x01a3,0x01c3,0x01a3,0x0204,0x01c3,0x01e4,0x01c3,0x01c3,0x01c3,0x01e4,
    0x01e4,0x01e4,0x01c3,0x0204,0x01c3,0x0a04,0x0183,0x0204,0x01e4,0x0204,0x0a04,0x01c3,
    0x0183,0x01a3,0x0a45,0x01e4,0x01a3,0x01a3,0x01c4,0x01a3,0x01e3,0x0a04,0x0a45,0x01a3,
    0x0a04,0x0204,0x0204,0x01c3,0x0a24,0x0a24,0x0204,0x0a04,0x01e4,0x01a3,0x01a3,0x01e4,
    0x01c3,0x01c3,0x01e4,0x01e4,0x0204,0x09e4,0x01c4,0x01a3,0x0183,0x01c4,0x01e4,0x01c3,
    0x01e4,0x0204,0x0a45,0x0205,0x0a25,0x0a04,0x0a24,0x0a24,0x0204,0x0a04,0x0a45,0x0204,
    0x01c3,0x01e4,0x0a04,0x0224,0x0204,0x0a24,0x0204,0x0204,0x01e4,0x0a45,0x01e4,0x01e4,
    0x01e4,0x0a25,0x0a04,0x0a04,0x01a3,0x01e4,0x01c4,0x01a3,0x0224,0x01e4,0x01c3,0x0a24,
    0x0204,0x01c4,0x01c3,0x0a04,0x01e4,0x0204,0x01e4,0x0204,0x01e4,0x0a25,0x0204,0x01c3,
    0x01e4,0x01e4,0x0a86,0x09c4,0x01a3,0x0a45,0x0a24,0x0a04,0x01e4,0x01e4,0x0204,0x01e4,
    0x0a04,0x01e4,0x0a25,0x0204,0x01c4,0x01e4,0x01a3,0x01c3,0x01a3,0x0182,0x01c4,0x01e3,
    0x01c3,0x01a3,0x0a05,0x01e4,0x0a25,0x01a3,0x01c3,0x01e3,0x01e3,0x01e4,0x01e4,0x09e4,
    0x0a24,0x01e4,0x01e4,0x0224,0x01c3,0x0204,0x01c3,0x01e4,0x01e4,0x0a04,0x01c4,0x01c3,
    0x0204,0x01e4,0x0204,0x0204,0x01a3,0x01e4,0x0a45,0x0a25,0x01a3,0x0a24,0x01e3,0x0a04,
    0x01c3,0x0204,0x0204,0x01a3,0x01c3,0x0204,0x01e4,0x0a04,0x0a25,0x01e4,0x01a3,0x01e4,
    0x01c4,0x01a3,0x0a04,0x01c4,0x01c4,0x01c3,0x01c4,0x01e4,0x0a25,0x01a3,0x0a04,0x01e5,
    0x01c3,0x0a24,0x0a45,0x0204,0x01c3,0x01e4,0x01c3,0x0a45,0x01e4,0x0a25,0x0a04,0x01c3,
    0x01c3,0x0204,0x0a04,0x01e3,0x01e4,0x0a04,0x01e4,0x0a66,0x01c3,0x0a25,0x01c3,0x0a45,
    0x01e4,0x01c4,0x0a04,0x01a3,0x01c3,0x01c3,0x01a3,0x0a04,0x0183,0x01e4,0x0a45,0x0204,
    0x01a3,0x01e4,0x0a04,0x01e4,0x09c4,0x01c3,0x01c3,0x01a3,0x01e4,0x01c3,0x0a04,0x01a3,
    0x09e4,0x0204,0x0a04,0x09e4,0x01e4,0x01c4,0x09e4,0x0a05,0x01c3,0x01a3,0x01e4,0x01c3,
    0x01c3,0x01e4,0x0a65,0x0a25,0x0a24,0x01e4,0x0a04,0x01c3,0x0a04,0x0a04,0x01a3,0x01c3,
    0x0204,0x0a04,0x0a24,0x0204,0x0a04,0x01a3,0x09e4,0x0224,0x01e4,0x0a24,0x0204,0x01e4,
    0x0a24,0x0204,0x01e4,0x0204,0x0a65,0x01a3,0x01e4,0x0a46,0x0a25,0x0a45,0x0a65,0x0204,
    0x01a3,0x01e4,0x0204,0x01a3,0x0224,0x0204,0x0204,0x01a3,0x01a3,0x01a3,0x01a3,0x01c3,
    0x0a45,0x0a45,0x0a04,0x0204,0x01e4,0x01e4,0x0a45,0x0a04,0x01e4,0x0224,0x0204,0x01c3,
    0x09e4,0x01c3,0x01c4,0x0a45,0x0224,0x01c4,0x01c3,0x0a05,0x01c4,0x0204,0x0224,0x0204,
    0x0204,0x01c3,0x01c3,0x01e4,0x01e4,0x0a45,0x0204,0x0a24,0x01c3,0x0204,0x01e4,0x0204,
    0x01e4,0x0a25,0x01e4,0x0a24,0x0204,0x09e4,0x0a24,0x01c3,0x01c3,0x01a3,0x0204,0x01e4,
    0x0204,0x01c3,0x01c3,0x09e4,0x0a04,0x01e4,0x01e4,0x01a3,0x0a04,0x0224,0x01e3,0x0204,
    0x01a3,0x0204,0x01e4,0x01e4,0x01e4,0x01c3,0x01c3,0x01a3,0x01c3,0x0204,0x0a25,0x01c3,
    0x0a04,0x01c3,0x01a3,0x0a25,0x0204,0x01c3,0x01e4,0x0a45,0x01c3,0x0a24,0x0a45,0x0a04,
    0x09e4,0x01e4,0x01e4,0x01e4,0x01c3,0x01e4,0x0a04,0x0a04,0x01c3,0x0a04,0x09e4,0x09e4,
    0x0a45,0x0a04,0x0a65,0x0a45,0x01e3,0x01c3,0x01e4,0x0225,0x01e4,0x0183,0x01a3,0x01c3,
    0x0a04,0x01c3,0x01c3,0x01c4,0x01a3,0x09e4,0x01c4,0x0a25,0x0a45,0x0a65,0x0204,0x0204,
    0x01c3,0x01e4,0x01c3,0x01a3,0x01e4,0x01c3,0x01e4,0x01e3,0x01c3,0x0a25,0x01c4,0x0a45,
    0x0a24,0x01c3,0x0204,0x0a45,0x01c3,0x01c4,0x01c4,0x01c4,0x01c3,0x0204,0x01e4,0x01c3,
    0x01e4,0x09e4,0x0a04,0x01e4,0x0204,0x0a45,0x0204,0x01c3,0x01a3,0x0a25,0x01e4,0x0a45,
    0x0a45,0x01e4,0x0a04,0x0a65,0x01c3,0x0a04,0x0162,0x0a04,0x09e4,0x0a45,0x0204,0x01c3,
    0x0204,0x09c4,0x09e4,0x01c3,0x01a3,0x0204,0x0204,0x0245,0x01a3,0x01c3,0x0a25,0x01c3,
    0x01a3,0x01a3,0x01a3,0x01e4,0x0204,0x0a65,0x0a04,0x0204,0x01c3,0x0204,0x0204,0x0a45,
    0x01e4,0x0225,0x0204,0x0204,0x0a65,0x09e4,0x0a65,0x01e3,0x01e4,0x01c3,0x01a3,0x01a3,
    0x01e4,0x01c3,0x01e4,0x01e4,0x01c3,0x01c3,0x01e4,0x09e4,0x0a24,0x01c3,0x01a3,0x0a04,
    0x01c3,0x0a04,0x01e3,0x0183,0x01e4,0x0a24,0x01e4,0x01e4,0x0204,0x01e4,0x01e4,0x0224,
    0x01c3,0x0a25,0x0a25,0x01e4,0x01c3,0x0a04,0x0a25,0x01c3,0x01e3,0x01c3,0x0a25,0x0204,
    0x0204,0x01e4,0x0a25,0x01a3,0x01a3,0x0a25,0x01e4,0x01e4,0x0204,0x01e4,0x01e4,0x01c4,
    0x01e4,0x01e4,0x01a3,0x01e4,0x01e4,0x01e4,0x01a3,0x01c3,0x0204,0x01c3,0x0a45,0x0a65,
    0x01c4,0x0204,0x0a25,0x01e4,0x01c3,0x0204,0x01c4,0x01e4,0x0a25,0x0a04,0x0a24,0x01c4,
    0x0a25,0x01c3,0x01e4,0x09e4,0x0a04,0x01a3,0x01a3,0x01c3,0x0224,0x01e4,0x0204,0x0a25,
    0x01c3,0x0204,0x01e4,0x0a45,0x01e3,0x0a04,0x0a04,0x0a04,0x01e4,0x01a3,0x0a24,0x0204,
    0x0204,0x0a04,0x0204,0x01e3,0x01a3,0x09e4,0x01e4,0x01e3,0x0a24,0x0204,0x0a25,0x0a25,
    0x01e4,0x01c3,0x01e3,0x01e4,0x0a45,0x01c3,0x01e4,0x0204,0x01c3,0x01c3,0x01c3,0x0a25,
    0x0a25,0x01e4,0x01e3,0x01e4,0x0204,0x0204,0x0a04,0x0a24,0x01e4,0x0a04,0x01e4,0x09e4,
    0x0204,0x0a04,0x0a24,0x01c3,0x01e4,0x01c3,0x0204,0x01c3,0x01c3,0x01c3,0x01c3,0x01c4,
    0x01e4,0x0204,0x01c4,0x01e4,0x01e4,0x01a3,0x01e4,0x0183,0x0204,0x01c3,0x0a65,0x01e4,
    0x0a04,0x01e4,0x0a45,0x01e4,0x01e4,0x01e4,0x0a86,0x0a45,0x0a65,0x01e3,0x0204,0x0204,
    0x01c4,0x0a25,0x01c3,0x0162,0x0204,0x01a3,0x0245,0x0a25,0x0204,0x0a45,0x01c3,0x0a24,
    0x01a3,0x01e4,0x01a3,0x01e4,0x01a3,0x01a3,0x01a3,0x01c3,0x01e4,0x0a25,0x0a25,0x01e4,
    0x0204,0x0a45,0x0224,0x01e4,0x0224,0x01a3,0x01c3,0x01a3,0x0a25,0x0a04,0x01e4,0x0204,
    0x0183,0x0a24,0x01e4,0x0224,0x01a3,0x01a3,0x0a04,0x0204,0x01e4,0x0a24,0x0a25,0x01e4,
    0x0a24,0x0a24,0x01c3,0x01a3,0x01c3,0x01c3,0x0a04,0x01e4,0x01c4,0x01a3,0x01c4,0x01e4,
    0x01e4,0x0a25,0x0a65,0x0204,0x0a45,0x01c3,0x09e3,0x0a45,0x01e4,0x0204,0x01c3,0x01e4,
    0x0a04,0x01c3,0x0225,0x0204,0x01e3,0x0204,0x01e4,0x0a45,0x01e3,0x01a3,0x01c3,0x01e4,
    0x0182,0x01c3,0x01c3,0x01e3,0x01c3,0x0224,0x0204,0x0a24,0x01e4,0x0204,0x01e4,0x0a24,
    0x01c3,0x0a04,0x0a24,0x0204,0x01c3,0x0204,0x0204,0x01e4,0x01e4,0x01a3,0x01e4,0x01e4,
    0x01c3,0x01c3,0x01c3,0x01c3,0x01c3,0x01a3,0x01c3,0x01c3,0x01e4,0x0a24,0x0204,0x01a3,
    0x01c3,0x0204,0x0a45,0x0204,0x01a3,0x01c3,0x01e4,0x0a45,0x09c4,0x01c3,0x0224,0x01e4,
    0x0204,0x01c3,0x01c3,0x0183,0x01c3,0x0183,0x01a3,0x0204,0x0204,0x01c3,0x0204,0x01e4,
    0x01c3,0x01c3,0x01c3,0x0224,0x01e4,0x01e4,0x0204,0x0204,0x01c3,0x01a3,0x0204,0x0224,
    0x01e4,0x0162,0x01a3,0x0204,0x0204,0x01e4,0x01e4,0x0a24,0x0a04,0x0a04,0x0a25,0x01e4,
    0x0182,0x01a3,0x0204,0x01e4,0x0204,0x0a25,0x01e4,0x0a25,0x09e4,0x0a24,0x0224,0x0a24,
    0x01e4,0x01c4,0x01e4,0x01c3,0x0204,0x01c4,0x01e4,0x01c3,0x0224,0x0204,0x01e3,0x01c3,
    0x01e4,0x09e4,0x09c4,0x0a24,0x01e4,0x0204,0x01c3,0x01e4,0x0a04,0x0a04,0x0204,0x01e4,
    0x01e3,0x0a24,0x01e3,0x0204,0x01c3,0x0204,0x0a45,0x0a45,0x01c3,0x1266,0x01e4,0x0224,
    0x01e4,0x01e3,0x01c3,0x0204,0x0a04,0x01c4,0x01c3,0x01c3,0x0182,0x0204,0x0204,0x01a3,
    0x01a3,0x0a25,0x0183,0x0204,0x0204,0x0225,0x0a04,0x0224,0x01e4,0x0224,0x0204,0x01e4,
    0x01c3,0x0225,0x01e4,0x01c3,0x01c3,0x0a45,0x0a05,0x01c4,0x0a25,0x01c3,0x0a24,0x0204,
    0x01e4,0x01e4,0x0245,0x01c3,0x01a3,0x01c3,0x01e4,0x01e4,0x01e4,0x01a3,0x0a25,0x0162,
    0x01a3,0x01e4,0x01c4,0x0204,0x0204,0x01c3,0x01e4,0x0204,0x0204,0x0a25,0x0204,0x01e4,
    0x01a3,0x01c3,0x01c3,0x01c4,0x01a3,0x0204,0x01c4,0x01a3,0x01e4,0x01a3,0x01e4,0x01a4,
    0x0a04,0x0a25,0x0204,0x01e4,0x09e4,0x0a05,0x0204,0x0225,0x0204,0x0245,0x01e4,0x0224,
    0x0a04,0x01e4,0x09e4,0x0a25,0x0a24,0x01a3,0x0204,0x01e3,0x01e4,0x01e4,0x01c3,0x01e4,
    0x0183,0x0183,0x01a3,0x0162,0x01e4,0x01c3,0x0225,0x0224,0x0204,0x0a24,0x0a25,0x0a25,
    0x0204,0x01e3,0x0204,0x0a66,0x0a45,0x01c3,0x0204,0x01c3,0x0204,0x01c3,0x0a65,0x01e4,
    0x01e4,0x01c3,0x0a24,0x0a24,0x0a04,0x0224,0x01c3,0x0204,0x01c3,0x01e4,0x0204,0x0225,
    0x01e3,0x01e4,0x01c3,0x01c4,0x09e4,0x01e4,0x0204,0x0a24,0x0a65,0x0a04,0x0204,0x0204,
    0x0182,0x01c3,0x01e4,0x0204,0x0204,0x01c4,0x0204,0x01a3,0x01e3,0x01a3,0x01e4,0x0204,
    0x0a65,0x0a25,0x0a04,0x01a3,0x01e4,0x0204,0x0a04,0x0204,0x01c3,0x0a04,0x01e4,0x01e3,
    0x0204,0x01e4,0x0a04,0x0204,0x01c3,0x01a3,0x0a25,0x01e4,0x01e4,0x0204,0x01c3,0x01c3,
    0x0a45,0x01c4,0x01e4,0x01e4,0x01c4,0x0a04,0x01c3,0x0204,0x0204,0x01e4,0x0a25,0x01c4,
    0x01c4,0x01a3,0x0183,0x01a3,0x01a3,0x01e4,0x01e4,0x0204,0x09e4,0x0a25,0x0a24,0x0204,
    0x0a24,0x0a04,0x0183,0x0183,0x01a3,0x01c3,0x01c3,0x0204,0x0224,0x01a3,0x0a04,0x0a25,
    0x0a65,0x1245,0x01c3,0x01e4,0x01a3,0x0183,0x01c3,0x0a04,0x01c3,0x01c3,0x0224,0x01e3,
    0x0245,0x01a3,0x01c3,0x01c3,0x01e3,0x01a3,0x0a25,0x01c3,0x0a04,0x01e3,0x01c3,0x09e4,
    0x01c3,0x0a45,0x0a24,0x01a3,0x01a3,0x01e3,0x01e4,0x01a3,0x01a3,0x01e4,0x01a3,0x01e4,
    0x01e4,0x01e3,0x0a24,0x01c3,0x01c3,0x0224,0x0224,0x01e3,0x01a3,0x01e4,0x0a25,0x0a25,
    0x0a25,0x09e4,0x0a24,0x01a3,0x01e4,0x01a3,0x01c3,0x0a45,0x0204,0x01e3,0x0224,0x0a25,
    0x01e4,0x0a04,0x0a04,0x01e4,0x01e4,0x01e4,0x01a3,0x01c3,0x01e4,0x01c3,0x0204,0x01e4,
    0x0a25,0x01e4,0x01e4,0x01c3,0x0204,0x01c3,0x01c3,0x0a45,0x01c4,0x01a3,0x01e4,0x01a3,
    0x01a3,0x0183,0x01e4,0x01e3,0x0204,0x01e4,0x01a3,0x0204,0x01e4,0x09e4,0x0a04,0x0a25,
    0x0a04,0x01c4,0x0a25,0x01e4,0x0a04,0x01e4,0x01e4,0x01a3,0x01c4,0x0a04,0x09e4,0x0a25,
    0x0a25,0x01e4,0x01c3,0x0204,0x01e4,0x0204,0x01c3,0x0a45,0x0204,0x0183,0x0183,0x01c4,
    0x0a25,0x01e4,0x0204,0x01e3,0x01c3,0x0204,0x0a04,0x01e4,0x0a04,0x01e4,0x0225,0x01e4,
    0x0a25,0x01a3,0x01a3,0x0a04,0x0224,0x01a3,0x0204,0x01c3,0x01e3,0x01e4,0x01c3,0x0a45,
    0x01e4,0x09e4,0x09e4,0x0183,0x01c3,0x0204,0x01c3,0x0a04,0x0204,0x01c3,0x01e4,0x01e4,
    0x0225,0x01e4,0x0224,0x01c3,0x01e4,0x01c3,0x0183,0x01c3,0x0204,0x0204,0x01c3,0x01c3,
    0x01a3,0x01c3,0x01c3,0x01c3,0x01a3,0x0a04,0x0a24,0x01a3,0x01e4,0x01c3,0x01a3,0x0183,
    0x0204,0x01a3,0x0183,0x0a24,0x01c3,0x0204,0x0a45,0x0a04,0x0a04,0x01e4,0x0a04,0x01e4,
    0x01e4,0x01c3,0x01c4,0x01e4,0x01e3,0x01c3,0x0a24,0x01e4,0x0224,0x01a3,0x09e4,0x01e4,
    0x01a3,0x01e4,0x01c4,0x0a25,0x01c3,0x01e4,0x0a04,0x0a25,0x01c3,0x0a25,0x0a24,0x01e4,
    0x01c3,0x01c3,0x01c3,0x01c3,0x01c3,0x0a45,0x0a04,0x0a25,0x01e4,0x0a25,0x01e4,0x0a24,
    0x01e4,0x01c4,0x01e4,0x01c4,0x0183,0x0a04,0x01a3,0x0a24,0x01a3,0x0204,0x01c3,0x01c4,
    0x0204,0x0204,0x01e4,0x0a04,0x0a24,0x0a25,0x0a25,0x01e4,0x0204,0x0224,0x01e4,0x0a04,
    0x01e4,0x01e4,0x0183,0x0a04,0x01c4,0x01a3,0x0a04,0x01e4,0x01e4,0x01c3,0x0204,0x01a3,
    0x0204,0x09e4,0x0204,0x0204,0x0204,0x0204,0x0a65,0x0204,0x0a25,0x01c3,0x01c3,0x01c3,
    0x01c3,0x01c3,0x01e4,0x0a24,0x01c3,0x0a45,0x0204,0x0204,0x01e4,0x0183,0x01c3,0x01e4,
    0x01e4,0x0204,0x0224,0x0204,0x01e4,0x01c3,0x01c4,0x0a05,0x0a45,0x01c3,0x01c3,0x01a3,
    0x01c4,0x01e4,0x01e3,0x0a45,0x0a45,0x01c3,0x01a3,0x0a45,0x01a3,0x01e4,0x0204,0x01e4,
    0x01c4,0x0a04,0x01e4,0x0204,0x0a25,0x01e3,0x0a45,0x01e4,0x0a04,0x01c3,0x0a25,0x01e4,
    0x01e4,0x01e4,0x01e3,0x0204,0x01e3,0x01a3,0x0a25,0x01c4,0x01c3,0x0204,0x0204,0x0a25,
    0x01a3,0x01c4,0x0a45,0x0204,0x0204,0x01e4,0x01e4,0x0204,0x0a25,0x01e4,0x01e4,0x0a25,
    0x0a25,0x01e4,0x01c3,0x01a3,0x09e4,0x09c4,0x0204,0x0a24,0x01e3,0x01e4,0x01c3,0x01c4,
    0x0183,0x0a25,0x01e4,0x01c3,0x0204,0x01e4,0x01c4,0x0205,0x0a25,0x01c3,0x01e3,0x0a24,
    0x01c3,0x09c4,0x09e4,0x0183,0x01e4,0x0204,0x01e3,0x0a65,0x09e4,0x01e4,0x09e4,0x0a25,
    0x0204,0x01c3,0x01e3,0x0204,0x0a65,0x0a25,0x0204,0x01c3,0x09c3,0x01a3,0x01c3,0x0a25,
    0x0204,0x01e4,0x0204,0x01e4,0x01c3,0x01a3,0x01e3,0x0a65,0x0a25,0x09e4,0x1265,0x0204,
    0x01c3,0x01e4,0x0204,0x01e3,0x01c3,0x01a3,0x0a25,0x01e4,0x0204,0x0162,0x01c3,0x0204,
    0x01c3,0x01c4,0x01c4,0x01c3,0x0a25,0x01a3,0x01e4,0x01a3,0x01e4,0x0a24,0x0204,0x0a25,
    0x01a3,0x0a24,0x01e4,0x09e4,0x01c3,0x0224,0x0204,0x0a04,0x0163,0x01a3,0x09e4,0x0204,
    0x0245,0x0204,0x0a45,0x01a3,0x0a25,0x0a04,0x01e4,0x01e4,0x0204,0x0183,0x01e4,0x01c3,
    0x01c3,0x0a04,0x0204,0x01a3,0x01e4,0x01c4,0x0a45,0x0a04,0x0a25,0x1286,0x0225,0x01e3,
    0x01c4,0x09e4,0x01e4,0x0183,0x09e4,0x01e4,0x0a25,0x0a04,0x0a04,0x0a24,0x0a04,0x0a04,
    0x09e4,0x01a3,0x01c3,0x01a3,0x0224,0x0204,0x01e4,0x0a25,0x01c4,0x0a24,0x01e4,0x0a24,
    0x0204,0x01c4,0x01c3,0x01e4,0x0a04,0x01e4,0x0204,0x01c3,0x01a3,0x0a04,0x01e4,0x0204,
    0x0224,0x01a3,0x01e4,0x01a3,0x01e4,0x0204,0x01a3,0x0204,0x0204,0x0a65,0x0204,0x0204,
    0x01c4,0x01c3,0x01a3,0x0a45,0x0204,0x0a24,0x01a3,0x01e4,0x01c4,0x0183,0x01e4,0x0204,
    0x0224,0x01e4,0x0224,0x0a24,0x01e4,0x01c3,0x1245,0x0a45,0x0204,0x0204,0x01c3,0x0204,
    0x01a3,0x01e4,0x01c3,0x0204,0x01c3,0x01e4,0x0224,0x01e4,0x0224,0x0204,0x01c3,0x0204,
    0x01c4,0x01a3,0x0204,0x0a86,0x01e4,0x01e4,0x0a24,0x01e3,0x01c3,0x0a04,0x01e3,0x0224,
    0x01e3,0x01c3,0x09e4,0x01c3,0x0a04,0x1286,0x0204,0x01a3,0x01e4,0x0183,0x01c3,0x0a04,
    0x01c3,0x01e4,0x0a24,0x01e3,0x01a3,0x0204,0x0204,0x0a25,0x0a04,0x0a24,0x0183,0x01c4,
    0x01a3,0x01a3,0x0a04,0x0204,0x01e4,0x01e4,0x01e4,0x01e4,0x01e4,0x09e4,0x0a25,0x0a04,
    0x0204,0x01e4,0x01c3,0x0204,0x0a04,0x01e4,0x0204,0x0204,0x01e4,0x0a04,0x0a04,0x0a25,
    0x01c3,0x01e4,0x09e4,0x01e4,0x01e4,0x0a24,0x0204,0x0245,0x0183,0x01e4,0x01c3,0x0225,
    0x0204,0x0204,0x01e4,0x01c4,0x0a25,0x0a24,0x01a3,0x01e4,0x0a04,0x01a3,0x01a3,0x0183,
    0x01c3,0x01c3,0x01c3,0x01e4,0x0224,0x01e4,0x0a04,0x01a3,0x01e4,0x01c3,0x09e4,0x0204,
    0x09e4,0x01c3,0x0a25,0x09e4,0x09e4,0x01a3,0x01c4,0x01e4,0x0204,0x0204,0x01a3,0x0a04,
    0x0a45,0x1225,0x01c4,0x0204,0x0204,0x01e3,0x01e4,0x01e4,0x01e4,0x01c3,0x01c3,0x01c3,
    0x0a45,0x01c3,0x0204,0x01e4,0x0a45,0x01e4,0x01a3,0x0225,0x01c3,0x01a3,0x0224,0x01e3,
    0x01a3,0x0a04,0x01a3,0x01a3,0x01e3,0x0a04,0x0a04,0x0a45,0x01e3,0x0a24,0x01c3,0x01a3,
    0x01a3,0x01e4,0x0224,0x0a45,0x01e4,0x01c3,0x01e4,0x0a04,0x0204,0x0a24,0x0a25,0x01a3,
    0x0a25,0x01a3,0x01c3,0x01c4,0x01a3,0x01c3,0x01c4,0x09e4,0x09e4,0x0a04,0x0204,0x01c3,
    0x01e4,0x01c3,0x01c3,0x01e4,0x0204,0x01c3,0x09e4,0x0204,0x09e4,0x01c4,0x01e4,0x01e4,
    0x01e4,0x01e4,0x01e4,0x0a04,0x0a04,0x01c3,0x0a24,0x01e4,0x01c3,0x01e4,0x0204,0x01e4,
    0x0a25,0x0204,0x01c3,0x0a45,0x01c3,0x01e4,0x01c4,0x01c4,0x01e4,0x0a45,0x0a04,0x0a04,
    0x01c3,0x0a04,0x0244,0x01e4,0x0a04,0x0a24,0x0183,0x01e4,0x01e4,0x01e4,0x01e4,0x01c3,
    0x0204,0x01e4,0x01e4,0x0225,0x0a04,0x01c4,0x0a24,0x0a04,0x0a04,0x09e4,0x01a3,0x01c3,
    0x01e4,0x0a45,0x01c4,0x01e4,0x0a04,0x01c3,0x0204,0x0224,0x0204,0x01e3,0x01e4,0x01c3,
    0x01e4,0x09e4,0x01e4,0x0204,0x01c3,0x0204,0x0a24,0x01e4,0x0204,0x0a45,0x0a65,0x0204,
    0x01a3,0x01e4,0x01e4,0x01e4,0x01c3,0x01e4,0x01e4,0x01a3,0x01c3,0x01e4,0x0a25,0x01c3,
    0x0a04,0x01e4,0x0a45,0x0a04,0x01e4,0x01e4,0x01a3,0x0a04,0x01e4,0x0183,0x0162,0x0182,
    0x01c3,0x0224,0x0a25,0x01e4,0x01e4,0x0a24,0x01c3,0x0a04,0x09e4,0x01a3,0x0204,0x01e4,
    0x01e4,0x0204,0x01c4,0x0a04,0x0a45,0x01e3,0x0204,0x01c4,0x01a3,0x0a04,0x0a04,0x0a04,
    0x0a04,0x01a3,0x0a04,0x01c3,0x09c4,0x01e4,0x0a04,0x01c3,0x01a3,0x01e4,0x01e4,0x0a24,
    0x0a45,0x01c3,0x01e4,0x01a3,0x01a3,0x0163,0x01a3,0x0a24,0x01e4,0x01e4,0x01a3,0x0a24,
    0x01c3,0x01c4,0x0a04,0x0a25,0x0a04,0x0204,0x0a25,0x09e4,0x09e4,0x0224,0x0a24,0x0a45,
    0x01e4,0x01c3,0x09e4,0x01c3,0x01c3,0x01c3,0x0204,0x01c3,0x01c3,0x0183,0x0a04,0x01c4,
    0x09e4,0x0a04,0x0a04,0x0a24,0x01a3,0x01c3,0x01a3,0x0a04,0x0224,0x0a45,0x0204,0x01c3,
    0x0204,0x01c3,0x01e4,0x01a3,0x01c3,0x01a3,0x01e4,0x01e4,0x0a25,0x01e4,0x01c3,0x01e4,
    0x0a25,0x0204,0x01a3,0x01a3,0x0204,0x01c3,0x0224,0x01e4,0x01e4,0x01a3,0x01e4,0x0204,
    0x0224,0x0245,0x01a3,0x01c3,0x0a04,0x01a3,0x01e4,0x01c3,0x0a45,0x01e4,0x09e4,0x0204,
    0x01e4,0x0183,0x01e3,0x0204,0x01e4,0x01c3,0x01e4,0x0225,0x0a45,0x0a65,0x01a3,0x0183,
    0x01e4,0x01e4,0x0204,0x0a04,0x0a04,0x0a45,0x01a3,0x01e4,0x01c3,0x0204,0x01c3,0x01c3,
    0x01e4,0x01c3,0x0204,0x01c4,0x0a04,0x01e4,0x0183,0x0a25,0x01c3,0x01e4,0x01c4,0x01e4,
    0x0a04,0x0204,0x01c4,0x0a45,0x01c4,0x01e4,0x0a45,0x01e3,0x0204,0x0204,0x01e4,0x01c4,
    0x01c4,0x01c3,0x01e3,0x01e3,0x01e4,0x01c4,0x0a04,0x0163,0x01a3,0x01c4,0x0a45,0x0225,
    0x0a24,0x01e4,0x01a3,0x01e3,0x01e4,0x01e3,0x01a3,0x0a04,0x01c3,0x01c3,0x0204,0x01e3,
    0x0204,0x0a45,0x01c3,0x0a04,0x0a25,0x0a05,0x01c3,0x01e4,0x01e4,0x01c3,0x0a65,0x0224,
    0x01e4,0x0a24,0x01e4,0x01e4,0x01a3,0x01e4,0x09e4,0x0a25,0x0a45,0x0204,0x01c3,0x01a3,
    0x01e4,0x0183,0x01c3,0x01e4,0x01c3,0x0a24,0x0204,0x0204,0x01e4,0x01c3,0x01a3,0x01c3,
    0x01c3,0x01a3,0x01a3,0x0204,0x01e4,0x01e4,0x0204,0x0204,0x0224,0x01e4,0x01c3,0x01c3,
    0x01e4,0x01c3,0x0204,0x0a04,0x01e3,0x0204,0x0a04,0x0183,0x09e4,0x0204,0x0a65,0x01e3,
    0x01e4,0x01c3,0x0a24,0x01e4,0x0a05,0x01c3,0x01c3,0x0225,0x0a25,0x01e4,0x01c3,0x0a04,
    0x01e4,0x01c3,0x01a3,0x01c3,0x01e4,0x0a45,0x0204,0x01e4,0x01e4,0x01a3,0x0a04,0x0a24,
    0x0a25,0x09e4,0x0a45,0x01c3,0x01c3,0x09e4,0x01e4,0x0a04,0x01e4,0x0a04,0x0a25,0x01e4,
    0x01e4,0x01c4,0x0a25,0x01e4,0x0a25,0x0a25,0x01e4,0x01a3,0x01a3,0x01e4,0x01e3,0x01c3,
    0x01e4,0x01e4,0x0183,0x01a3,0x0204,0x01c3,0x0a24,0x0205,0x0a45,0x01e3,0x0204,0x0a45,
    0x0a24,0x01e3,0x01e4,0x01e4,0x01e4,0x0204,0x01c3,0x01e4,0x01a3,0x0224,0x01e3,0x01c3,
    0x0204,0x01c3,0x01a3,0x0204,0x0a24,0x01a3,0x0a24,0x0204,0x0204,0x09e4,0x0a24,0x0a25,
    0x0a24,0x0224,0x0a04,0x0a04,0x0a25,0x01c3,0x01e4,0x0a04,0x01c3,0x01c3,0x01e4,0x0204,
    0x01e4,0x01e4,0x0245,0x01c3,0x0204,0x01a3,0x0183,0x01e4,0x01e4,0x01a3,0x01c3,0x0224,
    0x0204,0x01e3,0x0204,0x01c4,0x0183,0x0204,0x01e3,0x0204,0x0a45,0x01a3,0x0a24,0x01e4,
    0x01a3,0x01e4,0x0a24,0x01c4,0x01c3,0x09e4,0x0a04,0x01a3,0x01e4,0x01e3,0x0a65,0x0204,
    0x01e4,0x0183,0x01c3,0x0204,0x0204,0x0204,0x0204,0x01c4,0x01c4,0x0183,0x0204,0x0204,
    0x0204,0x0204,0x01c3,0x0204,0x0a45,0x01e4,0x01c3,0x01e4,0x01a3,0x01e4,0x01c4,0x01c4,
    0x01e4,0x01e4,0x0a65,0x0a04,0x0a25,0x0204,0x01a3,0x0a25,0x0a04,0x0a45,0x01e4,0x0a04,
    0x01c4,0x09e4,0x0204,0x01a3,0x0204,0x01c3,0x0204,0x0a45,0x01a3,0x01c4,0x01c3,0x0182,
    0x0204,0x01c3,0x01e4,0x01e4,0x01e3,0x0204,0x0204,0x0a04,0x01e4,0x01e4,0x0204,0x01c4,
    0x0182,0x01e3,0x0204,0x0204,0x01c4,0x01c3,0x0182,0x0183,0x01e4,0x01e4,0x0a25,0x0a65,
    0x0204,0x01e4,0x0204,0x01a3,0x0a25,0x0a04,0x0204,0x01e4,0x0203,0x0a65,0x0a04,0x01e4,
    0x09e4,0x01a3,0x0183,0x01a3,0x01e4,0x0a04,0x0204,0x01e4,0x01c3,0x0a25,0x0204,0x01c3,
    0x01e4,0x01c3,0x0224,0x0a45,0x01c3,0x0a04,0x01c3,0x01c3,0x01a3,0x01a3,0x0183,0x01c3,
    0x01e4,0x0204,0x0204,0x0204,0x01e4,0x0a45,0x01e3,0x0224,0x0a04,0x0a04,0x01e4,0x0a25,
    0x09e4,0x0a04,0x0a04,0x0183,0x01e4,0x01c3,0x0a45,0x0a25,0x01a3,0x01c3,0x01e4,0x01c3,
    0x01a3,0x0224,0x0a04,0x01c3,0x0a04,0x01c3,0x0204,0x0204,0x01c3,0x0204,0x01a3,0x0a24,
    0x0a45,0x01e4,0x01c4,0x01e4,0x0183,0x01a3,0x0a24,0x0a45,0x0204,0x01e4,0x0224,0x01e4,
    0x01c3,0x0204,0x0a04,0x0a45,0x0a25,0x0225,0x01e4,0x09e4,0x0a04,0x0204,0x09e4,0x01e4,
    0x01c3,0x01a3,0x01a3,0x0183,0x01c4,0x01c3,0x01c3,0x0182,0x01e4,0x0204,0x01e4,0x01c4,
    0x01c4,0x0204,0x01a3,0x01e4,0x01e4,0x01e4,0x01e4,0x0a04,0x0a45,0x0204,0x0a45,0x0224,
    0x01c3,0x0183,0x01a3,0x01c3,0x0183,0x0183,0x0204,0x0a45,0x01c3,0x01c3,0x01e4,0x0a24,
    0x01e4,0x01e4,0x0a45,0x01e4,0x0a45,0x0a45,0x0a45,0x0204,0x1245,0x0a04,0x01e4,0x01c4,
    0x01e4,0x01e4,0x01a3,0x0a24,0x0224,0x01c3,0x01a3,0x01e4,0x01c3,0x01c3,0x01a3,0x0162,
    0x01e4,0x01e3,0x0a45,0x01e3,0x0204,0x01a3,0x0a04,0x01c3,0x01c3,0x01a3,0x0162,0x01c3,
    0x01e4,0x01e4,0x0204,0x0204,0x0183,0x01c3,0x0a65,0x0204,0x09e4,0x0a24,0x01a3,0x01e4,
    0x0224,0x01c3,0x0204,0x01a3,0x01a3,0x0204,0x0a24,0x01c3,0x01a3,0x01a3,0x0183,0x01c3,
    0x0204,0x01a3,0x01c3,0x0204,0x0204,0x0a45,0x01c4,0x0a04,0x01e4,0x0a05,0x0a65,0x0224,
    0x0204,0x0a04,0x01e3,0x0204,0x01c3,0x01c3,0x01e4,0x01c3,0x0a04,0x0204,0x0a24,0x0a25,
    0x01e4,0x0a25,0x01e4,0x01c4,0x0a05,0x0204,0x0a04,0x0204,0x0204,0x0a04,0x01e4,0x01a3,
    0x09e4,0x01e4,0x0204,0x0204,0x01c3,0x01a3,0x01a3,0x01a3,0x0a45,0x0204,0x0a65,0x0a24,
    0x01e4,0x01a3,0x01c3,0x0a04,0x01a3,0x0224,0x0244,0x01e4,0x01e4,0x01e4,0x01c4,0x01c3,
    0x01e3,0x01e4,0x0162,0x0224,0x0204,0x0a04,0x01c3,0x01c3,0x0204,0x0a24,0x0204,0x01e4,
    0x1266,0x0a25,0x01e4,0x01e4,0x0a45,0x0204,0x01a3,0x01e4,0x01a3,0x01e3,0x01c3,0x0a25,
    0x0a25,0x01e4,0x01a3,0x09e4,0x09e4,0x0204,0x0204,0x01c4,0x01c3,0x01a3,0x01e4,0x0204,
    0x01c3,0x01c3,0x01e4,0x0204,0x01e4,0x0a25,0x01c3,0x0a24,0x0204,0x09e4,0x01e4,0x01e4,
    0x0a24,0x0a45,0x0204,0x01e4,0x01e4,0x01e4,0x01a3,0x0a24,0x0a24,0x01a3,0x01e4,0x0224,
    0x0204,0x0204,0x01c3,0x0182,0x0204,0x01e4,0x01e4,0x0a04,0x0204,0x01c3,0x01c3,0x0204,
    0x0224,0x0a04,0x01e4,0x01c4,0x01a3,0x01e4,0x01c3,0x01e4,0x0a65,0x0a24,0x01c4,0x01e4,
    0x0204,0x01e4,0x01c3,0x0204,0x01e4,0x0a45,0x01e3,0x0204,0x01e4,0x01c3,0x01e4,0x01a3,
    0x01c3,0x0224,0x0a45,0x01e4,0x01e4,0x0a45,0x01e4,0x01c4,0x0204,0x01e4,0x0a24,0x0a45,
    0x01e4,0x01e4,0x0a04,0x0205,0x01e4,0x0204,0x01e3,0x01e4,0x0a24,0x01c3,0x0a24,0x01e4,
    0x0a24,0x01e4,0x0224,0x0a25,0x01e4,0x01c3,0x01c3,0x09e4,0x0204,0x0a25,0x01e4,0x01a3,
    0x0162,0x0a45,0x0a04,0x0a04,0x01c3,0x01c3,0x01e4,0x01a3,0x01a3,0x01a3,0x01a3,0x01a3,
    0x09e4,0x0a24,0x09e4,0x0a24,0x0204,0x0204,0x0a04,0x01a3,0x0183,0x01e4,0x0a25,0x0204,
    0x09e4,0x01a3,0x01c3,0x0204,0x01e3,0x0204,0x0a25,0x01e4,0x0224,0x0a24,0x0183,0x01e4,
    0x01c3,0x0a04,0x01a3,0x0204,0x01c3,0x01c4,0x01c3,0x09e4,0x01e4,0x01e3,0x01e4,0x0a25,
    0x0a04,0x0a24,0x0a04,0x01e4,0x0a04,0x01c3,0x0204,0x01e3,0x01a3,0x01a3,0x01c3,0x01e3,
    0x01e4,0x01c3,0x01c3,0x01c3,0x0224,0x0a45,0x01e4,0x0204,0x0183,0x0183,0x01a3,0x0a25,
    0x01c4,0x0204,0x0a45,0x01e4,0x0224,0x01c3,0x01e4,0x0a24,0x01e4,0x01c3,0x0a45,0x0a25,
    0x0a04,0x0224,0x0183,0x01c3,0x0183,0x01e3,0x0204,0x01c3,0x0204,0x01e4,0x0204,0x0a45,
    0x01a3,0x01c3,0x01a3,0x01a3,0x01e4,0x01e4,0x01c4,0x0a04,0x0a45,0x01a3,0x0183,0x01e4,
    0x0a24,0x0a24,0x01e4,0x0204,0x0a25,0x01c3,0x01e4,0x01c3,0x01a3,0x0183,0x0204,0x0a04,
    0x01a3,0x01e4,0x01e4,0x01e3,0x01e3,0x01c3,0x01c3,0x01c3,0x01c4,0x01c3,0x01c3,0x01e4,
    0x01e4,0x01e4,0x0204,0x0a25,0x01a3,0x01e4,0x01a3,0x01c4,0x01e4,0x01e4,0x01c3,0x0a45,
    0x0204,0x0a24,0x01c3,0x0183,0x01a3,0x0183,0x0a04,0x0204,0x0a04,0x01c3,0x01e4,0x01c3,
    0x0183,0x0162,0x0162,0x0162,0x01e4,0x01c3,0x0183,0x0183,0x01a3,0x01a3,0x01e4,0x01c3,
    0x01a3,0x01c3,0x09e4,0x0a04,0x01e4,0x0a04,0x0a04,0x0a24,0x01e4,0x01e4,0x01a3,0x01a3,
    0x0a04,0x0a24,0x0a24,0x0224,0x0204,0x0183,0x01c4,0x0a04,0x01a3,0x0224,0x0204,0x0204,
    0x0204,0x01c3,0x01a3,0x0183,0x01a3,0x01c3,0x0183,0x0a04,0x0a04,0x01e4,0x0a24,0x01e4,
    0x01e4,0x01c3,0x01e3,0x01e4,0x01e3,0x01a3,0x0a05,0x09e4,0x01a3,0x01a3,0x01a3,0x01c3,
    0x01e4,0x0204,0x01e4,0x0204,0x01e4,0x01c3,0x0204,0x01a3,0x0183,0x0a25,0x01c3,0x01e4,
    0x01e4,0x01e4,0x09e4,0x09c4,0x01c4,0x01e4,0x09e4,0x01c4,0x01e4,0x0204,0x01e4,0x0183,
    0x01e3,0x01a3,0x01e4,0x01e4,0x09e4,0x01a3,0x01e4,0x0a24,0x0204,0x0a04,0x0a45,0x0204,
    0x0a25,0x0a04,0x01c3,0x09e4,0x01e4,0x0204,0x0a65,0x0a65,0x0a24,0x01c3,0x01c3,0x01e4,
    0x01c4,0x0a25,0x0a25,0x0a25,0x01c3,0x01e3,0x0224,0x0a24,0x01e4,0x0a04,0x0204,0x0a25,
    0x0a04,0x01c3,0x0183,0x09e4,0x01e3,0x0204,0x0a04,0x0204,0x0204,0x0a04,0x01e3,0x0204,
    0x01c4,0x01a3,0x0204,0x0a24,0x0a04,0x0a04,0x01c3,0x01e3,0x01c3,0x01c3,0x0a04,0x01c3,
    0x01e4,0x01e4,0x0a04,0x01c3,0x01e4,0x0204,0x01e4,0x01e4,0x0a24,0x01c3,0x01a3,0x01c3,
    0x01e4,0x01e4,0x01e4,0x01c3,0x0a04,0x0204,0x01e4,0x0a24,0x01e4,0x0142,0x01a3,0x01c3,
    0x01c3,0x01a3,0x01c4,0x0a04,0x0a45,0x0204,0x01c4,0x01e4,0x01c4,0x0204,0x01e3,0x01c3,
    0x0183,0x01e4,0x0a04,0x09e4,0x01e4,0x1266,0x0a24,0x01c3,0x0204,0x0224,0x0a04,0x01c4,
    0x0204,0x01c3,0x01e4,0x0183,0x01e4,0x01c3,0x0225,0x01e4,0x0204,0x0a04,0x0a25,0x01a3,
    0x01a3,0x0204,0x0a65,0x01c4,0x01e4,0x01a3,0x01e4,0x01c4,0x01e3,0x0204,0x0a24,0x09e4,
    0x01c4,0x01a3,0x0a04,0x0a24,0x01e4,0x0204,0x0204,0x01c3,0x0a04,0x0a04,0x0204,0x01c3,
    0x0204,0x01e3,0x01e4,0x0204,0x0162,0x01e4,0x01a3,0x01e3,0x01c3,0x01c3,0x01c4,0x0a04,
    0x01e4,0x0224,0x01e3,0x01c3,0x01e4,0x0a04,0x0204,0x0a24,0x0204,0x0a04,0x0a04,0x0a45,
    0x0a04,0x01c3,0x01e4,0x0182,0x01c4,0x01e4,0x0204,0x0204,0x01e4,0x01c4,0x01a3,0x01e4,
    0x09e4,0x0183,0x01a3,0x0204,0x0204,0x01e3,0x01a3,0x0a24,0x01c3,0x01c3,0x01c3,0x0a24,
    0x01e4,0x01a3,0x0204,0x0224,0x01e4,0x0204,0x01e4,0x01c4,0x01e4,0x0224,0x01c3,0x0204,
    0x0a45,0x0a65,0x0224,0x01a3,0x0a04,0x0a04,0x0a04,0x09e4,0x0a04,0x01e4,0x01e4,0x01c3,
    0x01c3,0x01c3,0x0204,0x0a25,0x01a3,0x01a3,0x01e4,0x01c3,0x01e4,0x01a3,0x0a04,0x0a04,
    0x01c3,0x0a24,0x01c3,0x0a24,0x09e4,0x01c3,0x01c3,0x01e4,0x01e3,0x01e4,0x01e4,0x01a3,
    0x0a04,0x01c3,0x01e4,0x0224,0x01c3,0x0183,0x01c3,0x0162,0x01c3,0x01c3,0x01a3,0x01a4,
    0x0225,0x01e4,0x01c4,0x01c3,0x0204,0x01e4,0x01e4,0x01c3,0x0183,0x0162,0x0a45,0x01c3,
    0x01c3,0x01a3,0x01e3,0x0a25,0x01c4,0x01c4,0x01e3,0x01e4,0x0183,0x01c3,0x01c3,0x01e4,
    0x01a3,0x0183,0x0204,0x0204,0x0204,0x01c3,0x01a3,0x01e4,0x0a45,0x0204,0x01e3,0x01e4,
    0x01e4,0x09c4,0x0a04,0x01e4,0x01a3,0x0224,0x1286,0x01c3,0x09e4,0x0183,0x0a04,0x01c3,
    0x01c3,0x01a3,0x01a3,0x0122,0x0162,0x0224,0x0204,0x01c3,0x01c3,0x01a3,0x0183,0x01c3,
    0x0204,0x0a04,0x0204,0x01e4,0x01a3,0x01c3,0x0a04,0x01c3,0x01c3,0x0204,0x0a45,0x01e3,
    0x01a3,0x0204,0x01c3,0x01e4,0x0183,0x01c3,0x0224,0x01e4,0x01c3,0x0183,0x01e4,0x0204,
    0x0204,0x01a3,0x0183,0x0183,0x01e4,0x0244,0x01e3,0x01a3,0x01c3,0x0204,0x01e4,0x01a3,
    0x01a3,0x01a3,0x01c3,0x01e4,0x01e4,0x01e4,0x01e4,0x01c3,0x0204,0x0a24,0x01e4,0x01a3,
    0x01c3,0x01e4,0x01a3,0x0a04,0x0a45,0x01e4,0x01a3,0x01c4,0x01e4,0x01c3,0x01c3,0x01e3,
    0x0204,0x01c4,0x01c4,0x0183,0x0224,0x0183,0x01a3,0x0a25,0x01e4,0x0183,0x0183,0x01a3,
    0x01e4,0x01c3,0x01c3,0x01c4,0x01a3,0x0a04,0x0a04,0x01a3,0x0a04,0x01e4,0x0a04,0x01e4,
    0x01c3,0x01e4,0x01c3,0x01c3,0x0a25,0x0a24,0x01e4,0x01e4,0x01e3,0x01e4,0x0a25,0x01c3,
    0x0204,0x0183,0x0204,0x01e4,0x0204,0x01e4,0x0204,0x0204,0x01a3,0x0183,0x01a3,0x0a45,
    0x0a45,0x0a44,0x0a44,0x01c3,0x01a3,0x01e4,0x01c4,0x0a24,0x01e4,0x0204,0x01e4,0x01e4,
    0x0a04,0x01c3,0x01c3,0x01a3,0x01a3,0x0204,0x0a44,0x0a04,0x01c3,0x0a04,0x0204,0x01c3,
    0x01a3,0x0a04,0x01e4,0x0a04,0x0a24,0x01c3,0x01c3,0x01c3,0x01e4,0x01c3,0x0225,0x0162,
    0x01a3,0x0a04,0x0a25,0x0a24,0x01e4,0x0a25,0x01c4,0x01c3,0x01e3,0x0a04,0x09e4,0x01c3,
    0x0204,0x0204,0x0204,0x01c3,0x0a25,0x0183,0x01c4,0x01e4,0x0204,0x01c4,0x01e4,0x01a3,
    0x01e4,0x0204,0x01a3,0x01c4,0x0204,0x01e3,0x01c3,0x01e4,0x0a04,0x01c3,0x01e4,0x01e3,
    0x01e4,0x0204,0x01c3,0x09e4,0x01e4,0x0204,0x01e4,0x01e4,0x01e4,0x01e4,0x01a3,0x0183,
    0x0204,0x01a3,0x0a05,0x01e4,0x0245,0x01a3,0x0204,0x0204,0x01e4,0x01e4,0x01c3,0x0a25,
    0x0204,0x0204,0x01a3,0x01c3,0x0a45,0x01a3,0x01c3,0x01c3,0x0204,0x01e3,0x01e4,0x0204,
    0x0a25,0x01e4,0x01c4,0x0204,0x0204,0x01e4,0x01a3,0x01e4,0x01e4,0x0a04,0x01a3,0x01c3,
    0x0a45,0x09e4,0x01c3,0x01c3,0x01c3,0x01c3,0x01c3,0x0a45,0x0204,0x01e3,0x01e4,0x0a45,
    0x01a3,0x01c4,0x01a3,0x0204,0x0a45,0x0a45,0x01e4,0x01c4,0x0a04,0x01e4,0x01e4,0x0a04,
    0x01c3,0x0204,0x01c3,0x01c3,0x01e4,0x0a24,0x0a25,0x01e4,0x01c3,0x09e4,0x0a04,0x0a24,
    0x0a24,0x01e4,0x0183,0x0204,0x0204,0x0204,0x01c3,0x0183,0x01e4,0x0204,0x0a45,0x0224,
    0x0224,0x01e4,0x01c3,0x0204,0x01e4,0x0a45,0x0204,0x01e3,0x0204,0x01c3,0x01e4,0x0a45,
    0x01a3,0x01a3,0x01c4,0x0183,0x0224,0x0204,0x0a04,0x0a24,0x01e4,0x01e4,0x01c4,0x0204,
    0x0a44,0x0224,0x01c3,0x0204,0x01e4,0x01c3,0x0a45,0x01e3,0x0204,0x0a24,0x0a66,0x09e4,
    0x01a3,0x01a3,0x01e4,0x0204,0x0a45,0x01e4,0x01c3,0x01a3,0x0a04,0x01a3,0x09c4,0x01e4,
    0x01e4,0x01a3,0x0204,0x01c4,0x01c4,0x0a24,0x0a65,0x01e3,0x0a24,0x0204,0x01a3,0x01e4,
    0x01a3,0x0224,0x01a3,0x01e3,0x01e3,0x01e4,0x01e3,0x0a24,0x01e4,0x01a3,0x01e4,0x01c4,
    0x01e3,0x0204,0x01c3,0x01c4,0x01a3,0x01e4,0x0204,0x0224,0x0204,0x01c3,0x01c3,0x01c3,
    0x01c3,0x0224,0x0244,0x0204,0x0204,0x0204,0x01c3,0x01c3,0x01c4,0x09e4,0x0204,0x01e4,
    0x0204,0x01c3,0x01c3,0x01c4,0x0224,0x01c3,0x01c3,0x09e4,0x01c3,0x0204,0x01c4,0x01e4,
    0x0a25,0x01e4,0x01c4,0x01e4,0x01e3,0x01c3,0x01e4,0x0a24,0x01e4,0x01e4,0x01c3,0x01e3,
    0x01e4,0x01a3,0x01a3,0x01a3,0x0a04,0x01a3,0x01e3,0x0204,0x01c3,0x01c4,0x01c4,0x01e4,
    0x01c3,0x0204,0x0204,0x0224,0x01e4,0x01c4,0x01e4,0x0204,0x09e4,0x0204,0x01e4,0x0204,
    0x01e4,0x01e4,0x01c3,0x01c3,0x01e4,0x01a3,0x01e4,0x01c4,0x01e4,0x01e4,0x01a3,0x0204,
    0x0204,0x01e4,0x01c3,0x0a24,0x0a65,0x01e3,0x01c3,0x0a04,0x01c4,0x01a3,0x0a25,0x0a85,
    0x01e4,0x01e4,0x0245,0x01e4,0x01a3,0x01c4,0x01e4,0x0a45,0x0a25,0x01e4,0x01e4,0x01e4,
    0x0a25,0x01a4,0x09e4,0x0a24,0x0a25,0x01c4,0x0204,0x0204,0x01a3,0x01c3,0x01e4,0x0204,
    0x01e4,0x01c3,0x0224,0x0204,0x0225,0x01e4,0x01e4,0x01c4,0x09e4,0x01c4,0x09c4,0x01c4,
    0x01e4,0x0a04,0x0225,0x01a4,0x01c4,0x0204,0x09e4,0x0a04,0x01e4,0x0a45,0x0a04,0x0a04,
    0x0a04,0x01a4,0x01e4,0x01c4,0x0a25,0x0204,0x0204,0x0224,0x0204,0x01e4,0x0204,0x01e4,
    0x0204,0x01c4,0x01a4,0x0204,0x0a05,0x01e4,0x01a4,0x01c4,0x0a05,0x01e4,0x0204,0x0204,
    0x0204,0x0204,0x09e4,0x09c4,0x01c4,0x01c4,0x01e4,0x01c4,0x0204,0x01e4,0x0204,0x01c4,
    0x0224,0x0225,0x0204,0x01e4,0x01e4,0x0205,0x01c4,0x0225,0x01e4,0x01c4,0x01e4,0x0224,
    0x0a04,0x0a05,0x0183,0x01a3,0x01c4,0x01e4,0x01c4,0x0204,0x01e4,0x01e4,0x0a25,0x0204,
    0x01e4,0x01c4,0x01e4,0x01e4,0x01e4,0x01c4,0x0204,0x01e4,0x01e4,0x01c4,0x09e4,0x0a25,
    0x0a25,0x0204,0x01e4,0x01e4,0x01e4,0x01e4,0x0a05,0x0a25,0x09e4,0x09e4,0x0245,0x01c4,
    0x01c4,0x01e4,0x0a45,0x0205,
};
static const uint16_t card_table_back[96U * 96U] = {
    0x4189,0x7b2f,0x518b,0x38a9,0x496a,0x6aee,0x38e8,0x494a,0x59ec,0x3908,0x51ec,0x51cb,
    0x5a2d,0x518b,0x518b,0x59ec,0x494a,0x4129,0x6b0f,0x51cb,0x4109,0x4109,0x72ce,0x49ea,
    0x3949,0x730e,0x498a,0x38a8,0x494a,0x732f,0x38c8,0x4169,0x51eb,0x4949,0x59eb,0x5a0c,
    0x622c,0x494a,0x496a,0x620d,0x494a,0x4149,0x6b0e,0x49aa,0x38c8,0x3908,0x6acd,0x49aa,
    0x498a,0x734f,0x496a,0x30a8,0x416a,0x62ad,0x38e8,0x4149,0x51cb,0x496a,0x496a,0x5a0c,
    0x51cb,0x51aa,0x494a,0x51cb,0x496a,0x412a,0x730f,0x49aa,0x30a8,0x3908,0x6aad,0x41aa,
    0x4149,0x6ace,0x51eb,0x38c8,0x494a,0x6b0e,0x38e8,0x414a,0x5a0c,0x498a,0x498a,0x624d,
    0x51cb,0x51cc,0x3909,0x59ec,0x414a,0x4149,0x730e,0x51ec,0x40e9,0x412a,0x6ace,0x51ea,
    0x83d0,0x730e,0x40e9,0x492a,0x732e,0x2846,0x2826,0x51cb,0x4128,0x622d,0x51ab,0x5a0b,
    0x6aae,0x5a0c,0x518a,0x4129,0x5a0c,0x3067,0x3848,0x732f,0x4969,0x38c8,0x628c,0x730e,
    0x83d0,0x6acd,0x38e8,0x490a,0x7b90,0x3067,0x2846,0x416a,0x4129,0x59ec,0x59eb,0x5a2c,
    0x624d,0x59eb,0x59cc,0x40e8,0x5a0c,0x3047,0x3047,0x734f,0x498a,0x48ea,0x5a4b,0x7b6f,
    0x83d0,0x6aad,0x4109,0x494a,0x730e,0x3047,0x2827,0x51aa,0x3908,0x59cc,0x5a0c,0x59eb,
    0x624d,0x51cb,0x59ec,0x4909,0x51cb,0x3047,0x2826,0x732f,0x518a,0x4909,0x6aad,0x7b8f,
    0x83b0,0x6aad,0x4109,0x4109,0x6b0e,0x3047,0x3047,0x51cb,0x4108,0x51ab,0x5a0b,0x626d,
    0x624d,0x59cb,0x59ec,0x3908,0x5a0b,0x3067,0x2846,0x6aee,0x498a,0x490a,0x626c,0x7b4f,
    0x622c,0x6b0e,0x734e,0x732e,0x3047,0x3027,0x3027,0x3047,0x51eb,0x518b,0x622c,0x520b,
    0x6a8d,0x51ea,0x498a,0x5a0c,0x38c8,0x3027,0x3027,0x3887,0x732f,0x734e,0x626c,0x6a8d,
    0x620d,0x72ee,0x734e,0x732e,0x2846,0x2826,0x2826,0x3067,0x5a2c,0x59cb,0x5a2c,0x522b,
    0x624c,0x624d,0x51ab,0x5a4c,0x3067,0x3027,0x3027,0x2826,0x734f,0x83b0,0x628c,0x5a0b,
    0x51eb,0x62ad,0x7b4f,0x732e,0x3027,0x3027,0x3027,0x3027,0x5a2c,0x59eb,0x624c,0x51eb,
    0x622c,0x5a0c,0x51ab,0x622c,0x38a7,0x2826,0x2826,0x3027,0x734f,0x7b6f,0x6aae,0x6a8d,
    0x622d,0x62ad,0x732e,0x734f,0x3067,0x2826,0x3027,0x3047,0x5a0c,0x51cb,0x5a2c,0x5a4b,
    0x5a4c,0x5a0c,0x51ab,0x5a2c,0x30a7,0x3026,0x3047,0x2826,0x732e,0x83b0,0x6aee,0x6a6d,
    0x628d,0x83f1,0x6aad,0x7b70,0x4109,0x3027,0x3027,0x3047,0x40a9,0x624c,0x520b,0x6aee,
    0x72ee,0x5a6c,0x5a2b,0x38a8,0x3027,0x3027,0x3027,0x40e9,0x83b0,0x628c,0x8c11,0x628d,
    0x5a0b,0x83d0,0x6aed,0x732f,0x38e7,0x2826,0x2826,0x3027,0x38c8,0x622c,0x5a2b,0x730e,
    0x730e,0x5a0c,0x624c,0x3047,0x3027,0x2827,0x3027,0x38c8,0x7b6f,0x6acd,0x83d0,0x5a2b,
    0x628c,0x7b8f,0x6aad,0x734f,0x38c8,0x3027,0x3027,0x3047,0x3047,0x5a2c,0x520b,0x6aee,
    0x72ee,0x5a2c,0x622c,0x38c8,0x3027,0x2826,0x2826,0x38c8,0x732f,0x6ace,0x83b0,0x6a8d,
    0x624c,0x83af,0x628c,0x7b6f,0x4149,0x2826,0x3027,0x3027,0x3047,0x624c,0x5a2b,0x6aee,
    0x6acd,0x5a2b,0x624c,0x38c8,0x3027,0x2827,0x3027,0x38a8,0x7b90,0x6aad,0x8c31,0x6aee,
    0x7b6f,0x49a9,0x4129,0x494a,0x734f,0x4109,0x2826,0x3027,0x3027,0x3047,0x624c,0x734e,
    0x736f,0x6acd,0x38a8,0x3027,0x3027,0x3027,0x40e9,0x7b2f,0x4909,0x4128,0x51ca,0x7b6f,
    0x7b8f,0x5a4c,0x4108,0x4109,0x7b4f,0x4129,0x3027,0x3027,0x3027,0x3047,0x628d,0x7baf,
    0x736f,0x626c,0x3067,0x3027,0x2827,0x2827,0x40e9,0x83b0,0x4949,0x492a,0x51aa,0x732e,
    0x7b6f,0x51ea,0x4109,0x4149,0x732e,0x4109,0x3027,0x3027,0x3027,0x3047,0x626c,0x7b8f,
    0x7b6f,0x628c,0x38a8,0x3027,0x3027,0x2826,0x4109,0x8390,0x4129,0x4109,0x5a2b,0x7b6f,
    0x7b6f,0x5a2b,0x4109,0x4929,0x730f,0x4129,0x3027,0x3027,0x3026,0x3047,0x62ad,0x736e,
    0x732e,0x6a8d,0x3888,0x3027,0x3027,0x2826,0x38c8,0x7b90,0x4109,0x4108,0x49aa,0x734f,
    0x6aac,0x62ad,0x4929,0x492a,0x4149,0x7b6f,0x410a,0x3027,0x3027,0x3027,0x3047,0x734f,
    0x83f1,0x3088,0x3027,0x3027,0x3027,0x38e8,0x7b90,0x4109,0x40e8,0x496a,0x5a4c,0x628c,
    0x628c,0x62ad,0x4909,0x4909,0x4109,0x7b4f,0x4109,0x3027,0x3027,0x3027,0x3047,0x7b6f,
    0x7b90,0x3047,0x3027,0x3027,0x3027,0x38a8,0x7b90,0x4109,0x4109,0x494a,0x5a2b,0x6acd,
    0x626c,0x628c,0x4149,0x4109,0x4149,0x734f,0x40e9,0x3048,0x3027,0x3027,0x3027,0x7b6f,
    0x8bf1,0x3067,0x3047,0x3027,0x3027,0x40e9,0x7b90,0x4929,0x494a,0x494a,0x5a4b,0x628d,
    0x6acd,0x6ace,0x490a,0x40e9,0x494a,0x7b90,0x494a,0x3027,0x2826,0x3026,0x3027,0x734f,
    0x83d0,0x3868,0x3027,0x3027,0x3027,0x38c8,0x83d0,0x4108,0x40e8,0x494a,0x5a2c,0x6aad,
    0x2846,0x51ec,0x62ad,0x4129,0x4129,0x4949,0x7b4f,0x4129,0x3027,0x3027,0x3027,0x412a,
    0x5a0c,0x3848,0x3027,0x3027,0x38e8,0x7b4f,0x4949,0x4149,0x498a,0x6a8d,0x624c,0x2826,
    0x2826,0x59eb,0x6aee,0x4129,0x4929,0x494a,0x7b2f,0x494a,0x3027,0x3027,0x3028,0x496a,
    0x51ab,0x3027,0x3027,0x3027,0x38e8,0x83d0,0x4949,0x3908,0x496a,0x624c,0x5a0b,0x3046,
    0x2826,0x51eb,0x626c,0x4949,0x4129,0x4149,0x7b4f,0x4109,0x3027,0x3027,0x3027,0x496a,
    0x59cb,0x3027,0x3047,0x3027,0x4109,0x8370,0x4949,0x4128,0x498a,0x626d,0x624d,0x3027,
    0x2826,0x51eb,0x6ace,0x494a,0x494a,0x4929,0x732f,0x4129,0x3026,0x3027,0x3827,0x51ab,
    0x51ab,0x3027,0x3027,0x3027,0x40c9,0x7b90,0x4109,0x4129,0x518b,0x5a2c,0x5a2c,0x3027,
    0x4129,0x3027,0x51cb,0x6aad,0x494a,0x494a,0x494a,0x7b90,0x4109,0x3027,0x4129,0x7b50,
    0x6aae,0x518b,0x3828,0x412a,0x83b0,0x494a,0x4128,0x51cb,0x628d,0x5a2b,0x3027,0x492a,
    0x496a,0x3047,0x49aa,0x6ace,0x496a,0x492a,0x494a,0x732e,0x38e8,0x3027,0x494a,0x732f,
    0x6aae,0x4129,0x3027,0x38c8,0x7bb0,0x4109,0x494a,0x51cb,0x5a4c,0x51ea,0x2826,0x496a,
    0x38c8,0x3027,0x51cb,0x628d,0x496a,0x4129,0x496a,0x7b4f,0x40e9,0x3027,0x4109,0x72ee,
    0x628d,0x51ab,0x3027,0x38c8,0x8390,0x4929,0x4949,0x51cb,0x626c,0x5a2c,0x3047,0x4109,
    0x518a,0x3047,0x51cb,0x72ee,0x496a,0x4109,0x4949,0x7b70,0x40e8,0x3027,0x490a,0x732f,
    0x72ee,0x496a,0x3027,0x40e9,0x8bf1,0x4109,0x40e8,0x51ab,0x624d,0x624c,0x3027,0x4929,
    0x494a,0x3027,0x3047,0x51cb,0x6ace,0x496a,0x496a,0x4149,0x732e,0x494a,0x6aae,0x40a8,
    0x38e8,0x628d,0x494b,0x8390,0x494a,0x496a,0x51cb,0x628c,0x5a2c,0x2826,0x3027,0x518a,
    0x4909,0x3047,0x3047,0x59ec,0x72ee,0x4949,0x4129,0x496a,0x7b4f,0x4109,0x626c,0x3887,
    0x40c9,0x628d,0x4109,0x8bd1,0x4929,0x4129,0x51cb,0x626d,0x5a0b,0x3026,0x2826,0x49aa,
    0x38a8,0x3027,0x3027,0x51ca,0x6aad,0x496a,0x4129,0x4969,0x7b70,0x494a,0x6aad,0x30a7,
    0x38c8,0x5a2c,0x4109,0x83b1,0x4949,0x4128,0x51aa,0x626d,0x5a0c,0x3027,0x3027,0x4129,
    0x494a,0x3047,0x3027,0x51eb,0x72ee,0x518a,0x494a,0x496a,0x7b70,0x494a,0x6aad,0x38a7,
    0x38a8,0x6aae,0x490a,0x83b1,0x4129,0x494a,0x51ab,0x624c,0x622c,0x3027,0x3027,0x496a,
    0x494a,0x626d,0x2827,0x3027,0x51eb,0x72ee,0x4969,0x4129,0x496a,0x8390,0x494a,0x3067,
    0x5a4c,0x4128,0x8390,0x494a,0x4108,0x59eb,0x62ad,0x5a2c,0x3027,0x3028,0x626d,0x4149,
    0x38c8,0x5a0c,0x3828,0x3047,0x51aa,0x6aed,0x496a,0x494a,0x496a,0x7b6f,0x4129,0x3868,
    0x72ce,0x4108,0x7b4f,0x4109,0x492a,0x622c,0x624c,0x51cb,0x2826,0x3027,0x5a0b,0x51ab,
    0x38a8,0x51cb,0x2826,0x3027,0x51aa,0x6aad,0x518b,0x492a,0x4949,0x730e,0x4108,0x3067,
    0x6ace,0x4969,0x7b90,0x4949,0x494a,0x5a0c,0x624c,0x51ca,0x3027,0x3027,0x59eb,0x38e8,
    0x4129,0x5a4c,0x3027,0x3027,0x51cb,0x730e,0x496a,0x4109,0x4129,0x7b70,0x38e8,0x3087,
    0x628c,0x4949,0x8bd1,0x4929,0x4909,0x51ab,0x626d,0x5a2c,0x3027,0x3027,0x624d,0x492a,
    0x4949,0x5a2c,0x496a,0x2826,0x3027,0x51cb,0x626c,0x496a,0x514b,0x5a0b,0x8c11,0x40c9,
    0x3888,0x83d1,0x628d,0x492a,0x51ab,0x626c,0x520b,0x3027,0x2827,0x496a,0x5a0c,0x4949,
    0x40e8,0x5a0b,0x496a,0x3047,0x3047,0x59eb,0x6aee,0x4949,0x4929,0x5a2c,0x9432,0x40a9,
    0x40c8,0x8c11,0x5a4c,0x4108,0x518b,0x6a6d,0x51eb,0x3027,0x3026,0x496a,0x51eb,0x518b,
    0x3086,0x51cb,0x51aa,0x3047,0x3047,0x51eb,0x6aae,0x516a,0x40e8,0x51ea,0x9452,0x40c9,
    0x40c9,0x8c11,0x5a2b,0x4108,0x518b,0x626d,0x51eb,0x2827,0x2826,0x496a,0x51ca,0x38e8,
    0x4949,0x624c,0x516a,0x3027,0x3027,0x51ab,0x62ad,0x518b,0x490a,0x5a2c,0x8bd0,0x40e9,
    0x3887,0x9452,0x5a0c,0x492a,0x59cb,0x5a2c,0x5a2c,0x3027,0x2826,0x494a,0x5a0c,0x4929,
    0x4969,0x49aa,0x51cb,0x4148,0x3888,0x2826,0x51ab,0x72ee,0x59cb,0x8c11,0x38a7,0x59ec,
    0x5a0c,0x2846,0x7b70,0x620c,0x6a6d,0x51eb,0x3026,0x38a8,0x496a,0x5a0b,0x51ab,0x51ab,
    0x4109,0x49aa,0x5a2c,0x496a,0x3888,0x3027,0x51ab,0x6aad,0x5a0c,0x9c73,0x38a8,0x5a0c,
    0x51aa,0x2866,0x8bf1,0x624d,0x624c,0x51eb,0x3026,0x3888,0x494a,0x5a0c,0x49aa,0x498a,
    0x38e8,0x51ab,0x626d,0x516a,0x3067,0x3027,0x49aa,0x624c,0x59ec,0x9412,0x40a8,0x51ab,
    0x59eb,0x3067,0x8390,0x626d,0x5a2c,0x51ca,0x2826,0x3087,0x494a,0x5a0b,0x51aa,0x38e8,
    0x518a,0x51aa,0x59eb,0x4949,0x3888,0x3026,0x49aa,0x6a8d,0x59ec,0x7b6f,0x3087,0x59ec,
    0x59ec,0x3067,0x83b0,0x622c,0x5a0b,0x59eb,0x3027,0x3887,0x4129,0x51aa,0x518a,0x496a,
    0x622c,0x3928,0x498a,0x624c,0x38e8,0x4929,0x3848,0x622c,0x83b0,0x3066,0x38c8,0xa4d4,
    0x9cd3,0x494a,0x3067,0x732f,0x59eb,0x3027,0x4109,0x40e9,0x624d,0x4969,0x4969,0x5a2c,
    0x51ab,0x59eb,0x4949,0x5a0c,0x38a8,0x4949,0x3848,0x620c,0x8bd1,0x3067,0x38e8,0xa4d4,
    0x9cb3,0x492a,0x3868,0x7b4f,0x59eb,0x2826,0x4129,0x40c9,0x59ec,0x4128,0x49a9,0x5a2c,
    0x51cb,0x59cb,0x4129,0x59eb,0x38e8,0x4129,0x2826,0x59eb,0x9412,0x4089,0x40c8,0x9cb3,
    0xa4f4,0x4129,0x3868,0x72ef,0x5a2c,0x3027,0x4108,0x38a7,0x59cb,0x4949,0x51cb,0x518a,
    0x624c,0x4129,0x496a,0x5a2c,0x38c8,0x4109,0x3027,0x5a2c,0x7b6f,0x3067,0x40c9,0xa4d4,
    0xa514,0x3908,0x2846,0x6acd,0x5a0b,0x3027,0x4109,0x38e8,0x5a2c,0x494a,0x4949,0x59ec,
    0x6a6d,0x51cb,0x51cb,0x40c8,0x5a4c,0x3047,0x3047,0x8390,0x4108,0x3047,0x730e,0xa514,
    0x9cf3,0x7b6f,0x3047,0x38c8,0x83b0,0x3048,0x3868,0x5a2c,0x30a7,0x49aa,0x5a0c,0x626d,
    0x626d,0x5a0c,0x51eb,0x40e9,0x626c,0x3047,0x3048,0x7b70,0x4109,0x3027,0x730e,0x9cf3,
    0xa4f4,0x7b90,0x3047,0x38a8,0x7b8f,0x2827,0x3047,0x624c,0x38e8,0x51aa,0x51aa,0x6aae,
    0x622c,0x51cb,0x51cb,0x4109,0x626c,0x3047,0x3047,0x7b4f,0x4909,0x3847,0x7b4f,0xad55,
    0x9cf4,0x7b6f,0x3027,0x38a8,0x7b4f,0x3047,0x3047,0x5a0b,0x40e8,0x51aa,0x51cb,0x5a2c,
    0x6a6d,0x59ec,0x51aa,0x3087,0x5a2c,0x3047,0x3047,0x8370,0x38c7,0x3047,0x7b70,0xa514,
    0x9cf3,0x732f,0x2826,0x38a7,0x83d0,0x3027,0x2826,0x520b,0x38c8,0x51cb,0x59eb,0x5a0c,
    0x624c,0x5a2c,0x51cb,0x624c,0x3067,0x3027,0x3027,0x3046,0x6aee,0x51cb,0x38a7,0x6acd,
    0x732e,0x3047,0x38e8,0x62ad,0x3868,0x3047,0x3027,0x3067,0x628d,0x51cb,0x622c,0x624d,
    0x626d,0x59ec,0x51cb,0x626d,0x3047,0x3047,0x3027,0x3047,0x6b0e,0x4149,0x38a7,0x6aee,
    0x6aed,0x3047,0x492a,0x62cd,0x3067,0x2827,0x3027,0x3047,0x5a2c,0x51ab,0x59ec,0x626d,
    0x520b,0x59eb,0x51ab,0x626d,0x3047,0x3027,0x3027,0x3067,0x730e,0x51aa,0x38a8,0x6acd,
    0x734e,0x3087,0x4109,0x6acd,0x3067,0x3027,0x3027,0x3047,0x626c,0x51aa,0x5a0b,0x5a0b,
    0x624c,0x5a0c,0x51aa,0x628d,0x3888,0x3047,0x3027,0x3868,0x6aed,0x498a,0x38a8,0x6b0e,
    0x730e,0x3047,0x4108,0x628c,0x3868,0x3027,0x3027,0x3047,0x624c,0x51ab,0x59eb,0x51eb,
    0x72ee,0x5a4c,0x5a2c,0x3087,0x3027,0x3027,0x3027,0x490a,0x8391,0x8bf1,0x5a0b,0x3047,
    0x3087,0x518a,0x83d0,0x7b4f,0x494b,0x3027,0x3027,0x3027,0x3047,0x622c,0x5a4b,0x6acd,
    0x6acd,0x624c,0x626d,0x3047,0x3027,0x2827,0x3027,0x492a,0x7b70,0x83b0,0x5a0b,0x3047,
    0x3067,0x5a0b,0x83b0,0x7b4f,0x498b,0x3027,0x3027,0x3027,0x3047,0x624c,0x5a2c,0x6aee,
    0x6aad,0x5a2b,0x624c,0x3067,0x2827,0x2827,0x3027,0x494b,0x7b4f,0x838f,0x628c,0x3047,
    0x3868,0x59eb,0x8c11,0x7b2f,0x494a,0x3027,0x3027,0x3027,0x3047,0x624c,0x5a4b,0x62ad,
    0x6aee,0x5a2b,0x5a2c,0x3867,0x3027,0x3027,0x3026,0x516b,0x7b6f,0x7b8f,0x624c,0x3047,
    0x3067,0x624c,0x83f1,0x730f,0x518b,0x3027,0x3027,0x3027,0x3047,0x5a0c,0x5a2c,0x628d,
    0x734e,0x62ad,0x3067,0x3027,0x3027,0x3027,0x4129,0x8bd1,0x518b,0x514a,0x6acd,0x494a,
    0x40c9,0x6aed,0x516b,0x51ab,0x8390,0x494a,0x3027,0x2827,0x2826,0x3047,0x6acd,0x736f,
    0x7b6f,0x6acd,0x3047,0x2827,0x3027,0x3027,0x38e9,0x83b0,0x51aa,0x4109,0x6aed,0x3908,
    0x38e8,0x6aed,0x4969,0x51aa,0x7b70,0x496a,0x3027,0x3027,0x3027,0x3047,0x626c,0x734e,
    0x734e,0x6acd,0x3047,0x3027,0x3027,0x3027,0x4109,0x8390,0x4149,0x4129,0x7b4f,0x4129,
    0x38c8,0x6aed,0x4109,0x51ca,0x7b70,0x4109,0x3027,0x3027,0x3027,0x3027,0x628c,0x734e,
    0x7b6f,0x6aed,0x3067,0x3027,0x3027,0x3027,0x4109,0x8370,0x49aa,0x494a,0x732e,0x4929,
    0x40e9,0x730e,0x4129,0x59cc,0x7b50,0x51ab,0x2807,0x3027,0x3027,0x3047,0x6aad,0x7b4f,
    0x83b0,0x3868,0x3027,0x3027,0x3027,0x4129,0x83b1,0x494a,0x494a,0x494a,0x5a4b,0x628c,
    0x628c,0x6acd,0x4949,0x4969,0x49aa,0x7b2f,0x494a,0x3027,0x3027,0x3027,0x3067,0x7b6f,
    0x7bb0,0x3888,0x3027,0x3027,0x3027,0x4129,0x8bf1,0x4989,0x4949,0x492a,0x62ad,0x628c,
    0x5a6c,0x6acd,0x4109,0x496a,0x51cb,0x7b50,0x51ab,0x3027,0x3027,0x3027,0x3067,0x8bf1,
    0x8bf1,0x3888,0x3047,0x3027,0x3027,0x496a,0x83b0,0x498a,0x494a,0x492a,0x6ace,0x5a6c,
    0x628c,0x6acd,0x492a,0x496a,0x51eb,0x8370,0x494a,0x3027,0x3027,0x3027,0x3868,0x83b0,
    0x83d0,0x3067,0x3027,0x3027,0x3047,0x4909,0x8390,0x518a,0x4929,0x4929,0x6aad,0x628c,
    0x6acd,0x628c,0x494a,0x494a,0x51cb,0x730f,0x51aa,0x3027,0x3027,0x3027,0x3047,0x7b6f,
    0x4129,0x3027,0x3027,0x3027,0x492a,0x8bf1,0x498a,0x4909,0x494a,0x730e,0x4969,0x3027,
    0x3067,0x38e8,0x7b90,0x494a,0x492a,0x51cb,0x8370,0x498a,0x3027,0x3027,0x2826,0x3908,
    0x4109,0x2827,0x3027,0x3027,0x38e9,0x83d1,0x496a,0x4949,0x4949,0x732e,0x4149,0x3047,
    0x3848,0x4109,0x734f,0x496a,0x494a,0x51cb,0x7b4f,0x496a,0x3027,0x3026,0x3026,0x496a,
    0x4109,0x3047,0x3027,0x3027,0x492a,0x8390,0x498a,0x496a,0x496a,0x732e,0x4129,0x2827,
    0x3047,0x3909,0x736f,0x4129,0x496a,0x51ca,0x8390,0x4109,0x3027,0x3027,0x3027,0x40e8,
    0x4129,0x3027,0x3027,0x3027,0x4929,0x8bf1,0x4169,0x514a,0x496a,0x732f,0x494a,0x3047,
    0x3047,0x4109,0x7b90,0x4149,0x4109,0x59ec,0x7b2f,0x51ab,0x3027,0x3027,0x3027,0x38c8,
    0x734f,0x38c8,0x3027,0x494a,0x7b70,0x496a,0x494a,0x496a,0x6ace,0x496a,0x3027,0x38a7,
    0x498a,0x3047,0x492a,0x732f,0x494a,0x494a,0x51aa,0x7b2f,0x518a,0x3027,0x38c8,0x730f,
    0x730e,0x38e8,0x3027,0x516b,0x8bf2,0x498a,0x4949,0x51ab,0x6aee,0x4129,0x3027,0x4929,
    0x516a,0x3027,0x4129,0x732e,0x4149,0x4129,0x51aa,0x7b2f,0x51ab,0x3027,0x38c8,0x6aee,
    0x730e,0x40c9,0x3027,0x516b,0x83b1,0x498a,0x496a,0x498a,0x730e,0x496a,0x3047,0x494a,
    0x494a,0x3027,0x38e8,0x6b0e,0x494a,0x494a,0x51cb,0x8390,0x494a,0x3027,0x38e8,0x7b4f,
    0x730e,0x38c9,0x3027,0x4109,0x8390,0x4969,0x496a,0x496a,0x730e,0x496a,0x3047,0x4129,
    0x38e8,0x3027,0x4109,0x732f,0x4969,0x492a,0x59ec,0x72ee,0x51cb,0x3027,0x38c8,0x72ee,
    0x6acd,0x6ace,0x4129,0x8bf1,0x518b,0x4109,0x496a,0x730e,0x4149,0x3027,0x3027,0x3908,
    0x51ab,0x3048,0x3047,0x4129,0x7b6f,0x4129,0x4129,0x59ec,0x8390,0x496a,0x6ace,0x624c,
    0x6a8d,0x6a8d,0x38e8,0x8bf2,0x51ab,0x494a,0x51cb,0x730e,0x4129,0x2826,0x3027,0x4129,
    0x4129,0x3026,0x3047,0x4109,0x732e,0x4929,0x4129,0x51cb,0x7b4f,0x496a,0x6a8d,0x5a2b,
    0x624c,0x6aad,0x494a,0x83b1,0x498a,0x496a,0x518a,0x730e,0x4129,0x3047,0x3027,0x4129,
    0x492a,0x3027,0x3027,0x4109,0x734f,0x4129,0x494a,0x59eb,0x7b4f,0x4929,0x6a8d,0x6a8d,
    0x626d,0x6aad,0x4109,0x8bd1,0x4969,0x4929,0x518a,0x730e,0x4109,0x3027,0x3027,0x496a,
    0x38c8,0x2826,0x3027,0x4109,0x7b90,0x494a,0x40e8,0x5a0c,0x7b2f,0x51ab,0x6acd,0x624c,
    0x38c9,0x498a,0x6aee,0x4969,0x494a,0x518b,0x6acd,0x4949,0x3027,0x3027,0x59eb,0x38c8,
    0x51ab,0x5a2c,0x3027,0x3027,0x4109,0x730e,0x492a,0x492a,0x51cb,0x6aed,0x4989,0x40e9,
    0x40a9,0x51cb,0x7b70,0x4969,0x492a,0x518b,0x72ee,0x4149,0x3047,0x3027,0x520b,0x4109,
    0x4129,0x5a0b,0x3027,0x3027,0x4109,0x732e,0x4129,0x4109,0x51ab,0x6ace,0x4989,0x3087,
    0x38a8,0x51ab,0x7b4f,0x498a,0x494a,0x518a,0x730e,0x4129,0x3027,0x3027,0x624c,0x4108,
    0x4128,0x51cb,0x3027,0x3027,0x4149,0x7b4f,0x4129,0x4109,0x51aa,0x730f,0x518a,0x3888,
    0x40a9,0x516a,0x730e,0x4148,0x4129,0x518a,0x6acd,0x4129,0x3027,0x3027,0x5a2c,0x494a,
    0x38c8,0x51eb,0x3027,0x3027,0x38e8,0x734f,0x4129,0x4109,0x59cb,0x6acd,0x49aa,0x38c8,
    0x496a,0x8370,0x5a0b,0x40c8,0x4949,0x734f,0x492a,0x3027,0x3027,0x51eb,0x51eb,0x38a8,
    0x498a,0x5a2c,0x518a,0x3028,0x3848,0x4109,0x7b4f,0x4108,0x38e8,0x626c,0x7b4f,0x516b,
    0x40e9,0x8390,0x624c,0x4949,0x4949,0x730e,0x4929,0x3027,0x3027,0x59ec,0x5a0c,0x38e8,
    0x4129,0x5a0b,0x498a,0x3027,0x3027,0x4109,0x734f,0x38e8,0x38e8,0x626d,0x6aee,0x492a,
    0x4129,0x7b4f,0x5a0b,0x4129,0x4149,0x6aed,0x4929,0x3027,0x3027,0x498a,0x5a0c,0x4129,
    0x3908,0x59eb,0x59cc,0x3027,0x3027,0x492a,0x7b90,0x40e8,0x4909,0x6a8d,0x6aed,0x4109,
    0x490a,0x8370,0x51eb,0x4108,0x496a,0x732e,0x4149,0x3027,0x3027,0x498a,0x5a2c,0x4149,
    0x30a7,0x51cb,0x59cb,0x3027,0x3027,0x38e8,0x7b6f,0x4129,0x40e9,0x6a8d,0x6aae,0x4169,
    0x7b4f,0x51cb,0x4929,0x516a,0x732e,0x4149,0x3027,0x2847,0x4989,0x59eb,0x496a,0x4129,
    0x51aa,0x5a0c,0x59eb,0x496a,0x3067,0x2826,0x4108,0x734e,0x494a,0x4109,0x51eb,0x730e,
    0x7b70,0x498a,0x494a,0x516a,0x730e,0x4149,0x3027,0x3047,0x4969,0x624d,0x51aa,0x4128,
    0x49aa,0x516a,0x51cb,0x516a,0x3888,0x3026,0x38e8,0x736e,0x4929,0x40e8,0x59eb,0x7b70,
    0x7b70,0x51aa,0x4929,0x496a,0x732e,0x4129,0x2826,0x3888,0x496a,0x51eb,0x4949,0x498a,
    0x3928,0x498a,0x624c,0x496a,0x3868,0x3027,0x4929,0x838f,0x4949,0x38e8,0x51eb,0x7b4f,
    0x7b2f,0x498a,0x492a,0x496a,0x6aad,0x4149,0x3027,0x3888,0x496a,0x51aa,0x51ab,0x498a,
    0x38e8,0x51ab,0x5a2c,0x496a,0x3067,0x3027,0x40e9,0x734f,0x518a,0x38e8,0x59cb,0x72ee,
    0x8bf1,0x6aad,0x494a,0x40e9,0x5a0c,0x51cb,0x38e8,0x4949,0x51eb,0x38c8,0x59eb,0x51eb,
    0x622c,0x496a,0x51aa,0x59ec,0x40e9,0x4129,0x4149,0x6acd,0x38a8,0x40c9,0x59eb,0x8bf1,
    0x83b0,0x6aad,0x4949,0x3888,0x51ab,0x5a0b,0x38c8,0x4129,0x59eb,0x4108,0x51cb,0x5a0b,
    0x624d,0x4949,0x4969,0x5a0c,0x4929,0x4128,0x4949,0x6aad,0x38c8,0x3888,0x6a8e,0x8c11,
    0x8bf1,0x6acd,0x4949,0x38a8,0x59eb,0x5a0b,0x4108,0x4108,0x51eb,0x494a,0x496a,0x5a2c,
    0x59eb,0x51aa,0x4949,0x622c,0x492a,0x4108,0x4969,0x624c,0x40c8,0x40e9,0x6a8d,0x9452,
    0x83d0,0x6acd,0x4129,0x38c8,0x51ca,0x5a2b,0x4109,0x40e9,0x5a0c,0x4949,0x4149,0x624c,
    0x51ab,0x59eb,0x4129,0x5a0c,0x4909,0x496a,0x4129,0x730e,0x492a,0x40c8,0x5a0c,0x9472,
    0x7b2e,0x732f,0x516a,0x494a,0x62ad,0x3047,0x2826,0x49aa,0x494a,0x5a0c,0x51ca,0x5a2c,
    0x6aae,0x51eb,0x51ab,0x492a,0x5a0b,0x3027,0x3047,0x72ef,0x4169,0x4149,0x730f,0x72ee,
    0x8390,0x72ee,0x494a,0x4949,0x6acd,0x3047,0x3047,0x51cb,0x4929,0x51ca,0x51cb,0x6a6d,
    0x626d,0x51eb,0x51ab,0x40e8,0x5a0b,0x3047,0x3047,0x72ee,0x51cb,0x516b,0x6acd,0x72ee,
    0x7b6f,0x72ee,0x518a,0x496a,0x62ad,0x3047,0x3047,0x51eb,0x4108,0x51aa,0x59eb,0x5a2c,
    0x6a8d,0x5a0c,0x51cb,0x4929,0x59ec,0x2827,0x2846,0x6acd,0x518a,0x518b,0x72ee,0x7b4f,
    0x7b70,0x730e,0x518a,0x4949,0x6aee,0x3047,0x3027,0x59eb,0x38c8,0x51ab,0x59eb,0x6a8d,
    0x624d,0x51cb,0x51cb,0x4949,0x5a2c,0x3047,0x2826,0x628d,0x51eb,0x494a,0x730e,0x72ee,
    0x496a,0x734f,0x8bf1,0x730e,0x2826,0x3027,0x3027,0x3067,0x5a0b,0x498a,0x5a2c,0x51eb,
    0x6a8d,0x59eb,0x51ab,0x624c,0x3888,0x3027,0x3027,0x3027,0x730e,0x7bb0,0x730f,0x51ab,
    0x40e8,0x6b0e,0x8bd0,0x732e,0x2826,0x3027,0x3027,0x3047,0x5a2c,0x518a,0x5a0b,0x5a2b,
    0x5a4c,0x59eb,0x51cb,0x6a8d,0x38c8,0x3047,0x3027,0x2826,0x732f,0x9452,0x628d,0x496a,
    0x4949,0x6aad,0x8c31,0x730e,0x2826,0x3027,0x3027,0x3047,0x626d,0x518a,0x5a0b,0x5a0b,
    0x626c,0x5a0c,0x59cb,0x624c,0x3887,0x3027,0x3027,0x2826,0x732e,0x8bf1,0x7b4f,0x518a,
    0x516a,0x7b6f,0x8390,0x7b6f,0x3027,0x2827,0x3027,0x3067,0x626c,0x51cb,0x5a2c,0x5a4c,
    0x5a2c,0x51eb,0x51aa,0x5a2c,0x3067,0x3027,0x3027,0x2826,0x6b0e,0x8c11,0x72ee,0x59ec,
    0x5a6c,0x83d0,0x626c,0x732f,0x4129,0x2827,0x3027,0x3047,0x3047,0x624c,0x5a2b,0x6acd,
    0x6aee,0x626c,0x624c,0x3047,0x2826,0x3027,0x3047,0x494a,0x7b4f,0x626c,0x83d0,0x6aad,
    0x5a2c,0x732e,0x628d,0x730e,0x494a,0x3027,0x3027,0x2826,0x3047,0x626d,0x5a4c,0x62ad,
    0x6aee,0x5a2c,0x5a0c,0x3887,0x3027,0x3027,0x3027,0x4109,0x7b4f,0x626c,0x83b0,0x5a2b,
    0x626c,0x83b0,0x624c,0x732e,0x412a,0x3027,0x3027,0x3026,0x3047,0x622c,0x5a0b,0x6aad,
    0x628d,0x624c,0x6a8d,0x38a7,0x3047,0x3047,0x3027,0x4109,0x732e,0x6aad,0x83b0,0x626c,
    0x624c,0x83d0,0x628c,0x72ee,0x496a,0x3027,0x3027,0x3027,0x3067,0x624c,0x5a2b,0x6acd,
    0x6acd,0x5a2c,0x624c,0x3067,0x3047,0x3027,0x3027,0x4109,0x7b70,0x6a8d,0x7b8f,0x6aee,
    0x83f0,0x4989,0x3909,0x492a,0x732f,0x4129,0x3027,0x3027,0x2826,0x3047,0x628d,0x734f,
    0x734f,0x732e,0x3067,0x2826,0x2826,0x3027,0x492a,0x8390,0x4929,0x4108,0x498a,0x732e,
    0x732e,0x51aa,0x38e8,0x492a,0x7b70,0x496a,0x3027,0x3026,0x3026,0x3047,0x628d,0x734e,
    0x734e,0x6acd,0x3067,0x3026,0x3027,0x3026,0x4109,0x83b1,0x4129,0x492a,0x498a,0x734e,
    0x83d0,0x51aa,0x40e9,0x4129,0x7b6f,0x4929,0x3027,0x3026,0x3027,0x3047,0x628c,0x732e,
    0x734f,0x62ad,0x3047,0x3027,0x3027,0x3027,0x492a,0x83b1,0x40e8,0x40e8,0x49aa,0x7b6f,
    0x7b6f,0x51aa,0x4108,0x4149,0x730e,0x414a,0x3027,0x3027,0x3027,0x3047,0x6aad,0x734e,
    0x7b8f,0x62ad,0x3047,0x3026,0x3027,0x3027,0x38c8,0x7b70,0x4129,0x4109,0x518a,0x7b8f,
    0x624b,0x62cd,0x4929,0x490a,0x4109,0x732f,0x4949,0x3026,0x3027,0x3047,0x3067,0x734f,
    0x83f1,0x38a9,0x3027,0x2827,0x3027,0x4149,0x7b4f,0x4129,0x4929,0x492a,0x5a6c,0x5a2b,
    0x5a6c,0x62ad,0x40e9,0x4129,0x4129,0x730e,0x494a,0x3027,0x3027,0x3027,0x3067,0x7b6f,
    0x7bb0,0x3888,0x3027,0x3027,0x3027,0x4129,0x732f,0x4129,0x4129,0x494a,0x626c,0x6a8d,
    0x624c,0x62ad,0x4108,0x4109,0x494a,0x730f,0x4129,0x3027,0x3027,0x3027,0x3067,0x7b4f,
    0x83b0,0x3888,0x3027,0x3027,0x3027,0x4129,0x732f,0x4109,0x492a,0x4129,0x626c,0x5a4c,
    0x5a2b,0x6aee,0x4109,0x4129,0x4949,0x6b0e,0x496a,0x3027,0x3027,0x3027,0x3867,0x8390,
    0x83b0,0x3888,0x3027,0x3027,0x3027,0x4109,0x7b4f,0x4129,0x4129,0x494a,0x628d,0x626c,
    0x2846,0x51ab,0x730e,0x4949,0x4129,0x4929,0x72ee,0x4949,0x3027,0x3027,0x3047,0x4109,
    0x59eb,0x3027,0x3027,0x3027,0x4129,0x734f,0x4108,0x4108,0x498a,0x6aae,0x51cb,0x2826,
    0x2826,0x51ab,0x732f,0x4129,0x4129,0x4149,0x734f,0x494a,0x3027,0x2826,0x3027,0x496a,
    0x51ab,0x3027,0x2826,0x3027,0x492a,0x8390,0x4109,0x4109,0x496a,0x628d,0x5a0c,0x3848,
    0x3047,0x498a,0x6aed,0x494a,0x4129,0x4129,0x7b6f,0x492a,0x3027,0x3027,0x3027,0x4129,
    0x51ab,0x3028,0x3027,0x3027,0x4929,0x7b90,0x4108,0x4108,0x496a,0x6aae,0x59ec,0x3027,
    0x2826,0x4969,0x730e,0x4129,0x4949,0x4969,0x730e,0x4129,0x3027,0x3027,0x3027,0x518a,
    0x498b,0x3027,0x3027,0x3027,0x38c8,0x7b70,0x4109,0x4108,0x51aa,0x626d,0x51eb,0x2826,
    0x494a,0x3027,0x498a,0x6acd,0x496a,0x4129,0x4929,0x732f,0x496a,0x3027,0x4109,0x732f,
    0x626d,0x4169,0x3027,0x494a,0x8370,0x4929,0x4129,0x498a,0x6aae,0x51cb,0x3047,0x4929,
    0x4929,0x3027,0x498a,0x730e,0x496a,0x4949,0x4949,0x730e,0x4129,0x3027,0x4929,0x730e,
    0x6aad,0x494a,0x3028,0x4109,0x7b4f,0x4129,0x492a,0x498a,0x6a8d,0x5a0c,0x3027,0x498a,
    0x38e8,0x2826,0x51ab,0x732e,0x494a,0x4949,0x4129,0x732e,0x4929,0x3027,0x4129,0x6acd,
    0x626c,0x496a,0x3027,0x40e9,0x732f,0x4109,0x494a,0x518a,0x6aad,0x49aa,0x3027,0x4109,
    0x496a,0x2826,0x4969,0x730e,0x498a,0x4949,0x4949,0x732e,0x4129,0x3027,0x494a,0x6acd,
    0x628d,0x496a,0x3027,0x4109,0x7b70,0x4129,0x4929,0x51ab,0x628d,0x5a0b,0x3027,0x492a,
    0x518a,0x3026,0x3026,0x494a,0x6b2e,0x4969,0x494a,0x518a,0x6ace,0x51ab,0x622c,0x38a8,
    0x4949,0x624d,0x518a,0x7b4f,0x4949,0x494a,0x518a,0x72ee,0x498a,0x2826,0x3047,0x516b,
    0x40e9,0x3047,0x3048,0x496a,0x732f,0x496a,0x496a,0x496a,0x732e,0x496a,0x624c,0x38c7,
    0x3908,0x624c,0x51ab,0x7b70,0x4149,0x4929,0x498a,0x72ee,0x51ab,0x3848,0x3047,0x498a,
    0x30a7,0x3047,0x3027,0x498a,0x734e,0x496a,0x4129,0x4969,0x730e,0x51ab,0x6a8d,0x38c8,
    0x4109,0x59eb,0x4949,0x7b4f,0x4129,0x492a,0x518b,0x72ee,0x49aa,0x3027,0x2827,0x4109,
    0x494a,0x3047,0x3027,0x4129,0x732f,0x4969,0x4949,0x496a,0x730e,0x498a,0x624c,0x40e8,
    0x38e8,0x5a0c,0x494a,0x7b2f,0x4129,0x4949,0x51aa,0x6ace,0x51cb,0x2826,0x3047,0x516b,
    0x4148,0x624d,0x3027,0x3027,0x4149,0x734f,0x496a,0x4109,0x496a,0x72ce,0x59eb,0x3088,
    0x51ab,0x59ec,0x7b4f,0x4929,0x4108,0x518a,0x72ee,0x496a,0x3047,0x3027,0x628d,0x4128,
    0x40e8,0x5a2c,0x3828,0x3027,0x4109,0x732f,0x498a,0x4949,0x496a,0x7b2f,0x498a,0x3047,
    0x626d,0x49ca,0x730e,0x4129,0x516a,0x51cb,0x6aee,0x496a,0x3027,0x3027,0x5a2b,0x498a,
    0x38a8,0x5a4c,0x3027,0x3026,0x4129,0x732e,0x496a,0x494a,0x4969,0x628c,0x4969,0x3067,
    0x6a8d,0x5a0c,0x7b6f,0x4129,0x492a,0x51ab,0x6aee,0x496a,0x3027,0x3027,0x5a2c,0x38c7,
    0x4949,0x628c,0x3027,0x2826,0x4129,0x734f,0x496a,0x494a,0x4969,0x6aad,0x4149,0x3067,
    0x6aae,0x5a0c,0x7b50,0x4149,0x4109,0x51ab,0x6aee,0x51aa,0x3027,0x3027,0x5a4c,0x4129,
    0x4128,0x5a0d,0x59cb,0x3027,0x3027,0x494a,0x6aed,0x4949,0x494a,0x5a2c,0x83d0,0x492a,
    0x38a8,0x7b4f,0x6a6d,0x514a,0x51ab,0x6ace,0x414a,0x3027,0x3027,0x51cb,0x5a0c,0x4149,
    0x4109,0x5a0c,0x51cb,0x2826,0x3027,0x494a,0x732e,0x4149,0x494a,0x622c,0x83d0,0x492a,
    0x40e9,0x7b6f,0x5a6c,0x4109,0x518b,0x6ace,0x496a,0x3827,0x3027,0x51aa,0x51cb,0x498a,
    0x38a8,0x5a0b,0x51ca,0x2826,0x3027,0x498a,0x730e,0x4949,0x38e8,0x624c,0x83b0,0x492a,
    0x40c9,0x8390,0x624c,0x4929,0x516a,0x6ace,0x498a,0x3027,0x3027,0x51cb,0x59eb,0x38c8,
    0x4949,0x5a2c,0x51ab,0x3027,0x3027,0x4129,0x6aee,0x4969,0x4909,0x626d,0x7b6f,0x492a,
    0x40c9,0x83d0,0x5a2c,0x492a,0x516a,0x6aad,0x498a,0x3027,0x3027,0x51aa,0x5a0c,0x38e8,
    0x51aa,0x51aa,0x59eb,0x49aa,0x38a8,0x3027,0x4129,0x730e,0x624c,0x8bf1,0x3888,0x51cb,
    0x5a0b,0x3047,0x730e,0x6a6d,0x72ee,0x4149,0x3027,0x38a8,0x498a,0x5a0b,0x518a,0x51cb,
    0x4129,0x51cb,0x5a2c,0x498a,0x3888,0x3027,0x4108,0x6aee,0x624c,0x8bd1,0x3067,0x59ec,
    0x51ca,0x2846,0x7b4f,0x626d,0x72ae,0x4969,0x3027,0x3067,0x498a,0x5a4c,0x518a,0x49aa,
    0x4109,0x51aa,0x5a2c,0x49aa,0x3067,0x3027,0x4129,0x6acd,0x5a2c,0x8bd1,0x3067,0x51ab,
    0x5a2b,0x3087,0x7b4f,0x6aae,0x6a8d,0x4129,0x3027,0x3068,0x496a,0x5a0b,0x51ab,0x4109,
    0x51aa,0x518a,0x5a0c,0x496a,0x38c8,0x3027,0x4108,0x6aad,0x626c,0x7b90,0x3067,0x51cb,
    0x51cb,0x3067,0x7b90,0x6a8d,0x6a8d,0x496a,0x3027,0x3888,0x498a,0x51ab,0x498a,0x496a,
    0x626d,0x4149,0x496a,0x5a0c,0x4929,0x494a,0x3027,0x5a0c,0x7b6f,0x3047,0x4129,0xa514,
    0xa515,0x51ab,0x2826,0x62ad,0x626d,0x3027,0x4109,0x4149,0x5a0c,0x496a,0x498a,0x624c,
    0x51cb,0x51ca,0x4949,0x59ec,0x4109,0x4129,0x3028,0x59eb,0x7b4f,0x3027,0x4149,0xa515,
    0xa4f4,0x494a,0x3848,0x628d,0x5a0b,0x3027,0x4109,0x40e8,0x51cb,0x4129,0x51cb,0x5a2c,
    0x51cb,0x51cb,0x4129,0x59eb,0x4129,0x4129,0x3047,0x624c,0x7b4f,0x3848,0x4109,0xa4f4,
    0xad35,0x51aa,0x3047,0x6aad,0x5a0c,0x3047,0x4109,0x4109,0x59eb,0x4929,0x51ca,0x51cb,
    0x626d,0x4949,0x496a,0x5a2c,0x4109,0x4129,0x3027,0x6a8d,0x8370,0x3047,0x496a,0xa515,
    0xa535,0x496a,0x3027,0x626c,0x626c,0x3027,0x4109,0x4129,0x59ec,0x4949,0x496a,0x59ec,
    0x6a6d,0x51eb,0x51cb,0x40c8,0x520b,0x3027,0x3027,0x7b2f,0x4149,0x3027,0x6aee,0xa514,
    0xa514,0x7b6f,0x3848,0x40e8,0x734f,0x3027,0x3027,0x51eb,0x38e8,0x51cb,0x5a2c,0x624d,
    0x624d,0x51ab,0x51aa,0x4909,0x624c,0x3047,0x3027,0x6aee,0x4949,0x3847,0x6aee,0xa535,
    0xa514,0x7b4f,0x3047,0x30c7,0x6acd,0x3027,0x3047,0x51ca,0x4109,0x51cb,0x51ca,0x626d,
    0x622c,0x51cb,0x59eb,0x4109,0x51eb,0x3047,0x3027,0x6aee,0x3908,0x3027,0x6ace,0xa514,
    0xa514,0x7b4f,0x3848,0x38e8,0x6aee,0x3047,0x3047,0x51eb,0x4109,0x59ec,0x51aa,0x5a2c,
    0x6a8d,0x5a0c,0x51cb,0x38c8,0x5a0b,0x3047,0x3027,0x6aee,0x40e8,0x3848,0x730f,0xa514,
    0x9cf3,0x6aed,0x3027,0x38e8,0x7b4f,0x3027,0x3047,0x51eb,0x38c8,0x51ab,0x5a0b,0x59eb,
    0x624c,0x622c,0x59cb,0x624c,0x3047,0x3027,0x3027,0x3047,0x732f,0x5a2c,0x3087,0x626c,
    0x6b0d,0x3047,0x4929,0x6aed,0x2826,0x2827,0x3027,0x2826,0x5a2c,0x51cb,0x5a2c,0x5a4c,
    0x626c,0x59eb,0x51aa,0x626c,0x3047,0x3027,0x3027,0x3047,0x734f,0x59eb,0x3066,0x6aed,
    0x62cd,0x2826,0x4949,0x6aed,0x3068,0x3047,0x3027,0x2847,0x520b,0x51aa,0x59eb,0x5a2c,
    0x5a2b,0x622c,0x51ab,0x5a2c,0x3027,0x3027,0x3047,0x3848,0x730e,0x51cb,0x3066,0x628c,
    0x6aed,0x3067,0x516b,0x6aee,0x3047,0x2826,0x3027,0x3067,0x622c,0x518a,0x5a0b,0x5a0b,
    0x624c,0x5a2c,0x59cb,0x626c,0x3047,0x3027,0x3027,0x3027,0x6aed,0x620c,0x40e9,0x62cd,
    0x62ad,0x3027,0x518a,0x732e,0x3048,0x3027,0x3027,0x3047,0x5a2c,0x51cb,0x5a2c,0x59eb,
    0x72ee,0x5a2c,0x5a2c,0x3047,0x3027,0x3027,0x3027,0x4129,0x8390,0x83d0,0x6aad,0x3047,
    0x3067,0x498a,0x8c11,0x7b70,0x494a,0x3027,0x3027,0x3027,0x3027,0x622c,0x51eb,0x6ace,
    0x628d,0x624c,0x628d,0x3047,0x3027,0x3027,0x3027,0x4109,0x7b2f,0x8bf1,0x626c,0x3047,
    0x3047,0x5a0c,0x83af,0x8370,0x518b,0x3027,0x3027,0x2826,0x2826,0x624c,0x520b,0x6acd,
    0x6acd,0x5a2c,0x626d,0x3047,0x3027,0x3027,0x3027,0x494a,0x83b0,0x734f,0x6a8d,0x3047,
    0x3868,0x624d,0x8c31,0x732f,0x496a,0x3027,0x3027,0x3027,0x3047,0x628d,0x5a4c,0x628d,
    0x72ee,0x5a2b,0x626d,0x3047,0x3027,0x3027,0x3027,0x494a,0x8390,0x83b0,0x6aee,0x3047,
    0x3047,0x628d,0x9452,0x7b70,0x498a,0x3027,0x3027,0x3027,0x3027,0x624c,0x5a2b,0x628c,
    0x734e,0x6a8d,0x3047,0x2827,0x2827,0x3027,0x496a,0x83b0,0x496a,0x4109,0x6acd,0x496a,
    0x40c8,0x6aed,0x51ab,0x498a,0x7b2f,0x518a,0x3027,0x3027,0x3027,0x3067,0x62ad,0x734f,
    0x732e,0x5a6c,0x3067,0x2827,0x3027,0x3027,0x494a,0x7b4f,0x4969,0x4109,0x6aed,0x492a,
    0x4909,0x6acd,0x518a,0x51ab,0x72ee,0x51ab,0x3027,0x3027,0x3027,0x3047,0x626c,0x7b6f,
    0x732e,0x628d,0x3047,0x3027,0x3027,0x3027,0x494a,0x7b4f,0x498a,0x496a,0x62ac,0x494a,
    0x490a,0x6aed,0x494a,0x51aa,0x7b4f,0x496a,0x3047,0x3027,0x2826,0x3067,0x628d,0x734e,
    0x734e,0x6acd,0x3067,0x3027,0x3027,0x3027,0x4129,0x7b50,0x498a,0x516b,0x6aad,0x4129,
    0x4109,0x6acd,0x518b,0x51ab,0x7b70,0x51cb,0x3027,0x3027,0x3026,0x3047,0x628d,0x732e,
    0x83d0,0x3047,0x2827,0x2827,0x3027,0x494a,0x8390,0x4149,0x4929,0x494a,0x626c,0x62ac,
    0x62ac,0x6acd,0x40e9,0x4129,0x51ab,0x7b2f,0x496a,0x3027,0x3027,0x3026,0x2846,0x7bb0,
    0x8bf1,0x3888,0x3047,0x2827,0x2827,0x4129,0x8bf2,0x496a,0x4129,0x4129,0x628c,0x62ac,
    0x5a6c,0x6aee,0x38e8,0x492a,0x51aa,0x7b2f,0x51ab,0x3027,0x3027,0x3027,0x3047,0x8bf1,
    0x8bf1,0x3067,0x3027,0x3027,0x3027,0x4949,0x8bd1,0x4149,0x4929,0x4929,0x62ad,0x5a6c,
    0x6acd,0x62ad,0x38c8,0x4929,0x518b,0x8391,0x496a,0x3027,0x2826,0x3047,0x3068,0x83b0,
    0x83d0,0x3047,0x3027,0x3027,0x3027,0x4109,0x83b1,0x518b,0x4129,0x4109,0x6aad,0x628c,
    0x62ac,0x62ad,0x40e9,0x4129,0x51aa,0x7b70,0x51ab,0x3027,0x2827,0x3027,0x3027,0x7b70,
    0x4949,0x2807,0x3027,0x3027,0x496a,0x8390,0x496a,0x494a,0x498a,0x6aee,0x496a,0x2826,
    0x3067,0x490a,0x732e,0x496a,0x494a,0x51aa,0x7b2f,0x51ab,0x3027,0x3027,0x3027,0x4129,
    0x494a,0x3047,0x3027,0x3027,0x494a,0x8390,0x496a,0x516b,0x496a,0x730e,0x494a,0x2846,
    0x3047,0x4129,0x734f,0x494a,0x494a,0x51aa,0x6aee,0x51ab,0x2827,0x3027,0x3027,0x518b,
    0x492a,0x3027,0x2826,0x3027,0x494a,0x7b70,0x496a,0x494a,0x494a,0x6acd,0x494a,0x3047,
    0x3067,0x4109,0x6b2e,0x4129,0x516a,0x518a,0x730f,0x494a,0x3027,0x3027,0x2826,0x4149,
    0x518b,0x3027,0x3027,0x3027,0x494a,0x8390,0x496a,0x496a,0x4949,0x6acd,0x4129,0x3047,
    0x3047,0x4129,0x732e,0x4129,0x4129,0x51ab,0x7b2f,0x51cb,0x3027,0x3027,0x3027,0x4109,
    0x7b4f,0x38c8,0x3027,0x494a,0x83b1,0x4949,0x494a,0x518a,0x730e,0x496a,0x3027,0x38c7,
    0x51ab,0x3027,0x38e8,0x734f,0x492a,0x3908,0x51eb,0x730f,0x498b,0x3028,0x38c9,0x732f,
    0x730e,0x3908,0x3027,0x494a,0x8bf2,0x4949,0x4129,0x518a,0x732f,0x4109,0x2827,0x4109,
    0x494a,0x3047,0x4109,0x7b70,0x4929,0x4108,0x49aa,0x730f,0x51ab,0x3027,0x40c9,0x730e,
    0x7b6f,0x40e9,0x3027,0x514a,0x8bf1,0x4169,0x492a,0x496a,0x734f,0x494a,0x3027,0x4109,
    0x4129,0x3027,0x40e8,0x734f,0x4129,0x4109,0x49aa,0x7b4f,0x496a,0x3027,0x38c8,0x732e,
    0x732e,0x40e9,0x3028,0x410a,0x8390,0x496a,0x4949,0x498a,0x7b6f,0x4129,0x3027,0x4949,
    0x3908,0x2826,0x38e8,0x732e,0x4108,0x4129,0x51cb,0x732f,0x498a,0x3027,0x38a8,0x7b70,
    0x628c,0x626d,0x4149,0x8bd1,0x518a,0x494a,0x496a,0x730e,0x494a,0x3048,0x3027,0x40e9,
    0x498a,0x2826,0x3027,0x4129,0x734f,0x496a,0x4129,0x51cb,0x7b50,0x498a,0x5a2c,0x626c,
    0x628d,0x626c,0x4109,0x8370,0x516a,0x496a,0x518a,0x6aed,0x4129,0x3027,0x3047,0x4129,
    0x4129,0x2826,0x3027,0x4109,0x7b4f,0x4129,0x4949,0x51aa,0x6aee,0x51ab,0x624c,0x622b,
    0x624c,0x624d,0x494a,0x7b4f,0x498a,0x494a,0x518a,0x730e,0x4129,0x3027,0x3027,0x4149,
    0x4129,0x3026,0x3027,0x4109,0x6b0e,0x4129,0x494a,0x51aa,0x72ee,0x4949,0x5a2b,0x626c,
    0x5a4c,0x626c,0x4129,0x8391,0x518a,0x4949,0x516a,0x730e,0x4108,0x2827,0x2826,0x4969,
    0x38c8,0x3027,0x3047,0x4109,0x7b6f,0x4949,0x4129,0x51aa,0x730f,0x51ab,0x624c,0x6a8d,
    0x38a8,0x51ab,0x7b2f,0x4969,0x4929,0x518b,0x730e,0x4108,0x3027,0x2826,0x5a0c,0x40c9,
    0x498a,0x5a2c,0x3027,0x3027,0x38c8,0x7b4f,0x494a,0x490a,0x5a0c,0x6acd,0x498a,0x38a8,
    0x3067,0x51ab,0x8bb1,0x4969,0x4909,0x518a,0x732e,0x4949,0x3027,0x3047,0x5a0c,0x4109,
    0x3928,0x5a4c,0x3027,0x3048,0x40e8,0x7b90,0x4929,0x38e8,0x59eb,0x7b0f,0x51ca,0x3887,
    0x3087,0x51ab,0x8370,0x4969,0x490a,0x518a,0x734f,0x4129,0x3027,0x3027,0x628d,0x4129,
    0x4149,0x51eb,0x3027,0x3027,0x4109,0x7b6f,0x4949,0x40e9,0x51aa,0x732f,0x51aa,0x3067,
    0x3888,0x496a,0x730e,0x498a,0x494a,0x516a,0x72ee,0x4108,0x3027,0x3026,0x5a2c,0x496a,
    0x38c8,0x5a0c,0x2826,0x3027,0x40e9,0x7b6f,0x4929,0x4109,0x59cb,0x6aad,0x51aa,0x38c8,
    0x414a,0x732f,0x51eb,0x4108,0x4949,0x732e,0x494a,0x3027,0x2826,0x51aa,0x51eb,0x38c8,
    0x498a,0x520b,0x496a,0x3047,0x3027,0x412a,0x7b70,0x4129,0x38c8,0x626c,0x730e,0x496a,
    0x4109,0x730e,0x5a2b,0x4949,0x4949,0x6aee,0x494a,0x3027,0x3027,0x51cb,0x59eb,0x38e8,
    0x4149,0x5a0c,0x496a,0x3027,0x3027,0x40e9,0x732f,0x38e8,0x4929,0x6aad,0x628d,0x492a,
    0x494a,0x72ee,0x624c,0x4949,0x4949,0x72ee,0x4129,0x3027,0x3027,0x51aa,0x5a2b,0x4129,
    0x4128,0x59eb,0x51ab,0x3047,0x3047,0x4909,0x730e,0x4108,0x4109,0x624c,0x6aad,0x4128,
    0x4129,0x732f,0x51ca,0x4129,0x496a,0x730e,0x494a,0x3027,0x3027,0x496a,0x5a0c,0x4949,
    0x38a8,0x51eb,0x49aa,0x3027,0x3027,0x4129,0x7b90,0x4129,0x3908,0x624c,0x6a8d,0x498a,
    0x8370,0x51cb,0x4929,0x516a,0x732e,0x38e8,0x3027,0x3047,0x49aa,0x59eb,0x4149,0x4148,
    0x51cb,0x59ec,0x59eb,0x498a,0x3047,0x3027,0x30a7,0x7b8f,0x4129,0x40e9,0x624c,0x7b4f,
    0x83b0,0x51cb,0x4109,0x496a,0x7b4f,0x4929,0x3027,0x3047,0x51ab,0x624c,0x4969,0x3928,
    0x51cb,0x516b,0x51eb,0x4989,0x3868,0x3828,0x38c8,0x83d0,0x496a,0x38c8,0x5a0b,0x7b6f,
    0x8390,0x51ca,0x4109,0x4949,0x732e,0x40e8,0x3848,0x3868,0x51aa,0x5a0b,0x4129,0x49aa,
    0x4149,0x59cc,0x624d,0x4169,0x3067,0x3027,0x40c9,0x83d0,0x4969,0x38c8,0x51aa,0x732f,
    0x7b70,0x51ab,0x494a,0x4149,0x6b0e,0x4108,0x3027,0x3888,0x498a,0x51aa,0x518a,0x498a,
    0x38e8,0x518a,0x5a0c,0x498a,0x3067,0x3027,0x38a8,0x7b8f,0x518a,0x4109,0x5a2c,0x72ce,
    0x83f1,0x72cf,0x492a,0x40c8,0x51eb,0x51ca,0x4128,0x4129,0x59ec,0x38c8,0x51cb,0x51eb,
    0x624d,0x518b,0x518b,0x59ec,0x4949,0x4129,0x4169,0x626c,0x40c9,0x38a8,0x6a6d,0x9432,
    0x83d0,0x7b2f,0x494a,0x3067,0x5a2c,0x59eb,0x38e8,0x4149,0x5a0c,0x38e8,0x51ca,0x51eb,
    0x626d,0x518a,0x4969,0x5a0c,0x4949,0x4969,0x498a,0x6aae,0x40a8,0x3888,0x5a2c,0x8bd1,
    0x9432,0x732f,0x494a,0x3067,0x5a0b,0x51ca,0x4108,0x492a,0x59ec,0x4969,0x4969,0x5a0c,
    0x59ec,0x59ec,0x4129,0x5a0c,0x4949,0x494a,0x51ab,0x626c,0x3067,0x40c8,0x624d,0x9493,
    0x83d1,0x7b2f,0x518a,0x38c8,0x51cb,0x5a0b,0x3909,0x494a,0x59eb,0x494a,0x4169,0x5a4c,
    0x51cb,0x51ca,0x4109,0x5a0c,0x4109,0x496a,0x4949,0x6aae,0x40c9,0x40e8,0x5a0b,0x9472,
    0x8390,0x732f,0x51cb,0x49aa,0x5a6c,0x2826,0x2826,0x51cb,0x494a,0x5a0c,0x51aa,0x5a0b,
    0x6a8e,0x59eb,0x59cb,0x494a,0x59eb,0x2846,0x3047,0x626d,0x51eb,0x4969,0x6a8d,0x72ee,
    0x8390,0x6ace,0x518b,0x51aa,0x6aad,0x3047,0x3047,0x496a,0x4129,0x51eb,0x59eb,0x626c,
    0x626d,0x59eb,0x59cb,0x4109,0x51cb,0x3047,0x2826,0x5a6c,0x51ca,0x494a,0x6a8d,0x7b6f,
    0x7b6f,0x6aad,0x496a,0x51cb,0x62ad,0x3047,0x3047,0x51aa,0x40e9,0x51cb,0x51eb,0x5a2c,
    0x6a8e,0x51ca,0x59cb,0x492a,0x59eb,0x2826,0x2826,0x6aad,0x51ca,0x4949,0x72ce,0x7b4f,
    0x7b70,0x72ee,0x49aa,0x49aa,0x6ace,0x3027,0x3047,0x51eb,0x4108,0x51cb,0x59eb,0x624c,
    0x5a4c,0x49aa,0x5a0c,0x494a,0x51eb,0x3047,0x2826,0x626d,0x5a2c,0x4949,0x72ee,0x730f,
    0x518b,0x83d1,0x7b8f,0x734f,0x2826,0x3047,0x3027,0x3047,0x59eb,0x498a,0x624d,0x51eb,
    0x624c,0x59ec,0x51aa,0x5a0b,0x30a7,0x3027,0x3027,0x3047,0x7b4f,0x83b0,0x734f,0x518b,
    0x40c9,0x7b8f,0x7baf,0x732e,0x3027,0x2827,0x3047,0x3047,0x51eb,0x518a,0x6a6d,0x5a4c,
    0x5a4c,0x59ec,0x59cb,0x5a0c,0x38a8,0x3047,0x3027,0x2826,0x6aed,0x8c11,0x732e,0x4129,
    0x492a,0x7b6f,0x83f0,0x730e,0x3047,0x3047,0x3047,0x3067,0x5a0b,0x51aa,0x624c,0x5a2c,
    0x624c,0x51cb,0x51ab,0x624c,0x3087,0x3027,0x2826,0x3027,0x7b4f,0x83d0,0x7b6f,0x516a,
    0x490a,0x83d0,0x7b6f,0x7b6f,0x3027,0x2827,0x3027,0x3887,0x5a2c,0x51cb,0x626d,0x5a4c,
    0x5a0b,0x59ec,0x518a,0x5a2c,0x3888,0x3027,0x3027,0x2826,0x730e,0x8c31,0x72ee,0x51cb,
    0x6acd,0x83b0,0x5a4c,0x6aee,0x51eb,0x3847,0x3047,0x3047,0x3067,0x59eb,0x5a2b,0x72ee,
    0x72ee,0x624c,0x624c,0x38a8,0x3027,0x3027,0x3027,0x51ab,0x7b50,0x5a4c,0x83d0,0x6acd,
    0x624c,0x83d0,0x626c,0x62ad,0x498a,0x3027,0x3027,0x3027,0x3047,0x622c,0x5a4c,0x6acd,
    0x730e,0x5a0c,0x5a2c,0x38c8,0x2826,0x2827,0x3027,0x496a,0x730f,0x6aad,0x83d0,0x5a4b,
    0x628d,0x83d0,0x5a4c,0x72ee,0x51aa,0x3047,0x3027,0x2826,0x3047,0x59eb,0x5a4c,0x6aad,
    0x6aad,0x5a2c,0x624c,0x3087,0x3027,0x3027,0x3027,0x496a,0x72ce,0x624c,0x83d0,0x6acd,
    0x6ace,0x83af,0x5a0b,0x6ace,0x59ec,0x3027,0x3027,0x3027,0x38a8,0x622c,0x5a2c,0x6acd,
    0x6acd,0x5a2c,0x5a2c,0x38a8,0x3047,0x3027,0x3027,0x494a,0x8390,0x51eb,0x83d0,0x732f,
    0x83af,0x4169,0x4129,0x516a,0x7b0f,0x51ab,0x3027,0x3027,0x3027,0x3027,0x628d,0x7b6f,
    0x734f,0x6aad,0x3067,0x2826,0x2827,0x3027,0x496a,0x7b4f,0x4129,0x4109,0x51aa,0x730e,
    0x7b6f,0x51ca,0x4109,0x496a,0x730f,0x51ab,0x3027,0x2826,0x3027,0x3027,0x628c,0x734e,
    0x734e,0x628d,0x3067,0x3027,0x2827,0x2826,0x496a,0x734f,0x4149,0x4909,0x4149,0x732e,
    0x7baf,0x4969,0x492a,0x4949,0x730e,0x51ab,0x3027,0x2827,0x2826,0x3047,0x5a4c,0x734e,
    0x734f,0x6aad,0x3047,0x3027,0x2826,0x3027,0x496a,0x7b4f,0x492a,0x4109,0x4989,0x83b0,
    0x7b8f,0x4989,0x4129,0x51ab,0x72ef,0x51cb,0x3027,0x3027,0x2826,0x3067,0x628d,0x734e,
    0x734e,0x6aad,0x2847,0x2806,0x3027,0x2827,0x414a,0x7b70,0x4109,0x4109,0x498a,0x734f,
    0x51ea,0x6aee,0x4909,0x492a,0x4929,0x6acd,0x49ab,0x3027,0x3027,0x3027,0x3047,0x730e,
    0x83d0,0x3888,0x3027,0x3027,0x3027,0x51ab,0x7b4f,0x4128,0x4129,0x4109,0x6aad,0x5a2b,
    0x5a0b,0x6aed,0x4109,0x492a,0x494a,0x6aae,0x498a,0x3027,0x3027,0x3027,0x3047,0x7b70,
    0x8390,0x3047,0x3027,0x3027,0x3027,0x4149,0x72ee,0x40e9,0x4108,0x38e8,0x62ad,0x5a2c,
    0x51ca,0x6acd,0x4109,0x4109,0x4949,0x730e,0x518a,0x3027,0x3027,0x3027,0x3027,0x732f,
    0x83d0,0x3087,0x3027,0x3027,0x3047,0x496a,0x730e,0x4109,0x492a,0x4929,0x62ac,0x51ca,
    0x5a0b,0x732e,0x492a,0x4129,0x494a,0x72ce,0x59eb,0x3027,0x3027,0x3027,0x3047,0x7b6f,
    0x7b6f,0x3067,0x2826,0x2826,0x2826,0x4149,0x7b4f,0x4108,0x4109,0x494a,0x72ee,0x5a4c,
    0x2846,0x4129,0x732f,0x4109,0x4128,0x4969,0x6aad,0x51ab,0x3027,0x3027,0x3027,0x4129,
    0x51cb,0x3027,0x3027,0x3027,0x496a,0x7b4f,0x4929,0x4929,0x496a,0x72ee,0x496a,0x3027,
    0x3047,0x4129,0x7b6f,0x494a,0x492a,0x4949,0x6aee,0x498a,0x3027,0x3027,0x3027,0x496a,
    0x518a,0x3027,0x3027,0x3047,0x496a,0x7b6f,0x4108,0x490a,0x496a,0x6aee,0x51ab,0x3848,
    0x3027,0x4149,0x734f,0x4969,0x4129,0x494a,0x732f,0x51ab,0x3027,0x3027,0x2826,0x498a,
    0x59ec,0x3027,0x3047,0x3027,0x498a,0x7b4f,0x4129,0x4109,0x496a,0x730f,0x518b,0x3027,
    0x2846,0x4108,0x6b0e,0x4108,0x494a,0x518b,0x6ace,0x498a,0x3027,0x3027,0x3027,0x498a,
    0x496a,0x3027,0x3027,0x3027,0x4129,0x7b4f,0x4109,0x4109,0x4969,0x6ace,0x49aa,0x3027,
    0x516a,0x3047,0x4149,0x6b0e,0x4929,0x4149,0x4149,0x6acd,0x498a,0x2827,0x494a,0x6aee,
    0x624c,0x49aa,0x3028,0x518b,0x730f,0x4109,0x496a,0x518a,0x6aee,0x51ab,0x3027,0x496a,
    0x4149,0x3027,0x4109,0x734f,0x4149,0x4149,0x4929,0x6aae,0x498b,0x3027,0x496a,0x628c,
    0x5a4c,0x518b,0x3828,0x496a,0x732e,0x4108,0x494a,0x498a,0x6aee,0x51ab,0x2827,0x498a,
    0x38e8,0x2826,0x496a,0x732f,0x494a,0x4129,0x496a,0x730e,0x51ab,0x3027,0x4949,0x62ad,
    0x5a4c,0x51cb,0x3047,0x494a,0x730e,0x4129,0x496a,0x498a,0x6acd,0x498a,0x3027,0x4109,
    0x518a,0x2826,0x4129,0x6b0e,0x4949,0x4129,0x494a,0x730e,0x496a,0x3027,0x498a,0x628d,
    0x628c,0x518b,0x3027,0x496a,0x7b4f,0x4929,0x4929,0x498a,0x6aee,0x51aa,0x3047,0x496a,
    0x496a,0x3047,0x3027,0x4149,0x7b70,0x494a,0x4149,0x498a,0x6ace,0x49ab,0x5a2c,0x3086,
    0x4109,0x626c,0x414a,0x7b2f,0x492a,0x494a,0x51cb,0x732e,0x496a,0x3027,0x3027,0x496a,
    0x4108,0x3027,0x3048,0x4129,0x7b90,0x4969,0x4109,0x494a,0x730e,0x4149,0x622c,0x38a8,
    0x40e8,0x626c,0x518a,0x7b6f,0x4109,0x4909,0x496a,0x732e,0x51ab,0x3027,0x2826,0x498a,
    0x38c8,0x3047,0x3027,0x494a,0x7b90,0x4949,0x4129,0x518a,0x7b4f,0x51ab,0x626c,0x38a8,
    0x4109,0x5a0c,0x494a,0x7b4f,0x4149,0x4129,0x498a,0x7b4f,0x496a,0x3027,0x2826,0x38e8,
    0x496a,0x3047,0x3027,0x4109,0x736f,0x4129,0x4129,0x496a,0x730e,0x498a,0x624d,0x40e9,
    0x38e8,0x5a0b,0x494a,0x7b4f,0x4129,0x4949,0x51ca,0x730e,0x49aa,0x3047,0x3047,0x494a,
    0x4949,0x5a2c,0x3027,0x3047,0x4149,0x732f,0x494a,0x4129,0x518a,0x72ce,0x59ec,0x38a8,
    0x51eb,0x51eb,0x72ee,0x4129,0x492a,0x51aa,0x72ee,0x518a,0x3027,0x3027,0x626c,0x4969,
    0x4109,0x5a0b,0x3027,0x2826,0x4129,0x732f,0x496a,0x492a,0x4129,0x6ace,0x498a,0x38a8,
    0x6aad,0x5a2c,0x6acd,0x4129,0x514a,0x518a,0x6ace,0x496a,0x2827,0x2826,0x5a0c,0x498a,
    0x40c8,0x5a2c,0x2827,0x3027,0x496a,0x732f,0x498a,0x496a,0x518a,0x628d,0x518a,0x2847,
    0x6aae,0x622c,0x7b4f,0x4129,0x4949,0x498a,0x6aed,0x498a,0x3027,0x3027,0x5a0c,0x30c7,
    0x494a,0x628d,0x3047,0x3027,0x4129,0x734e,0x496a,0x4149,0x494a,0x6aae,0x498a,0x3087,
    0x6aae,0x624d,0x7b2f,0x4949,0x494a,0x51cb,0x6b0e,0x49aa,0x3027,0x2826,0x5a4c,0x494a,
    0x4128,0x520b,0x49aa,0x3047,0x3027,0x4129,0x732f,0x494a,0x492a,0x5a0b,0x83d0,0x490a,
    0x38a8,0x7bb0,0x6a8d,0x4109,0x518a,0x6aee,0x494a,0x3048,0x3027,0x51cb,0x520b,0x4949,
    0x40e8,0x51cb,0x51ca,0x2846,0x3047,0x494a,0x7b6f,0x4129,0x40e8,0x5a0b,0x8c11,0x4109,
    0x40e9,0x83b0,0x520b,0x40e9,0x518b,0x730e,0x496a,0x3027,0x2826,0x51eb,0x51eb,0x518b,
    0x38a8,0x51eb,0x51eb,0x2846,0x3027,0x494a,0x7b4f,0x496a,0x4109,0x5a2b,0x9452,0x40e9,
    0x40c9,0x8bf1,0x628d,0x492a,0x518a,0x730e,0x496a,0x3027,0x2826,0x51eb,0x5a0b,0x38c8,
    0x4129,0x5a2c,0x5a0c,0x3027,0x3027,0x4109,0x734f,0x4129,0x490a,0x626d,0x8c11,0x4109,
    0x3888,0x8bf0,0x5a0b,0x4929,0x51ab,0x6acd,0x4969,0x3047,0x3027,0x49aa,0x59ec,0x4129,
    0x49aa,0x518b,0x59ec,0x498a,0x3867,0x2826,0x4949,0x6b0e,0x622c,0x83b0,0x3887,0x51cb,
    0x59eb,0x3047,0x730f,0x626d,0x6aae,0x496a,0x3027,0x3888,0x498a,0x59eb,0x498a,0x51aa,
    0x4108,0x51aa,0x520b,0x496a,0x3868,0x3027,0x4929,0x6acd,0x5a4c,0x8bb1,0x3888,0x5a0c,
    0x51aa,0x2846,0x72ee,0x6a6d,0x626d,0x496a,0x2826,0x3046,0x51aa,0x5a0c,0x518a,0x51ab,
    0x4108,0x49aa,0x5a2c,0x496a,0x3048,0x2827,0x414a,0x6aee,0x5a2c,0x8390,0x3887,0x51cb,
    0x5a0c,0x3067,0x7b4f,0x6a8d,0x624c,0x494a,0x3027,0x3067,0x4989,0x5a2b,0x51ab,0x3908,
    0x49aa,0x518a,0x5a0c,0x51aa,0x3888,0x3027,0x4929,0x62ad,0x5a4c,0x7b70,0x3868,0x5a0b,
    0x59eb,0x3888,0x8390,0x6a8d,0x6a8d,0x498a,0x2826,0x3067,0x51ab,0x51aa,0x4949,0x518b,
    0x624c,0x496a,0x496a,0x5a0c,0x3908,0x494a,0x3027,0x5a0b,0x83b0,0x3047,0x40e8,0xa515,
    0xa514,0x496a,0x2826,0x6ace,0x59eb,0x3047,0x4129,0x4109,0x622c,0x4949,0x498a,0x5a4c,
    0x51ca,0x51ca,0x494a,0x5a0c,0x38e9,0x496a,0x3027,0x5a0c,0x7b4f,0x3027,0x4108,0xa515,
    0xa4f4,0x494a,0x3027,0x62ad,0x51eb,0x2827,0x4149,0x4108,0x51eb,0x40e8,0x51ca,0x624d,
    0x59eb,0x51aa,0x3908,0x5a0c,0x492a,0x496a,0x3027,0x5a0c,0x83d0,0x3047,0x4109,0xa4f4,
    0xad35,0x4969,0x2826,0x6aad,0x5a0b,0x3027,0x4129,0x38c8,0x59cb,0x4129,0x51cb,0x51aa,
    0x626c,0x4149,0x496a,0x626c,0x4109,0x4969,0x3828,0x6a8d,0x7b70,0x2826,0x3908,0xa4f4,
    0xa535,0x4149,0x2826,0x6ace,0x626d,0x3027,0x4129,0x4109,0x5a0c,0x4129,0x4969,0x5a0c,
    0x6a8d,0x5a0c,0x51aa,0x4109,0x5a0c,0x3027,0x3027,0x732f,0x4949,0x3027,0x626c,0xa514,
    0x9cf3,0x732e,0x3047,0x4129,0x7b4f,0x3047,0x3047,0x51cb,0x40e8,0x51cb,0x5a0b,0x624c,
    0x624d,0x51cb,0x49aa,0x492a,0x5a2c,0x3046,0x3027,0x72ee,0x4929,0x3027,0x6acd,0xa514,
    0x9cf3,0x6aee,0x3047,0x30c7,0x730e,0x3027,0x3047,0x51ca,0x4129,0x51eb,0x51ca,0x626d,
    0x622c,0x51cb,0x59eb,0x4929,0x5a2c,0x3047,0x3027,0x7b2f,0x4149,0x3027,0x72ee,0xa514,
    0x9cf3,0x6b0e,0x3027,0x38c8,0x72ee,0x3027,0x3026,0x51aa,0x4109,0x51eb,0x51ca,0x622c,
    0x6a6d,0x59ec,0x51cb,0x38e8,0x59eb,0x3047,0x3027,0x7b4f,0x4108,0x3027,0x6acd,0x9cd3,
    0x9cd3,0x6aad,0x2806,0x38e7,0x8390,0x3047,0x3047,0x51cb,0x4108,0x51cb,0x59eb,0x59eb,
    0x624c,0x5a2d,0x51ab,0x624c,0x3068,0x3027,0x3027,0x3047,0x732e,0x620c,0x3027,0x62ad,
    0x6b0d,0x3828,0x4909,0x6aed,0x3048,0x3047,0x2827,0x3047,0x624c,0x51ab,0x5a0b,0x5a2c,
    0x626c,0x5a0c,0x498a,0x626d,0x3067,0x3047,0x3047,0x3047,0x732e,0x498a,0x3067,0x6aee,
    0x6acd,0x3026,0x516a,0x6b0e,0x3848,0x3027,0x3027,0x3047,0x5a0b,0x498a,0x5a2c,0x5a4c,
    0x5a0b,0x5a2c,0x59ab,0x622c,0x3047,0x3027,0x3047,0x3047,0x732f,0x51ab,0x3087,0x62cd,
    0x6aed,0x3027,0x514a,0x732e,0x3047,0x3027,0x3027,0x3047,0x5a2b,0x518a,0x5a0b,0x5a2b,
    0x626c,0x5a0c,0x51aa,0x626c,0x3047,0x3027,0x3027,0x3047,0x732e,0x59cc,0x3868,0x62ad,
    0x62cd,0x3847,0x516a,0x6b0e,0x3047,0x3027,0x3027,0x3047,0x5a4c,0x51ab,0x5a2c,0x59eb,
    0x6acd,0x626d,0x5a2c,0x3087,0x3027,0x3027,0x3027,0x494a,0x7b4f,0x83b0,0x624c,0x2826,
    0x3888,0x518b,0x8c11,0x730f,0x496a,0x2826,0x2826,0x3027,0x3047,0x5a0c,0x5a4b,0x6aee,
    0x6acd,0x628d,0x626d,0x3067,0x3027,0x3027,0x3027,0x4109,0x730f,0x83b0,0x5a2c,0x3047,
    0x3047,0x59eb,0x83d0,0x6aee,0x496a,0x3027,0x3027,0x3027,0x3047,0x622c,0x5a2b,0x6aee,
    0x6acd,0x5a4c,0x626d,0x3067,0x3047,0x3027,0x3027,0x494a,0x7b4f,0x732f,0x628d,0x3047,
    0x3047,0x624c,0x8c11,0x72ee,0x496a,0x3027,0x3027,0x3027,0x3047,0x5a2c,0x5a4c,0x62ad,
    0x72ee,0x5a2b,0x5a2c,0x3067,0x3047,0x3027,0x3027,0x518b,0x7b6f,0x83b0,0x626c,0x3046,
    0x3047,0x624c,0x8c11,0x730f,0x498a,0x2826,0x3027,0x3027,0x3047,0x624c,0x624c,0x6ace,
    0x7b4e,0x628d,0x3047,0x2826,0x2827,0x3027,0x51cb,0x7b2f,0x496a,0x4129,0x628c,0x496a,
    0x4109,0x62cd,0x4949,0x51cb,0x730f,0x5a0c,0x3027,0x2826,0x3026,0x2826,0x628c,0x7b8f,
    0x7b6f,0x5a6c,0x3047,0x2826,0x2826,0x2826,0x494a,0x7b2f,0x498a,0x4129,0x6acd,0x518b,
    0x494a,0x62ac,0x4129,0x51cb,0x6ace,0x59eb,0x3027,0x2826,0x3027,0x3026,0x626c,0x7b8f,
    0x734e,0x62ad,0x3047,0x2827,0x3027,0x3027,0x518a,0x7b50,0x51ab,0x4129,0x628c,0x496a,
    0x4909,0x6acd,0x4949,0x51ca,0x72ee,0x51ab,0x3027,0x3027,0x3027,0x3027,0x624c,0x734f,
    0x7b8f,0x6acd,0x3047,0x3027,0x3027,0x3027,0x498a,0x730f,0x49aa,0x496a,0x62ad,0x494a,
    0x4129,0x62ad,0x4969,0x59eb,0x72ce,0x5a2c,0x2806,0x2826,0x2826,0x3047,0x628d,0x7b6f,
    0x8390,0x2826,0x3027,0x2827,0x2826,0x498a,0x7b70,0x496a,0x4949,0x492a,0x6aad,0x5a6c,
    0x628c,0x6acd,0x4108,0x4949,0x59eb,0x732f,0x51cb,0x2827,0x2826,0x2826,0x2826,0x7b4f,
    0x83d0,0x3047,0x3027,0x2826,0x2826,0x496a,0x83b1,0x496a,0x4129,0x4109,0x6aed,0x6aad,
    0x628c,0x6b0d,0x3908,0x4109,0x51cb,0x6ace,0x51cb,0x3027,0x3027,0x2826,0x3027,0x83d0,
    0x8bb1,0x3047,0x3047,0x3027,0x3027,0x498a,0x8390,0x51ab,0x492a,0x38e8,0x6aed,0x5a4b,
    0x62ac,0x6aed,0x40e8,0x4149,0x51aa,0x7b2f,0x51cb,0x3027,0x3027,0x3027,0x3047,0x7b70,
    0x83b0,0x3027,0x3027,0x2827,0x3027,0x496a,0x83b1,0x518a,0x4108,0x4129,0x732e,0x628c,
    0x6aad,0x6aed,0x40e8,0x4128,0x5a0c,0x6ace,0x5a0c,0x3027,0x3027,0x3027,0x3027,0x7b4f,
    0x518a,0x3027,0x3027,0x3028,0x51cb,0x7b50,0x4149,0x496a,0x498a,0x732e,0x4949,0x2826,
    0x3047,0x38c8,0x734f,0x516a,0x494a,0x51aa,0x730e,0x59ec,0x3027,0x3027,0x3027,0x494a,
    0x498a,0x2826,0x3027,0x3027,0x496a,0x7b4f,0x4949,0x494a,0x494a,0x732e,0x4129,0x3047,
    0x3046,0x38e8,0x734f,0x496a,0x4129,0x51aa,0x6ace,0x59eb,0x3026,0x3026,0x3027,0x51ab,
    0x494a,0x3027,0x3027,0x3027,0x51ab,0x7b2f,0x518a,0x496a,0x4929,0x6b0e,0x4129,0x3047,
    0x3067,0x38e8,0x734f,0x494a,0x496a,0x518a,0x6aee,0x51ab,0x3027,0x3027,0x3027,0x496a,
    0x49aa,0x3027,0x3027,0x3027,0x51ab,0x8391,0x496a,0x496a,0x494a,0x732f,0x4109,0x3067,
    0x3047,0x4108,0x734f,0x4149,0x4149,0x51cb,0x6aae,0x5a0c,0x3027,0x3027,0x3027,0x492a,
    0x6b0f,0x410a,0x3027,0x518b,0x8350,0x516a,0x494a,0x4969,0x732e,0x4109,0x3047,0x38e8,
    0x51ab,0x3027,0x38a8,0x7b6f,0x4949,0x4129,0x59eb,0x730e,0x51cb,0x2826,0x4109,0x732e,
    0x6aee,0x4129,0x2826,0x498a,0x8bd1,0x494a,0x4109,0x496a,0x7b4f,0x38c8,0x2826,0x4108,
    0x494a,0x3047,0x38c8,0x7b8f,0x494a,0x3908,0x59cb,0x72ee,0x59eb,0x3027,0x4109,0x6b0e,
    0x730e,0x40e9,0x3027,0x51ab,0x7b70,0x498a,0x4949,0x4969,0x734e,0x4109,0x3047,0x4129,
    0x4149,0x3027,0x38c8,0x7b6f,0x4929,0x3908,0x51aa,0x730f,0x51cb,0x3027,0x494a,0x7b4f,
    0x730e,0x4129,0x3047,0x496a,0x8390,0x498a,0x4149,0x496a,0x7bb0,0x4109,0x3047,0x4969,
    0x4128,0x3047,0x40e8,0x734f,0x4129,0x4108,0x5a0c,0x6aad,0x5a0c,0x3027,0x38a8,0x7b4f,
    0x624c,0x6ace,0x51ab,0x7b2f,0x496a,0x516a,0x498a,0x734f,0x4129,0x3047,0x3047,0x38e8,
    0x51ab,0x3027,0x3027,0x3908,0x7b6f,0x494a,0x4929,0x59eb,0x72ee,0x51cb,0x5a2c,0x5a2b,
    0x622c,0x626d,0x496a,0x732f,0x496a,0x516b,0x518a,0x6b0e,0x4109,0x3027,0x2826,0x4109,
    0x4109,0x3047,0x3027,0x38a8,0x732f,0x494a,0x4109,0x59cb,0x6acd,0x59cb,0x622c,0x5a0b,
    0x626c,0x624c,0x51ab,0x732f,0x51cb,0x4949,0x496a,0x732e,0x4109,0x3027,0x3026,0x4949,
    0x4109,0x3047,0x3047,0x40c8,0x732f,0x4129,0x4949,0x59eb,0x6aee,0x51ab,0x5a0b,0x624c,
    0x6a8d,0x6aad,0x4969,0x7b70,0x518a,0x4949,0x518a,0x730e,0x3909,0x3047,0x3047,0x496a,
    0x38c8,0x3047,0x3047,0x40e9,0x7b8f,0x4949,0x4109,0x51ab,0x6aae,0x5a0c,0x5a2c,0x6a8d,
    0x3087,0x498b,0x730f,0x4969,0x4129,0x516a,0x732e,0x40e8,0x3027,0x3027,0x5a2b,0x38c8,
    0x51ab,0x626d,0x2826,0x3027,0x38c8,0x7b70,0x4129,0x4109,0x622c,0x6aad,0x518a,0x3868,
    0x2846,0x51cb,0x8350,0x518a,0x40e8,0x496a,0x7b6f,0x3908,0x2826,0x3027,0x5a4c,0x3908,
    0x3908,0x5a4d,0x3027,0x3027,0x38a8,0x7b8f,0x4129,0x38c8,0x59eb,0x72ce,0x51ca,0x3067,
    0x2846,0x5a0b,0x7b2f,0x49aa,0x4109,0x516b,0x734e,0x38e8,0x3027,0x3027,0x6aad,0x4109,
    0x4129,0x5a2c,0x3048,0x3027,0x38e8,0x7b90,0x4949,0x40e8,0x59eb,0x72ee,0x49aa,0x3067,
    0x3888,0x51ab,0x730f,0x4969,0x4949,0x518a,0x732e,0x38e8,0x3047,0x2826,0x5a6c,0x4169,
    0x38e8,0x5a2c,0x3027,0x3027,0x38c8,0x7b6f,0x4109,0x4109,0x59eb,0x626c,0x51eb,0x3888,
    0x498a,0x6ace,0x5a0c,0x4109,0x4129,0x6b0e,0x4909,0x3027,0x3027,0x5a0b,0x51cb,0x38a7,
    0x4989,0x5a0c,0x51aa,0x3027,0x3027,0x38e8,0x734e,0x4108,0x38c8,0x628d,0x6aad,0x518b,
    0x494a,0x6acd,0x59eb,0x4909,0x4929,0x6b0e,0x4109,0x3027,0x3027,0x51cb,0x51cb,0x38e8,
    0x4129,0x51cb,0x498a,0x3027,0x3027,0x38a8,0x730e,0x4129,0x40e9,0x626d,0x626c,0x516a,
    0x496a,0x72ce,0x622c,0x4949,0x4128,0x6aed,0x40e9,0x3027,0x3027,0x51aa,0x5a2b,0x4129,
    0x4108,0x59ec,0x51eb,0x3047,0x3027,0x40c9,0x732f,0x4109,0x4108,0x624c,0x6acd,0x498a,
    0x4149,0x7b2f,0x59eb,0x4108,0x4149,0x732e,0x4129,0x3027,0x3027,0x49ab,0x5a0c,0x4149,
    0x30a7,0x51cb,0x51aa,0x3027,0x3027,0x40e9,0x7b90,0x4129,0x38c8,0x624c,0x626c,0x49aa,
    0x7b4f,0x49aa,0x4109,0x514a,0x734f,0x38c8,0x3027,0x3047,0x51aa,0x5a0c,0x496a,0x3948,
    0x49aa,0x59ec,0x59ec,0x518a,0x3047,0x2826,0x30a8,0x7b8f,0x494a,0x40c8,0x5a0b,0x730e,
    0x8390,0x49aa,0x38e8,0x516a,0x83b0,0x38e8,0x2826,0x3067,0x51ab,0x624c,0x496a,0x4129,
    0x51eb,0x4129,0x51eb,0x51cb,0x3888,0x3027,0x30a7,0x83d0,0x498a,0x38a8,0x59eb,0x7b6f,
    0x7b90,0x51cb,0x4109,0x494a,0x7b6f,0x30c7,0x2826,0x38a8,0x59cb,0x5a0c,0x4949,0x51aa,
    0x4149,0x49aa,0x5a2c,0x496a,0x3868,0x3027,0x38a8,0x7bb0,0x496a,0x30a7,0x51ea,0x734e,
    0x7b4f,0x51aa,0x492a,0x518b,0x730e,0x38e8,0x3026,0x38a8,0x498a,0x59eb,0x51ab,0x49aa,
    0x38e8,0x518a,0x520b,0x498a,0x3067,0x3027,0x38a8,0x7b90,0x4929,0x38c8,0x624c,0x6aae,
    0x8bd1,0x626d,0x4129,0x40e9,0x624c,0x51aa,0x38e8,0x4149,0x59eb,0x40e9,0x59eb,0x520b,
    0x5a2c,0x518b,0x59ab,0x59eb,0x4128,0x4109,0x496a,0x72ce,0x40e9,0x38c8,0x624c,0x83d0,
    0x83b0,0x6acd,0x4929,0x38a8,0x5a0c,0x51cb,0x38c7,0x4129,0x5a0b,0x4109,0x51eb,0x5a0b,
    0x626d,0x4969,0x4969,0x5a0c,0x494a,0x4929,0x4949,0x6aad,0x38e8,0x38a8,0x622c,0x8c11,
    0x9432,0x72ee,0x4109,0x3888,0x624d,0x51cb,0x38c7,0x4129,0x5a0c,0x494a,0x4969,0x622c,
    0x59eb,0x51cb,0x4129,0x620c,0x494a,0x38e8,0x4169,0x6acd,0x38a8,0x40c9,0x626d,0x9452,
    0x8bf1,0x730e,0x494a,0x40e9,0x624c,0x51eb,0x40e8,0x4108,0x5a2c,0x496a,0x498a,0x624c,
    0x51cb,0x51ca,0x4108,0x59ec,0x4929,0x4129,0x4109,0x6acd,0x4109,0x38c8,0x622c,0x9452,
    0x730e,0x732f,0x4969,0x498a,0x6aad,0x3027,0x2826,0x51eb,0x4929,0x624c,0x59eb,0x5a4c,
    0x6aae,0x5a2c,0x59cb,0x4129,0x5a2c,0x3047,0x3027,0x6aae,0x498a,0x4969,0x6ace,0x6ace,
    0x7b4f,0x730e,0x516a,0x498a,0x6acd,0x3027,0x3047,0x51ca,0x4929,0x51eb,0x51eb,0x624c,
    0x6a8d,0x5a0c,0x51cb,0x38c8,0x5a0b,0x3067,0x3047,0x72ee,0x51aa,0x494a,0x6aee,0x6aad,
    0x732f,0x730e,0x518a,0x51aa,0x72ee,0x3027,0x3047,0x51cb,0x4109,0x51cb,0x5a0b,0x622c,
    0x6a8d,0x51cb,0x59cb,0x4109,0x59eb,0x3047,0x2827,0x6ace,0x51aa,0x494a,0x6ace,0x730e,
    0x7b50,0x72ee,0x51ca,0x4969,0x6aee,0x3027,0x3047,0x51ca,0x38c7,0x51cb,0x59eb,0x628d,
    0x624c,0x49aa,0x5a0c,0x4109,0x5a2c,0x3047,0x3027,0x6ace,0x51cb,0x4129,0x72ee,0x72ee,
    0x51ab,0x83b1,0x7bb0,0x734f,0x3027,0x3047,0x3027,0x3047,0x5a0c,0x498a,0x6a8d,0x5a2b,
    0x6a8d,0x5a0c,0x59cb,0x5a2c,0x3887,0x3027,0x3027,0x3848,0x83b0,0x7b6f,0x7b6f,0x59cb,
    0x4109,0x7b6f,0x83d0,0x734f,0x2826,0x3027,0x3027,0x3047,0x5a2c,0x498a,0x5a2b,0x5a2b,
    0x624c,0x624d,0x59eb,0x5a2c,0x3047,0x3027,0x3026,0x2826,0x730e,0x8bd1,0x732f,0x516a,
    0x4128,0x7b6f,0x83b0,0x732e,0x3027,0x3027,0x3027,0x3047,0x5a2c,0x51cb,0x624c,0x5a4c,
    0x626c,0x5a0c,0x51ab,0x624c,0x3888,0x3027,0x2826,0x2826,0x7b6f,0x83d0,0x83b0,0x59cb,
    0x494a,0x83d0,0x7b6e,0x7b8f,0x3047,0x3027,0x3027,0x3067,0x5a2b,0x51ab,0x5a0b,0x5a4c,
    0x5a2b,0x5a0c,0x51ab,0x5a2c,0x3067,0x3027,0x3027,0x2827,0x7b4f,0x83d0,0x730e,0x59cb,
    0x628d,0x7bb0,0x5a0b,0x6aee,0x498a,0x3027,0x3026,0x3047,0x3888,0x624d,0x51eb,0x6aee,
    0x6aee,0x626d,0x626d,0x40a8,0x3027,0x3027,0x3047,0x494a,0x83b0,0x5a0b,0x83d0,0x6acd,
    0x72ce,0x7b6e,0x628c,0x6acd,0x4949,0x3027,0x3027,0x3027,0x3888,0x622c,0x5a0b,0x6aed,
    0x730e,0x5a2b,0x624c,0x3087,0x3027,0x3027,0x3027,0x4109,0x7b4f,0x5a2c,0x83f0,0x6aad,
    0x62ad,0x734e,0x51ea,0x72ee,0x4949,0x3027,0x3027,0x3027,0x3888,0x624c,0x520b,0x6aee,
    0x6acd,0x5a4c,0x6a8d,0x38a8,0x2846,0x2826,0x2826,0x4129,0x734f,0x51ea,0x83d0,0x6ace,
    0x6a8d,0x7b6f,0x520a,0x6aed,0x498a,0x3027,0x3027,0x3047,0x38a8,0x624c,0x5a2b,0x730e,
    0x6aee,0x5a0b,0x6aad,0x38a8,0x3027,0x3027,0x3027,0x4129,0x8390,0x5a2b,0x7baf,0x6aee,
    0x736e,0x49aa,0x4109,0x494a,0x6ace,0x496a,0x3027,0x3027,0x3027,0x3047,0x626c,0x736f,
    0x7b8f,0x62ad,0x38a8,0x3027,0x3027,0x3027,0x492a,0x732f,0x4129,0x4109,0x51ab,0x730e,
    0x736e,0x59eb,0x3908,0x496a,0x6ace,0x51ab,0x3027,0x3027,0x3027,0x3047,0x6aad,0x7b8f,
    0x7b8f,0x62ad,0x3067,0x3027,0x3027,0x3027,0x494a,0x7b4f,0x4129,0x4929,0x49aa,0x6aed,
    0x7baf,0x51ca,0x40e9,0x4949,0x6aee,0x498a,0x3027,0x2827,0x3027,0x3047,0x624c,0x734f,
    0x7b6f,0x6acd,0x3068,0x3047,0x3047,0x2826,0x496a,0x7b70,0x4129,0x4109,0x49aa,0x732e,
    0x734e,0x49aa,0x4129,0x494a,0x72ee,0x51cb,0x3027,0x3027,0x2826,0x3067,0x6aad,0x736f,
    0x734f,0x6acd,0x3887,0x2827,0x2827,0x2807,0x4129,0x7b4f,0x4109,0x4109,0x496a,0x730e,
    0x624b,0x732f,0x4129,0x4109,0x494a,0x732f,0x496a,0x3047,0x3047,0x3027,0x3047,0x732f,
    0x83d0,0x3067,0x3027,0x3027,0x3027,0x4129,0x7b4f,0x4109,0x4109,0x494a,0x72ee,0x5a2b,
    0x5a2c,0x730e,0x4109,0x4949,0x4969,0x72ee,0x496b,0x3027,0x3027,0x3047,0x3047,0x83b0,
    0x83b0,0x3047,0x3027,0x3027,0x3027,0x4109,0x732f,0x3908,0x4109,0x4149,0x62ac,0x626c,
    0x5a0c,0x732f,0x4129,0x4109,0x4949,0x6aee,0x496a,0x3027,0x3027,0x3027,0x3027,0x7b70,
    0x8bd1,0x3067,0x3027,0x3047,0x3047,0x4149,0x7b4f,0x4108,0x4109,0x496a,0x628c,0x51ea,
    0x522b,0x732f,0x494a,0x4129,0x496a,0x732f,0x51cb,0x2827,0x2827,0x3027,0x3047,0x7b70,
    0x83b0,0x3067,0x3027,0x2827,0x2827,0x492a,0x8390,0x4109,0x4129,0x494a,0x628d,0x626c,
    0x2846,0x496a,0x6b0e,0x4129,0x494a,0x4949,0x6aee,0x498a,0x3027,0x3027,0x3027,0x4129,
    0x5a2c,0x3027,0x3027,0x3047,0x4929,0x730e,0x38e8,0x492a,0x496a,0x6ace,0x498a,0x2826,
    0x3027,0x4149,0x7b70,0x494a,0x4129,0x494a,0x72ee,0x51ab,0x3027,0x3027,0x3027,0x496a,
    0x51ab,0x3027,0x3027,0x3027,0x494a,0x7b4f,0x4109,0x4129,0x496a,0x6aad,0x49aa,0x3047,
    0x3048,0x498a,0x732f,0x4949,0x4109,0x494a,0x730e,0x498a,0x3027,0x3027,0x2826,0x498a,
    0x59ec,0x3027,0x2827,0x3027,0x498a,0x7b4f,0x4129,0x4929,0x4969,0x6ace,0x51aa,0x3047,
    0x3047,0x496a,0x732f,0x4949,0x4149,0x4949,0x6acd,0x496a,0x3027,0x3027,0x2827,0x51cb,
    0x49aa,0x3027,0x3027,0x3027,0x494a,0x7b70,0x4109,0x4929,0x498a,0x6aad,0x51cb,0x3027,
    0x4929,0x3027,0x4149,0x732f,0x494a,0x4949,0x494a,0x6ace,0x59eb,0x3828,0x496a,0x6aee,
    0x5a2c,0x51eb,0x3028,0x51ab,0x732f,0x4109,0x4949,0x496a,0x730e,0x496a,0x3027,0x496a,
    0x494a,0x3027,0x4109,0x732f,0x496a,0x494a,0x498a,0x628d,0x51ab,0x3027,0x51ab,0x62ad,
    0x624c,0x51ab,0x3027,0x498a,0x72ee,0x4129,0x496a,0x498a,0x6aee,0x496a,0x2827,0x498a,
    0x38e8,0x3027,0x492a,0x732e,0x494a,0x494a,0x496a,0x6aad,0x51cb,0x3027,0x498a,0x6a8d,
    0x5a2c,0x51cb,0x3027,0x4969,0x72ef,0x4129,0x494a,0x498a,0x730e,0x4149,0x2826,0x4109,
    0x518a,0x3047,0x4129,0x734f,0x4969,0x4149,0x498a,0x6aee,0x51ab,0x3027,0x51ab,0x6acd,
    0x628d,0x51cb,0x3027,0x51ab,0x7b4f,0x4129,0x4949,0x51aa,0x6aee,0x498a,0x3027,0x494a,
    0x4949,0x3047,0x3027,0x4129,0x7b6f,0x4929,0x4949,0x518a,0x6ace,0x5a0c,0x622c,0x3887,
    0x4129,0x51eb,0x518b,0x7b4f,0x4129,0x494a,0x518a,0x7b4f,0x494a,0x3027,0x3027,0x496a,
    0x4109,0x3047,0x3047,0x4109,0x83d1,0x496a,0x4129,0x496a,0x6ace,0x416a,0x5a0c,0x38c8,
    0x4108,0x624c,0x51aa,0x7b6f,0x4949,0x4929,0x498a,0x734f,0x498a,0x3027,0x3027,0x51ab,
    0x38e8,0x3047,0x3027,0x4129,0x83b0,0x498a,0x4109,0x496a,0x6ace,0x51eb,0x624d,0x40c8,
    0x4109,0x51ab,0x4129,0x732f,0x4129,0x4109,0x49aa,0x734f,0x4949,0x3027,0x3027,0x4109,
    0x4929,0x3027,0x3027,0x4108,0x7b90,0x496a,0x4149,0x4949,0x732e,0x51cb,0x624d,0x38c8,
    0x38c8,0x5a4c,0x518b,0x7b4f,0x4109,0x494a,0x51cb,0x732e,0x496a,0x3027,0x2827,0x494a,
    0x4949,0x626d,0x3027,0x3027,0x494a,0x7b6f,0x4149,0x4129,0x518b,0x6aad,0x59eb,0x3867,
    0x622c,0x5a0b,0x72ee,0x4128,0x494a,0x518a,0x732e,0x496a,0x3027,0x3027,0x626d,0x494a,
    0x40e8,0x5a2c,0x3027,0x3027,0x4109,0x732f,0x494a,0x496a,0x494a,0x72ee,0x51cb,0x3068,
    0x6aad,0x624c,0x72ee,0x4129,0x496a,0x51aa,0x6aee,0x4949,0x3027,0x2826,0x5a2c,0x518b,
    0x38c8,0x5a0c,0x2826,0x3027,0x4129,0x734f,0x496a,0x494a,0x4949,0x626d,0x51eb,0x3067,
    0x6a8d,0x624d,0x7b4f,0x4929,0x4949,0x51aa,0x730e,0x4129,0x3027,0x3027,0x5a0c,0x38e8,
    0x4949,0x626d,0x3027,0x3027,0x4129,0x83b0,0x498a,0x496a,0x496a,0x6ace,0x51cb,0x3087,
    0x628d,0x5a2c,0x730f,0x4129,0x494a,0x51aa,0x730e,0x518a,0x3027,0x3027,0x624c,0x4109,
    0x4929,0x5a0c,0x51cb,0x2826,0x3027,0x4109,0x6b2e,0x494a,0x490a,0x5a2b,0x83b0,0x4109,
    0x38a8,0x83b0,0x6aad,0x490a,0x516a,0x6acd,0x4129,0x3027,0x3027,0x51eb,0x5a2c,0x496a,
    0x4109,0x5a0b,0x59eb,0x3047,0x3027,0x4108,0x7b90,0x494a,0x4109,0x6a6d,0x8bf0,0x40c9,
    0x40e9,0x83b0,0x628d,0x38e8,0x518b,0x730e,0x4149,0x3027,0x2826,0x51eb,0x59eb,0x496a,
    0x30a7,0x51eb,0x5a4c,0x3027,0x3027,0x4129,0x7b6f,0x494a,0x38c8,0x624c,0x8c11,0x492a,
    0x40c9,0x83b0,0x626c,0x492a,0x518a,0x732e,0x4129,0x3027,0x3027,0x51cb,0x59eb,0x38c8,
    0x4949,0x5a2c,0x59eb,0x3027,0x3027,0x40e9,0x734f,0x496a,0x4109,0x6a6d,0x8bf0,0x4129,
    0x38a8,0x83b0,0x628d,0x492a,0x496a,0x6acd,0x4949,0x3027,0x3027,0x51aa,0x5a0c,0x4109,
    0x51aa,0x498a,0x51eb,0x49aa,0x3087,0x3027,0x492a,0x730f,0x624d,0x8390,0x3086,0x59eb,
    0x5a0c,0x3888,0x7b0f,0x6a6d,0x626d,0x4149,0x3027,0x38a8,0x51cb,0x59eb,0x498a,0x51aa,
    0x4108,0x51cb,0x5a2c,0x51ab,0x3888,0x3027,0x4109,0x6ace,0x626d,0x83b1,0x3087,0x5a0b,
    0x59eb,0x3067,0x7b70,0x72ce,0x624c,0x4129,0x3027,0x3067,0x51aa,0x5a0c,0x498a,0x49aa,
    0x3908,0x51ab,0x626d,0x51aa,0x3047,0x3027,0x3909,0x6acd,0x626d,0x83b1,0x3887,0x5a0b,
    0x5a0b,0x3067,0x732f,0x6aae,0x624d,0x4129,0x3027,0x3087,0x51ab,0x5a0b,0x51aa,0x38e8,
    0x51aa,0x518a,0x5a0c,0x518a,0x3888,0x3026,0x4109,0x6aae,0x626c,0x7b4f,0x3067,0x5a0c,
    0x5a0c,0x3067,0x732e,0x628d,0x626c,0x496a,0x3027,0x3067,0x498a,0x51cb,0x496a,0x496a,
    0x624c,0x4149,0x496a,0x622c,0x4109,0x496a,0x3027,0x5a0c,0x8390,0x2846,0x4109,0xad15,
    0xa514,0x51ab,0x3027,0x6ace,0x5a0c,0x3027,0x4949,0x4108,0x5a2c,0x4949,0x51ab,0x624d,
    0x51aa,0x51cb,0x4949,0x622c,0x4109,0x496a,0x2827,0x51eb,0x7b70,0x3027,0x4108,0xad55,
    0xa535,0x516b,0x3047,0x6aee,0x5a4c,0x2826,0x4129,0x4909,0x59eb,0x38c7,0x49a9,0x624d,
    0x59eb,0x59eb,0x38e8,0x51cb,0x4109,0x4149,0x2826,0x5a0c,0x8bd1,0x3848,0x4109,0xa515,
    0xad35,0x51ab,0x3027,0x6aad,0x5a0c,0x3027,0x4129,0x4109,0x59eb,0x4109,0x51cb,0x51cb,
    0x626d,0x4949,0x496a,0x622c,0x4129,0x496a,0x3848,0x6a6d,0x7b2f,0x2846,0x494a,0xad55,
    0xad35,0x4149,0x2826,0x628d,0x628d,0x3848,0x4129,0x3908,0x520b,0x4129,0x498a,0x59eb,
    0x624c,0x5a0b,0x59eb,0x4929,0x5a0b,0x3027,0x2826,0x730e,0x4969,0x3047,0x626c,0x9cf4,
    0xa4f4,0x734f,0x3067,0x4128,0x734f,0x3027,0x3027,0x49aa,0x38e8,0x51cb,0x5a0b,0x624d,
    0x6a6d,0x59eb,0x51ab,0x4109,0x5a2c,0x3047,0x3027,0x6ace,0x4149,0x2826,0x62ad,0xa4f4,
    0x9cf4,0x6aee,0x3027,0x38e8,0x730e,0x3027,0x3047,0x51cb,0x4128,0x49aa,0x51aa,0x6a8d,
    0x624d,0x51aa,0x59eb,0x4129,0x520b,0x3047,0x3027,0x6ace,0x4149,0x3027,0x6aae,0xa535,
    0x9cf4,0x6b0e,0x2826,0x38e7,0x72ee,0x3047,0x3047,0x49aa,0x4129,0x51cb,0x51aa,0x622c,
    0x6a6d,0x59eb,0x51aa,0x40e8,0x5a2c,0x3047,0x3047,0x730f,0x4128,0x3027,0x6ace,0x9cf4,
    0x9cd3,0x6ace,0x3027,0x4108,0x732e,0x3047,0x3047,0x51aa,0x4108,0x51cb,0x51cb,0x59eb,
    0x624b,0x624c,0x59cb,0x626c,0x3047,0x2827,0x2826,0x3047,0x730e,0x624d,0x3888,0x5a4c,
    0x730e,0x3027,0x4149,0x6acd,0x3048,0x3027,0x3027,0x2827,0x626d,0x51aa,0x5a2c,0x5a2b,
    0x626c,0x5a0c,0x51ab,0x626d,0x2826,0x2827,0x3027,0x3027,0x7b2f,0x620c,0x3067,0x62ad,
    0x6aee,0x3027,0x59ac,0x732e,0x3047,0x3027,0x3027,0x2826,0x5a4c,0x51ab,0x5a2c,0x5a4c,
    0x520a,0x5a0c,0x51ab,0x624c,0x3047,0x2827,0x3027,0x3027,0x6aee,0x624d,0x38a8,0x62ad,
    0x6b0e,0x3047,0x514b,0x732e,0x3047,0x3027,0x3047,0x3047,0x622c,0x518a,0x5a2b,0x5a0b,
    0x626c,0x5a0c,0x51ab,0x626d,0x3047,0x3047,0x3027,0x3048,0x734f,0x5a0b,0x38a8,0x628c,
    0x62ad,0x3048,0x496a,0x6aed,0x3027,0x3027,0x3027,0x3027,0x5a2c,0x51aa,0x5a0c,0x51cb,
    0x6acd,0x626c,0x5a2c,0x3067,0x3027,0x2826,0x2827,0x494a,0x7b4f,0x83d0,0x6ace,0x2826,
    0x3067,0x4989,0x83f1,0x7b2f,0x51cc,0x3027,0x3027,0x3027,0x3027,0x5a2c,0x5a6c,0x6aee,
    0x628c,0x5a4c,0x626d,0x3047,0x3027,0x2827,0x2826,0x4129,0x730e,0x8bf1,0x628c,0x3027,
    0x3068,0x5a0b,0x83d0,0x7b2e,0x51ab,0x3027,0x2827,0x2827,0x3047,0x5a2c,0x5a4b,0x6aed,
    0x62ad,0x5a2c,0x626d,0x3047,0x3027,0x3027,0x3027,0x4149,0x7b70,0x7b6f,0x6aad,0x3047,
    0x3868,0x5a2c,0x8bf1,0x72ee,0x51ab,0x3027,0x2827,0x2826,0x3047,0x624d,0x5a6c,0x6acd,
    0x72ee,0x5a2b,0x624c,0x3067,0x3027,0x3027,0x3027,0x51ab,0x7b4f,0x7b6f,0x626c,0x2846,
    0x3047,0x626d,0x8bf1,0x6ace,0x51cc,0x3027,0x3027,0x3027,0x3027,0x5a0c,0x5a4c,0x6aad,
    0x732e,0x6aad,0x3868,0x2826,0x3027,0x3027,0x494a,0x8390,0x516b,0x514b,0x6aed,0x4148,
    0x30a7,0x62cd,0x412a,0x5a0c,0x8370,0x51ab,0x3027,0x3027,0x3026,0x3047,0x6acd,0x7b8f,
    0x7b8f,0x628d,0x2826,0x3027,0x3027,0x3027,0x4109,0x8390,0x518b,0x38e8,0x6aed,0x490a,
    0x410a,0x62ac,0x4128,0x59eb,0x7b4f,0x518b,0x3027,0x2827,0x2826,0x2827,0x628d,0x7b6f,
    0x7b6f,0x6acd,0x3047,0x2826,0x3027,0x2827,0x412a,0x8391,0x496a,0x4109,0x6acd,0x516a,
    0x40e9,0x732e,0x38e8,0x5a0c,0x7b50,0x496a,0x3027,0x3027,0x3027,0x3027,0x628d,0x7b8f,
    0x7b6f,0x6aee,0x3047,0x3027,0x3027,0x2827,0x494a,0x7b70,0x59ab,0x4929,0x6aed,0x4128,
    0x38e8,0x6acd,0x4129,0x59ec,0x72ce,0x51cb,0x3007,0x3027,0x3027,0x3047,0x6ace,0x7b6f,
    0x83b0,0x3047,0x3027,0x3027,0x3027,0x496a,0x7b50,0x496a,0x494a,0x494a,0x626c,0x5a6c,
    0x628c,0x6aee,0x4109,0x4129,0x51cb,0x732f,0x51cb,0x3027,0x3027,0x3027,0x2847,0x7b8f,
    0x83f1,0x3888,0x3027,0x3027,0x3027,0x494a,0x83b1,0x518b,0x494a,0x4108,0x5a6b,0x5a4b,
    0x5a4b,0x6aee,0x4109,0x494a,0x51cb,0x732e,0x51cb,0x2807,0x2827,0x2826,0x3047,0x83b0,
    0x83d1,0x3888,0x3047,0x3027,0x3027,0x496a,0x8390,0x518b,0x494a,0x4129,0x6acd,0x5a4b,
    0x5a6c,0x62ad,0x4109,0x492a,0x59cb,0x7b2f,0x51ab,0x3027,0x3027,0x3027,0x3067,0x7b8f,
    0x83d0,0x3067,0x3047,0x2826,0x3027,0x494a,0x8370,0x518a,0x4949,0x4929,0x6aad,0x5a6c,
    0x628d,0x62ad,0x492a,0x4949,0x51cb,0x6ace,0x59ec,0x3027,0x3027,0x3027,0x3047,0x7b4f,
    0x494a,0x3027,0x3027,0x3027,0x494a,0x7b6f,0x498a,0x492a,0x4949,0x732e,0x494a,0x3047,
    0x3048,0x40e9,0x7b90,0x4109,0x4109,0x51cb,0x7b50,0x59eb,0x3027,0x3027,0x3027,0x4129,
    0x4129,0x3026,0x3027,0x3027,0x4129,0x8390,0x498a,0x494a,0x494a,0x7b4f,0x4109,0x2826,
    0x2826,0x38e8,0x7b70,0x4109,0x4129,0x59cb,0x732f,0x498b,0x2826,0x2826,0x2826,0x494a,
    0x492a,0x3027,0x3027,0x3027,0x494a,0x83b1,0x496a,0x4129,0x516a,0x732f,0x494a,0x3047,
    0x2846,0x40e9,0x7b90,0x4109,0x4129,0x51cb,0x7b2f,0x496a,0x3027,0x3027,0x3027,0x3908,
    0x4149,0x2826,0x2827,0x3027,0x494a,0x8bd1,0x496a,0x4969,0x4949,0x730e,0x4129,0x3047,
    0x3048,0x4109,0x7b90,0x4129,0x4108,0x51cb,0x6aee,0x5a0c,0x3027,0x3047,0x3047,0x4109,
    0x72ee,0x410a,0x3828,0x516b,0x7b2f,0x496a,0x496a,0x496a,0x6aee,0x494a,0x3027,0x38a8,
    0x51ab,0x3027,0x40e9,0x6b0e,0x4129,0x4949,0x59cb,0x730f,0x51eb,0x3027,0x38e8,0x730f,
    0x730f,0x4129,0x3027,0x496a,0x8390,0x516a,0x4949,0x496a,0x6aee,0x4108,0x3027,0x38e8,
    0x4129,0x3027,0x4109,0x734f,0x4929,0x4129,0x51eb,0x7b2f,0x51ab,0x2806,0x38c8,0x72ee,
    0x730e,0x4109,0x3027,0x498a,0x83b1,0x518a,0x494a,0x496a,0x732e,0x4949,0x3027,0x4129,
    0x4149,0x3027,0x40e9,0x732e,0x494a,0x4109,0x51ab,0x7b2f,0x51aa,0x3027,0x4129,0x8370,
    0x730e,0x3908,0x2827,0x496a,0x83b1,0x496a,0x4969,0x496a,0x7b4f,0x4929,0x3027,0x494a,
    0x40e9,0x3027,0x38e8,0x734f,0x494a,0x4949,0x51eb,0x6ace,0x59ec,0x3027,0x38a8,0x732f,
    0x626c,0x7b0f,0x496a,0x8bb1,0x496a,0x4109,0x516a,0x7b90,0x4949,0x3047,0x3047,0x38c8,
    0x51aa,0x3027,0x3027,0x38e9,0x7b8f,0x4129,0x40e9,0x59eb,0x732f,0x51cb,0x626c,0x628d,
    0x6aae,0x6aad,0x4129,0x8370,0x496a,0x4949,0x516a,0x732e,0x4109,0x3027,0x2827,0x4129,
    0x4129,0x3027,0x3026,0x38e8,0x7b6f,0x40e9,0x4129,0x59eb,0x730e,0x496a,0x624d,0x624c,
    0x626c,0x6a6d,0x494a,0x8390,0x498a,0x4929,0x518a,0x734f,0x4129,0x3027,0x2826,0x4949,
    0x4129,0x3027,0x3027,0x38c8,0x7b70,0x4109,0x38e8,0x59cb,0x730f,0x498a,0x6a8d,0x6a8d,
    0x6aae,0x628d,0x4149,0x8bf2,0x496a,0x4129,0x496a,0x734f,0x40e9,0x3027,0x3027,0x496a,
    0x38c8,0x3026,0x3027,0x4109,0x83d1,0x4929,0x38e8,0x59eb,0x72ee,0x5a0c,0x6aae,0x622c,
    0x38c8,0x59ec,0x72ee,0x4969,0x492a,0x496a,0x6aee,0x4129,0x3047,0x3027,0x59eb,0x38a8,
    0x518a,0x5a2c,0x3027,0x3027,0x4109,0x732f,0x492a,0x4109,0x59eb,0x6a8d,0x51cb,0x38a8,
    0x3868,0x59ec,0x7b70,0x518a,0x494a,0x4969,0x6aee,0x4129,0x3027,0x2826,0x51eb,0x4108,
    0x4149,0x5a2b,0x3026,0x3027,0x4109,0x7b70,0x494a,0x4109,0x59cb,0x6ace,0x49aa,0x38a8,
    0x40c8,0x5a0c,0x7b2f,0x518a,0x4949,0x496a,0x734f,0x4149,0x3027,0x3027,0x5a2c,0x4129,
    0x4129,0x51eb,0x3027,0x3027,0x4109,0x7b4f,0x4129,0x38e8,0x51ab,0x6ace,0x51eb,0x40a9,
    0x38a9,0x51aa,0x730f,0x4949,0x4929,0x494a,0x6b0e,0x4109,0x3027,0x3027,0x5a2c,0x4949,
    0x38c8,0x51eb,0x3027,0x3027,0x40e9,0x7b70,0x4109,0x4109,0x59eb,0x72ce,0x59eb,0x40e9,
    0x4149,0x7b70,0x624d,0x38e8,0x4949,0x734f,0x4109,0x3027,0x3047,0x51eb,0x51eb,0x3087,
    0x498a,0x5a4c,0x498a,0x3047,0x3027,0x4109,0x7b90,0x4109,0x40a8,0x6a8d,0x730e,0x518a,
    0x4109,0x7b2f,0x520b,0x4129,0x494a,0x6aee,0x4108,0x2827,0x2826,0x49aa,0x51eb,0x38c8,
    0x4129,0x5a0b,0x498a,0x3027,0x3027,0x40e8,0x7bb0,0x4108,0x40e9,0x730f,0x6ace,0x4109,
    0x4108,0x732f,0x6a8d,0x4108,0x496a,0x734f,0x4109,0x3027,0x3026,0x498a,0x5a0b,0x4949,
    0x4129,0x51eb,0x51eb,0x3047,0x3027,0x38e8,0x734f,0x4109,0x38c8,0x6aad,0x6acd,0x496a,
    0x4109,0x7b4f,0x5a2c,0x38c7,0x4929,0x734f,0x4929,0x3027,0x3027,0x498a,0x5a0c,0x4949,
    0x38a7,0x59eb,0x51cb,0x3027,0x3047,0x40e9,0x83d1,0x4929,0x40c8,0x6a6d,0x6ace,0x498b,
    0x7b0f,0x59cb,0x492a,0x494a,0x732e,0x4129,0x2826,0x3047,0x518a,0x5a0c,0x4149,0x4149,
    0x49aa,0x59eb,0x59eb,0x518a,0x3047,0x3027,0x4109,0x83b0,0x40e8,0x40e9,0x59eb,0x732f,
    0x83b0,0x518b,0x4109,0x4929,0x7b2f,0x4149,0x3027,0x3046,0x496a,0x5a2c,0x518b,0x4109,
    0x51ab,0x4969,0x5a0b,0x51ab,0x3067,0x3027,0x4108,0x83d0,0x4949,0x38c8,0x59cb,0x732f,
    0x7b70,0x59cb,0x4108,0x4129,0x734f,0x4169,0x3027,0x3887,0x518b,0x59eb,0x4129,0x51cb,
    0x4129,0x59cb,0x5a2c,0x4949,0x3067,0x3027,0x3908,0x83d0,0x4949,0x38a8,0x51aa,0x734f,
    0x8390,0x518b,0x4109,0x4949,0x732f,0x4949,0x3027,0x3888,0x496a,0x51eb,0x498a,0x51aa,
    0x38e8,0x51ab,0x5a2c,0x518a,0x3047,0x3027,0x38c8,0x7b70,0x4929,0x40e9,0x622c,0x730f,
};
