/* Generated by tools/convert_hires.py; original ImageGen art. */
enum { HI_ART_W = 80, HI_ART_H = 44 };
static const uint16_t hi_art[16][3520] = {
 {
  0x0000,0x0000,0x0000,0x0000,0x0000,0x0000,0x0000,0x0000,0x0000,0x0000,0x0000,0x0000,0x0000,0x0000,0x0000,0x0000,
  0x0000,0x0000,0x0000,0x0000,0x0000,0x0000,0x0000,0x0000,0x0000,0x0000,0x0000,0x0000,0x0000,0x0000,0x0000,0x0000,
  0x0000,0x0000,0x0000,0x0000,0x0000,0x0000,0x0000,0x0000,0x0000,0x0000,0x0000,0x0000,0x0000,0x0000,0x0000,0x0000,
  0x0000,0x0000,0x0000,0x0000,0x0000,0x0000,0x0000,0x0000,0x0000,0x0000,0x0000,0x0000,0x0000,0x0000,0x0000,0x0000,
  0x0000,0x0000,0x0000,0x0000,0x0000,0x0000,0x0000,0x0000,0x0000,0x0000,0x0000,0x0000,0x0000,0x0000,0x0000,0x0000,
  0x0000,0x0000,0x0000,0x0000,0x0000,0x0000,0x0000,0x0000,0x0000,0x0000,0x0000,0x0000,0x0000,0x0000,0x0000,0x0000,
  0x0000,0x0000,0x0000,0x0000,0x0000,0x0000,0x0000,0x0000,0x0000,0x0000,0x0000,0x0000,0x0000,0x0000,0x0000,0x0000,
  0x0000,0x0000,0x0000,0x0000,0x0000,0x0000,0x0000,0x4a4a,0x4a2a,0x0000,0x0000,0x0000,0x0000,0x0000,0x0000,0x0000,
  0x0000,0x0000,0x0000,0x0000,0x0000,0x0000,0x0000,0x0000,0x0000,0x0000,0x0000,0x0000,0x0000,0x0000,0x0000,0x0000,
  0x0000,0x0000,0x0000,0x0000,0x0000,0x0000,0x0000,0x0000,0x0000,0x0000,0x0000,0x0000,0x0000,0x0000,0x0000,0x0000,
  0x0000,0x0000,0x0000,0x0000,0x0000,0x0000,0x0000,0x0000,0x0000,0x0000,0x0000,0x0000,0x0000,0x0000,0x0000,0x0000,
  0x0000,0x0000,0x0000,0x0000,0x0000,0x0000,0x0000,0x0000,0x0000,0x0000,0x0000,0x0000,0x0000,0x0000,0x0000,0x0000,
  0x0000,0x0000,0x0000,0x0000,0x0000,0x5a8c,0x8c73,0xad77,0xad56,0x7bf1,0x0000,0x0000,0x0000,0x0000,0x0000,0x0000,
  0x0000,0x0000,0x0000,0x0000,0x0000,0x0000,0x0000,0x0000,0x0000,0x0000,0x0000,0x0000,0x0000,0x0000,0x0000,0x0000,
  0x0000,0x0000,0x0000,0x0000,0x0000,0x0000,0x0000,0x0000,0x0000,0x0000,0x0000,0x0000,0x0000,0x0000,0x0000,0x0000,
  0x0000,0x0000,0x0000,0x0000,0x0000,0x0000,0x0000,0x0000,0x0000,0x0000,0x0000,0x0000,0x0000,0x0000,0x0000,0x0000,
  0x0000,0x0000,0x0000,0x0000,0x0000,0x0000,0x0000,0x0000,0x0000,0x0000,0x0000,0x0000,0x0000,0x0000,0x0000,0x0000,
  0x0000,0x0000,0x0000,0x0000,0x0000,0x736f,0xad56,0xd6bb,0xce7a,0x94b4,0x528b,0x2946,0x0000,0x0000,0x0000,0x0000,
  0x0000,0x0000,0x0000,0x0000,0x0000,0x0000,0x0000,0x0000,0x0000,0x0000,0x0000,0x0000,0x0000,0x0000,0x0000,0x0000,
  0x0000,0x0000,0x0000,0x0000,0x0000,0x0000,0x0000,0x0000,0x0000,0x0000,0x0000,0x0000,0x0000,0x0000,0x0000,0x0000,
  0x0000,0x0000,0x0000,0x0000,0x0000,0x0000,0x0000,0x0000,0x0000,0x0000,0x0000,0x0000,0x0000,0x0000,0x0000,0x0000,
  0x0000,0x0000,0x0000,0x0000,0x0000,0x0000,0x0000,0x0000,0x0000,0x0000,0x0000,0x0000,0x0000,0x0000,0x0000,0x0000,
  0x0000,0x0000,0x0000,0x0000,0x6b4e,0x9493,0xc619,0xdedc,0xce5a,0x94b4,0x62ed,0x39c9,0x0000,0x0000,0x0000,0x0000,
  0x0000,0x0000,0x0000,0x0000,0x0000,0x0000,0x0000,0x0000,0x0000,0x0000,0x0000,0x0000,0x0000,0x0000,0x0000,0x0000,
  0x0000,0x0000,0x0000,0x0000,0x0000,0x0000,0x0000,0x0000,0x0000,0x0000,0x0000,0x0000,0x0000,0x0000,0x0000,0x0000,
  0x0000,0x0000,0x0000,0x0000,0x0000,0x0000,0x0000,0x0000,0x0000,0x0000,0x0000,0x0000,0x0000,0x0000,0x0000,0x0000,
  0x0000,0x0000,0x0000,0x0000,0x0000,0x0000,0x0000,0x0000,0x0000,0x0000,0x0000,0x0000,0x0000,0x0000,0x0000,0x0000,
  0x0000,0x0000,0x0000,0x526b,0x7bf1,0xad77,0xd6bb,0xef5d,0xdedb,0xad76,0x73d1,0x4a6b,0x2967,0x0000,0x0000,0x0000,
  0x0000,0x0000,0x0000,0x0000,0x0000,0x0000,0x0000,0x0000,0x0000,0x0000,0x0000,0x0000,0x0000,0x0000,0x0000,0x0000,
  0x0000,0x0000,0x0000,0x0000,0x0000,0x0000,0x0000,0x0000,0x0000,0x0000,0x0000,0x0000,0x0000,0x0000,0x0000,0x0000,
  0x0000,0x0000,0x0000,0x0000,0x0000,0x0000,0x0000,0x0000,0x0000,0x0000,0x0000,0x0000,0x0000,0x0000,0x0000,0x0000,
  0x0000,0x0000,0x0000,0x0000,0x0000,0x0000,0x0000,0x0000,0x0000,0x0000,0x0000,0x0000,0x0000,0x0000,0x0000,0x0000,
  0x0000,0x0000,0x4a2a,0x634e,0x8c92,0xa535,0xa4f4,0x9432,0x83b1,0x7bb0,0x6b6e,0x52ec,0x3a09,0x2966,0x0000,0x0000,
  0x0000,0x0000,0x0000,0x0000,0x0000,0x0000,0x0000,0x0000,0x0000,0x0000,0x0000,0x0000,0x0000,0x0000,0x0000,0x0000,
  0x0000,0x0000,0x0000,0x0000,0x0000,0x0000,0x0000,0x0000,0x0000,0x0000,0x0000,0x0000,0x0000,0x0000,0x0000,0x0000,
  0x0000,0x0000,0x0000,0x0000,0x0000,0x0000,0x0000,0x0000,0x0000,0x0000,0x0000,0x0000,0x0000,0x0000,0x0000,0x0000,
  0x0000,0x0000,0x0000,0x0000,0x0000,0x0000,0x0000,0x0000,0x0000,0x0000,0x0000,0x0000,0x0000,0x0000,0x0000,0x0000,
  0x0000,0x29a6,0x3a28,0x5acb,0x734f,0x8b92,0x9b55,0x92b4,0x8233,0x69b0,0x518c,0x41aa,0x39c9,0x39c7,0x31a6,0x0000,
  0x0000,0x0000,0x0000,0x0000,0x0000,0x0000,0x0000,0x0000,0x0000,0x0000,0x0000,0x0000,0x0000,0x0000,0x0000,0x0000,
  0x0000,0x0000,0x0000,0x0000,0x0000,0x0000,0x0000,0x0000,0x0000,0x0000,0x0000,0x0000,0x0000,0x0000,0x0000,0x0000,
  0x0000,0x0000,0x0000,0x0000,0x0000,0x0000,0x0000,0x0000,0x0000,0x0000,0x0000,0x0000,0x0000,0x0000,0x0000,0x0000,
  0x0000,0x0000,0x0000,0x0000,0x0000,0x0000,0x0000,0x0000,0x0000,0x0000,0x0000,0x0000,0x0000,0x0000,0x0000,0x0000,
  0x28a6,0x4129,0x59ac,0x69ef,0x7210,0x7a50,0x7a90,0x72cf,0x6a8e,0x622e,0x598d,0x492b,0x4109,0x30e7,0x20c5,0x18a4,
  0x18a4,0x0000,0x0000,0x0000,0x0000,0x0000,0x0000,0x0000,0x0000,0x0000,0x0000,0x0000,0x0000,0x0000,0x0000,0x0000,
  0x0000,0x0000,0x0000,0x0000,0x0000,0x0000,0x0000,0x0000,0x0000,0x0000,0x0000,0x0000,0x0000,0x0000,0x0000,0x0000,
  0x0000,0x0000,0x0000,0x0000,0x0000,0x0000,0x0000,0x0000,0x0000,0x0000,0x0000,0x0000,0x0000,0x0000,0x0000,0x0000,
  0x0000,0x0000,0x0000,0x0000,0x0000,0x0000,0x0000,0x0000,0x0000,0x0000,0x0000,0x0000,0x0000,0x0000,0x512b,0x698f,
  0x7171,0x6930,0x590e,0x59ad,0x6aae,0x8c72,0xc658,0xef9d,0xef9d,0xbe18,0x7bf1,0x522b,0x38e8,0x3888,0x48cb,0x592d,
  0x596d,0x492b,0x0000,0x0000,0x0000,0x0000,0x0000,0x0000,0x0000,0x0000,0x0000,0x0000,0x0000,0x0000,0x0000,0x0000,
  0x0000,0x0000,0x0000,0x0000,0x0000,0x0000,0x0000,0x0000,0x0000,0x0000,0x0000,0x0000,0x0000,0x0000,0x0000,0x0000,
  0x0000,0x0000,0x0000,0x0000,0x0000,0x0000,0x0000,0x0000,0x0000,0x0000,0x0000,0x0000,0x0000,0x0000,0x0000,0x612e,
  0x510d,0x40cb,0x3088,0x0000,0x0000,0x0000,0x0000,0x0000,0x0000,0x0000,0x0000,0x0000,0x40e8,0x512b,0x7170,0x79b3,
  0x71b2,0x59ad,0x524b,0x73ae,0xad95,0xdf1b,0xf7be,0xef7e,0xdedc,0xbdf9,0x9cf5,0x73d0,0x52cc,0x4a2b,0x518c,0x594e,
  0x614f,0x592e,0x490b,0x40e9,0x0000,0x0000,0x0000,0x0000,0x0000,0x0000,0x0000,0x0000,0x0000,0x38c8,0x48ca,0x50ed,
  0x590e,0x0000,0x0000,0x0000,0x0000,0x0000,0x0000,0x0000,0x0000,0x0000,0x0000,0x0000,0x0000,0x0000,0x0000,0x0000,
  0x0000,0x0000,0x0000,0x0000,0x0000,0x0000,0x0000,0x0000,0x0000,0x0000,0x0000,0x0000,0x0000,0x594d,0x81f2,0x9256,
  0x8214,0x594d,0x0000,0x0000,0x0000,0x0000,0x0000,0x0000,0x0000,0x0000,0x0000,0x4109,0x69af,0x79d1,0x698f,0x596d,
  0x59ec,0x6b0e,0x8c92,0xb618,0xdf3c,0xf7be,0xf79e,0xeedc,0xd5f9,0xbd36,0xa494,0x8c33,0x8411,0x738f,0x52ac,0x41aa,
  0x412a,0x592d,0x616e,0x594d,0x38c9,0x0000,0x0000,0x0000,0x0000,0x0000,0x0000,0x0000,0x0000,0x1865,0x510c,0x79b2,
  0x89f4,0x7191,0x48ec,0x0000,0x0000,0x0000,0x0000,0x0000,0x0000,0x0000,0x0000,0x0000,0x0000,0x0000,0x0000,0x0000,
  0x0000,0x0000,0x0000,0x0000,0x0000,0x0000,0x0000,0x0000,0x0000,0x0000,0x0000,0x48ec,0x6970,0x89d4,0x9216,0x89d4,
  0x6970,0x38c9,0x0000,0x0000,0x0000,0x0000,0x0000,0x0000,0x0000,0x2085,0x30a7,0x48eb,0x696f,0x7190,0x594d,0x496a,
  0x524b,0x83f0,0xb5b7,0xdedb,0xef7d,0xf79e,0xf79e,0xe73c,0xd679,0xbd96,0xa4b2,0x9c31,0x8bf1,0x7b8f,0x5acc,0x39e9,
  0x3989,0x496c,0x596e,0x614e,0x48eb,0x38a8,0x2886,0x0000,0x0000,0x0000,0x0000,0x0000,0x0000,0x1824,0x490b,0x7a12,
  0x9a96,0x9a56,0x79b2,0x590e,0x40a9,0x0000,0x0000,0x0000,0x0000,0x0000,0x0000,0x0000,0x0000,0x0000,0x0000,0x0000,
  0x0000,0x0000,0x0000,0x0000,0x0000,0x0000,0x0000,0x0000,0x0000,0x3088,0x40cb,0x6950,0x91f6,0xa239,0x9a17,0x7992,
  0x50ec,0x2846,0x1003,0x1064,0x3107,0x4169,0x3947,0x2905,0x28e6,0x3908,0x492b,0x592d,0x694f,0x698f,0x59ed,0x5a8c,
  0x736d,0x9491,0xc596,0xde7a,0xef1c,0xf79e,0xf7ff,0xefde,0xdf3b,0xc617,0xb4f3,0xa431,0x9bd1,0x8b91,0x732e,0x52ac,
  0x4a2a,0x418a,0x492b,0x50cc,0x50ac,0x48cb,0x38e9,0x2907,0x2125,0x2926,0x2906,0x2085,0x1023,0x1824,0x3889,0x612f,
  0x81b4,0x91f6,0x91f6,0x7972,0x50ed,0x3868,0x2025,0x0000,0x0000,0x0000,0x0000,0x0000,0x0000,0x0000,0x0000,0x0000,
  0x0000,0x0000,0x0000,0x0000,0x0000,0x0000,0x0000,0x0000,0x38aa,0x48ad,0x6931,0x9217,0xb2da,0xbb3c,0xaab9,0x81d3,
  0x50ec,0x2866,0x2085,0x3928,0x59ed,0x620e,0x3928,0x1863,0x2044,0x510b,0x79b1,0x79b1,0x618e,0x51ab,0x5a4c,0x736f,
  0x8411,0x9c94,0xb537,0xcdd9,0xde9b,0xe71c,0xef3d,0xe6fc,0xd65a,0xbd78,0xa4b6,0x9c35,0x93f4,0x8bd3,0x7b91,0x630e,
  0x526b,0x39a8,0x3908,0x40ca,0x50ed,0x510e,0x38ca,0x20a6,0x2146,0x4a6b,0x6b2f,0x62ce,0x3988,0x2064,0x2825,0x48ab,
  0x7992,0x9a37,0xaa99,0xa278,0x89b4,0x610f,0x48ab,0x3888,0x0000,0x0000,0x0000,0x0000,0x0000,0x0000,0x0000,0x0000,
  0x0000,0x0000,0x0000,0x0000,0x0000,0x0000,0x0000,0x48eb,0x58ed,0x6911,0x8195,0xa239,0xb2db,0xb2fa,0x9a56,0x7971,
  0x58cc,0x3888,0x30a7,0x412a,0x59ad,0x51ac,0x30e7,0x1023,0x2845,0x590d,0x81b2,0x7190,0x494a,0x3966,0x5289,0x7baf,
  0x9453,0x9c94,0x9c74,0xa495,0xacd6,0xb577,0xce3a,0xdebb,0xd67a,0xbd97,0x9c94,0x93f3,0x8b92,0x8b72,0x7330,0x5acd,
  0x424a,0x31a7,0x3126,0x410a,0x614f,0x6951,0x50ed,0x2887,0x20e4,0x39c8,0x526b,0x4a2a,0x2926,0x1863,0x2045,0x48cb,
  0x7172,0x9217,0xaa79,0xaa79,0x99f7,0x7973,0x610f,0x50ec,0x40c9,0x38a8,0x0000,0x0000,0x0000,0x0000,0x0000,0x0000,
  0x0000,0x0000,0x0000,0x0000,0x0000,0x0000,0x50ec,0x610f,0x7132,0x8154,0x8997,0xa259,0xb2db,0xaad9,0x9255,0x7970,
  0x50cb,0x3888,0x2886,0x28a6,0x30c6,0x28a6,0x1863,0x1843,0x3087,0x612e,0x79b2,0x6990,0x496a,0x41c7,0x6309,0x8c2d,
  0x9caf,0x9c8f,0x944f,0x9c71,0xad15,0xc5fa,0xdedd,0xef5d,0xe71b,0xc618,0xa4d3,0x8bb1,0x7b0f,0x72cf,0x6acf,0x62ee,
  0x4aac,0x39e8,0x3146,0x4949,0x698f,0x79b1,0x612e,0x3888,0x1864,0x20a4,0x2905,0x28e5,0x1883,0x1843,0x2867,0x50ed,
  0x7973,0x9217,0xa259,0xa258,0x91f6,0x8174,0x7131,0x6930,0x590d,0x48ca,0x3087,0x0000,0x0000,0x0000,0x0000,0x0000,
  0x0000,0x0000,0x0000,0x0000,0x0000,0x40cb,0x612f,0x7152,0x7954,0x7933,0x8175,0x9a18,0xb2da,0xbb1b,0xaad8,0x8a13,
  0x614d,0x30a6,0x1043,0x1863,0x28a5,0x30c6,0x2085,0x2065,0x38c9,0x69b0,0x8a54,0x7a32,0x51ec,0x41e8,0x5a87,0x7b69,
  0x83a9,0x8bca,0x8c0c,0xa4d1,0xc618,0xdefd,0xe77f,0xe75e,0xd6fc,0xc65a,0xad77,0x8c53,0x7330,0x628e,0x624d,0x624c,
  0x5a0a,0x4187,0x3947,0x51ac,0x7a52,0x8a75,0x71d2,0x40ca,0x2025,0x1843,0x20a4,0x18a3,0x1863,0x1864,0x3088,0x58ee,
  0x79b4,0xa279,0xb2fb,0xaada,0x9236,0x7972,0x7131,0x7132,0x6931,0x58ed,0x38a9,0x0000,0x0000,0x0000,0x0000,0x0000,
  0x0000,0x0000,0x0000,0x0000,0x38a9,0x48ec,0x694f,0x7171,0x7152,0x7111,0x7152,0x89f5,0xaab9,0xbb1b,0xb2fa,0x9a56,
  0x6990,0x38c8,0x1863,0x1063,0x28c5,0x30c6,0x2085,0x2065,0x38c9,0x618f,0x7a12,0x6a10,0x51ab,0x3966,0x3964,0x51e6,
  0x6aa9,0x7b8d,0x9451,0x9cb3,0xa493,0x9c10,0x934b,0x8aa8,0x8267,0x7a89,0x7aec,0x732f,0x6b50,0x6b0f,0x628c,0x620a,
  0x5187,0x4125,0x3946,0x51ab,0x7210,0x7a12,0x616f,0x3088,0x1823,0x1042,0x1883,0x1883,0x1862,0x2065,0x40aa,0x6970,
  0x9237,0xb2fb,0xc35c,0xb31a,0x9256,0x7992,0x6930,0x6910,0x6930,0x590e,0x48cb,0x3888,0x0000,0x0000,0x0000,0x0000,
  0x0000,0x0000,0x0000,0x0000,0x40eb,0x510d,0x694f,0x716f,0x7150,0x7152,0x8194,0x9257,0xaafa,0xbb5b,0xb31a,0x9a77,
  0x79b2,0x510c,0x30a7,0x28a6,0x28c6,0x28c6,0x1884,0x1044,0x28a6,0x5149,0x71ab,0x6969,0x48e5,0x3904,0x41a7,0x528b,
  0x5aad,0x5a4c,0x61c9,0x79c6,0x9a64,0xc3a5,0xe56a,0xfe8e,0xfe6c,0xecc6,0xd2e0,0xa9a0,0x7943,0x6167,0x49aa,0x41cb,
  0x41c9,0x3965,0x3903,0x5145,0x69a9,0x69cb,0x594a,0x30a7,0x1824,0x1844,0x2084,0x2064,0x2044,0x3067,0x590d,0x8215,
  0xaada,0xbb1d,0xbb1c,0xa298,0x89f4,0x7170,0x692f,0x6930,0x610f,0x610f,0x50cc,0x40aa,0x0000,0x0000,0x0000,0x0000,
  0x0000,0x0000,0x0000,0x38a8,0x510b,0x614e,0x718f,0x7170,0x7151,0x7133,0x8175,0x9a38,0xb33a,0xcbfc,0xd43c,0xc3ba,
  0x9ab6,0x616f,0x3068,0x1825,0x1844,0x1063,0x0842,0x0022,0x1864,0x40c6,0x6148,0x6989,0x69a8,0x5189,0x396a,0x316a,
  0x4126,0x6942,0xa200,0xd3c4,0xf5eb,0xffb3,0xfff9,0xfffb,0xf7d7,0xffb0,0xfec7,0xf542,0xdb40,0xb1c1,0x7924,0x4906,
  0x2907,0x20e5,0x30e4,0x4905,0x5927,0x5929,0x48e9,0x3087,0x2086,0x28c5,0x38e5,0x38a5,0x3045,0x3848,0x610e,0x9255,
  0xbb5b,0xcbbd,0xcb9c,0xb2f9,0x9215,0x7951,0x690f,0x610e,0x692f,0x694f,0x612f,0x510d,0x48eb,0x0000,0x0000,0x0000,
  0x0000,0x0000,0x2084,0x38e8,0x594c,0x698e,0x718f,0x696e,0x690f,0x68d1,0x7114,0x91f7,0xb339,0xcc1b,0xd47c,0xc3fb,
  0x9ad6,0x614f,0x3868,0x4084,0x6122,0x6162,0x38e1,0x1042,0x1044,0x38c7,0x596a,0x71cc,0x720c,0x59aa,0x40e7,0x3884,
  0x58c2,0x9a01,0xdba1,0xfd23,0xfe66,0xff2a,0xff8e,0xf770,0xf76f,0xf72c,0xfea7,0xfdc4,0xfc62,0xe2e2,0xa981,0x6081,
  0x3043,0x2085,0x2928,0x398a,0x496a,0x4129,0x30c7,0x1864,0x2062,0x4101,0x6961,0x6942,0x58a4,0x58a9,0x7190,0xa2f7,
  0xc3fc,0xcc1d,0xc37c,0xaad9,0x9216,0x8173,0x7131,0x690f,0x692e,0x696f,0x696f,0x592e,0x48ea,0x30a7,0x2085,0x0000,
  0x0000,0x20a6,0x30c8,0x490a,0x594c,0x696d,0x696d,0x694d,0x610e,0x68f1,0x7953,0x8a36,0xa318,0xbbbb,0xcbdc,0xbb5b,
  0x9a78,0x6972,0x48cc,0x50a6,0x68e2,0x7120,0x6100,0x48e2,0x38c3,0x40e4,0x4925,0x6186,0x71c7,0x71c6,0x6144,0x58e2,
  0x70e1,0xa980,0xda80,0xfba1,0xfcc1,0xfdc3,0xf684,0xfec5,0xf685,0xf603,0xf522,0xfc41,0xfb60,0xea60,0xb140,0x7060,
  0x4861,0x40c4,0x4146,0x4187,0x3926,0x28c5,0x2084,0x2063,0x2881,0x48e0,0x6140,0x6102,0x58c7,0x610e,0x8a15,0xbb9b,
  0xdc5d,0xd43e,0xc37b,0xa298,0x91f6,0x8173,0x7132,0x6930,0x692f,0x612e,0x610d,0x510c,0x40e9,0x38c8,0x30c6,0x0000,
  0x0000,0x4126,0x4927,0x5149,0x594b,0x614d,0x694d,0x692e,0x60ef,0x68d1,0x7933,0x8a16,0xa319,0xc43b,0xdcfc,0xdcfc,
  0xc41b,0x9ab8,0x7154,0x508e,0x4047,0x3843,0x3061,0x2861,0x2882,0x28a3,0x28c6,0x3948,0x49aa,0x49aa,0x3927,0x38a3,
  0x5060,0x90e0,0xc9a0,0xea80,0xfb61,0xfc02,0xfca2,0xfcc2,0xfc82,0xf401,0xf360,0xf2c0,0xea40,0xc9c0,0x90e0,0x5840,
  0x3041,0x28a4,0x3127,0x3148,0x2907,0x2085,0x1864,0x1043,0x1822,0x2021,0x3043,0x4868,0x68ef,0x89d6,0xb33b,0xd49d,
  0xe53d,0xdcfc,0xc41a,0xaaf8,0x9215,0x7953,0x6911,0x610f,0x612e,0x612e,0x612d,0x612c,0x594a,0x5168,0x5167,0x0000,
  0x0000,0x8242,0x8223,0x7a05,0x71a8,0x614a,0x590b,0x510c,0x50ed,0x610f,0x7132,0x8155,0x91d8,0xab1a,0xcc9b,0xe5ba,
  0xe5ba,0xd49a,0xaaf8,0x7192,0x38ac,0x1826,0x0803,0x0842,0x1062,0x1862,0x20a4,0x3106,0x4168,0x4189,0x3188,0x3146,
  0x4104,0x68e1,0xa100,0xc960,0xe1e0,0xf280,0xf301,0xeb21,0xeb01,0xe2a1,0xda00,0xd180,0xb900,0x90c0,0x60a1,0x30c3,
  0x2106,0x3168,0x41a8,0x4167,0x28e5,0x1863,0x0841,0x0842,0x0802,0x1004,0x3008,0x610f,0xa2f7,0xd4bc,0xedfd,0xee3b,
  0xd599,0xc457,0xaaf6,0x91f4,0x8172,0x7130,0x590f,0x50ee,0x50ed,0x590d,0x696b,0x71c9,0x7a26,0x7a44,0x7a63,0x0000,
  0x0000,0x5981,0x61a3,0x69a6,0x71ca,0x69cb,0x596b,0x4929,0x4929,0x594c,0x694f,0x7954,0x8978,0xa23a,0xb37a,0xccb9,
  0xdd59,0xe53a,0xd479,0xab56,0x7a31,0x490b,0x2066,0x0822,0x0020,0x0820,0x1881,0x3103,0x49a6,0x5a69,0x6b2d,0x736e,
  0x62ec,0x5208,0x5123,0x70c0,0xa120,0xd1c0,0xe2a1,0xe302,0xe2e1,0xda40,0xc160,0x98e0,0x78e2,0x5924,0x4187,0x41e9,
  0x5a4a,0x7268,0x8245,0x69c3,0x4102,0x1040,0x0001,0x0020,0x1022,0x2847,0x510d,0x8ad4,0xccfa,0xf67e,0xf69d,0xe59a,
  0xc477,0xb3b7,0xab36,0x9275,0x81b2,0x692f,0x50cd,0x48cc,0x48cc,0x510c,0x614b,0x6989,0x69c7,0x69e5,0x6a04,0x0000,
  0x0000,0x28a6,0x30c7,0x40e9,0x512b,0x592c,0x512b,0x490a,0x48ea,0x50ec,0x610f,0x7133,0x89b7,0xaab9,0xbbd9,0xccb9,
  0xd4da,0xcc3c,0xb31b,0x9237,0x6170,0x38c9,0x1864,0x0821,0x0020,0x0820,0x1042,0x2083,0x3105,0x51e8,0x7b2c,0x93ee,
  0x8bce,0x62ec,0x39c9,0x2906,0x38e4,0x5103,0x7142,0x8182,0x8182,0x7142,0x5903,0x4105,0x3968,0x420a,0x62cc,0x7b6c,
  0x8b4a,0x7a87,0x5985,0x38e3,0x2083,0x1063,0x0862,0x1082,0x1062,0x1023,0x2827,0x58ef,0x9a57,0xcbbd,0xe4bd,0xdcfb,
  0xcc98,0xb3d7,0xa2f6,0x8a15,0x7992,0x6950,0x590d,0x48cb,0x48eb,0x48eb,0x510c,0x490c,0x410a,0x38e9,0x30e8,0x0000,
  0x0000,0x1864,0x2866,0x3087,0x40a9,0x48ea,0x490a,0x4909,0x490a,0x510c,0x610f,0x68f1,0x7934,0x9216,0xab77,0xc499,
  0xccba,0xc41b,0xa2d9,0x79b3,0x48ec,0x2866,0x1843,0x1082,0x10a3,0x10a3,0x1884,0x1864,0x1864,0x28c5,0x4167,0x624a,
  0x834d,0x9c10,0x9430,0x7b4d,0x4a0a,0x3148,0x3149,0x39ab,0x41cb,0x3989,0x3188,0x422a,0x62ec,0x7b8e,0x7bad,0x732b,
  0x6268,0x5186,0x38e5,0x2884,0x2083,0x18a3,0x20e4,0x2104,0x18a4,0x1023,0x1804,0x408a,0x79b3,0xb2f9,0xc39b,0xc3d9,
  0xb376,0xa2f5,0x9235,0x81d4,0x7992,0x7150,0x612e,0x50ec,0x48eb,0x48eb,0x48eb,0x40c9,0x38a7,0x28a5,0x2064,0x0000,
  0x0000,0x0000,0x0000,0x2866,0x38a9,0x48ca,0x4909,0x4108,0x4908,0x510b,0x590d,0x60f0,0x7113,0x89b6,0xa2b9,0xbb7a,
  0xc39b,0xb2fa,0x9216,0x6930,0x3889,0x1844,0x1042,0x1062,0x18a4,0x28e6,0x28e7,0x20a6,0x1884,0x1063,0x20a4,0x3125,
  0x51e7,0x72aa,0x8b8d,0x9c71,0xa514,0xa536,0xa536,0x9cf5,0x9cd4,0x9cd5,0x9cd4,0x9493,0x8410,0x734c,0x5268,0x3965,
  0x28c3,0x2062,0x2063,0x28a4,0x3106,0x3147,0x3147,0x2906,0x1883,0x0821,0x1022,0x38c8,0x71d0,0xa2b7,0xb319,0xaad8,
  0x9a76,0x9215,0x81b4,0x7973,0x7151,0x694f,0x592d,0x510b,0x48eb,0x48eb,0x48eb,0x38c9,0x2887,0x0000,0x0000,0x0000,
  0x0000,0x0000,0x0000,0x0000,0x2867,0x38a8,0x48e9,0x4929,0x5129,0x510b,0x590d,0x610f,0x7132,0x89b5,0xa259,0xb2da,
  0xaaba,0x9a17,0x7152,0x48ac,0x2866,0x1043,0x1042,0x1864,0x28a6,0x38e9,0x410a,0x38e8,0x28a6,0x20a4,0x20c3,0x2904,
  0x28e4,0x28e3,0x3125,0x49c8,0x630d,0x9493,0xc63a,0xe71d,0xdefd,0xb5b8,0x7bf1,0x526a,0x3165,0x20e3,0x20c3,0x20e4,
  0x2104,0x10a3,0x1063,0x18a5,0x2908,0x394a,0x414a,0x3108,0x20a4,0x1042,0x1042,0x2886,0x512c,0x81f3,0xa277,0xaab9,
  0xaa98,0x91f6,0x7954,0x6911,0x590e,0x592c,0x592a,0x5929,0x5109,0x48e9,0x40a8,0x3087,0x0000,0x0000,0x0000,0x0000,
  0x0000,0x0000,0x0000,0x0000,0x2066,0x3087,0x40c8,0x48e9,0x510a,0x510b,0x590d,0x610f,0x6931,0x7974,0x89d6,0x9a18,
  0x9a18,0x89f6,0x7192,0x490c,0x28a6,0x1883,0x18a3,0x30e6,0x3908,0x38e8,0x38e8,0x38e8,0x4108,0x30e7,0x20a4,0x1082,
  0x18e4,0x31a8,0x4a4b,0x4a4b,0x4208,0x39a6,0x39c7,0x4208,0x41e7,0x3186,0x2966,0x3187,0x420a,0x4a2a,0x39c8,0x2925,
  0x18a3,0x1883,0x2084,0x28c6,0x3108,0x3929,0x3128,0x30e6,0x2083,0x1041,0x1041,0x20a5,0x514c,0x79f3,0xa277,0xaa99,
  0xa258,0x89b6,0x7133,0x58cf,0x50cc,0x510b,0x5129,0x5109,0x48e8,0x40a8,0x2866,0x2045,0x0000,0x0000,0x0000,0x0000,
  0x0000,0x0000,0x0000,0x0000,0x0000,0x2866,0x3088,0x40a9,0x48ca,0x48ca,0x50cb,0x50ec,0x590e,0x7151,0x81b5,0x91f7,
  0x91f7,0x89d5,0x7191,0x592d,0x38e8,0x20c4,0x20e4,0x3126,0x3106,0x28a5,0x28a5,0x38e8,0x492a,0x4109,0x28a5,0x1042,
  0x0861,0x2105,0x4a2a,0x6b6f,0x8c73,0x94d4,0x9493,0x8c11,0x83d0,0x83f1,0x83f2,0x7391,0x5ace,0x420a,0x2946,0x18c3,
  0x1863,0x2064,0x3086,0x38c8,0x38e8,0x30e7,0x28c6,0x1884,0x1062,0x1062,0x2084,0x38e9,0x594e,0x79b2,0x91f5,0x9a17,
  0x91f7,0x8195,0x6911,0x58ce,0x50cc,0x50eb,0x48ea,0x48e9,0x40c8,0x3087,0x2065,0x0000,0x0000,0x0000,0x0000,0x0000,
  0x0000,0x0000,0x0000,0x0000,0x0000,0x0000,0x2866,0x3087,0x40a9,0x48ca,0x48cb,0x48ab,0x50ab,0x610e,0x81b3,0x9a18,
  0xa239,0x9a18,0x7993,0x592e,0x0000,0x0000,0x0000,0x0000,0x0000,0x0000,0x1043,0x28a6,0x3909,0x412a,0x3909,0x28a6,
  0x1884,0x20c4,0x3147,0x420a,0x630d,0x8c52,0xb5b8,0xd67b,0xce3a,0xa4f6,0x7350,0x420b,0x2967,0x2105,0x10a3,0x1083,
  0x28a5,0x40e8,0x512a,0x492a,0x30c7,0x2084,0x1863,0x0000,0x0000,0x0000,0x0000,0x3087,0x50ec,0x7171,0x91f5,0x9a37,
  0x9a37,0x79b3,0x590f,0x48cc,0x48aa,0x48ca,0x48c9,0x40c8,0x38a7,0x2886,0x0000,0x0000,0x0000,0x0000,0x0000,0x0000,
  0x0000,0x0000,0x0000,0x0000,0x0000,0x0000,0x0000,0x2065,0x3087,0x40c9,0x48ca,0x48aa,0x488b,0x58cd,0x7150,0x89d4,
  0x9217,0x91f7,0x81b4,0x590e,0x3088,0x1023,0x0000,0x0000,0x0000,0x0000,0x0000,0x28c7,0x414a,0x516c,0x494b,0x4109,
  0x30a6,0x20a4,0x20e5,0x3167,0x4a4b,0x6b4f,0x8412,0x9493,0x8c52,0x7bb0,0x5a8d,0x39a8,0x2105,0x10a3,0x1062,0x2064,
  0x30a7,0x490a,0x514c,0x492a,0x30c6,0x1863,0x0000,0x0000,0x0000,0x0000,0x0000,0x30a7,0x592e,0x81b4,0x91f6,0x91d5,
  0x8193,0x694f,0x50ec,0x48cb,0x48ca,0x48ca,0x40c8,0x3087,0x2065,0x0000,0x0000,0x0000,0x0000,0x0000,0x0000,0x0000,
  0x0000,0x0000,0x0000,0x0000,0x0000,0x0000,0x0000,0x0000,0x1864,0x2886,0x38a8,0x48ca,0x50cb,0x58ed,0x58cd,0x610f,
  0x7973,0x91f7,0x9a17,0x79b3,0x490b,0x2886,0x0000,0x0000,0x0000,0x0000,0x0000,0x0000,0x0000,0x30c8,0x38e9,0x4109,
  0x30c7,0x2085,0x1883,0x2105,0x39e9,0x632e,0x9473,0xad36,0xa515,0x8412,0x5a8c,0x3167,0x18c3,0x1062,0x1864,0x2886,
  0x38a8,0x38c8,0x30a7,0x28a6,0x0000,0x0000,0x0000,0x0000,0x0000,0x0000,0x2866,0x490b,0x79d2,0x9a57,0x9a37,0x8193,
  0x610f,0x58cc,0x50cb,0x48ca,0x40c9,0x38a8,0x3087,0x2065,0x0000,0x0000,0x0000,0x0000,0x0000,0x0000,0x0000,0x0000,
  0x0000,0x0000,0x0000,0x0000,0x0000,0x0000,0x0000,0x0000,0x0000,0x0000,0x2066,0x3088,0x40ca,0x48cb,0x48ab,0x48ac,
  0x6110,0x81b5,0x91f7,0x81b4,0x592d,0x38c9,0x0000,0x0000,0x0000,0x0000,0x0000,0x0000,0x0000,0x0000,0x0000,0x30e6,
  0x20a5,0x1864,0x1063,0x1883,0x2926,0x4a4a,0x7bd0,0x9cf4,0x9cf4,0x7bd0,0x524b,0x2926,0x18a4,0x1863,0x1063,0x1863,
  0x1883,0x0000,0x0000,0x0000,0x0000,0x0000,0x0000,0x0000,0x0000,0x0000,0x38a9,0x592e,0x81d5,0x9a17,0x91f6,0x7150,
  0x50cc,0x40aa,0x40a9,0x38a9,0x3087,0x2066,0x0000,0x0000,0x0000,0x0000,0x0000,0x0000,0x0000,0x0000,0x0000,0x0000,
  0x0000,0x0000,0x0000,0x0000,0x0000,0x0000,0x0000,0x0000,0x0000,0x0000,0x0000,0x0000,0x3087,0x3888,0x3889,0x40aa,
  0x58cd,0x6931,0x7973,0x8194,0x7192,0x612e,0x40ea,0x0000,0x0000,0x0000,0x0000,0x0000,0x0000,0x0000,0x0000,0x0000,
  0x0000,0x0000,0x0000,0x20c5,0x2926,0x4a0a,0x734f,0x9473,0x8c52,0x630d,0x39a8,0x18c4,0x1063,0x0000,0x0000,0x0000,
  0x0000,0x0000,0x0000,0x0000,0x0000,0x0000,0x0000,0x0000,0x0000,0x0000,0x512d,0x6971,0x81b5,0x8995,0x7953,0x60ee,
  0x408a,0x3888,0x3888,0x3087,0x0000,0x0000,0x0000,0x0000,0x0000,0x0000,0x0000,0x0000,0x0000,0x0000,0x0000,0x0000,
  0x0000,0x0000,0x0000,0x0000,0x0000,0x0000,0x0000,0x0000,0x0000,0x0000,0x0000,0x0000,0x0000,0x2044,0x2865,0x3087,
  0x40a9,0x50ec,0x6950,0x8193,0x89d4,0x79b2,0x592d,0x0000,0x0000,0x0000,0x0000,0x0000,0x0000,0x0000,0x0000,0x0000,
  0x0000,0x0000,0x0000,0x0000,0x20c5,0x3988,0x62cd,0x83d1,0x83d1,0x5aac,0x3146,0x1083,0x0000,0x0000,0x0000,0x0000,
  0x0000,0x0000,0x0000,0x0000,0x0000,0x0000,0x0000,0x0000,0x0000,0x512c,0x69b1,0x81f4,0x81d3,0x7171,0x590d,0x40a9,
  0x3067,0x2045,0x1844,0x0000,0x0000,0x0000,0x0000,0x0000,0x0000,0x0000,0x0000,0x0000,0x0000,0x0000,0x0000,0x0000,
  0x0000,0x0000,0x0000,0x0000,0x0000,0x0000,0x0000,0x0000,0x0000,0x0000,0x0000,0x0000,0x0000,0x0000,0x0000,0x2065,
  0x2865,0x3087,0x48ca,0x612e,0x7172,0x7171,0x510d,0x30a7,0x0000,0x0000,0x0000,0x0000,0x0000,0x0000,0x0000,0x0000,
  0x0000,0x0000,0x0000,0x0000,0x0000,0x2926,0x524b,0x6b2e,0x6b0e,0x4a0a,0x20e5,0x0000,0x0000,0x0000,0x0000,0x0000,
  0x0000,0x0000,0x0000,0x0000,0x0000,0x0000,0x0000,0x0000,0x30a8,0x592e,0x7171,0x7171,0x592d,0x40a8,0x2865,0x2044,
  0x1844,0x0000,0x0000,0x0000,0x0000,0x0000,0x0000,0x0000,0x0000,0x0000,0x0000,0x0000,0x0000,0x0000,0x0000,0x0000,
  0x0000,0x0000,0x0000,0x0000,0x0000,0x0000,0x0000,0x0000,0x0000,0x0000,0x0000,0x0000,0x0000,0x0000,0x0000,0x0000,
  0x0000,0x1843,0x2065,0x38a9,0x510c,0x612e,0x510d,0x40ca,0x30a8,0x0000,0x0000,0x0000,0x0000,0x0000,0x0000,0x0000,
  0x0000,0x0000,0x0000,0x0000,0x0000,0x0000,0x0000,0x3167,0x3147,0x0000,0x0000,0x0000,0x0000,0x0000,0x0000,0x0000,
  0x0000,0x0000,0x0000,0x0000,0x0000,0x0000,0x0000,0x30a7,0x40ca,0x590d,0x612e,0x590d,0x38a8,0x2044,0x1022,0x0000,
  0x0000,0x0000,0x0000,0x0000,0x0000,0x0000,0x0000,0x0000,0x0000,0x0000,0x0000,0x0000,0x0000,0x0000,0x0000,0x0000,
  0x0000,0x0000,0x0000,0x0000,0x0000,0x0000,0x0000,0x0000,0x0000,0x0000,0x0000,0x0000,0x0000,0x0000,0x0000,0x0000,
  0x0000,0x0000,0x0000,0x1864,0x2886,0x38a8,0x48eb,0x510c,0x48eb,0x38a8,0x0000,0x0000,0x0000,0x0000,0x0000,0x0000,
  0x0000,0x0000,0x0000,0x0000,0x0000,0x0000,0x0000,0x0000,0x0000,0x0000,0x0000,0x0000,0x0000,0x0000,0x0000,0x0000,
  0x0000,0x0000,0x0000,0x0000,0x0000,0x0000,0x0000,0x40ca,0x48eb,0x50ec,0x40ca,0x3088,0x0000,0x0000,0x0000,0x0000,
  0x0000,0x0000,0x0000,0x0000,0x0000,0x0000,0x0000,0x0000,0x0000,0x0000,0x0000,0x0000,0x0000,0x0000,0x0000,0x0000,
  0x0000,0x0000,0x0000,0x0000,0x0000,0x0000,0x0000,0x0000,0x0000,0x0000,0x0000,0x0000,0x0000,0x0000,0x0000,0x0000,
  0x0000,0x0000,0x0000,0x0000,0x0000,0x0000,0x2886,0x38a8,0x38a8,0x30a7,0x2886,0x0000,0x0000,0x0000,0x0000,0x0000,
  0x0000,0x0000,0x0000,0x0000,0x0000,0x0000,0x0000,0x0000,0x0000,0x0000,0x0000,0x0000,0x0000,0x0000,0x0000,0x0000,
  0x0000,0x0000,0x0000,0x0000,0x0000,0x0000,0x30a7,0x38a8,0x30a8,0x2887,0x0000,0x0000,0x0000,0x0000,0x0000,0x0000,
  0x0000,0x0000,0x0000,0x0000,0x0000,0x0000,0x0000,0x0000,0x0000,0x0000,0x0000,0x0000,0x0000,0x0000,0x0000,0x0000,
  0x0000,0x0000,0x0000,0x0000,0x0000,0x0000,0x0000,0x0000,0x0000,0x0000,0x0000,0x0000,0x0000,0x0000,0x0000,0x0000,
  0x0000,0x0000,0x0000,0x0000,0x0000,0x0000,0x0000,0x0000,0x0000,0x1843,0x1043,0x0000,0x0000,0x0000,0x0000,0x0000,
  0x0000,0x0000,0x0000,0x0000,0x0000,0x0000,0x0000,0x0000,0x0000,0x0000,0x0000,0x0000,0x0000,0x0000,0x0000,0x0000,
  0x0000,0x0000,0x0000,0x0000,0x0000,0x1043,0x1863,0x1864,0x0000,0x0000,0x0000,0x0000,0x0000,0x0000,0x0000,0x0000,
  0x0000,0x0000,0x0000,0x0000,0x0000,0x0000,0x0000,0x0000,0x0000,0x0000,0x0000,0x0000,0x0000,0x0000,0x0000,0x0000,
  0x0000,0x0000,0x0000,0x0000,0x0000,0x0000,0x0000,0x0000,0x0000,0x0000,0x0000,0x0000,0x0000,0x0000,0x0000,0x0000,
  0x0000,0x0000,0x0000,0x0000,0x0000,0x0000,0x0000,0x0000,0x0000,0x0000,0x0000,0x0000,0x0000,0x0000,0x0000,0x0000,
  0x0000,0x0000,0x0000,0x0000,0x0000,0x0000,0x0000,0x0000,0x0000,0x0000,0x0000,0x0000,0x0000,0x0000,0x0000,0x0000,
  0x0000,0x0000,0x0000,0x0000,0x0000,0x0000,0x0000,0x0000,0x0000,0x0000,0x0000,0x0000,0x0000,0x0000,0x0000,0x0000,
  0x0000,0x0000,0x0000,0x0000,0x0000,0x0000,0x0000,0x0000,0x0000,0x0000,0x0000,0x0000,0x0000,0x0000,0x0000,0x0000,
 },
 {
  0x0000,0x0000,0x0000,0x0000,0x0000,0x0000,0x0000,0x0000,0x0000,0x0000,0x0000,0x0000,0x0000,0x0000,0x0000,0x0000,
  0x0000,0x0000,0x0000,0x0000,0x0000,0x0000,0x0000,0x0000,0x0000,0x0000,0x0000,0x0000,0x0000,0x0000,0x0000,0x0000,
  0x0000,0x0000,0x0000,0x0000,0x0000,0x0000,0x0000,0x0000,0x0000,0x0000,0x0000,0x0000,0x0000,0x0000,0x0000,0x0000,
  0x0000,0x0000,0x0000,0x0000,0x0000,0x0000,0x0000,0x0000,0x0000,0x0000,0x0000,0x0000,0x0000,0x0000,0x0000,0x0000,
  0x0000,0x0000,0x0000,0x0000,0x0000,0x0000,0x0000,0x0000,0x0000,0x0000,0x0000,0x0000,0x0000,0x0000,0x0000,0x0000,
  0x0000,0x0000,0x0000,0x0000,0x0000,0x0000,0x0000,0x0000,0x0000,0x0000,0x0000,0x0000,0x0000,0x0000,0x0000,0x0000,
  0x0000,0x0000,0x0000,0x0000,0x0000,0x0000,0x0000,0x0000,0x0000,0x0000,0x0000,0x0000,0x0000,0x0000,0x0000,0x0000,
  0x0000,0x0000,0x0000,0x0000,0x0000,0x0000,0x0000,0x6b2e,0x630e,0x0000,0x0000,0x0000,0x0000,0x0000,0x0000,0x0000,
  0x0000,0x0000,0x0000,0x0000,0x0000,0x0000,0x0000,0x0000,0x0000,0x0000,0x0000,0x0000,0x0000,0x0000,0x0000,0x0000,
  0x0000,0x0000,0x0000,0x0000,0x0000,0x0000,0x0000,0x0000,0x0000,0x0000,0x0000,0x0000,0x0000,0x0000,0x0000,0x0000,
  0x0000,0x0000,0x0000,0x0000,0x0000,0x0000,0x0000,0x0000,0x0000,0x0000,0x0000,0x0000,0x0000,0x0000,0x0000,0x0000,
  0x0000,0x0000,0x0000,0x0000,0x0000,0x0000,0x0000,0x0000,0x0000,0x0000,0x0000,0x0000,0x0000,0x0000,0x0000,0x0000,
  0x0000,0x0000,0x0000,0x0000,0x0000,0x0000,0x4a4a,0xbdd8,0xb598,0x41c9,0x0000,0x0000,0x0000,0x0000,0x0000,0x0000,
  0x0000,0x0000,0x0000,0x0000,0x0000,0x0000,0x0000,0x0000,0x0000,0x0000,0x0000,0x0000,0x0000,0x0000,0x0000,0x0000,
  0x0000,0x0000,0x0000,0x0000,0x0000,0x0000,0x0000,0x0000,0x0000,0x0000,0x0000,0x0000,0x0000,0x0000,0x0000,0x0000,
  0x0000,0x0000,0x0000,0x0000,0x0000,0x0000,0x0000,0x0000,0x0000,0x0000,0x0000,0x0000,0x0000,0x0000,0x0000,0x0000,
  0x0000,0x0000,0x0000,0x0000,0x0000,0x0000,0x0000,0x0000,0x0000,0x0000,0x0000,0x0000,0x0000,0x0000,0x0000,0x0000,
  0x0000,0x0000,0x0000,0x0000,0x0000,0x0000,0x7390,0xd6bc,0xce3b,0x5ace,0x0000,0x0000,0x0000,0x0000,0x0000,0x0000,
  0x0000,0x0000,0x0000,0x0000,0x0000,0x0000,0x0000,0x0000,0x0000,0x0000,0x0000,0x0000,0x0000,0x0000,0x0000,0x0000,
  0x0000,0x0000,0x0000,0x0000,0x0000,0x0000,0x0000,0x0000,0x0000,0x0000,0x0000,0x0000,0x0000,0x0000,0x0000,0x0000,
  0x0000,0x0000,0x0000,0x0000,0x0000,0x0000,0x0000,0x0000,0x0000,0x0000,0x0000,0x0000,0x0000,0x0000,0x0000,0x0000,
  0x0000,0x0000,0x0000,0x0000,0x0000,0x0000,0x0000,0x0000,0x0000,0x0000,0x0000,0x0000,0x0000,0x0000,0x0000,0x0000,
  0x0000,0x0000,0x0000,0x0000,0x0000,0x4a2b,0x9494,0xdedd,0xce3b,0x7371,0x39a9,0x0000,0x0000,0x0000,0x0000,0x0000,
  0x0000,0x0000,0x0000,0x0000,0x0000,0x0000,0x0000,0x0000,0x0000,0x0000,0x0000,0x0000,0x0000,0x0000,0x0000,0x0000,
  0x0000,0x0000,0x0000,0x0000,0x0000,0x0000,0x0000,0x0000,0x0000,0x0000,0x0000,0x0000,0x0000,0x0000,0x0000,0x0000,
  0x0000,0x0000,0x0000,0x0000,0x0000,0x0000,0x0000,0x0000,0x0000,0x0000,0x0000,0x0000,0x0000,0x0000,0x0000,0x0000,
  0x0000,0x0000,0x0000,0x0000,0x0000,0x0000,0x0000,0x0000,0x0000,0x0000,0x0000,0x0000,0x0000,0x0000,0x0000,0x0000,
  0x0000,0x0000,0x0000,0x0000,0x0000,0x5acd,0xa536,0xe75d,0xdefb,0x8452,0x420a,0x0000,0x0000,0x0000,0x0000,0x0000,
  0x0000,0x0000,0x0000,0x0000,0x0000,0x0000,0x0000,0x0000,0x0000,0x0000,0x0000,0x0000,0x0000,0x0000,0x0000,0x0000,
  0x0000,0x0000,0x0000,0x0000,0x0000,0x0000,0x0000,0x0000,0x0000,0x0000,0x0000,0x0000,0x0000,0x0000,0x0000,0x0000,
  0x0000,0x0000,0x0000,0x0000,0x0000,0x0000,0x0000,0x0000,0x0000,0x0000,0x0000,0x0000,0x0000,0x0000,0x0000,0x0000,
  0x0000,0x0000,0x0000,0x0000,0x0000,0x0000,0x0000,0x0000,0x0000,0x0000,0x0000,0x0000,0x0000,0x0000,0x0000,0x0000,
  0x0000,0x0000,0x0000,0x0000,0x5acc,0x7c11,0x9cf4,0xa4d5,0x9453,0x73af,0x52ab,0x39c8,0x0000,0x0000,0x0000,0x0000,
  0x0000,0x0000,0x0000,0x0000,0x0000,0x0000,0x0000,0x0000,0x0000,0x0000,0x0000,0x0000,0x0000,0x0000,0x0000,0x0000,
  0x0000,0x0000,0x0000,0x0000,0x0000,0x0000,0x0000,0x0000,0x0000,0x0000,0x0000,0x0000,0x0000,0x0000,0x0000,0x0000,
  0x0000,0x0000,0x0000,0x0000,0x0000,0x0000,0x0000,0x0000,0x0000,0x0000,0x0000,0x0000,0x0000,0x0000,0x0000,0x0000,
  0x0000,0x0000,0x0000,0x0000,0x0000,0x0000,0x0000,0x0000,0x0000,0x0000,0x0000,0x0000,0x0000,0x0000,0x0000,0x0000,
  0x0000,0x0000,0x0000,0x0000,0x632c,0x73d0,0x7af1,0x8a33,0x79b1,0x59ad,0x4a0a,0x39e7,0x0000,0x0000,0x0000,0x0000,
  0x0000,0x0000,0x0000,0x0000,0x0000,0x0000,0x0000,0x0000,0x0000,0x0000,0x0000,0x0000,0x0000,0x0000,0x0000,0x0000,
  0x0000,0x0000,0x0000,0x0000,0x0000,0x0000,0x0000,0x0000,0x0000,0x0000,0x0000,0x0000,0x0000,0x0000,0x0000,0x0000,
  0x0000,0x0000,0x0000,0x0000,0x0000,0x0000,0x0000,0x0000,0x0000,0x0000,0x0000,0x0000,0x0000,0x0000,0x0000,0x0000,
  0x0000,0x0000,0x0000,0x0000,0x0000,0x0000,0x0000,0x0000,0x0000,0x0000,0x0000,0x0000,0x0000,0x0000,0x0000,0x0000,
  0x0000,0x0000,0x0000,0x18c4,0x498a,0x7210,0x8252,0x82d1,0x6a6f,0x516c,0x514b,0x3928,0x1884,0x0000,0x0000,0x0000,
  0x0000,0x0000,0x0000,0x0000,0x0000,0x0000,0x0000,0x0000,0x0000,0x0000,0x0000,0x0000,0x0000,0x0000,0x0000,0x0000,
  0x0000,0x0000,0x0000,0x0000,0x0000,0x0000,0x0000,0x0000,0x0000,0x0000,0x0000,0x0000,0x0000,0x0000,0x0000,0x0000,
  0x0000,0x0000,0x0000,0x0000,0x0000,0x0000,0x0000,0x0000,0x0000,0x0000,0x0000,0x0000,0x0000,0x0000,0x0000,0x0000,
  0x0000,0x0000,0x0000,0x0000,0x0000,0x38e9,0x0000,0x0000,0x0000,0x0000,0x0000,0x0000,0x0000,0x0000,0x0000,0x0000,
  0x0000,0x0000,0x514b,0x592c,0x488b,0x59ac,0x9493,0xdf5c,0xd6fb,0x83f1,0x418a,0x40ca,0x58ed,0x48eb,0x30c7,0x0000,
  0x0000,0x0000,0x0000,0x0000,0x0000,0x0000,0x0000,0x0000,0x0000,0x0000,0x410a,0x0000,0x0000,0x0000,0x0000,0x0000,
  0x0000,0x0000,0x0000,0x0000,0x0000,0x0000,0x0000,0x0000,0x0000,0x0000,0x0000,0x0000,0x0000,0x0000,0x0000,0x0000,
  0x0000,0x0000,0x0000,0x0000,0x0000,0x0000,0x0000,0x0000,0x0000,0x0000,0x0000,0x0000,0x0000,0x0000,0x0000,0x0000,
  0x0000,0x0000,0x0000,0x592d,0x7170,0x510d,0x0000,0x0000,0x0000,0x0000,0x0000,0x0000,0x0000,0x0000,0x0000,0x0000,
  0x0000,0x69d0,0x81b3,0x612e,0x418a,0x7c10,0xd6fb,0xf7df,0xdefc,0xa515,0x632d,0x41ca,0x492b,0x612e,0x510c,0x0000,
  0x0000,0x0000,0x0000,0x0000,0x0000,0x0000,0x0000,0x0000,0x0000,0x0000,0x616f,0x71b1,0x510c,0x0000,0x0000,0x0000,
  0x0000,0x0000,0x0000,0x0000,0x0000,0x0000,0x0000,0x0000,0x0000,0x0000,0x0000,0x0000,0x0000,0x0000,0x0000,0x0000,
  0x0000,0x0000,0x0000,0x0000,0x0000,0x0000,0x0000,0x0000,0x0000,0x0000,0x0000,0x0000,0x0000,0x0000,0x0000,0x0000,
  0x0000,0x38c8,0x6990,0x91f5,0x6970,0x2046,0x0000,0x0000,0x0000,0x0000,0x0000,0x0000,0x0000,0x0000,0x0000,0x0000,
  0x30a7,0x7192,0x7171,0x498a,0x73af,0xbe17,0xef5d,0xf79e,0xde9b,0xad16,0x83f1,0x528b,0x3147,0x512b,0x590d,0x3888,
  0x0000,0x0000,0x0000,0x0000,0x0000,0x0000,0x0000,0x0000,0x0000,0x0000,0x2867,0x79d3,0x9a37,0x6950,0x3888,0x0000,
  0x0000,0x0000,0x0000,0x0000,0x0000,0x0000,0x0000,0x0000,0x0000,0x0000,0x0000,0x0000,0x0000,0x0000,0x0000,0x0000,
  0x0000,0x0000,0x0000,0x0000,0x0000,0x0000,0x0000,0x0000,0x0000,0x0000,0x0000,0x0000,0x0000,0x0000,0x0000,0x0000,
  0x512c,0x8a15,0xaa9a,0x616f,0x1844,0x1042,0x0000,0x0000,0x0000,0x0000,0x0000,0x0000,0x0000,0x0000,0x0000,0x4109,
  0x616e,0x612f,0x516b,0x5aeb,0xa514,0xdefb,0xf77d,0xef1d,0xcddb,0xa496,0x9412,0x734d,0x41e9,0x4149,0x514d,0x592d,
  0x38c8,0x0000,0x0000,0x0000,0x0000,0x0000,0x0000,0x0000,0x0000,0x0000,0x1002,0x3889,0x89d4,0xb2ba,0x89b4,0x50cb,
  0x0000,0x0000,0x0000,0x0000,0x0000,0x0000,0x0000,0x0000,0x0000,0x0000,0x0000,0x0000,0x0000,0x0000,0x0000,0x0000,
  0x0000,0x0000,0x0000,0x0000,0x0000,0x0000,0x0000,0x0000,0x0000,0x0000,0x0000,0x0000,0x0000,0x0000,0x40ca,0x694f,
  0xaab8,0xc31c,0x89f4,0x38a8,0x1843,0x2885,0x28a6,0x0000,0x0000,0x0000,0x0000,0x0000,0x0000,0x0000,0x2084,0x512c,
  0x7993,0x590d,0x49e9,0x7c2f,0xc638,0xef3d,0xef7c,0xf7bd,0xd69b,0x9c95,0x8bd1,0x838e,0x62ec,0x41c9,0x516c,0x79d1,
  0x490a,0x1883,0x3947,0x0000,0x0000,0x0000,0x0000,0x0000,0x0000,0x30c7,0x30c7,0x1824,0x40ca,0x8a15,0xaa7a,0x91d6,
  0x610f,0x40a9,0x0000,0x0000,0x0000,0x0000,0x0000,0x0000,0x0000,0x0000,0x0000,0x0000,0x0000,0x0000,0x0000,0x0000,
  0x0000,0x0000,0x0000,0x0000,0x0000,0x0000,0x0000,0x0000,0x0000,0x0000,0x0000,0x0000,0x38a8,0x510c,0x79b2,0xa258,
  0xbb1c,0x9a56,0x48ab,0x2024,0x30a6,0x490b,0x40ca,0x2887,0x0000,0x0000,0x0000,0x38e8,0x41aa,0x41c9,0x30c6,0x590d,
  0x79b2,0x4109,0x4a49,0x94b3,0xb5d7,0xd6bb,0xef7d,0xf79e,0xce5a,0xa4b5,0x8bd1,0x83af,0x732e,0x4a0a,0x518c,0x71d1,
  0x48eb,0x2085,0x3948,0x498a,0x38e8,0x0000,0x0000,0x0000,0x492b,0x592d,0x40ca,0x2065,0x2044,0x590c,0xa277,0xb29a,
  0x8996,0x6910,0x48cb,0x3087,0x0000,0x0000,0x0000,0x0000,0x0000,0x0000,0x0000,0x0000,0x0000,0x0000,0x0000,0x0000,
  0x0000,0x0000,0x0000,0x0000,0x0000,0x0000,0x0000,0x0000,0x0000,0x0000,0x0000,0x490a,0x696f,0x7152,0xa278,0xcbbd,
  0xaad9,0x612e,0x2045,0x2043,0x40e8,0x596d,0x6991,0x48eb,0x0801,0x20c5,0x620e,0x7a71,0x49ca,0x20c4,0x38c8,0x71b1,
  0x7a12,0x4169,0x4a6a,0x9493,0xb598,0xc619,0xce7a,0xd6bb,0xb558,0x7b32,0x72f0,0x7b51,0x7330,0x4a4a,0x41aa,0x69af,
  0x614e,0x3067,0x0842,0x5a0b,0x9332,0x59ab,0x1844,0x2887,0x71b0,0x7190,0x38c8,0x20c4,0x1863,0x3047,0x7992,0xaa99,
  0xa258,0x8195,0x6911,0x612e,0x48ca,0x0000,0x0000,0x0000,0x0000,0x0000,0x0000,0x0000,0x0000,0x0000,0x0000,0x0000,
  0x0000,0x0000,0x0000,0x0000,0x0000,0x0000,0x0000,0x0000,0x0000,0x0000,0x512c,0x7150,0x8173,0x89f6,0xaafa,0xbb3c,
  0x89f4,0x38a8,0x1863,0x2084,0x3908,0x4169,0x720f,0x616e,0x1843,0x20a4,0x620d,0x7a90,0x3106,0x0801,0x594c,0x81d2,
  0x614d,0x4168,0x62cb,0x9c52,0xa4d4,0x9cd4,0xb597,0xdefc,0xce5a,0x8c33,0x72f0,0x7b10,0x7b70,0x52aa,0x41e9,0x618d,
  0x7190,0x48eb,0x1042,0x3144,0x626a,0x51e8,0x30e6,0x4089,0x696e,0x61ad,0x3147,0x2926,0x20c4,0x2045,0x406b,0x8a34,
  0xc3ba,0xa298,0x7955,0x7152,0x6970,0x592c,0x0000,0x0000,0x0000,0x0000,0x0000,0x0000,0x0000,0x0000,0x0000,0x0000,
  0x0000,0x0000,0x0000,0x0000,0x0000,0x0000,0x0000,0x0000,0x40c9,0x612e,0x7991,0x8153,0x8175,0xa299,0xbb3b,0xa258,
  0x612e,0x30a7,0x28c5,0x20a4,0x20c4,0x3166,0x4989,0x598c,0x598d,0x38e7,0x28a4,0x4128,0x2084,0x1843,0x69ae,0x9254,
  0x71cf,0x51c9,0x62c9,0x8bce,0x83cf,0x94b3,0xd6bb,0xf7bf,0xe73c,0xa555,0x7b8f,0x82cc,0x92ab,0x5a26,0x39c8,0x61ef,
  0x79f4,0x594e,0x1022,0x1082,0x3105,0x20a3,0x516a,0x8230,0x69cd,0x4169,0x3167,0x3127,0x28e5,0x1863,0x2846,0x612f,
  0xa278,0xaa9b,0x91f7,0x7153,0x7152,0x7171,0x592d,0x40ca,0x0000,0x0000,0x0000,0x0000,0x0000,0x0000,0x0000,0x0000,
  0x0000,0x0000,0x0000,0x0000,0x0000,0x0000,0x0000,0x38a9,0x592e,0x7991,0x7951,0x7973,0x9a38,0xbb3c,0xb2da,0x7131,
  0x3087,0x20a4,0x3106,0x28c5,0x20a4,0x2905,0x3966,0x59ea,0x724f,0x6a0d,0x4947,0x2083,0x0001,0x1863,0x618d,0x8212,
  0x71f0,0x51ca,0x4a06,0x6ac8,0x840f,0xb5d8,0xd6fc,0xc619,0xad57,0xa536,0x8411,0x72ac,0x69c8,0x4165,0x3187,0x59ce,
  0x79d2,0x594e,0x2064,0x0821,0x28c5,0x620c,0x82d0,0x826f,0x51a9,0x2904,0x18e4,0x28e6,0x28e6,0x20a4,0x1843,0x4089,
  0x8995,0xbb1c,0xb33b,0x89d6,0x7111,0x7110,0x694f,0x590d,0x40a9,0x0000,0x0000,0x0000,0x0000,0x0000,0x0000,0x0000,
  0x0000,0x0000,0x0000,0x0000,0x0000,0x0000,0x3088,0x590d,0x6950,0x7150,0x7132,0x91f6,0xb2fb,0xb2db,0x9216,0x610e,
  0x2845,0x1863,0x3106,0x49a9,0x4188,0x18a3,0x18a2,0x3145,0x5a09,0x728d,0x6a2c,0x3106,0x0821,0x1843,0x510a,0x81f2,
  0x7a10,0x3926,0x3163,0x62ea,0x7bd0,0x732e,0x71e7,0x8a24,0x8a24,0x69c5,0x626b,0x62ee,0x4a4a,0x2144,0x2946,0x620e,
  0x7a30,0x594a,0x1842,0x1042,0x3907,0x59eb,0x6a0c,0x5989,0x3105,0x1883,0x2084,0x3907,0x494a,0x4108,0x2044,0x3066,
  0x7191,0xb2fa,0xc37d,0xaafa,0x8194,0x68ef,0x692f,0x612e,0x50ec,0x38a8,0x0000,0x0000,0x0000,0x0000,0x0000,0x0000,
  0x0000,0x0000,0x0000,0x0000,0x0000,0x3088,0x50ec,0x6930,0x7971,0x7972,0x8175,0xaada,0xcc3c,0xc35c,0x89d5,0x48cb,
  0x2045,0x1843,0x30c5,0x5a0a,0x6aed,0x62ad,0x39a9,0x3148,0x41ab,0x418a,0x3949,0x416b,0x28e7,0x1863,0x40c8,0x79b0,
  0x79f0,0x3906,0x31c7,0x5aad,0x6125,0x91a2,0xe50a,0xff95,0xffb2,0xf525,0xb241,0x6966,0x4a0a,0x29a7,0x3966,0x69aa,
  0x71ab,0x4106,0x0841,0x18a5,0x416b,0x414c,0x418c,0x498c,0x3929,0x4148,0x59eb,0x72ae,0x6a4d,0x4129,0x1864,0x2064,
  0x592d,0x9a78,0xc33d,0xb33b,0x8a16,0x7131,0x694f,0x694f,0x612d,0x50eb,0x38a8,0x0000,0x0000,0x0000,0x0000,0x0000,
  0x0000,0x0000,0x0000,0x0000,0x3088,0x48ec,0x6950,0x7191,0x7172,0x8174,0x91f8,0xb35b,0xcbfc,0xb2db,0x7953,0x40a9,
  0x2045,0x2885,0x30c6,0x3906,0x49c9,0x6aad,0x49ec,0x3107,0x5144,0x79a1,0x81a1,0x6904,0x3084,0x1063,0x30c7,0x610b,
  0x612c,0x3947,0x2126,0x5146,0xb241,0xf506,0xffd6,0xf7fe,0xf7da,0xff6e,0xfce4,0xca41,0x6925,0x20e5,0x2946,0x69aa,
  0x6969,0x30c5,0x0842,0x1844,0x5105,0x91e2,0x99c1,0x7103,0x40e6,0x3928,0x4988,0x49a9,0x4169,0x30e8,0x2084,0x2085,
  0x50ec,0x8195,0xb2bb,0xc39b,0xaaf9,0x81b4,0x690f,0x612d,0x696e,0x612e,0x48eb,0x38a8,0x0000,0x0000,0x0000,0x0000,
  0x0000,0x0000,0x0000,0x0000,0x48eb,0x594d,0x694e,0x7170,0x7132,0x7955,0x91f8,0xc3fb,0xe4fd,0xb339,0x6110,0x2846,
  0x2044,0x2865,0x2886,0x30a6,0x30e6,0x3906,0x3064,0x6923,0xcbe6,0xfead,0xfe4d,0xd2e2,0x68a0,0x1863,0x1863,0x5949,
  0x69ce,0x3148,0x2083,0x7922,0xe321,0xfd85,0xf70d,0xf794,0xff52,0xfea9,0xfd83,0xdb41,0x78c1,0x2022,0x2926,0x722c,
  0x61aa,0x1884,0x1043,0x7100,0xdba5,0xfeaf,0xfecc,0xf423,0x99c2,0x48a4,0x20c6,0x20a6,0x30c6,0x28c6,0x20a5,0x1863,
  0x2866,0x7151,0xb2fa,0xd43b,0xc3bb,0x9a36,0x7131,0x68ef,0x692f,0x612e,0x612d,0x490b,0x2886,0x0000,0x0000,0x0000,
  0x0000,0x0000,0x0000,0x38a9,0x590c,0x592c,0x592c,0x6950,0x7112,0x7974,0xaaf9,0xcc1c,0xcbdb,0xaab9,0x6110,0x2044,
  0x20a3,0x3147,0x3107,0x28a5,0x1884,0x20a4,0x3843,0x7942,0xdbc3,0xfea9,0xfe8a,0xe341,0x78e0,0x0842,0x0001,0x3905,
  0x59a8,0x3966,0x40e2,0x9920,0xeaa1,0xfc62,0xfdc3,0xfea7,0xfe66,0xfd62,0xfc00,0xda60,0x88c0,0x2821,0x3126,0x824b,
  0x5987,0x0822,0x2063,0x8940,0xeb62,0xfdea,0xfde8,0xeba1,0x99a0,0x48c3,0x20c6,0x18a5,0x28a5,0x30e7,0x3908,0x20a4,
  0x2064,0x7191,0xbb3b,0xcc1b,0xcc7b,0xb359,0x8174,0x70f1,0x690f,0x58ed,0x590d,0x512c,0x30a8,0x0000,0x0000,0x0000,
  0x0000,0x0000,0x0000,0x48cb,0x590c,0x592c,0x612d,0x7151,0x7133,0x89b5,0xbbba,0xd45c,0xbb3b,0xa27a,0x7152,0x2866,
  0x18a2,0x2144,0x3146,0x3107,0x30c7,0x28c5,0x28a6,0x40e5,0x7982,0xba20,0xc200,0x8143,0x38c5,0x1084,0x0822,0x3084,
  0x5947,0x5a07,0x59a4,0x8121,0xd1c0,0xfac0,0xf3c0,0xfcc1,0xfca1,0xf380,0xf2c0,0xd1c0,0x88c0,0x40c4,0x3947,0x5967,
  0x38a4,0x1042,0x20c5,0x4106,0x7943,0xb1c0,0xb9a0,0x9161,0x6166,0x3928,0x28e5,0x20e4,0x2104,0x2905,0x3126,0x20c4,
  0x2886,0x7171,0xbb1a,0xcc3b,0xcc3b,0xb319,0x8994,0x70f0,0x68ef,0x60ee,0x610e,0x590d,0x48eb,0x30a7,0x0000,0x0000,
  0x0000,0x0000,0x50eb,0x7191,0x616d,0x592c,0x610e,0x6931,0x8175,0x9a98,0xccba,0xdd3c,0xd41c,0xbb3c,0x7192,0x1824,
  0x1862,0x3106,0x3908,0x4109,0x38e8,0x30c7,0x28c6,0x30e7,0x4149,0x5149,0x5929,0x4949,0x28c6,0x1043,0x1862,0x3086,
  0x592b,0x6a4c,0x4a29,0x4123,0x9920,0xe1e0,0xeac0,0xf3a1,0xf381,0xea80,0xd9c0,0x98e0,0x4061,0x28e5,0x49c8,0x59c8,
  0x30c4,0x0001,0x0842,0x28e6,0x4149,0x5149,0x5969,0x5149,0x38e8,0x28c6,0x30e5,0x3125,0x3927,0x4108,0x38e8,0x20a5,
  0x2887,0x68f2,0xbafb,0xdd3b,0xd539,0xb377,0x89d6,0x60f0,0x58ed,0x590e,0x590e,0x592e,0x614e,0x40ca,0x0000,0x0000,
  0x0000,0x1804,0x596d,0x8a54,0x698e,0x512b,0x592d,0x60f0,0x81b5,0xb339,0xbc38,0xccd8,0xd4db,0xd45c,0x8253,0x2005,
  0x1823,0x30e5,0x28a6,0x30a6,0x28a5,0x2064,0x2043,0x1843,0x1863,0x20a4,0x20a4,0x2084,0x2885,0x20a4,0x1082,0x1882,
  0x38e6,0x61eb,0x5a4b,0x41c7,0x48c2,0x80c0,0xc1e0,0xeb01,0xeae1,0xd9c0,0xa0e0,0x58c2,0x2946,0x4208,0x5a27,0x4165,
  0x1042,0x0020,0x18a3,0x28e4,0x28c5,0x28c6,0x28c6,0x2085,0x1022,0x0801,0x0821,0x1062,0x2084,0x30a6,0x38e8,0x2045,
  0x2046,0x8234,0xd43d,0xd4fa,0xd517,0xc418,0xa279,0x6933,0x48cc,0x48eb,0x40ca,0x594d,0x8231,0x596b,0x2024,0x0000,
  0x0000,0x2045,0x596b,0x8231,0x616d,0x490a,0x510b,0x60f0,0x8175,0xa2f7,0xbc55,0xb434,0xbbb9,0xecfe,0xbbd8,0x40cb,
  0x0802,0x0000,0x0000,0x0000,0x0000,0x0000,0x0000,0x1863,0x2065,0x3067,0x3889,0x38c9,0x28a6,0x10a3,0x18e3,0x1082,
  0x20a2,0x6229,0x834e,0x62ec,0x31a8,0x30c4,0x58e2,0xa181,0xa980,0x80c0,0x48e4,0x41a8,0x5a6a,0x7287,0x59a3,0x2062,
  0x0822,0x0881,0x0861,0x20e5,0x3928,0x38c8,0x30a6,0x2885,0x1863,0x0000,0x0000,0x0000,0x0000,0x0000,0x1043,0x1824,
  0x492b,0xbbf8,0xe49f,0xbb1b,0xbbd9,0xc439,0xaad9,0x7974,0x50cf,0x48eb,0x40ea,0x594b,0x822c,0x5167,0x2063,0x0000,
  0x0000,0x1844,0x40e9,0x698f,0x594d,0x512a,0x590b,0x6911,0x8996,0xa2b7,0xa3b4,0xb3f5,0xc35b,0xbadc,0x81d5,0x38aa,
  0x0000,0x0000,0x0000,0x0000,0x0000,0x0000,0x0000,0x0000,0x2064,0x510b,0x696f,0x490b,0x1864,0x1062,0x2124,0x18e3,
  0x1042,0x30c5,0x624c,0x8bb1,0x83d1,0x4a6b,0x2947,0x41c8,0x49e8,0x3146,0x420b,0x736f,0x93ec,0x7aa7,0x30c2,0x0821,
  0x18a4,0x2104,0x10a2,0x28e6,0x498c,0x61ad,0x4929,0x2085,0x0000,0x0000,0x0000,0x0000,0x0000,0x0000,0x0000,0x0000,
  0x38c9,0x7992,0xbabb,0xc39c,0xbbb9,0xab37,0x9a77,0x7974,0x58ef,0x48eb,0x490a,0x594b,0x71ab,0x4106,0x1842,0x0000,
  0x0000,0x1844,0x3889,0x58ee,0x590d,0x490b,0x490a,0x610f,0x81b5,0x9a97,0x9b13,0xb3b7,0xc37d,0x89d5,0x408b,0x0000,
  0x0000,0x0000,0x0000,0x0000,0x0000,0x0000,0x0000,0x0000,0x0000,0x38c9,0x616f,0x616e,0x30c7,0x1062,0x2104,0x20e4,
  0x0821,0x1063,0x30e6,0x622c,0x9c54,0x9cd5,0x8411,0x9493,0x8c72,0x6b6f,0x7390,0x738f,0x6269,0x4946,0x2884,0x1062,
  0x2906,0x3127,0x18a4,0x30a7,0x512c,0x514c,0x38e7,0x0000,0x0000,0x0000,0x0000,0x0000,0x0000,0x0000,0x0000,0x0000,
  0x0000,0x48ac,0x9256,0xd43c,0xbbd9,0x9ad6,0x9a57,0x7174,0x50ce,0x40aa,0x40ea,0x512c,0x512b,0x30a7,0x1823,0x0000,
  0x0000,0x0000,0x2867,0x48ab,0x50ec,0x490a,0x48ea,0x610e,0x7994,0x9237,0x9ab5,0xb338,0xaada,0x614f,0x2845,0x0000,
  0x0000,0x0000,0x0000,0x0000,0x0000,0x0000,0x0000,0x0000,0x0000,0x0000,0x30a8,0x490b,0x2886,0x1062,0x3166,0x4188,
  0x20c4,0x1062,0x1042,0x20c4,0x520a,0x83d2,0xbdb9,0xef5e,0xe6fd,0xa4f6,0x630e,0x39c8,0x2905,0x20a4,0x20a3,0x28c4,
  0x496a,0x414b,0x1043,0x28a5,0x494a,0x30c7,0x0000,0x0000,0x0000,0x0000,0x0000,0x0000,0x0000,0x0000,0x0000,0x0000,
  0x0000,0x3068,0x71b0,0xbb7a,0xb378,0x9ab5,0x9236,0x7974,0x58ef,0x40aa,0x48c8,0x48e8,0x40c8,0x3087,0x0000,0x0000,
  0x0000,0x0000,0x0000,0x3888,0x48cb,0x50ea,0x50ea,0x612e,0x7173,0x89d6,0xa258,0xa278,0x89f5,0x510c,0x0000,0x0000,
  0x0000,0x0000,0x0000,0x0000,0x0000,0x0000,0x0000,0x0000,0x0000,0x0000,0x0000,0x20a5,0x1863,0x18a3,0x4188,0x51cb,
  0x4128,0x1863,0x18c3,0x31a7,0x3186,0x3167,0x528d,0x9494,0x9493,0x4a4a,0x2946,0x3167,0x3187,0x18e3,0x1883,0x4129,
  0x518c,0x4129,0x1063,0x10a3,0x2105,0x0000,0x0000,0x0000,0x0000,0x0000,0x0000,0x0000,0x0000,0x0000,0x0000,0x0000,
  0x0000,0x0000,0x40ca,0x8a35,0xb378,0xa336,0x79b3,0x7133,0x6110,0x48ca,0x48e7,0x48e7,0x38a7,0x2065,0x0000,0x0000,
  0x0000,0x0000,0x0000,0x2866,0x40aa,0x50eb,0x50eb,0x58ed,0x6951,0x81d6,0x99f8,0x91f6,0x79d2,0x38c8,0x0000,0x0000,
  0x0000,0x0000,0x0000,0x0000,0x0000,0x0000,0x0000,0x0000,0x0000,0x0000,0x0000,0x0000,0x0000,0x0000,0x20a5,0x414a,
  0x518c,0x30e7,0x18c4,0x39c8,0x632e,0x6b4e,0x4228,0x39c6,0x2965,0x2966,0x526b,0x526b,0x2945,0x0861,0x2084,0x492b,
  0x596d,0x410a,0x18a4,0x0000,0x0000,0x0000,0x0000,0x0000,0x0000,0x0000,0x0000,0x0000,0x0000,0x0000,0x0000,0x0000,
  0x0000,0x0000,0x3067,0x79b2,0xab18,0xab38,0x81d5,0x7132,0x590e,0x40a9,0x40c9,0x40c8,0x2886,0x0000,0x0000,0x0000,
  0x0000,0x0000,0x0000,0x2065,0x3888,0x48ca,0x48ca,0x48cb,0x612f,0x81d5,0x9a38,0x89f5,0x614f,0x0000,0x0000,0x0000,
  0x0000,0x0000,0x0000,0x0000,0x0000,0x0000,0x0000,0x0000,0x0000,0x0000,0x0000,0x0000,0x0000,0x0000,0x1062,0x3928,
  0x59cd,0x4149,0x18c4,0x18e4,0x41e9,0x73b0,0xa515,0xb596,0xa4f5,0x8413,0x6b30,0x41e9,0x10a2,0x1063,0x38e9,0x514c,
  0x412a,0x28a5,0x0000,0x0000,0x0000,0x0000,0x0000,0x0000,0x0000,0x0000,0x0000,0x0000,0x0000,0x0000,0x0000,0x0000,
  0x0000,0x0000,0x0000,0x6970,0x9a77,0xa279,0x8195,0x6930,0x50ec,0x40a9,0x38a9,0x30a8,0x2065,0x0000,0x0000,0x0000,
  0x0000,0x0000,0x0000,0x0000,0x2846,0x3889,0x48ca,0x48aa,0x50ed,0x81b4,0xb2bb,0x8a16,0x40aa,0x0000,0x0000,0x0000,
  0x0000,0x0000,0x0000,0x0000,0x0000,0x0000,0x0000,0x0000,0x0000,0x0000,0x0000,0x0000,0x0000,0x0000,0x0000,0x1844,
  0x3908,0x61ec,0x3988,0x0840,0x18a3,0x39c9,0x7390,0xbdf9,0xbdb8,0x7350,0x524c,0x3166,0x1082,0x30e7,0x516c,0x3909,
  0x1884,0x0000,0x0000,0x0000,0x0000,0x0000,0x0000,0x0000,0x0000,0x0000,0x0000,0x0000,0x0000,0x0000,0x0000,0x0000,
  0x0000,0x0000,0x0000,0x48eb,0x8a14,0xa258,0x7953,0x50ec,0x48c9,0x40a9,0x40a9,0x3067,0x0000,0x0000,0x0000,0x0000,
  0x0000,0x0000,0x0000,0x0000,0x0000,0x3087,0x48ca,0x48ab,0x50ed,0x7993,0xaa7a,0x81d4,0x3068,0x0000,0x0000,0x0000,
  0x0000,0x0000,0x0000,0x0000,0x0000,0x0000,0x0000,0x0000,0x0000,0x0000,0x0000,0x0000,0x0000,0x0000,0x0000,0x0000,
  0x28a6,0x59ad,0x518a,0x1082,0x1082,0x3147,0x5ace,0x94d4,0x9cb4,0x6b0f,0x524b,0x3987,0x20a3,0x4109,0x596c,0x28c7,
  0x0000,0x0000,0x0000,0x0000,0x0000,0x0000,0x0000,0x0000,0x0000,0x0000,0x0000,0x0000,0x0000,0x0000,0x0000,0x0000,
  0x0000,0x0000,0x0000,0x38a9,0x7172,0x89b6,0x6950,0x48cb,0x40a9,0x40aa,0x3068,0x1824,0x0000,0x0000,0x0000,0x0000,
  0x0000,0x0000,0x0000,0x0000,0x0000,0x2886,0x3888,0x48aa,0x48ac,0x6130,0xa259,0x81d4,0x3067,0x0000,0x0000,0x0000,
  0x0000,0x0000,0x0000,0x0000,0x0000,0x0000,0x0000,0x0000,0x0000,0x0000,0x0000,0x0000,0x0000,0x0000,0x0000,0x0000,
  0x1883,0x412a,0x412a,0x2084,0x1042,0x20e5,0x62ee,0xb5b7,0xb597,0x62ce,0x3168,0x28e5,0x2085,0x40ea,0x410a,0x0000,
  0x0000,0x0000,0x0000,0x0000,0x0000,0x0000,0x0000,0x0000,0x0000,0x0000,0x0000,0x0000,0x0000,0x0000,0x0000,0x0000,
  0x0000,0x0000,0x0000,0x3889,0x81b3,0x91f6,0x612e,0x48aa,0x4089,0x3888,0x2066,0x0000,0x0000,0x0000,0x0000,0x0000,
  0x0000,0x0000,0x0000,0x0000,0x0000,0x0000,0x2044,0x3888,0x40aa,0x50ed,0x89f6,0x81d4,0x38c9,0x0000,0x0000,0x0000,
  0x0000,0x0000,0x0000,0x0000,0x0000,0x0000,0x0000,0x0000,0x0000,0x0000,0x0000,0x0000,0x0000,0x0000,0x0000,0x0000,
  0x0000,0x0000,0x20a5,0x20a5,0x1843,0x20c5,0x528c,0x8c93,0x8c73,0x524c,0x20e5,0x1062,0x1863,0x1884,0x0000,0x0000,
  0x0000,0x0000,0x0000,0x0000,0x0000,0x0000,0x0000,0x0000,0x0000,0x0000,0x0000,0x0000,0x0000,0x0000,0x0000,0x0000,
  0x0000,0x0000,0x0000,0x38c9,0x81d3,0x91f6,0x50ec,0x3889,0x3087,0x1844,0x0000,0x0000,0x0000,0x0000,0x0000,0x0000,
  0x0000,0x0000,0x0000,0x0000,0x0000,0x0000,0x0000,0x2065,0x2866,0x40ab,0x7192,0x7993,0x590d,0x2866,0x0000,0x0000,
  0x0000,0x0000,0x0000,0x0000,0x0000,0x0000,0x0000,0x0000,0x0000,0x0000,0x0000,0x0000,0x0000,0x0000,0x0000,0x0000,
  0x0000,0x0000,0x0000,0x0000,0x0000,0x28e6,0x4a2b,0x8c93,0x8c73,0x4a0a,0x20c5,0x1083,0x0000,0x0000,0x0000,0x0000,
  0x0000,0x0000,0x0000,0x0000,0x0000,0x0000,0x0000,0x0000,0x0000,0x0000,0x0000,0x0000,0x0000,0x0000,0x0000,0x0000,
  0x0000,0x0000,0x0000,0x510c,0x81b4,0x8193,0x40a9,0x2865,0x2065,0x0000,0x0000,0x0000,0x0000,0x0000,0x0000,0x0000,
  0x0000,0x0000,0x0000,0x0000,0x0000,0x0000,0x0000,0x0000,0x0000,0x3088,0x590e,0x7993,0x7170,0x3087,0x0000,0x0000,
  0x0000,0x0000,0x0000,0x0000,0x0000,0x0000,0x0000,0x0000,0x0000,0x0000,0x0000,0x0000,0x0000,0x0000,0x0000,0x0000,
  0x0000,0x0000,0x0000,0x0000,0x0000,0x1884,0x3988,0x83d1,0x83b1,0x4189,0x1864,0x0000,0x0000,0x0000,0x0000,0x0000,
  0x0000,0x0000,0x0000,0x0000,0x0000,0x0000,0x0000,0x0000,0x0000,0x0000,0x0000,0x0000,0x0000,0x0000,0x0000,0x0000,
  0x0000,0x0000,0x2044,0x50ec,0x7151,0x590d,0x2887,0x1043,0x0000,0x0000,0x0000,0x0000,0x0000,0x0000,0x0000,0x0000,
  0x0000,0x0000,0x0000,0x0000,0x0000,0x0000,0x0000,0x0000,0x0000,0x1844,0x30a8,0x592d,0x592e,0x2887,0x0000,0x0000,
  0x0000,0x0000,0x0000,0x0000,0x0000,0x0000,0x0000,0x0000,0x0000,0x0000,0x0000,0x0000,0x0000,0x0000,0x0000,0x0000,
  0x0000,0x0000,0x0000,0x0000,0x0000,0x0000,0x2105,0x6b0f,0x6b0f,0x3127,0x0000,0x0000,0x0000,0x0000,0x0000,0x0000,
  0x0000,0x0000,0x0000,0x0000,0x0000,0x0000,0x0000,0x0000,0x0000,0x0000,0x0000,0x0000,0x0000,0x0000,0x0000,0x0000,
  0x0000,0x0000,0x2866,0x590d,0x590d,0x30a7,0x1043,0x0000,0x0000,0x0000,0x0000,0x0000,0x0000,0x0000,0x0000,0x0000,
  0x0000,0x0000,0x0000,0x0000,0x0000,0x0000,0x0000,0x0000,0x0000,0x0000,0x0000,0x3088,0x48cb,0x3088,0x0000,0x0000,
  0x0000,0x0000,0x0000,0x0000,0x0000,0x0000,0x0000,0x0000,0x0000,0x0000,0x0000,0x0000,0x0000,0x0000,0x0000,0x0000,
  0x0000,0x0000,0x0000,0x0000,0x0000,0x0000,0x0000,0x528b,0x4a6b,0x0000,0x0000,0x0000,0x0000,0x0000,0x0000,0x0000,
  0x0000,0x0000,0x0000,0x0000,0x0000,0x0000,0x0000,0x0000,0x0000,0x0000,0x0000,0x0000,0x0000,0x0000,0x0000,0x0000,
  0x0000,0x0000,0x2866,0x48aa,0x3088,0x0000,0x0000,0x0000,0x0000,0x0000,0x0000,0x0000,0x0000,0x0000,0x0000,0x0000,
  0x0000,0x0000,0x0000,0x0000,0x0000,0x0000,0x0000,0x0000,0x0000,0x0000,0x0000,0x0000,0x2065,0x1844,0x0000,0x0000,
  0x0000,0x0000,0x0000,0x0000,0x0000,0x0000,0x0000,0x0000,0x0000,0x0000,0x0000,0x0000,0x0000,0x0000,0x0000,0x0000,
  0x0000,0x0000,0x0000,0x0000,0x0000,0x0000,0x0000,0x0000,0x0000,0x0000,0x0000,0x0000,0x0000,0x0000,0x0000,0x0000,
  0x0000,0x0000,0x0000,0x0000,0x0000,0x0000,0x0000,0x0000,0x0000,0x0000,0x0000,0x0000,0x0000,0x0000,0x0000,0x0000,
  0x0000,0x0000,0x1043,0x1864,0x0000,0x0000,0x0000,0x0000,0x0000,0x0000,0x0000,0x0000,0x0000,0x0000,0x0000,0x0000,
  0x0000,0x0000,0x0000,0x0000,0x0000,0x0000,0x0000,0x0000,0x0000,0x0000,0x0000,0x0000,0x0000,0x0000,0x0000,0x0000,
  0x0000,0x0000,0x0000,0x0000,0x0000,0x0000,0x0000,0x0000,0x0000,0x0000,0x0000,0x0000,0x0000,0x0000,0x0000,0x0000,
  0x0000,0x0000,0x0000,0x0000,0x0000,0x0000,0x0000,0x0000,0x0000,0x0000,0x0000,0x0000,0x0000,0x0000,0x0000,0x0000,
  0x0000,0x0000,0x0000,0x0000,0x0000,0x0000,0x0000,0x0000,0x0000,0x0000,0x0000,0x0000,0x0000,0x0000,0x0000,0x0000,
  0x0000,0x0000,0x0000,0x0000,0x0000,0x0000,0x0000,0x0000,0x0000,0x0000,0x0000,0x0000,0x0000,0x0000,0x0000,0x0000,
 },
 {
  0x0000,0x0000,0x0000,0x0000,0x0000,0x0000,0x0000,0x0000,0x0000,0x0000,0x0000,0x0000,0x0000,0x0000,0x0000,0x0000,
  0x0000,0x0000,0x0000,0x0000,0x0000,0x0000,0x0000,0x0000,0x0000,0x0000,0x0000,0x0000,0x0000,0x0000,0x0000,0x0000,
  0x0000,0x0000,0x0000,0x0000,0x0000,0x0000,0x0000,0x0000,0x0000,0x0000,0x0000,0x0000,0x0000,0x0000,0x0000,0x0000,
  0x0000,0x0000,0x0000,0x0000,0x0000,0x0000,0x0000,0x0000,0x0000,0x0000,0x0000,0x0000,0x0000,0x0000,0x0000,0x0000,
  0x0000,0x0000,0x0000,0x0000,0x0000,0x0000,0x0000,0x0000,0x0000,0x0000,0x0000,0x0000,0x0000,0x0000,0x0000,0x0000,
  0x0000,0x0000,0x0000,0x0000,0x0000,0x0000,0x0000,0x0000,0x0000,0x0000,0x0000,0x0000,0x0000,0x0000,0x0000,0x0000,
  0x0000,0x0000,0x0000,0x0000,0x0000,0x0000,0x0000,0x0000,0x0000,0x0000,0x0000,0x0000,0x0000,0x0000,0x0000,0x0000,
  0x0000,0x0000,0x0000,0x0000,0x0000,0x0000,0x0000,0x6b2e,0x0000,0x0000,0x0000,0x0000,0x0000,0x0000,0x0000,0x0000,
  0x0000,0x0000,0x0000,0x0000,0x0000,0x0000,0x0000,0x0000,0x0000,0x0000,0x0000,0x0000,0x0000,0x0000,0x0000,0x0000,
  0x0000,0x0000,0x0000,0x0000,0x0000,0x0000,0x0000,0x0000,0x0000,0x0000,0x0000,0x0000,0x0000,0x0000,0x0000,0x0000,
  0x0000,0x0000,0x0000,0x0000,0x0000,0x0000,0x0000,0x0000,0x0000,0x0000,0x0000,0x0000,0x0000,0x0000,0x0000,0x0000,
  0x0000,0x0000,0x0000,0x0000,0x0000,0x0000,0x0000,0x0000,0x0000,0x0000,0x0000,0x0000,0x0000,0x0000,0x0000,0x0000,
  0x0000,0x0000,0x0000,0x0000,0x0000,0x0000,0x0000,0xbdd9,0x632e,0x0000,0x0000,0x0000,0x0000,0x0000,0x0000,0x0000,
  0x0000,0x0000,0x0000,0x0000,0x0000,0x0000,0x0000,0x0000,0x0000,0x0000,0x0000,0x0000,0x0000,0x0000,0x0000,0x0000,
  0x0000,0x0000,0x0000,0x0000,0x0000,0x0000,0x0000,0x0000,0x0000,0x0000,0x0000,0x0000,0x0000,0x0000,0x0000,0x0000,
  0x0000,0x0000,0x0000,0x0000,0x0000,0x0000,0x0000,0x0000,0x0000,0x0000,0x0000,0x0000,0x0000,0x0000,0x0000,0x0000,
  0x0000,0x0000,0x0000,0x0000,0x0000,0x0000,0x0000,0x0000,0x0000,0x0000,0x0000,0x0000,0x0000,0x0000,0x0000,0x0000,
  0x0000,0x0000,0x0000,0x0000,0x0000,0x0000,0x420a,0xd6bc,0x83f1,0x0000,0x0000,0x0000,0x0000,0x0000,0x0000,0x0000,
  0x0000,0x0000,0x0000,0x0000,0x0000,0x0000,0x0000,0x0000,0x0000,0x0000,0x0000,0x0000,0x0000,0x0000,0x0000,0x0000,
  0x0000,0x0000,0x0000,0x0000,0x0000,0x0000,0x0000,0x0000,0x0000,0x0000,0x0000,0x0000,0x0000,0x0000,0x0000,0x0000,
  0x0000,0x0000,0x0000,0x0000,0x0000,0x0000,0x0000,0x0000,0x0000,0x0000,0x0000,0x0000,0x0000,0x0000,0x0000,0x0000,
  0x0000,0x0000,0x0000,0x0000,0x0000,0x0000,0x0000,0x0000,0x0000,0x0000,0x0000,0x0000,0x0000,0x0000,0x0000,0x0000,
  0x0000,0x0000,0x0000,0x0000,0x0000,0x0000,0x62ee,0xd6bc,0x9494,0x3148,0x0000,0x0000,0x0000,0x0000,0x0000,0x0000,
  0x0000,0x0000,0x0000,0x0000,0x0000,0x0000,0x0000,0x0000,0x0000,0x0000,0x0000,0x0000,0x0000,0x0000,0x0000,0x0000,
  0x0000,0x0000,0x0000,0x0000,0x0000,0x0000,0x0000,0x0000,0x0000,0x0000,0x0000,0x0000,0x0000,0x0000,0x0000,0x0000,
  0x0000,0x0000,0x0000,0x0000,0x0000,0x0000,0x0000,0x0000,0x0000,0x0000,0x0000,0x0000,0x0000,0x0000,0x0000,0x0000,
  0x0000,0x0000,0x0000,0x0000,0x0000,0x0000,0x0000,0x0000,0x0000,0x0000,0x0000,0x0000,0x0000,0x0000,0x0000,0x0000,
  0x0000,0x0000,0x0000,0x0000,0x0000,0x0000,0x7bf1,0xf7be,0xad56,0x41c9,0x0000,0x0000,0x0000,0x0000,0x0000,0x0000,
  0x0000,0x0000,0x0000,0x0000,0x0000,0x0000,0x0000,0x0000,0x0000,0x0000,0x0000,0x0000,0x0000,0x0000,0x0000,0x0000,
  0x0000,0x0000,0x0000,0x0000,0x0000,0x0000,0x0000,0x0000,0x0000,0x0000,0x0000,0x0000,0x0000,0x0000,0x0000,0x0000,
  0x0000,0x0000,0x0000,0x0000,0x0000,0x0000,0x0000,0x0000,0x0000,0x0000,0x0000,0x0000,0x0000,0x0000,0x0000,0x0000,
  0x0000,0x0000,0x0000,0x0000,0x0000,0x0000,0x0000,0x0000,0x0000,0x0000,0x0000,0x0000,0x0000,0x0000,0x0000,0x0000,
  0x0000,0x0000,0x0000,0x0000,0x0000,0x39e9,0x9d14,0xad54,0x7c30,0x5aeb,0x0000,0x0000,0x0000,0x0000,0x0000,0x0000,
  0x0000,0x0000,0x0000,0x0000,0x0000,0x0000,0x0000,0x0000,0x0000,0x0000,0x0000,0x0000,0x0000,0x0000,0x0000,0x0000,
  0x0000,0x0000,0x0000,0x0000,0x0000,0x0000,0x0000,0x0000,0x0000,0x0000,0x0000,0x0000,0x0000,0x0000,0x0000,0x0000,
  0x0000,0x0000,0x0000,0x0000,0x0000,0x0000,0x0000,0x0000,0x0000,0x0000,0x0000,0x0000,0x0000,0x0000,0x0000,0x0000,
  0x0000,0x0000,0x0000,0x0000,0x0000,0x0000,0x0000,0x0000,0x0000,0x0000,0x0000,0x0000,0x0000,0x0000,0x0000,0x0000,
  0x0000,0x0000,0x0000,0x0000,0x0000,0x4a6a,0x7b50,0x8a32,0x618e,0x52ab,0x2145,0x0000,0x0000,0x0000,0x0000,0x0000,
  0x0000,0x0000,0x0000,0x0000,0x0000,0x0000,0x0000,0x0000,0x0000,0x0000,0x0000,0x0000,0x0000,0x0000,0x0000,0x0000,
  0x0000,0x0000,0x0000,0x0000,0x0000,0x0000,0x0000,0x0000,0x0000,0x0000,0x0000,0x0000,0x0000,0x0000,0x0000,0x0000,
  0x0000,0x0000,0x0000,0x0000,0x0000,0x0000,0x0000,0x0000,0x0000,0x0000,0x0000,0x0000,0x0000,0x0000,0x0000,0x0000,
  0x0000,0x0000,0x0000,0x0000,0x0000,0x0000,0x0000,0x0000,0x0000,0x0000,0x0000,0x0000,0x0000,0x0000,0x0000,0x0000,
  0x0000,0x0000,0x0000,0x0000,0x3107,0x4969,0x618d,0x8352,0x71d0,0x512c,0x20c5,0x0000,0x0000,0x0000,0x0000,0x0000,
  0x0000,0x0000,0x0000,0x0000,0x0000,0x0000,0x0000,0x0000,0x0000,0x0000,0x0000,0x0000,0x0000,0x0000,0x0000,0x0000,
  0x0000,0x0000,0x0000,0x0000,0x0000,0x0000,0x0000,0x0000,0x0000,0x0000,0x0000,0x0000,0x0000,0x0000,0x0000,0x0000,
  0x0000,0x0000,0x0000,0x0000,0x0000,0x0000,0x0000,0x0000,0x0000,0x0000,0x0000,0x0000,0x0000,0x0000,0x0000,0x0000,
  0x0000,0x0000,0x0000,0x0000,0x0000,0x0000,0x0000,0x0000,0x0000,0x0000,0x0000,0x0000,0x0000,0x0000,0x0000,0x0000,
  0x0000,0x0000,0x0000,0x412a,0x590e,0x40c9,0x8c73,0xf7de,0xa535,0x498a,0x612f,0x490a,0x0000,0x0000,0x0000,0x0000,
  0x0000,0x0000,0x0000,0x0000,0x0000,0x0000,0x0000,0x0000,0x0000,0x0000,0x0000,0x0000,0x0000,0x0000,0x0000,0x0000,
  0x0000,0x0000,0x0000,0x0000,0x0000,0x0000,0x0000,0x0000,0x0000,0x0000,0x0000,0x0000,0x0000,0x0000,0x0000,0x0000,
  0x0000,0x0000,0x0000,0x0000,0x0000,0x0000,0x0000,0x0000,0x0000,0x0000,0x0000,0x0000,0x0000,0x0000,0x0000,0x0000,
  0x0000,0x0000,0x0000,0x0000,0x0000,0x0000,0x0000,0x0000,0x0000,0x0000,0x0000,0x0000,0x0000,0x0000,0x0000,0x0000,
  0x0000,0x0000,0x0000,0x592e,0x614e,0x5aab,0xd6bb,0xf79e,0xbdf8,0x6b6e,0x514c,0x6950,0x30a6,0x0000,0x0000,0x0000,
  0x0000,0x0000,0x0000,0x0000,0x0000,0x0000,0x0000,0x0000,0x0000,0x0000,0x0000,0x0000,0x0000,0x0000,0x0000,0x0000,
  0x0000,0x0000,0x0000,0x0000,0x0000,0x0000,0x0000,0x0000,0x0000,0x0000,0x0000,0x0000,0x0000,0x0000,0x0000,0x0000,
  0x0000,0x0000,0x0000,0x0000,0x0000,0x0000,0x0000,0x0000,0x0000,0x0000,0x0000,0x0000,0x0000,0x0000,0x0000,0x0000,
  0x0000,0x0000,0x0000,0x0000,0x0000,0x0000,0x0000,0x0000,0x0000,0x0000,0x0000,0x0000,0x0000,0x0000,0x0000,0x0000,
  0x0000,0x0000,0x48ea,0x7191,0x4189,0x9cf4,0xe73c,0xef5d,0xb577,0x7bb1,0x41e9,0x618f,0x48eb,0x0000,0x0000,0x0000,
  0x0000,0x0000,0x0000,0x0000,0x0000,0x0000,0x0000,0x0000,0x0000,0x0000,0x0000,0x0000,0x0000,0x0000,0x0000,0x0000,
  0x0000,0x0000,0x0000,0x0000,0x0000,0x0000,0x0000,0x0000,0x0000,0x0000,0x0000,0x0000,0x0000,0x0000,0x0000,0x0000,
  0x0000,0x0000,0x0000,0x0000,0x0000,0x0000,0x0000,0x0000,0x0000,0x0000,0x0000,0x0000,0x0000,0x38c9,0x40ca,0x0000,
  0x0000,0x0000,0x0000,0x0000,0x0000,0x0000,0x0000,0x0000,0x0000,0x0000,0x0000,0x0000,0x0000,0x0000,0x0000,0x0000,
  0x0000,0x0000,0x612d,0x71d0,0x4209,0xad98,0xe73c,0xf79e,0xcd3a,0x8352,0x4a6a,0x518c,0x614f,0x2886,0x0000,0x0000,
  0x0000,0x0000,0x0000,0x0000,0x0000,0x0000,0x0000,0x0000,0x0000,0x0000,0x0000,0x0000,0x0000,0x0000,0x0000,0x0000,
  0x0000,0x48eb,0x38a9,0x0000,0x0000,0x0000,0x0000,0x0000,0x0000,0x0000,0x0000,0x0000,0x0000,0x0000,0x0000,0x0000,
  0x0000,0x0000,0x0000,0x0000,0x0000,0x0000,0x0000,0x0000,0x0000,0x0000,0x0000,0x0000,0x594e,0x7992,0x38a9,0x0000,
  0x0000,0x0000,0x0000,0x0000,0x0000,0x0000,0x0000,0x0000,0x0000,0x0000,0x0000,0x0000,0x0000,0x0000,0x0000,0x0000,
  0x0000,0x30e7,0x696f,0x514b,0x634e,0xb598,0xe71c,0xf79d,0xad15,0x8b53,0x6b0e,0x4189,0x692f,0x38a8,0x18a3,0x0000,
  0x0000,0x0000,0x0000,0x0000,0x0000,0x0000,0x0000,0x0000,0x0000,0x0000,0x0000,0x0000,0x0000,0x0000,0x0000,0x0000,
  0x0000,0x48eb,0x81d3,0x592d,0x0000,0x0000,0x0000,0x0000,0x0000,0x0000,0x0000,0x0000,0x0000,0x0000,0x0000,0x0000,
  0x0000,0x0000,0x0000,0x0000,0x0000,0x0000,0x0000,0x0000,0x0000,0x0000,0x0000,0x6970,0x9216,0x48eb,0x0000,0x0000,
  0x0000,0x0000,0x0000,0x0000,0x0000,0x0000,0x0000,0x0000,0x0000,0x0000,0x0000,0x0000,0x0000,0x0000,0x0000,0x39c9,
  0x2146,0x38c8,0x81d2,0x516a,0x7bb0,0xbd99,0xef3d,0xef5c,0xad74,0x9413,0x7b71,0x3167,0x592d,0x40a9,0x3126,0x41e9,
  0x3928,0x0000,0x0000,0x0000,0x0000,0x0000,0x0000,0x0000,0x0000,0x0000,0x0000,0x0000,0x0000,0x0000,0x0000,0x0000,
  0x0000,0x0000,0x592d,0x9a36,0x616e,0x0000,0x0000,0x0000,0x0000,0x0000,0x0000,0x0000,0x0000,0x0000,0x0000,0x0000,
  0x0000,0x0000,0x0000,0x0000,0x0000,0x0000,0x0000,0x0000,0x0000,0x30a8,0x7171,0x9a38,0x694f,0x2044,0x0000,0x0000,
  0x0000,0x0000,0x0000,0x0000,0x0000,0x0000,0x0000,0x0000,0x0000,0x0000,0x0000,0x0000,0x0000,0x512b,0x59ac,0x4a6a,
  0x39a8,0x48ca,0x71cf,0x4167,0x9433,0xad17,0xb597,0xce5a,0x9454,0x8bd2,0x7b51,0x3188,0x61cc,0x614d,0x20a5,0x526a,
  0x49aa,0x490b,0x0000,0x0000,0x0000,0x0000,0x0000,0x0000,0x0000,0x0000,0x0000,0x0000,0x0000,0x0000,0x0000,0x0000,
  0x0000,0x1023,0x1844,0x7190,0x9a37,0x694f,0x3066,0x0000,0x0000,0x0000,0x0000,0x0000,0x0000,0x0000,0x0000,0x0000,
  0x0000,0x0000,0x0000,0x0000,0x0000,0x0000,0x0000,0x0000,0x40a9,0x6950,0xaa79,0x89d4,0x3047,0x30a7,0x38c9,0x0000,
  0x0000,0x0000,0x0000,0x0000,0x0000,0x0000,0x0000,0x0000,0x0000,0x0000,0x0000,0x0000,0x410a,0x8a73,0x61ac,0x18a2,
  0x28e5,0x612e,0x618e,0x3145,0x9bd0,0x9433,0xad57,0xe73d,0xa4f6,0x6b0f,0x72ed,0x4a08,0x4949,0x79d0,0x28a5,0x10c2,
  0x2904,0x7a31,0x7a11,0x1823,0x0000,0x0000,0x0000,0x0000,0x0000,0x0000,0x0000,0x0000,0x0000,0x0000,0x0000,0x0000,
  0x0000,0x38e9,0x2084,0x2865,0x8a14,0xaa7a,0x6950,0x38c8,0x0000,0x0000,0x0000,0x0000,0x0000,0x0000,0x0000,0x0000,
  0x0000,0x0000,0x0000,0x0000,0x0000,0x0000,0x0000,0x40e9,0x7132,0xa239,0x9a17,0x48ab,0x2064,0x38a8,0x510b,0x492a,
  0x0000,0x0000,0x0000,0x0000,0x0000,0x0000,0x0000,0x0000,0x0000,0x0000,0x0000,0x38a8,0x79b1,0x724f,0x41a7,0x1082,
  0x1843,0x696f,0x616e,0x3985,0x9bad,0x8b90,0xc65a,0xf7df,0xc619,0x732f,0x626b,0x5a47,0x51aa,0x8252,0x38e7,0x0821,
  0x3104,0x6a4b,0x8291,0x594c,0x2064,0x0000,0x0000,0x0000,0x0000,0x0000,0x0000,0x0000,0x0000,0x0000,0x0000,0x0000,
  0x592c,0x492b,0x28c5,0x2043,0x612d,0xaa9a,0x9a58,0x6950,0x40c9,0x0000,0x0000,0x0000,0x0000,0x0000,0x0000,0x0000,
  0x0000,0x0000,0x0000,0x0000,0x0000,0x0000,0x4108,0x6910,0xaada,0xcbbd,0x81d3,0x2045,0x1883,0x28c5,0x38e8,0x598d,
  0x516b,0x0000,0x0000,0x0000,0x0000,0x0000,0x0000,0x0000,0x0000,0x0000,0x38a6,0x4089,0x516a,0x49c8,0x3145,0x18a2,
  0x2084,0x694f,0x618e,0x3144,0x72ec,0x8c13,0xce9b,0xacf5,0x9cb4,0x83f1,0x5a2b,0x49a6,0x4989,0x8211,0x30a7,0x1021,
  0x3905,0x4165,0x5189,0x48eb,0x2866,0x30e6,0x0000,0x0000,0x0000,0x0000,0x0000,0x0000,0x0000,0x0000,0x0000,0x596d,
  0x61ae,0x3126,0x20c4,0x2085,0x3868,0x9235,0xbb5c,0x91f7,0x6931,0x40c9,0x0000,0x0000,0x0000,0x0000,0x0000,0x0000,
  0x0000,0x0000,0x0000,0x0000,0x0000,0x3907,0x696f,0x91f7,0xcbfc,0xc39b,0x612e,0x1022,0x1883,0x2905,0x20e4,0x4149,
  0x69f0,0x61ee,0x3928,0x0000,0x0000,0x0000,0x0000,0x0000,0x0000,0x38e8,0x38a7,0x4108,0x6a8e,0x72ce,0x51c9,0x20c3,
  0x1863,0x592c,0x616d,0x2103,0x5aac,0x7350,0x8248,0xa2e5,0x81c3,0x5a2a,0x524c,0x4124,0x3906,0x71cf,0x38a7,0x1062,
  0x30e5,0x51c9,0x6ace,0x626e,0x4928,0x40c7,0x4129,0x0000,0x0000,0x0000,0x0000,0x0000,0x0000,0x3928,0x59ad,0x69af,
  0x3928,0x18a2,0x20a4,0x28c6,0x2064,0x590e,0xbb3c,0xbb1b,0x7954,0x614f,0x30a6,0x0000,0x0000,0x0000,0x0000,0x0000,
  0x0000,0x0000,0x0000,0x0000,0x0000,0x616e,0x8974,0xbb9a,0xe4fe,0xa2d7,0x38a9,0x28c7,0x3908,0x3125,0x3145,0x1883,
  0x2085,0x410a,0x69ef,0x59cd,0x49ab,0x51cb,0x4969,0x518c,0x40ca,0x38c7,0x4969,0x518b,0x4907,0x40c6,0x4169,0x2905,
  0x1042,0x4929,0x5949,0x2104,0x49eb,0x6944,0xe4c8,0xfffa,0xfeab,0xa1c0,0x5168,0x4185,0x4126,0x614c,0x2064,0x1062,
  0x3948,0x4149,0x40c6,0x518a,0x6a8f,0x51c9,0x30c6,0x494b,0x412a,0x4128,0x498a,0x51ab,0x622d,0x598c,0x48ea,0x2065,
  0x1083,0x28e6,0x38e8,0x4109,0x1883,0x2846,0xb359,0xed1f,0xa258,0x6911,0x510b,0x0000,0x0000,0x0000,0x0000,0x0000,
  0x0000,0x0000,0x0000,0x0000,0x4109,0x690f,0x91f5,0xcbfc,0xf57f,0xb3b8,0x38a9,0x3909,0x6a0e,0x4189,0x422a,0x4a8b,
  0x4a6a,0x18c3,0x1863,0x2045,0x30e8,0x3949,0x3107,0x2906,0x3147,0x49aa,0x516b,0x60a4,0xbb64,0xd362,0x6903,0x20c6,
  0x1062,0x38c6,0x7a0d,0x3147,0x40e5,0xd2e2,0xff93,0xf7ff,0xf7d1,0xfcc4,0x9143,0x20c5,0x61ee,0x616b,0x1842,0x20e5,
  0x38a6,0x81a3,0xdc04,0xaa63,0x58a6,0x41cb,0x2925,0x2926,0x20a6,0x38e9,0x412a,0x38e8,0x28a6,0x1043,0x18a4,0x4229,
  0x5aec,0x528b,0x51ab,0x59ae,0x20c5,0x2885,0xbbf8,0xfdff,0xc37b,0x81b4,0x692e,0x490a,0x0000,0x0000,0x0000,0x0000,
  0x0000,0x0000,0x0000,0x2085,0x618f,0x7131,0xb338,0xcbdd,0xe4fd,0xa354,0x30a8,0x28a6,0x59ac,0x628f,0x8c34,0xcdd9,
  0xc598,0xbdf9,0x9d56,0x73d0,0x5b2d,0x5acc,0x526a,0x628c,0x59ea,0x3148,0x5085,0xdae2,0xff30,0xfecc,0xd2a0,0x58e4,
  0x0884,0x40c4,0x824c,0x3948,0x60c1,0xfbe2,0xfeca,0xff91,0xfee9,0xfd45,0xc1c1,0x1821,0x51c6,0x4925,0x1021,0x10c6,
  0x8101,0xec85,0xfff1,0xfd69,0xa120,0x2865,0x2906,0x4a49,0x732d,0x51ca,0x630d,0x73ae,0x73ef,0x8c92,0xbdb7,0xb576,
  0xad76,0x9cf4,0x6aee,0x516b,0x28a4,0x3087,0xb378,0xf5ff,0xd45c,0xa258,0x7150,0x616d,0x2065,0x0000,0x0000,0x0000,
  0x0000,0x0000,0x0000,0x48eb,0x6931,0x7990,0xb2f9,0xcb5f,0xb2f9,0x4108,0x1042,0x28c5,0x2905,0x39a8,0x62ce,0x8bb1,
  0x8bd1,0xad56,0xa535,0x9cd3,0x8c71,0x7b8f,0x5269,0x3987,0x28c4,0x18c6,0x50c5,0xdb01,0xfdc3,0xf543,0xe2c0,0x7144,
  0x10a5,0x30e2,0x6a46,0x49c6,0x7080,0xf2c0,0xfd02,0xfea5,0xfdc3,0xf381,0xd1c1,0x2020,0x49c5,0x30e3,0x0821,0x1085,
  0x7922,0xe341,0xf5c5,0xfd22,0xba00,0x2864,0x20c5,0x2964,0x628a,0x6a2c,0x7c10,0x8c91,0x9472,0x8c32,0xa516,0x8c32,
  0x6b4f,0x630e,0x3188,0x28a5,0x3927,0x1863,0x50ec,0xbb1b,0xbafc,0xa239,0x7150,0x614d,0x38c8,0x0000,0x0000,0x0000,
  0x0000,0x0000,0x2886,0x612f,0x68f0,0x79f0,0xaaf9,0xc2de,0x81d4,0x2085,0x1082,0x28c5,0x3927,0x49ca,0x41e9,0x420a,
  0x31c8,0x2146,0x18e5,0x1063,0x18a4,0x20e6,0x20c5,0x2085,0x28a5,0x30e6,0x4129,0x8103,0xe300,0xe320,0x8101,0x38c6,
  0x18c5,0x28a2,0x59a8,0x4989,0x60c1,0xd9e0,0xfbe1,0xfce1,0xfc21,0xe240,0xb141,0x4101,0x49a9,0x30c6,0x0801,0x2906,
  0x4906,0x8900,0xeae0,0xd2a0,0x68e4,0x3929,0x20a3,0x2083,0x2885,0x3107,0x2947,0x10a3,0x1042,0x1883,0x2126,0x31c7,
  0x31a7,0x3187,0x3969,0x30c7,0x28a6,0x1863,0x3087,0x89d4,0xbadc,0xaadb,0x81b3,0x612d,0x592c,0x2885,0x0000,0x0000,
  0x0000,0x0000,0x3067,0x6130,0x690f,0x8232,0xa298,0xb25b,0x58ed,0x1863,0x28e5,0x3929,0x3929,0x28e5,0x18a3,0x1884,
  0x1863,0x28a6,0x38e8,0x3107,0x2926,0x2906,0x2906,0x4129,0x38e8,0x30a6,0x38e7,0x51aa,0x7966,0x7145,0x4949,0x28c7,
  0x1022,0x1862,0x4949,0x418b,0x4146,0xa920,0xe220,0xf380,0xe2a0,0xd9c0,0x58a0,0x3964,0x59aa,0x2885,0x1042,0x28a4,
  0x3909,0x5189,0x7164,0x7188,0x51ad,0x30c6,0x2084,0x38e8,0x30e7,0x28e5,0x2946,0x3147,0x3929,0x40e9,0x30a7,0x1863,
  0x1062,0x1082,0x20c5,0x40ea,0x40ea,0x2085,0x1843,0x614e,0xbafc,0xaada,0x79b2,0x50eb,0x612f,0x38a9,0x0000,0x0000,
  0x0000,0x0000,0x510b,0x696e,0x610e,0x9256,0xa299,0x9a18,0x40a9,0x1863,0x3908,0x28c6,0x1883,0x20a4,0x28c6,0x38e8,
  0x494a,0x30e7,0x1083,0x0000,0x0000,0x0000,0x0000,0x0000,0x1863,0x2064,0x28a5,0x28c6,0x3949,0x312a,0x28c6,0x20a4,
  0x1062,0x0821,0x3105,0x626a,0x528c,0x5923,0xb960,0xe2c0,0xe220,0x9900,0x3966,0x526a,0x4966,0x1863,0x1061,0x20c4,
  0x30a6,0x28c6,0x28e7,0x28e7,0x28c5,0x28a5,0x28a5,0x1883,0x0000,0x0000,0x0000,0x0000,0x18a3,0x20c5,0x38e8,0x518c,
  0x4129,0x28c5,0x18a3,0x1062,0x28a6,0x38c8,0x2064,0x48ea,0xa258,0x91f8,0x7992,0x50eb,0x694f,0x592d,0x0000,0x0000,
  0x0000,0x3087,0x822e,0x616b,0x50cd,0x9216,0xa259,0x8174,0x3066,0x28c6,0x28a6,0x1063,0x3907,0x4109,0x4129,0x30e7,
  0x20a4,0x0000,0x0000,0x0000,0x0000,0x0000,0x0000,0x0000,0x0000,0x0000,0x1883,0x20a5,0x38c7,0x38a6,0x30e5,0x28c5,
  0x1082,0x1063,0x20a3,0x6aa7,0x838d,0x528d,0x40a1,0x9981,0x7901,0x4125,0x424c,0x7b8e,0x2903,0x1042,0x0861,0x18c4,
  0x3107,0x38e4,0x30a4,0x2065,0x1863,0x18a3,0x0000,0x0000,0x0000,0x0000,0x0000,0x0000,0x0000,0x0000,0x0000,0x28e6,
  0x416a,0x496b,0x38e7,0x28a6,0x2084,0x28c6,0x28c6,0x3086,0x7952,0xa238,0x9257,0x50cd,0x610e,0x7a0f,0x3085,0x0000,
  0x0000,0x28a6,0x822e,0x510a,0x510e,0x81b5,0xa239,0x6951,0x3087,0x2886,0x0000,0x0000,0x20a5,0x28c6,0x20a5,0x0000,
  0x0000,0x0000,0x0000,0x0000,0x0000,0x0000,0x0000,0x0000,0x0000,0x0000,0x0000,0x20a3,0x4129,0x69b0,0x596c,0x1883,
  0x18c3,0x2905,0x1042,0x3947,0x8bf1,0x8c31,0x41a9,0x49ab,0x418a,0x522c,0x730e,0x6aab,0x20a3,0x1883,0x0861,0x18e5,
  0x4148,0x69eb,0x69ed,0x28a8,0x0000,0x0000,0x0000,0x0000,0x0000,0x0000,0x0000,0x0000,0x0000,0x0000,0x0000,0x0000,
  0x0000,0x28c6,0x28a6,0x2085,0x0000,0x0000,0x2084,0x2887,0x6930,0xa219,0x89b6,0x58ce,0x58ec,0x824b,0x38e5,0x0000,
  0x0000,0x2065,0x616d,0x510a,0x612f,0x8995,0xa1f9,0x612f,0x2064,0x0000,0x0000,0x0000,0x0000,0x0000,0x0000,0x0000,
  0x0000,0x0000,0x0000,0x0000,0x0000,0x0000,0x0000,0x0000,0x0000,0x0000,0x0000,0x0000,0x1042,0x490b,0x592c,0x1883,
  0x18c3,0x3127,0x20c4,0x20a4,0x41aa,0x7bb0,0x9cd4,0x9474,0x7bd2,0x8c33,0x6aac,0x28c5,0x1883,0x2906,0x18a3,0x10a3,
  0x4148,0x618d,0x38e9,0x0000,0x0000,0x0000,0x0000,0x0000,0x0000,0x0000,0x0000,0x0000,0x0000,0x0000,0x0000,0x0000,
  0x0000,0x0000,0x0000,0x0000,0x0000,0x0000,0x0000,0x1844,0x612e,0x99f8,0x8996,0x58ee,0x50eb,0x618a,0x30c5,0x0000,
  0x0000,0x2044,0x48eb,0x50eb,0x590e,0x89b5,0x99f8,0x50ec,0x1022,0x0000,0x0000,0x0000,0x0000,0x0000,0x0000,0x0000,
  0x0000,0x0000,0x0000,0x0000,0x0000,0x0000,0x0000,0x0000,0x0000,0x0000,0x0000,0x0000,0x0000,0x0000,0x30c7,0x2906,
  0x18e3,0x3908,0x3948,0x18c2,0x28e5,0x4188,0x94f4,0xf7df,0xbdd9,0x624b,0x2925,0x1082,0x18c4,0x41a9,0x3126,0x18e3,
  0x20a4,0x2065,0x0000,0x0000,0x0000,0x0000,0x0000,0x0000,0x0000,0x0000,0x0000,0x0000,0x0000,0x0000,0x0000,0x0000,
  0x0000,0x0000,0x0000,0x0000,0x0000,0x0000,0x0000,0x1844,0x590d,0x99f8,0x89d6,0x50eb,0x50ea,0x512b,0x28a6,0x0000,
  0x0000,0x0000,0x40aa,0x50eb,0x50ec,0x81b4,0x99f8,0x48cb,0x0000,0x0000,0x0000,0x0000,0x0000,0x0000,0x0000,0x0000,
  0x0000,0x0000,0x0000,0x0000,0x0000,0x0000,0x0000,0x0000,0x0000,0x0000,0x0000,0x0000,0x0000,0x0000,0x0000,0x0000,
  0x18c4,0x3909,0x498a,0x0881,0x3167,0x59cc,0x4188,0x736d,0x5a49,0x3946,0x39c7,0x1081,0x2946,0x41a9,0x2945,0x18e4,
  0x0000,0x0000,0x0000,0x0000,0x0000,0x0000,0x0000,0x0000,0x0000,0x0000,0x0000,0x0000,0x0000,0x0000,0x0000,0x0000,
  0x0000,0x0000,0x0000,0x0000,0x0000,0x0000,0x0000,0x0000,0x50ec,0x99d8,0x81d3,0x5109,0x50eb,0x40c9,0x1043,0x0000,
  0x0000,0x0000,0x3888,0x50cb,0x48cb,0x7171,0x91d7,0x48ec,0x0000,0x0000,0x0000,0x0000,0x0000,0x0000,0x0000,0x0000,
  0x0000,0x0000,0x0000,0x0000,0x0000,0x0000,0x0000,0x0000,0x0000,0x0000,0x0000,0x0000,0x0000,0x0000,0x0000,0x0000,
  0x0000,0x30e7,0x516b,0x20a4,0x2105,0x7b11,0x732f,0x3985,0x31c8,0x632f,0x4209,0x0821,0x4149,0x518b,0x20a4,0x0000,
  0x0000,0x0000,0x0000,0x0000,0x0000,0x0000,0x0000,0x0000,0x0000,0x0000,0x0000,0x0000,0x0000,0x0000,0x0000,0x0000,
  0x0000,0x0000,0x0000,0x0000,0x0000,0x0000,0x0000,0x0000,0x510d,0x91d7,0x6970,0x48e8,0x48cb,0x3087,0x0000,0x0000,
  0x0000,0x0000,0x2045,0x48ca,0x40aa,0x612f,0x99f8,0x510d,0x0000,0x0000,0x0000,0x0000,0x0000,0x0000,0x0000,0x0000,
  0x0000,0x0000,0x0000,0x0000,0x0000,0x0000,0x0000,0x0000,0x0000,0x0000,0x0000,0x0000,0x0000,0x0000,0x0000,0x0000,
  0x0000,0x20a5,0x414a,0x3928,0x10c2,0x4a0b,0x9cb5,0xb5d8,0x94d5,0x5acd,0x2124,0x20a4,0x412a,0x30c7,0x0000,0x0000,
  0x0000,0x0000,0x0000,0x0000,0x0000,0x0000,0x0000,0x0000,0x0000,0x0000,0x0000,0x0000,0x0000,0x0000,0x0000,0x0000,
  0x0000,0x0000,0x0000,0x0000,0x0000,0x0000,0x0000,0x0000,0x590d,0x91d7,0x590c,0x40c8,0x40c9,0x2045,0x0000,0x0000,
  0x0000,0x0000,0x0000,0x3888,0x40a9,0x58ed,0x91f7,0x6951,0x0000,0x0000,0x0000,0x0000,0x0000,0x0000,0x0000,0x0000,
  0x0000,0x0000,0x0000,0x0000,0x0000,0x0000,0x0000,0x0000,0x0000,0x0000,0x0000,0x0000,0x0000,0x0000,0x0000,0x0000,
  0x0000,0x0000,0x30e7,0x61ce,0x18c3,0x3187,0x7bb1,0xd69a,0x9493,0x39a8,0x0861,0x4149,0x492b,0x1843,0x0000,0x0000,
  0x0000,0x0000,0x0000,0x0000,0x0000,0x0000,0x0000,0x0000,0x0000,0x0000,0x0000,0x0000,0x0000,0x0000,0x0000,0x0000,
  0x0000,0x0000,0x0000,0x0000,0x0000,0x0000,0x0000,0x2065,0x612f,0x89b5,0x50cb,0x48e9,0x3087,0x0000,0x0000,0x0000,
  0x0000,0x0000,0x0000,0x2045,0x40ca,0x48ab,0x8195,0x7151,0x2065,0x0000,0x0000,0x0000,0x0000,0x0000,0x0000,0x0000,
  0x0000,0x0000,0x0000,0x0000,0x0000,0x0000,0x0000,0x0000,0x0000,0x0000,0x0000,0x0000,0x0000,0x0000,0x0000,0x0000,
  0x0000,0x0000,0x28c6,0x516d,0x28c6,0x2966,0x630e,0x94b4,0x734f,0x41ca,0x0841,0x494a,0x4129,0x0000,0x0000,0x0000,
  0x0000,0x0000,0x0000,0x0000,0x0000,0x0000,0x0000,0x0000,0x0000,0x0000,0x0000,0x0000,0x0000,0x0000,0x0000,0x0000,
  0x0000,0x0000,0x0000,0x0000,0x0000,0x0000,0x0000,0x2886,0x7171,0x7171,0x50ca,0x48c9,0x2865,0x0000,0x0000,0x0000,
  0x0000,0x0000,0x0000,0x0000,0x38a8,0x48ca,0x610f,0x7993,0x38c9,0x0000,0x0000,0x0000,0x0000,0x0000,0x0000,0x0000,
  0x0000,0x0000,0x0000,0x0000,0x0000,0x0000,0x0000,0x0000,0x0000,0x0000,0x0000,0x0000,0x0000,0x0000,0x0000,0x0000,
  0x0000,0x0000,0x0000,0x38c9,0x40c9,0x18c3,0x524b,0xad76,0x83d1,0x3188,0x1863,0x4109,0x28a6,0x0000,0x0000,0x0000,
  0x0000,0x0000,0x0000,0x0000,0x0000,0x0000,0x0000,0x0000,0x0000,0x0000,0x0000,0x0000,0x0000,0x0000,0x0000,0x0000,
  0x0000,0x0000,0x0000,0x0000,0x0000,0x0000,0x0000,0x40ca,0x79b3,0x614d,0x48a9,0x38a7,0x0000,0x0000,0x0000,0x0000,
  0x0000,0x0000,0x0000,0x0000,0x2086,0x40c9,0x48cb,0x7172,0x50ec,0x0000,0x0000,0x0000,0x0000,0x0000,0x0000,0x0000,
  0x0000,0x0000,0x0000,0x0000,0x0000,0x0000,0x0000,0x0000,0x0000,0x0000,0x0000,0x0000,0x0000,0x0000,0x0000,0x0000,
  0x0000,0x0000,0x0000,0x0000,0x1884,0x1062,0x420a,0x94d4,0x73b0,0x2926,0x1063,0x2084,0x0000,0x0000,0x0000,0x0000,
  0x0000,0x0000,0x0000,0x0000,0x0000,0x0000,0x0000,0x0000,0x0000,0x0000,0x0000,0x0000,0x0000,0x0000,0x0000,0x0000,
  0x0000,0x0000,0x0000,0x0000,0x0000,0x0000,0x0000,0x592e,0x81d2,0x5109,0x40c8,0x2064,0x0000,0x0000,0x0000,0x0000,
  0x0000,0x0000,0x0000,0x0000,0x0000,0x28a6,0x38a8,0x612e,0x6931,0x3889,0x0000,0x0000,0x0000,0x0000,0x0000,0x0000,
  0x0000,0x0000,0x0000,0x0000,0x0000,0x0000,0x0000,0x0000,0x0000,0x0000,0x0000,0x0000,0x0000,0x0000,0x0000,0x0000,
  0x0000,0x0000,0x0000,0x0000,0x0000,0x0000,0x3988,0x9493,0x6b4e,0x18a4,0x0000,0x0000,0x0000,0x0000,0x0000,0x0000,
  0x0000,0x0000,0x0000,0x0000,0x0000,0x0000,0x0000,0x0000,0x0000,0x0000,0x0000,0x0000,0x0000,0x0000,0x0000,0x0000,
  0x0000,0x0000,0x0000,0x0000,0x0000,0x0000,0x3087,0x614f,0x694d,0x40c7,0x2886,0x0000,0x0000,0x0000,0x0000,0x0000,
  0x0000,0x0000,0x0000,0x0000,0x0000,0x0000,0x2886,0x40a8,0x7130,0x50cc,0x0000,0x0000,0x0000,0x0000,0x0000,0x0000,
  0x0000,0x0000,0x0000,0x0000,0x0000,0x0000,0x0000,0x0000,0x0000,0x0000,0x0000,0x0000,0x0000,0x0000,0x0000,0x0000,
  0x0000,0x0000,0x0000,0x0000,0x0000,0x0000,0x2906,0x83b2,0x524b,0x1062,0x0000,0x0000,0x0000,0x0000,0x0000,0x0000,
  0x0000,0x0000,0x0000,0x0000,0x0000,0x0000,0x0000,0x0000,0x0000,0x0000,0x0000,0x0000,0x0000,0x0000,0x0000,0x0000,
  0x0000,0x0000,0x0000,0x0000,0x0000,0x0000,0x50ec,0x6970,0x38a6,0x2865,0x0000,0x0000,0x0000,0x0000,0x0000,0x0000,
  0x0000,0x0000,0x0000,0x0000,0x0000,0x0000,0x0000,0x2064,0x40aa,0x6130,0x40ca,0x0000,0x0000,0x0000,0x0000,0x0000,
  0x0000,0x0000,0x0000,0x0000,0x0000,0x0000,0x0000,0x0000,0x0000,0x0000,0x0000,0x0000,0x0000,0x0000,0x0000,0x0000,
  0x0000,0x0000,0x0000,0x0000,0x0000,0x0000,0x18a4,0x7350,0x4a0a,0x0000,0x0000,0x0000,0x0000,0x0000,0x0000,0x0000,
  0x0000,0x0000,0x0000,0x0000,0x0000,0x0000,0x0000,0x0000,0x0000,0x0000,0x0000,0x0000,0x0000,0x0000,0x0000,0x0000,
  0x0000,0x0000,0x0000,0x0000,0x0000,0x38a8,0x6910,0x48cb,0x2044,0x0000,0x0000,0x0000,0x0000,0x0000,0x0000,0x0000,
  0x0000,0x0000,0x0000,0x0000,0x0000,0x0000,0x0000,0x0000,0x1023,0x3068,0x40ca,0x30a6,0x0000,0x0000,0x0000,0x0000,
  0x0000,0x0000,0x0000,0x0000,0x0000,0x0000,0x0000,0x0000,0x0000,0x0000,0x0000,0x0000,0x0000,0x0000,0x0000,0x0000,
  0x0000,0x0000,0x0000,0x0000,0x0000,0x0000,0x0000,0x4209,0x2946,0x0000,0x0000,0x0000,0x0000,0x0000,0x0000,0x0000,
  0x0000,0x0000,0x0000,0x0000,0x0000,0x0000,0x0000,0x0000,0x0000,0x0000,0x0000,0x0000,0x0000,0x0000,0x0000,0x0000,
  0x0000,0x0000,0x0000,0x0000,0x2886,0x48ca,0x3088,0x1023,0x0000,0x0000,0x0000,0x0000,0x0000,0x0000,0x0000,0x0000,
  0x0000,0x0000,0x0000,0x0000,0x0000,0x0000,0x0000,0x0000,0x0000,0x0000,0x1844,0x1864,0x0000,0x0000,0x0000,0x0000,
  0x0000,0x0000,0x0000,0x0000,0x0000,0x0000,0x0000,0x0000,0x0000,0x0000,0x0000,0x0000,0x0000,0x0000,0x0000,0x0000,
  0x0000,0x0000,0x0000,0x0000,0x0000,0x0000,0x0000,0x0000,0x0000,0x0000,0x0000,0x0000,0x0000,0x0000,0x0000,0x0000,
  0x0000,0x0000,0x0000,0x0000,0x0000,0x0000,0x0000,0x0000,0x0000,0x0000,0x0000,0x0000,0x0000,0x0000,0x0000,0x0000,
  0x0000,0x0000,0x0000,0x0000,0x1844,0x1843,0x0000,0x0000,0x0000,0x0000,0x0000,0x0000,0x0000,0x0000,0x0000,0x0000,
  0x0000,0x0000,0x0000,0x0000,0x0000,0x0000,0x0000,0x0000,0x0000,0x0000,0x0000,0x0000,0x0000,0x0000,0x0000,0x0000,
  0x0000,0x0000,0x0000,0x0000,0x0000,0x0000,0x0000,0x0000,0x0000,0x0000,0x0000,0x0000,0x0000,0x0000,0x0000,0x0000,
  0x0000,0x0000,0x0000,0x0000,0x0000,0x0000,0x0000,0x0000,0x0000,0x0000,0x0000,0x0000,0x0000,0x0000,0x0000,0x0000,
  0x0000,0x0000,0x0000,0x0000,0x0000,0x0000,0x0000,0x0000,0x0000,0x0000,0x0000,0x0000,0x0000,0x0000,0x0000,0x0000,
  0x0000,0x0000,0x0000,0x0000,0x0000,0x0000,0x0000,0x0000,0x0000,0x0000,0x0000,0x0000,0x0000,0x0000,0x0000,0x0000,
 },
 {
  0x0000,0x0000,0x0000,0x0000,0x0000,0x0000,0x0000,0x0000,0x0000,0x0000,0x0000,0x0000,0x0000,0x0000,0x0000,0x0000,
  0x0000,0x0000,0x0000,0x0000,0x0000,0x0000,0x0000,0x0000,0x0000,0x0000,0x0000,0x0000,0x0000,0x0000,0x0000,0x0000,
  0x0000,0x0000,0x0000,0x0000,0x0000,0x0000,0x0000,0x0000,0x0000,0x0000,0x0000,0x0000,0x0000,0x0000,0x0000,0x0000,
  0x0000,0x0000,0x0000,0x0000,0x0000,0x0000,0x0000,0x0000,0x0000,0x0000,0x0000,0x0000,0x0000,0x0000,0x0000,0x0000,
  0x0000,0x0000,0x0000,0x0000,0x0000,0x0000,0x0000,0x0000,0x0000,0x0000,0x0000,0x0000,0x0000,0x0000,0x0000,0x0000,
  0x0000,0x0000,0x0000,0x0000,0x0000,0x0000,0x0000,0x0000,0x0000,0x0000,0x0000,0x0000,0x0000,0x0000,0x0000,0x0000,
  0x0000,0x0000,0x0000,0x0000,0x0000,0x0000,0x0000,0x0000,0x0000,0x0000,0x0000,0x0000,0x0000,0x0000,0x0000,0x0000,
  0x0000,0x0000,0x0000,0x0000,0x0000,0x0000,0x0000,0x6b6f,0x6b6f,0x0000,0x0000,0x0000,0x0000,0x0000,0x0000,0x0000,
  0x0000,0x0000,0x0000,0x0000,0x0000,0x0000,0x0000,0x0000,0x0000,0x0000,0x0000,0x0000,0x0000,0x0000,0x0000,0x0000,
  0x0000,0x0000,0x0000,0x0000,0x0000,0x0000,0x0000,0x0000,0x0000,0x0000,0x0000,0x0000,0x0000,0x0000,0x0000,0x0000,
  0x0000,0x0000,0x0000,0x0000,0x0000,0x0000,0x0000,0x0000,0x0000,0x0000,0x0000,0x0000,0x0000,0x0000,0x0000,0x0000,
  0x0000,0x0000,0x0000,0x0000,0x0000,0x0000,0x0000,0x0000,0x0000,0x0000,0x0000,0x0000,0x0000,0x0000,0x0000,0x0000,
  0x0000,0x0000,0x0000,0x0000,0x0000,0x0000,0x8c52,0xb5b8,0xad98,0x7c11,0x0000,0x0000,0x0000,0x0000,0x0000,0x0000,
  0x0000,0x0000,0x0000,0x0000,0x0000,0x0000,0x0000,0x0000,0x0000,0x0000,0x0000,0x0000,0x0000,0x0000,0x0000,0x0000,
  0x0000,0x0000,0x0000,0x0000,0x0000,0x0000,0x0000,0x0000,0x0000,0x0000,0x0000,0x0000,0x0000,0x0000,0x0000,0x0000,
  0x0000,0x0000,0x0000,0x0000,0x0000,0x0000,0x0000,0x0000,0x0000,0x0000,0x0000,0x0000,0x0000,0x0000,0x0000,0x0000,
  0x0000,0x0000,0x0000,0x0000,0x0000,0x0000,0x0000,0x0000,0x0000,0x0000,0x0000,0x0000,0x0000,0x0000,0x0000,0x0000,
  0x0000,0x0000,0x0000,0x0000,0x0000,0x3167,0x8c52,0xce5a,0xc63a,0x8432,0x3188,0x0000,0x0000,0x0000,0x0000,0x0000,
  0x0000,0x0000,0x0000,0x0000,0x0000,0x0000,0x0000,0x0000,0x0000,0x0000,0x0000,0x0000,0x0000,0x0000,0x0000,0x0000,
  0x0000,0x0000,0x0000,0x0000,0x0000,0x0000,0x0000,0x0000,0x0000,0x0000,0x0000,0x0000,0x0000,0x0000,0x0000,0x0000,
  0x0000,0x0000,0x0000,0x0000,0x0000,0x0000,0x0000,0x0000,0x0000,0x0000,0x0000,0x0000,0x0000,0x0000,0x0000,0x0000,
  0x0000,0x0000,0x0000,0x0000,0x0000,0x0000,0x0000,0x0000,0x0000,0x0000,0x0000,0x0000,0x0000,0x0000,0x0000,0x0000,
  0x0000,0x0000,0x0000,0x0000,0x0000,0x528b,0x9cb4,0xd69b,0xce9b,0x9493,0x422a,0x18e5,0x0000,0x0000,0x0000,0x0000,
  0x0000,0x0000,0x0000,0x0000,0x0000,0x0000,0x0000,0x0000,0x0000,0x0000,0x0000,0x0000,0x0000,0x0000,0x0000,0x0000,
  0x0000,0x0000,0x0000,0x0000,0x0000,0x0000,0x0000,0x0000,0x0000,0x0000,0x0000,0x0000,0x0000,0x0000,0x0000,0x0000,
  0x0000,0x0000,0x0000,0x0000,0x0000,0x0000,0x0000,0x0000,0x0000,0x0000,0x0000,0x0000,0x0000,0x0000,0x0000,0x0000,
  0x0000,0x0000,0x0000,0x0000,0x0000,0x0000,0x0000,0x0000,0x0000,0x0000,0x0000,0x0000,0x0000,0x0000,0x0000,0x0000,
  0x0000,0x0000,0x0000,0x0000,0x39c8,0x6b6e,0xb5b7,0xef9e,0xe77d,0xa555,0x5b0d,0x2967,0x0000,0x0000,0x0000,0x0000,
  0x0000,0x0000,0x0000,0x0000,0x0000,0x0000,0x0000,0x0000,0x0000,0x0000,0x0000,0x0000,0x0000,0x0000,0x0000,0x0000,
  0x0000,0x0000,0x0000,0x0000,0x0000,0x0000,0x0000,0x0000,0x0000,0x0000,0x0000,0x0000,0x0000,0x0000,0x0000,0x0000,
  0x0000,0x0000,0x0000,0x0000,0x0000,0x0000,0x0000,0x0000,0x0000,0x0000,0x0000,0x0000,0x0000,0x0000,0x0000,0x0000,
  0x0000,0x0000,0x0000,0x0000,0x0000,0x0000,0x0000,0x0000,0x0000,0x0000,0x0000,0x0000,0x0000,0x0000,0x0000,0x0000,
  0x0000,0x0000,0x0000,0x2925,0x632d,0x8cb2,0x9cf4,0x9c94,0x83f1,0x73b0,0x6baf,0x52ab,0x2946,0x0000,0x0000,0x0000,
  0x0000,0x0000,0x0000,0x0000,0x0000,0x0000,0x0000,0x0000,0x0000,0x0000,0x0000,0x0000,0x0000,0x0000,0x0000,0x0000,
  0x0000,0x0000,0x0000,0x0000,0x0000,0x0000,0x0000,0x0000,0x0000,0x0000,0x0000,0x0000,0x0000,0x0000,0x0000,0x0000,
  0x0000,0x0000,0x0000,0x0000,0x0000,0x0000,0x0000,0x0000,0x0000,0x0000,0x0000,0x0000,0x0000,0x0000,0x0000,0x0000,
  0x0000,0x0000,0x0000,0x0000,0x0000,0x0000,0x0000,0x0000,0x0000,0x0000,0x0000,0x0000,0x0000,0x0000,0x0000,0x0000,
  0x0000,0x0000,0x0000,0x31a6,0x528a,0x6acf,0x7a31,0x7991,0x7170,0x69cf,0x5a2d,0x4a2b,0x31a8,0x0000,0x0000,0x0000,
  0x0000,0x0000,0x0000,0x0000,0x0000,0x0000,0x0000,0x0000,0x0000,0x0000,0x0000,0x0000,0x0000,0x0000,0x0000,0x0000,
  0x0000,0x0000,0x0000,0x0000,0x0000,0x0000,0x0000,0x0000,0x0000,0x0000,0x0000,0x0000,0x0000,0x0000,0x0000,0x0000,
  0x0000,0x0000,0x0000,0x0000,0x0000,0x0000,0x0000,0x0000,0x0000,0x0000,0x0000,0x0000,0x0000,0x0000,0x0000,0x0000,
  0x0000,0x0000,0x0000,0x0000,0x0000,0x0000,0x0000,0x0000,0x0000,0x0000,0x0000,0x0000,0x0000,0x0000,0x0000,0x0000,
  0x0000,0x0000,0x3106,0x3928,0x490a,0x618e,0x7ad1,0x8b92,0x7b70,0x624d,0x40ea,0x38a8,0x3107,0x2926,0x0000,0x0000,
  0x0000,0x0000,0x0000,0x0000,0x0000,0x0000,0x0000,0x0000,0x0000,0x0000,0x0000,0x0000,0x0000,0x0000,0x0000,0x0000,
  0x0000,0x0000,0x0000,0x0000,0x0000,0x0000,0x0000,0x0000,0x0000,0x0000,0x0000,0x0000,0x0000,0x0000,0x0000,0x0000,
  0x0000,0x0000,0x0000,0x0000,0x0000,0x0000,0x0000,0x0000,0x0000,0x0000,0x0000,0x0000,0x0000,0x0000,0x0000,0x0000,
  0x0000,0x0000,0x0000,0x0000,0x0000,0x0000,0x0000,0x0000,0x0000,0x0000,0x0000,0x0000,0x0000,0x0000,0x0000,0x0000,
  0x4109,0x594d,0x612f,0x50ed,0x490b,0x6aee,0xbe18,0xf7ff,0xe7be,0xa575,0x5aac,0x38e8,0x48ab,0x612e,0x596d,0x4149,
  0x0000,0x0000,0x0000,0x0000,0x0000,0x0000,0x0000,0x0000,0x0000,0x0000,0x0000,0x0000,0x0000,0x0000,0x0000,0x0000,
  0x0000,0x0000,0x0000,0x0000,0x0000,0x0000,0x0000,0x0000,0x0000,0x0000,0x0000,0x0000,0x0000,0x0000,0x0000,0x0000,
  0x0000,0x0000,0x0000,0x0000,0x0000,0x0000,0x0000,0x0000,0x0000,0x0000,0x0000,0x0000,0x0000,0x0000,0x0000,0x0000,
  0x0000,0x0000,0x0000,0x0000,0x0000,0x0000,0x0000,0x0000,0x0000,0x0000,0x0000,0x0000,0x0000,0x0000,0x0000,0x2886,
  0x592d,0x7992,0x590e,0x416a,0x736f,0xb5d7,0xe75d,0xef9e,0xcebb,0xadd7,0x94f4,0x632e,0x4149,0x50ec,0x692f,0x510b,
  0x28a5,0x0000,0x0000,0x0000,0x0000,0x0000,0x0000,0x0000,0x0000,0x0000,0x0000,0x0000,0x0000,0x0000,0x0000,0x0000,
  0x0000,0x0000,0x0000,0x0000,0x0000,0x0000,0x0000,0x0000,0x0000,0x0000,0x0000,0x0000,0x0000,0x0000,0x0000,0x0000,
  0x0000,0x0000,0x0000,0x0000,0x0000,0x0000,0x0000,0x0000,0x0000,0x0000,0x0000,0x0000,0x0000,0x0000,0x0000,0x0000,
  0x0000,0x0000,0x0000,0x0000,0x0000,0x510c,0x592d,0x38ca,0x2085,0x0000,0x0000,0x0000,0x0000,0x0000,0x38e9,0x594e,
  0x7191,0x69b0,0x59ed,0x62ec,0x94d3,0xd6bb,0xf7bf,0xef9e,0xd6dc,0xbe1a,0xa578,0x8432,0x52ab,0x4169,0x40ea,0x50ec,
  0x490b,0x38e8,0x0000,0x0000,0x0000,0x0000,0x0000,0x2886,0x40c9,0x510b,0x0000,0x0000,0x0000,0x0000,0x0000,0x0000,
  0x0000,0x0000,0x0000,0x0000,0x0000,0x0000,0x0000,0x0000,0x0000,0x0000,0x0000,0x0000,0x0000,0x0000,0x0000,0x0000,
  0x0000,0x0000,0x0000,0x0000,0x0000,0x0000,0x0000,0x0000,0x0000,0x0000,0x0000,0x0000,0x0000,0x0000,0x0000,0x0000,
  0x0000,0x0000,0x0000,0x516c,0x7a12,0x8a15,0x6951,0x38a9,0x0000,0x0000,0x0000,0x0000,0x0000,0x1884,0x490b,0x71b2,
  0x69b0,0x59cc,0x6b0e,0x9493,0xad96,0xce58,0xef5b,0xf7bd,0xe75c,0xce7a,0xad16,0x8bd2,0x6ace,0x49c9,0x3928,0x594d,
  0x696f,0x40ea,0x2084,0x0000,0x0000,0x0000,0x0000,0x0000,0x38c9,0x6970,0x81f3,0x71b0,0x48ea,0x0000,0x0000,0x0000,
  0x0000,0x0000,0x0000,0x0000,0x0000,0x0000,0x0000,0x0000,0x0000,0x0000,0x0000,0x0000,0x0000,0x0000,0x0000,0x0000,
  0x0000,0x0000,0x0000,0x0000,0x0000,0x0000,0x0000,0x0000,0x0000,0x0000,0x0000,0x0000,0x0000,0x0000,0x0000,0x0000,
  0x0000,0x40e9,0x616f,0x9216,0x9217,0x590d,0x2045,0x2085,0x4168,0x0000,0x3128,0x3147,0x2906,0x30c7,0x510d,0x7992,
  0x61ae,0x4a09,0x6b6e,0x9cf5,0xbd97,0xce38,0xef5b,0xefbb,0xd718,0xbdd4,0xa472,0x9392,0x7b10,0x524b,0x41a8,0x598d,
  0x6990,0x510c,0x30c7,0x28c6,0x2906,0x0000,0x0000,0x0000,0x0000,0x2045,0x594e,0x9a57,0x9a17,0x6951,0x4089,0x2024,
  0x0000,0x0000,0x0000,0x0000,0x0000,0x0000,0x0000,0x0000,0x0000,0x0000,0x0000,0x0000,0x0000,0x0000,0x0000,0x0000,
  0x0000,0x0000,0x0000,0x0000,0x0000,0x0000,0x0000,0x0000,0x0000,0x0000,0x0000,0x0000,0x0000,0x0000,0x0000,0x40c9,
  0x612e,0x89f5,0xa258,0x81b4,0x48cb,0x2866,0x2064,0x1043,0x28e6,0x520c,0x526d,0x3188,0x20c5,0x30c8,0x48ab,0x50ec,
  0x518b,0x5a8b,0x7bb0,0x9cd6,0xbd99,0xd67b,0xf77e,0xe75d,0xbe39,0x9d36,0x94b4,0x9414,0x7b52,0x5a8d,0x4209,0x498b,
  0x594e,0x50ee,0x38aa,0x2085,0x2105,0x41ea,0x41ca,0x20c5,0x1042,0x2064,0x3887,0x610d,0x9a76,0xbafb,0x9a17,0x690f,
  0x48aa,0x0000,0x0000,0x0000,0x0000,0x0000,0x0000,0x0000,0x0000,0x0000,0x0000,0x0000,0x0000,0x0000,0x0000,0x0000,
  0x0000,0x0000,0x0000,0x0000,0x0000,0x0000,0x0000,0x0000,0x0000,0x0000,0x0000,0x0000,0x0000,0x40c9,0x590d,0x79d3,
  0xa278,0xaa9a,0x9215,0x510c,0x2044,0x2064,0x30c7,0x30a7,0x4109,0x622e,0x4a0b,0x10a3,0x2065,0x612e,0x714f,0x4909,
  0x4167,0x528b,0x7bb1,0x9c96,0xad17,0xbdb8,0xd69b,0xd6bb,0xb5d8,0x94d4,0x83f2,0x8373,0x8b33,0x7b10,0x62ab,0x49a9,
  0x512b,0x6990,0x614e,0x2024,0x1062,0x4209,0x524b,0x28e6,0x2886,0x48c9,0x3066,0x2865,0x594b,0x9255,0xb2da,0xa259,
  0x8994,0x60ee,0x40a9,0x0000,0x0000,0x0000,0x0000,0x0000,0x0000,0x0000,0x0000,0x0000,0x0000,0x0000,0x0000,0x0000,
  0x0000,0x0000,0x0000,0x0000,0x0000,0x0000,0x0000,0x0000,0x0000,0x0000,0x0000,0x38c8,0x590d,0x7192,0x89d5,0xaa9a,
  0xbb1c,0x9a56,0x58ed,0x2825,0x1863,0x38e7,0x594b,0x512b,0x48e9,0x40e9,0x28a6,0x1082,0x38e8,0x8192,0x7971,0x4908,
  0x41a6,0x62ea,0x7bd0,0x9414,0x9414,0xa4d6,0xce7b,0xe75d,0xd6fb,0xadb6,0x8412,0x7b11,0x8ad2,0x82ef,0x62aa,0x49c7,
  0x492a,0x7190,0x7190,0x3087,0x0001,0x1081,0x28e5,0x40e8,0x590c,0x590c,0x38c8,0x1864,0x2045,0x592c,0x9ad6,0xbb7b,
  0xa258,0x7934,0x7111,0x58ed,0x3088,0x0000,0x0000,0x0000,0x0000,0x0000,0x0000,0x0000,0x0000,0x0000,0x0000,0x0000,
  0x0000,0x0000,0x0000,0x0000,0x0000,0x0000,0x0000,0x0000,0x0000,0x30a7,0x48eb,0x612f,0x7152,0x91f6,0xaab9,0xb2da,
  0x9a37,0x612f,0x2866,0x1022,0x2084,0x3928,0x516b,0x514a,0x38c8,0x2886,0x1843,0x1842,0x4909,0x81f3,0x79b2,0x492a,
  0x41c7,0x62c9,0x6b0c,0x730f,0x83b3,0xad37,0xdf1d,0xf7ff,0xdf5c,0xbe38,0x9cd5,0x8332,0x7210,0x6a0d,0x5a49,0x41c7,
  0x4149,0x69b0,0x71b0,0x38a8,0x0801,0x0801,0x38a6,0x614c,0x698e,0x514b,0x3908,0x28c5,0x1863,0x2886,0x696f,0x9a77,
  0xb2da,0xa258,0x8194,0x6911,0x612f,0x510c,0x38a7,0x0000,0x0000,0x0000,0x0000,0x0000,0x0000,0x0000,0x0000,0x0000,
  0x0000,0x0000,0x0000,0x0000,0x0000,0x0000,0x0000,0x0000,0x38c9,0x510c,0x692f,0x7152,0x81b4,0xa298,0xcbbc,0xb339,
  0x7171,0x3889,0x2085,0x1863,0x28a5,0x4148,0x59cc,0x69ce,0x514b,0x2885,0x0001,0x0820,0x40e8,0x81d2,0x79d2,0x494b,
  0x4986,0x6205,0x61e7,0x6a4c,0x8c14,0xad58,0xb577,0xa4b2,0x8bf0,0x8c52,0x9cd5,0x8bf4,0x620e,0x498a,0x41a7,0x3146,
  0x4129,0x6990,0x7170,0x3888,0x0802,0x1843,0x4908,0x71ad,0x71ed,0x49a9,0x3146,0x28e5,0x1883,0x1863,0x2846,0x616f,
  0xb339,0xcb9c,0xa278,0x7973,0x7132,0x6950,0x612d,0x48ea,0x0000,0x0000,0x0000,0x0000,0x0000,0x0000,0x0000,0x0000,
  0x0000,0x0000,0x0000,0x0000,0x0000,0x0000,0x0000,0x40ca,0x590d,0x690f,0x6911,0x7974,0xa2b8,0xc3bc,0xcbbc,0x9275,
  0x48cb,0x2025,0x2085,0x3908,0x4149,0x3927,0x3947,0x5a0b,0x6a2d,0x4969,0x2084,0x1022,0x38c7,0x79d0,0x79f1,0x516a,
  0x4124,0x5184,0x6a8a,0x7aef,0x622c,0x59c8,0x82c6,0xb3a5,0xbba5,0xa2c4,0x71a4,0x59a9,0x5a6e,0x526c,0x41c6,0x3124,
  0x4928,0x716e,0x714f,0x3888,0x1823,0x28a5,0x4968,0x59eb,0x49c9,0x3146,0x3968,0x49aa,0x4189,0x28e5,0x1803,0x40c9,
  0x9b15,0xd45d,0xcb9d,0x9a58,0x7953,0x7111,0x6951,0x612e,0x48c9,0x0000,0x0000,0x0000,0x0000,0x0000,0x0000,0x0000,
  0x0000,0x0000,0x0000,0x0000,0x0000,0x30a7,0x48eb,0x692f,0x7150,0x7150,0x7993,0x9a57,0xbb7b,0xcbbc,0xaa99,0x6930,
  0x2045,0x0822,0x20a6,0x49ab,0x622d,0x51cb,0x3126,0x20c5,0x20c5,0x3107,0x28e6,0x1884,0x30a6,0x616b,0x718c,0x5969,
  0x4988,0x41a8,0x3969,0x5988,0x9243,0xcc25,0xf6d2,0xfffa,0xfff7,0xfe8c,0xe422,0xb241,0x7186,0x49ca,0x4209,0x41a7,
  0x4947,0x616b,0x594b,0x2885,0x1042,0x20e5,0x2907,0x20c6,0x20c7,0x3128,0x49cb,0x620d,0x498a,0x28a5,0x1022,0x2865,
  0x616d,0xa2d7,0xcbdd,0xc37d,0x9236,0x7952,0x7150,0x692f,0x590c,0x40c9,0x2887,0x0000,0x0000,0x0000,0x0000,0x0000,
  0x0000,0x0000,0x0000,0x0000,0x0000,0x48eb,0x612e,0x7150,0x7970,0x79b1,0x8a14,0xab1a,0xd45d,0xcbfb,0x89f4,0x486b,
  0x2044,0x1863,0x28c5,0x4149,0x498a,0x3108,0x28c5,0x5123,0x79a3,0x81a3,0x5103,0x1022,0x1065,0x514a,0x718a,0x5947,
  0x3107,0x20e6,0x40a4,0x8982,0xdc43,0xfeca,0xffd5,0xf7da,0xf777,0xff2f,0xfe67,0xec42,0xb1c1,0x60e4,0x2927,0x2127,
  0x4106,0x5968,0x4128,0x1063,0x0001,0x2883,0x71c4,0x9a84,0x9224,0x6925,0x48e8,0x412a,0x4129,0x30e7,0x28a5,0x2084,
  0x38a7,0x7a30,0xcc5b,0xdc7f,0xb2fb,0x81b4,0x7130,0x692e,0x616e,0x592d,0x40ca,0x30a8,0x0000,0x0000,0x0000,0x0000,
  0x0000,0x0000,0x0000,0x0000,0x40cb,0x610f,0x612e,0x612c,0x610d,0x7992,0x9ab7,0xc3db,0xd41d,0xab18,0x616e,0x2866,
  0x1863,0x20a4,0x28c6,0x28e6,0x20c5,0x2023,0x4925,0xa48e,0xf6b1,0xfdc9,0xcb41,0x6920,0x2801,0x2064,0x4168,0x5a08,
  0x3966,0x2082,0x68c1,0xc240,0xf401,0xfda5,0xfecc,0xf750,0xf70e,0xfe89,0xfda4,0xfc01,0xda20,0x78c0,0x2881,0x3944,
  0x61e7,0x61e8,0x38e6,0x1002,0x3040,0x9a21,0xed28,0xff2f,0xfe2b,0xdb22,0x8900,0x4083,0x28c7,0x3128,0x2908,0x1884,
  0x1002,0x4928,0xab75,0xdc5e,0xc37d,0x9a58,0x7972,0x692e,0x696d,0x614d,0x50ec,0x38a9,0x0000,0x0000,0x0000,0x0000,
  0x0000,0x0000,0x0000,0x3889,0x50ed,0x612f,0x694e,0x694d,0x690f,0x89d5,0xbb9a,0xd47d,0xbbbc,0x8a35,0x510b,0x2885,
  0x20a5,0x28c5,0x28c6,0x28e6,0x28e6,0x2044,0x40c4,0x9305,0xe4a4,0xfc42,0xcac0,0x7100,0x2801,0x1023,0x3126,0x49c8,
  0x3946,0x28a2,0x7100,0xca00,0xf320,0xfc42,0xfd64,0xfe05,0xfe04,0xfd63,0xf422,0xfb01,0xda00,0x8900,0x38a0,0x4143,
  0x61e5,0x51a6,0x30c5,0x2044,0x48a2,0xa221,0xebe2,0xfce2,0xf441,0xd280,0x8141,0x40c3,0x20a5,0x20c6,0x28e7,0x28a5,
  0x1843,0x40e8,0x92b3,0xcbbc,0xc37e,0xaabb,0x89f5,0x716f,0x614c,0x612d,0x590d,0x48cc,0x3889,0x0000,0x0000,0x0000,
  0x0000,0x0000,0x0000,0x512d,0x6991,0x7170,0x714f,0x714f,0x7151,0x9a76,0xd47d,0xe4ff,0xaaf9,0x60ef,0x2846,0x2084,
  0x30e6,0x30e7,0x28a5,0x28a5,0x30e6,0x3107,0x38e6,0x5902,0x7120,0x8122,0x68e4,0x30a5,0x0843,0x1042,0x38e4,0x59a7,
  0x51a8,0x3945,0x58e2,0x9900,0xd1c0,0xf2c0,0xfba0,0xfc00,0xf400,0xf381,0xeac1,0xd9e1,0xa940,0x60c0,0x28c2,0x3966,
  0x59a8,0x4106,0x1843,0x0843,0x2084,0x50e5,0x8943,0xa981,0x9142,0x60e5,0x38c7,0x28e7,0x28c6,0x28c5,0x30e6,0x28e6,
  0x2085,0x30a7,0x696f,0xab18,0xdc7e,0xcbdd,0x9237,0x6930,0x612d,0x612c,0x614d,0x698f,0x596c,0x0000,0x0000,0x0000,
  0x0000,0x0000,0x490a,0x71d0,0x79f2,0x614e,0x58ed,0x690f,0x8213,0xab58,0xcc5d,0xcbdd,0x9237,0x48ad,0x1823,0x1062,
  0x30e6,0x4129,0x3908,0x30e6,0x28c6,0x30e7,0x3908,0x3908,0x30e8,0x30e8,0x28c6,0x1884,0x1062,0x1062,0x28c3,0x4945,
  0x6209,0x622a,0x4946,0x50a2,0x9900,0xe1e0,0xf2c0,0xeb21,0xe301,0xe280,0xd200,0xa920,0x68a0,0x38e4,0x3169,0x3989,
  0x4126,0x20a3,0x0822,0x1022,0x1883,0x20c5,0x2927,0x3948,0x4149,0x3929,0x3908,0x38e8,0x38e7,0x38e8,0x3908,0x30c6,
  0x1883,0x1844,0x48ab,0x8a14,0xcbbb,0xd3fc,0xaad9,0x79b3,0x590e,0x50cb,0x614c,0x7a2e,0x722c,0x4168,0x0000,0x0000,
  0x0000,0x3926,0x59c9,0x7a8d,0x720e,0x50ec,0x486b,0x610e,0x9294,0xbc1a,0xd49c,0xbbbb,0x9236,0x58cd,0x2045,0x1862,
  0x20a5,0x28c6,0x20a5,0x1864,0x1843,0x1844,0x2064,0x1863,0x1863,0x2065,0x2085,0x1883,0x1062,0x0841,0x1882,0x3944,
  0x6ac8,0x838b,0x62aa,0x3946,0x50a3,0x8900,0xc201,0xe301,0xe301,0xca40,0xa160,0x60a1,0x30a5,0x41a9,0x6249,0x5a06,
  0x3903,0x1862,0x0842,0x1062,0x1883,0x2084,0x28a5,0x30a6,0x28a5,0x2064,0x1843,0x1843,0x2064,0x28a6,0x38c8,0x30a7,
  0x1863,0x1844,0x48ab,0x7993,0xaa99,0xc39c,0xbb9b,0x9296,0x6111,0x486d,0x50ec,0x71ec,0x724b,0x51c7,0x3105,0x0000,
  0x0000,0x30a7,0x492a,0x69ce,0x69ae,0x50ec,0x50ac,0x6950,0x92b5,0xbbb9,0xbbbb,0xaad9,0x89f6,0x610f,0x3088,0x1864,
  0x1042,0x0000,0x0000,0x0000,0x0000,0x2064,0x2885,0x40e9,0x512c,0x490a,0x28a6,0x1082,0x0861,0x0862,0x1062,0x28c3,
  0x6246,0x93a9,0x8bac,0x628c,0x418a,0x3907,0x6124,0x8162,0x8162,0x6923,0x40c5,0x30c7,0x416a,0x6aaa,0x8328,0x5a04,
  0x1882,0x1042,0x1062,0x1062,0x1883,0x28c6,0x40ea,0x510b,0x40c9,0x3086,0x2085,0x0000,0x0000,0x0000,0x0000,0x1844,
  0x1864,0x2887,0x50cc,0x8173,0xa278,0xbb5b,0xbb5b,0x9256,0x6110,0x488c,0x48cc,0x616d,0x69ac,0x4128,0x28a4,0x0000,
  0x0000,0x2067,0x38ca,0x592e,0x612e,0x50ec,0x610e,0x81b3,0x9a57,0xaada,0xb2db,0x9217,0x6950,0x38aa,0x2866,0x0000,
  0x0000,0x0000,0x0000,0x0000,0x0000,0x0000,0x1864,0x38e8,0x512b,0x490b,0x30c7,0x18c3,0x10c3,0x20c5,0x20a4,0x2083,
  0x30c4,0x51c8,0x732e,0x83d1,0x7350,0x5a4d,0x49ab,0x498b,0x49ab,0x3949,0x28e7,0x49e9,0x7b6d,0x7b8c,0x5a67,0x2903,
  0x1062,0x1083,0x18a4,0x1062,0x1883,0x3127,0x49ac,0x518d,0x40e9,0x2065,0x0000,0x0000,0x0000,0x0000,0x0000,0x0000,
  0x0000,0x2045,0x3869,0x612f,0x9216,0xb2db,0xaada,0x8a15,0x6930,0x48ab,0x48cb,0x592e,0x592e,0x40c9,0x2885,0x0000,
  0x0000,0x2066,0x30a8,0x50eb,0x50ec,0x50ec,0x610f,0x79b4,0x9a57,0xa299,0xa279,0x81b4,0x48ec,0x2045,0x0000,0x0000,
  0x0000,0x0000,0x0000,0x0000,0x0000,0x0000,0x0000,0x2886,0x40e9,0x594d,0x492b,0x18a4,0x18c4,0x3949,0x3929,0x20a5,
  0x1083,0x20e4,0x3987,0x62ac,0x8c12,0xa4f6,0xa517,0x9c74,0x8bf2,0x83d1,0x83f1,0x7bd0,0x6b2d,0x5208,0x3104,0x1882,
  0x18a3,0x20e6,0x2906,0x18a3,0x20c4,0x3969,0x416a,0x38e8,0x2885,0x0000,0x0000,0x0000,0x0000,0x0000,0x0000,0x0000,
  0x0000,0x0000,0x2024,0x40ca,0x7992,0xa279,0xaa9a,0x9216,0x7131,0x50cc,0x48ca,0x590c,0x592c,0x40e9,0x28c6,0x0000,
  0x0000,0x2866,0x3088,0x40c9,0x50cb,0x50cb,0x58ed,0x6951,0x9216,0xaa99,0xa278,0x71b2,0x38a9,0x0000,0x0000,0x0000,
  0x0000,0x0000,0x0000,0x0000,0x0000,0x0000,0x0000,0x0000,0x0000,0x30e7,0x28e6,0x1083,0x20e5,0x498b,0x498b,0x30e7,
  0x1883,0x1081,0x20e3,0x3926,0x4168,0x6aee,0xb5b8,0xef7f,0xef7e,0xb5b8,0x6b6f,0x41c9,0x3127,0x28e5,0x20c4,0x20c3,
  0x20c5,0x3129,0x3929,0x28c6,0x20a4,0x28e6,0x28e6,0x1864,0x0000,0x0000,0x0000,0x0000,0x0000,0x0000,0x0000,0x0000,
  0x0000,0x0000,0x0000,0x38a9,0x6970,0xa278,0xb2db,0x9a38,0x7151,0x50cc,0x48ea,0x510c,0x48eb,0x30a8,0x0000,0x0000,
  0x0000,0x0000,0x2045,0x3088,0x40aa,0x48aa,0x50cc,0x6930,0x9a58,0xb2db,0x9a77,0x616f,0x30a7,0x0000,0x0000,0x0000,
  0x0000,0x0000,0x0000,0x0000,0x0000,0x0000,0x0000,0x0000,0x0000,0x0000,0x2105,0x2105,0x2905,0x3107,0x4129,0x4109,
  0x1884,0x0020,0x18a3,0x3989,0x41eb,0x4a0b,0x524a,0x5a69,0x5a69,0x4a29,0x39c9,0x39ea,0x4a0b,0x2946,0x1082,0x18a3,
  0x3127,0x414b,0x412a,0x28e6,0x18c4,0x20e5,0x0000,0x0000,0x0000,0x0000,0x0000,0x0000,0x0000,0x0000,0x0000,0x0000,
  0x0000,0x0000,0x0000,0x2866,0x510c,0x89f5,0xb27a,0x9a38,0x6950,0x50ec,0x48ca,0x48ca,0x3889,0x2045,0x0000,0x0000,
  0x0000,0x0000,0x0000,0x2866,0x3888,0x48aa,0x58cd,0x6951,0x9a58,0xa299,0x81f4,0x510c,0x0000,0x0000,0x0000,0x0000,
  0x0000,0x0000,0x0000,0x0000,0x0000,0x0000,0x0000,0x0000,0x0000,0x0000,0x0000,0x0000,0x0000,0x1063,0x30e7,0x496b,
  0x3908,0x1863,0x1062,0x3187,0x6b6f,0x94b4,0x9492,0x7b6d,0x5a49,0x5acc,0x73f1,0x6b90,0x39c9,0x18c3,0x10a2,0x2905,
  0x416a,0x496b,0x3909,0x20a5,0x0000,0x0000,0x0000,0x0000,0x0000,0x0000,0x0000,0x0000,0x0000,0x0000,0x0000,0x0000,
  0x0000,0x0000,0x0000,0x0000,0x48ea,0x81d4,0xaa7a,0x9a18,0x612f,0x48cb,0x48ca,0x40a9,0x2867,0x0000,0x0000,0x0000,
  0x0000,0x0000,0x0000,0x2045,0x3088,0x40aa,0x48cb,0x612e,0x9a37,0xa27a,0x71b2,0x30a8,0x0000,0x0000,0x0000,0x0000,
  0x0000,0x0000,0x0000,0x0000,0x0000,0x0000,0x0000,0x0000,0x0000,0x0000,0x0000,0x0000,0x0000,0x0000,0x2085,0x4129,
  0x412a,0x30e7,0x20c4,0x2125,0x39e8,0x73cf,0xbe18,0xdf1c,0xc65a,0x9cf5,0x6b8f,0x4229,0x2925,0x1883,0x20a4,0x4129,
  0x516c,0x3908,0x1864,0x0000,0x0000,0x0000,0x0000,0x0000,0x0000,0x0000,0x0000,0x0000,0x0000,0x0000,0x0000,0x0000,
  0x0000,0x0000,0x0000,0x0000,0x3087,0x6970,0xa259,0x9216,0x592e,0x48cb,0x48cb,0x38a9,0x2886,0x0000,0x0000,0x0000,
  0x0000,0x0000,0x0000,0x0000,0x2046,0x3088,0x40a9,0x590d,0x91f6,0x9a38,0x6950,0x2867,0x0000,0x0000,0x0000,0x0000,
  0x0000,0x0000,0x0000,0x0000,0x0000,0x0000,0x0000,0x0000,0x0000,0x0000,0x0000,0x0000,0x0000,0x0000,0x0000,0x38c7,
  0x514b,0x516c,0x3107,0x18a4,0x2125,0x528b,0x8411,0x9cd4,0x8c72,0x6b6f,0x4a4b,0x2946,0x18c4,0x28a6,0x40c9,0x512c,
  0x492b,0x28c6,0x0000,0x0000,0x0000,0x0000,0x0000,0x0000,0x0000,0x0000,0x0000,0x0000,0x0000,0x0000,0x0000,0x0000,
  0x0000,0x0000,0x0000,0x0000,0x2886,0x616f,0x9a57,0x9215,0x592d,0x48ca,0x40a9,0x2866,0x0000,0x0000,0x0000,0x0000,
  0x0000,0x0000,0x0000,0x0000,0x0000,0x2065,0x3067,0x50cc,0x89d4,0x9237,0x6991,0x38c9,0x0000,0x0000,0x0000,0x0000,
  0x0000,0x0000,0x0000,0x0000,0x0000,0x0000,0x0000,0x0000,0x0000,0x0000,0x0000,0x0000,0x0000,0x0000,0x0000,0x20a5,
  0x494a,0x598d,0x38e8,0x1863,0x2105,0x526b,0x7bd1,0x9cd5,0x94d4,0x73d1,0x4a2b,0x18c4,0x0842,0x28a7,0x512c,0x492b,
  0x28c6,0x0000,0x0000,0x0000,0x0000,0x0000,0x0000,0x0000,0x0000,0x0000,0x0000,0x0000,0x0000,0x0000,0x0000,0x0000,
  0x0000,0x0000,0x0000,0x0000,0x3087,0x6970,0x9a37,0x89d4,0x48eb,0x3087,0x2887,0x2065,0x0000,0x0000,0x0000,0x0000,
  0x0000,0x0000,0x0000,0x0000,0x0000,0x2065,0x2846,0x4089,0x7171,0x89f5,0x71b2,0x490b,0x0000,0x0000,0x0000,0x0000,
  0x0000,0x0000,0x0000,0x0000,0x0000,0x0000,0x0000,0x0000,0x0000,0x0000,0x0000,0x0000,0x0000,0x0000,0x0000,0x0000,
  0x30e7,0x30e7,0x28a5,0x1042,0x1042,0x3188,0x73b0,0xa556,0xa556,0x73d0,0x3988,0x1042,0x1022,0x28a5,0x30c7,0x28c6,
  0x0000,0x0000,0x0000,0x0000,0x0000,0x0000,0x0000,0x0000,0x0000,0x0000,0x0000,0x0000,0x0000,0x0000,0x0000,0x0000,
  0x0000,0x0000,0x0000,0x0000,0x40e9,0x71b1,0x9216,0x7972,0x4089,0x2045,0x1844,0x0000,0x0000,0x0000,0x0000,0x0000,
  0x0000,0x0000,0x0000,0x0000,0x0000,0x0000,0x1844,0x3067,0x50ed,0x7172,0x7192,0x592d,0x2886,0x0000,0x0000,0x0000,
  0x0000,0x0000,0x0000,0x0000,0x0000,0x0000,0x0000,0x0000,0x0000,0x0000,0x0000,0x0000,0x0000,0x0000,0x0000,0x0000,
  0x0000,0x0000,0x0000,0x1083,0x0842,0x2105,0x62ed,0x9473,0x8c93,0x5b0d,0x2947,0x1864,0x1884,0x0000,0x0000,0x0000,
  0x0000,0x0000,0x0000,0x0000,0x0000,0x0000,0x0000,0x0000,0x0000,0x0000,0x0000,0x0000,0x0000,0x0000,0x0000,0x0000,
  0x0000,0x0000,0x0000,0x30a8,0x614e,0x79b3,0x7172,0x50ec,0x2847,0x1824,0x0000,0x0000,0x0000,0x0000,0x0000,0x0000,
  0x0000,0x0000,0x0000,0x0000,0x0000,0x0000,0x0000,0x1843,0x3087,0x50ec,0x6970,0x614e,0x30a7,0x0000,0x0000,0x0000,
  0x0000,0x0000,0x0000,0x0000,0x0000,0x0000,0x0000,0x0000,0x0000,0x0000,0x0000,0x0000,0x0000,0x0000,0x0000,0x0000,
  0x0000,0x0000,0x0000,0x0000,0x0000,0x18a4,0x5a4c,0x8bf2,0x8c12,0x5aac,0x20e5,0x0022,0x0000,0x0000,0x0000,0x0000,
  0x0000,0x0000,0x0000,0x0000,0x0000,0x0000,0x0000,0x0000,0x0000,0x0000,0x0000,0x0000,0x0000,0x0000,0x0000,0x0000,
  0x0000,0x0000,0x0000,0x2887,0x614e,0x7192,0x612f,0x38a9,0x1844,0x0000,0x0000,0x0000,0x0000,0x0000,0x0000,0x0000,
  0x0000,0x0000,0x0000,0x0000,0x0000,0x0000,0x0000,0x0000,0x1023,0x30a7,0x614e,0x696f,0x40ea,0x0000,0x0000,0x0000,
  0x0000,0x0000,0x0000,0x0000,0x0000,0x0000,0x0000,0x0000,0x0000,0x0000,0x0000,0x0000,0x0000,0x0000,0x0000,0x0000,
  0x0000,0x0000,0x0000,0x0000,0x0000,0x0000,0x49ca,0x628e,0x62ae,0x41ea,0x18a4,0x0000,0x0000,0x0000,0x0000,0x0000,
  0x0000,0x0000,0x0000,0x0000,0x0000,0x0000,0x0000,0x0000,0x0000,0x0000,0x0000,0x0000,0x0000,0x0000,0x0000,0x0000,
  0x0000,0x0000,0x0000,0x38a8,0x612e,0x610e,0x38a8,0x2064,0x0000,0x0000,0x0000,0x0000,0x0000,0x0000,0x0000,0x0000,
  0x0000,0x0000,0x0000,0x0000,0x0000,0x0000,0x0000,0x0000,0x0000,0x0000,0x48ca,0x50ec,0x3888,0x2045,0x0000,0x0000,
  0x0000,0x0000,0x0000,0x0000,0x0000,0x0000,0x0000,0x0000,0x0000,0x0000,0x0000,0x0000,0x0000,0x0000,0x0000,0x0000,
  0x0000,0x0000,0x0000,0x0000,0x0000,0x0000,0x0000,0x4a0a,0x524b,0x39c9,0x0000,0x0000,0x0000,0x0000,0x0000,0x0000,
  0x0000,0x0000,0x0000,0x0000,0x0000,0x0000,0x0000,0x0000,0x0000,0x0000,0x0000,0x0000,0x0000,0x0000,0x0000,0x0000,
  0x0000,0x0000,0x1844,0x3888,0x50cc,0x40ca,0x0000,0x0000,0x0000,0x0000,0x0000,0x0000,0x0000,0x0000,0x0000,0x0000,
  0x0000,0x0000,0x0000,0x0000,0x0000,0x0000,0x0000,0x0000,0x0000,0x0000,0x0000,0x2886,0x2866,0x2045,0x0000,0x0000,
  0x0000,0x0000,0x0000,0x0000,0x0000,0x0000,0x0000,0x0000,0x0000,0x0000,0x0000,0x0000,0x0000,0x0000,0x0000,0x0000,
  0x0000,0x0000,0x0000,0x0000,0x0000,0x0000,0x0000,0x0000,0x2105,0x0000,0x0000,0x0000,0x0000,0x0000,0x0000,0x0000,
  0x0000,0x0000,0x0000,0x0000,0x0000,0x0000,0x0000,0x0000,0x0000,0x0000,0x0000,0x0000,0x0000,0x0000,0x0000,0x0000,
  0x0000,0x0000,0x2065,0x2867,0x3067,0x0000,0x0000,0x0000,0x0000,0x0000,0x0000,0x0000,0x0000,0x0000,0x0000,0x0000,
  0x0000,0x0000,0x0000,0x0000,0x0000,0x0000,0x0000,0x0000,0x0000,0x0000,0x0000,0x0000,0x0822,0x0801,0x0000,0x0000,
  0x0000,0x0000,0x0000,0x0000,0x0000,0x0000,0x0000,0x0000,0x0000,0x0000,0x0000,0x0000,0x0000,0x0000,0x0000,0x0000,
  0x0000,0x0000,0x0000,0x0000,0x0000,0x0000,0x0000,0x0000,0x0000,0x0000,0x0000,0x0000,0x0000,0x0000,0x0000,0x0000,
  0x0000,0x0000,0x0000,0x0000,0x0000,0x0000,0x0000,0x0000,0x0000,0x0000,0x0000,0x0000,0x0000,0x0000,0x0000,0x0000,
  0x0000,0x0000,0x0822,0x1022,0x0000,0x0000,0x0000,0x0000,0x0000,0x0000,0x0000,0x0000,0x0000,0x0000,0x0000,0x0000,
  0x0000,0x0000,0x0000,0x0000,0x0000,0x0000,0x0000,0x0000,0x0000,0x0000,0x0000,0x0000,0x0000,0x0000,0x0000,0x0000,
  0x0000,0x0000,0x0000,0x0000,0x0000,0x0000,0x0000,0x0000,0x0000,0x0000,0x0000,0x0000,0x0000,0x0000,0x0000,0x0000,
  0x0000,0x0000,0x0000,0x0000,0x0000,0x0000,0x0000,0x0000,0x0000,0x0000,0x0000,0x0000,0x0000,0x0000,0x0000,0x0000,
  0x0000,0x0000,0x0000,0x0000,0x0000,0x0000,0x0000,0x0000,0x0000,0x0000,0x0000,0x0000,0x0000,0x0000,0x0000,0x0000,
  0x0000,0x0000,0x0000,0x0000,0x0000,0x0000,0x0000,0x0000,0x0000,0x0000,0x0000,0x0000,0x0000,0x0000,0x0000,0x0000,
 },
 {
  0x0000,0x0000,0x0000,0x0000,0x0000,0x0000,0x0000,0x0000,0x0000,0x0000,0x0000,0x0000,0x0000,0x0000,0x0000,0x0000,
  0x0000,0x0000,0x0000,0x0000,0x0000,0x0000,0x0000,0x0000,0x0000,0x0000,0x0000,0x0000,0x0000,0x0000,0x0000,0x0000,
  0x0000,0x0000,0x0000,0x0000,0x0000,0x0000,0x0000,0x0000,0x0000,0x0000,0x0000,0x0000,0x0000,0x0000,0x0000,0x0000,
  0x0000,0x0000,0x0000,0x0000,0x0000,0x0000,0x0000,0x0000,0x0000,0x0000,0x0000,0x0000,0x0000,0x0000,0x0000,0x0000,
  0x0000,0x0000,0x0000,0x0000,0x0000,0x0000,0x0000,0x0000,0x0000,0x0000,0x0000,0x0000,0x0000,0x0000,0x0000,0x0000,
  0x0000,0x0000,0x0000,0x0000,0x0000,0x0000,0x0000,0x0000,0x0000,0x0000,0x0000,0x0000,0x0000,0x0000,0x0000,0x0000,
  0x0000,0x0000,0x0000,0x0000,0x0000,0x0000,0x0000,0x0000,0x0000,0x0000,0x0000,0x0000,0x09e7,0x09e7,0x09a7,0x0000,
  0x0000,0x0000,0x0000,0x0000,0x0000,0x0000,0x0000,0x0000,0x0000,0x0000,0x0000,0x0000,0x0000,0x0000,0x0000,0x0000,
  0x0000,0x0000,0x0a08,0x0a28,0x0000,0x0000,0x0000,0x0000,0x0000,0x0000,0x0000,0x0000,0x0000,0x0000,0x0000,0x0000,
  0x0000,0x0000,0x0000,0x0000,0x0000,0x0000,0x0000,0x0000,0x0000,0x0000,0x0000,0x0000,0x0000,0x0000,0x0000,0x0000,
  0x0000,0x0000,0x0000,0x0000,0x0000,0x0000,0x0000,0x0000,0x0000,0x0000,0x0000,0x0000,0x0000,0x0000,0x0000,0x0000,
  0x0000,0x0000,0x0000,0x0000,0x0000,0x0000,0x0000,0x0000,0x0000,0x0000,0x2a69,0x338e,0x3451,0x3430,0x230c,0x0945,
  0x0000,0x0000,0x0000,0x0000,0x0000,0x0000,0x0000,0x0000,0x0000,0x0000,0x0000,0x0000,0x0000,0x0000,0x0000,0x0000,
  0x0000,0x130c,0x13f0,0x1c30,0x136d,0x0aaa,0x0000,0x0000,0x0000,0x0000,0x0000,0x0000,0x0000,0x0000,0x0000,0x0000,
  0x0000,0x0000,0x0000,0x0000,0x0000,0x0000,0x0000,0x0000,0x0000,0x0000,0x0000,0x0000,0x0000,0x0000,0x0000,0x0000,
  0x0000,0x0000,0x0000,0x0000,0x0000,0x0000,0x0000,0x0000,0x0000,0x0000,0x0000,0x0000,0x0000,0x0000,0x0000,0x0000,
  0x0000,0x0000,0x0000,0x0000,0x0000,0x0000,0x0000,0x0000,0x0000,0x2b8e,0x4430,0x54b2,0x5430,0x430c,0x29c7,0x08a2,
  0x0000,0x0000,0x0000,0x0000,0x0000,0x0000,0x0000,0x0000,0x0000,0x0000,0x0000,0x0000,0x0000,0x0000,0x0000,0x0000,
  0x0000,0x11e8,0x22ec,0x2c10,0x34d3,0x2c92,0x23cf,0x0a49,0x0000,0x0000,0x0000,0x0000,0x0000,0x0000,0x0000,0x0000,
  0x0000,0x0000,0x0000,0x0000,0x0000,0x0000,0x0000,0x0000,0x0000,0x0000,0x0000,0x0000,0x0000,0x0000,0x0000,0x0000,
  0x0000,0x0000,0x0000,0x0000,0x0000,0x0000,0x0000,0x0000,0x0000,0x0000,0x0000,0x0000,0x0000,0x0000,0x0000,0x0000,
  0x0000,0x0000,0x0000,0x0000,0x0000,0x0000,0x0000,0x02aa,0x2c10,0x5d95,0x7618,0x6514,0x330d,0x1186,0x00e4,0x0904,
  0x0924,0x0000,0x0000,0x0000,0x0000,0x0000,0x0000,0x0000,0x0000,0x0000,0x0000,0x0000,0x0000,0x0000,0x0000,0x0000,
  0x0104,0x00c3,0x0125,0x22aa,0x5492,0x6596,0x5514,0x2baf,0x0a6a,0x0000,0x0000,0x0000,0x0000,0x0000,0x0000,0x0000,
  0x0000,0x0000,0x0000,0x0000,0x0000,0x0000,0x0000,0x0000,0x0000,0x0000,0x0000,0x0000,0x0000,0x0000,0x0000,0x0000,
  0x0000,0x0000,0x0000,0x0000,0x0000,0x0000,0x0000,0x0000,0x0000,0x0000,0x0000,0x0000,0x0000,0x0000,0x0000,0x0000,
  0x0000,0x0000,0x0000,0x0000,0x0000,0x0000,0x2b2d,0x4451,0x5d14,0x7d76,0x7cf4,0x53af,0x2209,0x0105,0x0104,0x0945,
  0x1986,0x0000,0x0000,0x0000,0x0000,0x0000,0x0000,0x0000,0x0000,0x0000,0x0000,0x0000,0x0000,0x0000,0x0000,0x1145,
  0x0904,0x00c4,0x0104,0x19e7,0x4b4c,0x74b1,0x7554,0x6576,0x4493,0x2b4e,0x0000,0x0000,0x0000,0x0000,0x0000,0x0000,
  0x0000,0x0000,0x0000,0x0000,0x0000,0x0000,0x0000,0x0000,0x0000,0x0000,0x0000,0x0000,0x0000,0x0000,0x0000,0x0000,
  0x0000,0x0000,0x0000,0x0000,0x0000,0x0000,0x0000,0x0000,0x0000,0x0000,0x0000,0x0000,0x0000,0x0000,0x0000,0x0000,
  0x0000,0x0000,0x0000,0x0000,0x0000,0x1229,0x4c72,0x75d7,0x7df8,0x6cb3,0x430d,0x21e8,0x0966,0x0125,0x0945,0x1145,
  0x1165,0x0000,0x0000,0x0000,0x0000,0x0000,0x0000,0x0000,0x0000,0x0000,0x0000,0x0000,0x0000,0x0000,0x0000,0x1145,
  0x1145,0x0946,0x0966,0x09a7,0x1a08,0x332c,0x5492,0x6db7,0x6597,0x3c72,0x0aac,0x0000,0x0000,0x0000,0x0000,0x0000,
  0x0000,0x0000,0x0000,0x0000,0x0000,0x0000,0x0000,0x0000,0x0000,0x0000,0x0000,0x0000,0x0000,0x0000,0x0000,0x0000,
  0x0000,0x0000,0x0000,0x0000,0x0000,0x0000,0x0000,0x0000,0x0000,0x0000,0x0000,0x0000,0x0000,0x0000,0x0000,0x0000,
  0x0000,0x0000,0x0000,0x0000,0x0209,0x134d,0x4d14,0x7659,0x7e18,0x5410,0x2229,0x0925,0x0945,0x0966,0x1186,0x1166,
  0x1166,0x0000,0x0000,0x0000,0x0000,0x0000,0x0000,0x0000,0x0000,0x0000,0x0000,0x0000,0x0000,0x0000,0x0000,0x1125,
  0x1125,0x1166,0x1187,0x0966,0x0166,0x0208,0x236e,0x44f4,0x4d76,0x3cf4,0x1bd0,0x02ec,0x0000,0x0000,0x0000,0x0000,
  0x0000,0x0000,0x0000,0x0000,0x0000,0x0000,0x0000,0x0000,0x0000,0x0000,0x0000,0x0000,0x0000,0x0000,0x0000,0x0000,
  0x0000,0x0000,0x0000,0x0000,0x0000,0x0000,0x0000,0x0000,0x0000,0x0000,0x0000,0x0000,0x0000,0x0000,0x0000,0x0000,
  0x0000,0x0000,0x0000,0x0000,0x038e,0x1cb2,0x45b6,0x5db6,0x54b2,0x22ab,0x0125,0x00a3,0x0125,0x0986,0x1146,0x08e4,
  0x08c3,0x0000,0x0000,0x0000,0x0000,0x0000,0x0000,0x0000,0x0000,0x0000,0x0000,0x0000,0x0000,0x0000,0x0000,0x00a3,
  0x08e4,0x1166,0x19c8,0x1187,0x0125,0x0146,0x0a49,0x1baf,0x24b2,0x2534,0x1cd3,0x13f0,0x0acb,0x0000,0x0000,0x0000,
  0x0000,0x0000,0x0000,0x0000,0x0000,0x0000,0x0000,0x0000,0x0000,0x0000,0x0000,0x0000,0x0000,0x0000,0x0000,0x0000,
  0x0000,0x0000,0x0000,0x0000,0x0000,0x0000,0x0000,0x0000,0x0000,0x0000,0x0000,0x0000,0x0000,0x0000,0x0000,0x0000,
  0x0000,0x0000,0x01c7,0x034d,0x14d3,0x2596,0x3576,0x3c92,0x332c,0x11e7,0x0104,0x00c4,0x0925,0x1166,0x1966,0x1104,
  0x1104,0x0000,0x0000,0x0000,0x0000,0x0000,0x334c,0x3c30,0x3c30,0x2b4c,0x1208,0x0000,0x0000,0x0000,0x0000,0x08e4,
  0x1125,0x21a7,0x21c7,0x1966,0x08e4,0x00c3,0x0145,0x1249,0x23cf,0x2d34,0x2dd7,0x2514,0x13ae,0x0208,0x0000,0x0000,
  0x0000,0x0000,0x0000,0x0000,0x0000,0x0000,0x0000,0x0000,0x0000,0x0000,0x0000,0x0000,0x0000,0x0000,0x0000,0x0000,
  0x0000,0x0000,0x0000,0x0000,0x0000,0x0000,0x0000,0x0000,0x0000,0x0000,0x0000,0x0000,0x0000,0x0000,0x0000,0x0000,
  0x0000,0x0166,0x026a,0x13f0,0x2d76,0x3e18,0x4534,0x338e,0x2228,0x0965,0x0125,0x0125,0x1166,0x1986,0x1966,0x1125,
  0x1124,0x1165,0x0000,0x0965,0x0145,0x1228,0x33ef,0x4d75,0x4575,0x2bef,0x0a29,0x0124,0x0000,0x0000,0x0000,0x08c3,
  0x1104,0x1945,0x2166,0x1945,0x0925,0x0105,0x0125,0x09c7,0x1b0c,0x2cf3,0x3e17,0x2db6,0x1c51,0x02cb,0x01c7,0x0000,
  0x0000,0x0000,0x0000,0x0000,0x0000,0x0000,0x0000,0x0000,0x0000,0x0000,0x0000,0x0000,0x0000,0x0000,0x0000,0x0000,
  0x0000,0x0000,0x0000,0x0000,0x0000,0x0000,0x0000,0x0000,0x0000,0x0000,0x0000,0x0000,0x0000,0x0000,0x0000,0x0000,
  0x0000,0x0228,0x0b0c,0x1c92,0x2d76,0x2d96,0x2451,0x0aab,0x0187,0x0145,0x0145,0x0945,0x1145,0x1945,0x1945,0x1945,
  0x10e4,0x08a2,0x00a2,0x0104,0x01e7,0x0b2c,0x34d2,0x4df6,0x4dd6,0x2c71,0x0acb,0x0186,0x00c3,0x00a2,0x0082,0x08c3,
  0x1145,0x1986,0x21a7,0x21a7,0x1186,0x0925,0x0105,0x0146,0x0a6a,0x1c51,0x25d6,0x2617,0x1d34,0x0bcf,0x02aa,0x0000,
  0x0000,0x0000,0x0000,0x0000,0x0000,0x0000,0x0000,0x0000,0x0000,0x0000,0x0000,0x0000,0x0000,0x0000,0x0000,0x0000,
  0x0000,0x0000,0x0000,0x0000,0x0000,0x0000,0x0000,0x0000,0x0000,0x0000,0x0000,0x0000,0x0000,0x0000,0x0000,0x0000,
  0x0208,0x02eb,0x0c0f,0x2513,0x3d95,0x4534,0x2bd0,0x0a2a,0x0166,0x0166,0x09a6,0x11a6,0x1965,0x2165,0x2165,0x1945,
  0x10e4,0x0862,0x0082,0x0124,0x0269,0x0bae,0x2cb2,0x4513,0x44d2,0x2c30,0x0b2c,0x0208,0x0125,0x00c3,0x08e3,0x1125,
  0x1986,0x29a7,0x29a7,0x29a7,0x1986,0x0946,0x0105,0x0105,0x09c8,0x0b4d,0x14d3,0x1575,0x1534,0x0c51,0x0b0c,0x01e8,
  0x0104,0x0000,0x0000,0x0000,0x0000,0x0000,0x0000,0x0000,0x0000,0x0000,0x0000,0x0000,0x0000,0x0000,0x0000,0x0000,
  0x0000,0x0000,0x0000,0x0000,0x0000,0x0000,0x0000,0x0000,0x0000,0x0000,0x0000,0x0000,0x0000,0x0000,0x0000,0x01c7,
  0x028b,0x03af,0x0c92,0x1d14,0x2cf3,0x2c10,0x1acc,0x01c8,0x0145,0x0144,0x11a5,0x19c5,0x21a5,0x2165,0x2146,0x1925,
  0x10c4,0x10a3,0x08e3,0x01a6,0x02aa,0x1bee,0x5512,0x85b4,0x8d73,0x6490,0x2b6c,0x0289,0x0207,0x01a6,0x0145,0x0905,
  0x1925,0x2145,0x2986,0x2186,0x1986,0x1146,0x0905,0x0105,0x0187,0x0a8a,0x0b8f,0x0c92,0x0cf3,0x0472,0x038e,0x026a,
  0x0186,0x0104,0x0000,0x0000,0x0000,0x0000,0x0000,0x0000,0x0000,0x0000,0x0000,0x0000,0x0000,0x0000,0x0000,0x0000,
  0x0000,0x0000,0x0000,0x0000,0x0000,0x0000,0x0000,0x0000,0x0000,0x0000,0x0000,0x0000,0x0924,0x0104,0x0125,0x01c8,
  0x0aec,0x2451,0x4554,0x5554,0x5490,0x434c,0x2228,0x0146,0x00e4,0x0103,0x0944,0x1964,0x1965,0x1924,0x18c4,0x1083,
  0x08a3,0x0944,0x0227,0x02ea,0x03ce,0x2491,0x5d54,0x95d6,0x9dd5,0x7d53,0x44b0,0x240d,0x136b,0x0ac9,0x01c6,0x0904,
  0x10c3,0x18e3,0x2124,0x2165,0x1945,0x1125,0x08e4,0x00e4,0x0125,0x01c8,0x02eb,0x1c30,0x3575,0x3db6,0x2d13,0x0b8e,
  0x0229,0x0166,0x0125,0x0145,0x0000,0x0000,0x0000,0x0000,0x0000,0x0000,0x0000,0x0000,0x0000,0x0000,0x0000,0x0000,
  0x0000,0x0000,0x0000,0x0000,0x0000,0x0000,0x0000,0x0000,0x0000,0x028a,0x028a,0x0208,0x0966,0x0105,0x0167,0x026b,
  0x138f,0x3c92,0x5d13,0x64f2,0x5c2f,0x430b,0x2207,0x0125,0x00c3,0x00c3,0x0903,0x0904,0x08e3,0x08c3,0x10a3,0x20e3,
  0x2164,0x3225,0x3ae7,0x4368,0x5389,0x6369,0x6b27,0x72c6,0x6a85,0x5286,0x42c7,0x42e7,0x4306,0x4ae5,0x4244,0x3163,
  0x20c2,0x1861,0x1861,0x18a2,0x1903,0x1124,0x0904,0x00e4,0x0125,0x01c8,0x0aeb,0x2c50,0x5574,0x5db5,0x4d13,0x23ce,
  0x028a,0x01c7,0x0186,0x01e8,0x028a,0x02cb,0x02aa,0x0228,0x0000,0x0000,0x0000,0x0000,0x0000,0x0000,0x0000,0x0000,
  0x0000,0x0000,0x0000,0x0000,0x0000,0x0000,0x0000,0x02cb,0x032d,0x034d,0x02cc,0x0209,0x0146,0x0105,0x0187,0x028b,
  0x0bcf,0x1cf3,0x2db5,0x2db5,0x2512,0x1c0e,0x0aea,0x01e7,0x0125,0x00e4,0x00c3,0x00a3,0x0882,0x10c3,0x1924,0x29a5,
  0x3226,0x42a7,0x52e7,0x6ac4,0x8ae2,0xb3c4,0xdd69,0xfead,0xfecd,0xe588,0xb3c3,0x8260,0x59c1,0x3982,0x2984,0x21a4,
  0x2184,0x1923,0x10c2,0x1082,0x0882,0x08c4,0x0125,0x01a8,0x024a,0x0b2c,0x140f,0x1cf2,0x2595,0x2595,0x24f3,0x13cf,
  0x028a,0x0166,0x00e4,0x0125,0x01c7,0x028a,0x034d,0x038e,0x032d,0x02ab,0x0000,0x0000,0x0000,0x0000,0x0000,0x0000,
  0x0000,0x0000,0x0000,0x0000,0x0000,0x0228,0x034d,0x0c0f,0x0450,0x03cf,0x02ec,0x0229,0x0187,0x0126,0x0146,0x0209,
  0x032d,0x0451,0x0cf3,0x14b2,0x13ee,0x134b,0x0b4b,0x0b4b,0x02ea,0x0207,0x0124,0x0082,0x0841,0x1061,0x1104,0x11a7,
  0x1a07,0x3226,0x5a84,0x9384,0xcce7,0xf64b,0xff31,0xff94,0xff73,0xfecd,0xeda6,0xc442,0x8ac1,0x51c2,0x2164,0x0145,
  0x0145,0x0104,0x08c3,0x0861,0x0042,0x0083,0x0945,0x1269,0x236c,0x2c2d,0x2caf,0x2532,0x1d95,0x1555,0x0c92,0x034d,
  0x0229,0x0166,0x0125,0x0166,0x01e8,0x02cb,0x038e,0x0410,0x0410,0x036e,0x028a,0x01e8,0x0000,0x0000,0x0000,0x0000,
  0x0000,0x0000,0x0000,0x0000,0x0aab,0x138e,0x1492,0x1cf3,0x14d2,0x0bf0,0x02ec,0x024a,0x01e8,0x01a8,0x01a8,0x0229,
  0x0aeb,0x23cd,0x344f,0x3c0e,0x3b6c,0x2b0a,0x12eb,0x02eb,0x0aeb,0x2ae9,0x3a87,0x39e4,0x2923,0x10a3,0x00e4,0x0146,
  0x1185,0x39a2,0x7261,0xabe4,0xe5c9,0xff31,0xffd7,0xffd9,0xffb7,0xff71,0xfec9,0xed84,0xbbe1,0x8a81,0x51a2,0x2143,
  0x0124,0x00e4,0x00e3,0x2144,0x39c5,0x4a26,0x4a46,0x3a46,0x2a46,0x2a67,0x2ae9,0x3bad,0x4c6f,0x4cd1,0x3c4f,0x136c,
  0x0269,0x01c7,0x0187,0x01c7,0x0229,0x0aec,0x0b8f,0x0c11,0x0411,0x0410,0x036e,0x02aa,0x0000,0x0000,0x0000,0x0000,
  0x0000,0x0000,0x0000,0x026a,0x0b8f,0x0cb2,0x1513,0x0cd2,0x0c71,0x0bcf,0x032d,0x02ac,0x026a,0x0209,0x01a7,0x01a7,
  0x0a69,0x238d,0x344f,0x346f,0x2bad,0x12aa,0x01a7,0x0126,0x21c7,0x52ea,0x73ac,0x634b,0x3a07,0x1104,0x00c4,0x1104,
  0x3163,0x6201,0x9301,0xc464,0xe5eb,0xf711,0xffb5,0xffb6,0xff93,0xff6f,0xfec9,0xedc5,0xd482,0xab61,0x7a61,0x49a2,
  0x2103,0x00a3,0x00e4,0x21c6,0x52c9,0x734a,0x6ae9,0x4a07,0x2965,0x1945,0x11a7,0x1a8a,0x238e,0x2430,0x1bef,0x0b2c,
  0x026a,0x0208,0x0208,0x0a29,0x0a6a,0x0acc,0x0b0d,0x034e,0x0390,0x0c52,0x0c73,0x03f0,0x02ec,0x0000,0x0000,0x0000,
  0x0000,0x0000,0x01a7,0x030c,0x0c31,0x0cf3,0x0cf3,0x0c50,0x03ce,0x034d,0x02cb,0x024a,0x0209,0x01a7,0x0146,0x0146,
  0x01e8,0x02ca,0x034c,0x032c,0x0269,0x01c7,0x0125,0x08e4,0x1904,0x2145,0x2186,0x1946,0x1105,0x08c4,0x00c4,0x1924,
  0x39a3,0x6a42,0xa321,0xc423,0xdd26,0xee28,0xf6ca,0xff2b,0xff2a,0xf6c9,0xee27,0xe545,0xcc63,0xab61,0x8261,0x51a1,
  0x2922,0x08e3,0x00e4,0x0925,0x1966,0x2987,0x3186,0x2966,0x2125,0x1104,0x0925,0x01c8,0x028b,0x032e,0x032e,0x02cc,
  0x0229,0x01c8,0x01a7,0x01c8,0x0229,0x02ac,0x02ed,0x032d,0x03ae,0x0c91,0x14f2,0x1471,0x0b6d,0x026a,0x01a7,0x0000,
  0x0000,0x0104,0x01a7,0x0acb,0x0c10,0x0cd3,0x0491,0x040f,0x0bee,0x13ee,0x1bee,0x1bae,0x132c,0x0a8a,0x01c8,0x0146,
  0x0125,0x0166,0x01c7,0x01e7,0x01a6,0x0965,0x0904,0x08c3,0x10a3,0x10c2,0x10c2,0x10a2,0x0862,0x0062,0x00a3,0x1104,
  0x3183,0x5a02,0x8ac1,0xb3a2,0xd4a3,0xe5a6,0xf668,0xfeea,0xff0a,0xf6c8,0xee26,0xe524,0xc422,0xa321,0x7241,0x4182,
  0x2102,0x08a3,0x0083,0x00a3,0x08c3,0x18e3,0x18e3,0x18c3,0x10c3,0x10c3,0x0904,0x0166,0x01e8,0x0208,0x01a6,0x0125,
  0x00e4,0x0146,0x0208,0x0aab,0x132c,0x1b8d,0x1bad,0x1bcc,0x140d,0x148e,0x0cb0,0x040e,0x030c,0x0249,0x01c7,0x0000,
  0x0000,0x0145,0x01c7,0x02ab,0x03d0,0x04f4,0x1d55,0x3554,0x4d32,0x5cb0,0x53ed,0x32ca,0x11c7,0x0125,0x00c4,0x08c4,
  0x08e5,0x0905,0x0925,0x0125,0x0125,0x0104,0x0904,0x10e3,0x10e3,0x1904,0x1904,0x1903,0x18c3,0x10a3,0x08a3,0x08c3,
  0x10e3,0x3942,0x61e1,0x92c1,0xbbc2,0xdce4,0xee07,0xf689,0xf689,0xee06,0xdd03,0xcc01,0xab20,0x8261,0x59a1,0x2902,
  0x10c3,0x08c3,0x10c3,0x2104,0x2144,0x2944,0x2124,0x18c3,0x10a2,0x08a3,0x08c3,0x00e3,0x0104,0x08e3,0x08c3,0x08a3,
  0x08a3,0x00c4,0x0125,0x01a7,0x1249,0x2b0b,0x5c0e,0x8512,0x8593,0x5d74,0x24d2,0x03ae,0x02aa,0x01e8,0x0186,0x0000,
  0x0000,0x00a3,0x0186,0x1b0c,0x3cf3,0x5e58,0x6678,0x5d94,0x440f,0x2269,0x0904,0x0083,0x00a3,0x08e5,0x0905,0x08e5,
  0x08e4,0x08c4,0x08a3,0x10c3,0x18e3,0x10c3,0x0882,0x0881,0x1104,0x29c7,0x428a,0x4acb,0x4a6a,0x39c7,0x1904,0x0862,
  0x0840,0x20c0,0x5181,0x8281,0xab62,0xd464,0xe566,0xf607,0xee07,0xe565,0xd462,0xb361,0x8a60,0x6180,0x30e1,0x1081,
  0x0041,0x0041,0x10c3,0x31a6,0x4a8a,0x5aec,0x4a8b,0x31c7,0x2124,0x18c3,0x10c3,0x10a2,0x1082,0x1082,0x10a2,0x10c3,
  0x1105,0x1146,0x1166,0x0146,0x0105,0x0105,0x1166,0x324a,0x4b6e,0x5492,0x4d13,0x3471,0x132c,0x01e8,0x0145,0x0000,
  0x0000,0x0001,0x0145,0x22eb,0x3c30,0x4492,0x3bcf,0x226a,0x1186,0x1145,0x1125,0x1146,0x1146,0x1125,0x08a3,0x0862,
  0x10a2,0x2125,0x31e8,0x426a,0x428a,0x3a29,0x2986,0x1924,0x2165,0x3a49,0x52eb,0x5aeb,0x4a69,0x31a6,0x1904,0x0883,
  0x0062,0x0882,0x2922,0x59c2,0x8a81,0xbb61,0xd463,0xdce5,0xdd05,0xdca3,0xc3c1,0x9ae1,0x69e1,0x3901,0x1061,0x0020,
  0x0041,0x10a2,0x2124,0x31c6,0x3a08,0x3a08,0x31a6,0x2125,0x2124,0x2186,0x2a08,0x3249,0x3248,0x3207,0x2985,0x1904,
  0x10c3,0x08e4,0x0925,0x1165,0x1166,0x1145,0x08c4,0x0083,0x0926,0x22ab,0x340f,0x3430,0x236d,0x0a69,0x01a7,0x0000,
  0x0000,0x0000,0x0000,0x0208,0x028a,0x02cb,0x0a49,0x1187,0x1946,0x1925,0x1945,0x1125,0x10e4,0x08a3,0x0861,0x0882,
  0x1925,0x3209,0x42ab,0x42ab,0x3229,0x2166,0x10c4,0x10a3,0x1904,0x39c6,0x5a89,0x630b,0x5aeb,0x4249,0x2966,0x10a3,
  0x0062,0x0882,0x10e3,0x2903,0x4141,0x69e1,0x9b02,0xc403,0xcc23,0xb382,0x8281,0x59c2,0x3163,0x1904,0x0883,0x0062,
  0x1082,0x2104,0x39a7,0x528a,0x632c,0x630c,0x4a49,0x2144,0x0882,0x0862,0x1104,0x29e7,0x42ca,0x4b0b,0x42aa,0x29c7,
  0x1905,0x08a3,0x0082,0x0082,0x08c3,0x10e4,0x1905,0x1925,0x19a7,0x126a,0x130c,0x0aec,0x028a,0x0000,0x0000,0x0000,
  0x0000,0x0000,0x0000,0x0000,0x0228,0x0a49,0x0a6a,0x1209,0x11a7,0x1145,0x0000,0x0000,0x0000,0x0000,0x0082,0x10a2,
  0x2166,0x424a,0x4acc,0x426b,0x2987,0x10a3,0x0841,0x1062,0x18e4,0x29a7,0x326a,0x3aec,0x3aec,0x328a,0x29c7,0x2124,
  0x18a3,0x10a2,0x10c3,0x1904,0x2125,0x2985,0x39a5,0x49c4,0x49c4,0x39a4,0x2964,0x1924,0x10e4,0x10c3,0x0882,0x1082,
  0x18e3,0x2945,0x3208,0x3acb,0x3b2d,0x332d,0x32ab,0x29c7,0x1904,0x1062,0x0882,0x1905,0x31e8,0x428b,0x3a4a,0x29a8,
  0x1905,0x10c4,0x0000,0x0000,0x0000,0x0000,0x0000,0x0945,0x0966,0x09e8,0x09e8,0x01a7,0x0000,0x0000,0x0000,0x0000,
  0x0000,0x0000,0x0000,0x0000,0x0000,0x0965,0x0145,0x0125,0x0000,0x0000,0x0000,0x0000,0x0000,0x0000,0x0000,0x0041,
  0x10c3,0x2986,0x31e8,0x31a7,0x2125,0x1082,0x1041,0x10a3,0x09a7,0x0b2d,0x0c52,0x0cf3,0x14b1,0x1bad,0x2268,0x2145,
  0x1882,0x1041,0x0861,0x0882,0x10c3,0x2966,0x3a49,0x4aec,0x4aec,0x3a49,0x2166,0x10c3,0x0861,0x0841,0x0021,0x1062,
  0x2125,0x4228,0x5b6c,0x5cb1,0x4d74,0x2d33,0x1bf0,0x0a4a,0x00e5,0x0042,0x0842,0x18c4,0x2987,0x31e8,0x29c8,0x1925,
  0x10a3,0x0000,0x0000,0x0000,0x0000,0x0000,0x0000,0x0000,0x0000,0x00e3,0x00e3,0x0000,0x0000,0x0000,0x0000,0x0000,
  0x0000,0x0000,0x0000,0x0000,0x0000,0x0000,0x0000,0x0000,0x0000,0x0000,0x0000,0x0000,0x0000,0x0000,0x0000,0x0000,
  0x10c4,0x2987,0x31c8,0x3187,0x2125,0x10c3,0x0904,0x01a7,0x02ec,0x0c31,0x1515,0x2d54,0x34d1,0x3bcc,0x3aa8,0x2985,
  0x18c3,0x0841,0x0021,0x0021,0x0862,0x1904,0x31e7,0x4a8a,0x4a8a,0x3a08,0x2145,0x10c3,0x1082,0x1082,0x0883,0x10c4,
  0x2966,0x5268,0x736b,0x746e,0x5d11,0x34f2,0x1c30,0x030d,0x01e9,0x0105,0x08a3,0x18c4,0x2926,0x2987,0x2987,0x1925,
  0x0000,0x0000,0x0000,0x0000,0x0000,0x0000,0x0000,0x0000,0x0000,0x0000,0x0000,0x0000,0x0000,0x0000,0x0000,0x0000,
  0x0000,0x0000,0x0000,0x0000,0x0000,0x0000,0x0000,0x0000,0x0000,0x0000,0x0000,0x0000,0x0000,0x0000,0x0000,0x0000,
  0x0000,0x2166,0x2967,0x2966,0x1945,0x0945,0x0186,0x0229,0x030d,0x1410,0x1c92,0x2c51,0x3b8d,0x42ca,0x3a28,0x31a6,
  0x2124,0x10c3,0x0862,0x0021,0x0841,0x18c3,0x31a7,0x4a8a,0x52ab,0x4229,0x2946,0x1083,0x0041,0x0041,0x10a3,0x2945,
  0x39c7,0x3a08,0x3289,0x234c,0x0c30,0x0472,0x0410,0x030c,0x0209,0x0166,0x0904,0x10e4,0x1905,0x2125,0x2125,0x1904,
  0x0000,0x0000,0x0000,0x0000,0x0000,0x0000,0x0000,0x0000,0x0000,0x0000,0x0000,0x0000,0x0000,0x0000,0x0000,0x0000,
  0x0000,0x0000,0x0000,0x0000,0x0000,0x0000,0x0000,0x0000,0x0000,0x0000,0x0000,0x0000,0x0000,0x0000,0x0000,0x0000,
  0x0000,0x10c3,0x10a3,0x10c3,0x10e4,0x0925,0x0166,0x01e8,0x02cb,0x0bcf,0x1c71,0x2470,0x2bce,0x330b,0x3269,0x31e7,
  0x2965,0x2124,0x10c3,0x0082,0x0041,0x10c3,0x31c8,0x4acb,0x52ec,0x4249,0x2145,0x0862,0x0020,0x0021,0x1082,0x2945,
  0x4207,0x52a9,0x534c,0x440f,0x2491,0x0cb2,0x0430,0x034e,0x028b,0x0209,0x09a7,0x0966,0x10e4,0x10a3,0x10a3,0x0000,
  0x0000,0x0000,0x0000,0x0000,0x0000,0x0000,0x0000,0x0000,0x0000,0x0000,0x0000,0x0000,0x0000,0x0000,0x0000,0x0000,
  0x0000,0x0000,0x0000,0x0000,0x0000,0x0000,0x0000,0x0000,0x0000,0x0000,0x0000,0x0000,0x0000,0x0000,0x0000,0x0000,
  0x0000,0x0000,0x0000,0x00a2,0x0104,0x0145,0x01c7,0x0249,0x034d,0x0451,0x14d3,0x2cf3,0x4490,0x53cd,0x52ca,0x4207,
  0x3165,0x2124,0x1104,0x0903,0x0000,0x0000,0x0000,0x1945,0x2145,0x0000,0x0000,0x0000,0x0082,0x08a2,0x1104,0x2986,
  0x4228,0x5aa9,0x634b,0x540e,0x3470,0x1c91,0x0451,0x03af,0x02ec,0x026a,0x01e8,0x0186,0x0104,0x0000,0x0000,0x0000,
  0x0000,0x0000,0x0000,0x0000,0x0000,0x0000,0x0000,0x0000,0x0000,0x0000,0x0000,0x0000,0x0000,0x0000,0x0000,0x0000,
  0x0000,0x0000,0x0000,0x0000,0x0000,0x0000,0x0000,0x0000,0x0000,0x0000,0x0000,0x0000,0x0000,0x0000,0x0000,0x0000,
  0x0000,0x0000,0x0000,0x0000,0x0125,0x0166,0x01e8,0x0a6a,0x0b4d,0x0c30,0x0cb2,0x0cb2,0x1430,0x1b8e,0x32eb,0x3a48,
  0x39a6,0x2945,0x1903,0x08c3,0x0000,0x0000,0x0000,0x0000,0x0000,0x0000,0x0000,0x0000,0x0000,0x08a2,0x2165,0x3a28,
  0x4aaa,0x42cb,0x32ec,0x1b6e,0x0c10,0x0430,0x03cf,0x030c,0x0a49,0x09e8,0x01a7,0x0166,0x0125,0x0000,0x0000,0x0000,
  0x0000,0x0000,0x0000,0x0000,0x0000,0x0000,0x0000,0x0000,0x0000,0x0000,0x0000,0x0000,0x0000,0x0000,0x0000,0x0000,
  0x0000,0x0000,0x0000,0x0000,0x0000,0x0000,0x0000,0x0000,0x0000,0x0000,0x0000,0x0000,0x0000,0x0000,0x0000,0x0000,
  0x0000,0x0000,0x0000,0x0000,0x00c3,0x0104,0x0186,0x0a29,0x0acb,0x0b6d,0x13ef,0x1450,0x1c51,0x23ef,0x332c,0x3a68,
  0x39c6,0x2985,0x2165,0x0000,0x0000,0x0000,0x0000,0x0000,0x0000,0x0000,0x0000,0x0000,0x0000,0x0000,0x29c6,0x4289,
  0x5b0b,0x5b6c,0x4b8d,0x3430,0x1c92,0x0c72,0x03cf,0x02cb,0x01e8,0x0987,0x0166,0x0145,0x0000,0x0000,0x0000,0x0000,
  0x0000,0x0000,0x0000,0x0000,0x0000,0x0000,0x0000,0x0000,0x0000,0x0000,0x0000,0x0000,0x0000,0x0000,0x0000,0x0000,
  0x0000,0x0000,0x0000,0x0000,0x0000,0x0000,0x0000,0x0000,0x0000,0x0000,0x0000,0x0000,0x0000,0x0000,0x0000,0x0000,
  0x0000,0x0000,0x0000,0x0000,0x0000,0x00c3,0x0945,0x09e8,0x0aab,0x134d,0x13cf,0x1451,0x1c72,0x2c10,0x438d,0x52ea,
  0x4a27,0x3184,0x1103,0x0000,0x0000,0x0000,0x0000,0x0000,0x0000,0x0000,0x0000,0x0000,0x0000,0x0000,0x2144,0x39c6,
  0x4a68,0x530a,0x53ad,0x4491,0x3513,0x1cb2,0x0baf,0x026a,0x0166,0x0104,0x0104,0x0000,0x0000,0x0000,0x0000,0x0000,
  0x0000,0x0000,0x0000,0x0000,0x0000,0x0000,0x0000,0x0000,0x0000,0x0000,0x0000,0x0000,0x0000,0x0000,0x0000,0x0000,
  0x0000,0x0000,0x0000,0x0000,0x0000,0x0000,0x0000,0x0000,0x0000,0x0000,0x0000,0x0000,0x0000,0x0000,0x0000,0x0000,
  0x0000,0x0000,0x0000,0x0000,0x0000,0x0000,0x0904,0x0986,0x0a29,0x0aec,0x0b8e,0x0431,0x0431,0x13ee,0x336b,0x4ac7,
  0x4a25,0x3184,0x1924,0x0000,0x0000,0x0000,0x0000,0x0000,0x0000,0x0000,0x0000,0x0000,0x0000,0x0000,0x3143,0x41c5,
  0x4a68,0x430b,0x2bae,0x1c51,0x1471,0x0bef,0x0b0c,0x0a29,0x0966,0x0904,0x0000,0x0000,0x0000,0x0000,0x0000,0x0000,
  0x0000,0x0000,0x0000,0x0000,0x0000,0x0000,0x0000,0x0000,0x0000,0x0000,0x0000,0x0000,0x0000,0x0000,0x0000,0x0000,
  0x0000,0x0000,0x0000,0x0000,0x0000,0x0000,0x0000,0x0000,0x0000,0x0000,0x0000,0x0000,0x0000,0x0000,0x0000,0x0000,
  0x0000,0x0000,0x0000,0x0000,0x0000,0x0000,0x0000,0x08c3,0x0146,0x0209,0x030d,0x1451,0x24f2,0x3cd0,0x4beb,0x4ac6,
  0x41c3,0x3963,0x2144,0x0000,0x0000,0x0000,0x0000,0x0000,0x0000,0x0000,0x0000,0x0000,0x0000,0x0000,0x2102,0x3184,
  0x4aa8,0x6c0e,0x7533,0x5d95,0x34f3,0x0b8f,0x028a,0x01a7,0x0104,0x08a3,0x0000,0x0000,0x0000,0x0000,0x0000,0x0000,
  0x0000,0x0000,0x0000,0x0000,0x0000,0x0000,0x0000,0x0000,0x0000,0x0000,0x0000,0x0000,0x0000,0x0000,0x0000,0x0000,
  0x0000,0x0000,0x0000,0x0000,0x0000,0x0000,0x0000,0x0000,0x0000,0x0000,0x0000,0x0000,0x0000,0x0000,0x0000,0x0000,
  0x0000,0x0000,0x0000,0x0000,0x0000,0x0000,0x0000,0x0000,0x00c3,0x0145,0x0a28,0x1bad,0x3d12,0x4d53,0x4c2e,0x42a8,
  0x3164,0x20e2,0x10c2,0x0000,0x0000,0x0000,0x0000,0x0000,0x0000,0x0000,0x0000,0x0000,0x0000,0x0000,0x08c1,0x1923,
  0x3a27,0x6bcd,0x8532,0x7574,0x3c50,0x0aeb,0x01e8,0x0145,0x08e3,0x0000,0x0000,0x0000,0x0000,0x0000,0x0000,0x0000,
  0x0000,0x0000,0x0000,0x0000,0x0000,0x0000,0x0000,0x0000,0x0000,0x0000,0x0000,0x0000,0x0000,0x0000,0x0000,0x0000,
  0x0000,0x0000,0x0000,0x0000,0x0000,0x0000,0x0000,0x0000,0x0000,0x0000,0x0000,0x0000,0x0000,0x0000,0x0000,0x0000,
  0x0000,0x0000,0x0000,0x0000,0x0000,0x0000,0x0000,0x0000,0x0000,0x00a2,0x0965,0x1b0c,0x3cd3,0x4d96,0x4cb2,0x3b0b,
  0x29c6,0x1903,0x10a2,0x0000,0x0000,0x0000,0x0000,0x0000,0x0000,0x0000,0x0000,0x0000,0x0000,0x0000,0x10e3,0x2164,
  0x4268,0x63cc,0x74f0,0x5c6f,0x2b0a,0x01c6,0x0104,0x0000,0x0000,0x0000,0x0000,0x0000,0x0000,0x0000,0x0000,0x0000,
  0x0000,0x0000,0x0000,0x0000,0x0000,0x0000,0x0000,0x0000,0x0000,0x0000,0x0000,0x0000,0x0000,0x0000,0x0000,0x0000,
  0x0000,0x0000,0x0000,0x0000,0x0000,0x0000,0x0000,0x0000,0x0000,0x0000,0x0000,0x0000,0x0000,0x0000,0x0000,0x0000,
  0x0000,0x0000,0x0000,0x0000,0x0000,0x0000,0x0000,0x0000,0x0000,0x0000,0x0083,0x1207,0x338c,0x546e,0x646c,0x63a8,
  0x4a64,0x2942,0x0841,0x0000,0x0000,0x0000,0x0000,0x0000,0x0000,0x0000,0x0000,0x0000,0x0000,0x0000,0x0000,0x4245,
  0x5b68,0x74cc,0x752e,0x544c,0x2247,0x00a2,0x0000,0x0000,0x0000,0x0000,0x0000,0x0000,0x0000,0x0000,0x0000,0x0000,
  0x0000,0x0000,0x0000,0x0000,0x0000,0x0000,0x0000,0x0000,0x0000,0x0000,0x0000,0x0000,0x0000,0x0000,0x0000,0x0000,
  0x0000,0x0000,0x0000,0x0000,0x0000,0x0000,0x0000,0x0000,0x0000,0x0000,0x0000,0x0000,0x0000,0x0000,0x0000,0x0000,
  0x0000,0x0000,0x0000,0x0000,0x0000,0x0000,0x0000,0x0000,0x0000,0x0000,0x0000,0x0000,0x11e6,0x22a7,0x4389,0x53c9,
  0x4b28,0x29c4,0x0841,0x0000,0x0000,0x0000,0x0000,0x0000,0x0000,0x0000,0x0000,0x0000,0x0000,0x0000,0x0000,0x3a86,
  0x4328,0x43ca,0x3b8a,0x2ae8,0x11c5,0x0000,0x0000,0x0000,0x0000,0x0000,0x0000,0x0000,0x0000,0x0000,0x0000,0x0000,
  0x0000,0x0000,0x0000,0x0000,0x0000,0x0000,0x0000,0x0000,0x0000,0x0000,0x0000,0x0000,0x0000,0x0000,0x0000,0x0000,
  0x0000,0x0000,0x0000,0x0000,0x0000,0x0000,0x0000,0x0000,0x0000,0x0000,0x0000,0x0000,0x0000,0x0000,0x0000,0x0000,
  0x0000,0x0000,0x0000,0x0000,0x0000,0x0000,0x0000,0x0000,0x0000,0x0000,0x0000,0x0000,0x0000,0x0000,0x1a26,0x2aa8,
  0x2aa8,0x2206,0x1124,0x0000,0x0000,0x0000,0x0000,0x0000,0x0000,0x0000,0x0000,0x0000,0x0000,0x0000,0x0000,0x1a06,
  0x1a47,0x1a06,0x11a5,0x0000,0x0000,0x0000,0x0000,0x0000,0x0000,0x0000,0x0000,0x0000,0x0000,0x0000,0x0000,0x0000,
  0x0000,0x0000,0x0000,0x0000,0x0000,0x0000,0x0000,0x0000,0x0000,0x0000,0x0000,0x0000,0x0000,0x0000,0x0000,0x0000,
  0x0000,0x0000,0x0000,0x0000,0x0000,0x0000,0x0000,0x0000,0x0000,0x0000,0x0000,0x0000,0x0000,0x0000,0x0000,0x0000,
  0x0000,0x0000,0x0000,0x0000,0x0000,0x0000,0x0000,0x0000,0x0000,0x0000,0x0000,0x0000,0x0000,0x0000,0x0000,0x1143,
  0x1123,0x1123,0x0000,0x0000,0x0000,0x0000,0x0000,0x0000,0x0000,0x0000,0x0000,0x0000,0x0000,0x0000,0x0000,0x08e2,
  0x08c2,0x0000,0x0000,0x0000,0x0000,0x0000,0x0000,0x0000,0x0000,0x0000,0x0000,0x0000,0x0000,0x0000,0x0000,0x0000,
  0x0000,0x0000,0x0000,0x0000,0x0000,0x0000,0x0000,0x0000,0x0000,0x0000,0x0000,0x0000,0x0000,0x0000,0x0000,0x0000,
  0x0000,0x0000,0x0000,0x0000,0x0000,0x0000,0x0000,0x0000,0x0000,0x0000,0x0000,0x0000,0x0000,0x0000,0x0000,0x0000,
  0x0000,0x0000,0x0000,0x0000,0x0000,0x0000,0x0000,0x0000,0x0000,0x0000,0x0000,0x0000,0x0000,0x0000,0x0000,0x0000,
  0x0000,0x0000,0x0000,0x0000,0x0000,0x0000,0x0000,0x0000,0x0000,0x0000,0x0000,0x0000,0x0000,0x0000,0x0000,0x0000,
  0x0000,0x0000,0x0000,0x0000,0x0000,0x0000,0x0000,0x0000,0x0000,0x0000,0x0000,0x0000,0x0000,0x0000,0x0000,0x0000,
  0x0000,0x0000,0x0000,0x0000,0x0000,0x0000,0x0000,0x0000,0x0000,0x0000,0x0000,0x0000,0x0000,0x0000,0x0000,0x0000,
 },
 {
  0x0000,0x0000,0x0000,0x0000,0x0000,0x0000,0x0000,0x0000,0x0000,0x0000,0x0000,0x0000,0x0000,0x0000,0x0000,0x0000,
  0x0000,0x0000,0x0000,0x0000,0x0000,0x0000,0x0000,0x0000,0x0000,0x0000,0x0000,0x0000,0x0000,0x0000,0x0000,0x0000,
  0x0000,0x0000,0x0000,0x0000,0x0000,0x0000,0x0000,0x0000,0x0000,0x0000,0x0000,0x0000,0x0000,0x0000,0x0000,0x0000,
  0x0000,0x0000,0x0000,0x0000,0x0000,0x0000,0x0000,0x0000,0x0000,0x0000,0x0000,0x0000,0x0000,0x0000,0x0000,0x0000,
  0x0000,0x0000,0x0000,0x0000,0x0000,0x0000,0x0000,0x0000,0x0000,0x0000,0x0000,0x0000,0x0000,0x0000,0x0000,0x0000,
  0x0000,0x0000,0x0000,0x0000,0x0000,0x0000,0x0000,0x0000,0x0000,0x0000,0x0000,0x0000,0x0000,0x0000,0x0000,0x0000,
  0x0000,0x0000,0x0000,0x0000,0x0000,0x0000,0x0000,0x0000,0x0000,0x0000,0x0000,0x0000,0x0186,0x01a6,0x01a6,0x0000,
  0x0000,0x0000,0x0000,0x0000,0x0000,0x0000,0x0000,0x0000,0x0000,0x0000,0x0000,0x0000,0x0000,0x0000,0x0000,0x0000,
  0x0186,0x0a08,0x0a49,0x0000,0x0000,0x0000,0x0000,0x0000,0x0000,0x0000,0x0000,0x0000,0x0000,0x0000,0x0000,0x0000,
  0x0000,0x0000,0x0000,0x0000,0x0000,0x0000,0x0000,0x0000,0x0000,0x0000,0x0000,0x0000,0x0000,0x0000,0x0000,0x0000,
  0x0000,0x0000,0x0000,0x0000,0x0000,0x0000,0x0000,0x0000,0x0000,0x0000,0x0000,0x0000,0x0000,0x0000,0x0000,0x0000,
  0x0000,0x0000,0x0000,0x0000,0x0000,0x0000,0x0000,0x0000,0x0000,0x0000,0x1bcf,0x1c51,0x1430,0x0b2c,0x0249,0x0000,
  0x0000,0x0000,0x0000,0x0000,0x0000,0x0000,0x0000,0x0000,0x0000,0x0000,0x0000,0x0000,0x0000,0x0000,0x0000,0x0000,
  0x09c6,0x132c,0x1c0f,0x1c50,0x1bef,0x1b4c,0x0000,0x0000,0x0000,0x0000,0x0000,0x0000,0x0000,0x0000,0x0000,0x0000,
  0x0000,0x0000,0x0000,0x0000,0x0000,0x0000,0x0000,0x0000,0x0000,0x0000,0x0000,0x0000,0x0000,0x0000,0x0000,0x0000,
  0x0000,0x0000,0x0000,0x0000,0x0000,0x0000,0x0000,0x0000,0x0000,0x0000,0x0000,0x0000,0x0000,0x0000,0x0000,0x0000,
  0x0000,0x0000,0x0000,0x0000,0x0000,0x0000,0x0000,0x0000,0x0b0c,0x1c50,0x2d74,0x3574,0x23ee,0x1208,0x00e3,0x0000,
  0x0000,0x0000,0x0000,0x0000,0x0000,0x0000,0x0000,0x0000,0x0000,0x0000,0x0000,0x0000,0x0000,0x0000,0x0000,0x0000,
  0x0082,0x0904,0x1269,0x2410,0x2d34,0x24d3,0x138e,0x0a6a,0x0000,0x0000,0x0000,0x0000,0x0000,0x0000,0x0000,0x0000,
  0x0000,0x0000,0x0000,0x0000,0x0000,0x0000,0x0000,0x0000,0x0000,0x0000,0x0000,0x0000,0x0000,0x0000,0x0000,0x0000,
  0x0000,0x0000,0x0000,0x0000,0x0000,0x0000,0x0000,0x0000,0x0000,0x0000,0x0000,0x0000,0x0000,0x0000,0x0000,0x0000,
  0x0000,0x0000,0x0000,0x0000,0x0000,0x0000,0x028a,0x2450,0x45f6,0x4e17,0x3492,0x12cb,0x09c7,0x09a6,0x0966,0x0000,
  0x0000,0x0000,0x0000,0x0000,0x0000,0x0000,0x0000,0x0000,0x0000,0x0000,0x0000,0x0000,0x0000,0x0000,0x0000,0x0000,
  0x0904,0x0966,0x09c7,0x1229,0x2b4d,0x54f3,0x7618,0x6db7,0x3c31,0x0249,0x0000,0x0000,0x0000,0x0000,0x0000,0x0000,
  0x0000,0x0000,0x0000,0x0000,0x0000,0x0000,0x0000,0x0000,0x0000,0x0000,0x0000,0x0000,0x0000,0x0000,0x0000,0x0000,
  0x0000,0x0000,0x0000,0x0000,0x0000,0x0000,0x0000,0x0000,0x0000,0x0000,0x0000,0x0000,0x0000,0x0000,0x0000,0x0000,
  0x0000,0x0000,0x0000,0x0000,0x12ab,0x3472,0x4596,0x55d7,0x4d14,0x33cf,0x124a,0x0166,0x0145,0x0986,0x11a6,0x0000,
  0x0000,0x0000,0x0000,0x0000,0x0000,0x0000,0x0000,0x0000,0x0000,0x0000,0x0000,0x0000,0x0000,0x0000,0x0000,0x0000,
  0x1145,0x11a6,0x0986,0x0125,0x0146,0x32ab,0x6c92,0x7d95,0x5db6,0x34b3,0x13af,0x0000,0x0000,0x0000,0x0000,0x0000,
  0x0000,0x0000,0x0000,0x0000,0x0000,0x0000,0x0000,0x0000,0x0000,0x0000,0x0000,0x0000,0x0000,0x0000,0x0000,0x0000,
  0x0000,0x0000,0x0000,0x0000,0x0000,0x0000,0x0000,0x0000,0x0000,0x0000,0x0000,0x0000,0x0000,0x0000,0x0000,0x0000,
  0x0000,0x0000,0x0000,0x12ec,0x4492,0x8639,0x9eba,0x7534,0x2acb,0x0165,0x0104,0x0925,0x0924,0x0904,0x0904,0x0000,
  0x0000,0x0000,0x0000,0x0000,0x0000,0x0000,0x0000,0x0000,0x0000,0x0000,0x0000,0x0000,0x0000,0x0000,0x0000,0x0000,
  0x0000,0x1125,0x0925,0x0145,0x0166,0x09c7,0x228a,0x4bef,0x7db6,0x8679,0x5d55,0x236d,0x01a7,0x0000,0x0000,0x0000,
  0x0000,0x0000,0x0000,0x0000,0x0000,0x0000,0x0000,0x0000,0x0000,0x0000,0x0000,0x0000,0x0000,0x0000,0x0000,0x0000,
  0x0000,0x0000,0x0000,0x0000,0x0000,0x0000,0x0000,0x0000,0x0000,0x0000,0x0000,0x0000,0x0000,0x0000,0x0000,0x0000,
  0x0000,0x0000,0x13ef,0x2d95,0x5658,0x75d6,0x7c91,0x4acb,0x1165,0x00e4,0x0145,0x19c7,0x1986,0x1104,0x0000,0x0000,
  0x0000,0x0000,0x0000,0x0000,0x0000,0x0000,0x0000,0x0000,0x0000,0x0000,0x0000,0x0000,0x0000,0x0000,0x0000,0x0000,
  0x0000,0x1145,0x1166,0x19a7,0x11a7,0x0166,0x0166,0x1249,0x4c0f,0x7d74,0x6dd6,0x4555,0x1c10,0x02cb,0x0000,0x0000,
  0x0000,0x0000,0x0000,0x0000,0x0000,0x0000,0x0000,0x0000,0x0000,0x0000,0x0000,0x0000,0x0000,0x0000,0x0000,0x0000,
  0x0000,0x0000,0x0000,0x0000,0x0000,0x0000,0x0000,0x0000,0x0000,0x0000,0x0000,0x0000,0x0000,0x0000,0x0000,0x0000,
  0x01e8,0x034d,0x1d34,0x2e99,0x3658,0x2c30,0x1208,0x0904,0x0104,0x0966,0x11c7,0x19e8,0x19a7,0x1124,0x0000,0x0000,
  0x0000,0x0000,0x0000,0x0000,0x0000,0x0000,0x0000,0x0000,0x0000,0x0000,0x0000,0x0000,0x0000,0x0000,0x0000,0x0000,
  0x0000,0x0000,0x08e4,0x1966,0x19a7,0x1166,0x0105,0x0105,0x09e7,0x234c,0x34d3,0x3df7,0x3596,0x1bef,0x0208,0x0000,
  0x0000,0x0000,0x0000,0x0000,0x0000,0x0000,0x0000,0x0000,0x0000,0x0000,0x0000,0x0000,0x0000,0x0000,0x0000,0x0000,
  0x0000,0x0000,0x0000,0x0000,0x0000,0x0000,0x0000,0x0000,0x0000,0x0000,0x0000,0x0000,0x0000,0x0000,0x0000,0x01e8,
  0x036e,0x14b2,0x2db6,0x3db6,0x34b2,0x12ab,0x0125,0x00c3,0x0145,0x11c7,0x2208,0x21e8,0x19a7,0x0000,0x0000,0x0000,
  0x0000,0x0000,0x0000,0x0000,0x0000,0x0000,0x22cb,0x2b0c,0x2aec,0x2249,0x0000,0x0000,0x0000,0x0000,0x0000,0x0000,
  0x0000,0x0000,0x19a7,0x2209,0x2a0a,0x21c8,0x1946,0x08e4,0x0105,0x0a08,0x23cf,0x4d96,0x4e18,0x2d35,0x0baf,0x02aa,
  0x0000,0x0000,0x0000,0x0000,0x0000,0x0000,0x0000,0x0000,0x0000,0x0000,0x0000,0x0000,0x0000,0x0000,0x0000,0x0000,
  0x0000,0x0000,0x0000,0x0000,0x0000,0x0000,0x0000,0x0000,0x0000,0x0000,0x0000,0x0000,0x0000,0x0000,0x0146,0x02cb,
  0x1c72,0x2596,0x3596,0x2c92,0x1b0c,0x09a7,0x00e4,0x0104,0x11a7,0x2208,0x2a08,0x21a7,0x1966,0x0000,0x0000,0x0000,
  0x0000,0x0000,0x0000,0x0000,0x0186,0x0aaa,0x3450,0x4d95,0x4d14,0x2b2c,0x0124,0x0000,0x0000,0x0000,0x0000,0x0000,
  0x0000,0x0000,0x1124,0x1986,0x21c7,0x29e8,0x21a7,0x1925,0x00c4,0x0104,0x0a49,0x2c10,0x3555,0x2d97,0x14f4,0x03af,
  0x0229,0x0000,0x0000,0x0000,0x0000,0x0000,0x0000,0x0000,0x0000,0x0000,0x0000,0x0000,0x0000,0x0000,0x0000,0x0000,
  0x0000,0x0000,0x0000,0x0000,0x0000,0x0000,0x0000,0x0000,0x0000,0x0000,0x0000,0x0000,0x0000,0x01c8,0x028b,0x0c10,
  0x25b5,0x3e58,0x3554,0x238e,0x0a29,0x01a7,0x0167,0x0166,0x1186,0x21a6,0x21a7,0x2186,0x1946,0x0000,0x0000,0x0000,
  0x0000,0x0000,0x0000,0x0000,0x01e7,0x0aca,0x13ce,0x2471,0x2450,0x132c,0x0208,0x0145,0x0000,0x0000,0x0000,0x0000,
  0x0000,0x0000,0x08c3,0x1924,0x2186,0x21a6,0x2186,0x1145,0x0905,0x0125,0x01c7,0x12eb,0x2451,0x3595,0x35b6,0x24b3,
  0x0aec,0x01a7,0x0000,0x0000,0x0000,0x0000,0x0000,0x0000,0x0000,0x0000,0x0000,0x0000,0x0000,0x0000,0x0000,0x0000,
  0x0000,0x0000,0x0000,0x0000,0x0000,0x0000,0x0000,0x0000,0x0000,0x0000,0x0000,0x0000,0x01c8,0x02ab,0x03f0,0x0d14,
  0x25d6,0x3595,0x2450,0x0acb,0x01a7,0x0146,0x0146,0x0946,0x1165,0x1986,0x21a7,0x21a7,0x1945,0x10c4,0x0000,0x0000,
  0x0000,0x0000,0x08e3,0x0185,0x0289,0x13ae,0x3cd2,0x6554,0x5cf3,0x2bef,0x02cb,0x01e7,0x0986,0x1165,0x0000,0x0000,
  0x0000,0x1945,0x1965,0x2186,0x2986,0x29a7,0x21c7,0x19a7,0x0967,0x0146,0x0187,0x0a28,0x234c,0x44d2,0x4595,0x3514,
  0x13cf,0x026a,0x01a7,0x0000,0x0000,0x0000,0x0000,0x0000,0x0000,0x0000,0x0000,0x0000,0x0000,0x0000,0x0000,0x0000,
  0x0000,0x0000,0x0000,0x0000,0x0000,0x0000,0x0000,0x0000,0x0000,0x0000,0x0000,0x0166,0x0208,0x032d,0x0c31,0x2514,
  0x44f3,0x4430,0x2b0c,0x09e8,0x0166,0x01a7,0x09e8,0x1186,0x1124,0x1924,0x2166,0x2187,0x2166,0x1905,0x10c4,0x10c3,
  0x10c2,0x08e3,0x0124,0x01c7,0x0aca,0x2bee,0x5d13,0x85b5,0x7d74,0x3c70,0x034c,0x0268,0x01c7,0x1165,0x0904,0x08e4,
  0x1945,0x2186,0x29a7,0x2186,0x2166,0x2166,0x2187,0x19a7,0x11a8,0x0987,0x0146,0x0146,0x0a08,0x1b6d,0x2c92,0x24d4,
  0x1472,0x0b8e,0x028b,0x0000,0x0000,0x0000,0x0000,0x0000,0x0000,0x0000,0x0000,0x0000,0x0000,0x0000,0x0000,0x0000,
  0x0000,0x0000,0x0000,0x0000,0x0000,0x0000,0x0000,0x0000,0x0000,0x0000,0x0000,0x0229,0x02cc,0x0bcf,0x1471,0x2cd2,
  0x3471,0x338d,0x2269,0x0966,0x0125,0x0186,0x09c7,0x11a6,0x1945,0x1924,0x1924,0x1925,0x2146,0x2146,0x1904,0x1082,
  0x0882,0x0124,0x0248,0x0b6d,0x1490,0x3553,0x6df6,0x8e37,0x85d6,0x44f3,0x0c0f,0x030b,0x0227,0x0944,0x08a2,0x0861,
  0x0882,0x18e4,0x2146,0x2986,0x2966,0x2966,0x2186,0x1987,0x11c8,0x09c8,0x0166,0x0145,0x01a6,0x1aeb,0x2431,0x2d14,
  0x1d35,0x1472,0x038e,0x028a,0x01c7,0x0000,0x0000,0x0000,0x0000,0x0000,0x0000,0x0000,0x0000,0x0000,0x0000,0x0000,
  0x0000,0x0000,0x0000,0x0000,0x0000,0x0000,0x0000,0x0000,0x0000,0x0000,0x0229,0x030c,0x13ee,0x2490,0x2cd1,0x2490,
  0x13ce,0x02ec,0x0249,0x01c7,0x0166,0x0145,0x0145,0x0924,0x1104,0x1924,0x2166,0x2166,0x1925,0x10e4,0x1082,0x1881,
  0x1903,0x2227,0x2b6c,0x344f,0x3c8f,0x4c2d,0x5b69,0x62a6,0x5a66,0x3a88,0x22e9,0x2309,0x32c8,0x3a05,0x2943,0x1881,
  0x0861,0x1082,0x10c3,0x2104,0x2945,0x2966,0x2166,0x1946,0x0946,0x0145,0x0145,0x0165,0x01e7,0x02aa,0x0b8e,0x0c51,
  0x0cd3,0x0492,0x03f0,0x02ec,0x01e8,0x0125,0x0000,0x0000,0x0000,0x0000,0x0000,0x0000,0x0000,0x0000,0x0000,0x0000,
  0x0000,0x0000,0x0000,0x0000,0x034d,0x036e,0x02cb,0x0a08,0x0946,0x0145,0x01c7,0x02aa,0x03cd,0x1c90,0x34f1,0x34b1,
  0x242f,0x138d,0x030c,0x02cb,0x0269,0x01e7,0x0165,0x00e4,0x08a3,0x10c3,0x1904,0x1925,0x1905,0x18e4,0x20e3,0x3164,
  0x39e5,0x4266,0x4ac7,0x6306,0x8324,0xb3e4,0xdd26,0xf629,0xe5c8,0xbc24,0x8a81,0x69e0,0x6223,0x5a44,0x4a05,0x39a5,
  0x2965,0x2125,0x1904,0x18e4,0x18e3,0x10c3,0x08a3,0x00c3,0x0125,0x0186,0x01c7,0x0228,0x0289,0x0b4c,0x0bce,0x1450,
  0x1451,0x0c11,0x038f,0x02cc,0x01c8,0x00e4,0x00e4,0x0186,0x026a,0x032c,0x034d,0x034d,0x0000,0x0000,0x0000,0x0000,
  0x0000,0x0000,0x0000,0x1b6e,0x2cd4,0x35d8,0x2d76,0x1c30,0x0aaa,0x0145,0x00c3,0x0145,0x0249,0x0b8d,0x1c70,0x1c91,
  0x13ef,0x0b8e,0x0bef,0x0c50,0x0c30,0x0b6d,0x0249,0x0146,0x0083,0x0842,0x0862,0x10a3,0x18c3,0x18e4,0x1925,0x19a6,
  0x21e6,0x31e5,0x5a23,0x8b03,0xc485,0xee09,0xff2e,0xff90,0xff2e,0xf609,0xd483,0xa300,0x6a01,0x41a3,0x21e6,0x1a07,
  0x11a7,0x1104,0x1082,0x1082,0x0861,0x0821,0x0001,0x0042,0x0125,0x0a49,0x1b2c,0x23cd,0x240e,0x13ee,0x0bce,0x03ef,
  0x0430,0x0c10,0x036e,0x02ab,0x01c8,0x0166,0x0209,0x138e,0x2cf3,0x35b6,0x3575,0x2450,0x0000,0x0000,0x0000,0x0000,
  0x0000,0x00c3,0x0a08,0x3baf,0x6535,0x6e38,0x45b7,0x1d14,0x0c71,0x038e,0x026a,0x0187,0x01a7,0x0aaa,0x0bce,0x1430,
  0x0bce,0x0b6d,0x03ae,0x03ef,0x0b8e,0x12eb,0x2289,0x3ae9,0x532a,0x4ae9,0x39e7,0x2104,0x1083,0x1082,0x00c3,0x0145,
  0x09a5,0x3202,0x7ac1,0xb425,0xe60d,0xff95,0xfff9,0xffd9,0xff74,0xfeec,0xf5e5,0xcc41,0x8ac1,0x51c3,0x21a5,0x0986,
  0x0104,0x0082,0x1082,0x1904,0x31c8,0x4aab,0x5b2d,0x5b0c,0x3a6a,0x2208,0x1289,0x136c,0x140e,0x0bee,0x03ae,0x03ae,
  0x03af,0x0b4d,0x02ab,0x0229,0x024a,0x030d,0x0431,0x1514,0x25b7,0x3617,0x3e17,0x34b2,0x1b2c,0x0000,0x0000,0x0000,
  0x0000,0x0145,0x0229,0x1b8e,0x34f4,0x35b7,0x2596,0x0d96,0x0df7,0x0dd7,0x04d3,0x032d,0x0229,0x01e9,0x026a,0x0b0c,
  0x0b2c,0x0aeb,0x024a,0x01a8,0x0986,0x3226,0x6327,0x8c49,0x9ceb,0x8cac,0x6b8b,0x4249,0x2146,0x10e4,0x00a2,0x08c3,
  0x2142,0x5a21,0x9b62,0xcce6,0xee8e,0xff95,0xfff9,0xffd8,0xff94,0xff2e,0xf648,0xdce3,0xab41,0x7a21,0x49a3,0x2164,
  0x0904,0x08c4,0x1925,0x29c7,0x52ea,0x8c4b,0xb52c,0xacaa,0x7328,0x3186,0x08e5,0x0146,0x0228,0x030c,0x0b8e,0x0b8e,
  0x0b0c,0x02ab,0x02cb,0x034d,0x0410,0x04d3,0x0575,0x15d6,0x25d6,0x2596,0x1555,0x0430,0x02ec,0x01a7,0x0000,0x0000,
  0x0000,0x01c7,0x0249,0x036d,0x0492,0x0535,0x0515,0x0535,0x15f7,0x2678,0x3636,0x3533,0x23ae,0x126a,0x0187,0x0166,
  0x01a7,0x01c7,0x0166,0x00e4,0x08e4,0x1945,0x29c6,0x3a48,0x4288,0x3a68,0x31e7,0x2145,0x10c4,0x00a4,0x00a3,0x1903,
  0x39a3,0x72a2,0xabe3,0xd525,0xee49,0xf70c,0xff6d,0xff2d,0xf6eb,0xf689,0xede6,0xdce4,0xc3e2,0x92c1,0x59c2,0x2923,
  0x10c3,0x08c3,0x10e3,0x1904,0x2965,0x39e7,0x4a68,0x4a48,0x31c6,0x1925,0x08a3,0x08c3,0x0925,0x01e8,0x026a,0x024a,
  0x01e8,0x0a29,0x2b8e,0x4513,0x45d5,0x3616,0x15f6,0x0db5,0x0575,0x0575,0x0534,0x0451,0x02ec,0x01c7,0x0105,0x0000,
  0x0000,0x01e7,0x028a,0x138e,0x24d2,0x2534,0x14d3,0x14d2,0x2594,0x3615,0x3d93,0x2c4f,0x1aca,0x09a7,0x0105,0x00e4,
  0x0104,0x0945,0x0966,0x0945,0x0925,0x08e4,0x08c3,0x10e4,0x1104,0x1904,0x18c3,0x1082,0x0882,0x0083,0x00a3,0x1103,
  0x3183,0x6a62,0xa362,0xd483,0xed85,0xf667,0xfee8,0xff09,0xfec8,0xee26,0xdd24,0xbbe2,0x92c1,0x69e1,0x4141,0x20e2,
  0x08a2,0x0062,0x0862,0x0882,0x10c3,0x2104,0x2145,0x2125,0x18e4,0x10c3,0x10e4,0x1146,0x1187,0x19a7,0x1166,0x0904,
  0x00a3,0x00c4,0x09a6,0x22eb,0x442f,0x5d53,0x5df5,0x45f5,0x2594,0x1595,0x0d95,0x0cb2,0x032d,0x01e8,0x0145,0x0000,
  0x0000,0x01c7,0x026a,0x0b8e,0x24f3,0x4e17,0x7616,0x7554,0x5430,0x22ec,0x09e8,0x0925,0x1104,0x1105,0x1946,0x1987,
  0x1987,0x1966,0x1966,0x1125,0x1104,0x08c3,0x08a2,0x0881,0x0882,0x18e3,0x2124,0x2965,0x2945,0x1904,0x08e4,0x0904,
  0x1943,0x41a2,0x7a41,0xab41,0xd443,0xe565,0xf627,0xf688,0xf647,0xe565,0xc422,0xa321,0x8240,0x5980,0x30e1,0x18a1,
  0x10a3,0x10c4,0x2125,0x2965,0x2965,0x2144,0x1903,0x10c2,0x10a2,0x10c3,0x10e4,0x1946,0x2167,0x2187,0x2166,0x2146,
  0x1125,0x00e4,0x0082,0x00a3,0x1145,0x3269,0x5bae,0x74f2,0x6db5,0x4e17,0x1dd6,0x0492,0x030d,0x01e8,0x0945,0x0000,
  0x0000,0x00e4,0x0208,0x1baf,0x3576,0x5639,0x5d76,0x4bf0,0x324a,0x1105,0x0082,0x08c3,0x1924,0x1965,0x1946,0x1946,
  0x1966,0x1946,0x1905,0x10c4,0x10a3,0x10c3,0x10c3,0x10e3,0x1904,0x2986,0x4229,0x4a8a,0x4229,0x2986,0x10e4,0x0083,
  0x0082,0x18c1,0x4981,0x8261,0xb3a3,0xd4c5,0xede8,0xf64a,0xee09,0xdd26,0xbbe2,0x92c0,0x61e1,0x3921,0x1881,0x0841,
  0x0042,0x10a3,0x2966,0x4229,0x4aab,0x424a,0x2986,0x1903,0x10c3,0x10a2,0x0882,0x0862,0x0862,0x10a3,0x18e4,0x1925,
  0x1165,0x0986,0x09a6,0x0965,0x00e4,0x00a3,0x0125,0x2aaa,0x4c50,0x5595,0x4df6,0x34f3,0x134d,0x01a7,0x00a3,0x0000,
  0x0000,0x0001,0x0966,0x336e,0x5d14,0x6555,0x43d0,0x2a4a,0x1166,0x0905,0x1124,0x1945,0x1965,0x1925,0x08c3,0x0862,
  0x0862,0x10a3,0x2165,0x3208,0x3a69,0x3a49,0x29c7,0x1924,0x18c3,0x2946,0x424a,0x5b0d,0x52ec,0x3a08,0x2124,0x0882,
  0x0020,0x0020,0x20c1,0x49a2,0x7a82,0xab82,0xcc63,0xd4c4,0xcca4,0xbc02,0x9301,0x6a21,0x4982,0x20e2,0x0882,0x0062,
  0x10c3,0x2165,0x31c7,0x3a08,0x31e8,0x2987,0x2125,0x2145,0x31c6,0x3a48,0x4269,0x3a07,0x2165,0x10a2,0x0020,0x0020,
  0x0082,0x1124,0x11e7,0x1228,0x11c7,0x0966,0x0925,0x1987,0x22aa,0x3c10,0x4554,0x3d13,0x23ae,0x0000,0x0000,0x0000,
  0x0000,0x0000,0x0000,0x028a,0x034d,0x0baf,0x1aec,0x1a29,0x1987,0x1925,0x1104,0x10e3,0x08c3,0x0061,0x0020,0x0021,
  0x1082,0x2145,0x3a48,0x4aea,0x4aea,0x3227,0x2144,0x10c3,0x2104,0x39a8,0x5a8b,0x6b4d,0x6b4d,0x52aa,0x39c7,0x1904,
  0x0882,0x0062,0x08c3,0x2123,0x4182,0x7221,0x9b42,0xbc03,0xbbe2,0x9301,0x61e1,0x3942,0x2124,0x08e4,0x00a3,0x10c3,
  0x2985,0x4a69,0x632b,0x6b6c,0x52eb,0x31c8,0x10c4,0x0862,0x10a3,0x2986,0x426a,0x4acc,0x428b,0x29a7,0x10a3,0x0041,
  0x0061,0x00e2,0x0924,0x1145,0x1145,0x1104,0x1125,0x1186,0x0a29,0x0aec,0x038e,0x034d,0x0000,0x0000,0x0000,0x0000,
  0x0000,0x0000,0x0000,0x0000,0x01e8,0x026a,0x0a8a,0x1229,0x1186,0x08c3,0x0000,0x0000,0x0000,0x0000,0x0000,0x0000,
  0x1904,0x31a7,0x4a8b,0x52ec,0x4a8b,0x2986,0x1082,0x1041,0x18a3,0x2166,0x2209,0x228a,0x2aaa,0x2a48,0x29c6,0x2144,
  0x18e3,0x18c3,0x18e4,0x1904,0x2124,0x3185,0x4205,0x5246,0x5245,0x41c4,0x2923,0x1903,0x1104,0x10c3,0x0882,0x10a2,
  0x1944,0x2a07,0x32a9,0x3aea,0x3289,0x29a6,0x18c3,0x0841,0x0841,0x18e4,0x31c8,0x4aac,0x4acc,0x3209,0x1925,0x08c3,
  0x0000,0x0000,0x0000,0x0000,0x0000,0x0000,0x00c3,0x0166,0x0208,0x0229,0x01c8,0x0186,0x0000,0x0000,0x0000,0x0000,
  0x0000,0x0000,0x0000,0x0000,0x0000,0x0000,0x0125,0x0125,0x0104,0x0000,0x0000,0x0000,0x0000,0x0000,0x0000,0x0000,
  0x10a3,0x1905,0x39e9,0x4a6b,0x422a,0x2946,0x1082,0x0841,0x08c3,0x1228,0x13ce,0x1cf2,0x2cf2,0x3bee,0x32a9,0x2985,
  0x18a3,0x0841,0x0861,0x08c3,0x1925,0x3209,0x532e,0x63f1,0x5b8f,0x3a6a,0x1904,0x0882,0x0861,0x0841,0x0001,0x0882,
  0x29c6,0x4b4b,0x5c8f,0x5512,0x4491,0x2b2c,0x1186,0x0861,0x0841,0x10a3,0x2966,0x3a09,0x3209,0x2987,0x10e4,0x0882,
  0x0000,0x0000,0x0000,0x0000,0x0000,0x0000,0x0000,0x0000,0x0125,0x0125,0x0000,0x0000,0x0000,0x0000,0x0000,0x0000,
  0x0000,0x0000,0x0000,0x0000,0x0000,0x0000,0x0000,0x0000,0x0000,0x0000,0x0000,0x0000,0x0000,0x0000,0x0000,0x0000,
  0x0000,0x18e5,0x2967,0x31a8,0x2966,0x18c3,0x0882,0x0124,0x0249,0x0b8e,0x1471,0x24d2,0x3450,0x434c,0x4248,0x31a6,
  0x2124,0x10a2,0x0861,0x0882,0x10e4,0x2987,0x428b,0x5b0d,0x52cc,0x3a08,0x18e4,0x0862,0x0041,0x0882,0x18e4,0x2986,
  0x4248,0x4b2a,0x4c0e,0x34d1,0x24d3,0x1411,0x0acc,0x09a7,0x0904,0x10c3,0x1925,0x2987,0x29a8,0x2146,0x08a3,0x0000,
  0x0000,0x0000,0x0000,0x0000,0x0000,0x0000,0x0000,0x0000,0x0000,0x0000,0x0000,0x0000,0x0000,0x0000,0x0000,0x0000,
  0x0000,0x0000,0x0000,0x0000,0x0000,0x0000,0x0000,0x0000,0x0000,0x0000,0x0000,0x0000,0x0000,0x0000,0x0000,0x0000,
  0x0000,0x0000,0x1905,0x2146,0x2125,0x1105,0x0925,0x01c8,0x02ec,0x0431,0x0d34,0x1d95,0x2d13,0x3c0e,0x42ea,0x3a07,
  0x2945,0x10a2,0x0041,0x0041,0x0882,0x2125,0x4209,0x52cb,0x52ab,0x31c8,0x10c3,0x0021,0x0021,0x0882,0x2925,0x4207,
  0x52c9,0x4b4b,0x3bcd,0x2470,0x1472,0x03f0,0x02cc,0x01c8,0x0105,0x00c4,0x10e4,0x2125,0x2146,0x1925,0x0000,0x0000,
  0x0000,0x0000,0x0000,0x0000,0x0000,0x0000,0x0000,0x0000,0x0000,0x0000,0x0000,0x0000,0x0000,0x0000,0x0000,0x0000,
  0x0000,0x0000,0x0000,0x0000,0x0000,0x0000,0x0000,0x0000,0x0000,0x0000,0x0000,0x0000,0x0000,0x0000,0x0000,0x0000,
  0x0000,0x0000,0x0000,0x10c3,0x08e4,0x0945,0x01a7,0x024a,0x030c,0x03f0,0x04b2,0x0cd2,0x1c30,0x2b4b,0x3289,0x3207,
  0x2986,0x18e4,0x0861,0x0020,0x0061,0x1904,0x3208,0x4a8a,0x426a,0x31a7,0x10c4,0x0041,0x0041,0x10a3,0x2945,0x39e7,
  0x4268,0x3ac9,0x334c,0x240f,0x1c51,0x13f0,0x0aec,0x0a09,0x0166,0x0125,0x0904,0x08e4,0x10e4,0x0000,0x0000,0x0000,
  0x0000,0x0000,0x0000,0x0000,0x0000,0x0000,0x0000,0x0000,0x0000,0x0000,0x0000,0x0000,0x0000,0x0000,0x0000,0x0000,
  0x0000,0x0000,0x0000,0x0000,0x0000,0x0000,0x0000,0x0000,0x0000,0x0000,0x0000,0x0000,0x0000,0x0000,0x0000,0x0000,
  0x0000,0x0000,0x0000,0x0000,0x00e4,0x0166,0x01e8,0x026a,0x02ec,0x0410,0x0cf3,0x1d34,0x3491,0x434c,0x4a69,0x4208,
  0x31c7,0x1945,0x08c3,0x0000,0x0000,0x0000,0x0000,0x0000,0x1924,0x0000,0x0000,0x0000,0x08a2,0x18e4,0x3186,0x4229,
  0x52aa,0x4b0b,0x438d,0x2c31,0x1c73,0x1432,0x136f,0x0a8b,0x0a09,0x01a7,0x0145,0x0000,0x0000,0x0000,0x0000,0x0000,
  0x0000,0x0000,0x0000,0x0000,0x0000,0x0000,0x0000,0x0000,0x0000,0x0000,0x0000,0x0000,0x0000,0x0000,0x0000,0x0000,
  0x0000,0x0000,0x0000,0x0000,0x0000,0x0000,0x0000,0x0000,0x0000,0x0000,0x0000,0x0000,0x0000,0x0000,0x0000,0x0000,
  0x0000,0x0000,0x0000,0x0000,0x0000,0x0145,0x01a7,0x0a29,0x0acb,0x13ef,0x14d2,0x1cf3,0x2451,0x334d,0x3a8a,0x426a,
  0x3a29,0x29a6,0x1104,0x0000,0x0000,0x0000,0x0000,0x0000,0x0000,0x0000,0x0000,0x0000,0x08e4,0x1945,0x31e7,0x4a6a,
  0x52cb,0x4b2c,0x3bcf,0x24b3,0x14f5,0x0c94,0x0b90,0x028b,0x0209,0x01c7,0x0166,0x0000,0x0000,0x0000,0x0000,0x0000,
  0x0000,0x0000,0x0000,0x0000,0x0000,0x0000,0x0000,0x0000,0x0000,0x0000,0x0000,0x0000,0x0000,0x0000,0x0000,0x0000,
  0x0000,0x0000,0x0000,0x0000,0x0000,0x0000,0x0000,0x0000,0x0000,0x0000,0x0000,0x0000,0x0000,0x0000,0x0000,0x0000,
  0x0000,0x0000,0x0000,0x0000,0x0000,0x00e4,0x0145,0x01c7,0x028a,0x03cf,0x14d3,0x1d34,0x24b2,0x2bae,0x32cb,0x3a8a,
  0x3a49,0x29c7,0x1924,0x0000,0x0000,0x0000,0x0000,0x0000,0x0000,0x0000,0x0000,0x0000,0x0000,0x1925,0x2966,0x4208,
  0x530b,0x4c0f,0x44f2,0x2d13,0x14b3,0x03f0,0x02ec,0x0209,0x0186,0x0125,0x0104,0x0000,0x0000,0x0000,0x0000,0x0000,
  0x0000,0x0000,0x0000,0x0000,0x0000,0x0000,0x0000,0x0000,0x0000,0x0000,0x0000,0x0000,0x0000,0x0000,0x0000,0x0000,
  0x0000,0x0000,0x0000,0x0000,0x0000,0x0000,0x0000,0x0000,0x0000,0x0000,0x0000,0x0000,0x0000,0x0000,0x0000,0x0000,
  0x0000,0x0000,0x0000,0x0000,0x0000,0x0000,0x0145,0x01c7,0x028a,0x03af,0x0cd3,0x1d55,0x2cf3,0x3c0f,0x430b,0x42aa,
  0x3a49,0x29c7,0x0000,0x0000,0x0000,0x0000,0x0000,0x0000,0x0000,0x0000,0x0000,0x0000,0x0000,0x0000,0x3145,0x41e7,
  0x52eb,0x53ce,0x44b1,0x2cd2,0x1471,0x0baf,0x02cc,0x0208,0x0166,0x0124,0x0000,0x0000,0x0000,0x0000,0x0000,0x0000,
  0x0000,0x0000,0x0000,0x0000,0x0000,0x0000,0x0000,0x0000,0x0000,0x0000,0x0000,0x0000,0x0000,0x0000,0x0000,0x0000,
  0x0000,0x0000,0x0000,0x0000,0x0000,0x0000,0x0000,0x0000,0x0000,0x0000,0x0000,0x0000,0x0000,0x0000,0x0000,0x0000,
  0x0000,0x0000,0x0000,0x0000,0x0000,0x0000,0x0000,0x0145,0x01e8,0x02eb,0x0c0f,0x14d3,0x1d13,0x2c71,0x336d,0x42c9,
  0x3a06,0x3184,0x0000,0x0000,0x0000,0x0000,0x0000,0x0000,0x0000,0x0000,0x0000,0x0000,0x0000,0x0000,0x3104,0x41a6,
  0x4aeb,0x4430,0x3554,0x1d75,0x0493,0x036f,0x026a,0x0187,0x0125,0x0000,0x0000,0x0000,0x0000,0x0000,0x0000,0x0000,
  0x0000,0x0000,0x0000,0x0000,0x0000,0x0000,0x0000,0x0000,0x0000,0x0000,0x0000,0x0000,0x0000,0x0000,0x0000,0x0000,
  0x0000,0x0000,0x0000,0x0000,0x0000,0x0000,0x0000,0x0000,0x0000,0x0000,0x0000,0x0000,0x0000,0x0000,0x0000,0x0000,
  0x0000,0x0000,0x0000,0x0000,0x0000,0x0000,0x0000,0x00c3,0x0124,0x0228,0x036d,0x1c92,0x4555,0x6513,0x63ee,0x4ae8,
  0x31c3,0x1921,0x0000,0x0000,0x0000,0x0000,0x0000,0x0000,0x0000,0x0000,0x0000,0x0000,0x0000,0x0000,0x2903,0x39a5,
  0x4b0a,0x4c6f,0x3d73,0x1d33,0x03ef,0x02ab,0x0187,0x00e4,0x08a3,0x0000,0x0000,0x0000,0x0000,0x0000,0x0000,0x0000,
  0x0000,0x0000,0x0000,0x0000,0x0000,0x0000,0x0000,0x0000,0x0000,0x0000,0x0000,0x0000,0x0000,0x0000,0x0000,0x0000,
  0x0000,0x0000,0x0000,0x0000,0x0000,0x0000,0x0000,0x0000,0x0000,0x0000,0x0000,0x0000,0x0000,0x0000,0x0000,0x0000,
  0x0000,0x0000,0x0000,0x0000,0x0000,0x0000,0x0000,0x0000,0x0000,0x01a6,0x0acb,0x2410,0x5513,0x7d54,0x6c2f,0x3a89,
  0x0923,0x0081,0x0000,0x0000,0x0000,0x0000,0x0000,0x0000,0x0000,0x0000,0x0000,0x0000,0x0000,0x0000,0x0060,0x1923,
  0x4309,0x64f0,0x6593,0x3c70,0x0aaa,0x0186,0x00e4,0x08a2,0x0000,0x0000,0x0000,0x0000,0x0000,0x0000,0x0000,0x0000,
  0x0000,0x0000,0x0000,0x0000,0x0000,0x0000,0x0000,0x0000,0x0000,0x0000,0x0000,0x0000,0x0000,0x0000,0x0000,0x0000,
  0x0000,0x0000,0x0000,0x0000,0x0000,0x0000,0x0000,0x0000,0x0000,0x0000,0x0000,0x0000,0x0000,0x0000,0x0000,0x0000,
  0x0000,0x0000,0x0000,0x0000,0x0000,0x0000,0x0000,0x0000,0x0000,0x0000,0x0208,0x132c,0x3c92,0x5d74,0x54b1,0x32ea,
  0x1144,0x0061,0x0000,0x0000,0x0000,0x0000,0x0000,0x0000,0x0000,0x0000,0x0000,0x0000,0x0000,0x0000,0x10a2,0x21a5,
  0x436b,0x6531,0x5d72,0x33cd,0x09e7,0x00e4,0x0000,0x0000,0x0000,0x0000,0x0000,0x0000,0x0000,0x0000,0x0000,0x0000,
  0x0000,0x0000,0x0000,0x0000,0x0000,0x0000,0x0000,0x0000,0x0000,0x0000,0x0000,0x0000,0x0000,0x0000,0x0000,0x0000,
  0x0000,0x0000,0x0000,0x0000,0x0000,0x0000,0x0000,0x0000,0x0000,0x0000,0x0000,0x0000,0x0000,0x0000,0x0000,0x0000,
  0x0000,0x0000,0x0000,0x0000,0x0000,0x0000,0x0000,0x0000,0x0000,0x0000,0x0063,0x0166,0x2b2b,0x5ccf,0x6cee,0x5b89,
  0x39e4,0x2901,0x0000,0x0000,0x0000,0x0000,0x0000,0x0000,0x0000,0x0000,0x0000,0x0000,0x0000,0x0000,0x3122,0x4225,
  0x5b89,0x64ad,0x546d,0x22c9,0x0104,0x0000,0x0000,0x0000,0x0000,0x0000,0x0000,0x0000,0x0000,0x0000,0x0000,0x0000,
  0x0000,0x0000,0x0000,0x0000,0x0000,0x0000,0x0000,0x0000,0x0000,0x0000,0x0000,0x0000,0x0000,0x0000,0x0000,0x0000,
  0x0000,0x0000,0x0000,0x0000,0x0000,0x0000,0x0000,0x0000,0x0000,0x0000,0x0000,0x0000,0x0000,0x0000,0x0000,0x0000,
  0x0000,0x0000,0x0000,0x0000,0x0000,0x0000,0x0000,0x0000,0x0000,0x0000,0x0000,0x0000,0x2227,0x3b8b,0x43cc,0x3b2a,
  0x2a06,0x0000,0x0000,0x0000,0x0000,0x0000,0x0000,0x0000,0x0000,0x0000,0x0000,0x0000,0x0000,0x0000,0x2226,0x32c8,
  0x3b29,0x3309,0x2a88,0x19c5,0x0000,0x0000,0x0000,0x0000,0x0000,0x0000,0x0000,0x0000,0x0000,0x0000,0x0000,0x0000,
  0x0000,0x0000,0x0000,0x0000,0x0000,0x0000,0x0000,0x0000,0x0000,0x0000,0x0000,0x0000,0x0000,0x0000,0x0000,0x0000,
  0x0000,0x0000,0x0000,0x0000,0x0000,0x0000,0x0000,0x0000,0x0000,0x0000,0x0000,0x0000,0x0000,0x0000,0x0000,0x0000,
  0x0000,0x0000,0x0000,0x0000,0x0000,0x0000,0x0000,0x0000,0x0000,0x0000,0x0000,0x0000,0x0000,0x1985,0x19a5,0x2206,
  0x19c6,0x19a5,0x0000,0x0000,0x0000,0x0000,0x0000,0x0000,0x0000,0x0000,0x0000,0x0000,0x0000,0x0000,0x11c5,0x1206,
  0x11e6,0x1185,0x0000,0x0000,0x0000,0x0000,0x0000,0x0000,0x0000,0x0000,0x0000,0x0000,0x0000,0x0000,0x0000,0x0000,
  0x0000,0x0000,0x0000,0x0000,0x0000,0x0000,0x0000,0x0000,0x0000,0x0000,0x0000,0x0000,0x0000,0x0000,0x0000,0x0000,
  0x0000,0x0000,0x0000,0x0000,0x0000,0x0000,0x0000,0x0000,0x0000,0x0000,0x0000,0x0000,0x0000,0x0000,0x0000,0x0000,
  0x0000,0x0000,0x0000,0x0000,0x0000,0x0000,0x0000,0x0000,0x0000,0x0000,0x0000,0x0000,0x0000,0x0000,0x0000,0x08c3,
  0x08a2,0x0000,0x0000,0x0000,0x0000,0x0000,0x0000,0x0000,0x0000,0x0000,0x0000,0x0000,0x0000,0x0000,0x08c3,0x10e3,
  0x10e3,0x0000,0x0000,0x0000,0x0000,0x0000,0x0000,0x0000,0x0000,0x0000,0x0000,0x0000,0x0000,0x0000,0x0000,0x0000,
  0x0000,0x0000,0x0000,0x0000,0x0000,0x0000,0x0000,0x0000,0x0000,0x0000,0x0000,0x0000,0x0000,0x0000,0x0000,0x0000,
  0x0000,0x0000,0x0000,0x0000,0x0000,0x0000,0x0000,0x0000,0x0000,0x0000,0x0000,0x0000,0x0000,0x0000,0x0000,0x0000,
  0x0000,0x0000,0x0000,0x0000,0x0000,0x0000,0x0000,0x0000,0x0000,0x0000,0x0000,0x0000,0x0000,0x0000,0x0000,0x0000,
  0x0000,0x0000,0x0000,0x0000,0x0000,0x0000,0x0000,0x0000,0x0000,0x0000,0x0000,0x0000,0x0000,0x0000,0x0000,0x0000,
  0x0000,0x0000,0x0000,0x0000,0x0000,0x0000,0x0000,0x0000,0x0000,0x0000,0x0000,0x0000,0x0000,0x0000,0x0000,0x0000,
  0x0000,0x0000,0x0000,0x0000,0x0000,0x0000,0x0000,0x0000,0x0000,0x0000,0x0000,0x0000,0x0000,0x0000,0x0000,0x0000,
 },
 {
  0x0000,0x0000,0x0000,0x0000,0x0000,0x0000,0x0000,0x0000,0x0000,0x0000,0x0000,0x0000,0x0000,0x0000,0x0000,0x0000,
  0x0000,0x0000,0x0000,0x0000,0x0000,0x0000,0x0000,0x0000,0x0000,0x0000,0x0000,0x0000,0x0000,0x0000,0x0000,0x0000,
  0x0000,0x0000,0x0000,0x0000,0x0000,0x0000,0x0000,0x0000,0x0000,0x0000,0x0000,0x0000,0x0000,0x0000,0x0000,0x0000,
  0x0000,0x0000,0x0000,0x0000,0x0000,0x0000,0x0000,0x0000,0x0000,0x0000,0x0000,0x0000,0x0000,0x0000,0x0000,0x0000,
  0x0000,0x0000,0x0000,0x0000,0x0000,0x0000,0x0000,0x0000,0x0000,0x0000,0x0000,0x0000,0x0000,0x0000,0x0000,0x0000,
  0x0000,0x0000,0x0000,0x0000,0x0000,0x0000,0x0000,0x0000,0x0000,0x0000,0x0000,0x0000,0x0000,0x0000,0x0000,0x0000,
  0x0000,0x0000,0x0000,0x0000,0x0000,0x0000,0x0000,0x0000,0x0000,0x0000,0x0000,0x0a08,0x09a7,0x0165,0x0000,0x0000,
  0x0000,0x0000,0x0000,0x0000,0x0000,0x0000,0x0000,0x0000,0x0000,0x0000,0x0000,0x0000,0x0000,0x0000,0x0000,0x0000,
  0x0000,0x0000,0x0124,0x0186,0x01e7,0x0000,0x0000,0x0000,0x0000,0x0000,0x0000,0x0000,0x0000,0x0000,0x0000,0x0000,
  0x0000,0x0000,0x0000,0x0000,0x0000,0x0000,0x0000,0x0000,0x0000,0x0000,0x0000,0x0000,0x0000,0x0000,0x0000,0x0000,
  0x0000,0x0000,0x0000,0x0000,0x0000,0x0000,0x0000,0x0000,0x0000,0x0000,0x0000,0x0000,0x0000,0x0000,0x0000,0x0000,
  0x0000,0x0000,0x0000,0x0000,0x0000,0x0000,0x0000,0x0000,0x0000,0x0b0c,0x13cf,0x0b8e,0x0a28,0x0000,0x0000,0x0000,
  0x0000,0x0000,0x0000,0x0000,0x0000,0x0000,0x0000,0x0000,0x0000,0x0000,0x0000,0x0000,0x0000,0x0000,0x0000,0x0000,
  0x0000,0x0000,0x0000,0x09e7,0x136d,0x13ef,0x0b2c,0x0000,0x0000,0x0000,0x0000,0x0000,0x0000,0x0000,0x0000,0x0000,
  0x0000,0x0000,0x0000,0x0000,0x0000,0x0000,0x0000,0x0000,0x0000,0x0000,0x0000,0x0000,0x0000,0x0000,0x0000,0x0000,
  0x0000,0x0000,0x0000,0x0000,0x0000,0x0000,0x0000,0x0000,0x0000,0x0000,0x0000,0x0000,0x0000,0x0000,0x0000,0x0000,
  0x0000,0x0000,0x0000,0x0000,0x0000,0x0000,0x2228,0x2b8d,0x34b2,0x2c91,0x1aca,0x0904,0x0021,0x0000,0x0000,0x0000,
  0x0000,0x0000,0x0000,0x0000,0x0000,0x0000,0x0000,0x0000,0x0000,0x0000,0x0000,0x0000,0x0000,0x0000,0x0000,0x0000,
  0x0000,0x0000,0x0000,0x0882,0x0924,0x128a,0x1c30,0x24b2,0x1c10,0x12cc,0x0000,0x0000,0x0000,0x0000,0x0000,0x0000,
  0x0000,0x0000,0x0000,0x0000,0x0000,0x0000,0x0000,0x0000,0x0000,0x0000,0x0000,0x0000,0x0000,0x0000,0x0000,0x0000,
  0x0000,0x0000,0x0000,0x0000,0x0000,0x0000,0x0000,0x0000,0x0000,0x0000,0x0000,0x0000,0x0000,0x0000,0x0000,0x0000,
  0x0000,0x0000,0x0000,0x0000,0x12aa,0x342f,0x4db5,0x4dd5,0x2c0f,0x09c7,0x08e4,0x08e3,0x0000,0x0000,0x0000,0x0000,
  0x0000,0x0000,0x0000,0x0000,0x0000,0x0000,0x0000,0x0000,0x0000,0x0000,0x0000,0x0000,0x0000,0x0000,0x0000,0x0000,
  0x0000,0x0000,0x0000,0x0000,0x0904,0x0924,0x11c7,0x43af,0x6515,0x4d15,0x1bf0,0x026a,0x0000,0x0000,0x0000,0x0000,
  0x0000,0x0000,0x0000,0x0000,0x0000,0x0000,0x0000,0x0000,0x0000,0x0000,0x0000,0x0000,0x0000,0x0000,0x0000,0x0000,
  0x0000,0x0000,0x0000,0x0000,0x0000,0x0000,0x0000,0x0000,0x0000,0x0000,0x0000,0x0000,0x0000,0x0000,0x0000,0x0000,
  0x0000,0x0000,0x0269,0x140f,0x4e17,0x6e99,0x44f3,0x0a8a,0x01a7,0x11a7,0x1166,0x0945,0x0000,0x0000,0x0000,0x0000,
  0x0000,0x0000,0x0000,0x0000,0x0000,0x0000,0x0000,0x0000,0x0000,0x0000,0x0000,0x0000,0x0000,0x0000,0x0000,0x0000,
  0x0000,0x0000,0x0000,0x0000,0x0904,0x0966,0x09c7,0x0186,0x11e8,0x4430,0x5e17,0x35b6,0x03cf,0x0269,0x0000,0x0000,
  0x0000,0x0000,0x0000,0x0000,0x0000,0x0000,0x0000,0x0000,0x0000,0x0000,0x0000,0x0000,0x0000,0x0000,0x0000,0x0000,
  0x0000,0x0000,0x0000,0x0000,0x0000,0x0000,0x0000,0x0000,0x0000,0x0000,0x0000,0x0000,0x0000,0x0000,0x0000,0x0000,
  0x0000,0x02cb,0x4d34,0x86ba,0x6d55,0x2aab,0x0966,0x0145,0x1186,0x19a6,0x1165,0x0000,0x0000,0x0000,0x0000,0x0000,
  0x0000,0x0000,0x0000,0x0000,0x0000,0x0000,0x0000,0x0000,0x0000,0x0000,0x0000,0x0000,0x0000,0x0000,0x0000,0x0000,
  0x0000,0x0000,0x0000,0x0000,0x0000,0x1125,0x1166,0x0945,0x0145,0x19c7,0x434d,0x6dd6,0x6eda,0x3575,0x030c,0x0000,
  0x0000,0x0000,0x0000,0x0000,0x0000,0x0000,0x0000,0x0000,0x0000,0x0000,0x0000,0x0000,0x0000,0x0000,0x0000,0x0000,
  0x0000,0x0000,0x0000,0x0000,0x0000,0x0000,0x0000,0x0000,0x0000,0x0000,0x0000,0x0000,0x0000,0x0000,0x0000,0x0208,
  0x2c30,0x6e58,0x969a,0x8cf4,0x42ec,0x0186,0x0145,0x19a6,0x19a6,0x1165,0x0000,0x0000,0x0000,0x0000,0x0000,0x0000,
  0x0000,0x0000,0x0000,0x0000,0x0000,0x0000,0x0000,0x0000,0x0000,0x0000,0x0000,0x0000,0x0000,0x0000,0x0000,0x0000,
  0x0000,0x0000,0x0000,0x0000,0x0000,0x0000,0x1925,0x2145,0x1966,0x0104,0x0186,0x4b4d,0x9575,0x8eba,0x4e18,0x1bf0,
  0x01a7,0x0000,0x0000,0x0000,0x0000,0x0000,0x0000,0x0000,0x0000,0x0000,0x0000,0x0000,0x0000,0x0000,0x0000,0x0000,
  0x0000,0x0000,0x0000,0x0000,0x0000,0x0000,0x0000,0x0000,0x0000,0x0000,0x0000,0x0000,0x0000,0x0000,0x0208,0x036e,
  0x2d55,0x5e38,0x4cb3,0x1a6a,0x0186,0x0186,0x11a6,0x19a6,0x1985,0x1145,0x0000,0x0000,0x0000,0x0000,0x0000,0x0000,
  0x0000,0x0000,0x0000,0x0000,0x0000,0x0000,0x0000,0x0000,0x0000,0x0000,0x0000,0x0000,0x0000,0x0000,0x0000,0x0000,
  0x0000,0x0000,0x0000,0x0000,0x0000,0x0000,0x0000,0x1966,0x2186,0x19a6,0x09a6,0x01a6,0x1aaa,0x4d33,0x5eb9,0x35d6,
  0x03ae,0x0208,0x0000,0x0000,0x0000,0x0000,0x0000,0x0000,0x0000,0x0000,0x0000,0x0000,0x0000,0x0000,0x0000,0x0000,
  0x0000,0x0000,0x0000,0x0000,0x0000,0x0000,0x0000,0x0000,0x0000,0x0000,0x0000,0x0000,0x0000,0x01c7,0x138e,0x2d35,
  0x3576,0x2430,0x0a6a,0x0145,0x0904,0x1965,0x21a6,0x2166,0x1924,0x0000,0x0000,0x0000,0x0000,0x0000,0x0000,0x0000,
  0x0000,0x0000,0x0000,0x0000,0x0000,0x0000,0x0000,0x0000,0x0000,0x0000,0x0000,0x0000,0x0000,0x0000,0x0000,0x0000,
  0x0000,0x0000,0x0000,0x0000,0x0000,0x0000,0x0000,0x1966,0x29e8,0x3208,0x21c7,0x0925,0x0166,0x1acb,0x3cb2,0x3dd6,
  0x2d54,0x132d,0x0145,0x0000,0x0000,0x0000,0x0000,0x0000,0x0000,0x0000,0x0000,0x0000,0x0000,0x0000,0x0000,0x0000,
  0x0000,0x0000,0x0000,0x0000,0x0000,0x0000,0x0000,0x0000,0x0000,0x0000,0x0000,0x0000,0x0208,0x034d,0x34f4,0x6db6,
  0x5c92,0x228a,0x01a7,0x09a7,0x11a6,0x2186,0x2186,0x1945,0x0000,0x0000,0x0000,0x0000,0x0000,0x0000,0x0000,0x0000,
  0x0000,0x0000,0x0000,0x0000,0x0000,0x0000,0x0000,0x0000,0x0000,0x0000,0x0000,0x0000,0x0000,0x0000,0x0000,0x0000,
  0x0000,0x0000,0x0000,0x0000,0x0000,0x0000,0x0000,0x0000,0x1986,0x21a7,0x21a7,0x1966,0x0925,0x0966,0x128b,0x24f4,
  0x2618,0x0d15,0x032d,0x0000,0x0000,0x0000,0x0000,0x0000,0x0000,0x0000,0x0000,0x0000,0x0000,0x0000,0x0000,0x0000,
  0x0000,0x0000,0x0000,0x0000,0x0000,0x0000,0x0000,0x0000,0x0000,0x0000,0x0000,0x0000,0x030c,0x04d3,0x1db6,0x2cf3,
  0x234d,0x01a7,0x0145,0x09a7,0x19c7,0x21c7,0x2186,0x1145,0x0000,0x0000,0x0000,0x0000,0x0000,0x0000,0x0000,0x0000,
  0x0000,0x0000,0x0000,0x0000,0x0000,0x0000,0x0000,0x2acb,0x2b0b,0x22eb,0x0000,0x0000,0x0000,0x0000,0x0000,0x0000,
  0x0000,0x0000,0x0000,0x0000,0x0000,0x0000,0x0000,0x0000,0x1104,0x2186,0x29e8,0x21c7,0x1165,0x0125,0x01e8,0x13cf,
  0x1d75,0x15f7,0x0cf4,0x032d,0x0000,0x0000,0x0000,0x0000,0x0000,0x0000,0x0000,0x0000,0x0000,0x0000,0x0000,0x0000,
  0x0000,0x0000,0x0000,0x0000,0x0000,0x0000,0x0000,0x0000,0x0000,0x0000,0x0000,0x026a,0x0c71,0x15f7,0x1595,0x0b8d,
  0x01e8,0x0125,0x0925,0x1186,0x21a6,0x2986,0x2165,0x1104,0x0000,0x0000,0x0000,0x0000,0x0000,0x0000,0x0000,0x0000,
  0x0000,0x0000,0x0000,0x0000,0x0000,0x0000,0x43ae,0x5d34,0x5db5,0x3c50,0x11c6,0x0000,0x0000,0x0000,0x0000,0x0000,
  0x0000,0x0000,0x0000,0x0000,0x0000,0x0000,0x0000,0x0000,0x1125,0x21a7,0x29e8,0x29c7,0x1186,0x0166,0x01a7,0x126a,
  0x2bae,0x3554,0x2575,0x0bf0,0x0249,0x0000,0x0000,0x0000,0x0000,0x0000,0x0000,0x0000,0x0000,0x0000,0x0000,0x0000,
  0x0000,0x0000,0x0000,0x0000,0x0000,0x0000,0x0000,0x0000,0x0000,0x0000,0x0208,0x034d,0x0d14,0x1dd6,0x1471,0x0a29,
  0x0105,0x0925,0x1166,0x1986,0x29c7,0x29c7,0x2186,0x1925,0x0000,0x0000,0x0000,0x0000,0x0000,0x0000,0x0000,0x0000,
  0x0000,0x0000,0x0000,0x0000,0x0000,0x0a49,0x2c31,0x3d76,0x4534,0x2bae,0x0a28,0x0124,0x0000,0x0000,0x0000,0x0000,
  0x0000,0x0000,0x0000,0x0000,0x0000,0x0000,0x0000,0x0000,0x1966,0x21c7,0x29e7,0x21a7,0x1145,0x0946,0x0186,0x01a7,
  0x128a,0x2c51,0x3534,0x14b3,0x034e,0x024a,0x0000,0x0000,0x0000,0x0000,0x0000,0x0000,0x0000,0x0000,0x0000,0x0000,
  0x0000,0x0000,0x0000,0x0000,0x0000,0x0000,0x0000,0x0000,0x0000,0x01a7,0x02ec,0x1492,0x25b6,0x2534,0x138d,0x01a6,
  0x0105,0x1146,0x1987,0x19c7,0x2208,0x2229,0x2208,0x1986,0x1104,0x0000,0x0000,0x0000,0x0000,0x0000,0x0000,0x0000,
  0x0000,0x0000,0x0000,0x0000,0x01a6,0x0b0c,0x2c92,0x4d75,0x54b1,0x3b4b,0x1247,0x0165,0x0000,0x0000,0x0000,0x0000,
  0x0000,0x0000,0x0000,0x0000,0x0000,0x0000,0x0000,0x0000,0x1986,0x21e7,0x29e7,0x29a6,0x1945,0x1965,0x0986,0x0166,
  0x0208,0x2b8e,0x44f3,0x2d34,0x0c30,0x02cb,0x01a6,0x0000,0x0000,0x0000,0x0000,0x0000,0x0000,0x0000,0x0000,0x0000,
  0x0000,0x0000,0x0000,0x0000,0x0000,0x0000,0x0000,0x0000,0x01c7,0x026a,0x038e,0x0c92,0x1d14,0x2451,0x12cb,0x0145,
  0x00e4,0x1146,0x1966,0x1985,0x11c6,0x11e7,0x19e7,0x1987,0x10e4,0x0882,0x0000,0x0000,0x0000,0x0000,0x0000,0x0000,
  0x0000,0x0000,0x0000,0x1164,0x0228,0x13ae,0x4595,0x7e78,0x85d5,0x5c4f,0x1aa9,0x0185,0x08e3,0x0000,0x0000,0x0000,
  0x0000,0x0000,0x0000,0x0000,0x0000,0x0000,0x0000,0x1904,0x2166,0x21a6,0x2186,0x2166,0x2166,0x1965,0x1145,0x0145,
  0x01c7,0x12eb,0x2430,0x1d34,0x0cd3,0x03ae,0x0249,0x0000,0x0000,0x0000,0x0000,0x0000,0x0000,0x0000,0x0000,0x0000,
  0x0000,0x0000,0x0000,0x0000,0x0000,0x0000,0x0000,0x0965,0x01c7,0x02cb,0x0c10,0x1cd3,0x2c91,0x238e,0x12cb,0x0249,
  0x01a8,0x0966,0x1166,0x1986,0x1166,0x1145,0x1146,0x2187,0x3209,0x3a08,0x29a7,0x0000,0x0000,0x0000,0x0000,0x0000,
  0x0000,0x0000,0x30e2,0x2984,0x12ca,0x1c50,0x4d13,0x6d13,0x7491,0x540f,0x23ad,0x12ca,0x19c6,0x2103,0x0000,0x0000,
  0x0000,0x0000,0x0000,0x0000,0x0000,0x29a6,0x31e8,0x31a7,0x1905,0x10a3,0x10a3,0x1904,0x1945,0x1904,0x08e4,0x0145,
  0x0229,0x0b2d,0x2451,0x2d76,0x25b6,0x0cb3,0x032d,0x01c7,0x0925,0x0000,0x0000,0x0000,0x0000,0x0000,0x0000,0x0000,
  0x0000,0x0000,0x0000,0x0b8e,0x1410,0x13cf,0x0a8a,0x0166,0x01a7,0x032d,0x0472,0x0cb3,0x1c10,0x2b0c,0x230c,0x138e,
  0x0b6d,0x028a,0x0187,0x08e4,0x08a3,0x10c4,0x1904,0x2166,0x3a08,0x4acb,0x532c,0x42eb,0x3208,0x2125,0x10a3,0x0882,
  0x10a2,0x2103,0x39a5,0x3268,0x130b,0x1b2a,0x52c6,0x7a83,0x7a63,0x62a5,0x3ae8,0x2b0a,0x32c8,0x29e5,0x10e3,0x0861,
  0x0882,0x10a2,0x1903,0x2a07,0x42cb,0x4aec,0x426a,0x31c8,0x2146,0x10a3,0x0862,0x0061,0x08a2,0x0904,0x09a7,0x026a,
  0x032d,0x0b6e,0x13cf,0x2492,0x1cd3,0x0c10,0x02aa,0x0125,0x0125,0x0aaa,0x0c30,0x0c72,0x0bcf,0x0000,0x0000,0x0000,
  0x0000,0x0000,0x0000,0x13f0,0x25f7,0x3679,0x2535,0x02ab,0x0125,0x0166,0x0b2d,0x1492,0x13ef,0x1269,0x1a69,0x1bae,
  0x2491,0x1c2f,0x1269,0x08a3,0x0001,0x0841,0x10a3,0x10e4,0x18e3,0x18e4,0x2186,0x31e7,0x29e7,0x2166,0x10c3,0x1082,
  0x18c2,0x2165,0x1a48,0x1aa8,0x3aa5,0x83c6,0xd5cc,0xff2f,0xff2e,0xdd88,0x9323,0x5202,0x2a47,0x1228,0x0965,0x1104,
  0x18e4,0x18c4,0x18c3,0x1925,0x29a6,0x2986,0x2105,0x18c4,0x18a3,0x1083,0x0882,0x1062,0x10e4,0x19e7,0x232b,0x244f,
  0x2450,0x130b,0x0a49,0x132d,0x1bcf,0x0b0b,0x0208,0x01c8,0x02ed,0x1535,0x1e59,0x2618,0x1c30,0x0000,0x0000,0x0000,
  0x0000,0x00e3,0x028a,0x1493,0x1e18,0x1dd7,0x0d55,0x0472,0x02ab,0x0125,0x0146,0x0aab,0x0b4d,0x0b0c,0x0aeb,0x0acb,
  0x0a49,0x1a08,0x42aa,0x6b2c,0x62ab,0x4229,0x328a,0x2b0b,0x22cb,0x2228,0x1986,0x1145,0x1945,0x1925,0x18c4,0x18a3,
  0x1924,0x1165,0x0985,0x31e3,0x8b21,0xd507,0xf712,0xfff7,0xffb2,0xee2a,0xcc43,0x8ac1,0x39e4,0x0986,0x0145,0x0944,
  0x1925,0x2925,0x2125,0x18c3,0x0862,0x10e3,0x19c7,0x2269,0x2aab,0x330c,0x430d,0x4acc,0x4a4a,0x41c7,0x29c6,0x1247,
  0x0aca,0x0a8a,0x128b,0x1b6e,0x136d,0x0a89,0x0269,0x03d0,0x0577,0x1639,0x1e18,0x1d96,0x13af,0x01c7,0x0041,0x0000,
  0x0000,0x0186,0x0aab,0x1452,0x1d55,0x0cf3,0x0514,0x0555,0x0c52,0x02ac,0x01c8,0x01e8,0x028b,0x034d,0x036d,0x02cb,
  0x09e7,0x1945,0x2967,0x426b,0x6b8f,0x9cd1,0xc611,0xbe2f,0x7d4e,0x33cc,0x0a69,0x1a08,0x42aa,0x5b0c,0x4a69,0x21a7,
  0x0965,0x0145,0x1964,0x5a63,0xb423,0xf60a,0xff77,0xfffb,0xff95,0xf68c,0xe545,0xa361,0x5181,0x10e3,0x0124,0x0144,
  0x1924,0x39c7,0x4aaa,0x42ab,0x3229,0x2229,0x332b,0x64d0,0xa655,0xbed7,0xadf4,0x8c90,0x62cb,0x2945,0x0882,0x00c3,
  0x01a7,0x0acb,0x0b2d,0x02ec,0x02ab,0x12eb,0x1bef,0x1554,0x0e18,0x0596,0x04f4,0x04f3,0x03cf,0x024a,0x0126,0x0000,
  0x0000,0x0166,0x026a,0x1c52,0x1576,0x0535,0x1554,0x3db5,0x5d94,0x5cb2,0x332d,0x01c8,0x01a7,0x0229,0x09e8,0x0946,
  0x0905,0x1105,0x1105,0x2147,0x3a09,0x630a,0x8c0a,0x8c29,0x5369,0x1a68,0x0986,0x29c6,0x5aaa,0x6b4c,0x5aca,0x21c7,
  0x0145,0x00e3,0x3122,0x8261,0xcc83,0xf66a,0xff72,0xffd6,0xffb2,0xf6cb,0xe565,0xb3a2,0x6a01,0x2902,0x00c2,0x0082,
  0x10a2,0x41c7,0x632c,0x5b4d,0x3a8b,0x21c8,0x2a28,0x63ec,0x95d0,0x8d90,0x640d,0x3aaa,0x29a7,0x1905,0x10e4,0x08e3,
  0x0145,0x09a7,0x01c8,0x0167,0x01a8,0x332c,0x54b0,0x4593,0x25b4,0x0d34,0x0514,0x0534,0x0c30,0x028b,0x01a7,0x0000,
  0x0000,0x0145,0x0249,0x1410,0x0596,0x05b7,0x2638,0x6657,0x64f1,0x32aa,0x1125,0x00e4,0x0905,0x0945,0x0965,0x0945,
  0x0904,0x1104,0x1905,0x2125,0x2946,0x3166,0x39a6,0x31c6,0x21e7,0x11c7,0x0945,0x1104,0x2104,0x2904,0x2904,0x10e4,
  0x0104,0x0903,0x3942,0x7a61,0xc423,0xedc7,0xfeca,0xff2c,0xf70b,0xf668,0xdd25,0xb3a2,0x7a21,0x3921,0x08a2,0x0083,
  0x0882,0x20a3,0x20e4,0x2104,0x1125,0x1167,0x19e8,0x2269,0x22ca,0x1aaa,0x1229,0x1187,0x1926,0x2105,0x2125,0x1945,
  0x0965,0x0986,0x0945,0x08c3,0x00c3,0x09a7,0x2b0b,0x646f,0x8552,0x85b3,0x55d4,0x1db5,0x0431,0x0249,0x0925,0x0000,
  0x0000,0x0125,0x0a29,0x23d0,0x3db6,0x4e17,0x4574,0x2bce,0x1208,0x00c4,0x0083,0x08e3,0x0924,0x1125,0x1165,0x1165,
  0x1145,0x1105,0x18e5,0x18e5,0x18e5,0x20e4,0x2105,0x2125,0x1905,0x08e4,0x0083,0x0862,0x10a3,0x1924,0x2985,0x2165,
  0x08c3,0x0062,0x2902,0x6a22,0xb3c2,0xe524,0xf648,0xfeea,0xf6ea,0xee07,0xd4a3,0xa321,0x61e1,0x2902,0x0082,0x00c3,
  0x1924,0x29a5,0x21a6,0x1124,0x08a3,0x08c3,0x1145,0x1104,0x0882,0x0883,0x10e4,0x1105,0x1925,0x1905,0x1905,0x1945,
  0x1986,0x11a7,0x1186,0x1145,0x08e4,0x00a3,0x00e4,0x09a8,0x3b2d,0x74f3,0x7617,0x2df8,0x0431,0x024a,0x0145,0x0000,
  0x0000,0x0082,0x1249,0x54d3,0x8637,0x7cf2,0x4b0b,0x1165,0x0104,0x1166,0x1987,0x1145,0x1145,0x1165,0x1145,0x1104,
  0x08a2,0x0862,0x0882,0x10a3,0x10a3,0x10a3,0x10a3,0x18e4,0x1925,0x1945,0x18e4,0x18e3,0x2164,0x31e5,0x3a26,0x29a5,
  0x10c2,0x0041,0x10a2,0x41a2,0x9301,0xcc62,0xedc5,0xf667,0xf647,0xdd65,0xbc02,0x8ac1,0x51c2,0x18e2,0x0041,0x08a3,
  0x29a6,0x4289,0x3aaa,0x21e7,0x1103,0x08a2,0x10a2,0x10a2,0x1082,0x1082,0x10a2,0x10e4,0x1104,0x10e4,0x08c3,0x08a3,
  0x10e4,0x1966,0x19a7,0x19a7,0x11a7,0x11e7,0x09a6,0x00e4,0x0925,0x2acc,0x4cf4,0x4e59,0x2cf3,0x0a69,0x00a3,0x0000,
  0x0000,0x00c3,0x0a49,0x2430,0x2c92,0x1aeb,0x1986,0x1925,0x1925,0x1946,0x1966,0x1125,0x08e4,0x08c3,0x0882,0x0000,
  0x0000,0x0000,0x0000,0x0021,0x0862,0x2124,0x31e7,0x428a,0x4acb,0x3a29,0x2145,0x18e3,0x2145,0x3a48,0x5b2c,0x52ca,
  0x2145,0x0001,0x0021,0x2901,0x7220,0xbbc1,0xe524,0xf5e6,0xe5a7,0xc484,0x9b01,0x61c0,0x3101,0x0841,0x0001,0x18e4,
  0x426a,0x5aec,0x426a,0x2166,0x10c3,0x10c2,0x2985,0x4268,0x42aa,0x2a08,0x1104,0x0082,0x0861,0x0000,0x0000,0x0000,
  0x0000,0x0000,0x08e4,0x1166,0x11a7,0x19c8,0x1986,0x1905,0x18e4,0x1146,0x1aec,0x24d2,0x1c50,0x09e7,0x0001,0x0000,
  0x0000,0x0000,0x0a08,0x1b6d,0x1bae,0x1a49,0x1946,0x1905,0x10e4,0x08c3,0x0000,0x0000,0x0000,0x0000,0x0000,0x0000,
  0x0000,0x0000,0x0000,0x0000,0x1904,0x3a08,0x5b4d,0x638e,0x4a8a,0x2124,0x0841,0x10a3,0x29a7,0x52ec,0x6b6d,0x5aca,
  0x3165,0x0862,0x0083,0x18e3,0x3941,0x7a41,0xbbe4,0xe525,0xe545,0xbc24,0x8261,0x4121,0x18c3,0x0062,0x0021,0x2104,
  0x4a69,0x630c,0x528b,0x2966,0x0862,0x0021,0x18e4,0x4269,0x5b6d,0x4b2c,0x29e8,0x1104,0x0000,0x0000,0x0000,0x0000,
  0x0000,0x0000,0x0000,0x0000,0x0000,0x0000,0x10c3,0x10c4,0x18e4,0x1146,0x0a4a,0x0b8e,0x0b4d,0x01c7,0x0000,0x0000,
  0x0000,0x0000,0x0000,0x01e8,0x024a,0x0a29,0x1187,0x10c4,0x0000,0x0000,0x0000,0x0000,0x0000,0x0000,0x0000,0x0000,
  0x0000,0x0000,0x0000,0x0000,0x10c4,0x2987,0x426a,0x4aab,0x31c7,0x10a3,0x0842,0x18c4,0x29c7,0x32aa,0x330a,0x3288,
  0x29a5,0x20c3,0x1082,0x08a3,0x10c3,0x3143,0x6202,0x8281,0x8aa1,0x6a42,0x39a3,0x1904,0x10e4,0x10a3,0x18a3,0x2164,
  0x2246,0x2ac9,0x3289,0x21a6,0x10a2,0x0841,0x10a3,0x29a7,0x428b,0x426b,0x29c8,0x1104,0x0000,0x0000,0x0000,0x0000,
  0x0000,0x0000,0x0000,0x0000,0x0000,0x0000,0x0000,0x0000,0x08e4,0x0986,0x0a29,0x026a,0x0208,0x0000,0x0000,0x0000,
  0x0000,0x0000,0x0000,0x0000,0x0145,0x0166,0x0145,0x0000,0x0000,0x0000,0x0000,0x0000,0x0000,0x0000,0x0000,0x0000,
  0x0000,0x0000,0x0000,0x0000,0x0000,0x1925,0x31e8,0x3a09,0x2966,0x1082,0x0862,0x0986,0x1b6d,0x2d13,0x3594,0x346f,
  0x2268,0x10c2,0x0841,0x0862,0x10a3,0x1945,0x19e7,0x2269,0x2a69,0x2a08,0x1986,0x10e4,0x0882,0x1862,0x20e3,0x2247,
  0x13ec,0x1531,0x1d12,0x134c,0x1124,0x0820,0x0882,0x2966,0x3a09,0x31e9,0x1926,0x08a3,0x0000,0x0000,0x0000,0x0000,
  0x0000,0x0000,0x0000,0x0000,0x0000,0x0000,0x0000,0x0000,0x0000,0x0146,0x0166,0x0166,0x0000,0x0000,0x0000,0x0000,
  0x0000,0x0000,0x0000,0x0000,0x0000,0x0000,0x0000,0x0000,0x0000,0x0000,0x0000,0x0000,0x0000,0x0000,0x0000,0x0000,
  0x0000,0x0000,0x0000,0x0000,0x0000,0x1925,0x2987,0x31a8,0x2145,0x10e4,0x0186,0x02cb,0x0c10,0x2cb2,0x4c6f,0x4b2a,
  0x31c6,0x08a2,0x0041,0x0020,0x0021,0x1904,0x3a49,0x5b4d,0x5b6d,0x4a8a,0x2145,0x0862,0x0041,0x1082,0x2904,0x3a07,
  0x430b,0x440e,0x3470,0x1b8d,0x01e8,0x00e5,0x08c4,0x1925,0x2987,0x2966,0x1905,0x0000,0x0000,0x0000,0x0000,0x0000,
  0x0000,0x0000,0x0000,0x0000,0x0000,0x0000,0x0000,0x0000,0x0000,0x0000,0x0000,0x0000,0x0000,0x0000,0x0000,0x0000,
  0x0000,0x0000,0x0000,0x0000,0x0000,0x0000,0x0000,0x0000,0x0000,0x0000,0x0000,0x0000,0x0000,0x0000,0x0000,0x0000,
  0x0000,0x0000,0x0000,0x0000,0x0000,0x0000,0x2167,0x2987,0x1946,0x0905,0x0187,0x02ab,0x0bcf,0x2450,0x43ac,0x4ac9,
  0x4a07,0x3166,0x10c3,0x0061,0x0041,0x18c3,0x31a7,0x4a8a,0x52ab,0x39e8,0x18e3,0x0041,0x0862,0x10e4,0x2186,0x39e8,
  0x4a28,0x62ea,0x5bac,0x3b8d,0x0acb,0x01a8,0x00e5,0x10e4,0x1925,0x1925,0x10e3,0x0000,0x0000,0x0000,0x0000,0x0000,
  0x0000,0x0000,0x0000,0x0000,0x0000,0x0000,0x0000,0x0000,0x0000,0x0000,0x0000,0x0000,0x0000,0x0000,0x0000,0x0000,
  0x0000,0x0000,0x0000,0x0000,0x0000,0x0000,0x0000,0x0000,0x0000,0x0000,0x0000,0x0000,0x0000,0x0000,0x0000,0x0000,
  0x0000,0x0000,0x0000,0x0000,0x0000,0x0000,0x0000,0x0882,0x08e4,0x0145,0x01a7,0x02ab,0x1451,0x2534,0x2c92,0x2b2d,
  0x31e9,0x3146,0x2125,0x10e4,0x0082,0x10c3,0x29a6,0x426a,0x4a8a,0x31e8,0x10c3,0x0001,0x0061,0x10e4,0x29a7,0x3209,
  0x328a,0x534c,0x63ed,0x4bac,0x1acb,0x0229,0x01a7,0x0925,0x10a3,0x0000,0x0000,0x0000,0x0000,0x0000,0x0000,0x0000,
  0x0000,0x0000,0x0000,0x0000,0x0000,0x0000,0x0000,0x0000,0x0000,0x0000,0x0000,0x0000,0x0000,0x0000,0x0000,0x0000,
  0x0000,0x0000,0x0000,0x0000,0x0000,0x0000,0x0000,0x0000,0x0000,0x0000,0x0000,0x0000,0x0000,0x0000,0x0000,0x0000,
  0x0000,0x0000,0x0000,0x0000,0x0000,0x0000,0x0000,0x0000,0x0166,0x0209,0x0229,0x02cc,0x0c51,0x1cf4,0x3471,0x3b0c,
  0x39e8,0x2926,0x18c4,0x08c3,0x0000,0x0000,0x0000,0x2145,0x2145,0x2165,0x0000,0x0000,0x0020,0x1904,0x4a6a,0x52ec,
  0x42cc,0x534b,0x6bec,0x538c,0x1acb,0x024b,0x0a09,0x0166,0x0000,0x0000,0x0000,0x0000,0x0000,0x0000,0x0000,0x0000,
  0x0000,0x0000,0x0000,0x0000,0x0000,0x0000,0x0000,0x0000,0x0000,0x0000,0x0000,0x0000,0x0000,0x0000,0x0000,0x0000,
  0x0000,0x0000,0x0000,0x0000,0x0000,0x0000,0x0000,0x0000,0x0000,0x0000,0x0000,0x0000,0x0000,0x0000,0x0000,0x0000,
  0x0000,0x0000,0x0000,0x0000,0x0000,0x0000,0x0000,0x0000,0x0945,0x01a7,0x0209,0x02cd,0x1411,0x34b1,0x5c2d,0x6329,
  0x4268,0x19c7,0x1145,0x1104,0x0000,0x0000,0x0000,0x0000,0x0000,0x0000,0x0000,0x0000,0x0061,0x1924,0x4249,0x52ab,
  0x42aa,0x432b,0x43cd,0x2bae,0x02ed,0x022b,0x01a8,0x0125,0x0000,0x0000,0x0000,0x0000,0x0000,0x0000,0x0000,0x0000,
  0x0000,0x0000,0x0000,0x0000,0x0000,0x0000,0x0000,0x0000,0x0000,0x0000,0x0000,0x0000,0x0000,0x0000,0x0000,0x0000,
  0x0000,0x0000,0x0000,0x0000,0x0000,0x0000,0x0000,0x0000,0x0000,0x0000,0x0000,0x0000,0x0000,0x0000,0x0000,0x0000,
  0x0000,0x0000,0x0000,0x0000,0x0000,0x0000,0x0000,0x0000,0x0104,0x0145,0x0187,0x0a8a,0x2450,0x3513,0x3470,0x2b0b,
  0x3268,0x29e6,0x1964,0x0000,0x0000,0x0000,0x0000,0x0000,0x0000,0x0000,0x0000,0x0000,0x0000,0x1924,0x29a6,0x4228,
  0x630b,0x6c70,0x5d12,0x3430,0x026a,0x01a7,0x0166,0x0925,0x0000,0x0000,0x0000,0x0000,0x0000,0x0000,0x0000,0x0000,
  0x0000,0x0000,0x0000,0x0000,0x0000,0x0000,0x0000,0x0000,0x0000,0x0000,0x0000,0x0000,0x0000,0x0000,0x0000,0x0000,
  0x0000,0x0000,0x0000,0x0000,0x0000,0x0000,0x0000,0x0000,0x0000,0x0000,0x0000,0x0000,0x0000,0x0000,0x0000,0x0000,
  0x0000,0x0000,0x0000,0x0000,0x0000,0x0000,0x0000,0x0000,0x0000,0x0125,0x0186,0x1269,0x23ae,0x3471,0x3c50,0x434b,
  0x4287,0x39a4,0x0000,0x0000,0x0000,0x0000,0x0000,0x0000,0x0000,0x0000,0x0000,0x0000,0x0000,0x1924,0x4228,0x5aa9,
  0x62e9,0x4bcc,0x2c70,0x13ee,0x12aa,0x09c7,0x0145,0x0000,0x0000,0x0000,0x0000,0x0000,0x0000,0x0000,0x0000,0x0000,
  0x0000,0x0000,0x0000,0x0000,0x0000,0x0000,0x0000,0x0000,0x0000,0x0000,0x0000,0x0000,0x0000,0x0000,0x0000,0x0000,
  0x0000,0x0000,0x0000,0x0000,0x0000,0x0000,0x0000,0x0000,0x0000,0x0000,0x0000,0x0000,0x0000,0x0000,0x0000,0x0000,
  0x0000,0x0000,0x0000,0x0000,0x0000,0x0000,0x0000,0x0000,0x0000,0x0104,0x0166,0x024a,0x1baf,0x44b2,0x6cd0,0x6bcb,
  0x4ac8,0x21c5,0x0000,0x0000,0x0000,0x0000,0x0000,0x0000,0x0000,0x0000,0x0000,0x0000,0x0000,0x18e2,0x3985,0x4a47,
  0x3b2b,0x2450,0x0492,0x03af,0x0a49,0x0966,0x0925,0x0000,0x0000,0x0000,0x0000,0x0000,0x0000,0x0000,0x0000,0x0000,
  0x0000,0x0000,0x0000,0x0000,0x0000,0x0000,0x0000,0x0000,0x0000,0x0000,0x0000,0x0000,0x0000,0x0000,0x0000,0x0000,
  0x0000,0x0000,0x0000,0x0000,0x0000,0x0000,0x0000,0x0000,0x0000,0x0000,0x0000,0x0000,0x0000,0x0000,0x0000,0x0000,
  0x0000,0x0000,0x0000,0x0000,0x0000,0x0000,0x0000,0x0000,0x0000,0x0000,0x00a3,0x01a6,0x0b4d,0x2cf3,0x4d12,0x4bcc,
  0x2a26,0x1103,0x0000,0x0000,0x0000,0x0000,0x0000,0x0000,0x0000,0x0000,0x0000,0x0000,0x0000,0x0000,0x1081,0x2985,
  0x434b,0x4c90,0x2c90,0x134c,0x01c7,0x0104,0x0000,0x0000,0x0000,0x0000,0x0000,0x0000,0x0000,0x0000,0x0000,0x0000,
  0x0000,0x0000,0x0000,0x0000,0x0000,0x0000,0x0000,0x0000,0x0000,0x0000,0x0000,0x0000,0x0000,0x0000,0x0000,0x0000,
  0x0000,0x0000,0x0000,0x0000,0x0000,0x0000,0x0000,0x0000,0x0000,0x0000,0x0000,0x0000,0x0000,0x0000,0x0000,0x0000,
  0x0000,0x0000,0x0000,0x0000,0x0000,0x0000,0x0000,0x0000,0x0000,0x0000,0x0000,0x00e3,0x0a8a,0x2c50,0x64f1,0x63ec,
  0x3a06,0x10c1,0x0000,0x0000,0x0000,0x0000,0x0000,0x0000,0x0000,0x0000,0x0000,0x0000,0x0000,0x0000,0x0000,0x3a06,
  0x6bec,0x6cd0,0x444f,0x1289,0x0104,0x0000,0x0000,0x0000,0x0000,0x0000,0x0000,0x0000,0x0000,0x0000,0x0000,0x0000,
  0x0000,0x0000,0x0000,0x0000,0x0000,0x0000,0x0000,0x0000,0x0000,0x0000,0x0000,0x0000,0x0000,0x0000,0x0000,0x0000,
  0x0000,0x0000,0x0000,0x0000,0x0000,0x0000,0x0000,0x0000,0x0000,0x0000,0x0000,0x0000,0x0000,0x0000,0x0000,0x0000,
  0x0000,0x0000,0x0000,0x0000,0x0000,0x0000,0x0000,0x0000,0x0000,0x0000,0x0000,0x0000,0x09e7,0x334c,0x6c8e,0x744c,
  0x4246,0x0881,0x0000,0x0000,0x0000,0x0000,0x0000,0x0000,0x0000,0x0000,0x0000,0x0000,0x0000,0x0000,0x0000,0x31c6,
  0x5b8b,0x5c0d,0x336b,0x1228,0x00c2,0x0000,0x0000,0x0000,0x0000,0x0000,0x0000,0x0000,0x0000,0x0000,0x0000,0x0000,
  0x0000,0x0000,0x0000,0x0000,0x0000,0x0000,0x0000,0x0000,0x0000,0x0000,0x0000,0x0000,0x0000,0x0000,0x0000,0x0000,
  0x0000,0x0000,0x0000,0x0000,0x0000,0x0000,0x0000,0x0000,0x0000,0x0000,0x0000,0x0000,0x0000,0x0000,0x0000,0x0000,
  0x0000,0x0000,0x0000,0x0000,0x0000,0x0000,0x0000,0x0000,0x0000,0x0000,0x0000,0x0000,0x0000,0x1207,0x3bed,0x4c2e,
  0x3247,0x0000,0x0000,0x0000,0x0000,0x0000,0x0000,0x0000,0x0000,0x0000,0x0000,0x0000,0x0000,0x0000,0x0000,0x0000,
  0x536a,0x53ab,0x2ac9,0x0000,0x0000,0x0000,0x0000,0x0000,0x0000,0x0000,0x0000,0x0000,0x0000,0x0000,0x0000,0x0000,
  0x0000,0x0000,0x0000,0x0000,0x0000,0x0000,0x0000,0x0000,0x0000,0x0000,0x0000,0x0000,0x0000,0x0000,0x0000,0x0000,
  0x0000,0x0000,0x0000,0x0000,0x0000,0x0000,0x0000,0x0000,0x0000,0x0000,0x0000,0x0000,0x0000,0x0000,0x0000,0x0000,
  0x0000,0x0000,0x0000,0x0000,0x0000,0x0000,0x0000,0x0000,0x0000,0x0000,0x0000,0x0000,0x0000,0x0000,0x1a88,0x22c9,
  0x1a26,0x0000,0x0000,0x0000,0x0000,0x0000,0x0000,0x0000,0x0000,0x0000,0x0000,0x0000,0x0000,0x0000,0x0000,0x0000,
  0x1a06,0x11e6,0x0944,0x0000,0x0000,0x0000,0x0000,0x0000,0x0000,0x0000,0x0000,0x0000,0x0000,0x0000,0x0000,0x0000,
  0x0000,0x0000,0x0000,0x0000,0x0000,0x0000,0x0000,0x0000,0x0000,0x0000,0x0000,0x0000,0x0000,0x0000,0x0000,0x0000,
  0x0000,0x0000,0x0000,0x0000,0x0000,0x0000,0x0000,0x0000,0x0000,0x0000,0x0000,0x0000,0x0000,0x0000,0x0000,0x0000,
  0x0000,0x0000,0x0000,0x0000,0x0000,0x0000,0x0000,0x0000,0x0000,0x0000,0x0000,0x0000,0x0000,0x0000,0x0000,0x0903,
  0x0000,0x0000,0x0000,0x0000,0x0000,0x0000,0x0000,0x0000,0x0000,0x0000,0x0000,0x0000,0x0000,0x0000,0x0000,0x0000,
  0x10e3,0x10e3,0x0000,0x0000,0x0000,0x0000,0x0000,0x0000,0x0000,0x0000,0x0000,0x0000,0x0000,0x0000,0x0000,0x0000,
  0x0000,0x0000,0x0000,0x0000,0x0000,0x0000,0x0000,0x0000,0x0000,0x0000,0x0000,0x0000,0x0000,0x0000,0x0000,0x0000,
  0x0000,0x0000,0x0000,0x0000,0x0000,0x0000,0x0000,0x0000,0x0000,0x0000,0x0000,0x0000,0x0000,0x0000,0x0000,0x0000,
  0x0000,0x0000,0x0000,0x0000,0x0000,0x0000,0x0000,0x0000,0x0000,0x0000,0x0000,0x0000,0x0000,0x0000,0x0000,0x0000,
  0x0000,0x0000,0x0000,0x0000,0x0000,0x0000,0x0000,0x0000,0x0000,0x0000,0x0000,0x0000,0x0000,0x0000,0x0000,0x0000,
  0x0000,0x0000,0x0000,0x0000,0x0000,0x0000,0x0000,0x0000,0x0000,0x0000,0x0000,0x0000,0x0000,0x0000,0x0000,0x0000,
  0x0000,0x0000,0x0000,0x0000,0x0000,0x0000,0x0000,0x0000,0x0000,0x0000,0x0000,0x0000,0x0000,0x0000,0x0000,0x0000,
 },
 {
  0x0000,0x0000,0x0000,0x0000,0x0000,0x0000,0x0000,0x0000,0x0000,0x0000,0x0000,0x0000,0x0000,0x0000,0x0000,0x0000,
  0x0000,0x0000,0x0000,0x0000,0x0000,0x0000,0x0000,0x0000,0x0000,0x0000,0x0000,0x0000,0x0000,0x0000,0x0000,0x0000,
  0x0000,0x0000,0x0000,0x0000,0x0000,0x0000,0x0000,0x0000,0x0000,0x0000,0x0000,0x0000,0x0000,0x0000,0x0000,0x0000,
  0x0000,0x0000,0x0000,0x0000,0x0000,0x0000,0x0000,0x0000,0x0000,0x0000,0x0000,0x0000,0x0000,0x0000,0x0000,0x0000,
  0x0000,0x0000,0x0000,0x0000,0x0000,0x0000,0x0000,0x0000,0x0000,0x0000,0x0000,0x0000,0x0000,0x0000,0x0000,0x0000,
  0x0000,0x0000,0x0000,0x0000,0x0000,0x0000,0x0000,0x0000,0x0000,0x0000,0x0000,0x0000,0x0000,0x0000,0x0000,0x0000,
  0x0000,0x0000,0x0000,0x0000,0x0000,0x0000,0x0000,0x0000,0x0000,0x0000,0x0000,0x0000,0x0000,0x09c7,0x09c7,0x0000,
  0x0000,0x0000,0x0000,0x0000,0x0000,0x0000,0x0000,0x0000,0x0000,0x0000,0x0000,0x0000,0x0000,0x0000,0x0000,0x0000,
  0x0000,0x09c7,0x09c7,0x09a6,0x0000,0x0000,0x0000,0x0000,0x0000,0x0000,0x0000,0x0000,0x0000,0x0000,0x0000,0x0000,
  0x0000,0x0000,0x0000,0x0000,0x0000,0x0000,0x0000,0x0000,0x0000,0x0000,0x0000,0x0000,0x0000,0x0000,0x0000,0x0000,
  0x0000,0x0000,0x0000,0x0000,0x0000,0x0000,0x0000,0x0000,0x0000,0x0000,0x0000,0x0000,0x0000,0x0000,0x0000,0x0000,
  0x0000,0x0000,0x0000,0x0000,0x0000,0x0000,0x0000,0x0000,0x0000,0x0000,0x0000,0x1b4d,0x1bae,0x13cf,0x0b2c,0x0a07,
  0x0000,0x0000,0x0000,0x0000,0x0000,0x0000,0x0000,0x0000,0x0000,0x0000,0x0000,0x0000,0x0000,0x0000,0x0000,0x0000,
  0x0000,0x12eb,0x1bae,0x1c30,0x13ae,0x0b0c,0x0000,0x0000,0x0000,0x0000,0x0000,0x0000,0x0000,0x0000,0x0000,0x0000,
  0x0000,0x0000,0x0000,0x0000,0x0000,0x0000,0x0000,0x0000,0x0000,0x0000,0x0000,0x0000,0x0000,0x0000,0x0000,0x0000,
  0x0000,0x0000,0x0000,0x0000,0x0000,0x0000,0x0000,0x0000,0x0000,0x0000,0x0000,0x0000,0x0000,0x0000,0x0000,0x0000,
  0x0000,0x0000,0x0000,0x0000,0x0000,0x0000,0x0000,0x0000,0x0125,0x0acb,0x24b2,0x2d95,0x2d13,0x1b8d,0x1228,0x0965,
  0x0000,0x0000,0x0000,0x0000,0x0000,0x0000,0x0000,0x0000,0x0000,0x0000,0x0000,0x0000,0x0000,0x0000,0x0000,0x0000,
  0x00c3,0x0165,0x0acb,0x1cb2,0x25b6,0x1d13,0x134c,0x0a07,0x0000,0x0000,0x0000,0x0000,0x0000,0x0000,0x0000,0x0000,
  0x0000,0x0000,0x0000,0x0000,0x0000,0x0000,0x0000,0x0000,0x0000,0x0000,0x0000,0x0000,0x0000,0x0000,0x0000,0x0000,
  0x0000,0x0000,0x0000,0x0000,0x0000,0x0000,0x0000,0x0000,0x0000,0x0000,0x0000,0x0000,0x0000,0x0000,0x0000,0x0000,
  0x0000,0x0000,0x0000,0x0000,0x0000,0x0000,0x0000,0x0a8a,0x1bf0,0x2d14,0x3d95,0x3d54,0x2bce,0x1a48,0x0945,0x0924,
  0x0945,0x0000,0x0000,0x0000,0x0000,0x0000,0x0000,0x0000,0x0000,0x0000,0x0000,0x0000,0x0000,0x0000,0x0000,0x0000,
  0x0105,0x0146,0x09e8,0x2aec,0x4c30,0x6513,0x6534,0x4c71,0x330b,0x0000,0x0000,0x0000,0x0000,0x0000,0x0000,0x0000,
  0x0000,0x0000,0x0000,0x0000,0x0000,0x0000,0x0000,0x0000,0x0000,0x0000,0x0000,0x0000,0x0000,0x0000,0x0000,0x0000,
  0x0000,0x0000,0x0000,0x0000,0x0000,0x0000,0x0000,0x0000,0x0000,0x0000,0x0000,0x0000,0x0000,0x0000,0x0000,0x0000,
  0x0000,0x0000,0x0000,0x0000,0x0000,0x0000,0x0229,0x3411,0x5d96,0x6df8,0x64f3,0x434d,0x2228,0x0986,0x0145,0x0924,
  0x1145,0x0000,0x0000,0x0000,0x0000,0x0000,0x0000,0x0000,0x0000,0x0000,0x0000,0x0000,0x0000,0x0000,0x0000,0x0000,
  0x1187,0x11c8,0x11a7,0x1166,0x2208,0x6410,0x9638,0x8e59,0x54d2,0x12cb,0x0000,0x0000,0x0000,0x0000,0x0000,0x0000,
  0x0000,0x0000,0x0000,0x0000,0x0000,0x0000,0x0000,0x0000,0x0000,0x0000,0x0000,0x0000,0x0000,0x0000,0x0000,0x0000,
  0x0000,0x0000,0x0000,0x0000,0x0000,0x0000,0x0000,0x0000,0x0000,0x0000,0x0000,0x0000,0x0000,0x0000,0x0000,0x0000,
  0x0000,0x0000,0x0000,0x0000,0x0000,0x034e,0x2432,0x5d76,0x85b7,0x7cd3,0x42cb,0x0945,0x0104,0x0986,0x11a7,0x1166,
  0x0904,0x0000,0x0000,0x0000,0x0000,0x0000,0x0000,0x0000,0x0000,0x0000,0x0000,0x0000,0x0000,0x0000,0x0000,0x0000,
  0x1987,0x19c8,0x1187,0x00e5,0x0105,0x1a8a,0x4492,0x4dd6,0x3df7,0x24f3,0x0baf,0x0000,0x0000,0x0000,0x0000,0x0000,
  0x0000,0x0000,0x0000,0x0000,0x0000,0x0000,0x0000,0x0000,0x0000,0x0000,0x0000,0x0000,0x0000,0x0000,0x0000,0x0000,
  0x0000,0x0000,0x0000,0x0000,0x0000,0x0000,0x0000,0x0000,0x0000,0x0000,0x0000,0x0000,0x0000,0x0000,0x0000,0x0000,
  0x0000,0x0000,0x0000,0x0000,0x0b0d,0x1d15,0x3e59,0x5e59,0x6514,0x536d,0x21a7,0x00a3,0x00c3,0x1145,0x1986,0x1145,
  0x0000,0x0000,0x0000,0x0000,0x0000,0x0000,0x0000,0x0000,0x0000,0x0000,0x0000,0x0000,0x0000,0x0000,0x0000,0x0000,
  0x1186,0x1187,0x1186,0x0946,0x0146,0x09a7,0x1a8a,0x3410,0x4db6,0x5638,0x3cf3,0x12ab,0x00c4,0x0000,0x0000,0x0000,
  0x0000,0x0000,0x0000,0x0000,0x0000,0x0000,0x0000,0x0000,0x0000,0x0000,0x0000,0x0000,0x0000,0x0000,0x0000,0x0000,
  0x0000,0x0000,0x0000,0x0000,0x0000,0x0000,0x0000,0x0000,0x0000,0x0000,0x0000,0x0000,0x0000,0x0000,0x0000,0x0000,
  0x0000,0x0000,0x0000,0x0229,0x0bcf,0x2dd6,0x3eba,0x35b6,0x1bae,0x0a08,0x0946,0x0925,0x1145,0x1966,0x1966,0x1104,
  0x0000,0x0000,0x0000,0x0000,0x0000,0x0000,0x0000,0x0000,0x0000,0x0000,0x0000,0x0000,0x0000,0x0000,0x0000,0x0000,
  0x0000,0x1945,0x1966,0x19a7,0x1187,0x0966,0x09a7,0x22eb,0x4cd3,0x6617,0x4d96,0x1bf0,0x026a,0x0000,0x0000,0x0000,
  0x0000,0x0000,0x0000,0x0000,0x0000,0x0000,0x0000,0x0000,0x0000,0x0000,0x0000,0x0000,0x0000,0x0000,0x0000,0x0000,
  0x0000,0x0000,0x0000,0x0000,0x0000,0x0000,0x0000,0x0000,0x0000,0x0000,0x0000,0x0000,0x0000,0x0000,0x0000,0x0000,
  0x0000,0x0000,0x0208,0x0b2d,0x24d3,0x3e37,0x4637,0x2c71,0x09e8,0x00a3,0x00e4,0x1187,0x19e8,0x2208,0x19c7,0x1966,
  0x0000,0x0000,0x0000,0x0000,0x0000,0x0000,0x0000,0x0000,0x0000,0x0000,0x0000,0x0000,0x0000,0x0000,0x0000,0x0000,
  0x1904,0x2965,0x31a7,0x29c7,0x1986,0x0904,0x00e4,0x01a7,0x1b4d,0x2cd3,0x2d56,0x1cd4,0x0bb0,0x028b,0x0000,0x0000,
  0x0000,0x0000,0x0000,0x0000,0x0000,0x0000,0x0000,0x0000,0x0000,0x0000,0x0000,0x0000,0x0000,0x0000,0x0000,0x0000,
  0x0000,0x0000,0x0000,0x0000,0x0000,0x0000,0x0000,0x0000,0x0000,0x0000,0x0000,0x0000,0x0000,0x0000,0x0000,0x0000,
  0x0000,0x0166,0x0b0c,0x1472,0x2596,0x2d95,0x2cb2,0x12eb,0x0125,0x0082,0x08e4,0x19a7,0x21e8,0x21c7,0x2186,0x1965,
  0x0000,0x0000,0x0000,0x0000,0x0000,0x0000,0x2b8e,0x3c92,0x3472,0x230c,0x0945,0x0000,0x0000,0x0000,0x0000,0x0000,
  0x1104,0x1966,0x21c7,0x29e8,0x21a7,0x1125,0x00e4,0x0145,0x0a6a,0x1bf0,0x2d55,0x2df8,0x2556,0x138f,0x01e8,0x0000,
  0x0000,0x0000,0x0000,0x0000,0x0000,0x0000,0x0000,0x0000,0x0000,0x0000,0x0000,0x0000,0x0000,0x0000,0x0000,0x0000,
  0x0000,0x0000,0x0000,0x0000,0x0000,0x0000,0x0000,0x0000,0x0000,0x0000,0x0000,0x0000,0x0000,0x0000,0x0000,0x0000,
  0x0000,0x0229,0x1410,0x25d7,0x2e58,0x2d34,0x1b6d,0x0a08,0x0145,0x0125,0x0945,0x19a7,0x21c7,0x21a7,0x2166,0x1125,
  0x0000,0x0000,0x0000,0x0000,0x0000,0x0a08,0x2bce,0x4db6,0x4595,0x23ef,0x0208,0x0104,0x0000,0x0000,0x0000,0x0000,
  0x1165,0x1965,0x21a6,0x29c7,0x29a7,0x1986,0x0966,0x0165,0x01c7,0x12eb,0x2c92,0x45f7,0x45d7,0x2492,0x02aa,0x0186,
  0x0000,0x0000,0x0000,0x0000,0x0000,0x0000,0x0000,0x0000,0x0000,0x0000,0x0000,0x0000,0x0000,0x0000,0x0000,0x0000,
  0x0000,0x0000,0x0000,0x0000,0x0000,0x0000,0x0000,0x0000,0x0000,0x0000,0x0000,0x0000,0x0000,0x0000,0x0000,0x0000,
  0x026a,0x03ae,0x1d55,0x3e58,0x3df7,0x2430,0x0a69,0x0186,0x0166,0x0966,0x1145,0x1965,0x2186,0x21a7,0x2186,0x1966,
  0x1104,0x10c3,0x08c3,0x00e3,0x0145,0x0a69,0x3c30,0x65d6,0x6617,0x34d3,0x034d,0x0229,0x0186,0x1125,0x1104,0x0924,
  0x1145,0x1945,0x2166,0x2166,0x2166,0x1966,0x1186,0x0166,0x0166,0x0208,0x1b8e,0x4535,0x4db7,0x2d14,0x0b8f,0x024a,
  0x0000,0x0000,0x0000,0x0000,0x0000,0x0000,0x0000,0x0000,0x0000,0x0000,0x0000,0x0000,0x0000,0x0000,0x0000,0x0000,
  0x0000,0x0000,0x0000,0x0000,0x0000,0x0000,0x0000,0x0000,0x0000,0x0000,0x0000,0x0000,0x0000,0x0000,0x0000,0x01c7,
  0x02cb,0x03f0,0x1d35,0x35d7,0x3554,0x23ae,0x0a29,0x0186,0x0186,0x0966,0x1124,0x1924,0x2166,0x2187,0x2187,0x1946,
  0x10e4,0x0882,0x0882,0x0125,0x0289,0x13ee,0x2d12,0x4595,0x4575,0x2513,0x0430,0x02ec,0x01e8,0x0925,0x08a3,0x10c3,
  0x1904,0x2166,0x2186,0x2146,0x1925,0x1946,0x11a7,0x09c8,0x0187,0x01e8,0x230d,0x4c92,0x5555,0x3535,0x0c51,0x030d,
  0x01e8,0x0000,0x0000,0x0000,0x0000,0x0000,0x0000,0x0000,0x0000,0x0000,0x0000,0x0000,0x0000,0x0000,0x0000,0x0000,
  0x0000,0x0000,0x0000,0x0000,0x0000,0x0000,0x0000,0x0000,0x0000,0x0000,0x0000,0x0000,0x0000,0x0000,0x0104,0x0208,
  0x036d,0x0cd3,0x1dd7,0x25d7,0x1cb2,0x0aec,0x0186,0x0105,0x0146,0x0986,0x1165,0x1945,0x1945,0x1945,0x1905,0x10e4,
  0x10a3,0x0882,0x08c4,0x01c7,0x032b,0x1490,0x5594,0x85f5,0x8dd4,0x5512,0x1bee,0x02aa,0x0187,0x00c4,0x0062,0x0882,
  0x18e4,0x2146,0x2186,0x2146,0x2125,0x1966,0x19c7,0x09c7,0x0186,0x0186,0x0a29,0x234d,0x3472,0x3555,0x2d35,0x1c10,
  0x0a6a,0x0145,0x00a3,0x0000,0x0000,0x0000,0x0000,0x0000,0x0000,0x0000,0x0000,0x0000,0x0000,0x0000,0x0000,0x0000,
  0x0000,0x0000,0x0000,0x0000,0x0000,0x0000,0x0000,0x0000,0x0000,0x0000,0x0000,0x01c7,0x0186,0x0187,0x01e8,0x0aeb,
  0x1c30,0x2d13,0x3d74,0x34d3,0x23af,0x1249,0x0125,0x00e4,0x0124,0x0965,0x1185,0x1965,0x1945,0x1104,0x10a3,0x1082,
  0x08a2,0x0904,0x01c7,0x030b,0x046f,0x25b4,0x6e98,0xaed9,0xae98,0x75b4,0x348f,0x136b,0x0a67,0x1184,0x08e2,0x10a2,
  0x18c3,0x1904,0x2145,0x2125,0x2124,0x1965,0x11a7,0x0966,0x00e4,0x00e4,0x09a7,0x230c,0x3492,0x3596,0x2db7,0x1cd4,
  0x0b6e,0x0209,0x0166,0x0145,0x0145,0x01a6,0x0000,0x0000,0x0000,0x0000,0x0000,0x0000,0x0000,0x0000,0x0000,0x0000,
  0x0000,0x0000,0x0000,0x0000,0x0000,0x0000,0x0000,0x0207,0x02eb,0x036d,0x034d,0x028a,0x01c8,0x01c8,0x026a,0x136d,
  0x2c70,0x44f2,0x4cd2,0x3c10,0x22ec,0x09e8,0x0125,0x0104,0x0124,0x0945,0x0945,0x0925,0x08e4,0x10c4,0x20a2,0x30e2,
  0x3962,0x29e4,0x1a88,0x136c,0x246f,0x3cd1,0x5c70,0x6bae,0x634c,0x434c,0x336b,0x3328,0x42a5,0x4223,0x31a3,0x2144,
  0x18e4,0x18c3,0x18c3,0x18c3,0x18e3,0x1904,0x1125,0x0104,0x00e4,0x0145,0x0a28,0x1b6d,0x24d2,0x2596,0x1d97,0x14d4,
  0x03af,0x026a,0x0166,0x0125,0x01a7,0x026a,0x02cb,0x028a,0x01e8,0x0000,0x0000,0x0000,0x0000,0x0000,0x0000,0x0000,
  0x0000,0x0000,0x0000,0x0000,0x0000,0x0000,0x02cb,0x034d,0x038e,0x032d,0x024a,0x0187,0x0105,0x0166,0x024a,0x0b8e,
  0x24b2,0x3d55,0x4d55,0x4cd3,0x3410,0x134d,0x028a,0x01e8,0x0166,0x0904,0x08c3,0x08a3,0x08a3,0x10c4,0x2923,0x41a3,
  0x4a23,0x3a85,0x2aa7,0x2a46,0x41e4,0x7222,0xab64,0xd4a6,0xd4e6,0xabc4,0x82a2,0x6a43,0x62a5,0x52e7,0x3ae8,0x2287,
  0x19e6,0x1924,0x18a2,0x10a2,0x10a2,0x10a3,0x08c3,0x00e4,0x0166,0x0208,0x0aeb,0x1bee,0x2cd2,0x2d76,0x2577,0x1494,
  0x034e,0x0208,0x0145,0x0105,0x0166,0x0208,0x02cc,0x036e,0x038e,0x032c,0x0000,0x0000,0x0000,0x0000,0x0000,0x0000,
  0x0000,0x0000,0x0000,0x0000,0x0269,0x034d,0x0430,0x0472,0x03d0,0x02cc,0x01c8,0x0125,0x00e4,0x0105,0x01a8,0x02cc,
  0x1411,0x24d3,0x2cf4,0x3492,0x2c51,0x1c30,0x0bef,0x0b6c,0x1289,0x09c6,0x00e4,0x0062,0x0021,0x1062,0x1904,0x19a6,
  0x2207,0x21e6,0x31c4,0x5a22,0x9b22,0xd4c5,0xf66d,0xff93,0xffb3,0xfeec,0xe544,0xb381,0x7222,0x41c5,0x2207,0x1269,
  0x0a27,0x0944,0x10a2,0x0861,0x0841,0x0842,0x0083,0x0145,0x0249,0x034c,0x13cd,0x240d,0x342e,0x3450,0x2430,0x138e,
  0x02ab,0x01e8,0x0146,0x0125,0x0166,0x01e9,0x02ec,0x03d0,0x0431,0x0410,0x032c,0x026a,0x0000,0x0000,0x0000,0x0000,
  0x0000,0x0000,0x0000,0x0000,0x0bae,0x0c92,0x0cb3,0x0472,0x03f0,0x030d,0x024a,0x01c8,0x0187,0x0186,0x01c8,0x0aaa,
  0x2bad,0x4470,0x54b1,0x4c50,0x33ae,0x130c,0x028a,0x0a89,0x2aa9,0x42c9,0x4268,0x31e6,0x2124,0x10a2,0x00a3,0x0145,
  0x19c6,0x39e3,0x6a41,0xa362,0xd548,0xf6ef,0xffb5,0xff97,0xf775,0xff50,0xf689,0xdd04,0xb362,0x7a22,0x41a4,0x1985,
  0x0945,0x0904,0x10e3,0x10e3,0x2125,0x41e7,0x5aca,0x4aeb,0x2aaa,0x1249,0x2289,0x432a,0x5bcc,0x544e,0x3c2f,0x1bae,
  0x0aec,0x0229,0x01a7,0x01a7,0x01e8,0x028b,0x034e,0x0bf0,0x0c72,0x0c92,0x0472,0x038e,0x026a,0x0000,0x0000,0x0000,
  0x0000,0x0000,0x0000,0x02aa,0x03cf,0x04b3,0x04b2,0x0451,0x0410,0x038f,0x030d,0x02ab,0x0229,0x0187,0x0186,0x0a28,
  0x230b,0x3bee,0x4450,0x43ce,0x228a,0x0125,0x00a3,0x2164,0x52c8,0x738a,0x7b8a,0x62e8,0x3a06,0x1124,0x00c3,0x0904,
  0x2984,0x51c2,0x8280,0xb3e3,0xe5ca,0xff31,0xffd7,0xffb8,0xf776,0xf730,0xf6aa,0xe585,0xcc42,0x9b21,0x6222,0x3183,
  0x1104,0x00e4,0x0925,0x1986,0x4227,0x7348,0x8c0a,0x7b89,0x4a26,0x1104,0x0905,0x2208,0x332c,0x2c0f,0x1c31,0x13cf,
  0x02cc,0x0209,0x01c8,0x01e9,0x026a,0x02ec,0x038f,0x03f0,0x0c31,0x0c92,0x0cd3,0x0430,0x02cb,0x0166,0x0062,0x0000,
  0x0000,0x00c3,0x01c7,0x0b2d,0x1471,0x1514,0x0c92,0x0431,0x0411,0x03f1,0x03b0,0x032d,0x028b,0x01e8,0x01a7,0x0209,
  0x02cb,0x032d,0x0b0c,0x0a69,0x0186,0x00c3,0x0082,0x10e3,0x2185,0x31e6,0x39e6,0x31a6,0x2186,0x1186,0x0945,0x1144,
  0x3183,0x6a01,0xa301,0xcc43,0xeda7,0xf6ac,0xff51,0xff94,0xff73,0xf72e,0xf688,0xeda4,0xd483,0xb382,0x8281,0x49e2,
  0x2163,0x0124,0x0125,0x1125,0x2964,0x39e5,0x4246,0x39e5,0x2924,0x1082,0x00a3,0x0166,0x024a,0x030d,0x034e,0x030d,
  0x028b,0x0209,0x01c8,0x01c8,0x0229,0x028b,0x02ec,0x032c,0x038d,0x0c71,0x1534,0x14d3,0x0b6e,0x01e8,0x00e4,0x0000,
  0x0000,0x0166,0x0208,0x0b0c,0x1430,0x1c91,0x1c50,0x13ef,0x0c10,0x0c31,0x0412,0x03b0,0x0b0d,0x0a4a,0x0187,0x0166,
  0x0167,0x01c8,0x01e8,0x01c8,0x0166,0x0104,0x08a3,0x10c3,0x1904,0x2104,0x18c3,0x10a2,0x08c4,0x0925,0x0925,0x1944,
  0x3982,0x6a21,0xa321,0xcc22,0xe524,0xee07,0xf6ca,0xff2c,0xff4c,0xff0a,0xf646,0xe544,0xcc02,0xab01,0x8221,0x51a1,
  0x2943,0x08e4,0x00c4,0x08a3,0x18a2,0x20e3,0x2124,0x2145,0x1925,0x1125,0x0966,0x01e8,0x0229,0x0229,0x0209,0x01a7,
  0x0166,0x0146,0x01a8,0x024a,0x030d,0x038e,0x0bce,0x0b8c,0x0b8c,0x0c2f,0x0cf3,0x0c92,0x032d,0x0209,0x0146,0x0000,
  0x0000,0x0186,0x0228,0x030c,0x1430,0x34f2,0x4d12,0x5511,0x4d12,0x3492,0x238f,0x124a,0x0945,0x08e4,0x10e4,0x1104,
  0x1105,0x1125,0x1145,0x0925,0x0904,0x08e4,0x08a3,0x10a2,0x10a3,0x18c3,0x2104,0x2104,0x1904,0x08e4,0x00c4,0x0904,
  0x2943,0x51c2,0x8260,0xb361,0xd483,0xeda6,0xf688,0xfee9,0xfec8,0xf646,0xe564,0xd482,0xb3a1,0x92c1,0x6a01,0x4141,
  0x20c1,0x0841,0x0082,0x10e4,0x2145,0x2945,0x1905,0x10c4,0x08c3,0x08c3,0x00e4,0x0125,0x0966,0x0966,0x1146,0x0925,
  0x08e4,0x08a3,0x00a3,0x0105,0x01c7,0x0acb,0x23ce,0x4cb0,0x5d31,0x4d73,0x1d54,0x0451,0x02ed,0x01e8,0x0146,0x0000,
  0x0000,0x00e4,0x01e8,0x23ae,0x5596,0x76b9,0x7e16,0x6490,0x3aeb,0x0966,0x00a3,0x00a3,0x0904,0x1124,0x1125,0x1105,
  0x1104,0x10e4,0x10e4,0x1904,0x10e4,0x10c3,0x10c3,0x1125,0x21a7,0x3249,0x4aca,0x4aaa,0x31e7,0x18e3,0x0041,0x0042,
  0x0882,0x2901,0x59a0,0x8aa0,0xbbe2,0xdd25,0xf629,0xfecb,0xf6ab,0xede8,0xd4e4,0xbbc1,0x92e1,0x7221,0x49a1,0x2922,
  0x10a1,0x0041,0x08a2,0x2185,0x3a49,0x4aaa,0x426a,0x31e8,0x2145,0x10a3,0x0861,0x0841,0x0882,0x08a3,0x10c3,0x10e4,
  0x1104,0x1104,0x1104,0x10e3,0x00a2,0x0083,0x0945,0x32aa,0x5c50,0x6dd6,0x6699,0x4596,0x1baf,0x0209,0x00e5,0x0000,
  0x0000,0x0021,0x0186,0x236e,0x44f3,0x4d14,0x3b8e,0x21e8,0x1105,0x08e4,0x08e5,0x1125,0x1945,0x1104,0x08a3,0x0882,
  0x10c3,0x2125,0x31c7,0x3a48,0x3228,0x29c7,0x2186,0x21c7,0x2a29,0x3a89,0x4a89,0x4a47,0x41c5,0x2923,0x08a2,0x0062,
  0x0042,0x1061,0x30e0,0x61c0,0x9b01,0xc422,0xdd05,0xdd66,0xdd46,0xd4c4,0xc3e2,0xa320,0x8260,0x5181,0x20c1,0x0862,
  0x0062,0x08a3,0x2965,0x4229,0x52ab,0x528a,0x4208,0x3186,0x2145,0x2165,0x29a6,0x31e7,0x31e7,0x2165,0x18e3,0x1082,
  0x0862,0x0882,0x10e4,0x1125,0x1145,0x1145,0x0905,0x08e4,0x0966,0x2acb,0x4471,0x44b2,0x2b4d,0x09c7,0x00c3,0x0000,
  0x0000,0x0000,0x0000,0x0249,0x02ec,0x030d,0x0a4a,0x11a7,0x1146,0x1925,0x1905,0x1104,0x08c4,0x0062,0x0841,0x18c3,
  0x3187,0x4249,0x4a8a,0x4269,0x31e7,0x2165,0x10e3,0x10a3,0x1924,0x4a48,0x7b8d,0x8c0e,0x6b2b,0x39a6,0x10a3,0x0862,
  0x0862,0x0842,0x1061,0x30e1,0x61a0,0x92c0,0xbc02,0xd4c4,0xd4e4,0xc422,0xa300,0x8220,0x5981,0x3922,0x18c3,0x08a4,
  0x0083,0x10a3,0x3186,0x52cb,0x6b6e,0x5b0d,0x3a08,0x1904,0x0882,0x08a2,0x1924,0x29e6,0x4289,0x4acb,0x428a,0x29a7,
  0x10a3,0x0021,0x0041,0x08c3,0x1104,0x1105,0x1105,0x1105,0x0966,0x0229,0x02ec,0x02eb,0x0228,0x0125,0x0062,0x0000,
  0x0000,0x0000,0x0000,0x0000,0x01c7,0x01e8,0x09c8,0x0966,0x0905,0x08a3,0x0000,0x0000,0x0000,0x0000,0x0883,0x1925,
  0x31e8,0x428b,0x4aab,0x3a29,0x2146,0x1082,0x0841,0x1082,0x2945,0x4a69,0x6b2c,0x736d,0x62eb,0x41e8,0x2125,0x10a3,
  0x1082,0x0883,0x10a3,0x18c3,0x2902,0x4982,0x7a82,0xa383,0xab83,0x8aa1,0x6180,0x4121,0x2903,0x10e4,0x08c4,0x10c4,
  0x10c4,0x1925,0x31c7,0x4aab,0x5b2d,0x5b0d,0x4a4a,0x2966,0x18a3,0x0841,0x0861,0x18e3,0x29c7,0x426a,0x428b,0x3a09,
  0x2126,0x0883,0x0000,0x0000,0x0000,0x0000,0x0882,0x0904,0x0986,0x0229,0x028a,0x0229,0x01a7,0x0000,0x0000,0x0000,
  0x0000,0x0000,0x0000,0x0000,0x0000,0x0125,0x0125,0x0104,0x0000,0x0000,0x0000,0x0000,0x0000,0x0000,0x0000,0x10e4,
  0x2987,0x3a09,0x3a2a,0x31e8,0x2125,0x1062,0x0821,0x1082,0x1986,0x22cb,0x23cf,0x1bef,0x1b2c,0x19c7,0x18e3,0x10a2,
  0x10c3,0x10c3,0x10c3,0x18e4,0x1905,0x2965,0x39c6,0x4a06,0x4a06,0x39a6,0x2145,0x10e4,0x08a3,0x0882,0x0882,0x10a3,
  0x18c3,0x2123,0x21c6,0x22ca,0x1b4d,0x134d,0x128b,0x09a7,0x08e4,0x0882,0x1082,0x18e4,0x2987,0x31e9,0x3a0a,0x31a8,
  0x18e5,0x0862,0x0000,0x0000,0x0000,0x0000,0x0000,0x0000,0x0125,0x0145,0x0166,0x0186,0x0000,0x0000,0x0000,0x0000,
  0x0000,0x0000,0x0000,0x0000,0x0000,0x0000,0x0000,0x0000,0x0000,0x0000,0x0000,0x0000,0x0000,0x0000,0x0000,0x0000,
  0x1905,0x2146,0x2987,0x2967,0x2105,0x1083,0x08a3,0x0166,0x02cb,0x0c51,0x1d95,0x2574,0x242f,0x1a48,0x1103,0x10c2,
  0x10c3,0x0882,0x0861,0x0862,0x10c3,0x2166,0x3a4a,0x4b0d,0x4b0d,0x3a4b,0x2166,0x10a3,0x0841,0x0841,0x0882,0x18e3,
  0x18e3,0x2103,0x2a07,0x338d,0x2cb2,0x1cf3,0x0c31,0x02ec,0x01c8,0x0124,0x08c3,0x1904,0x2966,0x31a8,0x31a8,0x2167,
  0x10c4,0x0000,0x0000,0x0000,0x0000,0x0000,0x0000,0x0000,0x0000,0x0000,0x0000,0x0000,0x0000,0x0000,0x0000,0x0000,
  0x0000,0x0000,0x0000,0x0000,0x0000,0x0000,0x0000,0x0000,0x0000,0x0000,0x0000,0x0000,0x0000,0x0000,0x0000,0x0000,
  0x10e4,0x18e5,0x18e4,0x18e4,0x10e4,0x0925,0x01e8,0x02cb,0x03af,0x0c92,0x2cf2,0x44b0,0x4b8c,0x4246,0x3164,0x2123,
  0x10e3,0x0882,0x0041,0x0021,0x0862,0x1904,0x31a7,0x4229,0x4249,0x31c7,0x2125,0x10c3,0x1082,0x0882,0x10a3,0x1904,
  0x2945,0x39a6,0x4a68,0x5b6c,0x540f,0x3c51,0x1411,0x038f,0x02cb,0x0208,0x0145,0x08c3,0x10a3,0x18e4,0x1905,0x1905,
  0x0000,0x0000,0x0000,0x0000,0x0000,0x0000,0x0000,0x0000,0x0000,0x0000,0x0000,0x0000,0x0000,0x0000,0x0000,0x0000,
  0x0000,0x0000,0x0000,0x0000,0x0000,0x0000,0x0000,0x0000,0x0000,0x0000,0x0000,0x0000,0x0000,0x0000,0x0000,0x0000,
  0x0000,0x10c4,0x10a3,0x10a3,0x0905,0x09e8,0x02cb,0x036e,0x03f0,0x0c51,0x1c71,0x2c2f,0x436b,0x4a87,0x4205,0x31c5,
  0x2186,0x1104,0x0082,0x0041,0x0041,0x10e3,0x39e8,0x5aeb,0x630c,0x4249,0x2145,0x10a3,0x0882,0x0883,0x08c4,0x1925,
  0x31a7,0x4208,0x4a89,0x42eb,0x2b4d,0x1b8e,0x0b8e,0x034e,0x02ec,0x0249,0x01a6,0x0925,0x10e4,0x10e4,0x18e4,0x18e4,
  0x0000,0x0000,0x0000,0x0000,0x0000,0x0000,0x0000,0x0000,0x0000,0x0000,0x0000,0x0000,0x0000,0x0000,0x0000,0x0000,
  0x0000,0x0000,0x0000,0x0000,0x0000,0x0000,0x0000,0x0000,0x0000,0x0000,0x0000,0x0000,0x0000,0x0000,0x0000,0x0000,
  0x0000,0x0000,0x0000,0x00a3,0x0125,0x01e8,0x02cc,0x038f,0x0bf0,0x1472,0x1cb3,0x2c51,0x332c,0x3207,0x3164,0x2985,
  0x2186,0x1945,0x08a2,0x0041,0x0041,0x10e3,0x29c7,0x3a49,0x3a49,0x31e8,0x1925,0x0000,0x0000,0x0000,0x1105,0x2166,
  0x3187,0x31a7,0x3229,0x2b0c,0x1bcf,0x0c11,0x0bf0,0x038e,0x032d,0x028a,0x01e7,0x0165,0x00e4,0x00c3,0x0000,0x0000,
  0x0000,0x0000,0x0000,0x0000,0x0000,0x0000,0x0000,0x0000,0x0000,0x0000,0x0000,0x0000,0x0000,0x0000,0x0000,0x0000,
  0x0000,0x0000,0x0000,0x0000,0x0000,0x0000,0x0000,0x0000,0x0000,0x0000,0x0000,0x0000,0x0000,0x0000,0x0000,0x0000,
  0x0000,0x0000,0x0000,0x0104,0x0166,0x0229,0x02cc,0x0b6e,0x0bcf,0x0c31,0x1472,0x1c51,0x338e,0x42aa,0x4a27,0x4207,
  0x31e7,0x1945,0x0882,0x0000,0x0000,0x0000,0x0000,0x0000,0x0000,0x0000,0x0000,0x0000,0x0000,0x0000,0x1125,0x2186,
  0x39e8,0x4a49,0x52cb,0x436e,0x3410,0x1c51,0x0c51,0x0410,0x03cf,0x0b2c,0x026a,0x01c7,0x0165,0x0000,0x0000,0x0000,
  0x0000,0x0000,0x0000,0x0000,0x0000,0x0000,0x0000,0x0000,0x0000,0x0000,0x0000,0x0000,0x0000,0x0000,0x0000,0x0000,
  0x0000,0x0000,0x0000,0x0000,0x0000,0x0000,0x0000,0x0000,0x0000,0x0000,0x0000,0x0000,0x0000,0x0000,0x0000,0x0000,
  0x0000,0x0000,0x0000,0x0124,0x0145,0x01a7,0x0229,0x026a,0x02ec,0x03af,0x0c72,0x1493,0x2bf0,0x3aeb,0x4228,0x39e8,
  0x29c7,0x1945,0x0000,0x0000,0x0000,0x0000,0x0000,0x0000,0x0000,0x0000,0x0000,0x0000,0x0000,0x0000,0x1124,0x2166,
  0x31e8,0x4a6b,0x52ec,0x534d,0x438e,0x2bf0,0x1411,0x0bd0,0x034e,0x0a8b,0x01e8,0x0166,0x0124,0x0000,0x0000,0x0000,
  0x0000,0x0000,0x0000,0x0000,0x0000,0x0000,0x0000,0x0000,0x0000,0x0000,0x0000,0x0000,0x0000,0x0000,0x0000,0x0000,
  0x0000,0x0000,0x0000,0x0000,0x0000,0x0000,0x0000,0x0000,0x0000,0x0000,0x0000,0x0000,0x0000,0x0000,0x0000,0x0000,
  0x0000,0x0000,0x0000,0x0000,0x00e4,0x0146,0x01c8,0x026a,0x030c,0x1c0f,0x44d1,0x5cd1,0x642e,0x530a,0x4226,0x31c6,
  0x2185,0x1924,0x0000,0x0000,0x0000,0x0000,0x0000,0x0000,0x0000,0x0000,0x0000,0x0000,0x0000,0x0000,0x0000,0x29a6,
  0x4227,0x5ac8,0x5b4a,0x4bad,0x2bef,0x1c11,0x13f1,0x0b8f,0x0aec,0x0228,0x0186,0x0104,0x0000,0x0000,0x0000,0x0000,
  0x0000,0x0000,0x0000,0x0000,0x0000,0x0000,0x0000,0x0000,0x0000,0x0000,0x0000,0x0000,0x0000,0x0000,0x0000,0x0000,
  0x0000,0x0000,0x0000,0x0000,0x0000,0x0000,0x0000,0x0000,0x0000,0x0000,0x0000,0x0000,0x0000,0x0000,0x0000,0x0000,
  0x0000,0x0000,0x0000,0x0000,0x0000,0x0105,0x0187,0x0a6a,0x134c,0x242e,0x3c6f,0x4c4e,0x5bcb,0x6328,0x5286,0x4225,
  0x31c5,0x0000,0x0000,0x0000,0x0000,0x0000,0x0000,0x0000,0x0000,0x0000,0x0000,0x0000,0x0000,0x0000,0x0000,0x29c5,
  0x4a45,0x6b06,0x6bc9,0x442d,0x1c91,0x0cb3,0x0c72,0x0b8e,0x0aab,0x01c7,0x0145,0x0000,0x0000,0x0000,0x0000,0x0000,
  0x0000,0x0000,0x0000,0x0000,0x0000,0x0000,0x0000,0x0000,0x0000,0x0000,0x0000,0x0000,0x0000,0x0000,0x0000,0x0000,
  0x0000,0x0000,0x0000,0x0000,0x0000,0x0000,0x0000,0x0000,0x0000,0x0000,0x0000,0x0000,0x0000,0x0000,0x0000,0x0000,
  0x0000,0x0000,0x0000,0x0000,0x0000,0x0000,0x0924,0x0186,0x0249,0x0b8e,0x0cb4,0x1d56,0x34d3,0x3bad,0x3a88,0x31a5,
  0x2943,0x0000,0x0000,0x0000,0x0000,0x0000,0x0000,0x0000,0x0000,0x0000,0x0000,0x0000,0x0000,0x0000,0x0000,0x1924,
  0x31a6,0x4249,0x434d,0x3c51,0x24b2,0x1471,0x0b6d,0x0269,0x01a7,0x0145,0x0904,0x0000,0x0000,0x0000,0x0000,0x0000,
  0x0000,0x0000,0x0000,0x0000,0x0000,0x0000,0x0000,0x0000,0x0000,0x0000,0x0000,0x0000,0x0000,0x0000,0x0000,0x0000,
  0x0000,0x0000,0x0000,0x0000,0x0000,0x0000,0x0000,0x0000,0x0000,0x0000,0x0000,0x0000,0x0000,0x0000,0x0000,0x0000,
  0x0000,0x0000,0x0000,0x0000,0x0000,0x0000,0x0000,0x00c3,0x0165,0x12cb,0x1c92,0x2db6,0x3554,0x2bce,0x2248,0x1924,
  0x1081,0x0000,0x0000,0x0000,0x0000,0x0000,0x0000,0x0000,0x0000,0x0000,0x0000,0x0000,0x0000,0x0000,0x0000,0x0881,
  0x2103,0x39e7,0x4b4c,0x4cb2,0x4575,0x2492,0x0aeb,0x0186,0x00e4,0x0000,0x0000,0x0000,0x0000,0x0000,0x0000,0x0000,
  0x0000,0x0000,0x0000,0x0000,0x0000,0x0000,0x0000,0x0000,0x0000,0x0000,0x0000,0x0000,0x0000,0x0000,0x0000,0x0000,
  0x0000,0x0000,0x0000,0x0000,0x0000,0x0000,0x0000,0x0000,0x0000,0x0000,0x0000,0x0000,0x0000,0x0000,0x0000,0x0000,
  0x0000,0x0000,0x0000,0x0000,0x0000,0x0000,0x0000,0x0000,0x00c3,0x11e7,0x2b6c,0x4cb0,0x5cae,0x5bea,0x4ac6,0x2983,
  0x0000,0x0000,0x0000,0x0000,0x0000,0x0000,0x0000,0x0000,0x0000,0x0000,0x0000,0x0000,0x0000,0x0000,0x0000,0x0000,
  0x2923,0x5266,0x73eb,0x7d50,0x6db3,0x446f,0x1249,0x00c4,0x0000,0x0000,0x0000,0x0000,0x0000,0x0000,0x0000,0x0000,
  0x0000,0x0000,0x0000,0x0000,0x0000,0x0000,0x0000,0x0000,0x0000,0x0000,0x0000,0x0000,0x0000,0x0000,0x0000,0x0000,
  0x0000,0x0000,0x0000,0x0000,0x0000,0x0000,0x0000,0x0000,0x0000,0x0000,0x0000,0x0000,0x0000,0x0000,0x0000,0x0000,
  0x0000,0x0000,0x0000,0x0000,0x0000,0x0000,0x0000,0x0000,0x0000,0x0000,0x19e7,0x32ea,0x53cb,0x63eb,0x5b69,0x3a05,
  0x0000,0x0000,0x0000,0x0000,0x0000,0x0000,0x0000,0x0000,0x0000,0x0000,0x0000,0x0000,0x0000,0x0000,0x0000,0x0000,
  0x3183,0x4a85,0x5b87,0x5c09,0x4ba9,0x32a7,0x1144,0x0000,0x0000,0x0000,0x0000,0x0000,0x0000,0x0000,0x0000,0x0000,
  0x0000,0x0000,0x0000,0x0000,0x0000,0x0000,0x0000,0x0000,0x0000,0x0000,0x0000,0x0000,0x0000,0x0000,0x0000,0x0000,
  0x0000,0x0000,0x0000,0x0000,0x0000,0x0000,0x0000,0x0000,0x0000,0x0000,0x0000,0x0000,0x0000,0x0000,0x0000,0x0000,
  0x0000,0x0000,0x0000,0x0000,0x0000,0x0000,0x0000,0x0000,0x0000,0x0000,0x0000,0x0925,0x1a28,0x2aea,0x2aca,0x2207,
  0x0000,0x0000,0x0000,0x0000,0x0000,0x0000,0x0000,0x0000,0x0000,0x0000,0x0000,0x0000,0x0000,0x0000,0x0000,0x0000,
  0x0000,0x2288,0x22c9,0x1a68,0x11c6,0x0000,0x0000,0x0000,0x0000,0x0000,0x0000,0x0000,0x0000,0x0000,0x0000,0x0000,
  0x0000,0x0000,0x0000,0x0000,0x0000,0x0000,0x0000,0x0000,0x0000,0x0000,0x0000,0x0000,0x0000,0x0000,0x0000,0x0000,
  0x0000,0x0000,0x0000,0x0000,0x0000,0x0000,0x0000,0x0000,0x0000,0x0000,0x0000,0x0000,0x0000,0x0000,0x0000,0x0000,
  0x0000,0x0000,0x0000,0x0000,0x0000,0x0000,0x0000,0x0000,0x0000,0x0000,0x0000,0x0000,0x0000,0x1145,0x1145,0x0000,
  0x0000,0x0000,0x0000,0x0000,0x0000,0x0000,0x0000,0x0000,0x0000,0x0000,0x0000,0x0000,0x0000,0x0000,0x0000,0x0000,
  0x0000,0x0904,0x0924,0x0924,0x0000,0x0000,0x0000,0x0000,0x0000,0x0000,0x0000,0x0000,0x0000,0x0000,0x0000,0x0000,
  0x0000,0x0000,0x0000,0x0000,0x0000,0x0000,0x0000,0x0000,0x0000,0x0000,0x0000,0x0000,0x0000,0x0000,0x0000,0x0000,
  0x0000,0x0000,0x0000,0x0000,0x0000,0x0000,0x0000,0x0000,0x0000,0x0000,0x0000,0x0000,0x0000,0x0000,0x0000,0x0000,
  0x0000,0x0000,0x0000,0x0000,0x0000,0x0000,0x0000,0x0000,0x0000,0x0000,0x0000,0x0000,0x0000,0x0000,0x0000,0x0000,
  0x0000,0x0000,0x0000,0x0000,0x0000,0x0000,0x0000,0x0000,0x0000,0x0000,0x0000,0x0000,0x0000,0x0000,0x0000,0x0000,
  0x0000,0x0000,0x0000,0x0000,0x0000,0x0000,0x0000,0x0000,0x0000,0x0000,0x0000,0x0000,0x0000,0x0000,0x0000,0x0000,
  0x0000,0x0000,0x0000,0x0000,0x0000,0x0000,0x0000,0x0000,0x0000,0x0000,0x0000,0x0000,0x0000,0x0000,0x0000,0x0000,
 },
 {
  0x0000,0x0000,0x0000,0x0000,0x0000,0x0000,0x0000,0x0000,0x0000,0x0000,0x0000,0x0000,0x0000,0x0000,0x0000,0x0000,
  0x0000,0x0000,0x0000,0x0000,0x0000,0x0000,0x0000,0x0000,0x0000,0x0000,0x0000,0x0000,0x0000,0x0000,0x0000,0x0000,
  0x0000,0x0000,0x0000,0x0000,0x0000,0x0000,0x0000,0x0000,0x0000,0x0000,0x0000,0x0000,0x0000,0x0000,0x0000,0x0000,
  0x0000,0x0000,0x0000,0x0000,0x0000,0x0000,0x0000,0x0000,0x0000,0x0000,0x0000,0x0000,0x0000,0x0000,0x0000,0x0000,
  0x0000,0x0000,0x0000,0x0000,0x0000,0x0000,0x0000,0x0000,0x0000,0x0000,0x0000,0x0000,0x0000,0x0000,0x0000,0x0000,
  0x0000,0x0000,0x0000,0x0000,0x0000,0x0000,0x0000,0x0000,0x0000,0x0000,0x0000,0x0000,0x0000,0x0000,0x0000,0x0000,
  0x0000,0x0000,0x0000,0x0000,0x0000,0x0000,0x0000,0x0000,0x0000,0x0000,0x0000,0x0000,0x0000,0x0000,0x0000,0x0000,
  0x0000,0x0000,0x0000,0x0000,0x0000,0x0000,0x0000,0x4249,0x4229,0x0000,0x0000,0x0000,0x0000,0x0000,0x0000,0x0000,
  0x0000,0x0000,0x0000,0x0000,0x0000,0x0000,0x0000,0x0000,0x0000,0x0000,0x0000,0x0000,0x0000,0x0000,0x0000,0x0000,
  0x0000,0x0000,0x0000,0x0000,0x0000,0x0000,0x0000,0x0000,0x0000,0x0000,0x0000,0x0000,0x0000,0x0000,0x0000,0x0000,
  0x0000,0x0000,0x0000,0x0000,0x0000,0x0000,0x0000,0x0000,0x0000,0x0000,0x0000,0x0000,0x0000,0x0000,0x0000,0x0000,
  0x0000,0x0000,0x0000,0x0000,0x0000,0x0000,0x0000,0x0000,0x0000,0x0000,0x0000,0x0000,0x0000,0x0000,0x0000,0x0000,
  0x0000,0x0000,0x0000,0x0000,0x0000,0x0000,0x6b6e,0x9cf4,0x9cf4,0x5b0c,0x0000,0x0000,0x0000,0x0000,0x0000,0x0000,
  0x0000,0x0000,0x0000,0x0000,0x0000,0x0000,0x0000,0x0000,0x0000,0x0000,0x0000,0x0000,0x0000,0x0000,0x0000,0x0000,
  0x0000,0x0000,0x0000,0x0000,0x0000,0x0000,0x0000,0x0000,0x0000,0x0000,0x0000,0x0000,0x0000,0x0000,0x0000,0x0000,
  0x0000,0x0000,0x0000,0x0000,0x0000,0x0000,0x0000,0x0000,0x0000,0x0000,0x0000,0x0000,0x0000,0x0000,0x0000,0x0000,
  0x0000,0x0000,0x0000,0x0000,0x0000,0x0000,0x0000,0x0000,0x0000,0x0000,0x0000,0x0000,0x0000,0x0000,0x0000,0x0000,
  0x0000,0x0000,0x0000,0x0000,0x0000,0x424a,0x8452,0xce7a,0xc63a,0x73d0,0x31a7,0x0000,0x0000,0x0000,0x0000,0x0000,
  0x0000,0x0000,0x0000,0x0000,0x0000,0x0000,0x0000,0x0000,0x0000,0x0000,0x0000,0x0000,0x0000,0x0000,0x0000,0x0000,
  0x0000,0x0000,0x0000,0x0000,0x0000,0x0000,0x0000,0x0000,0x0000,0x0000,0x0000,0x0000,0x0000,0x0000,0x0000,0x0000,
  0x0000,0x0000,0x0000,0x0000,0x0000,0x0000,0x0000,0x0000,0x0000,0x0000,0x0000,0x0000,0x0000,0x0000,0x0000,0x0000,
  0x0000,0x0000,0x0000,0x0000,0x0000,0x0000,0x0000,0x0000,0x0000,0x0000,0x0000,0x0000,0x0000,0x0000,0x0000,0x0000,
  0x0000,0x0000,0x0000,0x0000,0x3a08,0x73b0,0xb5f8,0xef9f,0xe73d,0x9cf5,0x52ac,0x2967,0x0000,0x0000,0x0000,0x0000,
  0x0000,0x0000,0x0000,0x0000,0x0000,0x0000,0x0000,0x0000,0x0000,0x0000,0x0000,0x0000,0x0000,0x0000,0x0000,0x0000,
  0x0000,0x0000,0x0000,0x0000,0x0000,0x0000,0x0000,0x0000,0x0000,0x0000,0x0000,0x0000,0x0000,0x0000,0x0000,0x0000,
  0x0000,0x0000,0x0000,0x0000,0x0000,0x0000,0x0000,0x0000,0x0000,0x0000,0x0000,0x0000,0x0000,0x0000,0x0000,0x0000,
  0x0000,0x0000,0x0000,0x0000,0x0000,0x0000,0x0000,0x0000,0x0000,0x0000,0x0000,0x0000,0x0000,0x0000,0x0000,0x0000,
  0x0000,0x0000,0x0000,0x2146,0x5b0d,0xa576,0xd6bb,0xde99,0xce17,0xad76,0x7c12,0x422a,0x10e4,0x0000,0x0000,0x0000,
  0x0000,0x0000,0x0000,0x0000,0x0000,0x0000,0x0000,0x0000,0x0000,0x0000,0x0000,0x0000,0x0000,0x0000,0x0000,0x0000,
  0x0000,0x0000,0x0000,0x0000,0x0000,0x0000,0x0000,0x0000,0x0000,0x0000,0x0000,0x0000,0x0000,0x0000,0x0000,0x0000,
  0x0000,0x0000,0x0000,0x0000,0x0000,0x0000,0x0000,0x0000,0x0000,0x0000,0x0000,0x0000,0x0000,0x0000,0x0000,0x0000,
  0x0000,0x0000,0x0000,0x0000,0x0000,0x0000,0x0000,0x0000,0x0000,0x0000,0x0000,0x0000,0x0000,0x0000,0x0000,0x0000,
  0x0000,0x0000,0x0000,0x5aec,0x9493,0xad97,0x7c94,0x2a2b,0x21ea,0x73d0,0x9cd3,0x8431,0x52cc,0x0000,0x0000,0x0000,
  0x0000,0x0000,0x0000,0x0000,0x0000,0x0000,0x0000,0x0000,0x0000,0x0000,0x0000,0x0000,0x0000,0x0000,0x0000,0x0000,
  0x0000,0x0000,0x0000,0x0000,0x0000,0x0000,0x0000,0x0000,0x0000,0x0000,0x0000,0x0000,0x0000,0x0000,0x0000,0x0000,
  0x0000,0x0000,0x0000,0x0000,0x0000,0x0000,0x0000,0x0000,0x0000,0x0000,0x0000,0x0000,0x0000,0x0000,0x0000,0x0000,
  0x0000,0x0000,0x0000,0x0000,0x0000,0x0000,0x0000,0x0000,0x0000,0x0000,0x0000,0x0000,0x0000,0x0000,0x0000,0x0000,
  0x0000,0x0000,0x52cc,0x8451,0x8c51,0x632e,0x4330,0x33d6,0x2b95,0x2a8e,0x52ac,0x8c51,0x8c72,0x5aec,0x0000,0x0000,
  0x0000,0x0000,0x0000,0x0000,0x0000,0x0000,0x0000,0x0000,0x0000,0x0000,0x0000,0x0000,0x0000,0x0000,0x0000,0x0000,
  0x0000,0x0000,0x0000,0x0000,0x0000,0x0000,0x0000,0x0000,0x0000,0x0000,0x0000,0x0000,0x0000,0x0000,0x0000,0x0000,
  0x0000,0x0000,0x0000,0x0000,0x0000,0x0000,0x0000,0x0000,0x0000,0x0000,0x0000,0x0000,0x0000,0x0000,0x0000,0x0000,
  0x0000,0x0000,0x0000,0x0000,0x0000,0x0000,0x0000,0x0000,0x0000,0x0000,0x0000,0x0000,0x0000,0x0000,0x0000,0x0000,
  0x0000,0x31c9,0x6b6e,0x94b2,0x7bd0,0x320d,0x1a92,0x3c9b,0x3c3a,0x09ae,0x1909,0x5acd,0x7c10,0x5aec,0x2988,0x0000,
  0x0000,0x0000,0x0000,0x0000,0x0000,0x0000,0x0000,0x0000,0x0000,0x0000,0x0000,0x0000,0x0000,0x0000,0x0000,0x0000,
  0x0000,0x0000,0x0000,0x0000,0x0000,0x0000,0x0000,0x0000,0x0000,0x0000,0x0000,0x0000,0x0000,0x0000,0x0000,0x0000,
  0x0000,0x0000,0x0000,0x0000,0x0000,0x0000,0x0000,0x0000,0x0000,0x0000,0x0000,0x0000,0x0000,0x0000,0x0000,0x0000,
  0x0000,0x0000,0x0000,0x0000,0x0000,0x0000,0x0000,0x0000,0x0000,0x0000,0x0000,0x0000,0x0000,0x0000,0x0000,0x0000,
  0x0000,0x5b0d,0x7bef,0x8c71,0x6330,0x118f,0x01d4,0x0b3b,0x0afa,0x0110,0x10ab,0x526d,0x73af,0x634d,0x424a,0x0000,
  0x0000,0x0000,0x0000,0x0000,0x0000,0x0000,0x0000,0x0000,0x0000,0x0000,0x0000,0x0000,0x0000,0x0000,0x0000,0x0000,
  0x0000,0x0000,0x0000,0x0000,0x0000,0x0000,0x0000,0x0000,0x0000,0x0000,0x0000,0x0000,0x0000,0x0000,0x0000,0x0000,
  0x0000,0x0000,0x0000,0x0000,0x0000,0x0000,0x0000,0x0000,0x0000,0x0000,0x0000,0x0000,0x0000,0x0000,0x0000,0x0000,
  0x0000,0x0000,0x0000,0x0000,0x0000,0x0000,0x0000,0x0000,0x0000,0x0000,0x0000,0x0000,0x0000,0x0000,0x0000,0x0000,
  0x4a8b,0x6b8f,0x73d0,0x5b0f,0x2a10,0x0193,0x01d5,0x2294,0x2273,0x0952,0x00d0,0x218d,0x52ad,0x6b8f,0x634e,0x426a,
  0x0000,0x0000,0x0000,0x0000,0x0000,0x0000,0x0000,0x0000,0x0000,0x0000,0x0000,0x0000,0x0000,0x0000,0x0000,0x0000,
  0x0000,0x0000,0x0000,0x0000,0x0000,0x0000,0x0000,0x0000,0x0000,0x0000,0x0000,0x0000,0x0000,0x0000,0x0000,0x0000,
  0x0000,0x0000,0x0000,0x0000,0x0000,0x0000,0x0000,0x0000,0x0000,0x0000,0x0000,0x0000,0x0000,0x0000,0x0000,0x0000,
  0x0000,0x0000,0x0000,0x0000,0x0000,0x0000,0x0000,0x0000,0x0000,0x0000,0x0000,0x0000,0x0000,0x0000,0x0000,0x0000,
  0x4a89,0x738e,0x6b8f,0x42af,0x21f1,0x2255,0x6c59,0xce9b,0xc659,0x5b94,0x0950,0x112e,0x4a8f,0x7c12,0x8430,0x5aeb,
  0x0000,0x0000,0x0000,0x0000,0x0000,0x0000,0x0000,0x0000,0x0000,0x0000,0x0000,0x0000,0x0000,0x0000,0x0000,0x0000,
  0x0000,0x0000,0x0000,0x0000,0x0000,0x0000,0x0000,0x0000,0x0000,0x0000,0x0000,0x0000,0x0000,0x0000,0x0000,0x0000,
  0x0000,0x0000,0x0000,0x0000,0x0000,0x0000,0x0000,0x0000,0x0000,0x0000,0x0000,0x0000,0x0000,0x0000,0x0000,0x0000,
  0x0000,0x0000,0x0000,0x0000,0x0000,0x0000,0x0000,0x0000,0x0000,0x0000,0x0000,0x0000,0x0000,0x0000,0x0000,0x0000,
  0x52aa,0x73ae,0x4af0,0x19cf,0x3293,0x84f9,0xd71e,0xfffe,0xef9c,0xb618,0x5bd4,0x19d0,0x198e,0x52f0,0x73cf,0x630c,
  0x0000,0x0000,0x0000,0x0000,0x0000,0x0000,0x0000,0x0000,0x0000,0x0000,0x0000,0x0000,0x0000,0x0000,0x0000,0x0000,
  0x0000,0x0000,0x0000,0x0000,0x0000,0x0000,0x0000,0x0000,0x0000,0x0000,0x0000,0x0000,0x0000,0x0000,0x0000,0x0000,
  0x0000,0x0000,0x0000,0x0000,0x0000,0x0000,0x0000,0x0000,0x0000,0x0000,0x0000,0x0000,0x0000,0x0000,0x0000,0x0000,
  0x0000,0x0000,0x0000,0x0000,0x0000,0x0000,0x0000,0x0000,0x0000,0x0000,0x0000,0x0000,0x0000,0x0000,0x0000,0x18e3,
  0x4a29,0x6b6f,0x5351,0x3af1,0x6435,0xc67b,0xf7df,0xf7df,0xef9e,0xd71c,0x9d76,0x42cf,0x21ac,0x426d,0x634e,0x528b,
  0x3187,0x0000,0x0000,0x0000,0x0000,0x0000,0x0000,0x0000,0x0000,0x0000,0x0000,0x0000,0x0000,0x0000,0x0000,0x0000,
  0x0000,0x0000,0x0000,0x0000,0x0000,0x0000,0x0000,0x0000,0x0000,0x0000,0x0000,0x0000,0x0000,0x0000,0x0000,0x0000,
  0x0000,0x0000,0x0000,0x0000,0x0000,0x0000,0x0000,0x0000,0x0000,0x0000,0x0000,0x0000,0x0000,0x0000,0x0000,0x0000,
  0x0000,0x0000,0x0000,0x0000,0x0000,0x0000,0x0000,0x0000,0x0000,0x0000,0x0000,0x0000,0x0000,0x0000,0x0000,0x2945,
  0x4209,0x52ee,0x4b0f,0x5350,0x84d4,0xd6da,0xffff,0xffff,0xefbf,0xdf5c,0xadb6,0x636f,0x320b,0x2a0c,0x3a4d,0x31ea,
  0x2966,0x0000,0x0000,0x0000,0x0000,0x0000,0x0000,0x0000,0x0000,0x0000,0x0000,0x0000,0x0000,0x0000,0x0000,0x0000,
  0x0000,0x0000,0x0000,0x0000,0x0000,0x0000,0x0000,0x0000,0x0000,0x0000,0x0000,0x0000,0x0000,0x0000,0x0000,0x0000,
  0x0000,0x0000,0x0000,0x0000,0x0000,0x0000,0x0000,0x0000,0x0000,0x0000,0x0000,0x0000,0x0000,0x0000,0x0000,0x0000,
  0x0000,0x0000,0x0000,0x0000,0x0000,0x0000,0x0000,0x0000,0x0000,0x0000,0x0000,0x0000,0x0000,0x2125,0x2103,0x2104,
  0x29a9,0x3250,0x2ab2,0x4352,0x84f6,0xd6fb,0xef7d,0xce9b,0xc65a,0xcebb,0xbe38,0x8451,0x4ace,0x322f,0x2a0e,0x29aa,
  0x2945,0x20e3,0x10a3,0x0000,0x0000,0x0000,0x0000,0x0000,0x0000,0x0000,0x0000,0x0000,0x0000,0x0000,0x0000,0x0000,
  0x0000,0x0000,0x0000,0x0000,0x0000,0x0000,0x0000,0x0000,0x0000,0x0000,0x0000,0x0000,0x0000,0x0000,0x0000,0x0000,
  0x0000,0x0000,0x0000,0x0000,0x0000,0x0000,0x0000,0x0000,0x0000,0x0000,0x0000,0x0000,0x0000,0x0000,0x0000,0x0000,
  0x0000,0x0000,0x0000,0x0000,0x0000,0x0000,0x0000,0x0000,0x0000,0x0000,0x0000,0x4228,0x5aeb,0x5b2c,0x4a69,0x2945,
  0x0866,0x0089,0x19ae,0x4b30,0x8473,0xacb1,0xabeb,0x9ac4,0x8a64,0x9349,0x93ef,0x7bf0,0x5b2f,0x31ec,0x1109,0x18c6,
  0x2945,0x31c7,0x3a29,0x3a2a,0x3a09,0x0000,0x0000,0x0000,0x0000,0x0000,0x0000,0x0000,0x0000,0x0000,0x0000,0x0000,
  0x0000,0x0000,0x0000,0x0000,0x0000,0x0000,0x0000,0x0000,0x0000,0x0000,0x0000,0x0000,0x0000,0x0000,0x0000,0x0000,
  0x0000,0x0000,0x0000,0x0000,0x0000,0x0000,0x0000,0x0000,0x0000,0x0000,0x0000,0x0000,0x0000,0x0000,0x0000,0x0000,
  0x0000,0x0000,0x0000,0x0000,0x0000,0x0000,0x0000,0x0000,0x0000,0x0000,0x634c,0x8c91,0xa555,0x94d4,0x6b6d,0x39e7,
  0x2148,0x196d,0x29cf,0x424d,0x7269,0x9ae6,0xd4a8,0xfecd,0xfe6b,0xd3a3,0x99a0,0x5943,0x3168,0x196a,0x1949,0x1907,
  0x2987,0x52cb,0x7c10,0x8472,0x73cf,0x52aa,0x0000,0x0000,0x0000,0x0000,0x0000,0x0000,0x0000,0x0000,0x0000,0x0000,
  0x0000,0x0000,0x0000,0x0000,0x0000,0x0000,0x0000,0x0000,0x0000,0x0000,0x0000,0x0000,0x0000,0x0000,0x0000,0x0000,
  0x0000,0x0000,0x0000,0x0000,0x0000,0x0000,0x0000,0x0000,0x0000,0x0000,0x0000,0x0000,0x0000,0x0000,0x0000,0x0000,
  0x0000,0x0000,0x0000,0x0000,0x0000,0x0000,0x0000,0x0000,0x09cc,0x228f,0x6c33,0xb5d8,0xd69a,0xb5b7,0x7bce,0x4208,
  0x29ca,0x2a0f,0x216c,0x28c6,0x6985,0xc3aa,0xfe31,0xff94,0xff30,0xfd25,0xcac0,0x7101,0x30a7,0x196d,0x21ee,0x1969,
  0x3187,0x6b2c,0xa514,0xbdf7,0xa555,0x63b1,0x1a0d,0x012a,0x0000,0x0000,0x0000,0x0000,0x0000,0x0000,0x0000,0x0000,
  0x0000,0x0000,0x0000,0x0000,0x0000,0x0000,0x0000,0x0000,0x0000,0x0000,0x0000,0x0000,0x0000,0x0000,0x0000,0x0000,
  0x0000,0x0000,0x0000,0x0000,0x0000,0x0000,0x0000,0x0000,0x0000,0x0000,0x0000,0x0000,0x0000,0x0000,0x0000,0x0000,
  0x0000,0x0000,0x0000,0x0000,0x0000,0x0000,0x0000,0x016c,0x010e,0x09d2,0x63b5,0xb598,0xce59,0xad75,0x73ad,0x39e7,
  0x1989,0x19ac,0x20e8,0x3862,0x81a3,0xdc0a,0xfe2e,0xfece,0xfe29,0xfc83,0xda80,0x9120,0x50c4,0x296b,0x21ee,0x21aa,
  0x39e8,0x6b2c,0x94b2,0xad96,0x9d17,0x5375,0x09b1,0x00ee,0x012c,0x0000,0x0000,0x0000,0x0000,0x0000,0x0000,0x0000,
  0x0000,0x0000,0x0000,0x0000,0x0000,0x0000,0x0000,0x0000,0x0000,0x0000,0x0000,0x0000,0x0000,0x0000,0x0000,0x0000,
  0x0000,0x0000,0x0000,0x0000,0x0000,0x0000,0x0000,0x0000,0x0000,0x0000,0x0000,0x0000,0x0000,0x0000,0x0000,0x0000,
  0x0000,0x0000,0x0000,0x0000,0x0000,0x2166,0x1148,0x19cc,0x4b11,0x8496,0xad58,0xb577,0xa535,0x8451,0x630c,0x4a49,
  0x4aec,0x5b6f,0x59e9,0x6041,0x9120,0xe3c3,0xfda5,0xfdc4,0xfd22,0xf421,0xd260,0x90c0,0x5841,0x4126,0x3a09,0x31e8,
  0x39c7,0x5269,0x738e,0x9493,0x9d17,0x9d17,0x7c54,0x4acf,0x218a,0x1107,0x2126,0x0000,0x0000,0x0000,0x0000,0x0000,
  0x0000,0x0000,0x0000,0x0000,0x0000,0x0000,0x0000,0x0000,0x0000,0x0000,0x0000,0x0000,0x0000,0x0000,0x0000,0x0000,
  0x0000,0x0000,0x0000,0x0000,0x0000,0x0000,0x0000,0x0000,0x0000,0x0000,0x0000,0x0000,0x0000,0x0000,0x0000,0x0000,
  0x0000,0x0000,0x0000,0x0000,0x5b0c,0x7c31,0xa556,0xce9b,0xef5d,0xdefc,0x9d99,0x6bf5,0x5b51,0x5b0e,0x4a6a,0x4249,
  0x5b6e,0x73f0,0x7a8a,0x80e1,0xa960,0xe3a2,0xfcc3,0xfc42,0xfbc0,0xf361,0xda60,0xa920,0x88e1,0x7207,0x62ec,0x52ab,
  0x3a08,0x39e8,0x4a4a,0x52ee,0x6bf4,0x9d58,0xce7b,0xd6bb,0xc5f9,0x94b4,0x6b8f,0x4a6b,0x0000,0x0000,0x0000,0x0000,
  0x0000,0x0000,0x0000,0x0000,0x0000,0x0000,0x0000,0x0000,0x0000,0x0000,0x0000,0x0000,0x0000,0x0000,0x0000,0x0000,
  0x0000,0x0000,0x0000,0x0000,0x0000,0x0000,0x0000,0x0000,0x0000,0x0000,0x0000,0x0000,0x0000,0x0000,0x0000,0x0000,
  0x0000,0x0000,0x4aab,0x73d0,0xad77,0xd6bb,0xdefc,0xdedb,0xd6da,0xbe59,0x8d78,0x5c35,0x328f,0x29aa,0x39e9,0x5acc,
  0x73f0,0x7c10,0x8aca,0x9961,0xb9a0,0xeb20,0xfc22,0xfc01,0xfbe1,0xfba1,0xe2a0,0xb940,0x9101,0x7a48,0x738e,0x6baf,
  0x5aec,0x39e8,0x1947,0x11ab,0x2b12,0x6456,0x9d78,0xc639,0xd67a,0xd67a,0xbdf9,0x8c94,0x5b0d,0x31c8,0x0000,0x0000,
  0x0000,0x0000,0x0000,0x0000,0x0000,0x0000,0x0000,0x0000,0x0000,0x0000,0x0000,0x0000,0x0000,0x0000,0x0000,0x0000,
  0x0000,0x0000,0x0000,0x0000,0x0000,0x0000,0x0000,0x0000,0x19ab,0x1a0f,0x1a51,0x1a0f,0x0000,0x0000,0x0000,0x0000,
  0x31c8,0x634e,0xad78,0xdefd,0xef5d,0xef1a,0xde97,0xc636,0xbe16,0xa5d7,0x7d57,0x4c14,0x2a4e,0x1949,0x39c9,0x632d,
  0x7c51,0x8c51,0x9b2a,0xa9c1,0xd200,0xf361,0xfc62,0xfc42,0xfc01,0xfbe2,0xe2e0,0xc160,0x9921,0x8228,0x736e,0x6b8f,
  0x4a8b,0x2966,0x10c4,0x1149,0x32d1,0x6c77,0xa599,0xc5f7,0xd5d6,0xe637,0xef1b,0xe73d,0xc67a,0x8cd4,0x4acc,0x2987,
  0x0000,0x0000,0x0000,0x0000,0x1a31,0x1273,0x1231,0x11ad,0x0000,0x0000,0x0000,0x0000,0x0000,0x0000,0x0000,0x0000,
  0x0000,0x0000,0x0000,0x0000,0x0000,0x0000,0x0000,0x21ee,0x2a93,0x2af6,0x2294,0x21ee,0x1926,0x10c3,0x2987,0x530d,
  0x94f5,0xce7a,0xe73d,0xef7d,0xef3b,0xe6f9,0xded9,0xd6b9,0xc658,0xadb8,0x8cf7,0x63d3,0x3a4d,0x2169,0x3188,0x5acc,
  0x8493,0xa556,0xa40f,0xa244,0xc260,0xf401,0xfcc3,0xf483,0xf442,0xfc42,0xf340,0xd1e0,0xb1c3,0x930c,0x8412,0x6bb1,
  0x4a4a,0x2125,0x18c4,0x2988,0x5350,0x8d17,0xc63a,0xde9a,0xde37,0xde17,0xde78,0xe71b,0xef7d,0xd71c,0xadb7,0x73f1,
  0x3a4b,0x1905,0x1061,0x2105,0x19ee,0x1a95,0x1af7,0x1a93,0x19ee,0x0000,0x0000,0x0000,0x0000,0x0000,0x0000,0x0000,
  0x0000,0x0000,0x0000,0x0000,0x0000,0x0000,0x00ec,0x09f6,0x12bc,0x1a79,0x11b1,0x00c9,0x0086,0x00e8,0x2a4f,0x7476,
  0xd69b,0xf79d,0xef7d,0xe73d,0xef5e,0xe75d,0xe71d,0xdf1c,0xd6ba,0xbe18,0x94d5,0x6351,0x31ec,0x2148,0x2946,0x4a4a,
  0x7c33,0x9d79,0x9c53,0x9a87,0xbae2,0xf4c4,0xfd64,0xf4a2,0xf461,0xfcc2,0xf401,0xba60,0x9225,0x93b0,0x8cd5,0x73f1,
  0x4229,0x2104,0x18e4,0x31c9,0x6370,0x9cf5,0xc619,0xd6bb,0xdedb,0xdedc,0xe71c,0xdf1c,0xd6fc,0xdf1c,0xe71c,0xbe18,
  0x6bf2,0x21eb,0x00a6,0x0065,0x00c9,0x11d0,0x1b19,0x235c,0x1275,0x08ec,0x0000,0x0000,0x0000,0x0000,0x0000,0x0000,
  0x0000,0x0000,0x0000,0x0000,0x0000,0x00ab,0x0991,0x22fa,0x2bbe,0x22f9,0x09b3,0x0131,0x0193,0x1235,0x4b77,0x9d7a,
  0xe73c,0xff9c,0xe71b,0xdefc,0xe75e,0xe73d,0xc638,0x8c72,0x4a8d,0x21aa,0x21ab,0x31eb,0x29aa,0x2167,0x2146,0x3a09,
  0x73f1,0xad98,0xb537,0xa3ef,0xb367,0xdc24,0xf5c7,0xff4d,0xff2c,0xfd84,0xe3a0,0xaac5,0x936d,0x9cb4,0x9d55,0x7c10,
  0x4229,0x2945,0x1925,0x2187,0x31e9,0x29ca,0x21cb,0x52ee,0x94d4,0xce39,0xdefb,0xdefc,0xcebb,0xd6fc,0xf75d,0xdedb,
  0x9516,0x4332,0x09f2,0x0193,0x0191,0x1212,0x2b37,0x339b,0x1a98,0x0132,0x008c,0x0000,0x0000,0x0000,0x0000,0x0000,
  0x0000,0x0000,0x0000,0x0000,0x0000,0x014f,0x0a15,0x131c,0x1b5d,0x1298,0x0992,0x0130,0x0193,0x1a54,0x53b6,0xa599,
  0xe73c,0xffde,0xef7e,0xef7d,0xef3c,0xb576,0x4a8d,0x118e,0x12b7,0x239c,0x1ab7,0x096e,0x08a6,0x10a3,0x2965,0x4a8b,
  0x6bb0,0x94f5,0xbe3a,0xd6bb,0xbd74,0x9b89,0x8b45,0x9c68,0xa468,0x9365,0x9b88,0xb513,0xc63a,0xb5f8,0x9cd3,0x73cf,
  0x4a8b,0x2946,0x0883,0x00a6,0x096c,0x12b5,0x1359,0x0a94,0x198c,0x528c,0xad55,0xdf1c,0xe73d,0xef5e,0xffdf,0xe71c,
  0x9d36,0x4b32,0x1213,0x01b3,0x018e,0x19ec,0x32d0,0x3335,0x2297,0x0994,0x00ef,0x00a8,0x0000,0x0000,0x0000,0x0000,
  0x0000,0x0000,0x0000,0x0000,0x00cb,0x09d1,0x12b8,0x0b3d,0x0afc,0x0a36,0x0970,0x0150,0x01d3,0x1253,0x4b73,0x9d16,
  0xdedb,0xffff,0xffff,0xdedb,0xa513,0x5aee,0x114e,0x0192,0x1af7,0x33da,0x2b17,0x0990,0x0088,0x0064,0x1925,0x4a49,
  0x734d,0x9c30,0xbd75,0xd6bb,0xd71d,0xd6fc,0xc67a,0xbe19,0xbe19,0xc65a,0xd6fc,0xdf3e,0xdefb,0xc5d5,0xa44f,0x6b2c,
  0x3a2a,0x18e5,0x0044,0x0088,0x0170,0x1a96,0x22f6,0x0a12,0x00cd,0x192b,0x632e,0xa555,0xd6bb,0xf7df,0xffff,0xef3c,
  0xa556,0x5352,0x1a54,0x01d5,0x01b1,0x11ee,0x1292,0x0af8,0x0a9a,0x09d7,0x0932,0x00ec,0x0000,0x0000,0x0000,0x0000,
  0x0000,0x0000,0x0000,0x0000,0x010e,0x11f3,0x12b8,0x0afb,0x0aba,0x0a35,0x11b1,0x01b4,0x0218,0x0a36,0x32d1,0x7c73,
  0xce59,0xef3d,0xdedc,0xad77,0x73b0,0x3a0a,0x1107,0x08e7,0x1968,0x29c9,0x21a9,0x1107,0x0064,0x0042,0x10c4,0x39e8,
  0x6aca,0x9bee,0xc533,0xd699,0xdf3c,0xe75e,0xe73e,0xe75e,0xe73d,0xe73d,0xe73e,0xe73d,0xd69a,0xbd74,0x8bef,0x62cb,
  0x31c9,0x10c5,0x0044,0x0086,0x1129,0x21ec,0x2a0c,0x1969,0x08c7,0x08c6,0x3209,0x73d0,0xad97,0xdf1c,0xf79e,0xd6ba,
  0x94d4,0x4b11,0x1214,0x01d8,0x0217,0x0a97,0x0b19,0x031b,0x02db,0x0238,0x0993,0x092e,0x0000,0x0000,0x0000,0x0000,
  0x0000,0x0000,0x0000,0x00ec,0x0991,0x1215,0x12b9,0x133c,0x02fc,0x0217,0x0194,0x0a17,0x233a,0x4396,0x73f2,0xa535,
  0xce7a,0xce7b,0x9d15,0x5b0d,0x2946,0x10a2,0x2103,0x39c6,0x4a47,0x4a47,0x41e6,0x2944,0x10a1,0x0861,0x10a2,0x2166,
  0x4a6a,0x73d0,0xad55,0xd679,0xef3c,0xef7e,0xe73d,0xdedc,0xd6db,0xdefc,0xe6fc,0xde7a,0xc5b7,0x9c92,0x736e,0x4a4a,
  0x2986,0x18e4,0x18e3,0x2124,0x39c6,0x5289,0x5aca,0x5268,0x31a6,0x18e3,0x18e3,0x3186,0x5aec,0x9493,0xc619,0xce5a,
  0xb575,0x8432,0x5396,0x2b19,0x0a59,0x0239,0x02ba,0x035b,0x033a,0x0277,0x09d4,0x0970,0x090b,0x0000,0x0000,0x0000,
  0x0000,0x0000,0x0000,0x090b,0x0171,0x01d5,0x0239,0x0adc,0x237c,0x543b,0x8d3a,0xc67c,0xdefc,0xbe18,0x9cf4,0xa557,
  0xbe1a,0x9cf5,0x4a8b,0x18e4,0x10a3,0x2125,0x31a7,0x4a8b,0x5b2d,0x5b0c,0x4a6a,0x31a7,0x2125,0x18e4,0x10a2,0x10c3,
  0x31a7,0x6b4e,0xa4f4,0xd679,0xf77d,0xffff,0xf79e,0xe73c,0xe71c,0xe75d,0xef7e,0xe6dc,0xc5b8,0x9410,0x626a,0x3145,
  0x18e3,0x10c3,0x2945,0x39e8,0x528b,0x632d,0x634d,0x52cb,0x39c8,0x2105,0x10a3,0x0862,0x10a3,0x4a4a,0x9cd5,0xc61b,
  0xb598,0xa536,0xc639,0xd6dc,0xc65d,0x953c,0x5c3b,0x2b59,0x0a98,0x0216,0x01b3,0x0170,0x090c,0x0000,0x0000,0x0000,
  0x0000,0x0000,0x0000,0x0130,0x0194,0x1256,0x4bb9,0x95bc,0xcefe,0xe75d,0xe73b,0xe73c,0xdefc,0xb5f9,0x94d5,0x94f6,
  0x9d16,0x73d0,0x3187,0x1062,0x18c3,0x2966,0x3a09,0x5aed,0x7c10,0x8431,0x6b4e,0x422a,0x31a8,0x2146,0x10a3,0x0861,
  0x10a3,0x39e9,0x73d1,0xb5b8,0xdefc,0xef7d,0xe71c,0xd69a,0xce7a,0xd6ba,0xdf1c,0xd6fc,0xb5f9,0x7bf1,0x4209,0x18c3,
  0x1082,0x10a3,0x2987,0x4a6c,0x6b6f,0x8c52,0x8c72,0x738e,0x4229,0x2146,0x2125,0x10c3,0x0862,0x2966,0x636f,0x8cb5,
  0x8cd6,0x94f6,0xb619,0xdf1c,0xe75c,0xef5c,0xf79d,0xe73d,0xa5db,0x5398,0x1215,0x0152,0x010f,0x090b,0x0000,0x0000,
  0x0000,0x0045,0x0068,0x010d,0x3ab3,0x9538,0xe73c,0xfffe,0xf7be,0xdf1d,0xce7b,0xce9b,0xce9b,0xb5b8,0x8494,0x73d1,
  0x5b0e,0x41e9,0x18c3,0x1061,0x18a3,0x2104,0x2104,0x2986,0x4249,0x4a69,0x39e7,0x2125,0x18e4,0x10c3,0x1082,0x0861,
  0x0021,0x18e5,0x5b0e,0xb5d8,0xef5e,0xf79e,0xe73c,0xd6db,0xd6ba,0xdf1b,0xef7d,0xe73d,0xb5d8,0x634e,0x2126,0x1083,
  0x18c3,0x18c4,0x2105,0x2946,0x3187,0x39e7,0x3a07,0x2985,0x10c2,0x0862,0x10a3,0x10a2,0x0861,0x10a3,0x31c8,0x52ed,
  0x6bb1,0x8c94,0xb5f8,0xd6db,0xdefc,0xdf1c,0xe75e,0xef9e,0xf79d,0xd6ba,0x94f7,0x3ad3,0x092e,0x008a,0x0067,0x0000,
  0x0000,0x0863,0x2126,0x52cd,0x94d4,0xc639,0xdedb,0xd6bb,0xbe18,0xa515,0x8432,0x6b6f,0x52ac,0x424a,0x31c9,0x2967,
  0x2105,0x18c4,0x10a3,0x18c3,0x18e4,0x2145,0x31c8,0x52ec,0x7471,0x84d2,0x63ce,0x3a49,0x2166,0x18e5,0x10a3,0x1082,
  0x0841,0x18c3,0x52cb,0x94b3,0x9cd4,0x6b8f,0x4a4a,0x3a09,0x4209,0x4a6a,0x6b6e,0x8c72,0x7c32,0x4a6b,0x18e4,0x10a3,
  0x20e4,0x2104,0x2945,0x39e8,0x52ec,0x6bef,0x7450,0x5b8c,0x3228,0x1925,0x18c4,0x18c4,0x18c3,0x18c3,0x18e4,0x1905,
  0x2146,0x29a8,0x424b,0x5aee,0x73b1,0x8c93,0xa556,0xbe19,0xd6bb,0xd6bb,0xbdf8,0x8c73,0x4a8c,0x1906,0x0063,0x0000,
  0x0000,0x18e5,0x31c8,0x5aed,0x73b0,0x5b0d,0x422a,0x39e9,0x31c9,0x2987,0x2967,0x2946,0x2146,0x2125,0x18c4,0x0882,
  0x0041,0x0862,0x10c4,0x1905,0x2146,0x2987,0x3a09,0x4acc,0x63ae,0x6bcf,0x532c,0x3a08,0x2146,0x1905,0x18e4,0x18e4,
  0x1082,0x0861,0x18c3,0x2966,0x3167,0x2127,0x2107,0x2128,0x2127,0x20e6,0x2126,0x31a8,0x29a8,0x18e4,0x0862,0x1082,
  0x18e4,0x2125,0x2967,0x3a09,0x52cc,0x6bae,0x740f,0x63ad,0x42aa,0x29a8,0x1906,0x18c5,0x18e4,0x18c3,0x1082,0x0862,
  0x10c3,0x1905,0x1905,0x1905,0x2126,0x2947,0x2967,0x2988,0x31c9,0x422a,0x5b0e,0x6b70,0x52cd,0x31a8,0x18e4,0x0000,
  0x0000,0x10a3,0x18c4,0x18e4,0x18e4,0x10a3,0x0862,0x0000,0x0000,0x0000,0x0000,0x0000,0x0000,0x0000,0x0000,0x0000,
  0x0000,0x0862,0x10c4,0x2125,0x2986,0x31e7,0x3a28,0x52ca,0x6b8d,0x6bad,0x5aca,0x39c7,0x2125,0x1905,0x2106,0x2105,
  0x18c4,0x0861,0x0020,0x0862,0x1905,0x31a8,0x3a0b,0x422c,0x422c,0x422b,0x39c9,0x2146,0x10a3,0x0841,0x0841,0x10a3,
  0x1905,0x2146,0x29a7,0x4229,0x5aec,0x6bae,0x7c0f,0x6b8d,0x4a89,0x31a7,0x2126,0x18e5,0x18c4,0x10a3,0x1082,0x10a2,
  0x0000,0x0000,0x0000,0x0000,0x0000,0x0000,0x0000,0x0000,0x0021,0x0021,0x0862,0x18c4,0x18e4,0x18c4,0x10c3,0x0000,
  0x0000,0x0000,0x0000,0x0000,0x0000,0x0000,0x0000,0x0000,0x0000,0x0000,0x0000,0x0000,0x0000,0x0000,0x0000,0x0000,
  0x0000,0x0882,0x18e4,0x1925,0x2125,0x2166,0x31c7,0x4a8a,0x6b8d,0x73ee,0x5b2c,0x4229,0x2987,0x2126,0x1905,0x18e4,
  0x10a3,0x0862,0x0841,0x0000,0x0000,0x1905,0x2126,0x2146,0x2146,0x2125,0x1905,0x0000,0x0000,0x0862,0x0882,0x18c4,
  0x1905,0x2125,0x2986,0x4249,0x634d,0x7bef,0x7bef,0x632c,0x39e8,0x1925,0x10c4,0x10c4,0x10c3,0x10a3,0x1082,0x0862,
  0x0000,0x0000,0x0000,0x0000,0x0000,0x0000,0x0000,0x0000,0x0000,0x0000,0x0000,0x0000,0x0000,0x0000,0x0000,0x0000,
  0x0000,0x0000,0x0000,0x0000,0x0000,0x0000,0x0000,0x0000,0x0000,0x0000,0x0000,0x0000,0x0000,0x0000,0x0000,0x0000,
  0x0000,0x0862,0x10c4,0x1905,0x2145,0x2966,0x3168,0x420b,0x5b10,0x6371,0x52ef,0x3a0b,0x2967,0x2105,0x18e4,0x18e4,
  0x10a3,0x0862,0x0041,0x0000,0x0000,0x0000,0x0000,0x0000,0x0000,0x0000,0x0000,0x0000,0x0000,0x0882,0x10a3,0x1905,
  0x2166,0x2987,0x39c8,0x424a,0x52cd,0x6350,0x5b50,0x4aae,0x31a9,0x2106,0x18e4,0x18e4,0x18e4,0x18c4,0x1082,0x0841,
  0x0000,0x0000,0x0000,0x0000,0x0000,0x0000,0x0000,0x0000,0x0000,0x0000,0x0000,0x0000,0x0000,0x0000,0x0000,0x0000,
  0x0000,0x0000,0x0000,0x0000,0x0000,0x0000,0x0000,0x0000,0x0000,0x0000,0x0000,0x0000,0x0000,0x0000,0x0000,0x0000,
  0x0000,0x10a3,0x18e4,0x10c5,0x10c7,0x092d,0x0a74,0x3c19,0x85bb,0xa67c,0x85fc,0x4c9a,0x1ad6,0x014f,0x0088,0x0883,
  0x1082,0x10a3,0x08a4,0x0000,0x0000,0x0000,0x0000,0x0000,0x0000,0x0000,0x0000,0x0000,0x0000,0x10c4,0x10c4,0x18e4,
  0x10e5,0x0909,0x09af,0x1af5,0x449a,0x85fc,0xae9c,0x85fc,0x345a,0x0295,0x014e,0x0887,0x1084,0x10a3,0x10a2,0x0000,
  0x0000,0x0000,0x0000,0x0000,0x0000,0x0000,0x0000,0x0000,0x0000,0x0000,0x0000,0x0000,0x0000,0x0000,0x0000,0x0000,
  0x0000,0x0000,0x0000,0x0000,0x0000,0x0000,0x0000,0x0000,0x0000,0x0000,0x0000,0x0000,0x0000,0x0000,0x0000,0x0000,
  0x0000,0x0000,0x08a4,0x08a6,0x090a,0x01d1,0x0af8,0x2c9d,0x663f,0x7eff,0x663e,0x34bc,0x1317,0x01b1,0x00ea,0x08c5,
  0x08a3,0x0862,0x0000,0x0000,0x0000,0x0000,0x0000,0x0000,0x0000,0x0000,0x0000,0x0000,0x0000,0x0000,0x0862,0x0884,
  0x08e8,0x014d,0x0254,0x13ba,0x3d3e,0x665f,0x7e9f,0x5dbe,0x243a,0x02b6,0x01b0,0x090a,0x08a6,0x0883,0x0000,0x0000,
  0x0000,0x0000,0x0000,0x0000,0x0000,0x0000,0x0000,0x0000,0x0000,0x0000,0x0000,0x0000,0x0000,0x0000,0x0000,0x0000,
  0x0000,0x0000,0x0000,0x0000,0x0000,0x0000,0x0000,0x0000,0x0000,0x0000,0x0000,0x0000,0x0000,0x0000,0x0000,0x0000,
  0x0000,0x0000,0x0000,0x08c5,0x08c5,0x08c6,0x08c7,0x114b,0x2a2f,0x3291,0x2a30,0x196c,0x10e8,0x08c5,0x08c5,0x08c5,
  0x0000,0x0000,0x0000,0x0000,0x0000,0x0000,0x0000,0x0000,0x0000,0x0000,0x0000,0x0000,0x0000,0x0000,0x0000,0x08c6,
  0x08c6,0x10e7,0x1108,0x1949,0x21ac,0x2a2f,0x2a50,0x19ee,0x114b,0x08c7,0x08c5,0x08c5,0x08c5,0x0000,0x0000,0x0000,
  0x0000,0x0000,0x0000,0x0000,0x0000,0x0000,0x0000,0x0000,0x0000,0x0000,0x0000,0x0000,0x0000,0x0000,0x0000,0x0000,
  0x0000,0x0000,0x0000,0x0000,0x0000,0x0000,0x0000,0x0000,0x0000,0x0000,0x0000,0x0000,0x0000,0x0000,0x0000,0x0000,
  0x0000,0x0000,0x0000,0x0000,0x0000,0x08a3,0x10c4,0x10e4,0x1905,0x1906,0x1905,0x10e5,0x08c4,0x08a4,0x0000,0x0000,
  0x0000,0x0000,0x0000,0x0000,0x0000,0x0000,0x0000,0x0000,0x0000,0x0000,0x0000,0x0000,0x0000,0x0000,0x0000,0x0000,
  0x0000,0x10a4,0x08a4,0x10c4,0x10e4,0x10e5,0x10e5,0x10e5,0x10c4,0x08c4,0x08a4,0x0000,0x0000,0x0000,0x0000,0x0000,
  0x0000,0x0000,0x0000,0x0000,0x0000,0x0000,0x0000,0x0000,0x0000,0x0000,0x0000,0x0000,0x0000,0x0000,0x0000,0x0000,
  0x0000,0x0000,0x0000,0x0000,0x0000,0x0000,0x0000,0x0000,0x0000,0x0000,0x0000,0x0000,0x0000,0x0000,0x0000,0x0000,
  0x0000,0x0000,0x0000,0x0000,0x0000,0x0000,0x0000,0x0000,0x0000,0x0000,0x0000,0x0000,0x0000,0x0000,0x0000,0x0000,
  0x0000,0x0000,0x0000,0x0000,0x0000,0x0000,0x0000,0x0000,0x0000,0x0000,0x0000,0x0000,0x0000,0x0000,0x0000,0x0000,
  0x0000,0x0000,0x0000,0x0000,0x0000,0x0000,0x0000,0x0000,0x0000,0x0000,0x0000,0x0000,0x0000,0x0000,0x0000,0x0000,
  0x0000,0x0000,0x0000,0x0000,0x0000,0x0000,0x0000,0x0000,0x0000,0x0000,0x0000,0x0000,0x0000,0x0000,0x0000,0x0000,
 },
 {
  0x0000,0x0000,0x0000,0x0000,0x0000,0x0000,0x0000,0x0000,0x0000,0x0000,0x0000,0x0000,0x0000,0x0000,0x0000,0x0000,
  0x0000,0x0000,0x0000,0x0000,0x0000,0x0000,0x0000,0x0000,0x0000,0x0000,0x0000,0x0000,0x0000,0x0000,0x0000,0x0000,
  0x0000,0x0000,0x0000,0x0000,0x0000,0x0000,0x0000,0x0000,0x0000,0x0000,0x0000,0x0000,0x0000,0x0000,0x0000,0x0000,
  0x0000,0x0000,0x0000,0x0000,0x0000,0x0000,0x0000,0x0000,0x0000,0x0000,0x0000,0x0000,0x0000,0x0000,0x0000,0x0000,
  0x0000,0x0000,0x0000,0x0000,0x0000,0x0000,0x0000,0x0000,0x0000,0x0000,0x0000,0x0000,0x0000,0x0000,0x0000,0x0000,
  0x0000,0x0000,0x0000,0x0000,0x0000,0x0000,0x0000,0x0000,0x0000,0x0000,0x0000,0x0000,0x0000,0x0000,0x0000,0x0000,
  0x0000,0x0000,0x0000,0x0000,0x0000,0x0000,0x0000,0x0000,0x0000,0x0000,0x0000,0x0000,0x0000,0x0000,0x0000,0x0000,
  0x0000,0x0000,0x0000,0x0000,0x0000,0x0000,0x0000,0x52ec,0x52ab,0x528b,0x0000,0x0000,0x0000,0x0000,0x0000,0x0000,
  0x0000,0x0000,0x0000,0x0000,0x0000,0x0000,0x0000,0x0000,0x0000,0x0000,0x0000,0x0000,0x0000,0x0000,0x0000,0x0000,
  0x0000,0x0000,0x0000,0x0000,0x0000,0x0000,0x0000,0x0000,0x0000,0x0000,0x0000,0x0000,0x0000,0x0000,0x0000,0x0000,
  0x0000,0x0000,0x0000,0x0000,0x0000,0x0000,0x0000,0x0000,0x0000,0x0000,0x0000,0x0000,0x0000,0x0000,0x0000,0x0000,
  0x0000,0x0000,0x0000,0x0000,0x0000,0x0000,0x0000,0x0000,0x0000,0x0000,0x0000,0x0000,0x0000,0x0000,0x0000,0x0000,
  0x0000,0x0000,0x0000,0x0000,0x0000,0x0000,0x7bf0,0x9493,0x9d15,0x8c52,0x0000,0x0000,0x0000,0x0000,0x0000,0x0000,
  0x0000,0x0000,0x0000,0x0000,0x0000,0x0000,0x0000,0x0000,0x0000,0x0000,0x0000,0x0000,0x0000,0x0000,0x0000,0x0000,
  0x0000,0x0000,0x0000,0x0000,0x0000,0x0000,0x0000,0x0000,0x0000,0x0000,0x0000,0x0000,0x0000,0x0000,0x0000,0x0000,
  0x0000,0x0000,0x0000,0x0000,0x0000,0x0000,0x0000,0x0000,0x0000,0x0000,0x0000,0x0000,0x0000,0x0000,0x0000,0x0000,
  0x0000,0x0000,0x0000,0x0000,0x0000,0x0000,0x0000,0x0000,0x0000,0x0000,0x0000,0x0000,0x0000,0x0000,0x0000,0x0000,
  0x0000,0x0000,0x0000,0x0000,0x0000,0x73b0,0xa576,0xce9b,0xce9b,0xa556,0x6b6e,0x2946,0x0000,0x0000,0x0000,0x0000,
  0x0000,0x0000,0x0000,0x0000,0x0000,0x0000,0x0000,0x0000,0x0000,0x0000,0x0000,0x0000,0x0000,0x0000,0x0000,0x0000,
  0x0000,0x0000,0x0000,0x0000,0x0000,0x0000,0x0000,0x0000,0x0000,0x0000,0x0000,0x0000,0x0000,0x0000,0x0000,0x0000,
  0x0000,0x0000,0x0000,0x0000,0x0000,0x0000,0x0000,0x0000,0x0000,0x0000,0x0000,0x0000,0x0000,0x0000,0x0000,0x0000,
  0x0000,0x0000,0x0000,0x0000,0x0000,0x0000,0x0000,0x0000,0x0000,0x0000,0x0000,0x0000,0x0000,0x0000,0x0000,0x0000,
  0x0000,0x0000,0x0000,0x0000,0x424b,0x8452,0xc67a,0xf79f,0xef9e,0xc638,0x8451,0x4a8b,0x2166,0x0000,0x0000,0x0000,
  0x0000,0x0000,0x0000,0x0000,0x0000,0x0000,0x0000,0x0000,0x0000,0x0000,0x0000,0x0000,0x0000,0x0000,0x0000,0x0000,
  0x0000,0x0000,0x0000,0x0000,0x0000,0x0000,0x0000,0x0000,0x0000,0x0000,0x0000,0x0000,0x0000,0x0000,0x0000,0x0000,
  0x0000,0x0000,0x0000,0x0000,0x0000,0x0000,0x0000,0x0000,0x0000,0x0000,0x0000,0x0000,0x0000,0x0000,0x0000,0x0000,
  0x0000,0x0000,0x0000,0x0000,0x0000,0x0000,0x0000,0x0000,0x0000,0x0000,0x0000,0x0000,0x0000,0x0000,0x0000,0x0000,
  0x0000,0x0000,0x0000,0x73cf,0x8451,0x8cb3,0x8452,0x73d0,0x636f,0x6bb0,0x8c72,0x94b3,0x7bf0,0x0000,0x0000,0x0000,
  0x0000,0x0000,0x0000,0x0000,0x0000,0x0000,0x0000,0x0000,0x0000,0x0000,0x0000,0x0000,0x0000,0x0000,0x0000,0x0000,
  0x0000,0x0000,0x0000,0x0000,0x0000,0x0000,0x0000,0x0000,0x0000,0x0000,0x0000,0x0000,0x0000,0x0000,0x0000,0x0000,
  0x0000,0x0000,0x0000,0x0000,0x0000,0x0000,0x0000,0x0000,0x0000,0x0000,0x0000,0x0000,0x0000,0x0000,0x0000,0x0000,
  0x0000,0x0000,0x0000,0x0000,0x0000,0x0000,0x0000,0x0000,0x0000,0x0000,0x0000,0x0000,0x0000,0x0000,0x0000,0x0000,
  0x0000,0x0000,0x5aab,0x9451,0xad14,0x8d15,0x4c14,0x1b33,0x0292,0x1ab1,0x5371,0x83f0,0x7b8e,0x528a,0x0000,0x0000,
  0x0000,0x0000,0x0000,0x0000,0x0000,0x0000,0x0000,0x0000,0x0000,0x0000,0x0000,0x0000,0x0000,0x0000,0x0000,0x0000,
  0x0000,0x0000,0x0000,0x0000,0x0000,0x0000,0x0000,0x0000,0x0000,0x0000,0x0000,0x0000,0x0000,0x0000,0x0000,0x0000,
  0x0000,0x0000,0x0000,0x0000,0x0000,0x0000,0x0000,0x0000,0x0000,0x0000,0x0000,0x0000,0x0000,0x0000,0x0000,0x0000,
  0x0000,0x0000,0x0000,0x0000,0x0000,0x0000,0x0000,0x0000,0x0000,0x0000,0x0000,0x0000,0x0000,0x0000,0x0000,0x0000,
  0x0000,0x3a29,0x5aeb,0x7bae,0x8411,0x5bd3,0x2b55,0x1316,0x1316,0x22d4,0x3270,0x3a2c,0x4a6a,0x528a,0x4aab,0x0000,
  0x0000,0x0000,0x0000,0x0000,0x0000,0x0000,0x0000,0x0000,0x0000,0x0000,0x0000,0x0000,0x0000,0x0000,0x0000,0x0000,
  0x0000,0x0000,0x0000,0x0000,0x0000,0x0000,0x0000,0x0000,0x0000,0x0000,0x0000,0x0000,0x0000,0x0000,0x0000,0x0000,
  0x0000,0x0000,0x0000,0x0000,0x0000,0x0000,0x0000,0x0000,0x0000,0x0000,0x0000,0x0000,0x0000,0x0000,0x0000,0x0000,
  0x0000,0x0000,0x0000,0x0000,0x0000,0x0000,0x0000,0x0000,0x0000,0x0000,0x0000,0x0000,0x0000,0x0000,0x0000,0x0000,
  0x0000,0x630d,0x6b6e,0x738e,0x5b2f,0x32b1,0x0a14,0x01d7,0x01d9,0x01f7,0x11d2,0x29ed,0x4aac,0x634d,0x632d,0x0000,
  0x0000,0x0000,0x0000,0x0000,0x0000,0x0000,0x0000,0x0000,0x0000,0x0000,0x0000,0x0000,0x0000,0x0000,0x0000,0x0000,
  0x0000,0x0000,0x0000,0x0000,0x0000,0x0000,0x0000,0x0000,0x0000,0x0000,0x0000,0x0000,0x0000,0x0000,0x0000,0x0000,
  0x0000,0x0000,0x0000,0x0000,0x0000,0x0000,0x0000,0x0000,0x0000,0x0000,0x0000,0x0000,0x0000,0x0000,0x0000,0x0000,
  0x0000,0x0000,0x0000,0x0000,0x0000,0x0000,0x0000,0x0000,0x0000,0x0000,0x0000,0x0000,0x0000,0x0000,0x0000,0x0000,
  0x0000,0x73ae,0x73af,0x4ace,0x2a0e,0x2a51,0x3b14,0x5bd6,0x7417,0x6374,0x31f0,0x090c,0x29cd,0x634f,0x7bcf,0x630b,
  0x0000,0x0000,0x0000,0x0000,0x0000,0x0000,0x0000,0x0000,0x0000,0x0000,0x0000,0x0000,0x0000,0x0000,0x0000,0x0000,
  0x0000,0x0000,0x0000,0x0000,0x0000,0x0000,0x0000,0x0000,0x0000,0x0000,0x0000,0x0000,0x0000,0x0000,0x0000,0x0000,
  0x0000,0x0000,0x0000,0x0000,0x0000,0x0000,0x0000,0x0000,0x0000,0x0000,0x0000,0x0000,0x0000,0x0000,0x0000,0x0000,
  0x0000,0x0000,0x0000,0x0000,0x0000,0x0000,0x0000,0x0000,0x0000,0x0000,0x0000,0x0000,0x0000,0x0000,0x0000,0x0000,
  0x62eb,0x7bce,0x634f,0x320d,0x21ee,0x5bd5,0xae3c,0xdfbe,0xe7bc,0xb638,0x5bb2,0x19ad,0x21ad,0x52cf,0x6b4e,0x52ab,
  0x0000,0x0000,0x0000,0x0000,0x0000,0x0000,0x0000,0x0000,0x0000,0x0000,0x0000,0x0000,0x0000,0x0000,0x0000,0x0000,
  0x0000,0x0000,0x0000,0x0000,0x0000,0x0000,0x0000,0x0000,0x0000,0x0000,0x0000,0x0000,0x0000,0x0000,0x0000,0x0000,
  0x0000,0x0000,0x0000,0x0000,0x0000,0x0000,0x0000,0x0000,0x0000,0x0000,0x0000,0x0000,0x0000,0x0000,0x0000,0x0000,
  0x0000,0x0000,0x0000,0x0000,0x0000,0x0000,0x0000,0x0000,0x0000,0x0000,0x0000,0x0000,0x0000,0x0000,0x0000,0x1904,
  0x39e8,0x5acc,0x530f,0x42f1,0x53b4,0x9579,0xe75e,0xffff,0xfffe,0xcefb,0x9557,0x5bd3,0x3aaf,0x3a4d,0x422b,0x39c8,
  0x31a7,0x0000,0x0000,0x0000,0x0000,0x0000,0x0000,0x0000,0x0000,0x0000,0x0000,0x0000,0x0000,0x0000,0x0000,0x0000,
  0x0000,0x0000,0x0000,0x0000,0x0000,0x0000,0x0000,0x0000,0x0000,0x0000,0x0000,0x0000,0x0000,0x0000,0x0000,0x0000,
  0x0000,0x0000,0x0000,0x0000,0x0000,0x0000,0x0000,0x0000,0x0000,0x0000,0x0000,0x0000,0x0000,0x0000,0x0000,0x0000,
  0x0000,0x0000,0x0000,0x0000,0x0000,0x0000,0x0000,0x0000,0x0000,0x0000,0x0000,0x0000,0x0000,0x0000,0x0000,0x3186,
  0x31c8,0x3a2c,0x3a6e,0x3ad1,0x63f4,0xa5d9,0xef9e,0xffff,0xffff,0xef7e,0xb619,0x7c74,0x5311,0x3a6e,0x3a0c,0x31c9,
  0x31a7,0x0000,0x0000,0x0000,0x0000,0x0000,0x0000,0x0000,0x0000,0x0000,0x0000,0x0000,0x0000,0x0000,0x0000,0x0000,
  0x0000,0x0000,0x0000,0x0000,0x0000,0x0000,0x0000,0x0000,0x0000,0x0000,0x0000,0x0000,0x0000,0x0000,0x0000,0x0000,
  0x0000,0x0000,0x0000,0x0000,0x0000,0x0000,0x0000,0x0000,0x0000,0x0000,0x0000,0x0000,0x0000,0x0000,0x0000,0x0000,
  0x0000,0x0000,0x0000,0x0000,0x0000,0x0000,0x0000,0x0000,0x0000,0x0000,0x0000,0x0000,0x0000,0x0000,0x2985,0x3186,
  0x31c9,0x3a4c,0x4af0,0x63d3,0x84d6,0xadd8,0xce9a,0xdeba,0xce39,0xb5b7,0xa535,0x8493,0x6371,0x3a4e,0x298b,0x2969,
  0x2987,0x2966,0x2945,0x0000,0x0000,0x0000,0x0000,0x0000,0x0000,0x0000,0x0000,0x0000,0x0000,0x0000,0x0000,0x0000,
  0x0000,0x0000,0x0000,0x0000,0x0000,0x0000,0x0000,0x0000,0x0000,0x0000,0x0000,0x0000,0x0000,0x0000,0x0000,0x0000,
  0x0000,0x0000,0x0000,0x0000,0x0000,0x0000,0x0000,0x0000,0x0000,0x0000,0x0000,0x0000,0x0000,0x0000,0x0000,0x0000,
  0x0000,0x0000,0x0000,0x0000,0x0000,0x0000,0x0000,0x0000,0x0000,0x0000,0x0000,0x52cb,0x632d,0x632d,0x52aa,0x31c7,
  0x1906,0x1108,0x218b,0x428f,0x6b70,0x93ee,0xabea,0xbbc7,0xbb86,0xb367,0x9b49,0x730b,0x4a4b,0x216a,0x08e8,0x10c6,
  0x2967,0x4a49,0x630c,0x632d,0x52ab,0x0000,0x0000,0x0000,0x0000,0x0000,0x0000,0x0000,0x0000,0x0000,0x0000,0x0000,
  0x0000,0x0000,0x0000,0x0000,0x0000,0x0000,0x0000,0x0000,0x0000,0x0000,0x0000,0x0000,0x0000,0x0000,0x0000,0x0000,
  0x0000,0x0000,0x0000,0x0000,0x0000,0x0000,0x0000,0x0000,0x0000,0x0000,0x0000,0x0000,0x0000,0x0000,0x0000,0x0000,
  0x0000,0x0000,0x0000,0x0000,0x0000,0x0000,0x0000,0x0000,0x0000,0x320a,0x530e,0x8cb4,0xb5d8,0xb596,0x7bcf,0x3a09,
  0x1989,0x19ac,0x194b,0x28c6,0x5964,0xa327,0xe54b,0xfeee,0xff2e,0xf5ca,0xbb64,0x7941,0x4084,0x190a,0x116c,0x1149,
  0x31a8,0x734d,0xa514,0xad96,0x94d4,0x636f,0x3a6b,0x0000,0x0000,0x0000,0x0000,0x0000,0x0000,0x0000,0x0000,0x0000,
  0x0000,0x0000,0x0000,0x0000,0x0000,0x0000,0x0000,0x0000,0x0000,0x0000,0x0000,0x0000,0x0000,0x0000,0x0000,0x0000,
  0x0000,0x0000,0x0000,0x0000,0x0000,0x0000,0x0000,0x0000,0x0000,0x0000,0x0000,0x0000,0x0000,0x0000,0x0000,0x0000,
  0x0000,0x0000,0x0000,0x0000,0x0000,0x0000,0x0000,0x010c,0x014e,0x11d1,0x4314,0x9519,0xce7b,0xc617,0x8c2f,0x4229,
  0x118b,0x09ae,0x192b,0x40a4,0x8161,0xc3a8,0xf60f,0xff51,0xfeec,0xf545,0xd341,0xa180,0x60c4,0x292a,0x116c,0x116a,
  0x3a09,0x7b8d,0xad54,0xbdf7,0x9557,0x5bd4,0x2272,0x016f,0x00ec,0x0000,0x0000,0x0000,0x0000,0x0000,0x0000,0x0000,
  0x0000,0x0000,0x0000,0x0000,0x0000,0x0000,0x0000,0x0000,0x0000,0x0000,0x0000,0x0000,0x0000,0x0000,0x0000,0x0000,
  0x0000,0x0000,0x0000,0x0000,0x0000,0x0000,0x0000,0x0000,0x0000,0x0000,0x0000,0x0000,0x0000,0x0000,0x0000,0x0000,
  0x0000,0x0000,0x0000,0x0000,0x0000,0x18e3,0x1106,0x116a,0x2a2e,0x4b32,0x7455,0x9d37,0xa556,0x94b2,0x6b6d,0x4249,
  0x29ea,0x29eb,0x3968,0x58c3,0x8961,0xc344,0xf569,0xfe29,0xfda5,0xfc40,0xe2e0,0xb9c0,0x8142,0x4945,0x2967,0x2168,
  0x39e8,0x5aec,0x8410,0x9cf4,0x9d15,0x8475,0x5b74,0x3270,0x198c,0x1108,0x18e4,0x0000,0x0000,0x0000,0x0000,0x0000,
  0x0000,0x0000,0x0000,0x0000,0x0000,0x0000,0x0000,0x0000,0x0000,0x0000,0x0000,0x0000,0x0000,0x0000,0x0000,0x0000,
  0x0000,0x0000,0x0000,0x0000,0x0000,0x0000,0x0000,0x0000,0x0000,0x0000,0x0000,0x0000,0x0000,0x0000,0x0000,0x0000,
  0x0000,0x0000,0x0000,0x0000,0x4aac,0x6b90,0x9d15,0xc658,0xdefb,0xc69b,0x9d99,0x7496,0x63b2,0x4b0e,0x428b,0x428b,
  0x5b2d,0x6b6f,0x7acb,0x81a4,0xa160,0xcac0,0xf463,0xfd04,0xfc82,0xf360,0xda60,0xc1c0,0x99a3,0x7a27,0x5a6a,0x4a6a,
  0x4229,0x3a29,0x428b,0x5b2e,0x7433,0x9d58,0xc67c,0xd6fc,0xc639,0x9cf5,0x6b8f,0x4a8b,0x39e8,0x0000,0x0000,0x0000,
  0x0000,0x0000,0x0000,0x0000,0x0000,0x0000,0x0000,0x0000,0x0000,0x0000,0x0000,0x0000,0x0000,0x0000,0x0000,0x0000,
  0x0000,0x0000,0x0000,0x0000,0x0000,0x0000,0x0000,0x0000,0x0000,0x0000,0x0000,0x0000,0x0000,0x0000,0x0000,0x0000,
  0x0000,0x0000,0x424b,0x6350,0x9cf6,0xce5b,0xef3c,0xef1a,0xd6b8,0xbe39,0x8d39,0x5bf5,0x32b0,0x222d,0x324b,0x530c,
  0x6baf,0x83ef,0x934c,0xa224,0xb9c0,0xdaa0,0xf3e1,0xfc62,0xfc02,0xf360,0xeaa0,0xda40,0xba43,0x92a8,0x7b0c,0x6b4e,
  0x5b0d,0x3a2a,0x2189,0x21ca,0x42f0,0x7475,0xa598,0xce59,0xe6da,0xe6fc,0xc63a,0xa537,0x73f2,0x52cd,0x31c9,0x0000,
  0x0000,0x0000,0x0000,0x0000,0x0000,0x0000,0x0000,0x0000,0x0000,0x0000,0x0000,0x0000,0x0000,0x0000,0x0000,0x0000,
  0x0000,0x0000,0x0000,0x0000,0x0000,0x0000,0x0000,0x0000,0x1a31,0x1a93,0x1a72,0x1a0f,0x0000,0x0000,0x0000,0x39e7,
  0x4a8b,0x73f2,0xadb9,0xd6fe,0xe75e,0xdf1b,0xded8,0xd697,0xc658,0xa5d9,0x7cf8,0x5393,0x324d,0x29a9,0x39c8,0x52aa,
  0x738f,0x8c11,0xa3ce,0xbae5,0xd260,0xeb20,0xfc21,0xfca3,0xfc83,0xfc21,0xfb80,0xeb00,0xcac3,0x9ae9,0x832d,0x738f,
  0x5b2e,0x3a29,0x1925,0x2146,0x4a8c,0x7c33,0xa556,0xc617,0xd677,0xde97,0xe6d9,0xf73c,0xef3c,0xc619,0x8c94,0x5b0e,
  0x3a2a,0x0000,0x0000,0x0000,0x220d,0x1a72,0x1274,0x1212,0x0000,0x0000,0x0000,0x0000,0x0000,0x0000,0x0000,0x0000,
  0x0000,0x0000,0x0000,0x0000,0x0000,0x0000,0x0000,0x11ae,0x1ad6,0x2359,0x1ab4,0x114b,0x0044,0x0045,0x218b,0x6371,
  0xad98,0xdf1d,0xefbf,0xe79f,0xdf7d,0xd71c,0xdf1b,0xdf3b,0xdf1c,0xce9c,0xa579,0x73f3,0x424c,0x2147,0x2105,0x39e8,
  0x6b90,0x9cd6,0xb4b3,0xbb6a,0xc2c2,0xdba0,0xfce2,0xfd83,0xfd63,0xfca2,0xeba0,0xd301,0xc347,0xa3ee,0x8c32,0x7bf1,
  0x5aec,0x31c7,0x1905,0x2147,0x52ce,0x8c96,0xb5fa,0xd6bb,0xe71b,0xe71a,0xe71a,0xe71b,0xe73d,0xef5d,0xdefc,0xb5d8,
  0x7413,0x324d,0x08e6,0x0043,0x08e7,0x11f0,0x1ab7,0x1a76,0x11b1,0x090d,0x0000,0x0000,0x0000,0x0000,0x0000,0x0000,
  0x0000,0x0000,0x0000,0x0000,0x0000,0x0000,0x11d0,0x2a74,0x3b17,0x3b17,0x2a33,0x090e,0x008d,0x0130,0x3ad4,0x8cf9,
  0xd6dc,0xf79d,0xef5d,0xdf1d,0xe75d,0xef7d,0xdedb,0xbdb6,0x94b3,0x7bb0,0x630e,0x4a6c,0x3a0a,0x2987,0x2125,0x29c7,
  0x5b8f,0x9557,0xa556,0xa40e,0xab67,0xcc66,0xf609,0xff0a,0xff0a,0xfe08,0xdc44,0xc303,0xb369,0xa492,0x8cf6,0x6bf2,
  0x4a8c,0x29a8,0x2167,0x2147,0x31aa,0x4a4d,0x632f,0x8412,0xad56,0xd69a,0xe73d,0xdefd,0xd6bc,0xdefc,0xf75c,0xdedb,
  0x9d78,0x4b74,0x11d0,0x00ee,0x0130,0x1a53,0x2b37,0x2b39,0x1a78,0x09b3,0x090d,0x0000,0x0000,0x0000,0x0000,0x0000,
  0x0000,0x0000,0x0000,0x0000,0x00a9,0x092e,0x11d4,0x1a78,0x2af8,0x22d7,0x1214,0x0152,0x0131,0x1a32,0x53b5,0x9d78,
  0xdedb,0xf7bd,0xef9e,0xdefc,0xc638,0xa514,0x6bb2,0x2a92,0x0214,0x0235,0x0a54,0x11cf,0x1108,0x10a4,0x1904,0x3a29,
  0x6bef,0xa596,0xc67a,0xce59,0xbd95,0xb4af,0xac09,0xa3c6,0xac06,0xb448,0xb44c,0xb490,0xbd14,0xbd76,0x9d15,0x73b0,
  0x422a,0x2104,0x1083,0x10e6,0x11ad,0x0a52,0x0233,0x0212,0x2271,0x63b2,0xa515,0xce5a,0xe73d,0xffff,0xffff,0xef5c,
  0xb5d8,0x6414,0x2ab3,0x09f4,0x01f6,0x0a57,0x1ad9,0x1b1b,0x12db,0x0a37,0x096f,0x08c9,0x0000,0x0000,0x0000,0x0000,
  0x0000,0x0000,0x0000,0x0000,0x00ab,0x0991,0x0a78,0x131b,0x133a,0x12b6,0x0a13,0x01b2,0x0191,0x1a11,0x4b73,0x9517,
  0xd6bb,0xffde,0xffff,0xd6db,0x94d4,0x52cd,0x19ad,0x0191,0x01d5,0x0a35,0x1213,0x098f,0x00eb,0x0088,0x10e7,0x39e9,
  0x6b4d,0x9cd3,0xce38,0xe73d,0xe75e,0xd6fc,0xc639,0xbdb6,0xb596,0xc619,0xd6fd,0xdf5e,0xdedb,0xc574,0xa42e,0x7b2b,
  0x4a49,0x2147,0x00a6,0x00e9,0x09af,0x1274,0x12d6,0x0a95,0x09f1,0x11ad,0x3a6d,0x8453,0xce7a,0xffdf,0xffff,0xe71c,
  0xadb7,0x6c13,0x32b3,0x09f4,0x01f5,0x0a35,0x1296,0x12d9,0x0a9b,0x0218,0x0173,0x00cc,0x0000,0x0000,0x0000,0x0000,
  0x0000,0x0000,0x0000,0x00ab,0x00ee,0x09b4,0x1298,0x135b,0x137b,0x0b19,0x0277,0x01b6,0x0153,0x0991,0x32d1,0x84b5,
  0xce79,0xef3c,0xdebb,0xa536,0x5b2e,0x2987,0x10e5,0x1947,0x31c9,0x31e8,0x29a7,0x1926,0x08c6,0x08a5,0x1107,0x31c9,
  0x5acd,0x83f1,0xb536,0xd67a,0xe71d,0xef3d,0xe71d,0xe6fc,0xe6fc,0xef3d,0xef7e,0xef5d,0xdedb,0xb597,0x8c52,0x632f,
  0x3a0b,0x1928,0x0086,0x08a5,0x1926,0x31c8,0x3a2a,0x320a,0x1947,0x08c5,0x10e5,0x3a0a,0x7bf1,0xbdd8,0xdefc,0xd6bb,
  0xa576,0x5bb2,0x2252,0x01b6,0x0218,0x02f7,0x13d7,0x13d9,0x0b3a,0x0a78,0x01d5,0x012f,0x00cb,0x0000,0x0000,0x0000,
  0x0000,0x0000,0x0000,0x08cb,0x092e,0x09f3,0x0ab6,0x0319,0x031b,0x02fb,0x235b,0x53fb,0x7458,0x8c96,0x9d15,0xbdf8,
  0xce5a,0xb597,0x7bf1,0x4a4a,0x2946,0x2105,0x3186,0x4a28,0x5acb,0x5acb,0x4a69,0x39c7,0x2945,0x18c2,0x10a2,0x1904,
  0x39c8,0x632e,0x9cd4,0xce58,0xef3b,0xf77c,0xe73d,0xdefd,0xdefc,0xe71d,0xef5d,0xe71c,0xce78,0xad33,0x7bcd,0x4a49,
  0x2946,0x18c4,0x18e3,0x2945,0x39e7,0x4a69,0x5aaa,0x5289,0x4208,0x3186,0x2104,0x18c3,0x2966,0x630d,0xa515,0xc65a,
  0xbe38,0x9d96,0x8cf7,0x749a,0x5c3b,0x2bda,0x0b99,0x0359,0x02f9,0x0277,0x09f5,0x0951,0x090c,0x00c8,0x0000,0x0000,
  0x0000,0x0000,0x0000,0x010e,0x0151,0x0216,0x1b18,0x3c3b,0x6d3c,0xa61c,0xd6fd,0xf79d,0xef3b,0xc638,0xa556,0x9d37,
  0x9cf6,0x7bd1,0x4209,0x18c4,0x10a3,0x2145,0x4249,0x632d,0x73d0,0x7bf0,0x6b6e,0x52ab,0x39e8,0x1904,0x0861,0x0862,
  0x1905,0x426c,0x7c12,0xadb8,0xd6db,0xe75d,0xef5d,0xe73c,0xe71c,0xe73d,0xef5d,0xdefc,0xbdf8,0x8431,0x4a8b,0x2945,
  0x10a3,0x10a3,0x2125,0x4229,0x5b2d,0x73d0,0x7c10,0x73cf,0x630c,0x4209,0x2105,0x0842,0x0862,0x2987,0x6b6e,0x8cd4,
  0x9555,0x9d96,0xbe38,0xdefb,0xef3c,0xdedd,0xbe3c,0x8d39,0x5c37,0x2af6,0x11f6,0x0154,0x0110,0x010d,0x0000,0x0000,
  0x0000,0x0088,0x00aa,0x010d,0x1a12,0x6418,0xbe3b,0xf79d,0xffde,0xef7d,0xe75d,0xdf3d,0xcebb,0xb5d9,0x94f6,0x7413,
  0x5b2f,0x3a2a,0x2125,0x10a2,0x1082,0x18e3,0x2945,0x31c7,0x3a08,0x4228,0x3a08,0x31a7,0x2125,0x18c3,0x10a2,0x10a2,
  0x10a3,0x2166,0x5b0d,0x9d36,0xd6dc,0xef7e,0xe75d,0xe71c,0xdf1c,0xe75d,0xefbf,0xe75e,0xb5d9,0x6b90,0x29a8,0x10a4,
  0x0862,0x1082,0x18e4,0x31a7,0x4229,0x4a8a,0x4a8a,0x4249,0x31c7,0x2145,0x10c4,0x0862,0x0882,0x1904,0x31e8,0x52ec,
  0x63ef,0x84d3,0xa5b7,0xc69a,0xdf1c,0xe75d,0xf79e,0xffff,0xfffe,0xd6dc,0x84d8,0x32b3,0x096f,0x00ec,0x00cb,0x0000,
  0x0000,0x0002,0x10c5,0x422b,0x8432,0xbe18,0xdedb,0xd6db,0xbe19,0x9d16,0x8453,0x73d1,0x634f,0x52cd,0x424a,0x31a8,
  0x2146,0x18e4,0x18e3,0x18c3,0x10a3,0x18c4,0x29a7,0x42ca,0x5bad,0x63ee,0x5b6d,0x428a,0x2986,0x18c4,0x10a3,0x1082,
  0x0861,0x10a2,0x39e8,0x7bd0,0x9cf4,0x94b3,0x73b0,0x5aed,0x5acc,0x634e,0x7c11,0x8c73,0x73d0,0x4a6b,0x2925,0x10a3,
  0x0882,0x0882,0x18e4,0x31e8,0x530c,0x6bef,0x7430,0x63ae,0x4aab,0x29a7,0x18e4,0x10a3,0x18c4,0x18c4,0x18c4,0x18e4,
  0x2166,0x31e9,0x426b,0x5b0e,0x73b0,0x8453,0x9d16,0xbe19,0xd6bc,0xd6dc,0xc619,0x8c93,0x52ad,0x2168,0x08a5,0x0000,
  0x0000,0x2125,0x3187,0x4a6a,0x630e,0x5aed,0x422a,0x2988,0x2967,0x2967,0x2967,0x2126,0x2126,0x2105,0x18e4,0x10a3,
  0x0882,0x1082,0x18c3,0x18e4,0x1905,0x2147,0x3a09,0x52ec,0x6b8e,0x6bae,0x634c,0x4a6a,0x2966,0x18e4,0x18c4,0x18e4,
  0x10a2,0x0862,0x10a3,0x2145,0x31a8,0x31a8,0x2968,0x2147,0x1926,0x1926,0x1927,0x2127,0x1905,0x18c4,0x10a3,0x10c3,
  0x10e4,0x1905,0x2146,0x31e8,0x4acb,0x534d,0x5b6d,0x530c,0x426a,0x29a7,0x2145,0x1905,0x1905,0x18c4,0x0882,0x0862,
  0x0862,0x10a3,0x10c4,0x18c5,0x1905,0x2126,0x2967,0x2947,0x2967,0x39ea,0x52ad,0x5aee,0x4a6c,0x39e9,0x2987,0x0000,
  0x0000,0x10c4,0x10a4,0x10a4,0x10a3,0x0883,0x0000,0x0000,0x0000,0x0000,0x0000,0x0000,0x0000,0x0000,0x0000,0x0000,
  0x0882,0x0862,0x10a3,0x18c4,0x1905,0x2987,0x422a,0x5aec,0x6b6e,0x73af,0x6b4d,0x4a6a,0x2966,0x18e5,0x18e5,0x2105,
  0x18e4,0x0883,0x0862,0x10a3,0x2105,0x2988,0x31c9,0x39ea,0x31ea,0x31c9,0x2988,0x1926,0x10c4,0x0862,0x0862,0x10c4,
  0x1925,0x1925,0x2145,0x31c7,0x4aaa,0x5b6c,0x638d,0x5b2d,0x4a8b,0x31c8,0x2126,0x1905,0x1905,0x18e4,0x10a3,0x0882,
  0x0000,0x0000,0x0000,0x0000,0x0000,0x0000,0x0000,0x0000,0x0000,0x0000,0x0041,0x0862,0x0883,0x10a3,0x0000,0x0000,
  0x0000,0x0000,0x0000,0x0000,0x0000,0x0000,0x0000,0x0000,0x0000,0x0000,0x0000,0x0000,0x0000,0x0000,0x0000,0x0000,
  0x0862,0x1083,0x18c4,0x1905,0x2105,0x2946,0x4209,0x630c,0x7baf,0x7bcf,0x6b6e,0x52ab,0x39e8,0x2966,0x2125,0x1905,
  0x10c3,0x0862,0x0842,0x0000,0x0000,0x0000,0x0000,0x0000,0x0000,0x0000,0x0000,0x0000,0x0000,0x0883,0x0882,0x10c3,
  0x18e4,0x18e4,0x2105,0x2987,0x422a,0x52cd,0x5b0e,0x5b0d,0x528b,0x39c8,0x2945,0x1904,0x18e4,0x10a3,0x0862,0x0841,
  0x0000,0x0000,0x0000,0x0000,0x0000,0x0000,0x0000,0x0000,0x0000,0x0000,0x0000,0x0000,0x0000,0x0000,0x0000,0x0000,
  0x0000,0x0000,0x0000,0x0000,0x0000,0x0000,0x0000,0x0000,0x0000,0x0000,0x0000,0x0000,0x0000,0x0000,0x0000,0x0000,
  0x10c4,0x10c3,0x18e3,0x18c4,0x10c6,0x090a,0x19ef,0x3b34,0x5c57,0x7518,0x7cf7,0x53f5,0x2292,0x096d,0x08e8,0x10a4,
  0x1062,0x0861,0x0862,0x0000,0x0000,0x0000,0x0000,0x0000,0x0000,0x0000,0x0000,0x0000,0x0000,0x10a3,0x1083,0x10a2,
  0x10a3,0x0886,0x00ca,0x19d0,0x3b55,0x64b8,0x757a,0x7539,0x5436,0x22d3,0x016d,0x00c8,0x08a4,0x10a2,0x1082,0x08a3,
  0x0000,0x0000,0x0000,0x0000,0x0000,0x0000,0x0000,0x0000,0x0000,0x0000,0x0000,0x0000,0x0000,0x0000,0x0000,0x0000,
  0x0000,0x0000,0x0000,0x0000,0x0000,0x0000,0x0000,0x0000,0x0000,0x0000,0x0000,0x0000,0x0000,0x0000,0x0000,0x0000,
  0x0000,0x0000,0x1083,0x08a5,0x010a,0x01d1,0x12f7,0x343b,0x5d3d,0x75fe,0x75dd,0x54fc,0x2399,0x0234,0x014d,0x08e8,
  0x1084,0x0863,0x0000,0x0000,0x0000,0x0000,0x0000,0x0000,0x0000,0x0000,0x0000,0x0000,0x0000,0x0000,0x10a3,0x1083,
  0x08a4,0x00c9,0x0150,0x0a96,0x341a,0x5d3c,0x6dbd,0x655c,0x445a,0x1b17,0x01f2,0x012d,0x0908,0x10e6,0x10c4,0x0000,
  0x0000,0x0000,0x0000,0x0000,0x0000,0x0000,0x0000,0x0000,0x0000,0x0000,0x0000,0x0000,0x0000,0x0000,0x0000,0x0000,
  0x0000,0x0000,0x0000,0x0000,0x0000,0x0000,0x0000,0x0000,0x0000,0x0000,0x0000,0x0000,0x0000,0x0000,0x0000,0x0000,
  0x0000,0x0000,0x0000,0x10e6,0x08a5,0x0886,0x10c7,0x1929,0x29aa,0x320b,0x31eb,0x2148,0x0885,0x0044,0x08a5,0x1906,
  0x1947,0x0000,0x0000,0x0000,0x0000,0x0000,0x0000,0x0000,0x0000,0x0000,0x0000,0x0000,0x0000,0x0000,0x0000,0x0000,
  0x10c5,0x0884,0x0043,0x0885,0x1107,0x21aa,0x29eb,0x29ca,0x1927,0x0884,0x0042,0x08a4,0x1106,0x1968,0x0000,0x0000,
  0x0000,0x0000,0x0000,0x0000,0x0000,0x0000,0x0000,0x0000,0x0000,0x0000,0x0000,0x0000,0x0000,0x0000,0x0000,0x0000,
  0x0000,0x0000,0x0000,0x0000,0x0000,0x0000,0x0000,0x0000,0x0000,0x0000,0x0000,0x0000,0x0000,0x0000,0x0000,0x0000,
  0x0000,0x0000,0x0000,0x0000,0x1298,0x2b39,0x545b,0x8d59,0xbe58,0xde98,0xce58,0xa598,0x74b8,0x43d8,0x22f7,0x1a76,
  0x0000,0x0000,0x0000,0x0000,0x0000,0x0000,0x0000,0x0000,0x0000,0x0000,0x0000,0x0000,0x0000,0x0000,0x0000,0x0000,
  0x0000,0x22d7,0x3b98,0x649a,0x9599,0xc658,0xe6b8,0xd677,0xa5d8,0x7519,0x4418,0x2317,0x1256,0x0000,0x0000,0x0000,
  0x0000,0x0000,0x0000,0x0000,0x0000,0x0000,0x0000,0x0000,0x0000,0x0000,0x0000,0x0000,0x0000,0x0000,0x0000,0x0000,
  0x0000,0x0000,0x0000,0x0000,0x0000,0x0000,0x0000,0x0000,0x0000,0x0000,0x0000,0x0000,0x0000,0x0000,0x0000,0x0000,
  0x0000,0x0000,0x0000,0x0000,0x131f,0x2bdf,0x5d3f,0x9edf,0xe7ff,0xffff,0xffff,0xd75f,0x965f,0x5d3f,0x341f,0x233f,
  0x0000,0x0000,0x0000,0x0000,0x0000,0x0000,0x0000,0x0000,0x0000,0x0000,0x0000,0x0000,0x0000,0x0000,0x0000,0x0000,
  0x0000,0x2b9f,0x3c7f,0x6ddf,0xaf1f,0xefff,0xffff,0xffff,0xd77f,0x969f,0x5d7f,0x345f,0x0000,0x0000,0x0000,0x0000,
  0x0000,0x0000,0x0000,0x0000,0x0000,0x0000,0x0000,0x0000,0x0000,0x0000,0x0000,0x0000,0x0000,0x0000,0x0000,0x0000,
  0x0000,0x0000,0x0000,0x0000,0x0000,0x0000,0x0000,0x0000,0x0000,0x0000,0x0000,0x0000,0x0000,0x0000,0x0000,0x0000,
  0x0000,0x0000,0x0000,0x0000,0x0000,0x12fd,0x33fe,0x655f,0x96bf,0xc7bf,0xc79f,0x967f,0x551f,0x2bdf,0x1b3e,0x0000,
  0x0000,0x0000,0x0000,0x0000,0x0000,0x0000,0x0000,0x0000,0x0000,0x0000,0x0000,0x0000,0x0000,0x0000,0x0000,0x0000,
  0x0000,0x0000,0x12bd,0x2bbe,0x5d3f,0x8e7f,0xb77f,0xbf5e,0x967f,0x5d1f,0x2bde,0x0000,0x0000,0x0000,0x0000,0x0000,
  0x0000,0x0000,0x0000,0x0000,0x0000,0x0000,0x0000,0x0000,0x0000,0x0000,0x0000,0x0000,0x0000,0x0000,0x0000,0x0000,
  0x0000,0x0000,0x0000,0x0000,0x0000,0x0000,0x0000,0x0000,0x0000,0x0000,0x0000,0x0000,0x0000,0x0000,0x0000,0x0000,
  0x0000,0x0000,0x0000,0x0000,0x0000,0x0000,0x2b3e,0x443f,0x5d5f,0x761f,0x761f,0x5d1f,0x33be,0x12bd,0x0000,0x0000,
  0x0000,0x0000,0x0000,0x0000,0x0000,0x0000,0x0000,0x0000,0x0000,0x0000,0x0000,0x0000,0x0000,0x0000,0x0000,0x0000,
  0x0000,0x0000,0x0000,0x22fd,0x3c3f,0x5d5f,0x6e1f,0x6ddf,0x54fe,0x33de,0x1add,0x0000,0x0000,0x0000,0x0000,0x0000,
  0x0000,0x0000,0x0000,0x0000,0x0000,0x0000,0x0000,0x0000,0x0000,0x0000,0x0000,0x0000,0x0000,0x0000,0x0000,0x0000,
  0x0000,0x0000,0x0000,0x0000,0x0000,0x0000,0x0000,0x0000,0x0000,0x0000,0x0000,0x0000,0x0000,0x0000,0x0000,0x0000,
  0x0000,0x0000,0x0000,0x0000,0x0000,0x0000,0x0000,0x2b7e,0x33df,0x3c5f,0x3c1e,0x33de,0x0000,0x0000,0x0000,0x0000,
  0x0000,0x0000,0x0000,0x0000,0x0000,0x0000,0x0000,0x0000,0x0000,0x0000,0x0000,0x0000,0x0000,0x0000,0x0000,0x0000,
  0x0000,0x0000,0x0000,0x0000,0x2b7e,0x33be,0x3c5f,0x3c1f,0x33de,0x0000,0x0000,0x0000,0x0000,0x0000,0x0000,0x0000,
  0x0000,0x0000,0x0000,0x0000,0x0000,0x0000,0x0000,0x0000,0x0000,0x0000,0x0000,0x0000,0x0000,0x0000,0x0000,0x0000,
  0x0000,0x0000,0x0000,0x0000,0x0000,0x0000,0x0000,0x0000,0x0000,0x0000,0x0000,0x0000,0x0000,0x0000,0x0000,0x0000,
  0x0000,0x0000,0x0000,0x0000,0x0000,0x0000,0x0000,0x0000,0x2b1d,0x2b3d,0x235e,0x0000,0x0000,0x0000,0x0000,0x0000,
  0x0000,0x0000,0x0000,0x0000,0x0000,0x0000,0x0000,0x0000,0x0000,0x0000,0x0000,0x0000,0x0000,0x0000,0x0000,0x0000,
  0x0000,0x0000,0x0000,0x0000,0x0000,0x0000,0x22fe,0x22fe,0x0000,0x0000,0x0000,0x0000,0x0000,0x0000,0x0000,0x0000,
  0x0000,0x0000,0x0000,0x0000,0x0000,0x0000,0x0000,0x0000,0x0000,0x0000,0x0000,0x0000,0x0000,0x0000,0x0000,0x0000,
  0x0000,0x0000,0x0000,0x0000,0x0000,0x0000,0x0000,0x0000,0x0000,0x0000,0x0000,0x0000,0x0000,0x0000,0x0000,0x0000,
  0x0000,0x0000,0x0000,0x0000,0x0000,0x0000,0x0000,0x0000,0x0000,0x0000,0x0000,0x0000,0x0000,0x0000,0x0000,0x0000,
  0x0000,0x0000,0x0000,0x0000,0x0000,0x0000,0x0000,0x0000,0x0000,0x0000,0x0000,0x0000,0x0000,0x0000,0x0000,0x0000,
  0x0000,0x0000,0x0000,0x0000,0x0000,0x0000,0x0000,0x0000,0x0000,0x0000,0x0000,0x0000,0x0000,0x0000,0x0000,0x0000,
  0x0000,0x0000,0x0000,0x0000,0x0000,0x0000,0x0000,0x0000,0x0000,0x0000,0x0000,0x0000,0x0000,0x0000,0x0000,0x0000,
  0x0000,0x0000,0x0000,0x0000,0x0000,0x0000,0x0000,0x0000,0x0000,0x0000,0x0000,0x0000,0x0000,0x0000,0x0000,0x0000,
  0x0000,0x0000,0x0000,0x0000,0x0000,0x0000,0x0000,0x0000,0x0000,0x0000,0x0000,0x0000,0x0000,0x0000,0x0000,0x0000,
  0x0000,0x0000,0x0000,0x0000,0x0000,0x0000,0x0000,0x0000,0x0000,0x0000,0x0000,0x0000,0x0000,0x0000,0x0000,0x0000,
  0x0000,0x0000,0x0000,0x0000,0x0000,0x0000,0x0000,0x0000,0x0000,0x0000,0x0000,0x0000,0x0000,0x0000,0x0000,0x0000,
  0x0000,0x0000,0x0000,0x0000,0x0000,0x0000,0x0000,0x0000,0x0000,0x0000,0x0000,0x0000,0x0000,0x0000,0x0000,0x0000,
 },
 {
  0x0000,0x0000,0x0000,0x0000,0x0000,0x0000,0x0000,0x0000,0x0000,0x0000,0x0000,0x0000,0x0000,0x0000,0x0000,0x0000,
  0x0000,0x0000,0x0000,0x0000,0x0000,0x0000,0x0000,0x0000,0x0000,0x0000,0x0000,0x0000,0x0000,0x0000,0x0000,0x0000,
  0x0000,0x0000,0x0000,0x0000,0x0000,0x0000,0x0000,0x0000,0x0000,0x0000,0x0000,0x0000,0x0000,0x0000,0x0000,0x0000,
  0x0000,0x0000,0x0000,0x0000,0x0000,0x0000,0x0000,0x0000,0x0000,0x0000,0x0000,0x0000,0x0000,0x0000,0x0000,0x0000,
  0x0000,0x0000,0x0000,0x0000,0x0000,0x0000,0x0000,0x0000,0x0000,0x0000,0x0000,0x0000,0x0000,0x0000,0x0000,0x0000,
  0x0000,0x0000,0x0000,0x0000,0x0000,0x0000,0x0000,0x0000,0x0000,0x0000,0x0000,0x0000,0x0000,0x0000,0x0000,0x0000,
  0x0000,0x0000,0x0000,0x0000,0x0000,0x0000,0x0000,0x0000,0x0000,0x0000,0x0000,0x0000,0x0000,0x0000,0x0000,0x0000,
  0x0000,0x0000,0x0000,0x0000,0x0000,0x0000,0x0000,0x5aec,0x5aec,0x0000,0x0000,0x0000,0x0000,0x0000,0x0000,0x0000,
  0x0000,0x0000,0x0000,0x0000,0x0000,0x0000,0x0000,0x0000,0x0000,0x0000,0x0000,0x0000,0x0000,0x0000,0x0000,0x0000,
  0x0000,0x0000,0x0000,0x0000,0x0000,0x0000,0x0000,0x0000,0x0000,0x0000,0x0000,0x0000,0x0000,0x0000,0x0000,0x0000,
  0x0000,0x0000,0x0000,0x0000,0x0000,0x0000,0x0000,0x0000,0x0000,0x0000,0x0000,0x0000,0x0000,0x0000,0x0000,0x0000,
  0x0000,0x0000,0x0000,0x0000,0x0000,0x0000,0x0000,0x0000,0x0000,0x0000,0x0000,0x0000,0x0000,0x0000,0x0000,0x0000,
  0x0000,0x0000,0x0000,0x0000,0x0000,0x0000,0x8472,0xad97,0xad76,0x8431,0x4249,0x0000,0x0000,0x0000,0x0000,0x0000,
  0x0000,0x0000,0x0000,0x0000,0x0000,0x0000,0x0000,0x0000,0x0000,0x0000,0x0000,0x0000,0x0000,0x0000,0x0000,0x0000,
  0x0000,0x0000,0x0000,0x0000,0x0000,0x0000,0x0000,0x0000,0x0000,0x0000,0x0000,0x0000,0x0000,0x0000,0x0000,0x0000,
  0x0000,0x0000,0x0000,0x0000,0x0000,0x0000,0x0000,0x0000,0x0000,0x0000,0x0000,0x0000,0x0000,0x0000,0x0000,0x0000,
  0x0000,0x0000,0x0000,0x0000,0x0000,0x0000,0x0000,0x0000,0x0000,0x0000,0x0000,0x0000,0x0000,0x0000,0x0000,0x0000,
  0x0000,0x0000,0x0000,0x0000,0x0000,0x636f,0x9d57,0xd6fd,0xd6dc,0xa536,0x632e,0x39e8,0x0000,0x0000,0x0000,0x0000,
  0x0000,0x0000,0x0000,0x0000,0x0000,0x0000,0x0000,0x0000,0x0000,0x0000,0x0000,0x0000,0x0000,0x0000,0x0000,0x0000,
  0x0000,0x0000,0x0000,0x0000,0x0000,0x0000,0x0000,0x0000,0x0000,0x0000,0x0000,0x0000,0x0000,0x0000,0x0000,0x0000,
  0x0000,0x0000,0x0000,0x0000,0x0000,0x0000,0x0000,0x0000,0x0000,0x0000,0x0000,0x0000,0x0000,0x0000,0x0000,0x0000,
  0x0000,0x0000,0x0000,0x0000,0x0000,0x0000,0x0000,0x0000,0x0000,0x0000,0x0000,0x0000,0x0000,0x0000,0x0000,0x0000,
  0x0000,0x0000,0x0000,0x0000,0x6b8f,0x94f4,0xce5a,0xef3c,0xe6fc,0xbdf8,0x8452,0x5b0d,0x0000,0x0000,0x0000,0x0000,
  0x0000,0x0000,0x0000,0x0000,0x0000,0x0000,0x0000,0x0000,0x0000,0x0000,0x0000,0x0000,0x0000,0x0000,0x0000,0x0000,
  0x0000,0x0000,0x0000,0x0000,0x0000,0x0000,0x0000,0x0000,0x0000,0x0000,0x0000,0x0000,0x0000,0x0000,0x0000,0x0000,
  0x0000,0x0000,0x0000,0x0000,0x0000,0x0000,0x0000,0x0000,0x0000,0x0000,0x0000,0x0000,0x0000,0x0000,0x0000,0x0000,
  0x0000,0x0000,0x0000,0x0000,0x0000,0x0000,0x0000,0x0000,0x0000,0x0000,0x0000,0x0000,0x0000,0x0000,0x0000,0x0000,
  0x0000,0x0000,0x0000,0x6b6e,0x9cd4,0x9d35,0x7453,0x432f,0x3acd,0x63b0,0x8472,0x8410,0x5aec,0x0000,0x0000,0x0000,
  0x0000,0x0000,0x0000,0x0000,0x0000,0x0000,0x0000,0x0000,0x0000,0x0000,0x0000,0x0000,0x0000,0x0000,0x0000,0x0000,
  0x0000,0x0000,0x0000,0x0000,0x0000,0x0000,0x0000,0x0000,0x0000,0x0000,0x0000,0x0000,0x0000,0x0000,0x0000,0x0000,
  0x0000,0x0000,0x0000,0x0000,0x0000,0x0000,0x0000,0x0000,0x0000,0x0000,0x0000,0x0000,0x0000,0x0000,0x0000,0x0000,
  0x0000,0x0000,0x0000,0x0000,0x0000,0x0000,0x0000,0x0000,0x0000,0x0000,0x0000,0x0000,0x0000,0x0000,0x0000,0x0000,
  0x0000,0x0000,0x5b0d,0x6b4d,0x738e,0x638f,0x3b71,0x1312,0x12f2,0x32ef,0x5b0d,0x6b4c,0x6b4d,0x632d,0x0000,0x0000,
  0x0000,0x0000,0x0000,0x0000,0x0000,0x0000,0x0000,0x0000,0x0000,0x0000,0x0000,0x0000,0x0000,0x0000,0x0000,0x0000,
  0x0000,0x0000,0x0000,0x0000,0x0000,0x0000,0x0000,0x0000,0x0000,0x0000,0x0000,0x0000,0x0000,0x0000,0x0000,0x0000,
  0x0000,0x0000,0x0000,0x0000,0x0000,0x0000,0x0000,0x0000,0x0000,0x0000,0x0000,0x0000,0x0000,0x0000,0x0000,0x0000,
  0x0000,0x0000,0x0000,0x0000,0x0000,0x0000,0x0000,0x0000,0x0000,0x0000,0x0000,0x0000,0x0000,0x0000,0x0000,0x0000,
  0x0000,0x5b0c,0x634d,0x632d,0x4a8c,0x2a4e,0x1ab5,0x135a,0x1319,0x1253,0x21ac,0x41ea,0x5acb,0x630c,0x5aeb,0x0000,
  0x0000,0x0000,0x0000,0x0000,0x0000,0x0000,0x0000,0x0000,0x0000,0x0000,0x0000,0x0000,0x0000,0x0000,0x0000,0x0000,
  0x0000,0x0000,0x0000,0x0000,0x0000,0x0000,0x0000,0x0000,0x0000,0x0000,0x0000,0x0000,0x0000,0x0000,0x0000,0x0000,
  0x0000,0x0000,0x0000,0x0000,0x0000,0x0000,0x0000,0x0000,0x0000,0x0000,0x0000,0x0000,0x0000,0x0000,0x0000,0x0000,
  0x0000,0x0000,0x0000,0x0000,0x0000,0x0000,0x0000,0x0000,0x0000,0x0000,0x0000,0x0000,0x0000,0x0000,0x0000,0x0000,
  0x4249,0x6b4b,0x738d,0x5b2f,0x2a0f,0x0171,0x01d5,0x0258,0x0236,0x0172,0x00ed,0x218c,0x52ac,0x632c,0x630b,0x0000,
  0x0000,0x0000,0x0000,0x0000,0x0000,0x0000,0x0000,0x0000,0x0000,0x0000,0x0000,0x0000,0x0000,0x0000,0x0000,0x0000,
  0x0000,0x0000,0x0000,0x0000,0x0000,0x0000,0x0000,0x0000,0x0000,0x0000,0x0000,0x0000,0x0000,0x0000,0x0000,0x0000,
  0x0000,0x0000,0x0000,0x0000,0x0000,0x0000,0x0000,0x0000,0x0000,0x0000,0x0000,0x0000,0x0000,0x0000,0x0000,0x0000,
  0x0000,0x0000,0x0000,0x0000,0x0000,0x0000,0x0000,0x0000,0x0000,0x0000,0x0000,0x0000,0x0000,0x0000,0x0000,0x0000,
  0x4a6a,0x6b4d,0x6b90,0x4b11,0x1a32,0x1a53,0x63f6,0xa577,0xad55,0x6b91,0x29cd,0x198c,0x3a6e,0x530e,0x52ed,0x422a,
  0x0000,0x0000,0x0000,0x0000,0x0000,0x0000,0x0000,0x0000,0x0000,0x0000,0x0000,0x0000,0x0000,0x0000,0x0000,0x0000,
  0x0000,0x0000,0x0000,0x0000,0x0000,0x0000,0x0000,0x0000,0x0000,0x0000,0x0000,0x0000,0x0000,0x0000,0x0000,0x0000,
  0x0000,0x0000,0x0000,0x0000,0x0000,0x0000,0x0000,0x0000,0x0000,0x0000,0x0000,0x0000,0x0000,0x0000,0x0000,0x0000,
  0x0000,0x0000,0x0000,0x0000,0x0000,0x0000,0x0000,0x0000,0x0000,0x0000,0x0000,0x0000,0x0000,0x0000,0x0000,0x4208,
  0x4229,0x4a6a,0x4aad,0x42cf,0x4332,0x6c77,0xbe5c,0xf7df,0xffbe,0xc639,0x7413,0x42ae,0x324d,0x322c,0x3a0b,0x3a09,
  0x4a28,0x0000,0x0000,0x0000,0x0000,0x0000,0x0000,0x0000,0x0000,0x0000,0x0000,0x0000,0x0000,0x0000,0x0000,0x0000,
  0x0000,0x0000,0x0000,0x0000,0x0000,0x0000,0x0000,0x0000,0x0000,0x0000,0x0000,0x0000,0x0000,0x0000,0x0000,0x0000,
  0x0000,0x0000,0x0000,0x0000,0x0000,0x0000,0x0000,0x0000,0x0000,0x0000,0x0000,0x0000,0x0000,0x0000,0x0000,0x0000,
  0x0000,0x0000,0x0000,0x0000,0x0000,0x0000,0x0000,0x0000,0x0000,0x0000,0x0000,0x0000,0x0000,0x0000,0x0000,0x39e8,
  0x31c9,0x320c,0x3a6f,0x5b73,0x8cd6,0xc65a,0xef7e,0xffff,0xffdf,0xdedb,0xa556,0x6bd0,0x428c,0x29c9,0x2988,0x2987,
  0x39a7,0x0000,0x0000,0x0000,0x0000,0x0000,0x0000,0x0000,0x0000,0x0000,0x0000,0x0000,0x0000,0x0000,0x0000,0x0000,
  0x0000,0x0000,0x0000,0x0000,0x0000,0x0000,0x0000,0x0000,0x0000,0x0000,0x0000,0x0000,0x0000,0x0000,0x0000,0x0000,
  0x0000,0x0000,0x0000,0x0000,0x0000,0x0000,0x0000,0x0000,0x0000,0x0000,0x0000,0x0000,0x0000,0x0000,0x0000,0x0000,
  0x0000,0x0000,0x0000,0x0000,0x0000,0x0000,0x0000,0x0000,0x0000,0x0000,0x0000,0x0000,0x0000,0x0000,0x0000,0x31a6,
  0x31c8,0x29eb,0x3a6f,0x63b3,0x9d57,0xce9a,0xe73d,0xe75d,0xdf1c,0xce79,0xad75,0x7c32,0x4acf,0x29ec,0x21aa,0x29a8,
  0x31a7,0x2945,0x0000,0x0000,0x0000,0x0000,0x0000,0x0000,0x0000,0x0000,0x0000,0x0000,0x0000,0x0000,0x0000,0x0000,
  0x0000,0x0000,0x0000,0x0000,0x0000,0x0000,0x0000,0x0000,0x0000,0x0000,0x0000,0x0000,0x0000,0x0000,0x0000,0x0000,
  0x0000,0x0000,0x0000,0x0000,0x0000,0x0000,0x0000,0x0000,0x0000,0x0000,0x0000,0x0000,0x0000,0x0000,0x0000,0x0000,
  0x0000,0x0000,0x0000,0x0000,0x0000,0x0000,0x0000,0x0000,0x0000,0x0000,0x0000,0x0000,0x4249,0x4229,0x39e8,0x31a7,
  0x2167,0x218a,0x2a0d,0x5310,0x7bd2,0x9c30,0x9bcc,0x9348,0x9348,0x9bcb,0x940f,0x73d1,0x4af0,0x2a2e,0x21ab,0x2988,
  0x39c7,0x4208,0x4249,0x4249,0x0000,0x0000,0x0000,0x0000,0x0000,0x0000,0x0000,0x0000,0x0000,0x0000,0x0000,0x0000,
  0x0000,0x0000,0x0000,0x0000,0x0000,0x0000,0x0000,0x0000,0x0000,0x0000,0x0000,0x0000,0x0000,0x0000,0x0000,0x0000,
  0x0000,0x0000,0x0000,0x0000,0x0000,0x0000,0x0000,0x0000,0x0000,0x0000,0x0000,0x0000,0x0000,0x0000,0x0000,0x0000,
  0x0000,0x0000,0x0000,0x0000,0x0000,0x0000,0x0000,0x0000,0x0000,0x3a49,0x5b0d,0x7c31,0xa535,0x9d14,0x7bef,0x4a4a,
  0x1948,0x092b,0x116e,0x318c,0x69c8,0xa328,0xdd4c,0xfed1,0xfeb0,0xdcc9,0xa2a4,0x6964,0x3148,0x112b,0x00c8,0x10c5,
  0x39e7,0x73ae,0x9cf4,0x9d35,0x7c11,0x52ec,0x0000,0x0000,0x0000,0x0000,0x0000,0x0000,0x0000,0x0000,0x0000,0x0000,
  0x0000,0x0000,0x0000,0x0000,0x0000,0x0000,0x0000,0x0000,0x0000,0x0000,0x0000,0x0000,0x0000,0x0000,0x0000,0x0000,
  0x0000,0x0000,0x0000,0x0000,0x0000,0x0000,0x0000,0x0000,0x0000,0x0000,0x0000,0x0000,0x0000,0x0000,0x0000,0x0000,
  0x0000,0x0000,0x0000,0x0000,0x0000,0x0000,0x0000,0x010c,0x09af,0x2ab2,0x5c16,0x9558,0xb5f8,0xb5b5,0x8c70,0x52ab,
  0x218a,0x112b,0x214c,0x5169,0x9206,0xd387,0xf5cd,0xff73,0xff51,0xf529,0xcac1,0x8941,0x4907,0x190b,0x08eb,0x1949,
  0x4a8a,0x8c50,0xb5b5,0xb5d7,0x8d16,0x53b4,0x2a90,0x09ae,0x012c,0x0000,0x0000,0x0000,0x0000,0x0000,0x0000,0x0000,
  0x0000,0x0000,0x0000,0x0000,0x0000,0x0000,0x0000,0x0000,0x0000,0x0000,0x0000,0x0000,0x0000,0x0000,0x0000,0x0000,
  0x0000,0x0000,0x0000,0x0000,0x0000,0x0000,0x0000,0x0000,0x0000,0x0000,0x0000,0x0000,0x0000,0x0000,0x0000,0x0000,
  0x0000,0x0000,0x0000,0x0000,0x0000,0x0000,0x00e9,0x096d,0x2271,0x5395,0x84b7,0xa577,0xad56,0x94d3,0x7bef,0x52ec,
  0x31e9,0x2948,0x3927,0x6985,0xa223,0xdb63,0xf4e5,0xfdc6,0xfd86,0xf403,0xd240,0x9920,0x60c2,0x30c4,0x18e6,0x2167,
  0x426a,0x73cf,0x9cf3,0xad75,0x9516,0x6414,0x4313,0x2231,0x116d,0x090a,0x0000,0x0000,0x0000,0x0000,0x0000,0x0000,
  0x0000,0x0000,0x0000,0x0000,0x0000,0x0000,0x0000,0x0000,0x0000,0x0000,0x0000,0x0000,0x0000,0x0000,0x0000,0x0000,
  0x0000,0x0000,0x0000,0x0000,0x0000,0x0000,0x0000,0x0000,0x0000,0x0000,0x0000,0x0000,0x0000,0x0000,0x0000,0x0000,
  0x0000,0x0000,0x0000,0x0000,0x422a,0x5b0d,0x8c93,0xadd7,0xbe7a,0xb63a,0x9537,0x7c33,0x636f,0x52ed,0x4aec,0x4aec,
  0x52ec,0x62ab,0x7a68,0x9a45,0xba82,0xdb21,0xf402,0xfca3,0xfc63,0xf361,0xda40,0xb1a0,0x8983,0x61c6,0x4a09,0x4a6a,
  0x4a8b,0x4aab,0x52ec,0x5b6f,0x6434,0x7d38,0xa63b,0xc69c,0xbdf9,0x9cb4,0x6b2e,0x4a4a,0x0000,0x0000,0x0000,0x0000,
  0x0000,0x0000,0x0000,0x0000,0x0000,0x0000,0x0000,0x0000,0x0000,0x0000,0x0000,0x0000,0x0000,0x0000,0x0000,0x0000,
  0x0000,0x0000,0x0000,0x0000,0x0000,0x0000,0x0000,0x0000,0x0000,0x0000,0x0000,0x0000,0x0000,0x0000,0x0000,0x0000,
  0x0000,0x31a8,0x52ac,0x7bf1,0xad97,0xd6ba,0xf75b,0xef3b,0xdeda,0xb63a,0x8518,0x4b93,0x224e,0x11ec,0x228d,0x4b70,
  0x6bf0,0x7b8d,0x92e9,0xaa85,0xd241,0xea80,0xfb20,0xfba2,0xfba2,0xfb20,0xea60,0xca01,0x99e3,0x7a27,0x6acb,0x6b4e,
  0x5b2e,0x3a6b,0x29ca,0x224c,0x3b72,0x64f8,0x9e1a,0xce9a,0xe6fb,0xef1b,0xd67a,0xad57,0x7bf2,0x52ad,0x31ea,0x0000,
  0x0000,0x0000,0x0000,0x0000,0x0000,0x0000,0x0000,0x0000,0x0000,0x0000,0x0000,0x0000,0x0000,0x0000,0x0000,0x0000,
  0x0000,0x0000,0x0000,0x0000,0x0000,0x0000,0x0000,0x0000,0x220f,0x2251,0x1a52,0x1a10,0x0000,0x0000,0x0000,0x3a09,
  0x6370,0x9d16,0xc67b,0xdf1d,0xe73c,0xef1c,0xe6fb,0xd6da,0xce9a,0xbe3a,0x9d37,0x6bb1,0x3a0b,0x2189,0x322b,0x534f,
  0x73f1,0x83f0,0x9b8c,0xbb27,0xdb02,0xeb40,0xfbe0,0xfc82,0xfc82,0xfbe1,0xf320,0xdaa1,0xb285,0x92ea,0x7b4e,0x6bb0,
  0x530d,0x29e9,0x1926,0x2188,0x4330,0x74d6,0x9dd9,0xbe39,0xd699,0xe6d9,0xe6fa,0xe71c,0xe6fc,0xce5a,0x9cf6,0x6350,
  0x3a2a,0x0000,0x0000,0x0000,0x124f,0x1271,0x1272,0x0a10,0x0000,0x0000,0x0000,0x0000,0x0000,0x0000,0x0000,0x0000,
  0x0000,0x0000,0x0000,0x0000,0x0000,0x0000,0x118e,0x1211,0x1a94,0x22d6,0x1a73,0x014c,0x0066,0x10c6,0x4a8d,0x94f6,
  0xc69c,0xef9e,0xf7df,0xf7be,0xef5d,0xe73c,0xe75d,0xe75d,0xd71c,0xbe5a,0x9d16,0x6b90,0x422b,0x31c9,0x3a2b,0x530e,
  0x73f3,0x8c96,0xa495,0xc44f,0xd3e8,0xe443,0xf564,0xfe87,0xfe87,0xfd64,0xec22,0xdba5,0xc3eb,0xac0f,0x93cf,0x7b2d,
  0x5a49,0x3186,0x2967,0x31ea,0x5351,0x84b7,0xadfa,0xd6bc,0xe71c,0xe71b,0xe71b,0xe73c,0xf75d,0xf75e,0xeefd,0xce1a,
  0x9495,0x52ae,0x1928,0x00a6,0x0128,0x122d,0x22b1,0x1ad4,0x1a73,0x1211,0x0000,0x0000,0x0000,0x0000,0x0000,0x0000,
  0x0000,0x0000,0x0000,0x0000,0x0000,0x092d,0x0a15,0x12ba,0x1afb,0x1ad8,0x0a14,0x0131,0x00d1,0x1192,0x5b54,0xa578,
  0xd6bb,0xe73c,0xe75d,0xef7e,0xe75d,0xd6ba,0xad96,0x8473,0x5b71,0x3ab0,0x2a2e,0x198b,0x1927,0x2125,0x29a7,0x42ab,
  0x63f1,0x9537,0xb5b9,0xbd35,0xbc4d,0xbc07,0xd4c7,0xe5c8,0xe5c8,0xd4c5,0xc3c5,0xbbea,0xb4b1,0xa515,0x8473,0x634e,
  0x4229,0x31a6,0x2966,0x2168,0x29cb,0x324e,0x42d0,0x5b71,0x8453,0xb5b7,0xd6ba,0xef5d,0xe75d,0xe71d,0xe6fb,0xdeb9,
  0xad97,0x63d6,0x1a14,0x0152,0x014f,0x09cf,0x1a73,0x1ab7,0x1277,0x11f3,0x092d,0x0000,0x0000,0x0000,0x0000,0x0000,
  0x0000,0x0000,0x0000,0x0000,0x00ab,0x0150,0x0a58,0x12fc,0x133c,0x1af9,0x1254,0x01b2,0x01b3,0x2254,0x63d5,0xb598,
  0xe6fb,0xf7be,0xef9e,0xdedb,0xb596,0x7c11,0x3ab0,0x11d1,0x01f4,0x0a97,0x12d7,0x0a32,0x010b,0x0085,0x18e3,0x4a26,
  0x7b8b,0xb4f1,0xd5f6,0xde9a,0xd69a,0xbdf8,0xa4f3,0x8c2f,0x8c0e,0x9cd2,0xbdd6,0xce7a,0xce9a,0xb5f8,0x8cd4,0x5b4e,
  0x29c8,0x10a3,0x0043,0x0908,0x1a2f,0x1af4,0x12b4,0x01f1,0x09ae,0x324d,0x6b90,0xad34,0xd6ba,0xf7be,0xffff,0xf79c,
  0xc639,0x7435,0x2a72,0x01b2,0x01d2,0x0a54,0x12d6,0x12d7,0x1295,0x11f3,0x092f,0x00cb,0x0000,0x0000,0x0000,0x0000,
  0x0000,0x0000,0x0000,0x0000,0x010e,0x01b3,0x0a99,0x0afb,0x0b1a,0x12d5,0x1231,0x01b1,0x01b3,0x1a75,0x5bd6,0xad97,
  0xe6fa,0xf79d,0xdf1c,0xad96,0x6b6e,0x31ea,0x1949,0x114c,0x19ad,0x29ed,0x29ec,0x198a,0x0908,0x00c6,0x1906,0x41c8,
  0x6aca,0x9bce,0xbcf3,0xde39,0xef3d,0xefbf,0xe79f,0xdf3e,0xe73e,0xef7f,0xf79f,0xef1c,0xd5f7,0xacb2,0x838e,0x526b,
  0x2988,0x08a5,0x0064,0x08c6,0x116a,0x21cc,0x21ed,0x198b,0x1129,0x1107,0x2989,0x5b2e,0x9d36,0xdf1c,0xfffe,0xf79c,
  0xc638,0x7415,0x2252,0x0191,0x01b2,0x0a94,0x1317,0x1338,0x12f8,0x0a77,0x09b4,0x0130,0x0000,0x0000,0x0000,0x0000,
  0x0000,0x0000,0x0000,0x090c,0x096f,0x09f4,0x0279,0x02bb,0x02bb,0x0278,0x0215,0x0214,0x1274,0x3b76,0x7cb7,0xadb7,
  0xbdf7,0xad96,0x8452,0x52cc,0x2966,0x18c3,0x2104,0x39c6,0x5289,0x62ea,0x5aca,0x4a27,0x3165,0x18c3,0x10a3,0x2146,
  0x4a6b,0x73f1,0xa597,0xce9b,0xe73d,0xef5d,0xe71c,0xdedb,0xdedb,0xe6fc,0xe71c,0xdeba,0xbdd7,0x8c92,0x5b0c,0x2987,
  0x10a4,0x0862,0x18c3,0x3185,0x4a28,0x5aca,0x5aea,0x5289,0x39c7,0x2103,0x10c2,0x2145,0x4a8b,0x7c11,0xad75,0xc617,
  0xb596,0x7c54,0x3af2,0x0a11,0x0214,0x0278,0x02fb,0x031d,0x02fc,0x0aba,0x0a36,0x0990,0x092c,0x08e8,0x0000,0x0000,
  0x0000,0x0000,0x08a8,0x00cc,0x0131,0x01b7,0x025a,0x0b1c,0x33fd,0x64db,0x9599,0xb5f8,0xc638,0xce59,0xce9a,0xc639,
  0x9d35,0x6b8f,0x3a09,0x2104,0x18c3,0x2125,0x39e8,0x5aec,0x73af,0x7c11,0x7bd0,0x632d,0x422a,0x2126,0x1083,0x10a3,
  0x2946,0x52ab,0x8c52,0xbdd8,0xe6fc,0xef5d,0xef5d,0xe71b,0xe71c,0xef5d,0xe75e,0xd6bb,0xad76,0x73ef,0x4228,0x18e4,
  0x0862,0x1083,0x2966,0x528b,0x736e,0x8410,0x8430,0x73af,0x52cb,0x31c8,0x1905,0x0882,0x1083,0x2946,0x52ac,0x8432,
  0xa556,0xb5d7,0xb5d6,0xadd6,0xa5d8,0x8d7b,0x64dd,0x33fd,0x131b,0x0278,0x01d4,0x014f,0x00eb,0x08c8,0x08a6,0x0000,
  0x0000,0x00ab,0x00ad,0x00f0,0x11b3,0x3b18,0x84fb,0xbe9d,0xef9d,0xf79d,0xef5c,0xe6db,0xce7a,0xbe19,0xadb8,0x9d15,
  0x73f0,0x4a6a,0x2125,0x1082,0x10a2,0x2125,0x39c7,0x526a,0x630c,0x632c,0x62eb,0x528a,0x39e8,0x2105,0x0882,0x0841,
  0x1082,0x2966,0x5aec,0x9cd4,0xd6bb,0xf7bf,0xf79e,0xdf1c,0xdf1c,0xef7e,0xef7e,0xce5a,0x8c73,0x4a8c,0x2146,0x10a3,
  0x1082,0x10a3,0x2946,0x4229,0x5acb,0x632c,0x632c,0x5acb,0x4228,0x3186,0x1904,0x0862,0x0841,0x10a3,0x2967,0x52ad,
  0x73f2,0x94f5,0xadd8,0xce99,0xe73b,0xff9d,0xfffe,0xf7de,0xcebc,0x8519,0x3b16,0x0991,0x00ee,0x00ac,0x00ab,0x0000,
  0x0000,0x0047,0x1109,0x426e,0x8454,0xc63a,0xe71c,0xef3c,0xdedb,0xbe19,0xa556,0x8c94,0x7c12,0x6b70,0x52ac,0x39e9,
  0x2966,0x18e4,0x10a3,0x0862,0x1083,0x18e5,0x31c8,0x528c,0x6b6f,0x73d0,0x6b8f,0x52ac,0x31a8,0x18c4,0x0842,0x0841,
  0x1082,0x18e4,0x31a7,0x4a6a,0x5b2d,0x634d,0x52cb,0x4229,0x4229,0x52ab,0x632d,0x634e,0x52cc,0x3a09,0x2945,0x18c3,
  0x1082,0x10a3,0x2126,0x39e9,0x52cc,0x634e,0x6b8e,0x5b2d,0x428a,0x29a7,0x10e4,0x0862,0x0040,0x0861,0x10a2,0x1925,
  0x31c9,0x4acd,0x6bd0,0x8453,0x8cb4,0xa556,0xc639,0xe71c,0xef7d,0xdf1c,0xb5d8,0x73d2,0x320c,0x10e8,0x0026,0x0000,
  0x0000,0x31a7,0x3a09,0x4a8b,0x630e,0x634f,0x5aed,0x424b,0x3a0a,0x31e9,0x31a9,0x2968,0x2126,0x18c5,0x1083,0x0883,
  0x1083,0x10a3,0x18c4,0x18e4,0x2105,0x2966,0x4229,0x5aec,0x73ae,0x7bf0,0x73af,0x5aec,0x39c8,0x2105,0x10c3,0x10c3,
  0x10a3,0x1082,0x0882,0x10c4,0x2126,0x2988,0x31ca,0x31ea,0x31ca,0x31a9,0x2968,0x2126,0x10c4,0x1082,0x1082,0x18c3,
  0x18e4,0x2105,0x2967,0x3a29,0x5aeb,0x6b8d,0x6bad,0x634c,0x52aa,0x31c8,0x2105,0x10a4,0x10a3,0x10c3,0x10c3,0x10c3,
  0x10c4,0x10c4,0x1905,0x1906,0x1926,0x2167,0x2988,0x31ea,0x4a6c,0x632f,0x73b0,0x634f,0x4a8b,0x39e8,0x2967,0x0000,
  0x0000,0x18c4,0x10c4,0x10a4,0x0883,0x0863,0x0863,0x0000,0x0000,0x0000,0x0000,0x0000,0x0000,0x0000,0x0000,0x0000,
  0x10a3,0x10a3,0x18c3,0x20e4,0x2945,0x39e8,0x42ac,0x4b4f,0x53f2,0x5c54,0x5c13,0x4b50,0x324d,0x2189,0x2127,0x2125,
  0x1904,0x10a3,0x10a3,0x10c4,0x1906,0x2168,0x29c9,0x31c9,0x29c9,0x2988,0x1926,0x10c4,0x0882,0x0862,0x0882,0x18c4,
  0x2106,0x2927,0x31aa,0x426d,0x5330,0x5bb2,0x53b2,0x4b30,0x428d,0x31ea,0x2947,0x2105,0x18e4,0x18e4,0x18e4,0x10c4,
  0x0000,0x0000,0x0000,0x0000,0x0000,0x0000,0x0000,0x0000,0x0000,0x0862,0x0883,0x10a3,0x10c4,0x18e4,0x18e5,0x0000,
  0x0000,0x0000,0x0000,0x0000,0x0000,0x0000,0x0000,0x0000,0x0000,0x0000,0x0000,0x0000,0x0000,0x0000,0x0000,0x0000,
  0x0000,0x10a2,0x10a4,0x08c8,0x012d,0x11f3,0x2af8,0x4c1b,0x751c,0x95bc,0x959c,0x74fc,0x3bdb,0x1a97,0x0990,0x08e9,
  0x10a5,0x0862,0x0882,0x0000,0x0000,0x0000,0x0000,0x0000,0x0000,0x0000,0x0000,0x0000,0x0000,0x0882,0x0862,0x0885,
  0x00a9,0x014f,0x1256,0x3bba,0x6cfc,0x95dd,0x9e3e,0x85bd,0x64bc,0x337a,0x1215,0x012f,0x08a8,0x1083,0x1081,0x0861,
  0x0000,0x0000,0x0000,0x0000,0x0000,0x0000,0x0000,0x0000,0x0000,0x0000,0x0000,0x0000,0x0000,0x0000,0x0000,0x0000,
  0x0000,0x0000,0x0000,0x0000,0x0000,0x0000,0x0000,0x0000,0x0000,0x0000,0x0000,0x0000,0x0000,0x0000,0x0000,0x0000,
  0x0000,0x114e,0x11b2,0x1298,0x23bd,0x4d3f,0x96bf,0xd7bf,0xffff,0xffff,0xffff,0xe7df,0xaf5f,0x6e1f,0x347d,0x12d9,
  0x01d4,0x012e,0x0000,0x0000,0x0000,0x0000,0x0000,0x0000,0x0000,0x0000,0x0000,0x0000,0x0000,0x216a,0x118f,0x0a15,
  0x12fa,0x2c5d,0x5ddf,0x9f1f,0xd7bf,0xffff,0xffff,0xffff,0xe7df,0xa71f,0x5dbf,0x241d,0x0ab8,0x0991,0x090d,0x0000,
  0x0000,0x0000,0x0000,0x0000,0x0000,0x0000,0x0000,0x0000,0x0000,0x0000,0x0000,0x0000,0x0000,0x0000,0x0000,0x0000,
  0x0000,0x0000,0x0000,0x0000,0x0000,0x0000,0x0000,0x0000,0x0000,0x0000,0x0000,0x0000,0x0000,0x0000,0x0000,0x0000,
  0x0000,0x22de,0x2b5f,0x447f,0x6dbf,0x9eff,0xd7bf,0xf7ff,0xffff,0xffff,0xffdf,0xf7ff,0xdfde,0xb73e,0x7e3f,0x4d1f,
  0x341f,0x2b5f,0x2afe,0x0000,0x0000,0x0000,0x0000,0x0000,0x0000,0x0000,0x0000,0x0000,0x0000,0x22df,0x2b5f,0x3c3f,
  0x553f,0x7e5f,0xaf3f,0xd7df,0xefdf,0xffdf,0xffdf,0xffdf,0xefdf,0xc79f,0x8edf,0x5ddf,0x3cdf,0x2bdf,0x233f,0x0000,
  0x0000,0x0000,0x0000,0x0000,0x0000,0x0000,0x0000,0x0000,0x0000,0x0000,0x0000,0x0000,0x0000,0x0000,0x0000,0x0000,
  0x0000,0x0000,0x0000,0x0000,0x0000,0x0000,0x0000,0x0000,0x0000,0x0000,0x0000,0x0000,0x0000,0x0000,0x0000,0x0000,
  0x0000,0x22be,0x2b3e,0x443f,0x657f,0x8ebf,0xbf9f,0xe7df,0xffff,0xffff,0xffdf,0xf7ff,0xd7bf,0xaf1f,0x7e1f,0x54df,
  0x33bf,0x2b1e,0x32bd,0x0000,0x0000,0x0000,0x0000,0x0000,0x0000,0x0000,0x0000,0x0000,0x0000,0x229d,0x22fe,0x33df,
  0x4cdf,0x6dff,0x9eff,0xc79f,0xefdf,0xffdf,0xffff,0xffff,0xefdf,0xc79f,0x96df,0x65bf,0x449f,0x339f,0x2afe,0x2abd,
  0x0000,0x0000,0x0000,0x0000,0x0000,0x0000,0x0000,0x0000,0x0000,0x0000,0x0000,0x0000,0x0000,0x0000,0x0000,0x0000,
  0x0000,0x0000,0x0000,0x0000,0x0000,0x0000,0x0000,0x0000,0x0000,0x0000,0x0000,0x0000,0x0000,0x0000,0x0000,0x0000,
  0x0000,0x2a9d,0x2ade,0x2b9f,0x3c9f,0x5dbf,0x8ebf,0xbf7f,0xefff,0xffff,0xffdf,0xe7bf,0xb77e,0x7e7e,0x555f,0x343f,
  0x2b5e,0x2afe,0x0000,0x0000,0x0000,0x0000,0x0000,0x0000,0x0000,0x0000,0x0000,0x0000,0x0000,0x2a7d,0x229e,0x231f,
  0x2bdf,0x44ff,0x6e3f,0xa73f,0xdfbf,0xffff,0xffff,0xffff,0xdfbf,0xaf1f,0x763f,0x4cff,0x33ff,0x2b1e,0x2abe,0x0000,
  0x0000,0x0000,0x0000,0x0000,0x0000,0x0000,0x0000,0x0000,0x0000,0x0000,0x0000,0x0000,0x0000,0x0000,0x0000,0x0000,
  0x0000,0x0000,0x0000,0x0000,0x0000,0x0000,0x0000,0x0000,0x0000,0x0000,0x0000,0x0000,0x0000,0x0000,0x0000,0x0000,
  0x0000,0x0000,0x0000,0x2b5f,0x33df,0x4cbf,0x75df,0xa6ff,0xdfdf,0xffff,0xffff,0xd79f,0x96be,0x5d9e,0x3c9f,0x339f,
  0x2b1f,0x0000,0x0000,0x0000,0x0000,0x0000,0x0000,0x0000,0x0000,0x0000,0x0000,0x0000,0x0000,0x0000,0x0000,0x2ade,
  0x2b5f,0x345f,0x557f,0x86bf,0xc75f,0xefdf,0xffff,0xefff,0xc73f,0x8e1f,0x54ff,0x33ff,0x2b3e,0x2ade,0x0000,0x0000,
  0x0000,0x0000,0x0000,0x0000,0x0000,0x0000,0x0000,0x0000,0x0000,0x0000,0x0000,0x0000,0x0000,0x0000,0x0000,0x0000,
  0x0000,0x0000,0x0000,0x0000,0x0000,0x0000,0x0000,0x0000,0x0000,0x0000,0x0000,0x0000,0x0000,0x0000,0x0000,0x0000,
  0x0000,0x0000,0x0000,0x0000,0x1b1f,0x2b9f,0x4c9f,0x75df,0xaf1f,0xdfdf,0xdfdf,0xb71f,0x6ddf,0x3c7f,0x237f,0x22df,
  0x2abf,0x0000,0x0000,0x0000,0x0000,0x0000,0x0000,0x0000,0x0000,0x0000,0x0000,0x0000,0x0000,0x0000,0x0000,0x0000,
  0x333f,0x2b9f,0x3c5f,0x6d9f,0xa6bf,0xcfbf,0xdfff,0xc77f,0x965f,0x5d1f,0x33ff,0x233f,0x22fe,0x0000,0x0000,0x0000,
  0x0000,0x0000,0x0000,0x0000,0x0000,0x0000,0x0000,0x0000,0x0000,0x0000,0x0000,0x0000,0x0000,0x0000,0x0000,0x0000,
  0x0000,0x0000,0x0000,0x0000,0x0000,0x0000,0x0000,0x0000,0x0000,0x0000,0x0000,0x0000,0x0000,0x0000,0x0000,0x0000,
  0x0000,0x0000,0x0000,0x0000,0x1a5e,0x22be,0x339f,0x54df,0x7e1f,0xa73f,0xaf5f,0x865f,0x4cff,0x239f,0x12df,0x229f,
  0x0000,0x0000,0x0000,0x0000,0x0000,0x0000,0x0000,0x0000,0x0000,0x0000,0x0000,0x0000,0x0000,0x0000,0x0000,0x0000,
  0x0000,0x1a9f,0x2b3f,0x4c9f,0x7dff,0xa71f,0xaf9f,0x96df,0x6dbf,0x4c7f,0x2b3f,0x1a9e,0x0000,0x0000,0x0000,0x0000,
  0x0000,0x0000,0x0000,0x0000,0x0000,0x0000,0x0000,0x0000,0x0000,0x0000,0x0000,0x0000,0x0000,0x0000,0x0000,0x0000,
  0x0000,0x0000,0x0000,0x0000,0x0000,0x0000,0x0000,0x0000,0x0000,0x0000,0x0000,0x0000,0x0000,0x0000,0x0000,0x0000,
  0x0000,0x0000,0x0000,0x0000,0x0000,0x0000,0x2b3f,0x3c1f,0x553f,0x6e1f,0x765f,0x657f,0x3c1f,0x22ff,0x1a7f,0x0000,
  0x0000,0x0000,0x0000,0x0000,0x0000,0x0000,0x0000,0x0000,0x0000,0x0000,0x0000,0x0000,0x0000,0x0000,0x0000,0x0000,
  0x0000,0x0000,0x1a5f,0x335f,0x5cdf,0x75ff,0x7e5f,0x6dff,0x54ff,0x3bdf,0x2ade,0x0000,0x0000,0x0000,0x0000,0x0000,
  0x0000,0x0000,0x0000,0x0000,0x0000,0x0000,0x0000,0x0000,0x0000,0x0000,0x0000,0x0000,0x0000,0x0000,0x0000,0x0000,
  0x0000,0x0000,0x0000,0x0000,0x0000,0x0000,0x0000,0x0000,0x0000,0x0000,0x0000,0x0000,0x0000,0x0000,0x0000,0x0000,
  0x0000,0x0000,0x0000,0x0000,0x0000,0x0000,0x0000,0x2b3f,0x341f,0x4cdf,0x4cff,0x447f,0x335f,0x227e,0x0000,0x0000,
  0x0000,0x0000,0x0000,0x0000,0x0000,0x0000,0x0000,0x0000,0x0000,0x0000,0x0000,0x0000,0x0000,0x0000,0x0000,0x0000,
  0x0000,0x0000,0x0000,0x22fe,0x3bff,0x4c9f,0x4cff,0x44bf,0x3bff,0x337f,0x0000,0x0000,0x0000,0x0000,0x0000,0x0000,
  0x0000,0x0000,0x0000,0x0000,0x0000,0x0000,0x0000,0x0000,0x0000,0x0000,0x0000,0x0000,0x0000,0x0000,0x0000,0x0000,
  0x0000,0x0000,0x0000,0x0000,0x0000,0x0000,0x0000,0x0000,0x0000,0x0000,0x0000,0x0000,0x0000,0x0000,0x0000,0x0000,
  0x0000,0x0000,0x0000,0x0000,0x0000,0x0000,0x0000,0x0000,0x2b3e,0x33bf,0x33df,0x33bf,0x0000,0x0000,0x0000,0x0000,
  0x0000,0x0000,0x0000,0x0000,0x0000,0x0000,0x0000,0x0000,0x0000,0x0000,0x0000,0x0000,0x0000,0x0000,0x0000,0x0000,
  0x0000,0x0000,0x0000,0x0000,0x2b7f,0x2b7f,0x2bbf,0x235e,0x231e,0x0000,0x0000,0x0000,0x0000,0x0000,0x0000,0x0000,
  0x0000,0x0000,0x0000,0x0000,0x0000,0x0000,0x0000,0x0000,0x0000,0x0000,0x0000,0x0000,0x0000,0x0000,0x0000,0x0000,
  0x0000,0x0000,0x0000,0x0000,0x0000,0x0000,0x0000,0x0000,0x0000,0x0000,0x0000,0x0000,0x0000,0x0000,0x0000,0x0000,
  0x0000,0x0000,0x0000,0x0000,0x0000,0x0000,0x0000,0x0000,0x0000,0x22de,0x22de,0x0000,0x0000,0x0000,0x0000,0x0000,
  0x0000,0x0000,0x0000,0x0000,0x0000,0x0000,0x0000,0x0000,0x0000,0x0000,0x0000,0x0000,0x0000,0x0000,0x0000,0x0000,
  0x0000,0x0000,0x0000,0x0000,0x0000,0x22fe,0x22fe,0x22fe,0x0000,0x0000,0x0000,0x0000,0x0000,0x0000,0x0000,0x0000,
  0x0000,0x0000,0x0000,0x0000,0x0000,0x0000,0x0000,0x0000,0x0000,0x0000,0x0000,0x0000,0x0000,0x0000,0x0000,0x0000,
  0x0000,0x0000,0x0000,0x0000,0x0000,0x0000,0x0000,0x0000,0x0000,0x0000,0x0000,0x0000,0x0000,0x0000,0x0000,0x0000,
  0x0000,0x0000,0x0000,0x0000,0x0000,0x0000,0x0000,0x0000,0x0000,0x0000,0x0000,0x0000,0x0000,0x0000,0x0000,0x0000,
  0x0000,0x0000,0x0000,0x0000,0x0000,0x0000,0x0000,0x0000,0x0000,0x0000,0x0000,0x0000,0x0000,0x0000,0x0000,0x0000,
  0x0000,0x0000,0x0000,0x0000,0x0000,0x0000,0x0000,0x0000,0x0000,0x0000,0x0000,0x0000,0x0000,0x0000,0x0000,0x0000,
  0x0000,0x0000,0x0000,0x0000,0x0000,0x0000,0x0000,0x0000,0x0000,0x0000,0x0000,0x0000,0x0000,0x0000,0x0000,0x0000,
  0x0000,0x0000,0x0000,0x0000,0x0000,0x0000,0x0000,0x0000,0x0000,0x0000,0x0000,0x0000,0x0000,0x0000,0x0000,0x0000,
  0x0000,0x0000,0x0000,0x0000,0x0000,0x0000,0x0000,0x0000,0x0000,0x0000,0x0000,0x0000,0x0000,0x0000,0x0000,0x0000,
  0x0000,0x0000,0x0000,0x0000,0x0000,0x0000,0x0000,0x0000,0x0000,0x0000,0x0000,0x0000,0x0000,0x0000,0x0000,0x0000,
  0x0000,0x0000,0x0000,0x0000,0x0000,0x0000,0x0000,0x0000,0x0000,0x0000,0x0000,0x0000,0x0000,0x0000,0x0000,0x0000,
  0x0000,0x0000,0x0000,0x0000,0x0000,0x0000,0x0000,0x0000,0x0000,0x0000,0x0000,0x0000,0x0000,0x0000,0x0000,0x0000,
 },
 {
  0x0000,0x0000,0x0000,0x0000,0x0000,0x0000,0x0000,0x0000,0x0000,0x0000,0x0000,0x0000,0x0000,0x0000,0x0000,0x0000,
  0x0000,0x0000,0x0000,0x0000,0x0000,0x0000,0x0000,0x0000,0x0000,0x0000,0x0000,0x0000,0x0000,0x0000,0x0000,0x0000,
  0x0000,0x0000,0x0000,0x0000,0x0000,0x0000,0x0000,0x0000,0x0000,0x0000,0x0000,0x0000,0x0000,0x0000,0x0000,0x0000,
  0x0000,0x0000,0x0000,0x0000,0x0000,0x0000,0x0000,0x0000,0x0000,0x0000,0x0000,0x0000,0x0000,0x0000,0x0000,0x0000,
  0x0000,0x0000,0x0000,0x0000,0x0000,0x0000,0x0000,0x0000,0x0000,0x0000,0x0000,0x0000,0x0000,0x0000,0x0000,0x0000,
  0x0000,0x0000,0x0000,0x0000,0x0000,0x0000,0x0000,0x0000,0x0000,0x0000,0x0000,0x0000,0x0000,0x0000,0x0000,0x0000,
  0x0000,0x0000,0x0000,0x0000,0x0000,0x0000,0x0000,0x0000,0x0000,0x0000,0x0000,0x0000,0x0000,0x0000,0x0000,0x0000,
  0x0000,0x0000,0x0000,0x0000,0x0000,0x0000,0x0000,0x632d,0x5b0d,0x0000,0x0000,0x0000,0x0000,0x0000,0x0000,0x0000,
  0x0000,0x0000,0x0000,0x0000,0x0000,0x0000,0x0000,0x0000,0x0000,0x0000,0x0000,0x0000,0x0000,0x0000,0x0000,0x0000,
  0x0000,0x0000,0x0000,0x0000,0x0000,0x0000,0x0000,0x0000,0x0000,0x0000,0x0000,0x0000,0x0000,0x0000,0x0000,0x0000,
  0x0000,0x0000,0x0000,0x0000,0x0000,0x0000,0x0000,0x0000,0x0000,0x0000,0x0000,0x0000,0x0000,0x0000,0x0000,0x0000,
  0x0000,0x0000,0x0000,0x0000,0x0000,0x0000,0x0000,0x0000,0x0000,0x0000,0x0000,0x0000,0x0000,0x0000,0x0000,0x0000,
  0x0000,0x0000,0x0000,0x0000,0x0000,0x0000,0x94b4,0xb5b8,0xb5b8,0x8c93,0x5acc,0x0000,0x0000,0x0000,0x0000,0x0000,
  0x0000,0x0000,0x0000,0x0000,0x0000,0x0000,0x0000,0x0000,0x0000,0x0000,0x0000,0x0000,0x0000,0x0000,0x0000,0x0000,
  0x0000,0x0000,0x0000,0x0000,0x0000,0x0000,0x0000,0x0000,0x0000,0x0000,0x0000,0x0000,0x0000,0x0000,0x0000,0x0000,
  0x0000,0x0000,0x0000,0x0000,0x0000,0x0000,0x0000,0x0000,0x0000,0x0000,0x0000,0x0000,0x0000,0x0000,0x0000,0x0000,
  0x0000,0x0000,0x0000,0x0000,0x0000,0x0000,0x0000,0x0000,0x0000,0x0000,0x0000,0x0000,0x0000,0x0000,0x0000,0x0000,
  0x0000,0x0000,0x0000,0x0000,0x424a,0x73af,0xb5b7,0xe73d,0xe73d,0xbdd8,0x73d0,0x4a6b,0x0000,0x0000,0x0000,0x0000,
  0x0000,0x0000,0x0000,0x0000,0x0000,0x0000,0x0000,0x0000,0x0000,0x0000,0x0000,0x0000,0x0000,0x0000,0x0000,0x0000,
  0x0000,0x0000,0x0000,0x0000,0x0000,0x0000,0x0000,0x0000,0x0000,0x0000,0x0000,0x0000,0x0000,0x0000,0x0000,0x0000,
  0x0000,0x0000,0x0000,0x0000,0x0000,0x0000,0x0000,0x0000,0x0000,0x0000,0x0000,0x0000,0x0000,0x0000,0x0000,0x0000,
  0x0000,0x0000,0x0000,0x0000,0x0000,0x0000,0x0000,0x0000,0x0000,0x0000,0x0000,0x0000,0x0000,0x0000,0x0000,0x0000,
  0x0000,0x0000,0x0000,0x6b4e,0x8451,0x94b3,0x8472,0x73f1,0x73d0,0x8411,0x8c52,0x7bf0,0x5b0c,0x0000,0x0000,0x0000,
  0x0000,0x0000,0x0000,0x0000,0x0000,0x0000,0x0000,0x0000,0x0000,0x0000,0x0000,0x0000,0x0000,0x0000,0x0000,0x0000,
  0x0000,0x0000,0x0000,0x0000,0x0000,0x0000,0x0000,0x0000,0x0000,0x0000,0x0000,0x0000,0x0000,0x0000,0x0000,0x0000,
  0x0000,0x0000,0x0000,0x0000,0x0000,0x0000,0x0000,0x0000,0x0000,0x0000,0x0000,0x0000,0x0000,0x0000,0x0000,0x0000,
  0x0000,0x0000,0x0000,0x0000,0x0000,0x0000,0x0000,0x0000,0x0000,0x0000,0x0000,0x0000,0x0000,0x0000,0x0000,0x0000,
  0x0000,0x0000,0x52cb,0x738d,0x8430,0x7c33,0x4b94,0x22d4,0x1ab4,0x3b13,0x6391,0x738f,0x6b4d,0x5acb,0x0000,0x0000,
  0x0000,0x0000,0x0000,0x0000,0x0000,0x0000,0x0000,0x0000,0x0000,0x0000,0x0000,0x0000,0x0000,0x0000,0x0000,0x0000,
  0x0000,0x0000,0x0000,0x0000,0x0000,0x0000,0x0000,0x0000,0x0000,0x0000,0x0000,0x0000,0x0000,0x0000,0x0000,0x0000,
  0x0000,0x0000,0x0000,0x0000,0x0000,0x0000,0x0000,0x0000,0x0000,0x0000,0x0000,0x0000,0x0000,0x0000,0x0000,0x0000,
  0x0000,0x0000,0x0000,0x0000,0x0000,0x0000,0x0000,0x0000,0x0000,0x0000,0x0000,0x0000,0x0000,0x0000,0x0000,0x0000,
  0x0000,0x6b2c,0x632c,0x630c,0x52ed,0x3ab0,0x22d4,0x12d7,0x0a97,0x1a74,0x2a30,0x428d,0x5aed,0x632d,0x634c,0x0000,
  0x0000,0x0000,0x0000,0x0000,0x0000,0x0000,0x0000,0x0000,0x0000,0x0000,0x0000,0x0000,0x0000,0x0000,0x0000,0x0000,
  0x0000,0x0000,0x0000,0x0000,0x0000,0x0000,0x0000,0x0000,0x0000,0x0000,0x0000,0x0000,0x0000,0x0000,0x0000,0x0000,
  0x0000,0x0000,0x0000,0x0000,0x0000,0x0000,0x0000,0x0000,0x0000,0x0000,0x0000,0x0000,0x0000,0x0000,0x0000,0x0000,
  0x0000,0x0000,0x0000,0x0000,0x0000,0x0000,0x0000,0x0000,0x0000,0x0000,0x0000,0x0000,0x0000,0x0000,0x0000,0x0000,
  0x0000,0x736d,0x738e,0x5b2f,0x328f,0x1a51,0x1ab4,0x2b17,0x22d6,0x1213,0x096e,0x21ad,0x4aad,0x632d,0x6b4c,0x0000,
  0x0000,0x0000,0x0000,0x0000,0x0000,0x0000,0x0000,0x0000,0x0000,0x0000,0x0000,0x0000,0x0000,0x0000,0x0000,0x0000,
  0x0000,0x0000,0x0000,0x0000,0x0000,0x0000,0x0000,0x0000,0x0000,0x0000,0x0000,0x0000,0x0000,0x0000,0x0000,0x0000,
  0x0000,0x0000,0x0000,0x0000,0x0000,0x0000,0x0000,0x0000,0x0000,0x0000,0x0000,0x0000,0x0000,0x0000,0x0000,0x0000,
  0x0000,0x0000,0x0000,0x0000,0x0000,0x0000,0x0000,0x0000,0x0000,0x0000,0x0000,0x0000,0x0000,0x0000,0x0000,0x0000,
  0x4a6a,0x5aeb,0x5aed,0x42af,0x3291,0x53b5,0x9ddb,0xd75e,0xd71e,0x9539,0x42f2,0x21ce,0x322d,0x52ad,0x5acc,0x4a6a,
  0x0000,0x0000,0x0000,0x0000,0x0000,0x0000,0x0000,0x0000,0x0000,0x0000,0x0000,0x0000,0x0000,0x0000,0x0000,0x0000,
  0x0000,0x0000,0x0000,0x0000,0x0000,0x0000,0x0000,0x0000,0x0000,0x0000,0x0000,0x0000,0x0000,0x0000,0x0000,0x0000,
  0x0000,0x0000,0x0000,0x0000,0x0000,0x0000,0x0000,0x0000,0x0000,0x0000,0x0000,0x0000,0x0000,0x0000,0x0000,0x0000,
  0x0000,0x0000,0x0000,0x0000,0x0000,0x0000,0x0000,0x0000,0x0000,0x0000,0x0000,0x0000,0x0000,0x0000,0x0000,0x0000,
  0x424a,0x4a8c,0x52ee,0x5b50,0x6bf2,0x9d37,0xd6dc,0xffdf,0xffdf,0xd6fc,0x9558,0x63b3,0x4290,0x31ed,0x298b,0x2988,
  0x31a6,0x0000,0x0000,0x0000,0x0000,0x0000,0x0000,0x0000,0x0000,0x0000,0x0000,0x0000,0x0000,0x0000,0x0000,0x0000,
  0x0000,0x0000,0x0000,0x0000,0x0000,0x0000,0x0000,0x0000,0x0000,0x0000,0x0000,0x0000,0x0000,0x0000,0x0000,0x0000,
  0x0000,0x0000,0x0000,0x0000,0x0000,0x0000,0x0000,0x0000,0x0000,0x0000,0x0000,0x0000,0x0000,0x0000,0x0000,0x0000,
  0x0000,0x0000,0x0000,0x0000,0x0000,0x0000,0x0000,0x0000,0x0000,0x0000,0x0000,0x0000,0x0000,0x0000,0x0000,0x2987,
  0x29ea,0x328f,0x4372,0x6434,0x9516,0xc639,0xef5d,0xffdf,0xffff,0xe77d,0xb639,0x84b5,0x5331,0x320d,0x2149,0x2127,
  0x2125,0x2944,0x0000,0x0000,0x0000,0x0000,0x0000,0x0000,0x0000,0x0000,0x0000,0x0000,0x0000,0x0000,0x0000,0x0000,
  0x0000,0x0000,0x0000,0x0000,0x0000,0x0000,0x0000,0x0000,0x0000,0x0000,0x0000,0x0000,0x0000,0x0000,0x0000,0x0000,
  0x0000,0x0000,0x0000,0x0000,0x0000,0x0000,0x0000,0x0000,0x0000,0x0000,0x0000,0x0000,0x0000,0x0000,0x0000,0x0000,
  0x0000,0x0000,0x0000,0x0000,0x0000,0x0000,0x0000,0x0000,0x0000,0x0000,0x0000,0x0000,0x4229,0x39e7,0x31a6,0x2965,
  0x1967,0x19aa,0x2a6e,0x5392,0x8494,0xacf4,0xb4b1,0xb42e,0xb42e,0xb490,0xacd2,0x9452,0x6b4f,0x4a2b,0x3168,0x2946,
  0x2966,0x31a7,0x39c7,0x3a09,0x0000,0x0000,0x0000,0x0000,0x0000,0x0000,0x0000,0x0000,0x0000,0x0000,0x0000,0x0000,
  0x0000,0x0000,0x0000,0x0000,0x0000,0x0000,0x0000,0x0000,0x0000,0x0000,0x0000,0x0000,0x0000,0x0000,0x0000,0x0000,
  0x0000,0x0000,0x0000,0x0000,0x0000,0x0000,0x0000,0x0000,0x0000,0x0000,0x0000,0x0000,0x0000,0x0000,0x0000,0x0000,
  0x0000,0x0000,0x0000,0x0000,0x0000,0x0000,0x0000,0x0000,0x0000,0x29c9,0x5b4e,0x8c93,0x9d15,0x94b2,0x738d,0x4a69,
  0x31c9,0x29aa,0x318b,0x4169,0x61c8,0x9329,0xcccc,0xf62e,0xf60d,0xdca8,0xa2c5,0x6984,0x4147,0x2949,0x1949,0x1927,
  0x31a7,0x5acb,0x8430,0x94f3,0x8cb3,0x6baf,0x0000,0x0000,0x0000,0x0000,0x0000,0x0000,0x0000,0x0000,0x0000,0x0000,
  0x0000,0x0000,0x0000,0x0000,0x0000,0x0000,0x0000,0x0000,0x0000,0x0000,0x0000,0x0000,0x0000,0x0000,0x0000,0x0000,
  0x0000,0x0000,0x0000,0x0000,0x0000,0x0000,0x0000,0x0000,0x0000,0x0000,0x0000,0x0000,0x0000,0x0000,0x0000,0x0000,
  0x0000,0x0000,0x0000,0x0000,0x0000,0x0000,0x0000,0x0000,0x012e,0x0a11,0x4bb6,0x957a,0xc65a,0xc5f6,0x9470,0x52ec,
  0x320a,0x21ab,0x318b,0x5168,0x8206,0xb388,0xe5ad,0xff50,0xff2e,0xf568,0xcb01,0x9180,0x6104,0x3128,0x192a,0x1129,
  0x31c9,0x6b6d,0xad33,0xc617,0xa598,0x6435,0x22b1,0x01ce,0x014b,0x0000,0x0000,0x0000,0x0000,0x0000,0x0000,0x0000,
  0x0000,0x0000,0x0000,0x0000,0x0000,0x0000,0x0000,0x0000,0x0000,0x0000,0x0000,0x0000,0x0000,0x0000,0x0000,0x0000,
  0x0000,0x0000,0x0000,0x0000,0x0000,0x0000,0x0000,0x0000,0x0000,0x0000,0x0000,0x0000,0x0000,0x0000,0x0000,0x0000,
  0x0000,0x0000,0x0000,0x0000,0x0000,0x0000,0x2146,0x29ca,0x3aaf,0x53b4,0x7cf8,0xa599,0xadb8,0x9d14,0x7c10,0x530c,
  0x3a4a,0x39e9,0x41c8,0x61a6,0x8a04,0xbb44,0xe505,0xfe26,0xfdc5,0xf422,0xd240,0xa121,0x7124,0x4988,0x31a9,0x29a9,
  0x3a09,0x5aeb,0x83ee,0x9c92,0x9cb4,0x8454,0x5b72,0x428f,0x29cc,0x2149,0x1907,0x0000,0x0000,0x0000,0x0000,0x0000,
  0x0000,0x0000,0x0000,0x0000,0x0000,0x0000,0x0000,0x0000,0x0000,0x0000,0x0000,0x0000,0x0000,0x0000,0x0000,0x0000,
  0x0000,0x0000,0x0000,0x0000,0x0000,0x0000,0x0000,0x0000,0x0000,0x0000,0x0000,0x0000,0x0000,0x0000,0x0000,0x0000,
  0x0000,0x0000,0x0000,0x31c9,0x52ec,0x8431,0xad95,0xce99,0xd6db,0xbe5b,0x9518,0x5bb4,0x3a91,0x324d,0x428c,0x5b0c,
  0x632d,0x732d,0x830c,0x9a87,0xb242,0xd2a0,0xeb81,0xfc43,0xfc23,0xf321,0xda00,0xb9a1,0x99c4,0x7a48,0x62aa,0x52ca,
  0x4aa9,0x4a69,0x4a4a,0x528d,0x6351,0x7c96,0x959a,0xae3b,0xbe1a,0xad56,0x8c31,0x5acd,0x31c9,0x0000,0x0000,0x0000,
  0x0000,0x0000,0x0000,0x0000,0x0000,0x0000,0x0000,0x0000,0x0000,0x0000,0x0000,0x0000,0x0000,0x0000,0x0000,0x0000,
  0x0000,0x0000,0x0000,0x0000,0x0000,0x0000,0x0000,0x0000,0x0000,0x116b,0x116b,0x0000,0x0000,0x0000,0x0000,0x0000,
  0x0000,0x4aac,0x73f1,0x9d36,0xc619,0xd69b,0xe6fb,0xef1b,0xdeda,0xbe17,0x8cb4,0x5330,0x2a2e,0x21cc,0x322b,0x4aac,
  0x632d,0x734e,0x8b4b,0xaae7,0xca81,0xe2a0,0xf320,0xfb82,0xfb82,0xf300,0xe260,0xca41,0xb285,0x92e8,0x72eb,0x5acc,
  0x4a6b,0x31eb,0x29ca,0x2a0b,0x42ef,0x6433,0x8d77,0xb65a,0xd69a,0xdeba,0xde9a,0xce58,0xa555,0x73d0,0x4a6b,0x2967,
  0x0000,0x0000,0x0000,0x0000,0x0000,0x11ac,0x098c,0x0000,0x0000,0x0000,0x0000,0x0000,0x0000,0x0000,0x0000,0x0000,
  0x0000,0x0000,0x0000,0x0000,0x0000,0x0000,0x0000,0x2293,0x2273,0x2273,0x19f0,0x094b,0x00a8,0x08c6,0x31e9,0x6b90,
  0x9d36,0xce7b,0xe73d,0xf79e,0xf79e,0xef3d,0xdedc,0xdefc,0xe71d,0xd6bb,0xa578,0x6bd2,0x3a8d,0x29ca,0x31e9,0x4a8c,
  0x6b70,0x8c53,0xac92,0xc42c,0xd3a5,0xdbc2,0xecc3,0xf586,0xf565,0xec62,0xe340,0xdb02,0xc389,0xac0f,0x83b1,0x5aef,
  0x39eb,0x2168,0x2168,0x3a0a,0x634f,0x94d5,0xbe1a,0xcebc,0xd6dc,0xdefc,0xe75d,0xef9e,0xef7e,0xdefc,0xbdf9,0x9494,
  0x630d,0x39a7,0x1905,0x1107,0x11ab,0x1a30,0x2253,0x1a13,0x19d1,0x0000,0x0000,0x0000,0x0000,0x0000,0x0000,0x0000,
  0x0000,0x0000,0x0000,0x0000,0x0000,0x0000,0x1a35,0x22fb,0x231b,0x2297,0x11d0,0x010c,0x00eb,0x098f,0x3ad3,0x8cd7,
  0xd6bc,0xffde,0xffff,0xf7be,0xef5d,0xe73c,0xd6ba,0xbdf8,0x9cd4,0x7bd0,0x5b0e,0x426b,0x320a,0x29a8,0x29a7,0x424a,
  0x6370,0x8c96,0xa516,0xac91,0xb3ea,0xc405,0xdd26,0xf647,0xf626,0xece3,0xd3a2,0xc386,0xb42f,0xa4d5,0x7c75,0x5331,
  0x320a,0x2967,0x2987,0x39e9,0x424b,0x5acd,0x6b90,0x8c73,0xad76,0xc659,0xd6db,0xdf1c,0xe75d,0xf79e,0xef5d,0xce3a,
  0x8476,0x3ab1,0x096d,0x00eb,0x010b,0x09b0,0x1a57,0x22ba,0x2299,0x19d4,0x0000,0x0000,0x0000,0x0000,0x0000,0x0000,
  0x0000,0x0000,0x0000,0x0000,0x0000,0x0950,0x11f5,0x1aba,0x1adb,0x1278,0x09d2,0x016f,0x098f,0x2252,0x5395,0x9518,
  0xce9a,0xffbd,0xfffe,0xf7bd,0xce59,0x8c94,0x5331,0x3292,0x22b5,0x1ad6,0x1254,0x098f,0x00e9,0x0085,0x10a4,0x39a6,
  0x734c,0xacf3,0xcdf8,0xce39,0xbdb6,0xacf2,0xa46e,0x9c2b,0x9c0b,0xa44d,0xb4d1,0xc574,0xc5d5,0xb594,0x94b0,0x634a,
  0x39c5,0x18e2,0x10a3,0x08c6,0x012b,0x01b1,0x01f3,0x01d1,0x11ae,0x3a6e,0x7412,0xbdf8,0xef7d,0xffff,0xfffe,0xdefb,
  0xa598,0x6415,0x2ad3,0x1232,0x01f3,0x0a16,0x0a59,0x125b,0x1a39,0x11b5,0x092f,0x0000,0x0000,0x0000,0x0000,0x0000,
  0x0000,0x0000,0x0000,0x0000,0x092f,0x0993,0x1259,0x12bc,0x12bb,0x0a78,0x01f4,0x0171,0x0171,0x1a14,0x4b77,0x9d5a,
  0xdedb,0xf77b,0xef1a,0xbdb6,0x73f0,0x320b,0x08c8,0x00ca,0x096e,0x1a10,0x1a10,0x116c,0x08e8,0x00a5,0x10e5,0x31a7,
  0x6acb,0x9c4f,0xcdb5,0xe6fa,0xf79e,0xefdf,0xef9f,0xe75e,0xe75e,0xef9f,0xefbf,0xef5d,0xd659,0xb514,0x83ae,0x5248,
  0x2945,0x10a3,0x0064,0x00a7,0x096d,0x1a31,0x1a73,0x09d0,0x00eb,0x08e9,0x31eb,0x73b0,0xb5b6,0xef1b,0xffbd,0xe73c,
  0xadb8,0x63d3,0x2a70,0x09d0,0x01d2,0x0a15,0x1239,0x1a5a,0x1a39,0x11d7,0x0952,0x010e,0x0000,0x0000,0x0000,0x0000,
  0x0000,0x0000,0x0000,0x090c,0x0971,0x09d5,0x0a7a,0x02bb,0x02bb,0x0258,0x01f4,0x01b2,0x11f2,0x32b4,0x6c17,0xadba,
  0xd6bb,0xd679,0xa513,0x632d,0x31c8,0x2125,0x2104,0x3185,0x4227,0x5289,0x5268,0x41e7,0x2945,0x18c3,0x10c4,0x2146,
  0x426a,0x73f0,0xa555,0xce7a,0xe73c,0xef5d,0xef5c,0xe71c,0xdf1c,0xe73c,0xe73c,0xdebb,0xbdb8,0x9c74,0x6b0e,0x39c9,
  0x1905,0x10a3,0x18e3,0x2985,0x4a68,0x630b,0x6b2b,0x5ac9,0x39e7,0x2124,0x10c3,0x2105,0x4a4a,0x8c51,0xc5f8,0xd69a,
  0xb5d9,0x7456,0x3b14,0x1273,0x0235,0x0257,0x0258,0x0279,0x0a58,0x0a17,0x09b3,0x014f,0x090c,0x08c8,0x0000,0x0000,
  0x0000,0x0000,0x08c8,0x00eb,0x012f,0x0173,0x01f7,0x0a99,0x235a,0x4c39,0x7d18,0x9d97,0xadd6,0xadb6,0xadb7,0xb5b7,
  0xa555,0x8411,0x4a6b,0x2126,0x10a4,0x2105,0x39e9,0x5b0d,0x73af,0x7bcf,0x6b6e,0x52ab,0x2987,0x10a4,0x0842,0x0882,
  0x2925,0x526b,0x8c11,0xbd97,0xe6dc,0xf77e,0xef7d,0xdf3c,0xdf1c,0xef7d,0xef7d,0xdedb,0xb597,0x8412,0x52ac,0x2967,
  0x18c4,0x18c3,0x2125,0x3a08,0x52cc,0x636d,0x6b6e,0x632c,0x4a6a,0x3186,0x10a3,0x0862,0x18e4,0x4229,0x73b0,0x9cd5,
  0xad78,0xad78,0xad98,0xb5b7,0xa575,0x8d15,0x6455,0x3377,0x1ad8,0x0279,0x0217,0x01b4,0x014f,0x090a,0x10e7,0x0000,
  0x0000,0x0089,0x00ab,0x010e,0x11d2,0x32f7,0x74bb,0xb63c,0xe77e,0xffff,0xfffe,0xf79d,0xd6fb,0xb618,0x9535,0x7431,
  0x5b2d,0x3a09,0x1905,0x0862,0x0862,0x18c4,0x2987,0x4a6a,0x5b0c,0x632c,0x5aec,0x4249,0x2966,0x18c4,0x1082,0x0862,
  0x0883,0x2126,0x4a8b,0x8c93,0xce7b,0xf79f,0xf7df,0xef9d,0xef7d,0xf7be,0xef7e,0xce5a,0x9494,0x5acd,0x2947,0x1083,
  0x0861,0x0882,0x18e4,0x3187,0x4a8a,0x5b2d,0x636d,0x5b0c,0x424a,0x2966,0x10a4,0x1062,0x1082,0x18e4,0x31a8,0x4a6c,
  0x6b71,0x8c76,0xad79,0xce9b,0xef5d,0xfffe,0xffff,0xf7be,0xc67d,0x84da,0x4316,0x11d2,0x00ee,0x008c,0x006b,0x0000,
  0x0000,0x0066,0x2149,0x4aae,0x94b4,0xce9a,0xef7d,0xe75c,0xd6bb,0xbdf8,0x9d16,0x8473,0x73d1,0x634e,0x4aab,0x31c8,
  0x2105,0x1083,0x0862,0x1083,0x10a3,0x18c4,0x2946,0x424a,0x636e,0x73f0,0x6baf,0x52ec,0x31c8,0x2105,0x10a3,0x1082,
  0x1082,0x18c3,0x3186,0x526a,0x6b4d,0x6b6e,0x5aec,0x426a,0x424a,0x52cc,0x632e,0x5b0d,0x4a4b,0x2967,0x10c4,0x0842,
  0x0841,0x1083,0x2105,0x39e9,0x5b2e,0x7431,0x7c72,0x6bf0,0x4aac,0x3188,0x18e5,0x18c3,0x10a2,0x0882,0x1083,0x18e5,
  0x3188,0x4a4c,0x630f,0x73b1,0x8453,0x9d15,0xb5d8,0xc659,0xd6ba,0xd6bb,0xb5d8,0x7c33,0x4a8e,0x216a,0x08a8,0x0000,
  0x0000,0x3187,0x39e8,0x4a6b,0x5aed,0x634f,0x5b0e,0x424b,0x31c9,0x2967,0x2146,0x2126,0x18e5,0x10c4,0x10a3,0x0883,
  0x0883,0x1083,0x10a3,0x18c4,0x2105,0x2966,0x39e8,0x52aa,0x636c,0x73ad,0x6b8c,0x5aea,0x4228,0x31a7,0x2146,0x1905,
  0x10a3,0x1082,0x1083,0x10c3,0x1905,0x2147,0x29a8,0x31c9,0x31c9,0x29a9,0x2967,0x1926,0x10c4,0x10a3,0x1083,0x10a4,
  0x18e5,0x2126,0x3187,0x4229,0x5aeb,0x738d,0x7bcd,0x6b6c,0x52aa,0x39e8,0x2966,0x2125,0x18e4,0x10a3,0x0882,0x0862,
  0x0883,0x10a3,0x18e5,0x2126,0x2147,0x2147,0x2967,0x31a8,0x420a,0x52ac,0x630e,0x5b0d,0x52ac,0x424b,0x422a,0x0000,
  0x0000,0x0000,0x0000,0x0000,0x0000,0x0000,0x0000,0x0000,0x0000,0x0000,0x0000,0x0000,0x0000,0x0000,0x0000,0x0000,
  0x10a3,0x1083,0x10a3,0x18c5,0x1928,0x218c,0x2a50,0x4b54,0x6c15,0x7475,0x6435,0x4373,0x2a90,0x19cd,0x1169,0x1105,
  0x10c3,0x10a2,0x08a3,0x10c4,0x18e5,0x2147,0x29a8,0x29c9,0x31c9,0x29a9,0x2168,0x1906,0x10e4,0x10a3,0x10a3,0x18c3,
  0x2105,0x2148,0x29cc,0x3a90,0x5374,0x6457,0x6c97,0x5c36,0x3b54,0x2270,0x19cc,0x1968,0x1925,0x18e4,0x10a3,0x10a3,
  0x0000,0x0000,0x0000,0x0000,0x0000,0x0000,0x0000,0x0000,0x0000,0x0000,0x0000,0x0000,0x0000,0x0000,0x0000,0x0000,
  0x0000,0x0000,0x0000,0x0000,0x0000,0x0000,0x0000,0x0000,0x0000,0x0000,0x0000,0x0000,0x0000,0x0000,0x0000,0x0000,
  0x0000,0x10c6,0x08cb,0x0951,0x1236,0x337b,0x5cff,0x965f,0xc71f,0xdf7f,0xd77f,0xb6df,0x7dbf,0x443c,0x22d7,0x0991,
  0x00ea,0x0885,0x1082,0x0000,0x0000,0x0000,0x0000,0x0000,0x0000,0x0000,0x0000,0x0000,0x0000,0x18c4,0x08c7,0x010c,
  0x0192,0x1297,0x33db,0x655e,0x9e7f,0xc71f,0xd75f,0xcf3f,0xa69f,0x6d5e,0x3bda,0x1a75,0x094f,0x08a8,0x0863,0x1060,
  0x0000,0x0000,0x0000,0x0000,0x0000,0x0000,0x0000,0x0000,0x0000,0x0000,0x0000,0x0000,0x0000,0x0000,0x0000,0x0000,
  0x0000,0x0000,0x0000,0x0000,0x0000,0x0000,0x0000,0x0000,0x0000,0x0000,0x0000,0x0000,0x0000,0x0000,0x0000,0x0000,
  0x0000,0x22d9,0x237d,0x345f,0x559f,0x8ebf,0xc7bf,0xefff,0xffff,0xffff,0xffff,0xffff,0xefff,0xb71f,0x7dff,0x4cbf,
  0x2b9c,0x2298,0x0000,0x0000,0x0000,0x0000,0x0000,0x0000,0x0000,0x0000,0x0000,0x0000,0x0000,0x0000,0x1ab9,0x1b9d,
  0x349f,0x5ddf,0x9eff,0xd7df,0xf7ff,0xffff,0xffff,0xffff,0xffff,0xd7bf,0x9ebf,0x5d5f,0x2c1e,0x12fa,0x1236,0x0000,
  0x0000,0x0000,0x0000,0x0000,0x0000,0x0000,0x0000,0x0000,0x0000,0x0000,0x0000,0x0000,0x0000,0x0000,0x0000,0x0000,
  0x0000,0x0000,0x0000,0x0000,0x0000,0x0000,0x0000,0x0000,0x0000,0x0000,0x0000,0x0000,0x0000,0x0000,0x0000,0x0000,
  0x2aff,0x2b5f,0x343f,0x4d3f,0x763f,0xa71f,0xd79f,0xf7ff,0xffff,0xffdf,0xffdf,0xffff,0xefdf,0xc79e,0x96fe,0x65df,
  0x44df,0x339f,0x2aff,0x229f,0x0000,0x0000,0x0000,0x0000,0x0000,0x0000,0x0000,0x0000,0x0000,0x2b1f,0x2b9f,0x449f,
  0x659f,0x8ebf,0xc77f,0xf7df,0xffff,0xffdf,0xffdf,0xffdf,0xffff,0xefdf,0xc77f,0x8e9f,0x5d7f,0x3c7f,0x2b7f,0x22df,
  0x229e,0x0000,0x0000,0x0000,0x0000,0x0000,0x0000,0x0000,0x0000,0x0000,0x0000,0x0000,0x0000,0x0000,0x0000,0x0000,
  0x0000,0x0000,0x0000,0x0000,0x0000,0x0000,0x0000,0x0000,0x0000,0x0000,0x0000,0x0000,0x0000,0x0000,0x0000,0x32bd,
  0x32dd,0x2b1e,0x2bbf,0x349f,0x5dbf,0x8ebf,0xc77f,0xe7df,0xffff,0xffff,0xffff,0xffff,0xdfbf,0xb75f,0x869f,0x557f,
  0x3c5f,0x2b3e,0x2a9e,0x2a7d,0x0000,0x0000,0x0000,0x0000,0x0000,0x0000,0x0000,0x0000,0x2abe,0x2afe,0x2b9f,0x3c9f,
  0x557f,0x869f,0xb75f,0xe7bf,0xffff,0xffff,0xffdf,0xffdf,0xf7df,0xdfbf,0xbf7f,0x96bf,0x659f,0x449f,0x339f,0x2afe,
  0x2abd,0x0000,0x0000,0x0000,0x0000,0x0000,0x0000,0x0000,0x0000,0x0000,0x0000,0x0000,0x0000,0x0000,0x0000,0x0000,
  0x0000,0x0000,0x0000,0x0000,0x0000,0x0000,0x0000,0x0000,0x0000,0x0000,0x0000,0x0000,0x0000,0x0000,0x0000,0x0000,
  0x0000,0x2afe,0x237f,0x343f,0x4d1f,0x761f,0xa71f,0xd7bf,0xf7ff,0xffff,0xffff,0xf7ff,0xd79f,0x9edf,0x6ddf,0x44df,
  0x2bbf,0x22de,0x2a5e,0x0000,0x0000,0x0000,0x0000,0x0000,0x0000,0x0000,0x0000,0x0000,0x0000,0x32bf,0x2b1f,0x33df,
  0x44bf,0x5dbf,0x869f,0xaf5f,0xdfdf,0xf7ff,0xffff,0xffff,0xe7df,0xbf5f,0x96bf,0x6ddf,0x4cff,0x341f,0x2b5f,0x2afe,
  0x0000,0x0000,0x0000,0x0000,0x0000,0x0000,0x0000,0x0000,0x0000,0x0000,0x0000,0x0000,0x0000,0x0000,0x0000,0x0000,
  0x0000,0x0000,0x0000,0x0000,0x0000,0x0000,0x0000,0x0000,0x0000,0x0000,0x0000,0x0000,0x0000,0x0000,0x0000,0x0000,
  0x0000,0x0000,0x333e,0x339f,0x3c5f,0x4d3f,0x763f,0xaf1f,0xdf9f,0xffff,0xffff,0xe7df,0xaf3f,0x7e3f,0x553f,0x3c3f,
  0x2b7f,0x2aff,0x32de,0x0000,0x0000,0x0000,0x0000,0x0000,0x0000,0x0000,0x0000,0x0000,0x0000,0x0000,0x0000,0x2b1f,
  0x339f,0x449f,0x5d9f,0x8ebf,0xc79f,0xefff,0xffff,0xf7ff,0xd7bf,0xa6ff,0x761f,0x4cff,0x341f,0x2b7f,0x2afe,0x32de,
  0x0000,0x0000,0x0000,0x0000,0x0000,0x0000,0x0000,0x0000,0x0000,0x0000,0x0000,0x0000,0x0000,0x0000,0x0000,0x0000,
  0x0000,0x0000,0x0000,0x0000,0x0000,0x0000,0x0000,0x0000,0x0000,0x0000,0x0000,0x0000,0x0000,0x0000,0x0000,0x0000,
  0x0000,0x0000,0x0000,0x22df,0x233f,0x2bff,0x4cff,0x863f,0xc73f,0xe7df,0xefff,0xc79f,0x8e9f,0x657f,0x3c5f,0x237f,
  0x22ff,0x0000,0x0000,0x0000,0x0000,0x0000,0x0000,0x0000,0x0000,0x0000,0x0000,0x0000,0x0000,0x0000,0x0000,0x2a9e,
  0x2adf,0x2b7f,0x449f,0x6ddf,0xa6ff,0xdfbf,0xf7ff,0xe7df,0xaf3f,0x761f,0x4d1f,0x341f,0x235f,0x22ff,0x0000,0x0000,
  0x0000,0x0000,0x0000,0x0000,0x0000,0x0000,0x0000,0x0000,0x0000,0x0000,0x0000,0x0000,0x0000,0x0000,0x0000,0x0000,
  0x0000,0x0000,0x0000,0x0000,0x0000,0x0000,0x0000,0x0000,0x0000,0x0000,0x0000,0x0000,0x0000,0x0000,0x0000,0x0000,
  0x0000,0x0000,0x0000,0x2a9f,0x22bf,0x233f,0x3c1f,0x6d5f,0xaedf,0xcfbf,0xcfdf,0xa6ff,0x6d9f,0x449f,0x2b9f,0x1aff,
  0x1abe,0x0000,0x0000,0x0000,0x0000,0x0000,0x0000,0x0000,0x0000,0x0000,0x0000,0x0000,0x0000,0x0000,0x0000,0x0000,
  0x32bf,0x331f,0x33bf,0x4cdf,0x861f,0xbf3f,0xd7df,0xbf9f,0x8ebf,0x557f,0x347f,0x2b7f,0x22df,0x0000,0x0000,0x0000,
  0x0000,0x0000,0x0000,0x0000,0x0000,0x0000,0x0000,0x0000,0x0000,0x0000,0x0000,0x0000,0x0000,0x0000,0x0000,0x0000,
  0x0000,0x0000,0x0000,0x0000,0x0000,0x0000,0x0000,0x0000,0x0000,0x0000,0x0000,0x0000,0x0000,0x0000,0x0000,0x0000,
  0x0000,0x0000,0x0000,0x0000,0x1a7f,0x129f,0x2b3f,0x4c7f,0x861f,0x9f1f,0x9f1f,0x75ff,0x4cbf,0x339f,0x22df,0x1a5f,
  0x0000,0x0000,0x0000,0x0000,0x0000,0x0000,0x0000,0x0000,0x0000,0x0000,0x0000,0x0000,0x0000,0x0000,0x0000,0x0000,
  0x0000,0x1a7f,0x1b1f,0x33ff,0x5d5f,0x869f,0x9f5f,0x8ebf,0x657f,0x3c3f,0x2b5f,0x22bf,0x0000,0x0000,0x0000,0x0000,
  0x0000,0x0000,0x0000,0x0000,0x0000,0x0000,0x0000,0x0000,0x0000,0x0000,0x0000,0x0000,0x0000,0x0000,0x0000,0x0000,
  0x0000,0x0000,0x0000,0x0000,0x0000,0x0000,0x0000,0x0000,0x0000,0x0000,0x0000,0x0000,0x0000,0x0000,0x0000,0x0000,
  0x0000,0x0000,0x0000,0x0000,0x0000,0x123f,0x22bf,0x33bf,0x551f,0x6e1f,0x65ff,0x4d1f,0x3bff,0x2b3f,0x22bf,0x0000,
  0x0000,0x0000,0x0000,0x0000,0x0000,0x0000,0x0000,0x0000,0x0000,0x0000,0x0000,0x0000,0x0000,0x0000,0x0000,0x0000,
  0x0000,0x0000,0x1a7f,0x2b1f,0x445f,0x659f,0x6e5f,0x65bf,0x449f,0x2b7f,0x1abf,0x1a5f,0x0000,0x0000,0x0000,0x0000,
  0x0000,0x0000,0x0000,0x0000,0x0000,0x0000,0x0000,0x0000,0x0000,0x0000,0x0000,0x0000,0x0000,0x0000,0x0000,0x0000,
  0x0000,0x0000,0x0000,0x0000,0x0000,0x0000,0x0000,0x0000,0x0000,0x0000,0x0000,0x0000,0x0000,0x0000,0x0000,0x0000,
  0x0000,0x0000,0x0000,0x0000,0x0000,0x0000,0x1a5e,0x2b1e,0x3bff,0x447f,0x449f,0x3bff,0x2b3f,0x2afe,0x0000,0x0000,
  0x0000,0x0000,0x0000,0x0000,0x0000,0x0000,0x0000,0x0000,0x0000,0x0000,0x0000,0x0000,0x0000,0x0000,0x0000,0x0000,
  0x0000,0x0000,0x0000,0x227f,0x2b5f,0x3c5f,0x44bf,0x3c7f,0x339f,0x22bf,0x1a5e,0x0000,0x0000,0x0000,0x0000,0x0000,
  0x0000,0x0000,0x0000,0x0000,0x0000,0x0000,0x0000,0x0000,0x0000,0x0000,0x0000,0x0000,0x0000,0x0000,0x0000,0x0000,
  0x0000,0x0000,0x0000,0x0000,0x0000,0x0000,0x0000,0x0000,0x0000,0x0000,0x0000,0x0000,0x0000,0x0000,0x0000,0x0000,
  0x0000,0x0000,0x0000,0x0000,0x0000,0x0000,0x0000,0x0000,0x2b7f,0x2bbf,0x2bbf,0x2b5f,0x22ff,0x0000,0x0000,0x0000,
  0x0000,0x0000,0x0000,0x0000,0x0000,0x0000,0x0000,0x0000,0x0000,0x0000,0x0000,0x0000,0x0000,0x0000,0x0000,0x0000,
  0x0000,0x0000,0x0000,0x0000,0x233f,0x2b9f,0x2bdf,0x2b9f,0x231f,0x0000,0x0000,0x0000,0x0000,0x0000,0x0000,0x0000,
  0x0000,0x0000,0x0000,0x0000,0x0000,0x0000,0x0000,0x0000,0x0000,0x0000,0x0000,0x0000,0x0000,0x0000,0x0000,0x0000,
  0x0000,0x0000,0x0000,0x0000,0x0000,0x0000,0x0000,0x0000,0x0000,0x0000,0x0000,0x0000,0x0000,0x0000,0x0000,0x0000,
  0x0000,0x0000,0x0000,0x0000,0x0000,0x0000,0x0000,0x0000,0x0000,0x1b1f,0x1aff,0x0000,0x0000,0x0000,0x0000,0x0000,
  0x0000,0x0000,0x0000,0x0000,0x0000,0x0000,0x0000,0x0000,0x0000,0x0000,0x0000,0x0000,0x0000,0x0000,0x0000,0x0000,
  0x0000,0x0000,0x0000,0x0000,0x0000,0x231f,0x231f,0x22ff,0x0000,0x0000,0x0000,0x0000,0x0000,0x0000,0x0000,0x0000,
  0x0000,0x0000,0x0000,0x0000,0x0000,0x0000,0x0000,0x0000,0x0000,0x0000,0x0000,0x0000,0x0000,0x0000,0x0000,0x0000,
  0x0000,0x0000,0x0000,0x0000,0x0000,0x0000,0x0000,0x0000,0x0000,0x0000,0x0000,0x0000,0x0000,0x0000,0x0000,0x0000,
  0x0000,0x0000,0x0000,0x0000,0x0000,0x0000,0x0000,0x0000,0x0000,0x0000,0x0000,0x0000,0x0000,0x0000,0x0000,0x0000,
  0x0000,0x0000,0x0000,0x0000,0x0000,0x0000,0x0000,0x0000,0x0000,0x0000,0x0000,0x0000,0x0000,0x0000,0x0000,0x0000,
  0x0000,0x0000,0x0000,0x0000,0x0000,0x0000,0x0000,0x0000,0x0000,0x0000,0x0000,0x0000,0x0000,0x0000,0x0000,0x0000,
  0x0000,0x0000,0x0000,0x0000,0x0000,0x0000,0x0000,0x0000,0x0000,0x0000,0x0000,0x0000,0x0000,0x0000,0x0000,0x0000,
  0x0000,0x0000,0x0000,0x0000,0x0000,0x0000,0x0000,0x0000,0x0000,0x0000,0x0000,0x0000,0x0000,0x0000,0x0000,0x0000,
  0x0000,0x0000,0x0000,0x0000,0x0000,0x0000,0x0000,0x0000,0x0000,0x0000,0x0000,0x0000,0x0000,0x0000,0x0000,0x0000,
  0x0000,0x0000,0x0000,0x0000,0x0000,0x0000,0x0000,0x0000,0x0000,0x0000,0x0000,0x0000,0x0000,0x0000,0x0000,0x0000,
  0x0000,0x0000,0x0000,0x0000,0x0000,0x0000,0x0000,0x0000,0x0000,0x0000,0x0000,0x0000,0x0000,0x0000,0x0000,0x0000,
  0x0000,0x0000,0x0000,0x0000,0x0000,0x0000,0x0000,0x0000,0x0000,0x0000,0x0000,0x0000,0x0000,0x0000,0x0000,0x0000,
  0x0000,0x0000,0x0000,0x0000,0x0000,0x0000,0x0000,0x0000,0x0000,0x0000,0x0000,0x0000,0x0000,0x0000,0x0000,0x0000,
  0x0000,0x0000,0x0000,0x0000,0x0000,0x0000,0x0000,0x0000,0x0000,0x0000,0x0000,0x0000,0x0000,0x0000,0x0000,0x0000,
  0x0000,0x0000,0x0000,0x0000,0x0000,0x0000,0x0000,0x0000,0x0000,0x0000,0x0000,0x0000,0x0000,0x0000,0x0000,0x0000,
  0x0000,0x0000,0x0000,0x0000,0x0000,0x0000,0x0000,0x0000,0x0000,0x0000,0x0000,0x0000,0x0000,0x0000,0x0000,0x0000,
  0x0000,0x0000,0x0000,0x0000,0x0000,0x0000,0x0000,0x0000,0x0000,0x0000,0x0000,0x0000,0x0000,0x0000,0x0000,0x0000,
  0x0000,0x0000,0x0000,0x0000,0x0000,0x0000,0x0000,0x0000,0x0000,0x0000,0x0000,0x0000,0x0000,0x0000,0x0000,0x0000,
  0x0000,0x0000,0x0000,0x0000,0x0000,0x0000,0x0000,0x0000,0x0000,0x0000,0x0000,0x0000,0x0000,0x0000,0x0000,0x0000,
  0x0000,0x0000,0x0000,0x0000,0x0000,0x0000,0x0000,0x0000,0x0000,0x0000,0x0000,0x0000,0x0000,0x0000,0x0000,0x0000,
  0x0000,0x0000,0x0000,0x0000,0x0000,0x0000,0x0000,0x0000,0x0000,0x0000,0x0000,0x0000,0x0000,0x0000,0x0000,0x0000,
  0x0000,0x0000,0x0000,0x0000,0x0000,0x0000,0x0000,0x0000,0x0000,0x0000,0x0000,0x0000,0x0000,0x0000,0x0000,0x0000,
 },
 {
  0x0000,0x0000,0x0000,0x0000,0x0000,0x0000,0x0000,0x0000,0x0000,0x0000,0x0000,0x0000,0x0000,0x0000,0x0000,0x0000,
  0x0000,0x0000,0x0000,0x0000,0x0000,0x0000,0x0000,0x0000,0x0000,0x0000,0x0000,0x0000,0x0000,0x0000,0x0000,0x0000,
  0x0000,0x0000,0x0000,0x0000,0x0000,0x0000,0x0000,0x0000,0x0000,0x0000,0x0000,0x0000,0x0000,0x0000,0x0000,0x0000,
  0x0000,0x0000,0x0000,0x0000,0x0000,0x0000,0x0000,0x0000,0x0000,0x0000,0x0000,0x0000,0x0000,0x0000,0x0000,0x0000,
  0x0000,0x0000,0x0000,0x0000,0x0000,0x0000,0x0000,0x0000,0x0000,0x0000,0x0000,0x0000,0x0000,0x0000,0x0000,0x0000,
  0x0000,0x0000,0x0000,0x0000,0x0000,0x0000,0x0000,0x0000,0x0000,0x0000,0x0000,0x0000,0x0000,0x0000,0x0000,0x0000,
  0x0000,0x0000,0x0000,0x0000,0x0000,0x0000,0x0000,0x0000,0x0000,0x0000,0x0000,0x0000,0x0000,0x0000,0x0000,0x0000,
  0x0000,0x0000,0x0000,0x0000,0x0000,0x0000,0x0000,0x0000,0x0000,0x0000,0x0000,0x0000,0x0000,0x0000,0x0000,0x0000,
  0x0000,0x0000,0x0000,0x0000,0x0000,0x0000,0x0000,0x0000,0x0000,0x0000,0x0000,0x0000,0x0000,0x0000,0x0000,0x0000,
  0x0000,0x0000,0x0000,0x0000,0x0000,0x0000,0x0000,0x0000,0x0000,0x0000,0x0000,0x0000,0x0000,0x0000,0x0000,0x0000,
  0x0000,0x0000,0x0000,0x0000,0x0000,0x0000,0x0000,0x0000,0x0000,0x0000,0x0000,0x0000,0x0000,0x0000,0x0000,0x0000,
  0x0000,0x0000,0x0000,0x0000,0x0000,0x0000,0x0000,0x0000,0x0000,0x0000,0x0000,0x0000,0x0000,0x0000,0x0000,0x0000,
  0x0000,0x0000,0x0000,0x0000,0x0000,0x0000,0x0000,0x0000,0x0000,0x0000,0x0000,0x0000,0x0000,0x0000,0x0000,0x0000,
  0x0000,0x0000,0x0000,0x0000,0x0000,0x0000,0x0000,0x0000,0x0000,0x0000,0x0000,0x0000,0x0000,0x0000,0x0000,0x0000,
  0x0000,0x0000,0x0000,0x0000,0x0000,0x0000,0x0000,0x0000,0x0000,0x0000,0x0000,0x0000,0x0000,0x0000,0x0000,0x0000,
  0x0000,0x0000,0x0000,0x0000,0x0000,0x0000,0x0000,0x0000,0x0000,0x0000,0x0000,0x0000,0x0000,0x0000,0x0000,0x0000,
  0x0000,0x0000,0x0000,0x0000,0x0000,0x0000,0x0000,0x0000,0x0000,0x0000,0x0000,0x0000,0x0000,0x0000,0x0000,0x0000,
  0x0000,0x4aa6,0x52c7,0x52e7,0x5307,0x0000,0x0000,0x0000,0x0000,0x0000,0x0000,0x5308,0x5b48,0x6368,0x4ae6,0x0000,
  0x0000,0x0000,0x0000,0x0000,0x0000,0x0000,0x0000,0x0000,0x0000,0x0000,0x0000,0x0000,0x0000,0x0000,0x0000,0x0000,
  0x0000,0x0000,0x0000,0x0000,0x0000,0x0000,0x0000,0x0000,0x0000,0x0000,0x0000,0x0000,0x0000,0x0000,0x0000,0x0000,
  0x0000,0x0000,0x0000,0x0000,0x0000,0x0000,0x0000,0x0000,0x0000,0x0000,0x0000,0x0000,0x0000,0x0000,0x0000,0x0000,
  0x0000,0x0000,0x0000,0x0000,0x0000,0x0000,0x0000,0x0000,0x0000,0x0000,0x0000,0x0000,0x0000,0x0000,0x0000,0x0000,
  0x3203,0xae4e,0x952b,0x954b,0xae0e,0x2162,0x0000,0x0000,0x0000,0x0000,0x29a4,0xb630,0x8d4a,0x9d8b,0x954b,0x2161,
  0x0000,0x0000,0x0000,0x0000,0x0000,0x0000,0x0000,0x0000,0x0000,0x0000,0x0000,0x0000,0x0000,0x0000,0x0000,0x0000,
  0x0000,0x0000,0x0000,0x0000,0x0000,0x0000,0x0000,0x0000,0x0000,0x0000,0x0000,0x0000,0x0000,0x0000,0x0000,0x0000,
  0x0000,0x0000,0x0000,0x0000,0x0000,0x0000,0x0000,0x0000,0x0000,0x0000,0x0000,0x0000,0x0000,0x0000,0x0000,0x0000,
  0x0000,0x0000,0x0000,0x0000,0x0000,0x0000,0x0000,0x0000,0x0000,0x0000,0x0000,0x0000,0x0000,0x0000,0x0000,0x1901,
  0x5385,0x8d8a,0x6be7,0x6c27,0x8d6b,0x1101,0x0000,0x0000,0x0000,0x0000,0x31c4,0xa5cf,0x6c26,0x6c26,0x8509,0x42a4,
  0x2121,0x0000,0x0000,0x0000,0x0000,0x0000,0x0000,0x0000,0x0000,0x0000,0x0000,0x0000,0x0000,0x0000,0x0000,0x0000,
  0x0000,0x0000,0x0000,0x0000,0x0000,0x0000,0x0000,0x0000,0x0000,0x0000,0x0000,0x0000,0x0000,0x0000,0x0000,0x0000,
  0x0000,0x0000,0x0000,0x0000,0x0000,0x0000,0x0000,0x0000,0x0000,0x0000,0x0000,0x0000,0x0000,0x0000,0x0000,0x0000,
  0x0000,0x0000,0x0000,0x0000,0x0000,0x0000,0x0000,0x0000,0x0000,0x0000,0x0000,0x0000,0x0000,0x0000,0x0000,0x3203,
  0x6426,0x8d6a,0x7ca9,0x7cca,0x8d6b,0x10c1,0x1082,0x31a7,0x3a08,0x10c2,0x31c3,0xa5ce,0x7ca7,0x7ca8,0x8d2a,0x63a6,
  0x2141,0x0000,0x0000,0x0000,0x0000,0x0000,0x0000,0x0000,0x0000,0x0000,0x0000,0x0000,0x0000,0x0000,0x0000,0x0000,
  0x0000,0x0000,0x0000,0x0000,0x0000,0x0000,0x0000,0x0000,0x0000,0x0000,0x0000,0x0000,0x0000,0x0000,0x0000,0x0000,
  0x0000,0x0000,0x0000,0x0000,0x0000,0x0000,0x0000,0x0000,0x0000,0x0000,0x0000,0x0000,0x0000,0x0000,0x0000,0x0000,
  0x0000,0x0000,0x0000,0x0000,0x0000,0x0000,0x0000,0x0000,0x0000,0x0000,0x0000,0x0000,0x0000,0x0000,0x2982,0x42c4,
  0x6426,0x7d09,0x7cc9,0x850a,0x95cd,0x1101,0x18e3,0x4228,0x4a8a,0x18e4,0x31a3,0x9d8e,0x7ca8,0x84c9,0x74a9,0x5366,
  0x3202,0x2141,0x0000,0x0000,0x0000,0x0000,0x0000,0x0000,0x0000,0x0000,0x0000,0x0000,0x0000,0x0000,0x0000,0x0000,
  0x0000,0x0000,0x0000,0x0000,0x0000,0x0000,0x0000,0x0000,0x0000,0x0000,0x0000,0x0000,0x0000,0x0000,0x0000,0x0000,
  0x0000,0x0000,0x0000,0x0000,0x0000,0x0000,0x0000,0x0000,0x0000,0x0000,0x0000,0x0000,0x0000,0x0000,0x0000,0x0000,
  0x0000,0x0000,0x0000,0x0000,0x0000,0x0000,0x0000,0x0000,0x0000,0x0000,0x0000,0x0000,0x0000,0x10e1,0x3a23,0x4ae5,
  0x8528,0x8509,0x7ca9,0x850a,0x95cc,0x1922,0x18e3,0x4208,0x4208,0x18c3,0x2142,0xadf0,0x84a9,0x7c48,0x7c68,0x6be8,
  0x4aa4,0x3203,0x1921,0x0000,0x0000,0x0000,0x0000,0x0000,0x0000,0x0000,0x0000,0x0000,0x0000,0x0000,0x0000,0x0000,
  0x0000,0x0000,0x0000,0x0000,0x0000,0x0000,0x0000,0x0000,0x0000,0x0000,0x0000,0x0000,0x0000,0x0000,0x0000,0x0000,
  0x0000,0x0000,0x0000,0x0000,0x0000,0x0000,0x0000,0x0000,0x0000,0x0000,0x0000,0x0000,0x0000,0x0000,0x0000,0x0000,
  0x31a5,0x3a06,0x0000,0x0000,0x0000,0x0000,0x0000,0x0000,0x0000,0x0000,0x0000,0x0000,0x0000,0x31c2,0x42a3,0x4b05,
  0x84e9,0x84a9,0x7ca9,0x84e9,0x8d8b,0x1922,0x2104,0x39c7,0x4208,0x18c3,0x2122,0x9dae,0x7c48,0x7c28,0x7c48,0x7428,
  0x4ae5,0x4284,0x29c2,0x0000,0x0000,0x0000,0x0000,0x0000,0x0000,0x0000,0x0000,0x0000,0x0000,0x2984,0x29a4,0x2964,
  0x0000,0x0000,0x0000,0x0000,0x0000,0x0000,0x0000,0x0000,0x0000,0x0000,0x0000,0x0000,0x0000,0x0000,0x0000,0x0000,
  0x0000,0x0000,0x0000,0x0000,0x0000,0x0000,0x0000,0x0000,0x0000,0x0000,0x0000,0x0000,0x0000,0x0000,0x0000,0x10a1,
  0x4247,0x52ea,0x31a5,0x0020,0x0000,0x0000,0x0000,0x0000,0x0000,0x0000,0x0000,0x1901,0x2121,0x4a84,0x4ac3,0x63c6,
  0x84e9,0x7c89,0x7c89,0x7cc9,0x95cc,0x1902,0x2124,0x4228,0x39e7,0x10a3,0x2143,0x958d,0x7407,0x7c48,0x7c48,0x7c49,
  0x63a7,0x4ae5,0x42a4,0x2161,0x0000,0x0000,0x0000,0x0000,0x0000,0x0000,0x0000,0x0000,0x0820,0x4227,0x52e8,0x4247,
  0x1902,0x0000,0x0000,0x0000,0x0000,0x0000,0x0000,0x0000,0x0000,0x0000,0x0000,0x0000,0x0000,0x0000,0x0000,0x0000,
  0x0000,0x0000,0x0000,0x0000,0x0000,0x0000,0x0000,0x0000,0x0000,0x0000,0x0000,0x0000,0x0000,0x0000,0x2102,0x2982,
  0x31c2,0x4263,0x4aa4,0x5305,0x5b86,0x5ba7,0x5b86,0x5b66,0x4aa4,0x4264,0x3a24,0x2142,0x2982,0x4aa4,0x5324,0x7447,
  0x8d09,0x7c89,0x7c89,0x84ea,0x9dec,0x1902,0x2104,0x4228,0x39e7,0x10a3,0x2122,0xa60e,0x7c68,0x7c48,0x7c68,0x7c48,
  0x73c7,0x5b66,0x4ac4,0x29e2,0x2161,0x31e3,0x4224,0x49e3,0x4aa5,0x5b66,0x52e5,0x5305,0x5ae5,0x4a63,0x4a83,0x3a63,
  0x29c3,0x1081,0x0000,0x0000,0x0000,0x0000,0x0000,0x0000,0x0000,0x0000,0x0000,0x0000,0x0000,0x0000,0x0000,0x0000,
  0x0000,0x0000,0x0000,0x0000,0x0000,0x0000,0x0000,0x0000,0x0000,0x0000,0x0000,0x0000,0x0000,0x0000,0x3a22,0x3a83,
  0x4b04,0x7c28,0x7407,0x7c68,0x7cc8,0x852a,0x8488,0x8c47,0x7426,0x63c6,0x5305,0x31c3,0x2982,0x4aa4,0x5b65,0x8528,
  0x7c88,0x7c69,0x7c49,0x7c69,0x84e9,0x1922,0x18c3,0x39c7,0x31c7,0x1082,0x2122,0x850b,0x8488,0x8468,0x7c48,0x8448,
  0x7be7,0x5325,0x4284,0x21a2,0x3a43,0x5305,0x6ba7,0x6b26,0x7c48,0x84e8,0x8447,0x8488,0x8467,0x8406,0x73c5,0x4ae4,
  0x31e2,0x2162,0x0000,0x0000,0x0000,0x0000,0x0000,0x0000,0x0000,0x0000,0x0000,0x0000,0x0000,0x0000,0x0000,0x0000,
  0x0000,0x0000,0x0000,0x0000,0x0000,0x0000,0x0000,0x0000,0x0000,0x0000,0x0000,0x0000,0x0000,0x2181,0x3a62,0x3a82,
  0x5345,0x6ba6,0x6b66,0x6b86,0x63c6,0x63c6,0x7365,0x7b65,0x6385,0x5ba6,0x5305,0x31c3,0x31a3,0x4ae4,0x6c07,0xa62c,
  0x8509,0x84a9,0x84ca,0x958c,0xa5ed,0x18e2,0x1904,0x3186,0x2986,0x10c3,0x1902,0xa62f,0x9d8c,0x950a,0x84c9,0x8cc9,
  0x8cc9,0x5325,0x3a44,0x2162,0x3203,0x4ae4,0x5b85,0x5b85,0x63e6,0x63c5,0x7ba6,0x6b86,0x6b66,0x6b66,0x6365,0x5304,
  0x31e2,0x3202,0x2982,0x0000,0x0000,0x0000,0x0000,0x0000,0x0000,0x0000,0x0000,0x0000,0x0000,0x0000,0x0000,0x0000,
  0x0000,0x0000,0x0000,0x0000,0x0000,0x0000,0x0000,0x0000,0x0000,0x0000,0x0000,0x0000,0x2182,0x3a83,0x42c3,0x6c46,
  0x8d09,0x84a8,0x84a9,0x84c9,0x84c9,0x7c88,0x8488,0x8cc8,0x8ce9,0x6c67,0x6c67,0x4a84,0x31e3,0x63a7,0x9dac,0xb64e,
  0xa60d,0xa5ed,0x9dad,0xae2e,0xa5cd,0x10a1,0x18e4,0x31a6,0x31a6,0x10c3,0x18e1,0x956b,0xb62f,0xa5ee,0xa5ad,0xa58b,
  0x9d8a,0x7ca8,0x52c5,0x2162,0x42a3,0x63a5,0x6c47,0x7ca8,0x84e9,0x84c9,0x7c68,0x84a9,0x7c89,0x7c48,0x7427,0x84ca,
  0x5b65,0x3a83,0x3243,0x2162,0x0000,0x0000,0x0000,0x0000,0x0000,0x0000,0x0000,0x0000,0x0000,0x0000,0x0000,0x0000,
  0x0000,0x0000,0x0000,0x0000,0x0000,0x0000,0x0000,0x0000,0x0000,0x0000,0x0000,0x1921,0x5305,0x6406,0x850b,0x8d4b,
  0xa5ed,0xb690,0xa60e,0xa62f,0xa60d,0xa62d,0xa64e,0x8d8b,0xb670,0x9dcd,0xa5ed,0x6366,0x31e3,0x7428,0x6c07,0x5b65,
  0x6385,0x6386,0x6387,0x6387,0x5b46,0x0840,0x18e3,0x2965,0x2965,0x18e4,0x18e1,0x6be7,0x6bc6,0x63a6,0x6386,0x6b86,
  0x5b65,0x7c88,0x6366,0x2942,0x5325,0x84a9,0x9dad,0xae2f,0xa5ee,0xb64f,0x9dac,0xae6f,0xa62e,0xa5ed,0xa60e,0xa5ee,
  0x9d8c,0x7447,0x4b04,0x3a64,0x2142,0x0000,0x0000,0x0000,0x0000,0x0000,0x0000,0x0000,0x0000,0x0000,0x0000,0x0000,
  0x0000,0x0000,0x0000,0x0000,0x0000,0x0000,0x0000,0x0000,0x0000,0x0000,0x1921,0x3a23,0x4ac3,0x5345,0x7469,0x5b65,
  0x63c5,0x6be6,0x63e6,0x63e6,0x5b85,0x5ba6,0x5b86,0x5345,0x5b86,0x6386,0x52e5,0x2942,0x29c2,0x5b86,0x5b25,0x6385,
  0x63a6,0x6ba7,0x6387,0x6387,0x5b26,0x0860,0x10c3,0x31a6,0x39c7,0x18e4,0x1902,0x7c89,0x6bc7,0x63a6,0x6386,0x6386,
  0x6ba6,0x5b66,0x5b46,0x2982,0x2982,0x4264,0x4ae5,0x5b46,0x63a6,0x63c6,0x6386,0x63a6,0x63c6,0x6be6,0x7447,0x63a6,
  0x63a7,0x7408,0x4243,0x3202,0x29a2,0x18e1,0x0000,0x0000,0x0000,0x0000,0x0000,0x0000,0x0000,0x0000,0x0000,0x0000,
  0x0000,0x0000,0x0000,0x0000,0x0000,0x0000,0x0000,0x0000,0x0000,0x0000,0x29a2,0x3a22,0x42a3,0x6c27,0x5b85,0x5324,
  0x52e4,0x5304,0x5b24,0x5b45,0x5b45,0x5b45,0x6385,0x63c6,0x5b65,0x5345,0x4284,0x2121,0x3a23,0x6be7,0x6b46,0x6366,
  0x6387,0x6387,0x6367,0x63a7,0x6367,0x0860,0x10c3,0x2965,0x3186,0x18e4,0x1902,0x7c89,0x6ba7,0x6386,0x6386,0x6386,
  0x63a6,0x6386,0x6be7,0x3a23,0x31a2,0x3a43,0x4ae4,0x5b65,0x5325,0x5b05,0x52e5,0x6325,0x6b65,0x6b65,0x6366,0x5305,
  0x52e4,0x5325,0x5b04,0x4a62,0x3202,0x2141,0x0000,0x0000,0x0000,0x0000,0x0000,0x0000,0x0000,0x0000,0x0000,0x0000,
  0x0000,0x0000,0x0000,0x0000,0x0000,0x0000,0x0000,0x0000,0x0000,0x1901,0x3a23,0x4263,0x63a6,0x6c27,0x5b45,0x61e2,
  0x7282,0x8323,0x7ae2,0x7ae2,0x8321,0x8322,0x6262,0x6b85,0x63a6,0x5325,0x4244,0x31a2,0x4ac3,0x63c7,0x6366,0x6366,
  0x6387,0x6387,0x6367,0x6387,0x6366,0x1081,0x10a3,0x2965,0x2986,0x1904,0x1902,0x7428,0x6ba7,0x6386,0x6386,0x6386,
  0x6386,0x6386,0x63a6,0x3a43,0x3a23,0x4b04,0x5b45,0x5b86,0x52a4,0x51c1,0x72a2,0x8b22,0x8b43,0x8b43,0x7ae2,0x6222,
  0x3941,0x4aa3,0x73e6,0x6b85,0x4262,0x3202,0x1901,0x0000,0x0000,0x0000,0x0000,0x0000,0x0000,0x0000,0x0000,0x0000,
  0x0000,0x0000,0x0000,0x0000,0x0000,0x0000,0x0000,0x0000,0x0000,0x31e2,0x3a22,0x5305,0x84aa,0x5b85,0x4a63,0xcc87,
  0xffb3,0xfff9,0xff91,0xffb3,0xfff9,0xff90,0xccc4,0x6304,0x63c6,0x4b05,0x3a24,0x31e2,0x5b65,0x6408,0x6386,0x6366,
  0x5b67,0x5b67,0x5b67,0x6387,0x5b86,0x10a1,0x18e4,0x2965,0x2986,0x10c3,0x1902,0x7448,0x6386,0x6386,0x6386,0x6366,
  0x6366,0x6386,0x63a6,0x42c4,0x3a23,0x4b04,0x5345,0x63c7,0x5244,0xbc25,0xff92,0xfff4,0xfff3,0xffb1,0xffb3,0xff0f,
  0x92c3,0x6b04,0x5b44,0x7427,0x52e4,0x3201,0x2161,0x0000,0x0000,0x0000,0x0000,0x0000,0x0000,0x0000,0x0000,0x0000,
  0x0000,0x0000,0x0000,0x0000,0x0000,0x0000,0x0000,0x0000,0x2141,0x4a63,0x4a42,0x4263,0x6c07,0x5ba6,0x52c4,0x8aa2,
  0xc486,0xcd6b,0xcd89,0xb4c9,0xaccb,0xb4a5,0x8b22,0x6325,0x63e6,0x5345,0x4ac5,0x3a03,0x5345,0x63e7,0x6387,0x6366,
  0x5b46,0x5b66,0x5b46,0x6387,0x5b86,0x10a1,0x1904,0x2986,0x2965,0x10c3,0x18c1,0x6c07,0x6386,0x6386,0x6386,0x6386,
  0x5b66,0x6386,0x6bc7,0x4b05,0x3a23,0x4283,0x5325,0x63a7,0x5ac4,0x82a2,0xb487,0xb4e8,0xb4c8,0xcd88,0xbd09,0xb486,
  0x8aa2,0x7b44,0x6365,0x6bc6,0x52e5,0x4242,0x31c2,0x1901,0x0000,0x0000,0x0000,0x0000,0x0000,0x0000,0x0000,0x0000,
  0x0000,0x0000,0x0000,0x0000,0x0000,0x0000,0x0000,0x0000,0x2142,0x3202,0x3202,0x4a83,0x5b65,0x5b85,0x6bc6,0x7365,
  0x7bc6,0x7be6,0x8468,0x73c7,0x6346,0x6366,0x5b46,0x6bc6,0x5b65,0x5b65,0x4ac4,0x39e3,0x63c6,0x63c7,0x6387,0x6366,
  0x5b66,0x5b46,0x5b46,0x6386,0x5b66,0x10a1,0x1904,0x31a6,0x3185,0x10a3,0x18c1,0x7c49,0x6386,0x6386,0x6386,0x6386,
  0x6386,0x6386,0x6bc7,0x5b86,0x4203,0x5244,0x42a5,0x5325,0x6365,0x6325,0x73a6,0x6345,0x6324,0x8406,0x6325,0x6b65,
  0x73c6,0x6b85,0x5b45,0x6386,0x4ac5,0x31c2,0x31e3,0x1901,0x0000,0x0000,0x0000,0x0000,0x0000,0x0000,0x0000,0x0000,
  0x0000,0x0000,0x0000,0x0000,0x0000,0x0000,0x0000,0x0000,0x2121,0x3a22,0x3202,0x4a83,0x73c7,0x4b05,0x5325,0x63c6,
  0x6be7,0x6be7,0x6be7,0x7427,0x7447,0x6be7,0x63a6,0x5b45,0x5325,0x4264,0x39e3,0x31a3,0x6386,0x6ba7,0x6367,0x6366,
  0x5b66,0x5b66,0x5b66,0x6366,0x5b66,0x10a1,0x18e3,0x2124,0x2945,0x18c3,0x10c1,0x6be8,0x6366,0x6366,0x6366,0x6386,
  0x6386,0x6386,0x6bc7,0x5b86,0x39e3,0x41a3,0x31c3,0x4ac4,0x63a6,0x7407,0x6be7,0x63a6,0x6366,0x5326,0x5b66,0x6be7,
  0x63e6,0x5b65,0x5345,0x6bc6,0x4ac5,0x2983,0x31c2,0x18e1,0x0000,0x0000,0x0000,0x0000,0x0000,0x0000,0x0000,0x0000,
  0x0000,0x0000,0x0000,0x0000,0x0000,0x0000,0x0000,0x0000,0x2121,0x3a43,0x4262,0x52e4,0x6386,0x5b46,0x5305,0x4ae5,
  0x4ae4,0x4ae4,0x4ae4,0x52e4,0x52e4,0x52e5,0x4ac4,0x4264,0x31c3,0x4a86,0x6bc7,0x4284,0x6387,0x63a7,0x6366,0x6366,
  0x5b66,0x5b66,0x5b66,0x6366,0x5b46,0x10a1,0x18e3,0x3186,0x31a6,0x18c3,0x10c1,0x63a8,0x6387,0x5b66,0x6366,0x6386,
  0x6386,0x63a6,0x63a6,0x5b87,0x4b06,0x5b47,0x3205,0x31e4,0x4285,0x4285,0x4aa5,0x4285,0x42a5,0x4285,0x4ac5,0x5305,
  0x5324,0x5b65,0x6366,0x6ba5,0x4ac5,0x31c3,0x31e3,0x1901,0x0000,0x0000,0x0000,0x0000,0x0000,0x0000,0x0000,0x0000,
  0x0000,0x0000,0x0000,0x0000,0x0000,0x0000,0x0000,0x0000,0x2142,0x3a22,0x4262,0x5b25,0x5366,0x52e4,0x5a44,0x4246,
  0x4a87,0x5ae7,0x5b07,0x5b07,0x6347,0x5b26,0x5b07,0x4246,0x5308,0x6368,0x6c08,0x5325,0x5b66,0x6387,0x5b66,0x5b66,
  0x5b66,0x5b66,0x5b66,0x6386,0x5b46,0x1081,0x18c3,0x2966,0x2965,0x10c3,0x18c2,0x7429,0x6387,0x5b66,0x6366,0x6366,
  0x6386,0x63a7,0x63a6,0x5b87,0x4ae5,0x63a6,0x5b87,0x4285,0x52c6,0x52c7,0x6307,0x5b27,0x5306,0x5b27,0x52e7,0x5a85,
  0x41a3,0x5a84,0x5ae5,0x6365,0x4ae5,0x3244,0x3203,0x2142,0x0000,0x0000,0x0000,0x0000,0x0000,0x0000,0x0000,0x0000,
  0x0000,0x0000,0x0000,0x0000,0x0000,0x0000,0x0000,0x0000,0x2142,0x31e2,0x3202,0x5b45,0x5ba7,0x4ae4,0x5a64,0x4a86,
  0x5307,0x6306,0x62e5,0x6326,0x6346,0x5b05,0x4a66,0x3a26,0x5b46,0x5b46,0x63c7,0x5325,0x5b66,0x6386,0x5b46,0x5b66,
  0x5b66,0x5b66,0x5b46,0x6366,0x5b46,0x1081,0x10a2,0x2965,0x2945,0x10a2,0x18c1,0x6c08,0x6387,0x6366,0x6366,0x6366,
  0x6366,0x6366,0x6386,0x5b67,0x4ac5,0x5b45,0x63c6,0x4ae5,0x4245,0x5266,0x52a6,0x5b26,0x5b06,0x5ac5,0x5306,0x5aa6,
  0x49e4,0x41e3,0x4ae5,0x6385,0x4ac4,0x3203,0x31e3,0x2162,0x0000,0x0000,0x0000,0x0000,0x0000,0x0000,0x0000,0x0000,
  0x0000,0x0000,0x0000,0x0000,0x0000,0x0000,0x0000,0x0880,0x29a2,0x31c2,0x3202,0x5b26,0x63a6,0x4ae4,0x4a84,0x4aa5,
  0x52e5,0x5ac4,0x52a4,0x52c5,0x52e5,0x52c5,0x39c5,0x4aa6,0x5b46,0x5b25,0x6ba6,0x5305,0x5b45,0x6387,0x5b66,0x5b66,
  0x5b66,0x5b66,0x5b46,0x6366,0x5b46,0x1081,0x18c3,0x2945,0x2965,0x18c3,0x10c1,0x6bc8,0x6387,0x6366,0x6386,0x6366,
  0x6366,0x6366,0x6386,0x5b66,0x5305,0x63c7,0x5b86,0x5b25,0x5ac5,0x4a05,0x4a65,0x4ae5,0x4ac5,0x5a64,0x4aa4,0x4a84,
  0x4264,0x3a44,0x4ae5,0x6386,0x52c4,0x3a03,0x31c2,0x1921,0x0000,0x0000,0x0000,0x0000,0x0000,0x0000,0x0000,0x0000,
  0x0000,0x0000,0x0000,0x0000,0x0000,0x0000,0x0000,0x0840,0x2982,0x31e2,0x3203,0x4aa5,0x5b45,0x52e5,0x4aa5,0x52c4,
  0x52e4,0x5ae4,0x5ae4,0x52e5,0x52c5,0x4a65,0x4285,0x5b26,0x5b25,0x5b05,0x6366,0x5305,0x5b26,0x6387,0x6366,0x5b66,
  0x5b46,0x5b46,0x5b46,0x6346,0x5b46,0x1081,0x10c3,0x2945,0x2945,0x18c3,0x10a1,0x6ba7,0x6366,0x6366,0x6386,0x6366,
  0x6366,0x6366,0x6366,0x5b67,0x52e5,0x5ba6,0x5b86,0x5b25,0x62c5,0x51e5,0x4a45,0x42a4,0x4a85,0x5a84,0x4ac4,0x4ac4,
  0x4a84,0x3a44,0x52e5,0x6b65,0x52a4,0x3a03,0x31c2,0x18e1,0x0000,0x0000,0x0000,0x0000,0x0000,0x0000,0x0000,0x0000,
  0x0000,0x0000,0x0000,0x0000,0x0000,0x0000,0x0000,0x0040,0x2962,0x31e2,0x29c2,0x4244,0x52e5,0x52e5,0x4a84,0x4aa4,
  0x52e4,0x5b04,0x5304,0x52e5,0x52e5,0x4ac6,0x52e5,0x5b05,0x5b05,0x6346,0x6387,0x5305,0x5b66,0x6387,0x6366,0x6346,
  0x5b46,0x5b46,0x5b46,0x6366,0x5b46,0x1081,0x10a2,0x2965,0x2965,0x18c3,0x10a1,0x6367,0x6366,0x6366,0x6366,0x6387,
  0x6387,0x6366,0x6366,0x6346,0x52c5,0x6365,0x6365,0x5b05,0x5ae6,0x5205,0x5a66,0x52a5,0x4a64,0x4a84,0x4aa4,0x4a84,
  0x4244,0x3a24,0x4a64,0x5ac4,0x4a63,0x3203,0x31e2,0x1901,0x0000,0x0000,0x0000,0x0000,0x0000,0x0000,0x0000,0x0000,
  0x0000,0x0000,0x0000,0x0000,0x0000,0x0000,0x0000,0x0840,0x2982,0x39c2,0x31c2,0x39e4,0x52c5,0x4244,0x2101,0x10a1,
  0x2963,0x29a3,0x3a43,0x4ae5,0x52e5,0x4ae6,0x52c5,0x5b05,0x5b05,0x6326,0x6b46,0x5b25,0x5b46,0x5b66,0x5b25,0x6346,
  0x5b46,0x5b46,0x5b46,0x6367,0x6367,0x10a1,0x18c3,0x2965,0x2945,0x18e3,0x10a1,0x6347,0x6366,0x6366,0x6366,0x6386,
  0x6b86,0x6b66,0x6346,0x5ae6,0x52c5,0x6345,0x5b25,0x5b06,0x6306,0x5246,0x62a7,0x5aa5,0x39e3,0x31c2,0x31c3,0x3184,
  0x18e3,0x2142,0x3a03,0x4a84,0x4223,0x31e3,0x3a23,0x2141,0x0000,0x0000,0x0000,0x0000,0x0000,0x0000,0x0000,0x0000,
  0x0000,0x0000,0x0000,0x0000,0x0000,0x0000,0x0000,0x0861,0x29a2,0x39e2,0x31c3,0x3a24,0x4a84,0x2983,0x10c2,0x31c9,
  0x4227,0x52e3,0x31e3,0x4aa4,0x4ac4,0x4ac5,0x52c5,0x5ae5,0x5b05,0x5b26,0x6347,0x52e5,0x5b46,0x5326,0x5b46,0x5b26,
  0x5b46,0x6346,0x5b46,0x6387,0x6366,0x10a1,0x18c3,0x3186,0x2945,0x10a3,0x10c1,0x6ba8,0x6367,0x6346,0x6367,0x6366,
  0x6365,0x6346,0x5b47,0x5b27,0x52c5,0x5b25,0x5305,0x5ae6,0x6306,0x5266,0x5266,0x4a45,0x31c4,0x39e4,0x5ae5,0x5288,
  0x3188,0x10c3,0x2962,0x52a4,0x4243,0x31c2,0x3a23,0x2162,0x0000,0x0000,0x0000,0x0000,0x0000,0x0000,0x0000,0x0000,
  0x0000,0x0000,0x0000,0x0000,0x0000,0x0000,0x0000,0x0020,0x1921,0x2121,0x18e1,0x2983,0x31c3,0x1901,0x10a2,0x2987,
  0x31c5,0x3a42,0x2162,0x2122,0x4224,0x4284,0x4ac5,0x5b06,0x5305,0x5b47,0x5b47,0x5305,0x6387,0x5b26,0x5b46,0x5b46,
  0x6386,0x5b67,0x5b47,0x6387,0x6367,0x10a1,0x18c3,0x2966,0x2945,0x18c3,0x18e1,0x73e8,0x6ba7,0x6367,0x6367,0x5b66,
  0x6366,0x5b67,0x5b68,0x6388,0x5b05,0x6365,0x5b45,0x52e5,0x5b26,0x4a85,0x3a04,0x3183,0x2102,0x2942,0x3a03,0x39c5,
  0x2945,0x18e3,0x10a1,0x3a03,0x31c2,0x2141,0x2161,0x10c1,0x0001,0x0000,0x0000,0x0000,0x0000,0x0000,0x0000,0x0000,
  0x0000,0x0000,0x0000,0x0000,0x0000,0x20e3,0x2945,0x2944,0x2123,0x18e3,0x2124,0x18c2,0x18c3,0x2965,0x18c3,0x2924,
  0x2944,0x2965,0x2965,0x31a7,0x2122,0x31e3,0x3223,0x3a23,0x3a23,0x3a23,0x4243,0x4222,0x4263,0x4aa4,0x52c5,0x4ac5,
  0x52e5,0x52e6,0x4ac5,0x4ac5,0x4ac5,0x0861,0x1082,0x18e4,0x2104,0x10c3,0x10a1,0x5306,0x5b26,0x52e5,0x4ac5,0x4aa5,
  0x4aa4,0x4ac5,0x4284,0x4aa3,0x4263,0x52c3,0x4263,0x39e2,0x4243,0x3a03,0x31c3,0x2102,0x31a6,0x2965,0x2924,0x20e3,
  0x2124,0x18c3,0x10a2,0x18c2,0x20e3,0x2966,0x18e4,0x18c3,0x18c3,0x18e4,0x18c3,0x0000,0x0000,0x0000,0x0000,0x0000,
  0x0000,0x0000,0x0000,0x0000,0x18e3,0x5b0c,0x83ce,0x7309,0x734a,0x6bad,0x5b2d,0x3186,0x528b,0x5b0d,0x5b0c,0x738e,
  0x736e,0x6b8c,0x6bae,0x73af,0x1083,0x10c1,0x2983,0x29c3,0x2142,0x31c4,0x4287,0x4aa7,0x63ab,0x3206,0x18a1,0x18a1,
  0x0881,0x10c2,0x18e2,0x18e2,0x10a1,0x0861,0x1081,0x10a2,0x18a1,0x10a1,0x18c1,0x2101,0x2122,0x18e1,0x1080,0x0840,
  0x0861,0x0860,0x3a26,0x5b08,0x4a86,0x4a86,0x4226,0x3185,0x31c5,0x29a3,0x10c1,0x2965,0x73d0,0x7c0f,0x6b6b,0x5aca,
  0x6b6e,0x5acc,0x4229,0x4208,0x39a7,0x632e,0x6b4d,0x5aca,0x526a,0x736d,0x41c8,0x18a3,0x0000,0x0000,0x0000,0x0000,
  0x0000,0x0000,0x0000,0x2124,0x52ac,0x6bef,0x6bad,0x73ad,0x840e,0x63ef,0x31e8,0x4a4a,0x632e,0x5acc,0x8471,0x7bd0,
  0x7c31,0x740d,0x6bad,0x5b0d,0x39e8,0x18c3,0x3a46,0x5b47,0x4ac6,0x5b28,0x742b,0x84ac,0x8d2e,0x3a49,0x8263,0xc4a8,
  0xb4eb,0xb52d,0xde4d,0xde2b,0xd5ec,0xce11,0xd695,0xe68f,0xe6af,0xde72,0xd674,0xd62f,0xddeb,0xc610,0xb5b1,0xd5aa,
  0xcc23,0x69c2,0x42a9,0x950d,0x846a,0x7c4a,0x6bca,0x5b0a,0x6369,0x3a24,0x2123,0x4a69,0x5b0d,0x7bf1,0x842e,0x634b,
  0x7bd0,0x7bf0,0x632d,0x5b0b,0x31c7,0x39e8,0x6b8f,0x7c2c,0x634c,0x6b4d,0x632d,0x39c8,0x10a3,0x0000,0x0000,0x0000,
  0x0000,0x0000,0x18c2,0x4a6a,0x6b8f,0x52eb,0x6b8e,0x73f0,0x8430,0x4249,0x2966,0x630d,0x52ac,0x5aeb,0x94b2,0x8411,
  0x8c71,0x8c6f,0x632c,0x5b0d,0x52ab,0x2104,0x18e1,0x3a23,0x3a43,0x3a23,0x4a84,0x42a3,0x5b88,0x29a6,0x5161,0x8b66,
  0x9c6a,0x8c49,0x9ca8,0x9c67,0xa4a9,0x9c8c,0xa4cd,0x9c47,0xace9,0xacec,0xa4ee,0xa4ec,0xac85,0x9caa,0x7c2c,0xb4e9,
  0xa383,0x4101,0x2165,0x6ba8,0x52c4,0x4243,0x52c4,0x4244,0x3a03,0x2102,0x2104,0x5acb,0x7bd0,0x630e,0x8c50,0x6b6d,
  0x7bd0,0xa4f3,0x83ef,0x4a69,0x4a8a,0x31a7,0x4a6b,0x73eb,0x6bcd,0x5b0d,0x6b4e,0x4a4a,0x3187,0x18c3,0x0000,0x0000,
  0x0000,0x0861,0x2125,0x2966,0x2944,0x2165,0x2145,0x2104,0x2104,0x20e4,0x0862,0x2105,0x18e4,0x20e3,0x2924,0x3187,
  0x2986,0x2965,0x31a7,0x4a6a,0x39e8,0x2925,0x10a2,0x2982,0x3202,0x3a23,0x3a23,0x31e3,0x3a45,0x2144,0x1903,0x2164,
  0x1943,0x2143,0x2143,0x2144,0x1903,0x1923,0x2143,0x2965,0x2144,0x2124,0x2124,0x2103,0x1903,0x18e3,0x2103,0x2123,
  0x2985,0x1923,0x2984,0x4aa5,0x4264,0x4263,0x4a84,0x3a03,0x31a2,0x10a1,0x2966,0x3a08,0x4249,0x2925,0x3186,0x2966,
  0x3187,0x31a7,0x3166,0x2104,0x18e3,0x18a3,0x2945,0x2965,0x3186,0x2945,0x2905,0x2946,0x3186,0x2125,0x0861,0x0000,
  0x0000,0x1082,0x2125,0x2125,0x31e5,0x31e6,0x2987,0x2145,0x2925,0x2104,0x0862,0x18c3,0x10a3,0x2965,0x39c7,0x3a08,
  0x39e7,0x29a6,0x2165,0x3207,0x31c7,0x2966,0x1082,0x0860,0x18e1,0x1902,0x1902,0x10c1,0x10a1,0x10c2,0x18e2,0x1903,
  0x2144,0x2123,0x2103,0x2103,0x2143,0x2123,0x2123,0x2143,0x2123,0x2123,0x2144,0x2964,0x2123,0x2103,0x2123,0x2123,
  0x2123,0x2123,0x1902,0x18e1,0x18e1,0x18e1,0x18e1,0x1901,0x1081,0x18e3,0x2986,0x4aaa,0x2965,0x2105,0x3a07,0x31c7,
  0x39e8,0x3187,0x2945,0x18e4,0x18e4,0x10a3,0x2125,0x2986,0x31c6,0x2965,0x2985,0x2986,0x18c4,0x1904,0x0861,0x0000,
  0x0000,0x1082,0x2125,0x2965,0x39e6,0x29a6,0x2966,0x2125,0x2966,0x2146,0x0882,0x18e4,0x10a3,0x2945,0x3a08,0x39e8,
  0x31e7,0x29c6,0x29a6,0x29c6,0x31e7,0x31c7,0x2125,0x0841,0x0861,0x0000,0x0000,0x0000,0x0000,0x0000,0x0000,0x0000,
  0x0000,0x0000,0x0000,0x0000,0x0000,0x0000,0x0000,0x0000,0x0000,0x0000,0x0000,0x0000,0x0000,0x0000,0x0000,0x0000,
  0x0000,0x0000,0x0000,0x0000,0x0000,0x0000,0x0860,0x0020,0x0862,0x2125,0x4249,0x3a48,0x2986,0x2925,0x4208,0x31c7,
  0x39e8,0x39c8,0x31a7,0x18c3,0x18c3,0x10a3,0x2125,0x2145,0x31a6,0x2986,0x31c7,0x29a7,0x2105,0x2125,0x0841,0x0000,
  0x0000,0x0861,0x2104,0x2125,0x2145,0x2945,0x2945,0x2945,0x2105,0x1905,0x0862,0x2104,0x18c3,0x2965,0x3187,0x31a7,
  0x31a6,0x29a7,0x2966,0x2144,0x2966,0x2945,0x2145,0x0882,0x0000,0x0000,0x0000,0x0000,0x0000,0x0000,0x0000,0x0000,
  0x0000,0x0000,0x0000,0x0000,0x0000,0x0000,0x0000,0x0000,0x0000,0x0000,0x0000,0x0000,0x0000,0x0000,0x0000,0x0000,
  0x0000,0x0000,0x0000,0x0000,0x0000,0x0000,0x0000,0x0000,0x10a2,0x31a7,0x3186,0x31a6,0x2986,0x2966,0x39c7,0x2965,
  0x3186,0x31a7,0x2986,0x18e4,0x18e4,0x0882,0x18c3,0x2125,0x2966,0x2945,0x2966,0x3187,0x2945,0x18e4,0x0841,0x0000,
  0x0000,0x0001,0x0020,0x0020,0x0020,0x0020,0x0841,0x0841,0x0020,0x0020,0x0020,0x0861,0x0841,0x0861,0x0020,0x0841,
  0x0841,0x0841,0x0020,0x0020,0x0041,0x0841,0x0861,0x0841,0x0000,0x0000,0x0000,0x0000,0x0000,0x0000,0x0000,0x0000,
  0x0000,0x0000,0x0000,0x0000,0x0000,0x0000,0x0000,0x0000,0x0000,0x0000,0x0000,0x0000,0x0000,0x0000,0x0000,0x0000,
  0x0000,0x0000,0x0000,0x0000,0x0000,0x0000,0x0000,0x0000,0x0861,0x0861,0x0841,0x0841,0x0861,0x0841,0x0841,0x0020,
  0x0041,0x0841,0x0841,0x0021,0x0841,0x0020,0x0020,0x0021,0x0841,0x0841,0x0841,0x0841,0x0021,0x0020,0x0001,0x0000,
  0x0000,0x0000,0x0000,0x0000,0x0000,0x0000,0x0000,0x0000,0x0000,0x0000,0x0000,0x0000,0x0000,0x0000,0x0000,0x0000,
  0x0000,0x0000,0x0000,0x0000,0x0000,0x0000,0x0000,0x0000,0x0000,0x0000,0x0000,0x0000,0x0000,0x0000,0x0000,0x0000,
  0x0000,0x0000,0x0000,0x0000,0x0000,0x0000,0x0000,0x0000,0x0000,0x0000,0x0000,0x0000,0x0000,0x0000,0x0000,0x0000,
  0x0000,0x0000,0x0000,0x0000,0x0000,0x0000,0x0000,0x0000,0x0000,0x0000,0x0000,0x0000,0x0000,0x0000,0x0000,0x0000,
  0x0000,0x0000,0x0000,0x0000,0x0000,0x0000,0x0000,0x0000,0x0000,0x0000,0x0000,0x0000,0x0000,0x0000,0x0000,0x0000,
  0x0000,0x0000,0x0000,0x0000,0x0000,0x0000,0x0000,0x0000,0x0000,0x0000,0x0000,0x0000,0x0000,0x0000,0x0000,0x0000,
  0x0000,0x0000,0x0000,0x0000,0x0000,0x0000,0x0000,0x0000,0x0000,0x0000,0x0000,0x0000,0x0000,0x0000,0x0000,0x0000,
  0x0000,0x0000,0x0000,0x0000,0x0000,0x0000,0x0000,0x0000,0x0000,0x0000,0x0000,0x0000,0x0000,0x0000,0x0000,0x0000,
  0x0000,0x0000,0x0000,0x0000,0x0000,0x0000,0x0000,0x0000,0x0000,0x0000,0x0000,0x0000,0x0000,0x0000,0x0000,0x0000,
  0x0000,0x0000,0x0000,0x0000,0x0000,0x0000,0x0000,0x0000,0x0000,0x0000,0x0000,0x0000,0x0000,0x0000,0x0000,0x0000,
  0x0000,0x0000,0x0000,0x0000,0x0000,0x0000,0x0000,0x0000,0x0000,0x0000,0x0000,0x0000,0x0000,0x0000,0x0000,0x0000,
  0x0000,0x0000,0x0000,0x0000,0x0000,0x0000,0x0000,0x0000,0x0000,0x0000,0x0000,0x0000,0x0000,0x0000,0x0000,0x0000,
  0x0000,0x0000,0x0000,0x0000,0x0000,0x0000,0x0000,0x0000,0x0000,0x0000,0x0000,0x0000,0x0000,0x0000,0x0000,0x0000,
  0x0000,0x0000,0x0000,0x0000,0x0000,0x0000,0x0000,0x0000,0x0000,0x0000,0x0000,0x0000,0x0000,0x0000,0x0000,0x0000,
  0x0000,0x0000,0x0000,0x0000,0x0000,0x0000,0x0000,0x0000,0x0000,0x0000,0x0000,0x0000,0x0000,0x0000,0x0000,0x0000,
 },
 {
  0x0000,0x0000,0x0000,0x0000,0x0000,0x0000,0x0000,0x0000,0x0000,0x0000,0x0000,0x0000,0x0000,0x0000,0x0000,0x0000,
  0x0000,0x0000,0x0000,0x0000,0x0000,0x0000,0x0000,0x0000,0x0000,0x0000,0x0000,0x0000,0x0000,0x0000,0x0000,0x0000,
  0x0000,0x0000,0x0000,0x0000,0x0000,0x0000,0x0000,0x0000,0x0000,0x0000,0x0000,0x0000,0x0000,0x0000,0x0000,0x0000,
  0x0000,0x0000,0x0000,0x0000,0x0000,0x0000,0x0000,0x0000,0x0000,0x0000,0x0000,0x0000,0x0000,0x0000,0x0000,0x0000,
  0x0000,0x0000,0x0000,0x0000,0x0000,0x0000,0x0000,0x0000,0x0000,0x0000,0x0000,0x0000,0x0000,0x0000,0x0000,0x0000,
  0x0000,0x0000,0x0000,0x0000,0x0000,0x0000,0x0000,0x0000,0x0000,0x0000,0x0000,0x0000,0x0000,0x0000,0x0000,0x0000,
  0x0000,0x0000,0x0000,0x0000,0x0000,0x0000,0x0000,0x0000,0x0000,0x0000,0x0000,0x0000,0x0000,0x0000,0x0000,0x0000,
  0x0000,0x2163,0x2983,0x2163,0x2143,0x0000,0x0000,0x0000,0x0000,0x0000,0x0000,0x2983,0x2984,0x29c4,0x29a4,0x2183,
  0x0000,0x0000,0x0000,0x0000,0x0000,0x0000,0x0000,0x0000,0x0000,0x31c4,0x31c4,0x0000,0x0000,0x0000,0x0000,0x0000,
  0x0000,0x0000,0x0000,0x0000,0x0000,0x0000,0x0000,0x0000,0x0000,0x0000,0x0000,0x0000,0x0000,0x0000,0x0000,0x0000,
  0x0000,0x0000,0x0000,0x0000,0x0000,0x0000,0x0000,0x0000,0x0000,0x0000,0x0000,0x0000,0x0000,0x0000,0x0000,0x0000,
  0x0000,0x0000,0x0000,0x0000,0x0000,0x0000,0x0000,0x0000,0x0000,0x0000,0x0000,0x0000,0x0000,0x0000,0x0000,0x0000,
  0x1921,0x9d6e,0x958c,0x84ea,0xa5ce,0x2163,0x0000,0x0000,0x0000,0x0000,0x0000,0x740a,0xa5ef,0x956d,0x8d2b,0x95cd,
  0x5346,0x0000,0x0000,0x0000,0x0000,0x0000,0x0000,0x0000,0x0000,0x3a25,0x4266,0x0000,0x0000,0x0000,0x0000,0x0000,
  0x0000,0x0000,0x0000,0x0000,0x0000,0x0000,0x0000,0x0000,0x0000,0x0000,0x0000,0x0000,0x0000,0x0000,0x0000,0x0000,
  0x0000,0x0000,0x0000,0x0000,0x0000,0x0000,0x0000,0x0000,0x0000,0x0000,0x0000,0x0000,0x0000,0x0000,0x0000,0x0000,
  0x0000,0x0000,0x0000,0x0000,0x0000,0x0000,0x0000,0x0000,0x0000,0x31c4,0x0000,0x0000,0x0000,0x0000,0x0000,0x0000,
  0x42a4,0xa60c,0x7467,0x6406,0x95ac,0x29c3,0x0000,0x0000,0x0000,0x0000,0x0000,0x742a,0x8d4a,0x7446,0x6c06,0x7d09,
  0x5bc6,0x2142,0x0000,0x0000,0x0000,0x0000,0x0000,0x0000,0x0000,0x18e2,0x10c1,0x0000,0x0000,0x0000,0x0000,0x0000,
  0x0000,0x0000,0x0000,0x0000,0x0000,0x0000,0x0000,0x0000,0x0000,0x0000,0x0000,0x0000,0x0000,0x0000,0x0000,0x0000,
  0x0000,0x0000,0x0000,0x0000,0x0000,0x0000,0x0000,0x0000,0x0000,0x0000,0x0000,0x0000,0x0000,0x0000,0x0000,0x0000,
  0x0000,0x0000,0x0000,0x0000,0x0000,0x0000,0x0000,0x0000,0x2102,0x4a85,0x3183,0x0000,0x0000,0x0000,0x0000,0x2142,
  0x5ba5,0x8d2a,0x84a9,0x7ca9,0x9ded,0x3a23,0x1082,0x2965,0x2944,0x18e3,0x0020,0x7449,0x8d2b,0x7c47,0x7c27,0x8d6b,
  0x53a6,0x3203,0x2142,0x0000,0x0000,0x0000,0x0000,0x0000,0x0000,0x0000,0x0000,0x0000,0x0000,0x0000,0x0000,0x0000,
  0x0000,0x0000,0x0000,0x0000,0x0000,0x0000,0x0000,0x0000,0x0000,0x0000,0x0000,0x0000,0x0000,0x0000,0x0000,0x0000,
  0x0000,0x0000,0x0000,0x0000,0x0000,0x0000,0x0000,0x0000,0x0000,0x0000,0x0000,0x0000,0x0000,0x0000,0x0000,0x0000,
  0x0000,0x0000,0x0000,0x0000,0x0000,0x0000,0x0000,0x0000,0x3a03,0x2982,0x18c1,0x0000,0x0000,0x0000,0x1922,0x3a63,
  0x63c6,0x84c9,0x7c89,0x7ca9,0x9dcd,0x3a43,0x1083,0x528a,0x5acb,0x2945,0x0001,0x746a,0x956c,0x7c27,0x7c27,0x74c9,
  0x53a6,0x3a64,0x31e3,0x0000,0x0000,0x0000,0x0000,0x0000,0x0000,0x0000,0x0000,0x0000,0x0000,0x0000,0x0000,0x0000,
  0x0000,0x0000,0x0000,0x0000,0x0000,0x0000,0x0000,0x0000,0x0000,0x0000,0x0000,0x0000,0x0000,0x0000,0x0000,0x0000,
  0x0000,0x0000,0x0000,0x0000,0x0000,0x0000,0x0000,0x0000,0x0000,0x0000,0x0000,0x0000,0x0000,0x0000,0x0000,0x0000,
  0x0000,0x0000,0x0000,0x0000,0x0000,0x0000,0x0000,0x0000,0x18e2,0x2142,0x0000,0x0000,0x0000,0x0000,0x29c2,0x4b04,
  0x84c8,0x8d2a,0x7468,0x7c89,0x954a,0x3203,0x0862,0x31a6,0x39e7,0x18e3,0x0860,0x7449,0x956b,0x8428,0x7427,0x74a8,
  0x6c46,0x4ac3,0x4283,0x2982,0x0000,0x0000,0x0000,0x0000,0x0000,0x0000,0x2983,0x0000,0x0000,0x0000,0x0000,0x0000,
  0x0000,0x0000,0x0000,0x0000,0x0000,0x0000,0x0000,0x0000,0x0000,0x0000,0x0000,0x0000,0x0000,0x0000,0x0000,0x0000,
  0x0000,0x0000,0x0000,0x0000,0x0000,0x0000,0x0000,0x0000,0x0000,0x0000,0x0000,0x0000,0x0000,0x0000,0x0000,0x0000,
  0x2984,0x0000,0x0000,0x0000,0x0000,0x0000,0x0000,0x0000,0x0000,0x0000,0x0000,0x0000,0x0000,0x1901,0x3a43,0x5304,
  0x8ce8,0x8d09,0x7c69,0x7c68,0x84c9,0x29a2,0x0862,0x3185,0x39c6,0x2965,0x10a1,0x7449,0x950a,0x8447,0x7c67,0x7ca7,
  0x74c7,0x5324,0x3a63,0x3222,0x10c1,0x0000,0x0000,0x0000,0x0000,0x0000,0x18c2,0x0000,0x0000,0x0000,0x0000,0x0000,
  0x0000,0x0000,0x0000,0x0000,0x0000,0x0000,0x0000,0x0000,0x0000,0x0000,0x0000,0x0000,0x0000,0x0000,0x0000,0x0000,
  0x0000,0x0000,0x0000,0x0000,0x0000,0x0000,0x0000,0x0000,0x0000,0x0000,0x0000,0x0000,0x0000,0x0000,0x0000,0x2162,
  0x7c09,0x5b08,0x0860,0x0000,0x0000,0x0000,0x0000,0x0000,0x0000,0x0000,0x0000,0x0000,0x20e1,0x3a03,0x4aa3,0x6be6,
  0x9529,0x7c88,0x7c89,0x7469,0x958b,0x29a2,0x0862,0x39c7,0x4a48,0x31a6,0x0860,0x848a,0x950b,0x6c06,0x7c87,0x7ca7,
  0x7d28,0x53e5,0x3a43,0x3242,0x2181,0x0860,0x0000,0x0000,0x0000,0x0000,0x0000,0x0000,0x0000,0x0000,0x1922,0x5b26,
  0x4285,0x0860,0x0000,0x0000,0x0000,0x0000,0x0000,0x0000,0x0000,0x0000,0x0000,0x0000,0x0000,0x0000,0x0000,0x0000,
  0x0000,0x0000,0x0000,0x0000,0x0000,0x0000,0x0000,0x0000,0x0000,0x0000,0x0000,0x0000,0x0000,0x0000,0x18e1,0x4244,
  0x52c7,0x2943,0x2962,0x2962,0x18e1,0x3a04,0x39e4,0x0000,0x0000,0x0000,0x0000,0x2162,0x31c3,0x31a2,0x5aa3,0x73c6,
  0x84a8,0x7c68,0x7488,0x74c9,0xa62c,0x31e3,0x0861,0x3186,0x4207,0x2124,0x0040,0x7c4a,0x84aa,0x7407,0x7c87,0x7c87,
  0x74c7,0x4be6,0x3a63,0x29e2,0x2162,0x2121,0x2141,0x0000,0x0000,0x0000,0x0000,0x0000,0x18c1,0x2142,0x3a23,0x5b46,
  0x4224,0x1081,0x0000,0x0000,0x0000,0x0000,0x0000,0x0000,0x0000,0x0000,0x0000,0x0000,0x0000,0x0000,0x0000,0x0000,
  0x0000,0x0000,0x0000,0x0000,0x0000,0x0000,0x0000,0x0000,0x0000,0x0000,0x0000,0x0000,0x0000,0x0000,0x2121,0x4206,
  0x3187,0x0840,0x3a22,0x5b05,0x842a,0x73a6,0x2142,0x0000,0x0000,0x0000,0x0000,0x1902,0x31c3,0x3202,0x5304,0x7c68,
  0x7447,0x7447,0x7488,0x7d09,0x95cb,0x3a03,0x1082,0x31a6,0x39c6,0x2124,0x0020,0x6bc8,0x7c69,0x7427,0x7c47,0x8467,
  0x7c26,0x5be7,0x3243,0x3a23,0x31c3,0x2961,0x3a22,0x2923,0x0000,0x0000,0x0000,0x20e1,0x3203,0x5386,0x52e4,0x4a03,
  0x3183,0x2122,0x0880,0x0000,0x0000,0x0000,0x0000,0x0000,0x0000,0x0000,0x0000,0x0000,0x0000,0x0000,0x0000,0x0000,
  0x0000,0x0000,0x0000,0x0000,0x0000,0x0000,0x0000,0x0000,0x0000,0x0000,0x0000,0x0000,0x0000,0x18e1,0x4225,0x4247,
  0x2125,0x1902,0x3a62,0x5a83,0x8367,0x5aa4,0x1921,0x10a1,0x0000,0x0000,0x0000,0x0880,0x1902,0x42c4,0x5b45,0x94c8,
  0x7c87,0x7c67,0x7cc8,0x95ab,0xae2e,0x3a03,0x1082,0x2986,0x3186,0x2104,0x0020,0x846b,0x8d2b,0x7487,0x7ca7,0x7c67,
  0x7c47,0x6b46,0x4203,0x3a23,0x2962,0x10c1,0x2982,0x39c6,0x18a2,0x0860,0x1081,0x1880,0x4a84,0x7448,0x5b05,0x4982,
  0x3182,0x2982,0x0860,0x0000,0x0000,0x0000,0x0000,0x0000,0x0000,0x0000,0x0000,0x0000,0x0000,0x0000,0x0000,0x0000,
  0x0000,0x0000,0x0000,0x0000,0x0000,0x0000,0x0000,0x0000,0x0000,0x0000,0x0000,0x0000,0x18e1,0x39a2,0x3182,0x2943,
  0x1082,0x3244,0x4304,0x39a2,0x4901,0x28c1,0x08a0,0x2982,0x0000,0x0000,0x0000,0x10c1,0x18e1,0x5305,0x8caa,0xb52a,
  0xb5cc,0xbe0d,0xb5ed,0xa5ad,0xb630,0x31a3,0x10a3,0x39e7,0x4208,0x2945,0x0020,0x848b,0xae4f,0xa5ed,0xa5ec,0x952b,
  0x94c9,0x9ca8,0x8c07,0x52a4,0x2942,0x0880,0x3203,0x31a5,0x1062,0x0020,0x18c1,0x4a03,0x7bc7,0x6ba7,0x3983,0x3122,
  0x39e2,0x18e1,0x0860,0x0000,0x0000,0x0000,0x0000,0x0000,0x0000,0x0000,0x0000,0x0000,0x0000,0x0000,0x0000,0x0000,
  0x0000,0x0000,0x0000,0x0000,0x0000,0x0000,0x0000,0x0000,0x0000,0x0000,0x0000,0x20e1,0x4a65,0x63a8,0x4a24,0x1081,
  0x19a6,0x4b68,0x84cb,0x52c5,0x20c2,0x20a1,0x2121,0x1921,0x0000,0x0000,0x0000,0x1901,0x2162,0x63a7,0x7c6a,0x4ac4,
  0x6365,0x6bc6,0x83c6,0x7345,0x63c6,0x2121,0x10c3,0x31a6,0x31a6,0x2124,0x0861,0x5b66,0x6c06,0x63c6,0x5b85,0x6345,
  0x7324,0x6b86,0x84cb,0x6b88,0x18c1,0x29a3,0x5b47,0x5309,0x2104,0x2144,0x52e7,0x9c89,0x83e8,0x2102,0x20c2,0x1881,
  0x2142,0x10a1,0x0000,0x0000,0x0000,0x0000,0x0000,0x0000,0x0000,0x0000,0x0000,0x0000,0x0000,0x0000,0x0000,0x0000,
  0x0000,0x0000,0x0000,0x0000,0x0000,0x0000,0x0000,0x0000,0x0000,0x0000,0x0000,0x39a3,0x5306,0x6bc8,0x62e6,0x3123,
  0x18e3,0x52e5,0x4ac4,0x4a84,0x1081,0x2101,0x31e2,0x31e3,0x18e1,0x0000,0x2102,0x2942,0x4aa4,0x4ae4,0x4b05,0x6365,
  0x63c6,0x63c6,0x73a6,0x7366,0x7407,0x2142,0x10a3,0x31a6,0x31a6,0x2124,0x0860,0x6387,0x6be7,0x6386,0x5b65,0x6b86,
  0x7ba5,0x6b85,0x6b86,0x5aa5,0x1881,0x10c1,0x29a4,0x2984,0x2103,0x41a4,0x6b06,0x7b46,0x5245,0x2124,0x0840,0x1081,
  0x0840,0x0000,0x0000,0x0000,0x0000,0x0000,0x0000,0x0000,0x0000,0x0000,0x0000,0x0000,0x0000,0x0000,0x0000,0x0000,
  0x0000,0x0000,0x0000,0x0000,0x0000,0x0000,0x0000,0x0000,0x0000,0x0000,0x3182,0x31a2,0x2942,0x6ac5,0x39a3,0x10a2,
  0x18c2,0x4264,0x4ac4,0x4aa4,0x3a23,0x31e2,0x3a43,0x3223,0x2142,0x10c1,0x2923,0x2902,0x4ae5,0x7427,0x73c6,0x73a6,
  0x6bc7,0x63c6,0x6bc7,0x6bc6,0x7407,0x2142,0x1082,0x2966,0x31a6,0x1904,0x1081,0x6387,0x6be7,0x63a6,0x63a6,0x63a6,
  0x6bc7,0x6bc7,0x73c6,0x5aa4,0x3182,0x0860,0x0881,0x2143,0x20e2,0x4102,0x7326,0x5aa5,0x31a4,0x2103,0x1060,0x0000,
  0x0840,0x0000,0x0000,0x0000,0x0000,0x0000,0x0000,0x0000,0x0000,0x0000,0x0000,0x0000,0x0000,0x0000,0x0000,0x0000,
  0x0000,0x0000,0x0000,0x0000,0x0000,0x0000,0x0000,0x0000,0x0000,0x2101,0x3a22,0x4242,0x49e2,0x3143,0x1902,0x20a1,
  0x30a0,0x20a1,0x3a24,0x4ac4,0x4aa4,0x5304,0x2161,0x31e2,0x31c3,0x1081,0x3163,0x2942,0x4ae5,0x7c89,0x6be6,0x6bc7,
  0x6bc7,0x6bc6,0x6ba6,0x6bc7,0x7428,0x2162,0x1082,0x2945,0x3186,0x2125,0x10a1,0x6be8,0x6c07,0x6386,0x6ba7,0x6ba7,
  0x63a6,0x63a6,0x73c6,0x6304,0x39c2,0x10a1,0x0881,0x10a1,0x4122,0x6a43,0x31a2,0x2962,0x10a1,0x1061,0x0000,0x0000,
  0x0000,0x0000,0x0000,0x0000,0x0000,0x0000,0x0000,0x0000,0x0000,0x0000,0x0000,0x0000,0x0000,0x0000,0x0000,0x0000,
  0x0000,0x0000,0x0000,0x0000,0x0000,0x0000,0x0000,0x0000,0x0000,0x2982,0x5304,0x5ae4,0x8409,0x3a03,0x2123,0x8262,
  0xedec,0x8345,0x2142,0x4264,0x4284,0x3a23,0x3a43,0x2162,0x1081,0x0840,0x1922,0x3a84,0x42c4,0x6c07,0x6be6,0x6bc6,
  0x6bc7,0x6bc7,0x6bc7,0x6bc7,0x7408,0x2142,0x1082,0x2145,0x2985,0x2124,0x18c1,0x6be8,0x6c08,0x6386,0x6386,0x63a6,
  0x63a6,0x6bc7,0x73c6,0x7b85,0x5202,0x31a3,0x2123,0x18c2,0x61a3,0xa385,0x39c2,0x2102,0x2902,0x0000,0x0000,0x0000,
  0x0000,0x0000,0x0000,0x0000,0x0000,0x0000,0x0000,0x0000,0x0000,0x0000,0x0000,0x0000,0x0000,0x0000,0x0000,0x0000,
  0x0000,0x0000,0x0000,0x0000,0x0000,0x0000,0x0000,0x0000,0x10c1,0x4223,0x5283,0x4a44,0x6b88,0x5b25,0x3183,0x59c2,
  0x8366,0x5a83,0x2142,0x31c4,0x31c4,0x1061,0x10c2,0x2983,0x3a25,0x1943,0x1923,0x3a84,0x5325,0x6c07,0x6be7,0x6be7,
  0x6be7,0x63e7,0x63c7,0x63a7,0x6be8,0x1921,0x10a2,0x3186,0x31c6,0x2965,0x10c1,0x6be8,0x6be8,0x6366,0x63a6,0x63a6,
  0x63a6,0x63a6,0x73e7,0x7b44,0x49e2,0x2102,0x18e2,0x2123,0x3143,0x3922,0x3982,0x3142,0x28c2,0x0000,0x0000,0x0000,
  0x0000,0x0000,0x0000,0x0000,0x0000,0x0000,0x0000,0x0000,0x0000,0x0000,0x0000,0x0000,0x0000,0x0000,0x0000,0x0000,
  0x0000,0x0000,0x0000,0x0000,0x0000,0x0000,0x0000,0x0000,0x18e1,0x3a02,0x31c2,0x4204,0x6b46,0x52a4,0x5ac4,0x39a3,
  0x18a1,0x0041,0x0861,0x1082,0x0041,0x1061,0x3962,0x73e7,0x7428,0x3224,0x2983,0x52a4,0x6386,0x6bc7,0x6bc7,0x6be7,
  0x6bc7,0x6bc7,0x6ba7,0x6ba7,0x6be7,0x1901,0x10a2,0x3186,0x39c7,0x2965,0x10a1,0x6be8,0x73e8,0x6366,0x63a7,0x63a6,
  0x63a6,0x63a7,0x6386,0x6345,0x4a85,0x1942,0x31e5,0x4286,0x31e5,0x0841,0x2102,0x2902,0x1081,0x0000,0x0000,0x0000,
  0x0000,0x0000,0x31c3,0x2982,0x0000,0x0000,0x0000,0x0000,0x0000,0x0000,0x0000,0x0000,0x0000,0x0000,0x0000,0x0000,
  0x0000,0x0000,0x0000,0x0000,0x0000,0x0000,0x0000,0x0000,0x18e1,0x3a03,0x3a23,0x52a5,0x7b45,0x5ac4,0x4a85,0x39e3,
  0x10c2,0x18e2,0x2123,0x18c2,0x2985,0x41a3,0x5a44,0x8468,0x7c69,0x5a84,0x4982,0x41a2,0x6ba6,0x6be7,0x6ba7,0x6bc7,
  0x6bc7,0x6bc7,0x6ba7,0x6ba7,0x6366,0x1901,0x10a3,0x2986,0x3186,0x2124,0x0880,0x5326,0x73c9,0x6ba7,0x6ba6,0x63a6,
  0x63a6,0x63a6,0x63a6,0x5b66,0x42c5,0x31a3,0x39c3,0x4a04,0x41e4,0x18e1,0x0001,0x0840,0x1081,0x0861,0x0000,0x0000,
  0x2081,0x20e1,0x4263,0x31a2,0x0040,0x2963,0x18c2,0x0000,0x0000,0x0000,0x0000,0x0000,0x0000,0x0000,0x0000,0x0000,
  0x0000,0x0000,0x0000,0x0000,0x0000,0x0000,0x0000,0x0000,0x2142,0x3a23,0x3a23,0x4ac5,0x5b66,0x6386,0x6366,0x7b66,
  0x62e5,0x8449,0xa52c,0x846a,0x6b88,0x83c7,0x8c29,0x6b87,0x5ac4,0x6284,0x7bea,0x4aa5,0x6385,0x6be7,0x63a7,0x6bc7,
  0x6bc7,0x6ba7,0x63a7,0x63a7,0x63c7,0x1922,0x10a2,0x2986,0x3186,0x1904,0x0860,0x5b67,0x7409,0x6ba7,0x6ba6,0x63a7,
  0x63a6,0x63a6,0x63a6,0x5b86,0x52e4,0x7b66,0x9407,0x6ae5,0x7365,0x3a03,0x2102,0x1081,0x10c2,0x2143,0x10a1,0x2102,
  0x2922,0x4264,0x6bc7,0x5b05,0x2962,0x2142,0x2122,0x0000,0x0000,0x0000,0x0000,0x0000,0x0000,0x0000,0x0000,0x0000,
  0x0000,0x0000,0x0000,0x0000,0x0000,0x0000,0x0000,0x0000,0x2982,0x3a23,0x4243,0x5326,0x6c08,0x5b66,0x6366,0x6b25,
  0x8385,0x8427,0x7c48,0x7c48,0x73e6,0x6324,0x52a4,0x4a64,0x62c4,0x7386,0x7448,0x5b65,0x63c6,0x7408,0x63a7,0x6ba7,
  0x6ba7,0x63a7,0x63a7,0x6bc7,0x7428,0x2142,0x18c3,0x31a6,0x39c7,0x2124,0x0860,0x63a7,0x7449,0x6ba7,0x6ba6,0x6ba7,
  0x63a7,0x63a6,0x6bc7,0x6be7,0x6365,0x73a6,0x7b86,0x9408,0x8c49,0x6b87,0x4224,0x10c2,0x39c4,0x8408,0x5b26,0x2983,
  0x18e1,0x4265,0x73c9,0x5ae4,0x39c3,0x2942,0x2962,0x0840,0x0000,0x0000,0x0000,0x0000,0x0000,0x0000,0x0000,0x0000,
  0x0000,0x0000,0x0000,0x0000,0x0000,0x0000,0x0000,0x0000,0x2982,0x4222,0x4a43,0x6b86,0x8447,0x6366,0x5b25,0x6305,
  0x52c4,0x5b86,0x5b86,0x5b45,0x5b85,0x5b45,0x6386,0x5b46,0x5b45,0x7c07,0x8427,0x5b45,0x6c07,0x6be7,0x6ba7,0x63a7,
  0x63a7,0x63a7,0x63a7,0x6bc7,0x7428,0x2142,0x10a3,0x2966,0x2986,0x18e4,0x0840,0x63a7,0x7408,0x6386,0x6ba7,0x6ba7,
  0x63a7,0x63a7,0x63a7,0x63a7,0x5b25,0x52c4,0x62c4,0x5264,0x6366,0x4a84,0x41e3,0x2922,0x6327,0x7345,0x7366,0x6346,
  0x2142,0x18c2,0x3962,0x6ae4,0x41c3,0x3142,0x2962,0x10c1,0x0000,0x0000,0x0000,0x0000,0x0000,0x0000,0x0000,0x0000,
  0x0000,0x0000,0x0000,0x0000,0x0000,0x0000,0x0000,0x0000,0x2162,0x4223,0x4a43,0x52a4,0x7ba5,0x6345,0x4ae5,0x6345,
  0x5305,0x5346,0x5b66,0x5b66,0x5bc6,0x5b65,0x6386,0x63a6,0x6386,0x6ba6,0x7385,0x6b05,0x6bc6,0x6bc7,0x6bc7,0x63a7,
  0x63a7,0x6ba7,0x63a7,0x6ba7,0x7408,0x2142,0x18c3,0x3186,0x3186,0x2104,0x0860,0x6387,0x6be8,0x6386,0x6387,0x63a7,
  0x63a7,0x63a7,0x6bc7,0x63a6,0x5305,0x4265,0x6325,0x6386,0x5305,0x5222,0x59e1,0x6306,0x7c48,0x6304,0x7283,0x9366,
  0x5326,0x2983,0x5a63,0x7304,0x4203,0x2942,0x2982,0x1922,0x0000,0x0000,0x0000,0x0000,0x0000,0x0000,0x0000,0x0000,
  0x0000,0x0000,0x0000,0x0000,0x0000,0x0000,0x0000,0x0000,0x2962,0x3a03,0x3a03,0x4a43,0x6305,0x5ae5,0x4ac5,0x5305,
  0x5b45,0x5325,0x5305,0x5325,0x4b45,0x5345,0x6346,0x6365,0x6386,0x6366,0x6325,0x5aa4,0x6346,0x6b86,0x6ba7,0x6bc7,
  0x6ba7,0x6ba7,0x6386,0x6ba7,0x6be8,0x1902,0x10a3,0x2965,0x2986,0x1904,0x0881,0x5b66,0x73c8,0x6386,0x6386,0x6387,
  0x63a6,0x63a7,0x63a7,0x6bc7,0x5305,0x5b06,0x6b86,0x63a6,0x6386,0x5a83,0x6a63,0x8428,0x6385,0x5304,0x62e4,0x8365,
  0x5b46,0x4ae5,0x5244,0x5a83,0x4284,0x31e3,0x29a2,0x10e1,0x0000,0x0000,0x0000,0x0000,0x0000,0x0000,0x0000,0x0000,
  0x0000,0x0000,0x0000,0x0000,0x0000,0x0000,0x0000,0x0000,0x3182,0x39a2,0x39c3,0x5243,0x62e4,0x52c5,0x4a84,0x4243,
  0x4a83,0x4a84,0x4283,0x4ac4,0x4305,0x5305,0x6326,0x6386,0x5b66,0x5b66,0x6325,0x4a84,0x5306,0x6b86,0x6ba6,0x6bc7,
  0x6ba7,0x6b86,0x6b87,0x6ba7,0x6bc8,0x18e1,0x10a3,0x3186,0x31a6,0x2104,0x0861,0x5b46,0x73c7,0x6b46,0x6366,0x6386,
  0x63a7,0x6ba7,0x6ba7,0x6326,0x5b06,0x6366,0x6386,0x6386,0x5b66,0x5306,0x5a85,0x5ac5,0x52e5,0x4ae5,0x3a44,0x31e3,
  0x31a2,0x3a23,0x4a23,0x5a23,0x4223,0x31e2,0x31c2,0x2142,0x0000,0x0000,0x0000,0x0000,0x0000,0x0000,0x0000,0x0000,
  0x0000,0x0000,0x0000,0x0000,0x0000,0x0000,0x0000,0x0040,0x2962,0x39c2,0x4203,0x5243,0x5a83,0x4a43,0x2983,0x2942,
  0x4204,0x4224,0x31a3,0x3a63,0x4ae4,0x5ae5,0x6325,0x6386,0x6366,0x5b46,0x7344,0x52c4,0x5305,0x6b65,0x6b85,0x6ba7,
  0x6ba6,0x7344,0x6b25,0x6367,0x6bc8,0x1901,0x10a2,0x2985,0x31a6,0x2104,0x0861,0x5b26,0x6ba7,0x5b06,0x5b25,0x6345,
  0x6b45,0x6bc7,0x6b46,0x6aa5,0x6305,0x6366,0x5b86,0x5b86,0x5b66,0x5b46,0x6ac5,0x5285,0x3a43,0x3a23,0x3a24,0x41e4,
  0x1081,0x1902,0x4265,0x6325,0x4a63,0x31a2,0x4202,0x2942,0x0000,0x0000,0x0000,0x0000,0x0000,0x0000,0x0000,0x0000,
  0x0000,0x0000,0x0000,0x0000,0x0000,0x0000,0x0000,0x0000,0x2942,0x39e3,0x4243,0x4a84,0x5283,0x2962,0x2144,0x4a66,
  0x4a65,0x5ae7,0x3a05,0x29a3,0x4aa3,0x4ac4,0x5305,0x5b66,0x6346,0x5b25,0x6305,0x52e5,0x5b25,0x5b25,0x6344,0x6344,
  0x6b65,0x6345,0x4aa4,0x5b46,0x6ba7,0x18e1,0x10a3,0x2965,0x2965,0x2124,0x0861,0x6346,0x6ba7,0x5b46,0x5b87,0x5b46,
  0x62e4,0x6b45,0x6b45,0x6b46,0x5b05,0x63a6,0x5ba6,0x5b65,0x5b46,0x52e5,0x52a4,0x4244,0x2162,0x3182,0x5264,0x5a86,
  0x31a6,0x1904,0x31e4,0x6365,0x4263,0x3a02,0x4202,0x2962,0x0000,0x0000,0x0000,0x0000,0x0000,0x0000,0x0000,0x0000,
  0x0000,0x0000,0x0000,0x0000,0x0000,0x0000,0x0000,0x0001,0x1081,0x1901,0x1921,0x2142,0x1901,0x0840,0x10a2,0x18e2,
  0x18e2,0x2122,0x18e2,0x0860,0x2162,0x4263,0x4ae6,0x5347,0x4a85,0x4ac5,0x6346,0x5b46,0x5b46,0x4ac5,0x4ac5,0x6324,
  0x6b44,0x5b46,0x4b06,0x6ba6,0x5b45,0x1901,0x10a2,0x2965,0x2985,0x2124,0x1081,0x52a4,0x6386,0x5ba8,0x5ba7,0x63c7,
  0x5b25,0x5b25,0x6366,0x6bc7,0x5b25,0x63a7,0x6c07,0x5b65,0x5b66,0x4ac4,0x4243,0x2962,0x0840,0x0840,0x18c1,0x18a2,
  0x10a3,0x10a3,0x18c1,0x3181,0x2121,0x18e0,0x18c0,0x1080,0x0001,0x0000,0x0000,0x0000,0x0000,0x0000,0x0000,0x0000,
  0x0000,0x0000,0x0000,0x0000,0x0000,0x3166,0x39e8,0x31a6,0x39e7,0x41e8,0x5289,0x2964,0x20e3,0x39a5,0x2923,0x4a28,
  0x4a28,0x4a08,0x4a48,0x4248,0x10c1,0x2121,0x29a2,0x2982,0x2121,0x29a2,0x31e3,0x3a02,0x3a23,0x31e3,0x31c3,0x3182,
  0x3981,0x2962,0x2182,0x31c2,0x29a2,0x0860,0x0001,0x0862,0x0862,0x0041,0x0001,0x2982,0x31a2,0x29a2,0x31a2,0x31c2,
  0x31e3,0x31e3,0x31e3,0x3224,0x2962,0x29a2,0x4223,0x3182,0x31c2,0x31c2,0x2981,0x1903,0x528b,0x5267,0x41e5,0x41e5,
  0x5247,0x41c7,0x2126,0x2104,0x29a6,0x4228,0x31a6,0x39c7,0x39e7,0x39e7,0x2125,0x0000,0x0000,0x0000,0x0000,0x0000,
  0x0000,0x0000,0x0000,0x0000,0x2125,0x52cc,0x7c10,0x5ae9,0x5aea,0x7bcf,0x738f,0x31c7,0x4a6a,0x4249,0x52c9,0x7bcf,
  0x7b8d,0x8c0d,0x73ad,0x4aa9,0x2984,0x1921,0x3a03,0x52a5,0x4a24,0x5a63,0x73c6,0x5b26,0x848d,0x4288,0x2061,0x4182,
  0x49c3,0x4a05,0x41e4,0x41e4,0x4a45,0x52a7,0x5ac8,0x5265,0x5244,0x5266,0x5266,0x41e4,0x41a3,0x39c3,0x39e5,0x49c4,
  0x51a2,0x30e0,0x2a06,0x5c2d,0x4307,0x5b48,0x52c7,0x4a44,0x5285,0x4224,0x2122,0x31a7,0x6b6e,0x946e,0x7ba9,0x6b07,
  0x8389,0x6b0c,0x39c9,0x4249,0x29a7,0x5b2d,0x73ee,0x532c,0x634c,0x73ae,0x426a,0x1924,0x0000,0x0000,0x0000,0x0000,
  0x0000,0x0000,0x0000,0x2965,0x632d,0x8c72,0x6bae,0x8470,0x9491,0x8432,0x3a2a,0x52ac,0x4a8d,0x6b6c,0x94f1,0x9cf4,
  0x9cb2,0x8be9,0x6bed,0x5b6b,0x31e7,0x1923,0x3204,0x4aa5,0x5aa5,0x6ac4,0x7407,0x6be8,0x7c6a,0x4246,0x6102,0xe587,
  0xfe8c,0xeeb4,0xee4d,0xf6ca,0xf70c,0xef12,0xef56,0xee29,0xf6ac,0xf733,0xf6d0,0xfecf,0xfe8a,0xf6ec,0xd690,0xeeef,
  0xf4c4,0x9262,0x2a26,0x542b,0x5387,0x6b86,0x6305,0x4a44,0x5284,0x39e3,0x2103,0x5acc,0x528b,0x73f1,0x94d5,0x840e,
  0x94d2,0x94d3,0x528b,0x5289,0x4a69,0x39e8,0x73ed,0x84ce,0x738c,0x6b8f,0x7432,0x426a,0x2124,0x0000,0x0000,0x0000,
  0x0000,0x0000,0x2125,0x424a,0x4a69,0x4a69,0x4208,0x5acb,0x5acb,0x4a2a,0x1905,0x39e8,0x2925,0x5267,0x632b,0x5acc,
  0x62ec,0x39e7,0x4268,0x5b6c,0x3207,0x1082,0x1902,0x4203,0x4a23,0x4a43,0x5305,0x4284,0x5b46,0x3a05,0x1882,0x41a3,
  0x49c3,0x49c4,0x4a03,0x5264,0x4a44,0x4204,0x4a04,0x4a24,0x5224,0x4a25,0x4a04,0x4a04,0x4a04,0x4a24,0x4204,0x41e4,
  0x49a3,0x2902,0x1923,0x4b27,0x4ac4,0x4243,0x4a63,0x3a02,0x31a2,0x18e2,0x2967,0x4a4b,0x5aed,0x4a4a,0x5aec,0x5268,
  0x4a69,0x4a6a,0x39e8,0x2945,0x31a6,0x18c3,0x39c7,0x5aa9,0x4a48,0x4249,0x4249,0x41c8,0x41e7,0x2124,0x0000,0x0000,
  0x0000,0x0861,0x2145,0x2966,0x3185,0x2144,0x2165,0x2165,0x2104,0x2946,0x18a3,0x20e4,0x20e3,0x1903,0x31a6,0x39c8,
  0x39c7,0x3186,0x2966,0x31a6,0x39e7,0x2104,0x10a1,0x2121,0x3182,0x31a2,0x31a2,0x2962,0x2983,0x2963,0x29a4,0x29a5,
  0x2984,0x1923,0x2163,0x21a4,0x21a4,0x2184,0x2984,0x2964,0x29a5,0x2984,0x2144,0x2144,0x2144,0x2165,0x2144,0x2144,
  0x1944,0x1923,0x1902,0x2982,0x29a2,0x31a2,0x31a2,0x2982,0x18e1,0x1081,0x2966,0x424a,0x39e8,0x2985,0x2986,0x2124,
  0x1924,0x1904,0x2104,0x10a3,0x18c3,0x10a3,0x2965,0x2165,0x29a6,0x2144,0x2145,0x2966,0x2145,0x2945,0x0861,0x0000,
  0x0000,0x0861,0x2105,0x2125,0x31a6,0x29c5,0x29c6,0x29a6,0x3186,0x2987,0x10a3,0x2104,0x18c3,0x2143,0x39e7,0x39c7,
  0x2104,0x2945,0x31c7,0x2966,0x31a6,0x31a6,0x10a2,0x0840,0x10a1,0x1081,0x0861,0x0840,0x0861,0x1081,0x10a2,0x1081,
  0x1081,0x0861,0x10a1,0x10c1,0x10a2,0x10a2,0x10a1,0x1081,0x10a2,0x10a2,0x10a2,0x1081,0x1081,0x10a2,0x10a1,0x1081,
  0x0861,0x0840,0x0861,0x0861,0x10a1,0x10c1,0x10a1,0x0881,0x0001,0x1904,0x31a7,0x31a7,0x2964,0x31a5,0x29a6,0x2144,
  0x29a6,0x29a6,0x2965,0x10a3,0x10c3,0x18c3,0x2185,0x21a5,0x31c6,0x2985,0x2986,0x2125,0x1904,0x2125,0x0841,0x0000,
  0x0000,0x0862,0x2125,0x2966,0x31c7,0x31c7,0x31a6,0x31a6,0x31c7,0x31a7,0x18e4,0x2124,0x18c2,0x2965,0x2965,0x1082,
  0x3a04,0x2963,0x2945,0x18e4,0x2966,0x4229,0x2145,0x0861,0x0000,0x0000,0x0000,0x0000,0x0000,0x0000,0x0000,0x0000,
  0x0000,0x0000,0x0000,0x0000,0x0000,0x0000,0x0000,0x0000,0x0000,0x0000,0x0000,0x0000,0x0000,0x0000,0x0000,0x0000,
  0x0000,0x0000,0x0000,0x0000,0x0000,0x0000,0x0000,0x10a1,0x1082,0x39e8,0x3187,0x18c3,0x1061,0x18e3,0x31c7,0x31a7,
  0x31e7,0x31e7,0x31a6,0x18e3,0x18e4,0x18c3,0x2986,0x29a6,0x31c7,0x2986,0x31a6,0x2945,0x2104,0x2945,0x0841,0x0000,
  0x0000,0x0021,0x1082,0x1082,0x0862,0x10a3,0x18e3,0x18e3,0x1082,0x1082,0x0882,0x0861,0x0020,0x1082,0x1082,0x5ae9,
  0x846a,0x4245,0x0842,0x3184,0x31a4,0x10c4,0x18e4,0x0841,0x0000,0x0000,0x0000,0x0000,0x0000,0x0000,0x0000,0x0000,
  0x0000,0x0000,0x0000,0x0000,0x0000,0x0000,0x0000,0x0000,0x0000,0x0000,0x0000,0x0000,0x0000,0x0000,0x0000,0x0000,
  0x0000,0x0000,0x0000,0x0000,0x0000,0x0000,0x0000,0x0000,0x1082,0x10a3,0x0841,0x2122,0x3a25,0x10c2,0x10a3,0x18e4,
  0x20e4,0x2104,0x10a3,0x0861,0x1082,0x0841,0x1082,0x1082,0x10a2,0x1082,0x10a3,0x1082,0x0861,0x1082,0x0020,0x0000,
  0x0000,0x0000,0x0000,0x0000,0x0000,0x0000,0x0000,0x0000,0x0000,0x0000,0x0000,0x0000,0x1082,0x1081,0x31a4,0x5b08,
  0x4226,0x2964,0x1082,0x52a6,0x52a5,0x18c2,0x10a1,0x0000,0x0000,0x0000,0x0000,0x39c5,0x31a4,0x0000,0x0000,0x0000,
  0x0000,0x0000,0x0000,0x0000,0x0000,0x0000,0x0000,0x0000,0x0000,0x0000,0x0000,0x0000,0x0000,0x0000,0x0000,0x0000,
  0x39c5,0x2964,0x0000,0x0000,0x0000,0x0000,0x0000,0x0000,0x10a1,0x18c1,0x0860,0x4246,0x84ac,0x3a45,0x0840,0x0821,
  0x0000,0x0000,0x0000,0x0000,0x0000,0x0000,0x0861,0x0000,0x0000,0x0000,0x0000,0x0000,0x0000,0x0000,0x0000,0x0000,
  0x0000,0x0000,0x0000,0x0000,0x0000,0x0000,0x0000,0x0000,0x0000,0x0000,0x0000,0x0000,0x18e3,0x4227,0x39e5,0x31a4,
  0x2143,0x1061,0x0000,0x10a2,0x39c4,0x31a4,0x0881,0x0000,0x0000,0x0000,0x18c2,0x39c5,0x31a4,0x18c2,0x0000,0x0000,
  0x0000,0x0000,0x0000,0x0000,0x0000,0x0000,0x0000,0x0000,0x0000,0x0000,0x0000,0x0000,0x0000,0x0000,0x0000,0x10a2,
  0x31c6,0x2984,0x10a1,0x0000,0x0000,0x0000,0x0000,0x1902,0x2943,0x18c2,0x0000,0x0000,0x0000,0x1902,0x2943,0x4244,
  0x2122,0x0000,0x0000,0x0000,0x0000,0x0000,0x31a5,0x20e2,0x0000,0x0000,0x0000,0x0000,0x0000,0x0000,0x0000,0x0000,
  0x0000,0x0000,0x0000,0x0000,0x0000,0x0000,0x0000,0x0000,0x0000,0x0000,0x0000,0x0000,0x0000,0x0861,0x1081,0x1081,
  0x0000,0x0000,0x0000,0x0000,0x0000,0x0000,0x0000,0x0000,0x0000,0x0000,0x0000,0x0000,0x0000,0x0000,0x0000,0x0000,
  0x0000,0x0000,0x0000,0x0000,0x0000,0x0000,0x0000,0x0000,0x0000,0x0000,0x0000,0x0000,0x0000,0x0000,0x0000,0x0000,
  0x0000,0x0861,0x0000,0x0000,0x0000,0x0000,0x18c2,0x31c5,0x39e5,0x18e2,0x0000,0x0000,0x0000,0x18e3,0x4a68,0x5ac7,
  0x3184,0x10a2,0x0000,0x0000,0x0000,0x0000,0x10a2,0x1081,0x0000,0x0000,0x0000,0x0000,0x0000,0x0000,0x0000,0x0000,
  0x0000,0x0000,0x0000,0x0000,0x0000,0x0000,0x0000,0x0000,0x0000,0x0000,0x0000,0x0000,0x0000,0x0000,0x0000,0x0000,
  0x0000,0x0000,0x0000,0x0000,0x0000,0x0000,0x0000,0x0000,0x0000,0x0000,0x0000,0x0000,0x0000,0x0000,0x0000,0x0000,
  0x0000,0x0000,0x0000,0x0000,0x0000,0x0000,0x0000,0x0000,0x0000,0x0000,0x0000,0x0000,0x0000,0x0000,0x0000,0x0000,
  0x0000,0x0000,0x0000,0x0000,0x0000,0x0000,0x0000,0x10a1,0x10a1,0x18a2,0x0000,0x0000,0x0000,0x0000,0x2124,0x18e3,
  0x18e3,0x0861,0x0000,0x0000,0x0000,0x0000,0x0000,0x0000,0x0000,0x0000,0x0000,0x0000,0x0000,0x0000,0x0000,0x0000,
  0x0000,0x0000,0x0000,0x0000,0x0000,0x0000,0x0000,0x0000,0x0000,0x0000,0x0000,0x0000,0x0000,0x0000,0x0000,0x0000,
  0x0000,0x0000,0x0000,0x0000,0x0000,0x0000,0x0000,0x0000,0x0000,0x0000,0x0000,0x0000,0x0000,0x0000,0x0000,0x0000,
  0x0000,0x0000,0x0000,0x0000,0x0000,0x0000,0x0000,0x0000,0x0000,0x0000,0x0000,0x0000,0x0000,0x0000,0x0000,0x0000,
  0x0000,0x0000,0x0000,0x0000,0x0000,0x0000,0x0000,0x0000,0x0000,0x0000,0x0000,0x0000,0x0000,0x0000,0x0000,0x0000,
  0x0000,0x0000,0x0000,0x0000,0x0000,0x0000,0x0000,0x0000,0x0000,0x0000,0x0000,0x0000,0x0000,0x0000,0x0000,0x0000,
  0x0000,0x0000,0x0000,0x0000,0x0000,0x0000,0x0000,0x0000,0x0000,0x0000,0x0000,0x0000,0x0000,0x0000,0x0000,0x0000,
  0x0000,0x0000,0x0000,0x0000,0x0000,0x0000,0x0000,0x0000,0x0000,0x0000,0x0000,0x0000,0x0000,0x0000,0x0000,0x0000,
  0x0000,0x0000,0x0000,0x0000,0x0000,0x0000,0x0000,0x0000,0x0000,0x0000,0x0000,0x0000,0x0000,0x0000,0x0000,0x0000,
  0x0000,0x0000,0x0000,0x0000,0x0000,0x0000,0x0000,0x0000,0x0000,0x0000,0x0000,0x0000,0x0000,0x0000,0x0000,0x0000,
  0x0000,0x0000,0x0000,0x0000,0x0000,0x0000,0x0000,0x0000,0x0000,0x0000,0x0000,0x0000,0x0000,0x0000,0x0000,0x0000,
 },
 {
  0x0000,0x0000,0x0000,0x0000,0x0000,0x0000,0x0000,0x0000,0x0000,0x0000,0x0000,0x0000,0x0000,0x0000,0x0000,0x0000,
  0x0000,0x0000,0x0000,0x0000,0x0000,0x0000,0x0000,0x0000,0x0000,0x0000,0x0000,0x0000,0x0000,0x0000,0x0000,0x0000,
  0x0000,0x0000,0x0000,0x0000,0x0000,0x0000,0x0000,0x0000,0x0000,0x0000,0x0000,0x0000,0x0000,0x0000,0x0000,0x0000,
  0x0000,0x0000,0x0000,0x0000,0x0000,0x0000,0x0000,0x0000,0x0000,0x0000,0x0000,0x0000,0x0000,0x0000,0x0000,0x0000,
  0x0000,0x0000,0x0000,0x0000,0x0000,0x0000,0x0000,0x0000,0x0000,0x0000,0x0000,0x0000,0x0000,0x0000,0x0000,0x0000,
  0x0000,0x0000,0x0000,0x0000,0x0000,0x0000,0x0000,0x0000,0x0000,0x0000,0x0000,0x0000,0x0000,0x0000,0x0000,0x0000,
  0x0000,0x0000,0x0000,0x0000,0x0000,0x0000,0x0000,0x0000,0x0000,0x0000,0x0000,0x0000,0x0000,0x0000,0x0000,0x0000,
  0x0000,0x0000,0x0000,0x0000,0xa964,0xb9e4,0x0000,0x0000,0x0000,0x0000,0x0000,0x0000,0x0000,0x0000,0x0000,0x0000,
  0x0000,0x0000,0x0000,0x0000,0x0000,0x0000,0x0000,0x0000,0x0000,0x0000,0x0000,0x0000,0x0000,0x0000,0x0000,0x0000,
  0x0000,0x0000,0x0000,0x0000,0x0000,0x0000,0x0000,0x0000,0x0000,0x0000,0x0000,0x0000,0x0000,0x0000,0x0000,0x0000,
  0x0000,0x0000,0x0000,0x0000,0x0000,0x0000,0x0000,0x0000,0x0000,0x0000,0x0000,0x0000,0x0000,0x0000,0x0000,0x0000,
  0x0000,0x0000,0x0000,0x0000,0x0000,0x0000,0x0000,0x0000,0x0000,0x0000,0x0000,0x0000,0x0000,0x0000,0x0000,0x0000,
  0x0000,0x0000,0x0000,0x0000,0xc1e4,0xe2e5,0x0000,0x0000,0x0000,0x0000,0x0000,0x0000,0x0000,0x0000,0x0000,0x0000,
  0x0000,0x0000,0x0000,0x0000,0x0000,0x0000,0x0000,0x0000,0x0000,0x0000,0x0000,0x0000,0x0000,0x0000,0x0000,0x0000,
  0x0000,0x0000,0x0000,0x0000,0x0000,0x0000,0x0000,0x0000,0x0000,0x0000,0x0000,0x0000,0x0000,0x0000,0x0000,0x0000,
  0x0000,0x0000,0x0000,0x0000,0x0000,0x0000,0x0000,0x0000,0x0000,0x0000,0x0000,0x0000,0x0000,0x0000,0x0000,0x0000,
  0x0000,0x0000,0x0000,0x0000,0x0000,0x0000,0x0000,0x0000,0x0000,0x0000,0x0000,0xf324,0xb143,0x0000,0x0000,0x0000,
  0x0000,0x0000,0x0000,0x0000,0x0000,0x0000,0x0000,0x0000,0x0000,0x0000,0x0000,0x0000,0x0000,0x0000,0x0000,0x0000,
  0x0000,0x0000,0xd2a4,0xf384,0x0000,0x0000,0x0000,0x0000,0x0000,0x0000,0x0000,0x0000,0x0000,0x0000,0x0000,0x0000,
  0x0000,0x0000,0x0000,0x0000,0x0000,0x0000,0x0000,0x0000,0x0000,0x0000,0x0000,0x0000,0x0000,0x0000,0x0000,0x0000,
  0x0000,0x0000,0x0000,0x0000,0x0000,0x0000,0x0000,0x0000,0x0000,0x0000,0x0000,0x0000,0x0000,0x0000,0x0000,0x0000,
  0x0000,0x0000,0x0000,0x0000,0x0000,0x0000,0x0000,0x0000,0x0000,0x0000,0x0000,0xc143,0x0000,0x0000,0x0000,0x0000,
  0x0000,0x0000,0x0000,0x0000,0x0000,0x0000,0x0000,0x0000,0x0000,0x0000,0x0000,0x0000,0x0000,0x0000,0x0000,0x0000,
  0x0000,0x0000,0xca23,0xdac3,0x0000,0x0000,0x0000,0x0000,0x0000,0x0000,0x0000,0x0000,0x0000,0x0000,0x0000,0x0000,
  0x0000,0x0000,0x0000,0x0000,0x0000,0x0000,0x0000,0x0000,0x0000,0x0000,0x0000,0x0000,0x0000,0x0000,0x0000,0x0000,
  0x0000,0x0000,0x0000,0x0000,0x0000,0x0000,0x0000,0x0000,0x0000,0x0000,0x0000,0x0000,0x0000,0x0000,0x0000,0x0000,
  0x0000,0x0000,0x0000,0x0000,0x0000,0x0000,0x0000,0x0000,0x0000,0x0000,0x0000,0x0000,0x0000,0x0000,0x0000,0x0000,
  0x0000,0x0000,0x0000,0x0000,0x98c3,0x0000,0x0000,0x0000,0x0000,0x0000,0xb183,0xb922,0x0000,0x0000,0x0000,0x0000,
  0x0000,0x0000,0x0000,0x0000,0x0000,0x0000,0x0000,0x0000,0x0000,0x0000,0x0000,0x0000,0x0000,0x0000,0x0000,0x0000,
  0x0000,0x0000,0x0000,0x0000,0x0000,0x0000,0x0000,0x0000,0x0000,0x0000,0x0000,0x0000,0x0000,0x0000,0x0000,0x0000,
  0x0000,0x0000,0x0000,0x0000,0x0000,0x0000,0x0000,0x0000,0x0000,0x0000,0x0000,0x0000,0x0000,0x0000,0x0000,0x0000,
  0x0000,0x0000,0x0000,0x0000,0x0000,0x0000,0x0000,0x0000,0x0000,0x0000,0x0000,0x0000,0x0000,0x0000,0x0000,0x0000,
  0x0000,0x0000,0x0000,0x8042,0xc943,0xa0a2,0x0000,0x0000,0x0000,0x9062,0xb0c2,0xa0c2,0x0000,0x0000,0x0000,0x0000,
  0x0000,0x0000,0x0000,0x0000,0x0000,0x0000,0x0000,0x0000,0x0000,0x0000,0x0000,0x0000,0x0000,0x0000,0x0000,0x0000,
  0x0000,0x0000,0x0000,0x0000,0x0000,0x0000,0x0000,0x0000,0x0000,0x0000,0x0000,0x0000,0x0000,0x0000,0x0000,0x0000,
  0x0000,0x0000,0x0000,0x0000,0x0000,0x0000,0x0000,0x0000,0x0000,0x0000,0x0000,0x0000,0x0000,0x0000,0x0000,0x0000,
  0x0000,0x0000,0x0000,0xc203,0xeb65,0x0000,0x0000,0x0000,0x0000,0x0000,0x0000,0x0000,0x0000,0xb0e2,0x0000,0x0000,
  0x0000,0x0000,0x0000,0x7022,0xc122,0xb0c1,0x0000,0x0000,0x9863,0xc0c3,0xd983,0x9062,0x0000,0x0000,0x0000,0x0000,
  0xb982,0x0000,0x0000,0x0000,0x0000,0x0000,0x0000,0x0000,0x0000,0x0000,0x0000,0x0000,0x0000,0x0000,0x0000,0x0000,
  0x0000,0x0000,0x0000,0x0000,0x0000,0x0000,0x0000,0x0000,0x0000,0x0000,0x0000,0x0000,0x0000,0x0000,0x0000,0x0000,
  0x0000,0x0000,0x0000,0x0000,0x0000,0x0000,0x0000,0x0000,0x0000,0x0000,0x0000,0x0000,0x0000,0x0000,0x0000,0x0000,
  0x0000,0x0000,0x0000,0xc203,0xe304,0x0000,0x0000,0x0000,0x0000,0x0000,0x0000,0x0000,0x0000,0xb982,0xc162,0x8862,
  0x0000,0x0000,0x9062,0x9842,0xd162,0xd9e1,0xa8a2,0xb0c3,0xc0c3,0xf2e3,0xd9a2,0x8842,0x0000,0x0000,0x0000,0xb982,
  0xca22,0x8842,0x0000,0x0000,0x0000,0x0000,0x0000,0x0000,0x0000,0x0000,0x0000,0x0000,0x0000,0x0000,0x0000,0x0000,
  0x0000,0x0000,0x0000,0x0000,0x0000,0x0000,0x0000,0x0000,0x0000,0x0000,0x0000,0x0000,0x0000,0x0000,0x0000,0x0000,
  0x0000,0x0000,0x0000,0x0000,0x0000,0x0000,0x0000,0x0000,0x0000,0x0000,0x0000,0x0000,0x0000,0x0000,0x0000,0x0000,
  0x0000,0x0000,0x0000,0x0000,0x0000,0x0000,0x0000,0x0000,0x0000,0x0000,0x0000,0x0000,0x0000,0xa0a3,0xeaa4,0xc0e2,
  0x9882,0x8862,0xa882,0xc8c2,0xd142,0xfb63,0xea03,0xd0e3,0xf223,0xfc86,0xd9c2,0xb862,0x9882,0x9062,0xc141,0xea83,
  0x9822,0x0000,0x0000,0x0000,0x0000,0x0000,0x0000,0x0000,0x0000,0x0000,0x0000,0x0000,0x0000,0x0000,0x0000,0x0000,
  0x0000,0x0000,0x0000,0x0000,0x0000,0x0000,0x0000,0x0000,0x0000,0x0000,0x0000,0x0000,0x0000,0x0000,0x0000,0x0000,
  0x0000,0x0000,0x0000,0x0000,0x0000,0x0000,0x0000,0x0000,0x0000,0x0000,0x0000,0x0000,0x0000,0x0000,0x0000,0x0000,
  0x0000,0x0000,0x0000,0x0000,0x0000,0x0000,0x0000,0x0000,0x0000,0x8022,0x0000,0x0000,0x8062,0x9863,0xe1a3,0xfa22,
  0xd102,0xa8c3,0xb8e3,0xc103,0xe9a4,0xfae5,0xfb45,0xf244,0xfc06,0xfbe6,0xd102,0xd123,0xd123,0xd142,0xf242,0xd183,
  0x9082,0x0000,0x0000,0x0000,0x0000,0x0000,0x0000,0x0000,0x0000,0x0000,0x0000,0x0000,0x0000,0x0000,0x0000,0x0000,
  0x0000,0x0000,0x0000,0x0000,0x0000,0x0000,0x0000,0x0000,0x0000,0x0000,0x0000,0x0000,0x0000,0x0000,0x0000,0x0000,
  0x0000,0x0000,0x0000,0x0000,0x0000,0x0000,0x0000,0x0000,0x0000,0x0000,0x0000,0x0000,0x0000,0x0000,0x0000,0x0000,
  0x0000,0x0000,0x0000,0x0000,0x0000,0x0000,0x0000,0x0000,0x0000,0xc1c3,0xb102,0x9042,0x8863,0xb0c3,0xe9a3,0xfc46,
  0xfb65,0xd903,0xea04,0xe244,0xf265,0xfbc6,0xfded,0xfbc7,0xfd49,0xfc67,0xf1c3,0xd923,0xf264,0xfcc7,0xfb44,0xc062,
  0x80a2,0x88e3,0x0000,0x0000,0x0000,0x0000,0x0000,0x0000,0x0000,0x0000,0x0000,0x0000,0x0000,0x0000,0x0000,0x0000,
  0x0000,0x0000,0x0000,0x0000,0x0000,0x0000,0x0000,0x0000,0x0000,0x0000,0x0000,0x0000,0x0000,0x0000,0x0000,0x0000,
  0x0000,0x0000,0x0000,0x0000,0x0000,0x0000,0x0000,0x0000,0x0000,0x0000,0x0000,0x0000,0x0000,0x0000,0x0000,0x0000,
  0x0000,0x0000,0x0000,0x0000,0x0000,0x0000,0x0000,0x0000,0x9062,0xe263,0xe224,0xb862,0xb8c3,0xc123,0xf202,0xfcc7,
  0xfca7,0xe9c3,0xf285,0xf2c5,0xea85,0xfc86,0xfece,0xfcc8,0xfc47,0xfd6a,0xfb66,0xf264,0xfce8,0xfd49,0xf284,0xd123,
  0xa882,0x9882,0x9062,0x0000,0x0000,0x0000,0x0000,0x0000,0x0000,0x0000,0x0000,0x0000,0x0000,0x0000,0x0000,0x0000,
  0x0000,0x0000,0x0000,0x0000,0x0000,0x0000,0x0000,0x0000,0x0000,0x0000,0x0000,0x0000,0x0000,0x0000,0x0000,0x0000,
  0x0000,0x0000,0x0000,0x0000,0x0000,0x0000,0x0000,0x0000,0x0000,0x0000,0x0000,0x0000,0x0000,0x0000,0x0000,0x0000,
  0x0000,0x0000,0x0000,0x0000,0x0000,0x0000,0x0000,0x0000,0x0000,0xb082,0xf285,0xfa43,0xe9a3,0xe1a3,0xe9e3,0xf263,
  0xfc46,0xfc46,0xfb65,0xfb65,0xf224,0xfc06,0xfe2c,0xfd08,0xfc67,0xff52,0xfe2c,0xfe4e,0xfeee,0xfbe6,0xea03,0xea42,
  0xe1a0,0xc0c2,0x9042,0x8862,0x0000,0x0000,0x0000,0x0000,0x0000,0x0000,0x0000,0x0000,0x0000,0x0000,0x0000,0x0000,
  0x0000,0x0000,0x0000,0x0000,0x0000,0x0000,0x0000,0x0000,0x0000,0x0000,0x0000,0x0000,0x0000,0x0000,0x0000,0x0000,
  0x0000,0x0000,0x0000,0x0000,0x0000,0x0000,0x0000,0x0000,0x0000,0x0000,0x0000,0x0000,0x0000,0x0000,0x0000,0x0000,
  0x0000,0x0000,0x0000,0x0000,0x0000,0x0000,0x0000,0x0000,0x0000,0x7842,0xc8a2,0xfae2,0xfcc6,0xfb45,0xe1a4,0xe9a3,
  0xfd07,0xfece,0xfcc8,0xfb05,0xfae5,0xfc07,0xfe0c,0xfc88,0xfb05,0xfc88,0xfe4d,0xfffb,0xfeae,0xfc25,0xf365,0xea82,
  0xd962,0xc0c3,0xa863,0x8842,0x0000,0x0000,0x0000,0x0000,0x0000,0x0000,0x0000,0x0000,0x0000,0x0000,0x0000,0x0000,
  0x0000,0x0000,0x0000,0x0000,0x0000,0x0000,0x0000,0x0000,0x0000,0x0000,0x0000,0x0000,0x0000,0x0000,0x0000,0x0000,
  0x0000,0x0000,0x0000,0x0000,0x0000,0x0000,0x0000,0x0000,0x0000,0x0000,0x0000,0x0000,0x0000,0x0000,0x0000,0x0000,
  0x0000,0x0000,0x0000,0x0000,0x0000,0x0000,0x0000,0x0000,0x90a2,0x9082,0xb8e2,0xfaa3,0xfcc7,0xfd6a,0xfae5,0xf224,
  0xfba5,0xfe6e,0xfe2d,0xfbc7,0xfc48,0xfd2a,0xfecf,0xfdec,0xfc68,0xfca8,0xfded,0xfed0,0xfd09,0xfb05,0xea04,0xe1a3,
  0xea24,0xe9c4,0xe9a4,0xb8c2,0xa8c1,0xb0e1,0x98a2,0x0000,0x0000,0xfbe5,0xa963,0x0000,0x0000,0x0000,0x0000,0x0000,
  0x0000,0x0000,0x0000,0x0000,0x0000,0x0000,0x0000,0x0000,0x0000,0x0000,0x0000,0x0000,0x0000,0x0000,0x0000,0x0000,
  0x0000,0x0000,0x0000,0x0000,0x0000,0x0000,0x0000,0x0000,0x0000,0x0000,0x0000,0x0000,0x0000,0x0000,0x0000,0x0000,
  0x0000,0x0000,0x0000,0x0000,0x0000,0x0000,0x0000,0xa062,0xa882,0xc941,0xc922,0xe9a4,0xfc47,0xfd48,0xfdab,0xfba7,
  0xfb06,0xfca8,0xfece,0xfdaa,0xfd2a,0xfe6d,0xff30,0xfeae,0xfe0d,0xfef1,0xff92,0xfd48,0xfbc6,0xfb26,0xea25,0xeac5,
  0xfce7,0xfb45,0xfcc8,0xfb05,0xe9c2,0xc901,0x8862,0x0000,0x0000,0xb1a3,0x0000,0x0000,0x0000,0x0000,0x0000,0x0000,
  0x0000,0x0000,0x0000,0x0000,0x0000,0x0000,0x0000,0x0000,0x0000,0x0000,0x0000,0x0000,0x0000,0x0000,0x0000,0x0000,
  0x0000,0x0000,0x0000,0x0000,0x0000,0x0000,0x0000,0x0000,0x0000,0x0000,0x0000,0x0000,0x0000,0x0000,0x0000,0x0000,
  0x0000,0x0000,0x0000,0x0000,0x0000,0x0000,0x0000,0x0000,0xa082,0xb8e2,0xd123,0xf204,0xf2e5,0xf2e4,0xfcea,0xfe4e,
  0xfd4b,0xfce8,0xfe6c,0xff33,0xfed0,0xff10,0xff95,0xff12,0xfef2,0xffda,0xfed0,0xfc67,0xfc07,0xf2e5,0xfb05,0xfe2f,
  0xff93,0xfce7,0xfbc5,0xfa45,0xb8a3,0x8062,0x0000,0x0000,0x0000,0x0000,0x0000,0x0000,0x0000,0x0000,0x0000,0x0000,
  0x0000,0x0000,0x0000,0x0000,0x0000,0x0000,0x0000,0x0000,0x0000,0x0000,0x0000,0x0000,0x0000,0x0000,0x0000,0x0000,
  0x0000,0x0000,0x0000,0x0000,0x0000,0x0000,0x0000,0x0000,0x0000,0x0000,0x0000,0x0000,0x0000,0x0000,0x0000,0x0000,
  0x0000,0x0000,0x0000,0x0000,0x0000,0x0000,0x0000,0x0000,0x8862,0xb083,0xd984,0xd984,0xe103,0xf1a4,0xfb86,0xfdab,
  0xfe8e,0xfead,0xfe8d,0xffb9,0xff96,0xff95,0xffdc,0xffb8,0xffd9,0xffb9,0xfe8f,0xfd6b,0xfca9,0xfc06,0xfc67,0xfe90,
  0xfecf,0xfc86,0xf1c2,0xe143,0xa862,0x7841,0x0000,0x0000,0x0000,0x0000,0x0000,0x0000,0x0000,0x0000,0xb983,0x0000,
  0x0000,0x0000,0x0000,0x0000,0x0000,0x0000,0x0000,0x0000,0x0000,0x0000,0x0000,0x0000,0x0000,0x0000,0x0000,0x0000,
  0x0000,0x0000,0x0000,0x0000,0x0000,0x0000,0x0000,0x0000,0x0000,0x0000,0x0000,0x0000,0x0000,0x0000,0x0000,0x0000,
  0x0000,0x0000,0x0000,0x0000,0x0000,0x0000,0x8042,0x9082,0xb082,0xe9c3,0xfb23,0xf304,0xe9e4,0xf225,0xfba7,0xfc67,
  0xfdeb,0xfeef,0xffb7,0xffdb,0xfffd,0xffd9,0xfffe,0xfffd,0xffdd,0xffb6,0xfecf,0xfed0,0xfe4e,0xff31,0xfd29,0xf2c3,
  0xfcc7,0xfb65,0xd984,0xb0c4,0x9061,0x0000,0x0000,0x0000,0x0000,0x0000,0x0000,0x0000,0x0000,0x0000,0x0000,0x0000,
  0x0000,0x0000,0x0000,0x0000,0x0000,0x0000,0x0000,0x0000,0x0000,0x0000,0x0000,0x0000,0x0000,0x0000,0x0000,0x0000,
  0x0000,0x0000,0x0000,0x0000,0x0000,0x0000,0x0000,0x0000,0x0000,0x0000,0x0000,0x0000,0x0000,0x0000,0x0000,0x0000,
  0x0000,0xb182,0xb142,0x0000,0x0000,0xa0a2,0xd163,0xd982,0xf2a2,0xfba4,0xfe0b,0xfca7,0xfac4,0xfc27,0xfca8,0xfca7,
  0xfd8a,0xfeae,0xff52,0xffd9,0xffde,0xffff,0xffff,0xffff,0xffde,0xffd9,0xff95,0xff95,0xff74,0xfe6e,0xfcc8,0xe9e4,
  0xfa64,0xf224,0xc944,0xa8a5,0x8861,0x0000,0x0000,0x0000,0x0000,0x0000,0x0000,0x0000,0x0000,0x0000,0x0000,0x0000,
  0x0000,0x0000,0x0000,0x0000,0x0000,0x0000,0x0000,0x0000,0x0000,0x0000,0x0000,0x0000,0x0000,0x0000,0x0000,0x0000,
  0x0000,0x0000,0x0000,0x0000,0x0000,0x0000,0x0000,0x0000,0x0000,0x0000,0x0000,0x0000,0x0000,0x0000,0x0000,0x0000,
  0x0000,0x0000,0x0000,0x0000,0x0000,0x8862,0x9062,0xb0e3,0xe9c3,0xfb03,0xfdab,0xfd2a,0xfb65,0xfdc9,0xfe8c,0xfe8d,
  0xfef0,0xff54,0xff97,0xffdb,0xffff,0xffff,0xffff,0xffff,0xffff,0xffde,0xffdb,0xff13,0xfe6e,0xfd6b,0xfc07,0xfb05,
  0xfa44,0xf384,0xe204,0xc944,0xb0e3,0xa0a2,0x9062,0x0000,0x0000,0x0000,0x0000,0x0000,0x0000,0x0000,0x0000,0x0000,
  0x0000,0x0000,0x0000,0x0000,0x0000,0x0000,0x0000,0x0000,0x0000,0x0000,0x0000,0x0000,0x0000,0x0000,0x0000,0x0000,
  0x0000,0x0000,0x0000,0x0000,0x0000,0x0000,0x0000,0x0000,0x0000,0x0000,0x0000,0x0000,0x0000,0x0000,0x0000,0x0000,
  0x0000,0x0000,0x0000,0x0000,0x0000,0x0000,0x0000,0x8862,0xb083,0xe9a1,0xf2a3,0xf266,0xf265,0xfbc6,0xfd4a,0xfe8d,
  0xff31,0xffb7,0xffdb,0xfffd,0xffff,0xffff,0xffdf,0xffdf,0xffff,0xffff,0xffb9,0xff11,0xfe6c,0xfdeb,0xfca8,0xfbc7,
  0xf2a5,0xf283,0xd264,0xe2a4,0xfa44,0xe163,0xb8a3,0xa8c1,0xa902,0x0000,0x0000,0x0000,0xca84,0xd2c4,0x0000,0x0000,
  0x0000,0x0000,0x0000,0x0000,0x0000,0x0000,0x0000,0x0000,0x0000,0x0000,0x0000,0x0000,0x0000,0x0000,0x0000,0x0000,
  0x0000,0x0000,0x0000,0x0000,0x0000,0x0000,0x0000,0x0000,0x0000,0x0000,0x0000,0x0000,0x0000,0x0000,0x0000,0x0000,
  0x0000,0x0000,0x0000,0x0000,0x0000,0x0000,0x0000,0x8882,0xa063,0xb8e2,0xc925,0xe9a5,0xea04,0xf306,0xfc88,0xfd69,
  0xfdeb,0xfecf,0xff96,0xffdb,0xffff,0xffff,0xffff,0xffff,0xffff,0xffde,0xffda,0xffd9,0xff32,0xfd8a,0xfc48,0xfae6,
  0xe9a4,0xd123,0x9104,0xb903,0xb8a2,0x9842,0x8042,0x90a2,0x0000,0x0000,0x0000,0x0000,0xb1c3,0xb9e3,0x0000,0x0000,
  0x0000,0x0000,0x0000,0x0000,0x0000,0x0000,0x0000,0x0000,0x0000,0x0000,0x0000,0x0000,0x0000,0x0000,0x0000,0x0000,
  0x0000,0x0000,0x0000,0x0000,0x0000,0x0000,0x0000,0x0000,0x0000,0x0000,0x0000,0x0000,0x0000,0x0000,0x0000,0x0000,
  0x0000,0x0000,0x0000,0x0000,0x0000,0x0000,0x0000,0x8882,0xa082,0xd104,0xe165,0xfba7,0xfb86,0xfb86,0xfcc9,0xfce8,
  0xfd8a,0xff53,0xfffb,0xffb9,0xffdd,0xffff,0xffff,0xffff,0xffff,0xffda,0xff73,0xff12,0xff53,0xff10,0xfd8b,0xfb86,
  0xe9e4,0xea85,0xd164,0xb8c4,0x8862,0x7841,0x0000,0x0000,0x0000,0x0000,0x0000,0x0000,0x0000,0x0000,0x0000,0x0000,
  0x0000,0x0000,0x0000,0x0000,0x0000,0x0000,0x0000,0x0000,0x0000,0x0000,0x0000,0x0000,0x0000,0x0000,0x0000,0x0000,
  0x0000,0x0000,0x0000,0x0000,0x0000,0x0000,0x0000,0x0000,0x0000,0x0000,0x0000,0x0000,0x0000,0x0000,0x0000,0x0000,
  0x0000,0x0000,0x0000,0x0000,0x0000,0x0000,0x0000,0xa882,0xc902,0xf285,0xfb87,0xfd8a,0xfc47,0xf245,0xfb66,0xfce9,
  0xfeae,0xff11,0xfed0,0xff96,0xffdd,0xffb8,0xffde,0xffdc,0xffda,0xfffa,0xff31,0xfe6d,0xfdec,0xfe0c,0xfce8,0xfd4a,
  0xfc47,0xfc47,0xe9c5,0xc0c3,0xa082,0x9082,0x0000,0x0000,0x0000,0x0000,0x0000,0x0000,0x0000,0x0000,0x0000,0x0000,
  0x0000,0x0000,0x0000,0x0000,0x0000,0x0000,0x0000,0x0000,0x0000,0x0000,0x0000,0x0000,0x0000,0x0000,0x0000,0x0000,
  0x0000,0x0000,0x0000,0x0000,0x0000,0x0000,0x0000,0x0000,0x0000,0x0000,0x0000,0x0000,0x0000,0x0000,0x0000,0x0000,
  0x0000,0x0000,0x0000,0x0000,0x0000,0x0000,0x9863,0xc964,0xd161,0xea62,0xf2c5,0xf2c5,0xfae5,0xfac5,0xfcea,0xfdca,
  0xfd08,0xfd6a,0xfe6d,0xffd9,0xffb8,0xff73,0xffdb,0xffd8,0xff74,0xff96,0xff95,0xfded,0xfc68,0xfba6,0xfb25,0xfbe7,
  0xfe6d,0xfdab,0xfb85,0xe163,0xa042,0x8862,0x0000,0x0000,0x0000,0x0000,0x0000,0x0000,0x0000,0x0000,0x0000,0x0000,
  0x0000,0x0000,0x0000,0x0000,0x0000,0x0000,0x0000,0x0000,0x0000,0x0000,0x0000,0x0000,0x0000,0x0000,0x0000,0x0000,
  0x0000,0x0000,0x0000,0x0000,0x0000,0x0000,0x0000,0x0000,0x0000,0x0000,0x0000,0x0000,0x0000,0x0000,0x0000,0x0000,
  0x0000,0x0000,0x0000,0xeb04,0xa102,0x0000,0x0000,0x9063,0x8862,0xb8a2,0xd903,0xe1a5,0xfb65,0xfd6a,0xfc28,0xfba7,
  0xfb86,0xfdab,0xff51,0xff32,0xfe4e,0xfeaf,0xff95,0xff53,0xfe4e,0xfeaf,0xff11,0xfeae,0xfcc8,0xfae5,0xd985,0xf2a6,
  0xfcc8,0xfc06,0xfcc7,0xfae3,0xc8c2,0x8842,0x0000,0x0000,0x0000,0x0000,0x0000,0x0000,0x0000,0x0000,0x0000,0x0000,
  0x0000,0x0000,0x0000,0x0000,0x0000,0x0000,0x0000,0x0000,0x0000,0x0000,0x0000,0x0000,0x0000,0x0000,0x0000,0x0000,
  0x0000,0x0000,0x0000,0x0000,0x0000,0x0000,0x0000,0x0000,0x0000,0x0000,0x0000,0x0000,0x0000,0x0000,0x0000,0x0000,
  0x0000,0x0000,0x0000,0xa0c2,0x0000,0x0000,0x0000,0x0000,0x8062,0x9863,0xc0e4,0xe9e5,0xfca7,0xfca6,0xf2c5,0xea05,
  0xfae5,0xfd29,0xff50,0xfdeb,0xfd08,0xfe0b,0xff11,0xfecf,0xfd8b,0xfdab,0xfd8a,0xfe2c,0xfc06,0xea25,0xd9a5,0xea46,
  0xf264,0xe9c2,0xe9e3,0xe1c3,0xc0e3,0xc902,0xb0c2,0x0000,0x0000,0x0000,0x0000,0x0000,0x0000,0x0000,0x0000,0x0000,
  0x0000,0x0000,0x0000,0x0000,0x0000,0x0000,0x0000,0x0000,0x0000,0x0000,0x0000,0x0000,0x0000,0x0000,0x0000,0x0000,
  0x0000,0x0000,0x0000,0x0000,0x0000,0x0000,0x0000,0x0000,0x0000,0x0000,0x0000,0x0000,0x0000,0x0000,0x0000,0x0000,
  0x0000,0x0000,0x0000,0x0000,0x0000,0x0000,0x0000,0x0000,0x0000,0x9882,0xc8e4,0xfa65,0xf344,0xf1e3,0xf263,0xfb45,
  0xfca8,0xfd6a,0xfd4a,0xfc68,0xfbe6,0xfdca,0xfeae,0xfe4d,0xfc28,0xfc27,0xfbe7,0xfc27,0xfbe6,0xfba6,0xfac5,0xf225,
  0xd9c5,0xd122,0xc083,0xb063,0x8862,0xa082,0x9882,0x0000,0x0000,0x0000,0xa102,0x0000,0x0000,0x0000,0x0000,0x0000,
  0x0000,0x0000,0x0000,0x0000,0x0000,0x0000,0x0000,0x0000,0x0000,0x0000,0x0000,0x0000,0x0000,0x0000,0x0000,0x0000,
  0x0000,0x0000,0x0000,0x0000,0x0000,0x0000,0x0000,0x0000,0x0000,0x0000,0x0000,0x0000,0x0000,0x0000,0x0000,0x0000,
  0x0000,0x0000,0x0000,0x0000,0x0000,0x0000,0x0000,0x0000,0x0000,0x7842,0xc8e3,0xf1a5,0xd924,0xe164,0xf264,0xfcc7,
  0xff54,0xfe8f,0xfbc6,0xf2c5,0xf264,0xfbc7,0xfcc8,0xfc27,0xf2e5,0xf2c5,0xea25,0xfb04,0xfeb2,0xfe8f,0xfb84,0xe184,
  0xc903,0xa8c2,0x9082,0x7862,0x0000,0x0000,0x0000,0x0000,0x0000,0x0000,0x0000,0x0000,0x0000,0x0000,0x0000,0x0000,
  0x0000,0x0000,0x0000,0x0000,0x0000,0x0000,0x0000,0x0000,0x0000,0x0000,0x0000,0x0000,0x0000,0x0000,0x0000,0x0000,
  0x0000,0x0000,0x0000,0x0000,0x0000,0x0000,0x0000,0x0000,0x0000,0x0000,0x0000,0x0000,0x0000,0x0000,0x0000,0x0000,
  0x0000,0x0000,0x0000,0x0000,0x0000,0x0000,0x0000,0x0000,0x8862,0x90a1,0xc0e2,0xa884,0xa883,0xd944,0xfae5,0xfd8a,
  0xfe0c,0xfdca,0xfba5,0xfa64,0xea65,0xfb46,0xfd6b,0xfce9,0xfae5,0xea05,0xd124,0xf305,0xfdab,0xfcea,0xfb04,0xe164,
  0xd121,0xa920,0xa100,0x98a1,0x0000,0x0000,0x0000,0x0000,0x0000,0x0000,0x0000,0x0000,0x0000,0x0000,0x0000,0x0000,
  0x0000,0x0000,0x0000,0x0000,0x0000,0x0000,0x0000,0x0000,0x0000,0x0000,0x0000,0x0000,0x0000,0x0000,0x0000,0x0000,
  0x0000,0x0000,0x0000,0x0000,0x0000,0x0000,0x0000,0x0000,0x0000,0x0000,0x0000,0x0000,0x0000,0x0000,0x0000,0x0000,
  0x0000,0x0000,0x0000,0x0000,0x0000,0x0000,0x0000,0x0000,0x0000,0x0000,0x8862,0x9062,0x9042,0xc943,0xf9a4,0xf265,
  0xfb25,0xfbc5,0xea64,0xea85,0xfb66,0xfc69,0xfe8d,0xfd89,0xfb66,0xf2e5,0xe245,0xf225,0xfaa5,0xfae4,0xe1e3,0xc083,
  0xb0c2,0x98e1,0x90a2,0x8842,0x0000,0x0000,0x0000,0x0000,0x0000,0x0000,0x0000,0x0000,0x0000,0x0000,0x0000,0x0000,
  0x0000,0x0000,0x0000,0x0000,0x0000,0x0000,0x0000,0x0000,0x0000,0x0000,0x0000,0x0000,0x0000,0x0000,0x0000,0x0000,
  0x0000,0x0000,0x0000,0x0000,0x0000,0x0000,0x0000,0x0000,0x0000,0x0000,0x0000,0x0000,0x0000,0x0000,0x0000,0x0000,
  0x0000,0x0000,0x0000,0x0000,0x0000,0x0000,0x0000,0x0000,0x0000,0x0000,0x0000,0x0000,0xa921,0xfac2,0xc0c3,0xd0a3,
  0xfa23,0xea23,0xc8e3,0xe1c3,0xfa63,0xf265,0xfc47,0xf386,0xe9c4,0xf223,0xe1c3,0xc924,0xd104,0xf1a2,0xf362,0xc923,
  0x8822,0x0000,0x0000,0x0000,0x0000,0x0000,0x0000,0x0000,0x0000,0x0000,0x0000,0x0000,0x0000,0x0000,0x0000,0x0000,
  0x0000,0x0000,0x0000,0x0000,0x0000,0x0000,0x0000,0x0000,0x0000,0x0000,0x0000,0x0000,0x0000,0x0000,0x0000,0x0000,
  0x0000,0x0000,0x0000,0x0000,0x0000,0x0000,0x0000,0x0000,0x0000,0x0000,0x0000,0x0000,0x0000,0x0000,0x0000,0x0000,
  0x0000,0x0000,0x0000,0x0000,0x0000,0x0000,0x0000,0x0000,0x0000,0x0000,0x0000,0x0000,0xc161,0xc182,0x8002,0xa863,
  0xe1a3,0xd943,0xb883,0xc981,0xe1c1,0xe124,0xfc47,0xfbc7,0xe143,0xd903,0xd0e1,0xb0c1,0xa082,0xc083,0xe9a3,0xc103,
  0x7802,0x0000,0x0000,0x0000,0x0000,0x0000,0x0000,0x0000,0x0000,0x0000,0x0000,0x0000,0x0000,0x0000,0x0000,0x0000,
  0x0000,0x0000,0x0000,0x0000,0x0000,0x0000,0x0000,0x0000,0x0000,0x0000,0x0000,0x0000,0x0000,0x0000,0x0000,0x0000,
  0x0000,0x0000,0x0000,0x0000,0x0000,0x0000,0x0000,0x0000,0x0000,0x0000,0x0000,0x0000,0x0000,0x0000,0x0000,0x0000,
  0x0000,0x0000,0x0000,0x0000,0x0000,0x0000,0x0000,0x0000,0x0000,0x0000,0x0000,0x0000,0x0000,0x0000,0x0000,0xa062,
  0xd0a4,0xa842,0xa062,0xa0a1,0xb0a2,0xc0c4,0xfa64,0xf244,0xc103,0xa864,0xb082,0xb8e1,0x8862,0x9062,0x8822,0xc102,
  0xa8a2,0x0000,0x0000,0x0000,0x0000,0x0000,0x0000,0xc1c3,0xd203,0x0000,0x0000,0x0000,0x0000,0x0000,0x0000,0x0000,
  0x0000,0x0000,0x0000,0x0000,0x0000,0x0000,0x0000,0x0000,0x0000,0x0000,0x0000,0x0000,0x0000,0x0000,0x0000,0x0000,
  0x0000,0x0000,0x0000,0x0000,0x0000,0x0000,0x0000,0x0000,0x0000,0x0000,0x0000,0x0000,0x0000,0x0000,0x0000,0x0000,
  0x0000,0x0000,0x0000,0x0000,0x0000,0x0000,0x0000,0x0000,0x0000,0x0000,0x0000,0x0000,0x0000,0x0000,0x0000,0xb903,
  0xb0c4,0x0000,0x7861,0x8081,0x8042,0x9863,0xe1a4,0xd163,0x9043,0x8024,0x8043,0x8882,0x0000,0x0000,0x0000,0xa8c2,
  0xa0c2,0x0000,0x0000,0x0000,0x0000,0x0000,0x0000,0x98c2,0xa0c2,0x0000,0x0000,0x0000,0x0000,0x0000,0x0000,0x0000,
  0x0000,0x0000,0x0000,0x0000,0x0000,0x0000,0x0000,0x0000,0x0000,0x0000,0x0000,0x0000,0x0000,0x0000,0x0000,0x0000,
  0x0000,0x0000,0x0000,0x0000,0x0000,0x0000,0x0000,0x0000,0x0000,0x0000,0x0000,0x0000,0x0000,0x0000,0x0000,0x0000,
  0x0000,0x0000,0x0000,0x0000,0x0000,0x0000,0x0000,0x0000,0x0000,0xf384,0xc1e3,0x0000,0x0000,0x0000,0x0000,0x9083,
  0x0000,0x0000,0x0000,0x8882,0x0000,0x0000,0xb903,0xc0c2,0x0000,0x0000,0x0000,0x0000,0x0000,0x0000,0x0000,0x0000,
  0x0000,0x0000,0x0000,0x0000,0x0000,0x0000,0x0000,0x0000,0x0000,0x0000,0x0000,0x0000,0x0000,0x0000,0x0000,0x0000,
  0x0000,0x0000,0x0000,0x0000,0x0000,0x0000,0x0000,0x0000,0x0000,0x0000,0x0000,0x0000,0x0000,0x0000,0x0000,0x0000,
  0x0000,0x0000,0x0000,0x0000,0x0000,0x0000,0x0000,0x0000,0x0000,0x0000,0x0000,0x0000,0x0000,0x0000,0x0000,0x0000,
  0x0000,0x0000,0x0000,0x0000,0x0000,0x0000,0x0000,0x0000,0x0000,0xe2a4,0xb982,0x0000,0x0000,0x0000,0x0000,0x0000,
  0x0000,0x0000,0x0000,0x0000,0x0000,0x0000,0xa082,0xa862,0x0000,0x0000,0x0000,0x0000,0x0000,0x0000,0x0000,0x0000,
  0x0000,0x0000,0x0000,0x0000,0x0000,0x0000,0x0000,0x0000,0x0000,0x0000,0x0000,0x0000,0x0000,0x0000,0x0000,0x0000,
  0x0000,0x0000,0x0000,0x0000,0x0000,0x0000,0x0000,0x0000,0x0000,0x0000,0x0000,0x0000,0x0000,0x0000,0x0000,0x0000,
  0x0000,0x0000,0x0000,0x0000,0x0000,0x0000,0x0000,0x0000,0x0000,0x0000,0x0000,0x0000,0x0000,0x0000,0x0000,0x0000,
  0x0000,0x0000,0x0000,0x0000,0x0000,0x0000,0x0000,0x0000,0x0000,0x0000,0x0000,0x0000,0x0000,0x0000,0x0000,0x0000,
  0x0000,0x0000,0x0000,0x0000,0x0000,0x0000,0x0000,0x7842,0x0000,0x0000,0x0000,0x0000,0x0000,0x0000,0x0000,0x0000,
  0x0000,0x0000,0x0000,0x0000,0x0000,0x0000,0x0000,0x0000,0x0000,0x0000,0x0000,0x0000,0x0000,0x0000,0x0000,0x0000,
  0x0000,0x0000,0x0000,0x0000,0x0000,0x0000,0x0000,0x0000,0x0000,0x0000,0x0000,0x0000,0x0000,0x0000,0x0000,0x0000,
  0x0000,0x0000,0x0000,0x0000,0x0000,0x0000,0x0000,0x0000,0x0000,0x0000,0x0000,0x0000,0x0000,0x0000,0x0000,0x0000,
  0x0000,0x0000,0x0000,0x0000,0x0000,0x0000,0x0000,0x0000,0x0000,0x0000,0x0000,0x0000,0x0000,0x0000,0x0000,0x0000,
  0x0000,0x0000,0x0000,0x0000,0x0000,0x0000,0x0000,0x0000,0x0000,0x0000,0x0000,0x0000,0x0000,0x0000,0x0000,0x0000,
  0x0000,0x0000,0x0000,0x0000,0x0000,0x0000,0x0000,0x0000,0x0000,0x0000,0x0000,0x0000,0x0000,0x0000,0x0000,0x0000,
  0x0000,0x0000,0x0000,0x0000,0x0000,0x0000,0x0000,0x0000,0x0000,0x0000,0x0000,0x0000,0x0000,0x0000,0x0000,0x0000,
  0x0000,0x0000,0x0000,0x0000,0x0000,0x0000,0x0000,0x0000,0x0000,0x0000,0x0000,0x0000,0x0000,0x0000,0x0000,0x0000,
  0x0000,0x0000,0x0000,0x0000,0x0000,0x0000,0x0000,0x0000,0x0000,0x0000,0x0000,0x0000,0x0000,0x0000,0x0000,0x0000,
  0x0000,0x0000,0x0000,0x0000,0x0000,0x0000,0xd243,0xa102,0x0000,0x0000,0x0000,0xdaa4,0xf385,0x0000,0x0000,0x0000,
  0x0000,0x0000,0x0000,0x0000,0x0000,0x0000,0x0000,0x0000,0x0000,0x0000,0x0000,0x0000,0x0000,0x0000,0x0000,0x0000,
  0x0000,0x0000,0x0000,0x0000,0x0000,0x0000,0x0000,0x0000,0x0000,0x0000,0x0000,0x0000,0x0000,0x0000,0x0000,0x0000,
  0x0000,0x0000,0x0000,0x0000,0x0000,0x0000,0x0000,0x0000,0x0000,0x0000,0x0000,0x0000,0x0000,0x0000,0x0000,0x0000,
  0x0000,0x0000,0x0000,0x0000,0x0000,0x0000,0x0000,0x0000,0x0000,0x0000,0x0000,0x0000,0x0000,0x0000,0x0000,0x0000,
  0x0000,0x0000,0x0000,0x0000,0x0000,0x0000,0xa122,0x0000,0x0000,0x0000,0x0000,0xa942,0xb162,0x0000,0x0000,0x0000,
  0x0000,0x0000,0x0000,0x0000,0x0000,0x0000,0x0000,0x0000,0x0000,0x0000,0x0000,0x0000,0x0000,0x0000,0x0000,0x0000,
  0x0000,0x0000,0x0000,0x0000,0x0000,0x0000,0x0000,0x0000,0x0000,0x0000,0x0000,0x0000,0x0000,0x0000,0x0000,0x0000,
  0x0000,0x0000,0x0000,0x0000,0x0000,0x0000,0x0000,0x0000,0x0000,0x0000,0x0000,0x0000,0x0000,0x0000,0x0000,0x0000,
  0x0000,0x0000,0x0000,0x0000,0x0000,0x0000,0x0000,0x0000,0x0000,0x0000,0x0000,0x0000,0x0000,0x0000,0x0000,0x0000,
  0x0000,0x0000,0x0000,0x0000,0x0000,0x0000,0x0000,0x0000,0x0000,0x0000,0x0000,0x0000,0x0000,0x0000,0x0000,0x0000,
  0x0000,0x0000,0x0000,0x0000,0x0000,0x0000,0x0000,0x0000,0x0000,0x0000,0x0000,0x0000,0x0000,0x0000,0x0000,0x0000,
  0x0000,0x0000,0x0000,0x0000,0x0000,0x0000,0x0000,0x0000,0x0000,0x0000,0x0000,0x0000,0x0000,0x0000,0x0000,0x0000,
 },
 {
  0x0000,0x0000,0x0000,0x0000,0x0000,0x0000,0x0000,0x0000,0x0000,0x0000,0x0000,0x0000,0x0000,0x0000,0x0000,0x0000,
  0x0000,0x0000,0x0000,0x0000,0x0000,0x0000,0x0000,0x0000,0x0000,0x0000,0x0000,0x0000,0x0000,0x0000,0x0000,0x0000,
  0x0000,0x0000,0x0000,0x0000,0x0000,0x0000,0x0000,0x0000,0x0000,0x0000,0x0000,0x0000,0x0000,0x0000,0x0000,0x0000,
  0x0000,0x0000,0x0000,0x0000,0x0000,0x0000,0x0000,0x0000,0x0000,0x0000,0x0000,0x0000,0x0000,0x0000,0x0000,0x0000,
  0x0000,0x0000,0x0000,0x0000,0x0000,0x0000,0x0000,0x0000,0x0000,0x0000,0x0000,0x0000,0x0000,0x0000,0x0000,0x0000,
  0x0000,0x0000,0x0000,0x0000,0x0000,0x0000,0x0000,0x0000,0x0000,0x0000,0x0000,0x0000,0x0000,0x0000,0x0000,0x0000,
  0x0000,0x0000,0x0000,0x0000,0x0000,0x0000,0x0000,0x0000,0x0000,0x0000,0x0000,0x0000,0x0000,0x0000,0x0000,0x0000,
  0x0000,0x0000,0x0000,0x0000,0x0000,0x0000,0x0000,0x0000,0x0000,0x0000,0x0000,0x343f,0x347f,0x0000,0x0000,0x0000,
  0x0000,0x0000,0x0000,0x0000,0x0000,0x0000,0x0000,0x0000,0x0000,0x0000,0x0000,0x0000,0x0000,0x0000,0x0000,0x0000,
  0x0000,0x0000,0x0000,0x0000,0x0000,0x0000,0x0000,0x0000,0x0000,0x0000,0x0000,0x0000,0x0000,0x0000,0x0000,0x0000,
  0x0000,0x0000,0x0000,0x0000,0x0000,0x0000,0x0000,0x0000,0x0000,0x0000,0x0000,0x0000,0x0000,0x0000,0x0000,0x0000,
  0x0000,0x0000,0x0000,0x0000,0x0000,0x0000,0x0000,0x0000,0x0000,0x0000,0x0000,0x0000,0x0000,0x0000,0x0000,0x0000,
  0x0000,0x0000,0x0000,0x0000,0x341f,0x3c1f,0x0000,0x0000,0x0000,0x0000,0x0000,0x3c9f,0x455f,0x0000,0x0000,0x0000,
  0x0000,0x0000,0x0000,0x0000,0x0000,0x0000,0x0000,0x0000,0x0000,0x0000,0x0000,0x0000,0x0000,0x0000,0x0000,0x0000,
  0x0000,0x0000,0x0000,0x0000,0x0000,0x0000,0x0000,0x0000,0x0000,0x0000,0x0000,0x0000,0x0000,0x0000,0x0000,0x0000,
  0x0000,0x0000,0x0000,0x0000,0x0000,0x0000,0x0000,0x0000,0x0000,0x0000,0x0000,0x0000,0x0000,0x0000,0x0000,0x0000,
  0x0000,0x0000,0x0000,0x0000,0x0000,0x0000,0x0000,0x0000,0x0000,0x4d1f,0x3c7f,0x0000,0x0000,0x0000,0x0000,0x0000,
  0x0000,0x0000,0x0000,0x0000,0x235f,0x237f,0x0000,0x0000,0x0000,0x0000,0x0000,0x0000,0x0000,0x0000,0x0000,0x0000,
  0x0000,0x0000,0x0000,0x0000,0x0000,0x0000,0x0000,0x0000,0x0000,0x0000,0x0000,0x0000,0x0000,0x0000,0x0000,0x0000,
  0x0000,0x0000,0x0000,0x0000,0x0000,0x0000,0x0000,0x0000,0x0000,0x0000,0x0000,0x0000,0x0000,0x0000,0x0000,0x0000,
  0x0000,0x0000,0x0000,0x0000,0x0000,0x0000,0x0000,0x0000,0x0000,0x0000,0x0000,0x0000,0x0000,0x0000,0x0000,0x0000,
  0x0000,0x0000,0x0000,0x0000,0x0000,0x0000,0x0000,0x0000,0x0000,0x449f,0x2bff,0x0000,0x0000,0x0000,0x0000,0x0000,
  0x0000,0x0000,0x0000,0x0000,0x0000,0x0000,0x0000,0x0000,0x0000,0x0000,0x0000,0x0000,0x0000,0x0000,0x0000,0x0000,
  0x0000,0x0000,0x0000,0x0000,0x0000,0x0000,0x0000,0x0000,0x0000,0x0000,0x0000,0x0000,0x0000,0x0000,0x0000,0x0000,
  0x0000,0x0000,0x0000,0x0000,0x0000,0x0000,0x0000,0x0000,0x0000,0x0000,0x0000,0x0000,0x0000,0x0000,0x0000,0x0000,
  0x0000,0x0000,0x0000,0x0000,0x0000,0x0000,0x0000,0x0000,0x0000,0x0000,0x0000,0x0000,0x0000,0x0000,0x0000,0x0000,
  0x0000,0x0000,0x0000,0x0000,0x0000,0x0000,0x0000,0x0000,0x0000,0x0000,0x0000,0x0000,0x0000,0x0000,0x0000,0x0000,
  0x0000,0x0000,0x0000,0x0000,0x0000,0x12be,0x0000,0x0000,0x12bf,0x0000,0x0000,0x0000,0x0000,0x0000,0x0000,0x0000,
  0x0000,0x0000,0x0000,0x0000,0x0000,0x2c3f,0x0000,0x0000,0x0000,0x0000,0x0000,0x0000,0x0000,0x0000,0x0000,0x0000,
  0x0000,0x0000,0x0000,0x0000,0x0000,0x0000,0x0000,0x0000,0x0000,0x0000,0x0000,0x0000,0x0000,0x0000,0x0000,0x0000,
  0x0000,0x0000,0x0000,0x0000,0x0000,0x0000,0x0000,0x0000,0x0000,0x0000,0x0000,0x0000,0x0000,0x0000,0x0000,0x0000,
  0x0000,0x0000,0x0000,0x0000,0x0000,0x0000,0x0000,0x0000,0x0000,0x0000,0x0000,0x0000,0x0000,0x0000,0x0000,0x0000,
  0x1afe,0x12ff,0x0000,0x0000,0x127d,0x12fe,0x0000,0x0000,0x0a7e,0x0a5e,0x0000,0x0000,0x0000,0x0000,0x1b7e,0x0a7e,
  0x0000,0x0000,0x0000,0x0000,0x345f,0x6dff,0x0000,0x0000,0x0000,0x0000,0x0000,0x0000,0x0000,0x0000,0x0000,0x0000,
  0x0000,0x0000,0x0000,0x0000,0x0000,0x0000,0x0000,0x0000,0x0000,0x0000,0x0000,0x0000,0x0000,0x0000,0x0000,0x0000,
  0x0000,0x0000,0x0000,0x0000,0x0000,0x0000,0x0000,0x0000,0x0000,0x0000,0x0000,0x0000,0x0000,0x0000,0x0000,0x0000,
  0x0000,0x0000,0x0000,0x0000,0x0000,0x0000,0x0000,0x0000,0x0000,0x0000,0x0000,0x0000,0x0000,0x0000,0x0000,0x0000,
  0x0000,0x129e,0x0000,0x0000,0x09dd,0x2bbc,0x231d,0x1b7f,0x1ade,0x0a7e,0x0000,0x0000,0x09dd,0x231d,0x1b9f,0x09fe,
  0x0000,0x0000,0x0000,0x0000,0x237e,0x23df,0x0000,0x0000,0x0000,0x0000,0x0000,0x0000,0x0000,0x0000,0x0000,0x0000,
  0x0000,0x0000,0x0000,0x0000,0x0000,0x0000,0x0000,0x0000,0x0000,0x0000,0x0000,0x0000,0x0000,0x0000,0x0000,0x0000,
  0x0000,0x0000,0x0000,0x0000,0x0000,0x0000,0x0000,0x0000,0x0000,0x0000,0x0000,0x0000,0x0000,0x0000,0x0000,0x0000,
  0x0000,0x0000,0x0000,0x0000,0x3c7f,0x3cbf,0x0000,0x0000,0x0000,0x0000,0x0000,0x0000,0x1b5f,0x237e,0x0000,0x0000,
  0x0000,0x125e,0x2bde,0x0a5d,0x123d,0x2a9d,0x2bbe,0x349f,0x2b5d,0x121c,0x1a1c,0x1abe,0x09ff,0x2b3d,0x1abe,0x11fe,
  0x0000,0x0000,0x0000,0x1b1e,0x0000,0x0000,0x0000,0x0000,0x0000,0x0000,0x0000,0x0000,0x0000,0x0000,0x0000,0x0000,
  0x0000,0x0000,0x0000,0x0000,0x0000,0x0000,0x0000,0x0000,0x0000,0x0000,0x0000,0x0000,0x0000,0x0000,0x0000,0x0000,
  0x0000,0x0000,0x0000,0x0000,0x0000,0x0000,0x0000,0x0000,0x0000,0x0000,0x0000,0x0000,0x0000,0x0000,0x0000,0x0000,
  0x0000,0x0000,0x0000,0x0000,0x3c7e,0x345f,0x0000,0x0000,0x0000,0x0000,0x0000,0x0000,0x0000,0x23df,0x1afe,0x0000,
  0x0a1d,0x123e,0x33fe,0x22de,0x231f,0x2aff,0x3c1f,0x6dff,0x2bde,0x22be,0x231e,0x239e,0x1a9d,0x1a3a,0x1b9e,0x12de,
  0x0000,0x0000,0x0abf,0x12be,0x0000,0x0000,0x0000,0x0000,0x0000,0x0000,0x0000,0x0000,0x0000,0x0000,0x0000,0x0000,
  0x0000,0x0000,0x0000,0x0000,0x0000,0x0000,0x0000,0x0000,0x0000,0x0000,0x0000,0x0000,0x0000,0x0000,0x0000,0x0000,
  0x0000,0x0000,0x0000,0x0000,0x0000,0x0000,0x0000,0x0000,0x0000,0x0000,0x0000,0x0000,0x0000,0x0000,0x0000,0x0000,
  0x0000,0x0000,0x0000,0x0000,0x0000,0x0000,0x0000,0x0000,0x0000,0x0000,0x0000,0x0000,0x0000,0x1afe,0x33ff,0x123e,
  0x1a3e,0x2b1f,0x3c1e,0x349f,0x2b5f,0x44bf,0x551f,0x7e7f,0x54ff,0x2b3f,0x247f,0x2c3f,0x32be,0x235f,0x2d1f,0x1afe,
  0x11fd,0x237f,0x125e,0x0000,0x0000,0x0000,0x0000,0x0000,0x0000,0x0000,0x0000,0x0000,0x0000,0x0000,0x0000,0x0000,
  0x0000,0x0000,0x0000,0x0000,0x0000,0x0000,0x0000,0x0000,0x0000,0x0000,0x0000,0x0000,0x0000,0x0000,0x0000,0x0000,
  0x0000,0x0000,0x0000,0x0000,0x0000,0x0000,0x0000,0x0000,0x0000,0x0000,0x0000,0x0000,0x0000,0x0000,0x0000,0x0000,
  0x0000,0x0000,0x0000,0x0000,0x0000,0x0000,0x0000,0x0000,0x0000,0x0000,0x0000,0x127e,0x0a1f,0x09fe,0x443e,0x4c7f,
  0x2aff,0x231e,0x33de,0x55bf,0x33be,0x4cbf,0x7e9f,0xcf9f,0x75bf,0x3bdf,0x663f,0x54bf,0x2aff,0x4d7f,0x557f,0x2adf,
  0x1b5f,0x233e,0x0000,0x0000,0x0000,0x1b5f,0x0000,0x0000,0x0000,0x0000,0x0000,0x0000,0x0000,0x0000,0x0000,0x0000,
  0x0000,0x0000,0x0000,0x0000,0x0000,0x0000,0x0000,0x0000,0x0000,0x0000,0x0000,0x0000,0x0000,0x0000,0x0000,0x0000,
  0x0000,0x0000,0x0000,0x0000,0x0000,0x0000,0x0000,0x0000,0x0000,0x0000,0x0000,0x0000,0x0000,0x0000,0x0000,0x0000,
  0x0000,0x0000,0x0000,0x0000,0x0000,0x0000,0x0000,0x0000,0x0000,0x0000,0x0000,0x0a7d,0x131f,0x1a1e,0x331e,0x765f,
  0x651f,0x3bdf,0x447f,0x5d5f,0x54ff,0x4c7f,0x8e9f,0xd79f,0x659f,0x4d3f,0x6e5f,0x4c3f,0x5d1f,0x869f,0x4c3f,0x443f,
  0x2bbf,0x1a5e,0x1a5d,0x1b7e,0x245e,0x12fe,0x0000,0x0000,0x0000,0x0000,0x0000,0x0000,0x0000,0x0000,0x0000,0x0000,
  0x0000,0x0000,0x0000,0x0000,0x0000,0x0000,0x0000,0x0000,0x0000,0x0000,0x0000,0x0000,0x0000,0x0000,0x0000,0x0000,
  0x0000,0x0000,0x0000,0x0000,0x0000,0x0000,0x0000,0x0000,0x0000,0x0000,0x0000,0x0000,0x0000,0x0000,0x0000,0x0000,
  0x0000,0x0000,0x0000,0x0000,0x0000,0x0000,0x0000,0x0000,0x0000,0x0000,0x0000,0x22db,0x3d1d,0x4bfe,0x2b3f,0x553f,
  0x9f1f,0x5d7f,0x4c9f,0x553f,0x663f,0x6dbf,0x9eff,0xc77f,0x7e3f,0x661f,0x769f,0x553f,0x9f1f,0x659f,0x451f,0x4d1f,
  0x341f,0x445f,0x441f,0x2b9f,0x125d,0x0000,0x0000,0x0000,0x0000,0x0000,0x343f,0x65bf,0x0000,0x0000,0x0000,0x0000,
  0x0000,0x0000,0x0000,0x0000,0x0000,0x0000,0x0000,0x0000,0x0000,0x0000,0x0000,0x0000,0x0000,0x0000,0x0000,0x0000,
  0x0000,0x0000,0x0000,0x0000,0x0000,0x0000,0x0000,0x0000,0x0000,0x0000,0x0000,0x0000,0x0000,0x0000,0x0000,0x0000,
  0x0000,0x0000,0x0000,0x0000,0x0000,0x0000,0x0000,0x0000,0x0000,0x0000,0x121d,0x12be,0x331d,0x5cbe,0x4cff,0x43fe,
  0x6e3f,0xaf7f,0x7dff,0x65bf,0x7e5f,0x761f,0x8edf,0xe7df,0xaf1f,0x8ebf,0x765f,0x7e7f,0xaf3f,0x8e9f,0x96ff,0x55bf,
  0x5dff,0x5d3f,0x333e,0x11fe,0x09bd,0x0000,0x0000,0x0000,0x0000,0x0000,0x2bdf,0x4cdf,0x0000,0x0000,0x0000,0x0000,
  0x0000,0x0000,0x0000,0x0000,0x0000,0x0000,0x0000,0x0000,0x0000,0x0000,0x0000,0x0000,0x0000,0x0000,0x0000,0x0000,
  0x0000,0x0000,0x0000,0x0000,0x0000,0x0000,0x0000,0x0000,0x0000,0x0000,0x0000,0x0000,0x0000,0x0000,0x0000,0x0000,
  0x0000,0x3c7f,0x557f,0x0000,0x0000,0x0000,0x0000,0x0000,0x0000,0x0000,0x01fe,0x0a1e,0x32be,0x345f,0x6e3f,0x963f,
  0x6ddf,0xaeff,0xe7bf,0x9ebf,0x7e7f,0x8edf,0xaf3f,0xf7ff,0xc77f,0xbf5f,0x96df,0xaf1f,0xc75f,0xcf7f,0xd7bf,0x971f,
  0x4cbf,0x337f,0x1aff,0x09de,0x0a3d,0x0000,0x0000,0x0000,0x0000,0x0000,0x0000,0x0000,0x0000,0x0000,0x0000,0x0000,
  0x0000,0x0000,0x0000,0x0000,0x0000,0x0000,0x0000,0x0000,0x0000,0x0000,0x0000,0x0000,0x0000,0x0000,0x0000,0x0000,
  0x0000,0x0000,0x0000,0x0000,0x0000,0x0000,0x0000,0x0000,0x0000,0x0000,0x0000,0x0000,0x0000,0x0000,0x0000,0x0000,
  0x0000,0x2bde,0x3c7f,0x0000,0x0000,0x0000,0x1b5f,0x12be,0x0000,0x12be,0x12bf,0x22fe,0x32fe,0x2b9f,0x4d1f,0xa73f,
  0x9edf,0xa6df,0xf7df,0xdfbf,0xa71f,0xb75f,0xcf7f,0xffff,0xd79f,0xbf3f,0xc75f,0xd79f,0xefbf,0xefbf,0xaf1f,0x659f,
  0x43ff,0x33df,0x1bdf,0x1b9f,0x235d,0x09fd,0x0000,0x0000,0x0000,0x0000,0x0000,0x0000,0x0000,0x0000,0x0000,0x0000,
  0x0000,0x0000,0x0000,0x0000,0x0000,0x0000,0x0000,0x0000,0x0000,0x0000,0x0000,0x0000,0x0000,0x0000,0x0000,0x0000,
  0x0000,0x0000,0x0000,0x0000,0x0000,0x0000,0x0000,0x0000,0x0000,0x0000,0x0000,0x0000,0x0000,0x0000,0x0000,0x0000,
  0x0000,0x0000,0x0000,0x0000,0x0000,0x0000,0x12be,0x0a5d,0x12fe,0x1b9f,0x2c5f,0x4cde,0x555f,0x4cff,0x4c9f,0x54bf,
  0x7e1f,0xaf3f,0xbf5f,0xf7df,0xefdf,0xdf9f,0xe7bf,0xffff,0xe7bf,0xd79f,0xe7bf,0xffff,0xefdf,0xa6ff,0x761f,0x5d5f,
  0x6ddf,0x65df,0x455f,0x2bbf,0x1a7e,0x09fe,0x225b,0x0000,0x0000,0x0000,0x0000,0x0000,0x0000,0x0000,0x0000,0x0000,
  0x0000,0x0000,0x0000,0x0000,0x0000,0x0000,0x0000,0x0000,0x0000,0x0000,0x0000,0x0000,0x0000,0x0000,0x0000,0x0000,
  0x0000,0x0000,0x0000,0x0000,0x0000,0x0000,0x0000,0x0000,0x0000,0x0000,0x0000,0x0000,0x0000,0x0000,0x0000,0x0000,
  0x0000,0x0000,0x0000,0x0000,0x0000,0x0000,0x0000,0x0000,0x11bc,0x121d,0x12ff,0x3c5e,0x75bf,0xa73f,0x761f,0x6d9f,
  0x867f,0x869f,0xb75f,0xe7bf,0xffff,0xf7ff,0xf7df,0xffdf,0xf7df,0xf7df,0xffff,0xf7df,0xcf7f,0xa6ff,0x969f,0x8ebf,
  0x8edf,0x655f,0x33ff,0x2afe,0x1a3e,0x099d,0x09fc,0x0000,0x0000,0x0000,0x0000,0x0000,0x0000,0x0000,0x0000,0x0000,
  0x0000,0x0000,0x0000,0x0000,0x0000,0x0000,0x0000,0x0000,0x0000,0x0000,0x0000,0x0000,0x0000,0x0000,0x0000,0x0000,
  0x0000,0x0000,0x0000,0x0000,0x0000,0x0000,0x0000,0x0000,0x0000,0x0000,0x0000,0x0000,0x0000,0x0000,0x0000,0x0000,
  0x0000,0x0000,0x0000,0x0000,0x0000,0x0000,0x0000,0x0000,0x0a7f,0x121d,0x225e,0x233f,0x43ff,0x64df,0x5dbf,0x7e9f,
  0x9edf,0xb71f,0xdfbf,0xe7bf,0xffdf,0xffff,0xffff,0xffdf,0xffff,0xffff,0xffdf,0xe7bf,0xdf9f,0xcf9f,0x96df,0x6e3f,
  0x4cdf,0x445f,0x347f,0x137f,0x129e,0x127e,0x0a5e,0x0000,0x0000,0x0000,0x0000,0x0000,0x0000,0x0000,0x0000,0x0000,
  0x0000,0x0000,0x0000,0x0000,0x0000,0x0000,0x0000,0x0000,0x0000,0x0000,0x0000,0x0000,0x0000,0x0000,0x0000,0x0000,
  0x0000,0x0000,0x0000,0x0000,0x0000,0x0000,0x0000,0x0000,0x0000,0x0000,0x0000,0x0000,0x0000,0x0000,0x0000,0x0000,
  0x0000,0x0000,0x0000,0x0000,0x0000,0x0000,0x0000,0x0000,0x0a3e,0x0a5e,0x2b1e,0x33ff,0x449f,0x4c7f,0x455f,0x55bf,
  0x865f,0xbf3f,0xdfbf,0xefdf,0xffdf,0xffdf,0xffdf,0xffff,0xffff,0xffff,0xffdf,0xefdf,0xdf9f,0xaf1f,0x8e9f,0x6e3f,
  0x553f,0x54ff,0x44bf,0x2bff,0x1b3f,0x121d,0x11bb,0x0000,0x0000,0x0000,0x0000,0x0000,0x0000,0x0000,0x0000,0x0000,
  0x0000,0x0000,0x0000,0x0000,0x0000,0x0000,0x0000,0x0000,0x0000,0x0000,0x0000,0x0000,0x0000,0x0000,0x0000,0x0000,
  0x0000,0x0000,0x0000,0x0000,0x0000,0x0000,0x0000,0x0000,0x0000,0x0000,0x0000,0x0000,0x0000,0x0000,0x0000,0x0000,
  0x0000,0x0000,0x0000,0x0000,0x0000,0x0000,0x0000,0x0000,0x1afe,0x3c3f,0x553f,0x7e3f,0x865f,0x7e9f,0xa73f,0xaf1f,
  0xbf5f,0xe7df,0xf7df,0xffff,0xffff,0xffdf,0xffdf,0xffff,0xffff,0xffff,0xffdf,0xffff,0xf7df,0xe7bf,0xe7bf,0xdfdf,
  0xa71f,0xa71f,0xb71f,0x6dff,0x5d7f,0x4cbf,0x233f,0x127e,0x0000,0x0000,0x0000,0x0000,0x0000,0x0000,0x0000,0x0000,
  0x0000,0x0000,0x0000,0x0000,0x0000,0x0000,0x0000,0x0000,0x0000,0x0000,0x0000,0x0000,0x0000,0x0000,0x0000,0x0000,
  0x0000,0x0000,0x0000,0x0000,0x0000,0x0000,0x0000,0x0000,0x0000,0x0000,0x0000,0x0000,0x0000,0x0000,0x0000,0x0000,
  0x0000,0x0000,0x0000,0x0000,0x0000,0x0000,0x129e,0x0a3e,0x235f,0x4bff,0x4cff,0x4dff,0x761f,0x6d9f,0x9edf,0xbf5f,
  0xb73f,0xcf7f,0xe7bf,0xf7df,0xffff,0xffff,0xffff,0xffff,0xffff,0xffff,0xffff,0xf7df,0xefdf,0xcf7f,0xcf5f,0xcf7f,
  0x96bf,0x8ebf,0x96ff,0x559f,0x54fe,0x443e,0x1adf,0x1abe,0x0000,0x0000,0x0000,0x0000,0x0000,0x0000,0x0000,0x0000,
  0x0000,0x0000,0x0000,0x0000,0x0000,0x0000,0x0000,0x0000,0x0000,0x0000,0x0000,0x0000,0x0000,0x0000,0x0000,0x0000,
  0x0000,0x0000,0x0000,0x0000,0x0000,0x0000,0x0000,0x0000,0x0000,0x0000,0x0000,0x0000,0x0000,0x0000,0x0000,0x0000,
  0x0000,0x0000,0x0000,0x0000,0x0000,0x1b1e,0x12df,0x09fe,0x01fd,0x1a5e,0x1a9e,0x1bdf,0x3c3f,0x43ff,0x555f,0x763f,
  0xa6ff,0xbf7f,0xc75f,0xe7bf,0xffff,0xffff,0xffff,0xffff,0xffdf,0xffff,0xffff,0xe7bf,0xcf7f,0xaf1f,0x9ebf,0x75df,
  0x54ff,0x4c5f,0x3c3f,0x235e,0x227c,0x09be,0x021f,0x0000,0x0a3e,0x0000,0x0000,0x0000,0x0000,0x4d3f,0x3c5f,0x0000,
  0x0000,0x0000,0x0000,0x0000,0x0000,0x0000,0x0000,0x0000,0x0000,0x0000,0x0000,0x0000,0x0000,0x0000,0x0000,0x0000,
  0x0000,0x0000,0x0000,0x0000,0x0000,0x0000,0x0000,0x0000,0x0000,0x0000,0x0000,0x0000,0x0000,0x0000,0x0000,0x0000,
  0x0000,0x0000,0x0000,0x0000,0x0000,0x0000,0x0000,0x0000,0x127d,0x0a1d,0x127d,0x233e,0x3c1f,0x4c7f,0x761f,0xa71f,
  0xb73f,0xaf1f,0xcf7f,0xffff,0xf7df,0xf7df,0xffff,0xffff,0xffff,0xffdf,0xffff,0xf7bf,0xc75f,0x9edf,0x9edf,0x96df,
  0x86bf,0x657f,0x4c7f,0x231f,0x11fe,0x09dc,0x09fc,0x0000,0x0000,0x0000,0x0000,0x0000,0x0000,0x345f,0x2bbe,0x0000,
  0x0000,0x0000,0x0000,0x0000,0x0000,0x0000,0x0000,0x0000,0x0000,0x0000,0x0000,0x0000,0x0000,0x0000,0x0000,0x0000,
  0x0000,0x0000,0x0000,0x0000,0x0000,0x0000,0x0000,0x0000,0x0000,0x0000,0x0000,0x0000,0x0000,0x0000,0x0000,0x0000,
  0x0000,0x0000,0x0000,0x0000,0x0000,0x0000,0x0000,0x0000,0x0000,0x121a,0x0add,0x335f,0x659f,0x9eff,0x7e1f,0x7e1f,
  0x7e5f,0xbf5f,0xffff,0xefdf,0xd79f,0xe7df,0xefdf,0xffff,0xffdf,0xefdf,0xdfbf,0xf7df,0xf7df,0xbf3f,0x869f,0x5d7f,
  0x5dbf,0x4cff,0x4c9e,0x3c7e,0x239f,0x127e,0x0000,0x0000,0x0000,0x0000,0x0000,0x0000,0x0000,0x0000,0x0000,0x0000,
  0x0000,0x0000,0x0000,0x0000,0x0000,0x0000,0x0000,0x0000,0x0000,0x0000,0x0000,0x0000,0x0000,0x0000,0x0000,0x0000,
  0x0000,0x0000,0x0000,0x0000,0x0000,0x0000,0x0000,0x0000,0x0000,0x0000,0x0000,0x0000,0x0000,0x0000,0x0000,0x0000,
  0x0000,0x0000,0x0000,0x0000,0x0000,0x0000,0x0000,0x0000,0x0000,0x09fc,0x1bde,0x5c9f,0x65ff,0x765f,0x4c3f,0x553f,
  0x869f,0xcf9f,0xdfbf,0xaf1f,0xb73f,0xcf7f,0xe7bf,0xffdf,0xd79f,0xe7bf,0xb73f,0xbf3f,0xefbf,0xefff,0x96df,0x555f,
  0x3c5f,0x2b9f,0x433c,0x2adc,0x129e,0x125e,0x129f,0x0000,0x0000,0x0000,0x0000,0x0000,0x0000,0x0000,0x0000,0x0000,
  0x0000,0x0000,0x0000,0x0000,0x0000,0x0000,0x0000,0x0000,0x0000,0x0000,0x0000,0x0000,0x0000,0x0000,0x0000,0x0000,
  0x0000,0x0000,0x0000,0x0000,0x0000,0x0000,0x0000,0x0000,0x0000,0x0000,0x0000,0x0000,0x0000,0x0000,0x0000,0x0000,
  0x0000,0x0000,0x0000,0x0000,0x0000,0x0000,0x0000,0x0000,0x1a7d,0x1bbf,0x2bdf,0x32df,0x331e,0x3b9f,0x54df,0x763f,
  0xcf9f,0xb73f,0x865f,0x9ebf,0x8e5f,0xaf1f,0xdfbf,0xdf9f,0xb73f,0xc77f,0xb71f,0x7e3f,0x9eff,0xc77f,0xcfdf,0x9ebf,
  0x4c3e,0x3c7f,0x243f,0x0b1f,0x09fe,0x123c,0x0000,0x0000,0x0000,0x0000,0x0000,0x0000,0x0000,0x0000,0x0000,0x0000,
  0x0000,0x0000,0x0000,0x0000,0x0000,0x0000,0x0000,0x0000,0x0000,0x0000,0x0000,0x0000,0x0000,0x0000,0x0000,0x0000,
  0x0000,0x0000,0x0000,0x0000,0x0000,0x0000,0x0000,0x0000,0x0000,0x0000,0x0000,0x0000,0x0000,0x0000,0x0000,0x0000,
  0x0000,0x0000,0x0000,0x0000,0x0000,0x0000,0x0000,0x1afe,0x2afd,0x1a9d,0x121e,0x125f,0x2a9e,0x3b9f,0x559f,0x9f5f,
  0xa6ff,0x657f,0x663f,0x75ff,0x865f,0xb73f,0xbf5f,0xd77f,0xaf1f,0x969f,0xaf3f,0x65ff,0x65bf,0x7e5f,0xa6df,0xae5e,
  0x861f,0x4c5e,0x22fe,0x0abf,0x0a3e,0x0000,0x0000,0x0000,0x0000,0x0000,0x0000,0x0000,0x0000,0x0000,0x0000,0x0000,
  0x0000,0x0000,0x0000,0x0000,0x0000,0x0000,0x0000,0x0000,0x0000,0x0000,0x0000,0x0000,0x0000,0x0000,0x0000,0x0000,
  0x0000,0x0000,0x0000,0x0000,0x0000,0x0000,0x0000,0x0000,0x0000,0x0000,0x0000,0x0000,0x0000,0x0000,0x0000,0x0000,
  0x0000,0x0000,0x0000,0x0000,0x0000,0x0000,0x0000,0x0000,0x0000,0x0000,0x0a5c,0x0a1f,0x129f,0x23df,0x453f,0x5dbf,
  0x54ff,0x54bf,0x6e3f,0x553f,0x5d9f,0xc77f,0x96bf,0x9edf,0x8e7f,0x5d7f,0x96ff,0x7e3f,0x3c7f,0x5d7f,0x5dbf,0x54df,
  0x5dbf,0x4d3f,0x33be,0x09de,0x0000,0x0000,0x0000,0x0000,0x0000,0x0000,0x2bff,0x341f,0x0000,0x0000,0x0000,0x0000,
  0x0000,0x0000,0x0000,0x0000,0x0000,0x0000,0x0000,0x0000,0x0000,0x0000,0x0000,0x0000,0x0000,0x0000,0x0000,0x0000,
  0x0000,0x0000,0x0000,0x0000,0x0000,0x0000,0x0000,0x0000,0x0000,0x0000,0x0000,0x0000,0x0000,0x0000,0x0000,0x0000,
  0x0000,0x0000,0x0000,0x0000,0x5ddf,0x2bfe,0x0000,0x0000,0x0000,0x0000,0x0000,0x1a3c,0x239f,0x3cff,0x3b5e,0x335e,
  0x4c9f,0x441f,0x3c1f,0x443f,0x5d9f,0x9eff,0x659f,0x969f,0x967f,0x4cbf,0x657f,0x8e9f,0x3c5f,0x3b7f,0x447f,0x4bbf,
  0x331f,0x2b7e,0x447e,0x3c5f,0x0000,0x0000,0x0000,0x0000,0x0000,0x0000,0x44bf,0x4cff,0x0000,0x0000,0x0000,0x0000,
  0x0000,0x0000,0x0000,0x0000,0x0000,0x0000,0x0000,0x0000,0x0000,0x0000,0x0000,0x0000,0x0000,0x0000,0x0000,0x0000,
  0x0000,0x0000,0x0000,0x0000,0x0000,0x0000,0x0000,0x0000,0x0000,0x0000,0x0000,0x0000,0x0000,0x0000,0x0000,0x0000,
  0x0000,0x0000,0x0000,0x0000,0x3c7f,0x0000,0x0000,0x0000,0x0000,0x0000,0x0000,0x231e,0x2c3f,0x1b1e,0x11de,0x331e,
  0x3bdf,0x335f,0x4c7f,0x3bbf,0x75df,0x9f1f,0x555f,0xb71f,0x9e9f,0x3c3f,0x3c5f,0x765f,0x4d1f,0x333f,0x2ade,0x541f,
  0x2b1f,0x11de,0x09bb,0x2b3d,0x445f,0x1a7f,0x0000,0x0000,0x0000,0x0000,0x0000,0x1b5e,0x0000,0x0000,0x0000,0x0000,
  0x0000,0x0000,0x0000,0x0000,0x0000,0x0000,0x0000,0x0000,0x0000,0x0000,0x0000,0x0000,0x0000,0x0000,0x0000,0x0000,
  0x0000,0x0000,0x0000,0x0000,0x0000,0x0000,0x0000,0x0000,0x0000,0x0000,0x0000,0x0000,0x0000,0x0000,0x0000,0x0000,
  0x0000,0x0000,0x0000,0x0000,0x0000,0x0000,0x0000,0x0000,0x0000,0x0000,0x0000,0x12ff,0x1abc,0x09bd,0x123e,0x349f,
  0x12be,0x2b1d,0x337f,0x22be,0x449f,0x559f,0x33df,0x761f,0x65bf,0x2bdf,0x2bde,0x449f,0x357f,0x231e,0x11fd,0x229d,
  0x23de,0x0a9f,0x09dc,0x0000,0x1ade,0x233f,0x0000,0x0000,0x0000,0x0000,0x0000,0x0000,0x0000,0x0000,0x0000,0x0000,
  0x0000,0x0000,0x0000,0x0000,0x0000,0x0000,0x0000,0x0000,0x0000,0x0000,0x0000,0x0000,0x0000,0x0000,0x0000,0x0000,
  0x0000,0x0000,0x0000,0x0000,0x0000,0x0000,0x0000,0x0000,0x0000,0x0000,0x0000,0x0000,0x0000,0x0000,0x0000,0x0000,
  0x0000,0x0000,0x0000,0x0000,0x0000,0x0000,0x0000,0x0000,0x0000,0x0000,0x0000,0x0000,0x0000,0x0a3e,0x23bf,0x1b1e,
  0x019b,0x1a7b,0x1afe,0x1a3d,0x4cde,0x3c1f,0x2a5f,0x64df,0x551f,0x233f,0x233d,0x2b1d,0x1c9e,0x125d,0x09dd,0x0000,
  0x12dd,0x131e,0x0000,0x0000,0x0000,0x0000,0x0000,0x0000,0x0000,0x0000,0x0000,0x0000,0x0000,0x0000,0x0000,0x0000,
  0x0000,0x0000,0x0000,0x0000,0x0000,0x0000,0x0000,0x0000,0x0000,0x0000,0x0000,0x0000,0x0000,0x0000,0x0000,0x0000,
  0x0000,0x0000,0x0000,0x0000,0x0000,0x0000,0x0000,0x0000,0x0000,0x0000,0x0000,0x0000,0x0000,0x0000,0x0000,0x0000,
  0x0000,0x0000,0x0000,0x0000,0x0000,0x0000,0x0000,0x0000,0x0000,0x0000,0x0000,0x0000,0x0000,0x12de,0x1b1f,0x0000,
  0x0000,0x129e,0x0a3d,0x11fc,0x343f,0x1b1f,0x11ff,0x3bdf,0x447f,0x127e,0x12fd,0x121c,0x1b3d,0x1b3e,0x0000,0x0000,
  0x0000,0x12de,0x0000,0x0000,0x0000,0x0000,0x0000,0x0000,0x0000,0x0000,0x0000,0x0000,0x0000,0x0000,0x0000,0x0000,
  0x0000,0x0000,0x0000,0x0000,0x0000,0x0000,0x0000,0x0000,0x0000,0x0000,0x0000,0x0000,0x0000,0x0000,0x0000,0x0000,
  0x0000,0x0000,0x0000,0x0000,0x0000,0x0000,0x0000,0x0000,0x0000,0x0000,0x0000,0x0000,0x0000,0x0000,0x0000,0x0000,
  0x0000,0x0000,0x0000,0x0000,0x0000,0x0000,0x0000,0x0000,0x0000,0x0000,0x0000,0x0000,0x1aff,0x0000,0x0000,0x0000,
  0x0000,0x0a3e,0x0000,0x0000,0x1bbf,0x0a5c,0x09bb,0x1b3f,0x2bbf,0x09db,0x0a7d,0x01fc,0x09fc,0x131f,0x0000,0x0000,
  0x0000,0x0000,0x231f,0x0000,0x0000,0x0000,0x0000,0x0000,0x0000,0x0000,0x0000,0x0000,0x0000,0x0000,0x0000,0x0000,
  0x0000,0x0000,0x0000,0x0000,0x0000,0x0000,0x0000,0x0000,0x0000,0x0000,0x0000,0x0000,0x0000,0x0000,0x0000,0x0000,
  0x0000,0x0000,0x0000,0x0000,0x0000,0x0000,0x0000,0x0000,0x0000,0x0000,0x0000,0x0000,0x0000,0x0000,0x0000,0x0000,
  0x0000,0x0000,0x0000,0x0000,0x0000,0x0000,0x0000,0x0000,0x0000,0x0000,0x0000,0x237f,0x3c5f,0x0000,0x0000,0x0000,
  0x127e,0x0a1e,0x0000,0x0000,0x0abe,0x0a1c,0x0000,0x1abe,0x1b3f,0x0000,0x0a3d,0x0000,0x0000,0x0000,0x0000,0x0000,
  0x0000,0x0000,0x12be,0x0000,0x0000,0x0000,0x0000,0x0000,0x0000,0x0000,0x0000,0x0000,0x0000,0x0000,0x0000,0x0000,
  0x0000,0x0000,0x0000,0x0000,0x0000,0x0000,0x0000,0x0000,0x0000,0x0000,0x0000,0x0000,0x0000,0x0000,0x0000,0x0000,
  0x0000,0x0000,0x0000,0x0000,0x0000,0x0000,0x0000,0x0000,0x0000,0x0000,0x0000,0x0000,0x0000,0x0000,0x0000,0x0000,
  0x0000,0x0000,0x0000,0x0000,0x0000,0x0000,0x0000,0x0000,0x0000,0x0000,0x0000,0x0000,0x1aff,0x0000,0x0000,0x0000,
  0x0000,0x0000,0x0000,0x0000,0x125d,0x0000,0x0000,0x125e,0x129e,0x0000,0x0000,0x0000,0x0000,0x0000,0x0000,0x0000,
  0x0000,0x0000,0x0000,0x0000,0x0000,0x345f,0x0000,0x0000,0x0000,0x0000,0x0000,0x0000,0x0000,0x0000,0x0000,0x0000,
  0x0000,0x0000,0x0000,0x0000,0x0000,0x0000,0x0000,0x0000,0x0000,0x0000,0x0000,0x0000,0x0000,0x0000,0x0000,0x0000,
  0x0000,0x0000,0x0000,0x0000,0x0000,0x0000,0x0000,0x0000,0x0000,0x0000,0x0000,0x0000,0x0000,0x0000,0x0000,0x0000,
  0x0000,0x0000,0x0000,0x0000,0x0000,0x0000,0x0000,0x0000,0x0000,0x0000,0x0000,0x0000,0x0000,0x0000,0x0000,0x0000,
  0x0000,0x0000,0x0000,0x0000,0x0000,0x0000,0x0000,0x0000,0x0000,0x0000,0x0000,0x0000,0x0000,0x0000,0x0000,0x0000,
  0x0000,0x0000,0x0000,0x0000,0x23df,0x55df,0x0000,0x0000,0x0000,0x0000,0x0000,0x0000,0x0000,0x0000,0x0000,0x0000,
  0x0000,0x0000,0x0000,0x0000,0x0000,0x0000,0x0000,0x0000,0x0000,0x0000,0x0000,0x0000,0x0000,0x0000,0x0000,0x0000,
  0x0000,0x0000,0x0000,0x0000,0x0000,0x0000,0x0000,0x0000,0x0000,0x0000,0x0000,0x0000,0x0000,0x0000,0x0000,0x0000,
  0x0000,0x0000,0x0000,0x0000,0x0000,0x0000,0x0000,0x0000,0x0000,0x0000,0x0000,0x0000,0x0000,0x0000,0x0000,0x0000,
  0x0000,0x0000,0x0000,0x0000,0x0000,0x0000,0x0000,0x0000,0x23de,0x131e,0x0000,0x0000,0x0000,0x0000,0x0000,0x0000,
  0x0000,0x0000,0x0000,0x0000,0x0000,0x137f,0x0000,0x0000,0x0000,0x0000,0x0000,0x0000,0x0000,0x0000,0x0000,0x0000,
  0x0000,0x0000,0x0000,0x0000,0x0000,0x0000,0x0000,0x0000,0x0000,0x0000,0x0000,0x0000,0x0000,0x0000,0x0000,0x0000,
  0x0000,0x0000,0x0000,0x0000,0x0000,0x0000,0x0000,0x0000,0x0000,0x0000,0x0000,0x0000,0x0000,0x0000,0x0000,0x0000,
  0x0000,0x0000,0x0000,0x0000,0x0000,0x0000,0x0000,0x0000,0x447f,0x4cdf,0x0000,0x0000,0x0000,0x0000,0x0000,0x0000,
  0x0000,0x0000,0x0000,0x0000,0x0000,0x0000,0x0000,0x0000,0x343f,0x237f,0x0000,0x0000,0x0000,0x0000,0x0000,0x0000,
  0x0000,0x0000,0x0000,0x0000,0x0000,0x0000,0x0000,0x0000,0x0000,0x0000,0x0000,0x0000,0x0000,0x0000,0x0000,0x0000,
  0x0000,0x0000,0x0000,0x0000,0x0000,0x0000,0x0000,0x0000,0x0000,0x0000,0x0000,0x0000,0x0000,0x0000,0x0000,0x0000,
  0x0000,0x0000,0x0000,0x0000,0x0000,0x0000,0x0000,0x0000,0x0000,0x0000,0x0000,0x0000,0x0000,0x0000,0x0000,0x0000,
  0x0000,0x0000,0x0000,0x0000,0x0000,0x0000,0x0000,0x0000,0x0000,0x0000,0x0000,0x0000,0x0000,0x0000,0x0000,0x0000,
  0x0000,0x0000,0x4cff,0x3c5f,0x0000,0x0000,0x0000,0x0000,0x0000,0x0000,0x0000,0x0000,0x0000,0x0000,0x0000,0x0000,
  0x0000,0x0000,0x0000,0x0000,0x0000,0x0000,0x0000,0x0000,0x0000,0x0000,0x0000,0x0000,0x0000,0x0000,0x0000,0x0000,
  0x0000,0x0000,0x0000,0x0000,0x0000,0x0000,0x0000,0x0000,0x0000,0x0000,0x0000,0x0000,0x0000,0x0000,0x0000,0x0000,
  0x0000,0x0000,0x0000,0x0000,0x0000,0x0000,0x0000,0x0000,0x0000,0x0000,0x0000,0x0000,0x0000,0x0000,0x0000,0x0000,
  0x0000,0x0000,0x0000,0x0000,0x0000,0x0000,0x0000,0x0000,0x0000,0x0000,0x0000,0x0000,0x0000,0x0000,0x0000,0x0000,
  0x0000,0x0000,0x345f,0x2bde,0x0000,0x0000,0x0000,0x0000,0x0000,0x0000,0x0000,0x0000,0x0000,0x0000,0x0000,0x0000,
  0x0000,0x0000,0x0000,0x0000,0x0000,0x0000,0x0000,0x0000,0x0000,0x0000,0x0000,0x0000,0x0000,0x0000,0x0000,0x0000,
  0x0000,0x0000,0x0000,0x0000,0x0000,0x0000,0x0000,0x0000,0x0000,0x0000,0x0000,0x0000,0x0000,0x0000,0x0000,0x0000,
  0x0000,0x0000,0x0000,0x0000,0x0000,0x0000,0x0000,0x0000,0x0000,0x0000,0x0000,0x0000,0x0000,0x0000,0x0000,0x0000,
  0x0000,0x0000,0x0000,0x0000,0x0000,0x0000,0x0000,0x0000,0x0000,0x0000,0x0000,0x0000,0x0000,0x0000,0x0000,0x0000,
  0x0000,0x0000,0x0000,0x0000,0x0000,0x0000,0x0000,0x0000,0x0000,0x0000,0x0000,0x0000,0x0000,0x0000,0x0000,0x0000,
  0x0000,0x0000,0x0000,0x0000,0x0000,0x0000,0x0000,0x0000,0x0000,0x0000,0x0000,0x0000,0x0000,0x0000,0x0000,0x0000,
  0x0000,0x0000,0x0000,0x0000,0x0000,0x0000,0x0000,0x0000,0x0000,0x0000,0x0000,0x0000,0x0000,0x0000,0x0000,0x0000,
 },
};
