/* Original ImageGen art; generated by tools/convert_background.py. */
static const uint16_t space_backdrop[384U * 192U] = {
    0x0927,0x0947,0x0907,0x0906,0x1148,0x11a9,0x0989,0x0927,0x0927,0x0907,0x0906,0x00c5,0x00a5,0x0084,0x0043,0x0043,
    0x0063,0x0042,0x0022,0x0022,0x0021,0x0021,0x0021,0x0021,0x0021,0x0042,0x0063,0x0042,0x0042,0x0022,0x0022,0x0063,
    0x08e6,0x08e6,0x00c6,0x00a4,0x0084,0x0084,0x0063,0x0043,0x0063,0x0084,0x0084,0x00e6,0x0106,0x00c5,0x0106,0x0147,
    0x0168,0x0168,0x0988,0x0988,0x0106,0x00c5,0x00e6,0x00e6,0x00e6,0x00e6,0x00e6,0x00e6,0x00a4,0x0084,0x0084,0x0064,
    0x00a5,0x08a4,0x0084,0x0084,0x0084,0x00a4,0x0084,0x0084,0x00a4,0x08a5,0x08a4,0x0063,0x0063,0x0063,0x0063,0x0042,
    0x0042,0x0884,0x08a5,0x0884,0x0884,0x08a5,0x0885,0x0884,0x08a5,0x10e6,0x10a5,0x0884,0x0884,0x0884,0x0864,0x0063,
    0x0063,0x0043,0x0042,0x0022,0x0022,0x0022,0x0022,0x0042,0x0022,0x0022,0x0022,0x0043,0x0043,0x0043,0x0063,0x0864,
    0x0864,0x0063,0x0043,0x0042,0x0043,0x0043,0x0043,0x0022,0x0022,0x0022,0x0022,0x0022,0x0021,0x0022,0x0042,0x0042,
    0x0022,0x0021,0x0021,0x0021,0x0022,0x0022,0x0022,0x0022,0x0022,0x0022,0x0022,0x0022,0x0022,0x0021,0x0022,0x0022,
    0x0022,0x0022,0x0021,0x0022,0x0022,0x0021,0x0021,0x0021,0x0022,0x0021,0x0021,0x0022,0x0022,0x0022,0x0022,0x0022,
    0x0022,0x0022,0x0022,0x0021,0x0001,0x0021,0x0021,0x0021,0x0001,0x0021,0x0022,0x0022,0x0022,0x0022,0x0022,0x0022,
    0x0022,0x0022,0x0022,0x0022,0x0022,0x0022,0x0022,0x0022,0x0021,0x0022,0x0022,0x0021,0x0001,0x0021,0x0021,0x0021,
    0x0021,0x0022,0x0022,0x0022,0x0022,0x0022,0x0022,0x0022,0x0022,0x0022,0x0022,0x0022,0x0022,0x0022,0x0022,0x0022,
    0x0022,0x0022,0x0022,0x0022,0x0022,0x0022,0x0022,0x0022,0x0042,0x0042,0x0022,0x0022,0x0022,0x0022,0x0022,0x0022,
    0x0022,0x0022,0x0042,0x0022,0x0042,0x0042,0x0042,0x0022,0x0042,0x0042,0x0042,0x0022,0x0022,0x0022,0x0022,0x0042,
    0x0022,0x0022,0x0022,0x0022,0x0022,0x0022,0x0022,0x0022,0x0022,0x0022,0x0022,0x0022,0x0022,0x0022,0x0022,0x0022,
    0x0022,0x0042,0x0022,0x0043,0x0043,0x0022,0x0022,0x0022,0x0022,0x0022,0x0042,0x0022,0x0022,0x0042,0x0042,0x0042,
    0x0022,0x0022,0x0022,0x0022,0x0042,0x0043,0x0043,0x0043,0x0042,0x0022,0x0022,0x0042,0x0022,0x0042,0x0022,0x0042,
    0x0043,0x0043,0x0043,0x0043,0x0043,0x0043,0x0063,0x0064,0x0064,0x0084,0x0084,0x0064,0x0064,0x0064,0x0043,0x0022,
    0x0022,0x0022,0x0022,0x0022,0x0022,0x0022,0x0022,0x0022,0x0022,0x0022,0x0022,0x0043,0x0043,0x0043,0x0064,0x0084,
    0x0084,0x00a5,0x00a5,0x00a5,0x0084,0x0085,0x08a5,0x0084,0x0063,0x0064,0x0063,0x0043,0x0064,0x0085,0x0084,0x0085,
    0x0085,0x00a5,0x00a5,0x00a5,0x0085,0x0085,0x00a5,0x0064,0x0043,0x0043,0x0043,0x0043,0x0043,0x0063,0x0063,0x0084,
    0x0083,0x00a5,0x00e7,0x0907,0x0107,0x00e7,0x00c6,0x0108,0x0128,0x096a,0x096b,0x014a,0x0149,0x0129,0x00c6,0x00a6,
    0x00a5,0x00a5,0x00a5,0x00c6,0x00a5,0x00a5,0x0084,0x00a5,0x00c6,0x00c6,0x0085,0x0063,0x0063,0x0084,0x00c5,0x0906,
    0x0948,0x0968,0x0927,0x08e6,0x0948,0x1189,0x11eb,0x0969,0x0907,0x00e6,0x08e6,0x0927,0x00c5,0x0084,0x0063,0x0042,
    0x0043,0x0042,0x0022,0x0022,0x0042,0x0022,0x0022,0x0022,0x0042,0x0042,0x0042,0x0043,0x0042,0x0022,0x0063,0x0043,
    0x08e6,0x0907,0x00c6,0x00a5,0x00a5,0x00a5,0x0084,0x0063,0x0063,0x0063,0x0063,0x00c5,0x0127,0x00c5,0x00a5,0x0127,
    0x0188,0x0188,0x0988,0x0968,0x00e6,0x00e5,0x0127,0x0106,0x0106,0x0106,0x0906,0x00e6,0x00a5,0x0084,0x0084,0x00a4,
    0x00a5,0x00c5,0x00a4,0x0084,0x0084,0x00a4,0x0084,0x0084,0x08a5,0x08c5,0x0884,0x0064,0x08a5,0x0064,0x0063,0x0063,
    0x0022,0x0884,0x10a5,0x0884,0x0884,0x08a5,0x0884,0x0884,0x10c5,0x10c6,0x10c6,0x10c6,0x0884,0x0864,0x0884,0x0864,
    0x0863,0x0042,0x0042,0x0042,0x0042,0x0022,0x0022,0x0022,0x0043,0x0022,0x0022,0x0042,0x0043,0x0043,0x0863,0x0884,
    0x0863,0x0063,0x0043,0x0043,0x0043,0x0043,0x0043,0x0042,0x0021,0x0021,0x0021,0x0022,0x0021,0x0022,0x0042,0x0042,
    0x0022,0x0021,0x0021,0x0022,0x0022,0x0022,0x0021,0x0022,0x0022,0x0022,0x0022,0x0022,0x0022,0x0022,0x0022,0x0021,
    0x0021,0x0022,0x0021,0x0021,0x0021,0x0022,0x0021,0x0021,0x0021,0x0022,0x0001,0x0022,0x0022,0x0022,0x0022,0x0022,
    0x0022,0x0022,0x0021,0x0021,0x0021,0x0021,0x0021,0x0021,0x0021,0x0021,0x0022,0x0022,0x0022,0x0042,0x0042,0x0042,
    0x0022,0x0022,0x0022,0x0022,0x0022,0x0022,0x0022,0x0022,0x0022,0x0022,0x0022,0x0022,0x0021,0x0021,0x0021,0x0021,
    0x0022,0x0022,0x0022,0x0022,0x0022,0x0022,0x0022,0x0022,0x0022,0x0022,0x0022,0x0022,0x0022,0x0022,0x0022,0x0022,
    0x0022,0x0022,0x0022,0x0022,0x0022,0x0022,0x0022,0x0022,0x0022,0x0042,0x0042,0x0042,0x0022,0x0022,0x0022,0x0022,
    0x0022,0x0022,0x0022,0x0042,0x0042,0x0022,0x0042,0x0042,0x0042,0x0042,0x0042,0x0022,0x0022,0x0022,0x0022,0x0042,
    0x0022,0x0022,0x0022,0x0022,0x0022,0x0022,0x0022,0x0022,0x0022,0x0022,0x0022,0x0022,0x0022,0x0022,0x0022,0x0022,
    0x0022,0x0022,0x0042,0x0863,0x0043,0x0022,0x0042,0x0022,0x0022,0x0022,0x0042,0x0022,0x0022,0x0022,0x0042,0x0022,
    0x0022,0x0022,0x0022,0x0042,0x0043,0x0043,0x0043,0x0043,0x0043,0x0022,0x0022,0x0042,0x0042,0x0042,0x0043,0x0043,
    0x0043,0x0043,0x0043,0x0043,0x0043,0x0063,0x0064,0x0064,0x0064,0x0064,0x0064,0x0064,0x0063,0x0043,0x0042,0x0022,
    0x0022,0x0022,0x0022,0x0022,0x0022,0x0022,0x0022,0x0022,0x0022,0x0022,0x0022,0x0022,0x0043,0x0043,0x0063,0x0084,
    0x0084,0x00a5,0x08a5,0x0085,0x0084,0x0085,0x0085,0x0084,0x0063,0x0064,0x0064,0x08a5,0x0064,0x0064,0x0084,0x00a5,
    0x08c6,0x00a5,0x00a5,0x00a5,0x0085,0x00a6,0x00a6,0x0064,0x0063,0x0043,0x0043,0x0043,0x0043,0x0043,0x0063,0x0063,
    0x0084,0x00c6,0x00e7,0x00e7,0x00e7,0x00e7,0x0108,0x0128,0x0149,0x098b,0x016a,0x0129,0x0108,0x00e7,0x00c6,0x00a5,
    0x00a5,0x00a6,0x08c6,0x00c6,0x00a5,0x0084,0x0085,0x00c6,0x08e7,0x00a5,0x0064,0x0063,0x0063,0x0084,0x00a5,0x00c5,
    0x0948,0x0948,0x1168,0x1168,0x11ea,0x0989,0x1189,0x0968,0x00e6,0x00c5,0x0906,0x0948,0x0906,0x00c5,0x0063,0x0042,
    0x0042,0x0022,0x0022,0x0022,0x0022,0x0022,0x0022,0x0042,0x0042,0x0021,0x0042,0x0063,0x0043,0x0063,0x0906,0x0083,
    0x00a5,0x0907,0x08e6,0x00e6,0x00e6,0x00c5,0x0084,0x0063,0x0063,0x0063,0x0043,0x00a4,0x0106,0x00e5,0x0106,0x0127,
    0x01a9,0x09ea,0x0968,0x0968,0x0127,0x0106,0x0127,0x0947,0x0968,0x0968,0x0106,0x00a5,0x00a4,0x00c5,0x00a5,0x00c5,
    0x00a5,0x00c5,0x08a5,0x08a5,0x08c5,0x08c5,0x08c6,0x08e6,0x1107,0x1107,0x1127,0x1107,0x08c6,0x08a5,0x08a5,0x0884,
    0x0064,0x08a5,0x08c5,0x08a5,0x10e6,0x08c6,0x10c6,0x08c5,0x10e6,0x10c6,0x08a5,0x10a5,0x08a5,0x0864,0x0063,0x0864,
    0x0863,0x0043,0x0022,0x0022,0x0042,0x0042,0x0022,0x0022,0x0042,0x0042,0x0022,0x0022,0x0043,0x0863,0x0863,0x0863,
    0x0063,0x0043,0x0043,0x0063,0x0043,0x0042,0x0042,0x0022,0x0021,0x0021,0x0021,0x0022,0x0022,0x0021,0x0022,0x0022,
    0x0022,0x0001,0x0022,0x0022,0x0022,0x0022,0x0022,0x0022,0x0022,0x0022,0x0042,0x0022,0x0022,0x0022,0x0022,0x0022,
    0x0022,0x0021,0x0021,0x0021,0x0021,0x0021,0x0021,0x0021,0x0021,0x0021,0x0001,0x0021,0x0022,0x0842,0x0022,0x0022,
    0x0022,0x0021,0x0021,0x0021,0x0021,0x0021,0x0021,0x0021,0x0021,0x0021,0x0021,0x0022,0x0022,0x0022,0x0042,0x0022,
    0x0022,0x0863,0x0022,0x0022,0x0022,0x0021,0x0021,0x0021,0x0021,0x0021,0x0021,0x0022,0x0021,0x0021,0x0021,0x0021,
    0x0022,0x0022,0x0021,0x0022,0x0022,0x0022,0x0022,0x0022,0x0022,0x0022,0x0022,0x0022,0x0022,0x0022,0x0022,0x0022,
    0x0022,0x0022,0x0022,0x0022,0x0022,0x0022,0x0022,0x0022,0x0042,0x0022,0x0042,0x0042,0x0022,0x0022,0x0022,0x0022,
    0x0022,0x0022,0x0022,0x0042,0x0042,0x0042,0x0042,0x0042,0x0042,0x0022,0x0022,0x0042,0x0022,0x0022,0x0042,0x0042,
    0x0022,0x0022,0x0022,0x0022,0x0022,0x0022,0x0022,0x0001,0x0042,0x0042,0x0022,0x0022,0x0022,0x0022,0x0022,0x0022,
    0x0022,0x0042,0x0022,0x0042,0x0022,0x0863,0x0042,0x0022,0x0022,0x0042,0x0042,0x0022,0x0022,0x0022,0x0042,0x0022,
    0x0022,0x0022,0x0042,0x0042,0x0043,0x0043,0x0043,0x0043,0x0043,0x0043,0x0042,0x0022,0x0043,0x0043,0x0043,0x0043,
    0x0043,0x0043,0x0043,0x0043,0x0063,0x0064,0x0064,0x0064,0x0064,0x0084,0x0064,0x0043,0x0043,0x0043,0x0042,0x0022,
    0x0042,0x0022,0x0022,0x0022,0x0022,0x0022,0x0022,0x0022,0x0022,0x0042,0x0022,0x0022,0x0043,0x0063,0x0064,0x0084,
    0x00a5,0x00a5,0x00a5,0x00a5,0x00a5,0x00a5,0x08a5,0x0063,0x0063,0x0063,0x0043,0x0064,0x0063,0x0063,0x0084,0x08c6,
    0x00a6,0x00a5,0x08c6,0x00a5,0x00a6,0x00a5,0x00a5,0x0084,0x0064,0x0063,0x0063,0x0043,0x0043,0x0063,0x0064,0x0064,
    0x0084,0x00c5,0x00c6,0x0107,0x0128,0x0108,0x0149,0x016b,0x098b,0x016a,0x0129,0x0129,0x00e7,0x00e7,0x00c6,0x00a6,
    0x00c6,0x00c6,0x00c6,0x00c6,0x00a5,0x00a5,0x00a5,0x00a5,0x00c6,0x0084,0x0063,0x0063,0x0063,0x00a4,0x0906,0x0906,
    0x0927,0x1189,0x11ca,0x11ca,0x11ca,0x1189,0x0927,0x00a4,0x0906,0x0906,0x08e6,0x0907,0x0906,0x08e5,0x0063,0x0022,
    0x0043,0x0043,0x0022,0x0022,0x0022,0x0022,0x0042,0x0022,0x0042,0x0042,0x0084,0x0063,0x0042,0x0083,0x08e6,0x00a4,
    0x00a5,0x0907,0x0084,0x00c5,0x00e6,0x00e6,0x0084,0x00a5,0x0084,0x0063,0x0063,0x0084,0x0106,0x00e5,0x0947,0x0988,
    0x0147,0x09c9,0x09a9,0x0988,0x0968,0x0968,0x09a9,0x09a9,0x0947,0x0927,0x00a5,0x00a5,0x00a4,0x00c5,0x0106,0x0968,
    0x0927,0x08c5,0x08a5,0x08c5,0x08e6,0x08e6,0x1107,0x1128,0x1148,0x1128,0x1127,0x1148,0x1128,0x0884,0x08c5,0x08a5,
    0x0885,0x0884,0x0884,0x10c6,0x08c6,0x10e7,0x1107,0x10e6,0x10c5,0x10a5,0x0884,0x08a4,0x08a5,0x0885,0x0043,0x0863,
    0x0884,0x0042,0x0022,0x0022,0x0022,0x0022,0x0022,0x0042,0x0043,0x0063,0x0022,0x0043,0x0863,0x0864,0x0864,0x0864,
    0x0863,0x0042,0x0043,0x0063,0x0042,0x0042,0x0042,0x0022,0x0021,0x0021,0x0021,0x0022,0x0021,0x0022,0x0022,0x0021,
    0x0021,0x0862,0x0042,0x0022,0x0022,0x0022,0x0022,0x0022,0x0022,0x0042,0x0022,0x0042,0x0022,0x0022,0x0022,0x0022,
    0x0021,0x0021,0x0021,0x0021,0x0021,0x0021,0x0021,0x0021,0x0021,0x0001,0x0021,0x0022,0x0021,0x10a3,0x0022,0x0021,
    0x0021,0x0021,0x0021,0x0021,0x0021,0x0021,0x0021,0x0021,0x0021,0x0021,0x0021,0x0021,0x0021,0x0022,0x0022,0x0042,
    0x0042,0x18e4,0x0022,0x0022,0x0022,0x0021,0x0021,0x0021,0x0021,0x0021,0x0021,0x0021,0x0021,0x0021,0x0021,0x0021,
    0x0022,0x0022,0x0022,0x0022,0x0022,0x0022,0x0022,0x0022,0x0022,0x0022,0x0022,0x0022,0x0022,0x0022,0x0022,0x0022,
    0x0022,0x0022,0x0022,0x0022,0x0022,0x0022,0x0022,0x0022,0x0042,0x0043,0x0042,0x0022,0x0022,0x0042,0x0022,0x0022,
    0x0022,0x0022,0x0022,0x0042,0x0042,0x0022,0x0042,0x0042,0x0022,0x0883,0x0042,0x0022,0x0042,0x0042,0x0022,0x0022,
    0x0022,0x0022,0x0022,0x0022,0x0022,0x0042,0x0021,0x10e5,0x10e5,0x0042,0x0022,0x0022,0x0022,0x0022,0x0022,0x0022,
    0x0042,0x0042,0x0022,0x0022,0x0042,0x0042,0x0042,0x0022,0x0022,0x0022,0x0022,0x0022,0x0042,0x0043,0x0022,0x0022,
    0x0022,0x0042,0x0042,0x0063,0x0063,0x0043,0x0063,0x0063,0x0043,0x0043,0x0043,0x0043,0x0043,0x0043,0x0043,0x0043,
    0x0043,0x0043,0x0043,0x0043,0x0063,0x0064,0x0864,0x0064,0x0064,0x0043,0x0043,0x0063,0x0063,0x0043,0x0022,0x0042,
    0x0042,0x0022,0x0022,0x0022,0x0022,0x0022,0x0022,0x0022,0x0022,0x0042,0x0022,0x0063,0x0064,0x0084,0x0084,0x0084,
    0x00a5,0x00a5,0x0085,0x08a5,0x08c6,0x08c6,0x08a5,0x0063,0x0064,0x0043,0x0042,0x0042,0x0063,0x00a5,0x08c6,0x08c6,
    0x1107,0x08e7,0x00c6,0x00a6,0x00a5,0x0084,0x0064,0x0084,0x00a5,0x00a5,0x0084,0x0063,0x0043,0x0043,0x0063,0x0063,
    0x0084,0x00c6,0x0128,0x0128,0x0128,0x018b,0x09cc,0x09ac,0x096b,0x014a,0x014a,0x0108,0x0108,0x00e7,0x00a6,0x00a6,
    0x00c7,0x00c6,0x00c6,0x00a5,0x00a5,0x00e7,0x00c6,0x0084,0x0084,0x0063,0x0063,0x0084,0x0084,0x0906,0x0948,0x0907,
    0x0927,0x11ca,0x122b,0x120b,0x11a9,0x11a9,0x0947,0x08e6,0x1189,0x1a0b,0x11c9,0x00a4,0x08e6,0x00a4,0x0063,0x0022,
    0x0042,0x0063,0x0042,0x0042,0x0022,0x0022,0x0062,0x0063,0x0063,0x0042,0x00a5,0x0084,0x0063,0x0084,0x00a5,0x08e6,
    0x0948,0x0907,0x00e6,0x0106,0x00e6,0x00e6,0x00c5,0x00a5,0x00a5,0x0084,0x0063,0x0084,0x00c5,0x00a5,0x00a4,0x0127,
    0x0147,0x09a9,0x09c9,0x09a9,0x0a0a,0x124b,0x0a4b,0x09e9,0x0947,0x0926,0x0906,0x00c5,0x00c5,0x08e5,0x1188,0x0927,
    0x08e6,0x0906,0x0906,0x1127,0x0906,0x0907,0x1127,0x1107,0x0907,0x08e6,0x0084,0x08a5,0x08e6,0x10e6,0x08a5,0x10c5,
    0x08c6,0x10e6,0x10e6,0x1107,0x1907,0x10c6,0x1107,0x10e6,0x10e6,0x10c6,0x08a5,0x0884,0x0884,0x0864,0x0043,0x0042,
    0x0863,0x0043,0x0022,0x0022,0x0022,0x0022,0x0022,0x0042,0x0884,0x0884,0x08a5,0x0864,0x0864,0x0864,0x0864,0x0864,
    0x0063,0x0042,0x0042,0x0043,0x0042,0x0022,0x0022,0x0022,0x0021,0x0021,0x0021,0x0022,0x0021,0x0021,0x0022,0x0001,
    0x0022,0x0042,0x0863,0x0042,0x0022,0x0022,0x0022,0x0042,0x0042,0x0022,0x0022,0x0042,0x0022,0x0022,0x0022,0x0021,
    0x0021,0x0021,0x0021,0x0021,0x0021,0x0021,0x0021,0x0021,0x0021,0x0021,0x0021,0x0022,0x0022,0x0001,0x0022,0x0021,
    0x0021,0x0021,0x0022,0x0021,0x0022,0x0022,0x0021,0x0021,0x0021,0x0021,0x0022,0x0022,0x0022,0x0022,0x0022,0x0022,
    0x0022,0x0001,0x0022,0x0021,0x0021,0x0022,0x0021,0x0021,0x0021,0x0021,0x0021,0x0021,0x0021,0x0022,0x0021,0x0021,
    0x0022,0x0022,0x0022,0x0022,0x0022,0x0022,0x0022,0x0022,0x0022,0x0042,0x0022,0x0022,0x0022,0x0022,0x0022,0x0022,
    0x0022,0x0022,0x0022,0x0022,0x0022,0x0022,0x0022,0x0022,0x0022,0x0043,0x0042,0x0022,0x0042,0x0022,0x0063,0x0042,
    0x0042,0x0022,0x0042,0x0042,0x0042,0x0022,0x0022,0x0042,0x0022,0x1906,0x0863,0x0022,0x0042,0x0022,0x0022,0x0022,
    0x0022,0x0022,0x0022,0x0022,0x0022,0x0022,0x0042,0x0883,0x0063,0x0022,0x0022,0x0022,0x0022,0x0022,0x0022,0x0022,
    0x0022,0x0022,0x0042,0x0022,0x0042,0x0042,0x0022,0x0042,0x0022,0x0042,0x0042,0x0022,0x0022,0x0042,0x0042,0x0022,
    0x0022,0x0042,0x0042,0x0043,0x0043,0x0043,0x0022,0x0043,0x0043,0x0043,0x0043,0x0043,0x0043,0x0042,0x0063,0x0063,
    0x0063,0x0043,0x0043,0x0043,0x0064,0x0084,0x0084,0x0084,0x0063,0x0042,0x0042,0x0043,0x0043,0x0022,0x0042,0x0022,
    0x0043,0x0042,0x0022,0x0043,0x0043,0x0043,0x0022,0x0043,0x0063,0x0043,0x0042,0x0063,0x0084,0x0084,0x0084,0x00a5,
    0x00a5,0x0085,0x08a5,0x1107,0x08e6,0x08a5,0x0064,0x0064,0x0884,0x0063,0x0043,0x0043,0x0064,0x08a5,0x0085,0x00a5,
    0x1148,0x0908,0x00a5,0x08a6,0x00a5,0x0084,0x0064,0x00a5,0x0085,0x00a5,0x0085,0x0063,0x0063,0x0063,0x0084,0x0084,
    0x00a5,0x00e6,0x0928,0x00e7,0x0108,0x09ed,0x09cd,0x09ac,0x098b,0x014a,0x014a,0x0108,0x00e7,0x00a6,0x00a6,0x0928,
    0x0928,0x00c7,0x00c6,0x00a5,0x00c6,0x00e7,0x00e7,0x0084,0x0063,0x0063,0x0063,0x00a5,0x00a5,0x08e6,0x0927,0x0907,
    0x1189,0x11ea,0x120b,0x11ca,0x1189,0x0947,0x08e6,0x0927,0x0968,0x11aa,0x1a2b,0x08c5,0x0063,0x0084,0x00a4,0x0022,
    0x0022,0x0042,0x0022,0x0042,0x0043,0x0063,0x08e6,0x0906,0x00a4,0x08c5,0x0927,0x0084,0x0084,0x0083,0x0063,0x00a4,
    0x1188,0x0969,0x0128,0x0107,0x00e6,0x00c6,0x00c6,0x00c5,0x00c5,0x00a4,0x0084,0x00a4,0x00c5,0x00a5,0x00c5,0x0168,
    0x0127,0x0947,0x09a9,0x0988,0x0a2a,0x0a4b,0x0a2b,0x0a2b,0x09a9,0x0927,0x0926,0x0906,0x0906,0x0927,0x0967,0x0947,
    0x0906,0x0906,0x1127,0x1168,0x1148,0x1189,0x1127,0x0907,0x1127,0x08e6,0x0084,0x0084,0x08a5,0x1107,0x10e7,0x1927,
    0x1107,0x1127,0x1127,0x1107,0x1948,0x10e6,0x10e6,0x1107,0x10e6,0x10c6,0x08a5,0x0884,0x0884,0x0884,0x0043,0x0022,
    0x0022,0x0042,0x0022,0x0022,0x0042,0x0042,0x0022,0x0022,0x0043,0x0884,0x0864,0x0864,0x0864,0x0884,0x0884,0x0864,
    0x0863,0x0042,0x0042,0x0043,0x0043,0x0042,0x0022,0x0021,0x0021,0x0021,0x0021,0x0022,0x0021,0x0021,0x0021,0x0021,
    0x0022,0x0022,0x0022,0x0022,0x0022,0x0022,0x0021,0x0042,0x0042,0x0022,0x0022,0x0022,0x0022,0x0021,0x0021,0x0021,
    0x0021,0x0021,0x0021,0x0022,0x0022,0x0022,0x0021,0x0022,0x0021,0x0021,0x0021,0x0022,0x0022,0x0022,0x0022,0x0021,
    0x0022,0x0021,0x0022,0x0022,0x0022,0x0022,0x0022,0x0021,0x0021,0x0022,0x0022,0x0022,0x0022,0x0022,0x0021,0x0022,
    0x0022,0x0022,0x0021,0x0883,0x0883,0x0001,0x0021,0x0021,0x0021,0x0021,0x0021,0x0021,0x0021,0x0001,0x0021,0x0021,
    0x0021,0x0022,0x0022,0x0022,0x0022,0x0022,0x0022,0x0022,0x0022,0x0021,0x0022,0x0022,0x0022,0x0022,0x0022,0x0022,
    0x0022,0x0022,0x0022,0x0022,0x0022,0x0022,0x0022,0x0022,0x0022,0x0022,0x0022,0x0022,0x0022,0x0022,0x0042,0x0042,
    0x0042,0x0042,0x0042,0x0042,0x0022,0x0042,0x0042,0x0042,0x0042,0x0022,0x0022,0x0022,0x0042,0x0022,0x0022,0x0042,
    0x0042,0x0022,0x0022,0x0022,0x0022,0x0022,0x0042,0x0022,0x0022,0x0042,0x0022,0x0042,0x0042,0x0022,0x0022,0x0022,
    0x0022,0x0022,0x0042,0x0022,0x0042,0x0042,0x0042,0x0042,0x0022,0x0863,0x0043,0x0022,0x0022,0x0042,0x0042,0x0022,
    0x0042,0x0042,0x0042,0x0042,0x0043,0x0042,0x0022,0x0043,0x0043,0x0022,0x0043,0x0043,0x0043,0x0043,0x0043,0x0043,
    0x0063,0x0063,0x0063,0x0064,0x0084,0x0084,0x0084,0x0084,0x0063,0x0042,0x0042,0x0022,0x0042,0x0043,0x0043,0x0042,
    0x0022,0x0063,0x0064,0x0064,0x0884,0x0063,0x0043,0x0063,0x0064,0x0064,0x0043,0x0042,0x0063,0x0063,0x0064,0x0064,
    0x0085,0x0085,0x08c6,0x08e7,0x08e7,0x08c6,0x0064,0x0084,0x0085,0x0885,0x0063,0x0063,0x08a5,0x00a6,0x0084,0x08c6,
    0x00a6,0x08e7,0x00a6,0x00a5,0x0085,0x0084,0x00a5,0x00c7,0x00e7,0x00c6,0x0085,0x0063,0x0063,0x0084,0x00a5,0x0084,
    0x00a5,0x00a5,0x00a5,0x00c6,0x09ab,0x09ed,0x01ac,0x01ac,0x016b,0x014a,0x014a,0x0108,0x0108,0x0108,0x0108,0x094a,
    0x00e7,0x00e7,0x00c6,0x00c6,0x00e7,0x00e7,0x00a5,0x0084,0x0063,0x0063,0x0063,0x00a5,0x00c6,0x00e6,0x0907,0x0907,
    0x120b,0x120b,0x1a4c,0x11c9,0x00c5,0x00c5,0x00c5,0x0927,0x0927,0x0927,0x0968,0x08c5,0x0043,0x0084,0x0063,0x0042,
    0x0042,0x0043,0x0063,0x0063,0x0063,0x0084,0x1189,0x0989,0x0927,0x19ca,0x0907,0x0084,0x0063,0x0063,0x0042,0x0063,
    0x0947,0x11a9,0x0927,0x0969,0x0107,0x00e6,0x00e5,0x00c5,0x00c5,0x00a4,0x00a4,0x00c5,0x0947,0x08e5,0x00c4,0x0147,
    0x00e5,0x0927,0x0988,0x09e9,0x12ad,0x0a2b,0x0a0a,0x09c9,0x09c9,0x0947,0x0947,0x0947,0x0927,0x0947,0x0968,0x0968,
    0x1168,0x1168,0x1168,0x1127,0x1107,0x1127,0x0907,0x00a5,0x08c5,0x08e6,0x00a5,0x00a4,0x00a5,0x08a4,0x08a5,0x1107,
    0x1107,0x1107,0x10c6,0x08a4,0x1107,0x1107,0x1107,0x1907,0x1907,0x10e6,0x10c5,0x0063,0x0043,0x0884,0x0884,0x0022,
    0x0022,0x0042,0x0022,0x0022,0x0042,0x0043,0x0043,0x0043,0x0043,0x0043,0x0022,0x0864,0x0884,0x0884,0x0864,0x0884,
    0x0864,0x0042,0x0042,0x0063,0x0063,0x0042,0x0022,0x0022,0x0021,0x0021,0x0021,0x0022,0x0021,0x0001,0x0021,0x0021,
    0x0021,0x0022,0x0042,0x0022,0x0022,0x0022,0x0022,0x0021,0x0022,0x0022,0x0022,0x0022,0x0021,0x0001,0x0021,0x0022,
    0x0022,0x0021,0x0022,0x0022,0x0022,0x0022,0x0021,0x0022,0x0022,0x0021,0x0022,0x0022,0x0022,0x0022,0x0022,0x0022,
    0x0022,0x0022,0x0022,0x0842,0x0022,0x0022,0x0022,0x0022,0x0022,0x0022,0x0022,0x0022,0x0021,0x0022,0x0022,0x0022,
    0x0022,0x0022,0x0022,0x0042,0x0022,0x0021,0x0021,0x0001,0x0021,0x0001,0x0021,0x0021,0x0022,0x0021,0x0001,0x0021,
    0x0021,0x0021,0x0022,0x0022,0x0021,0x0022,0x0022,0x0022,0x0042,0x18c3,0x0022,0x0022,0x0022,0x0022,0x0022,0x0022,
    0x0022,0x0022,0x0022,0x0022,0x0022,0x0022,0x0022,0x0022,0x0022,0x0022,0x0022,0x0022,0x0022,0x0042,0x0042,0x0042,
    0x0042,0x0042,0x0042,0x0022,0x0042,0x0042,0x0042,0x0042,0x0042,0x0042,0x0022,0x0022,0x0022,0x0022,0x0022,0x0042,
    0x0042,0x0022,0x0022,0x0022,0x0022,0x0022,0x0022,0x0022,0x0022,0x0022,0x0022,0x0042,0x0042,0x0022,0x0863,0x0022,
    0x0022,0x0022,0x0042,0x0022,0x0042,0x0042,0x0042,0x0022,0x0042,0x0022,0x0042,0x0022,0x0022,0x0022,0x0022,0x0042,
    0x0043,0x0042,0x0042,0x0043,0x0042,0x0043,0x0043,0x0043,0x0043,0x0043,0x0043,0x0043,0x0043,0x0043,0x0043,0x0043,
    0x0043,0x0063,0x0063,0x0063,0x0063,0x0064,0x0064,0x0084,0x0063,0x0022,0x0042,0x0042,0x0043,0x0064,0x0064,0x0043,
    0x0042,0x0084,0x0084,0x0885,0x0084,0x0063,0x0063,0x0043,0x0043,0x0042,0x0043,0x0043,0x0063,0x0043,0x0063,0x0063,
    0x0064,0x0085,0x08c6,0x08c6,0x08e7,0x0907,0x08e7,0x08e7,0x08a5,0x0063,0x0043,0x0064,0x08a6,0x00a6,0x0084,0x0085,
    0x08c6,0x0908,0x00c6,0x0064,0x0064,0x0084,0x00e7,0x0108,0x00e7,0x00a6,0x0085,0x0063,0x0042,0x0084,0x00c6,0x00c6,
    0x08e6,0x0907,0x08e6,0x00c6,0x098a,0x09ac,0x018b,0x018b,0x018b,0x098b,0x098b,0x014a,0x012a,0x012a,0x0129,0x00e8,
    0x00e7,0x00e7,0x00c6,0x00e7,0x00c6,0x00a5,0x0084,0x0084,0x00a4,0x0084,0x00c5,0x00e6,0x00e6,0x0927,0x0928,0x00e6,
    0x120b,0x120b,0x1a4c,0x11ca,0x0906,0x0906,0x08e6,0x0968,0x0947,0x0927,0x0927,0x08e6,0x00c5,0x0084,0x0042,0x0043,
    0x0063,0x00a4,0x00c4,0x0083,0x0063,0x0064,0x08e6,0x0907,0x0907,0x0968,0x0106,0x00c5,0x00e6,0x0084,0x0084,0x0043,
    0x0906,0x0989,0x00c5,0x0084,0x0042,0x00a5,0x0927,0x0927,0x0106,0x00e6,0x00a4,0x00a4,0x0926,0x0906,0x00c4,0x0126,
    0x00e6,0x0906,0x0988,0x09a9,0x1ace,0x0aad,0x0a2a,0x0a0a,0x0988,0x0927,0x0927,0x0968,0x0967,0x0967,0x0968,0x0927,
    0x0968,0x0968,0x1168,0x1168,0x1127,0x1107,0x1107,0x08c6,0x00a4,0x0084,0x0084,0x08c5,0x08c5,0x0064,0x0063,0x08a5,
    0x10e6,0x1927,0x10e6,0x0064,0x0884,0x0064,0x1906,0x1127,0x10e6,0x10c6,0x10e6,0x08a5,0x0043,0x0863,0x0864,0x0022,
    0x0022,0x0043,0x0063,0x0043,0x0022,0x0022,0x0043,0x0063,0x0863,0x0043,0x0043,0x0864,0x0884,0x0884,0x0864,0x0863,
    0x0043,0x0022,0x0042,0x0043,0x0043,0x0021,0x0021,0x0021,0x0021,0x0021,0x0042,0x0862,0x0001,0x0021,0x0021,0x0001,
    0x0021,0x0022,0x0022,0x0022,0x0042,0x0022,0x0022,0x0022,0x0022,0x0021,0x0022,0x0021,0x0021,0x0021,0x0021,0x0022,
    0x0022,0x0021,0x0022,0x0042,0x0022,0x0021,0x0022,0x0022,0x0021,0x0022,0x0022,0x0022,0x0022,0x0022,0x0022,0x0022,
    0x0022,0x0022,0x0022,0x0042,0x0022,0x0022,0x0022,0x0022,0x0022,0x0022,0x0021,0x0022,0x0021,0x0021,0x0022,0x0022,
    0x0022,0x0022,0x0022,0x0022,0x0022,0x0021,0x0022,0x0022,0x0021,0x0021,0x0021,0x0021,0x0021,0x0021,0x0021,0x0021,
    0x0021,0x0021,0x0021,0x0022,0x0022,0x0022,0x0022,0x0022,0x0042,0x18c4,0x0022,0x0022,0x0022,0x0022,0x0022,0x0022,
    0x0022,0x0022,0x0022,0x0022,0x0022,0x0022,0x0022,0x0022,0x0022,0x0022,0x0022,0x0042,0x0042,0x0042,0x0042,0x0042,
    0x0042,0x0042,0x0042,0x0022,0x0022,0x0042,0x0022,0x0042,0x0042,0x0042,0x0042,0x0042,0x0022,0x0022,0x0042,0x0022,
    0x0022,0x0022,0x0022,0x0022,0x0022,0x0022,0x0022,0x0022,0x0022,0x0022,0x0022,0x0022,0x0022,0x0022,0x0042,0x0042,
    0x0042,0x0022,0x0022,0x0042,0x0022,0x0022,0x0042,0x0022,0x0042,0x18e4,0x0063,0x0022,0x0022,0x0022,0x0022,0x0022,
    0x0042,0x0043,0x0043,0x0043,0x0043,0x0043,0x0042,0x0043,0x0043,0x0043,0x0043,0x0043,0x0043,0x0043,0x0043,0x0043,
    0x0043,0x0063,0x0063,0x0043,0x0043,0x0043,0x0063,0x0064,0x0064,0x0043,0x0042,0x0043,0x0064,0x0064,0x0064,0x0043,
    0x0064,0x0084,0x0085,0x0064,0x0063,0x0043,0x0043,0x0063,0x0043,0x0043,0x0043,0x0043,0x0063,0x0084,0x0063,0x0084,
    0x0064,0x0085,0x08c6,0x08e7,0x08e7,0x08c6,0x08a5,0x08c6,0x0084,0x0063,0x0064,0x10c7,0x08a5,0x0064,0x0063,0x0064,
    0x08c6,0x0909,0x00c7,0x0064,0x0085,0x00c6,0x0109,0x0129,0x00a6,0x00a5,0x00e7,0x00a5,0x0042,0x00a5,0x0928,0x0928,
    0x0107,0x0927,0x0907,0x08e6,0x0108,0x01ed,0x01ac,0x018b,0x014a,0x014a,0x016a,0x012a,0x0108,0x0129,0x00e8,0x00c7,
    0x00e8,0x00e7,0x0108,0x00c6,0x00a5,0x00a5,0x0084,0x0084,0x00a4,0x00e6,0x0928,0x0928,0x0907,0x0928,0x0948,0x0907,
    0x11eb,0x120b,0x120b,0x226d,0x19ca,0x0968,0x1168,0x11ca,0x1188,0x11a9,0x11ea,0x0948,0x0907,0x08e6,0x0084,0x0063,
    0x0084,0x08c5,0x00a5,0x08c5,0x08e5,0x00a5,0x0084,0x0084,0x00a5,0x00c5,0x0928,0x0948,0x0927,0x08e6,0x08e6,0x0084,
    0x0084,0x0107,0x00e6,0x0063,0x0021,0x0001,0x0084,0x0927,0x0948,0x0106,0x00e6,0x00c5,0x00a4,0x00c5,0x09c8,0x122a,
    0x09a9,0x0927,0x0968,0x09ea,0x0a2b,0x0a2b,0x0a0a,0x09e9,0x09a9,0x0968,0x09c9,0x11a9,0x0948,0x0947,0x0927,0x0947,
    0x0989,0x0968,0x0948,0x0927,0x0927,0x1127,0x0907,0x0906,0x00a5,0x0084,0x00a5,0x00a4,0x00a5,0x0084,0x0084,0x0063,
    0x0884,0x10c5,0x1107,0x0084,0x0043,0x0042,0x0063,0x08c5,0x08a4,0x08c5,0x08a5,0x10c5,0x0063,0x0063,0x0864,0x0042,
    0x0042,0x0043,0x0884,0x0063,0x0042,0x0022,0x0042,0x0043,0x0884,0x0863,0x0063,0x0884,0x0864,0x0863,0x0864,0x0863,
    0x0063,0x0042,0x0042,0x0042,0x0042,0x0022,0x0001,0x0021,0x0021,0x0021,0x0022,0x0862,0x0001,0x0021,0x0021,0x0021,
    0x0001,0x0021,0x0021,0x0022,0x0042,0x0022,0x0022,0x0021,0x0021,0x0022,0x0021,0x0021,0x0021,0x0021,0x0021,0x0021,
    0x0022,0x0021,0x0022,0x0021,0x0862,0x0842,0x0001,0x0022,0x0022,0x0022,0x0022,0x0022,0x0022,0x0022,0x0022,0x0022,
    0x0022,0x0022,0x0022,0x0022,0x0022,0x0022,0x0022,0x0022,0x0022,0x0022,0x0021,0x0021,0x0021,0x0021,0x0022,0x0022,
    0x0022,0x0022,0x0022,0x0021,0x0022,0x0022,0x0022,0x0022,0x0021,0x0022,0x0021,0x0021,0x0021,0x0021,0x0021,0x0021,
    0x0021,0x0021,0x0022,0x0022,0x0022,0x0022,0x0022,0x0022,0x0022,0x0001,0x0022,0x0022,0x0022,0x0022,0x0022,0x0022,
    0x0021,0x0863,0x0042,0x0022,0x0022,0x0022,0x0042,0x0043,0x0022,0x0022,0x0022,0x0022,0x0042,0x0042,0x0042,0x0042,
    0x0042,0x0042,0x0042,0x0022,0x0042,0x0042,0x0042,0x0022,0x0022,0x0042,0x0022,0x0042,0x0022,0x0022,0x0022,0x0022,
    0x0022,0x0022,0x0042,0x0022,0x0022,0x0022,0x0022,0x0022,0x0022,0x0022,0x0022,0x0022,0x0022,0x0022,0x0022,0x0042,
    0x0042,0x0042,0x0022,0x0022,0x0022,0x0042,0x0022,0x0042,0x0042,0x18e5,0x0043,0x0022,0x0022,0x0022,0x0022,0x0022,
    0x0042,0x0042,0x0043,0x0043,0x0043,0x0043,0x0022,0x0042,0x0043,0x0043,0x0043,0x0043,0x0043,0x0043,0x0043,0x0043,
    0x0063,0x0063,0x0063,0x0043,0x0022,0x0022,0x0042,0x0064,0x0043,0x0022,0x0063,0x0084,0x08c6,0x1107,0x0064,0x0085,
    0x0085,0x0085,0x0085,0x0064,0x0063,0x0063,0x0064,0x0864,0x0064,0x0063,0x0043,0x0043,0x0064,0x0085,0x00a5,0x08a5,
    0x00a5,0x08a6,0x08c6,0x08e6,0x08e6,0x08a5,0x0063,0x0084,0x0084,0x0084,0x08a5,0x2128,0x0064,0x0043,0x0063,0x00a5,
    0x0908,0x00c7,0x08e8,0x08e8,0x00a6,0x0108,0x0129,0x0108,0x0108,0x0129,0x014a,0x00e7,0x0063,0x0107,0x0949,0x0949,
    0x0907,0x00a5,0x08e6,0x08c6,0x018b,0x01ed,0x018b,0x016a,0x0129,0x0129,0x0108,0x0108,0x00e8,0x00e7,0x0929,0x198a,
    0x00c7,0x0129,0x0129,0x00e7,0x00a5,0x0064,0x0084,0x00a5,0x00c5,0x0927,0x0928,0x0927,0x0907,0x0948,0x0948,0x0948,
    0x0968,0x11ea,0x120b,0x1a2b,0x11c9,0x0968,0x11ca,0x1a4c,0x1a2b,0x122b,0x22ce,0x1a6c,0x0906,0x0906,0x08e6,0x08e6,
    0x0084,0x00a5,0x08c5,0x0907,0x0948,0x0907,0x00c5,0x00c5,0x0063,0x00a5,0x09aa,0x09aa,0x0948,0x0906,0x08e6,0x00c5,
    0x0083,0x00c5,0x00e6,0x00c5,0x0063,0x0022,0x00a5,0x0084,0x08e6,0x0127,0x0948,0x0947,0x00a4,0x00a4,0x11e9,0x128c,
    0x0a0a,0x0968,0x09c9,0x0a6c,0x0a0a,0x09ea,0x0a2a,0x09c9,0x11c9,0x09a9,0x09c9,0x0968,0x0947,0x0947,0x0947,0x0968,
    0x11ca,0x0968,0x0927,0x0927,0x0907,0x0907,0x0927,0x1148,0x08e6,0x08e6,0x08e7,0x00a5,0x0084,0x0084,0x0084,0x0063,
    0x0063,0x0084,0x0063,0x0063,0x0063,0x0043,0x0043,0x0084,0x0063,0x10c5,0x10c5,0x0884,0x0063,0x0063,0x0884,0x0864,
    0x0043,0x0864,0x0884,0x0064,0x0043,0x0043,0x0043,0x0043,0x0864,0x0864,0x0864,0x0884,0x0043,0x0042,0x0063,0x0063,
    0x0043,0x0042,0x0042,0x0043,0x0042,0x0021,0x0021,0x0021,0x0021,0x0021,0x0001,0x0001,0x0021,0x0021,0x0021,0x0021,
    0x0021,0x0021,0x0001,0x0021,0x0001,0x0021,0x0021,0x0021,0x0022,0x0021,0x0021,0x0021,0x0021,0x0021,0x0021,0x0022,
    0x0022,0x0021,0x0022,0x0022,0x0042,0x0022,0x0021,0x0022,0x0022,0x0022,0x0042,0x0022,0x0022,0x0022,0x0022,0x0022,
    0x0022,0x0022,0x0022,0x0022,0x0022,0x0022,0x0022,0x0022,0x0022,0x0022,0x0021,0x0022,0x0021,0x0021,0x0022,0x0022,
    0x0021,0x0021,0x0021,0x0021,0x0021,0x0022,0x0022,0x0022,0x0021,0x0022,0x0042,0x0021,0x0021,0x0021,0x0021,0x0001,
    0x0021,0x0021,0x0021,0x0022,0x0022,0x0022,0x0022,0x0022,0x0021,0x0022,0x0022,0x0022,0x0021,0x0022,0x0022,0x0022,
    0x0022,0x0042,0x0042,0x0022,0x0022,0x0022,0x0042,0x0042,0x0022,0x0022,0x0022,0x0022,0x0022,0x0022,0x0042,0x0042,
    0x0042,0x0042,0x0042,0x0022,0x0042,0x0042,0x0042,0x0042,0x0022,0x0042,0x0022,0x0022,0x0022,0x0022,0x0022,0x0022,
    0x0022,0x0022,0x0042,0x0042,0x0022,0x0022,0x0022,0x0022,0x0022,0x0022,0x0022,0x0022,0x0022,0x0022,0x0022,0x0022,
    0x0022,0x0042,0x0022,0x0022,0x0042,0x0042,0x0022,0x0042,0x0022,0x0022,0x0042,0x0042,0x0022,0x0022,0x0042,0x0042,
    0x0042,0x0043,0x0042,0x0042,0x0043,0x0042,0x0022,0x0042,0x0043,0x0043,0x0043,0x0043,0x0043,0x0043,0x0063,0x0063,
    0x0043,0x0063,0x0043,0x0043,0x0022,0x0022,0x0042,0x0043,0x0043,0x0022,0x0063,0x0064,0x218a,0x322c,0x0085,0x0085,
    0x0085,0x0085,0x0064,0x0084,0x0084,0x0084,0x0085,0x08a5,0x0085,0x0084,0x0085,0x0885,0x0084,0x08a5,0x00a5,0x08c6,
    0x00a5,0x08a5,0x08e6,0x08e7,0x2169,0x10c6,0x0084,0x0084,0x0084,0x0084,0x0084,0x08a5,0x0064,0x0064,0x0085,0x0909,
    0x0908,0x00e7,0x0109,0x094a,0x00e8,0x00e7,0x00e7,0x0929,0x0108,0x014a,0x014a,0x0129,0x0085,0x0928,0x096a,0x0969,
    0x00a5,0x0084,0x08e6,0x118a,0x0a4f,0x01ac,0x018b,0x018b,0x098b,0x0128,0x0108,0x0108,0x00e7,0x00e7,0x0928,0x0908,
    0x00e7,0x00e7,0x00e7,0x00e6,0x00a5,0x08c5,0x00a5,0x00e6,0x0107,0x0907,0x0907,0x0907,0x00e6,0x0928,0x0948,0x0948,
    0x11c9,0x1a2b,0x1a0b,0x11ca,0x11ea,0x11ca,0x1a6d,0x230f,0x1a8d,0x1aad,0x228d,0x11ca,0x08c5,0x08c5,0x08c5,0x0063,
    0x00c5,0x0907,0x1189,0x11aa,0x0948,0x0927,0x0927,0x08c5,0x0063,0x0084,0x11eb,0x1a8e,0x0989,0x0948,0x0906,0x00c5,
    0x0084,0x00a5,0x0907,0x00e6,0x0064,0x0022,0x00a5,0x00e6,0x0063,0x0127,0x09a9,0x0989,0x0107,0x00a5,0x0906,0x09ea,
    0x09c9,0x0968,0x0a0a,0x128c,0x09e9,0x0968,0x09c9,0x0a2a,0x09ea,0x09c9,0x0988,0x0947,0x0948,0x0948,0x0968,0x11ea,
    0x09a9,0x0989,0x0947,0x0947,0x0927,0x08c5,0x08e6,0x1127,0x1148,0x1148,0x0907,0x08a5,0x0084,0x0084,0x00a5,0x0084,
    0x0063,0x0064,0x0084,0x0084,0x0084,0x0063,0x0043,0x0063,0x0884,0x08a5,0x10e6,0x10e6,0x08a5,0x0063,0x0863,0x0884,
    0x0884,0x0885,0x08a5,0x08a5,0x0884,0x0063,0x0043,0x0864,0x0884,0x0884,0x0884,0x0063,0x0042,0x0043,0x0063,0x0043,
    0x0043,0x0022,0x0042,0x0042,0x0022,0x0021,0x0021,0x0021,0x0021,0x0022,0x0001,0x0021,0x0001,0x0021,0x0021,0x0021,
    0x0001,0x0001,0x0001,0x0001,0x0001,0x0021,0x0021,0x0021,0x0021,0x0021,0x0021,0x0021,0x0021,0x0022,0x0022,0x0022,
    0x0021,0x0021,0x0022,0x0022,0x0022,0x0022,0x0022,0x0022,0x0022,0x0022,0x0022,0x0883,0x0863,0x0022,0x0022,0x0022,
    0x0022,0x0022,0x0021,0x0022,0x0022,0x0022,0x0022,0x0022,0x0022,0x0022,0x0021,0x0022,0x0022,0x0022,0x0022,0x0022,
    0x0021,0x0022,0x0021,0x0021,0x0022,0x0021,0x0883,0x0883,0x0001,0x0022,0x0021,0x0021,0x0021,0x0021,0x0001,0x0021,
    0x0021,0x0021,0x0021,0x0021,0x0021,0x0022,0x0022,0x0022,0x0022,0x0022,0x0022,0x0022,0x0022,0x0022,0x0022,0x0022,
    0x0022,0x0022,0x0022,0x0022,0x0022,0x0042,0x0022,0x0022,0x0022,0x0022,0x0022,0x0022,0x0022,0x0022,0x0022,0x0042,
    0x0042,0x0022,0x0042,0x0022,0x0022,0x0042,0x0042,0x0022,0x0042,0x0022,0x0022,0x0022,0x0022,0x0022,0x0022,0x0022,
    0x0022,0x0022,0x0022,0x0022,0x0022,0x0022,0x0022,0x0022,0x0022,0x0022,0x0022,0x0022,0x0022,0x0022,0x0022,0x0022,
    0x0022,0x0042,0x0042,0x0022,0x0022,0x0022,0x0022,0x0042,0x0042,0x0042,0x0022,0x0042,0x0022,0x0022,0x0042,0x0042,
    0x0042,0x0043,0x0022,0x0042,0x0042,0x0042,0x0042,0x0043,0x0043,0x0042,0x0043,0x0043,0x0043,0x0043,0x0063,0x0064,
    0x0063,0x0064,0x0063,0x0022,0x0022,0x0042,0x0042,0x0043,0x0063,0x0042,0x0084,0x0085,0x0065,0x0065,0x0085,0x0064,
    0x0085,0x0084,0x0064,0x0064,0x0064,0x0084,0x0085,0x0085,0x0085,0x0085,0x00a5,0x0085,0x0064,0x00a5,0x08c7,0x00a5,
    0x08a5,0x0085,0x08a5,0x0907,0x1949,0x08a5,0x0884,0x0084,0x0084,0x08c6,0x00c7,0x0064,0x0063,0x0084,0x00a6,0x08e7,
    0x00e8,0x0109,0x118b,0x098c,0x014b,0x00e8,0x0109,0x014a,0x0109,0x0129,0x012a,0x014a,0x00e6,0x0949,0x0169,0x0927,
    0x0907,0x0927,0x098a,0x09ed,0x01ac,0x01ac,0x01ac,0x09ac,0x016a,0x0108,0x0108,0x0949,0x0928,0x0108,0x0108,0x00e7,
    0x00e7,0x00e7,0x00e7,0x00e7,0x00a5,0x00a5,0x00e6,0x0107,0x00c5,0x00c6,0x0927,0x00e6,0x00c6,0x0928,0x0948,0x0948,
    0x11ea,0x120a,0x11ea,0x0948,0x11ca,0x120b,0x22ce,0x2b0f,0x230f,0x22ef,0x1a6d,0x11ea,0x0948,0x0084,0x11a9,0x0084,
    0x0084,0x09aa,0x120b,0x11eb,0x1a4c,0x0948,0x0906,0x08e6,0x0063,0x00a4,0x0968,0x0989,0x0969,0x0927,0x0907,0x00c5,
    0x00c5,0x00a4,0x0907,0x00a4,0x0063,0x0042,0x0063,0x0084,0x0106,0x11ea,0x09ca,0x0989,0x0968,0x0988,0x0948,0x0106,
    0x0988,0x09ea,0x0a4b,0x0a2a,0x0988,0x0927,0x0947,0x0a2b,0x128c,0x0a2b,0x122b,0x09a9,0x0968,0x0989,0x09a9,0x09c9,
    0x0988,0x0927,0x0907,0x0968,0x0968,0x0907,0x0927,0x1127,0x1127,0x1128,0x1127,0x08a5,0x0084,0x08a5,0x08a5,0x00a5,
    0x0084,0x0063,0x0064,0x0084,0x0084,0x0084,0x0063,0x0043,0x0884,0x08c5,0x08c6,0x10e6,0x10e6,0x08a4,0x0863,0x0884,
    0x08c5,0x08a5,0x0084,0x0884,0x08a5,0x0884,0x0884,0x08c5,0x08c5,0x10c5,0x0864,0x0063,0x0043,0x0042,0x0043,0x0043,
    0x0022,0x0022,0x0021,0x0022,0x0022,0x0021,0x0021,0x0021,0x0021,0x0021,0x0021,0x0001,0x0021,0x0001,0x0021,0x0001,
    0x0001,0x0021,0x0001,0x0021,0x0021,0x0021,0x0021,0x0021,0x0021,0x0021,0x0021,0x0021,0x0001,0x0021,0x0021,0x0021,
    0x0021,0x0021,0x0021,0x0021,0x0022,0x0022,0x0022,0x0022,0x0022,0x0022,0x0022,0x1083,0x0863,0x0022,0x0022,0x0022,
    0x0022,0x0021,0x0022,0x0021,0x0022,0x0022,0x0022,0x0022,0x0022,0x0022,0x0022,0x0022,0x0021,0x0021,0x0022,0x0021,
    0x0021,0x0021,0x0022,0x0022,0x0021,0x0021,0x0021,0x0021,0x0021,0x0022,0x0042,0x0022,0x0022,0x0022,0x0022,0x0021,
    0x0022,0x0022,0x0021,0x0021,0x0021,0x0021,0x0022,0x0022,0x0022,0x0022,0x0022,0x0022,0x0022,0x0022,0x0022,0x0022,
    0x0022,0x0022,0x0022,0x0022,0x0022,0x0022,0x0022,0x0022,0x0022,0x0022,0x0042,0x0022,0x0022,0x0022,0x0022,0x0022,
    0x0022,0x0022,0x0022,0x0022,0x0022,0x0022,0x0022,0x0022,0x0042,0x0042,0x0022,0x0022,0x0022,0x0022,0x0022,0x0022,
    0x0022,0x0022,0x0862,0x0883,0x0022,0x0022,0x0022,0x0022,0x0022,0x0022,0x0022,0x0022,0x0022,0x0022,0x0022,0x0022,
    0x0022,0x0022,0x0022,0x0022,0x0022,0x0022,0x0022,0x0022,0x0022,0x0022,0x0022,0x0042,0x0042,0x0022,0x0043,0x0043,
    0x0022,0x0022,0x0042,0x0042,0x0042,0x0042,0x0042,0x0042,0x0043,0x0043,0x0043,0x0043,0x0063,0x0043,0x0043,0x0043,
    0x0884,0x0064,0x0064,0x0042,0x0022,0x0042,0x0042,0x0043,0x0043,0x0064,0x0085,0x0064,0x0064,0x0064,0x0085,0x0085,
    0x0085,0x0064,0x0043,0x0884,0x0884,0x0064,0x0064,0x0084,0x0885,0x08a5,0x08a5,0x08a6,0x0084,0x0085,0x08e7,0x08e7,
    0x08c6,0x08e7,0x00c6,0x00c6,0x08c6,0x0885,0x0884,0x08a5,0x08e8,0x08c7,0x0909,0x00a6,0x0084,0x00a6,0x00e8,0x00c7,
    0x00c7,0x00c7,0x0949,0x096b,0x016b,0x016b,0x018c,0x018d,0x00c7,0x0084,0x0129,0x096a,0x00a5,0x0907,0x220a,0x124e,
    0x124f,0x09cc,0x09ec,0x01ac,0x0149,0x018b,0x014a,0x0129,0x0128,0x0108,0x0128,0x0108,0x0108,0x0128,0x0107,0x00e6,
    0x00e7,0x0108,0x00c6,0x00a5,0x00a5,0x0084,0x00e6,0x00c6,0x00c5,0x00e6,0x0907,0x00c5,0x08e6,0x0948,0x0927,0x0927,
    0x09a9,0x122b,0x124c,0x11ca,0x11c9,0x11a9,0x120a,0x1a4c,0x11ea,0x11ca,0x11ca,0x1a2c,0x11a9,0x00a4,0x1a2b,0x1188,
    0x08e5,0x09a9,0x09ca,0x09eb,0x124c,0x09aa,0x00e5,0x08e6,0x0063,0x0083,0x0927,0x0927,0x0927,0x0083,0x00a4,0x00e6,
    0x00a5,0x0063,0x00c5,0x0084,0x0022,0x0042,0x0084,0x0042,0x0083,0x120b,0x0a0b,0x120b,0x09a9,0x0988,0x09c9,0x0967,
    0x0947,0x0a0a,0x124b,0x126b,0x09a9,0x0947,0x0947,0x09c9,0x126c,0x126c,0x128c,0x11ea,0x11c9,0x11c9,0x09a9,0x0988,
    0x0988,0x0906,0x0906,0x0947,0x0968,0x1168,0x1148,0x1168,0x1168,0x0907,0x0907,0x08e6,0x08c5,0x08a5,0x0084,0x00a5,
    0x00a5,0x0084,0x0063,0x0063,0x0063,0x0063,0x0063,0x0063,0x0043,0x10c5,0x10c5,0x08c5,0x10e6,0x08c5,0x08a4,0x08a5,
    0x10e6,0x10c6,0x08a5,0x08a5,0x10c6,0x10e6,0x08c6,0x08e6,0x08c6,0x08a5,0x0864,0x0063,0x0063,0x0043,0x0043,0x0042,
    0x0021,0x0022,0x0021,0x0021,0x0021,0x0021,0x0022,0x0022,0x0021,0x0001,0x0021,0x0001,0x0001,0x0021,0x0021,0x0021,
    0x0021,0x0021,0x0001,0x0021,0x0021,0x0021,0x0021,0x0021,0x0021,0x0021,0x0021,0x0021,0x0862,0x0022,0x0021,0x0022,
    0x0022,0x0022,0x0021,0x0021,0x0021,0x0021,0x0022,0x0022,0x0022,0x0022,0x0022,0x0022,0x0022,0x0022,0x0022,0x0022,
    0x0022,0x0021,0x0021,0x0021,0x0022,0x0021,0x0042,0x0022,0x0022,0x0022,0x0022,0x0022,0x0022,0x0021,0x0021,0x0021,
    0x0022,0x0021,0x0021,0x0022,0x0021,0x0021,0x0001,0x0001,0x0022,0x0042,0x0042,0x0022,0x0022,0x0042,0x0022,0x0021,
    0x0022,0x0022,0x0021,0x0021,0x0021,0x0021,0x0022,0x0021,0x0021,0x0021,0x0022,0x0022,0x0022,0x0022,0x0022,0x0022,
    0x0022,0x0022,0x0022,0x0022,0x0022,0x0022,0x0022,0x0022,0x0022,0x0022,0x0022,0x0022,0x0042,0x0022,0x0042,0x0042,
    0x0022,0x0022,0x0022,0x0022,0x0022,0x0042,0x0022,0x0022,0x0042,0x0022,0x0022,0x0042,0x0022,0x0042,0x0022,0x0042,
    0x0042,0x0042,0x0042,0x0042,0x0022,0x0022,0x0022,0x0021,0x0021,0x0022,0x0022,0x0022,0x0022,0x0022,0x0022,0x0022,
    0x0022,0x0022,0x0022,0x0022,0x0022,0x0022,0x0022,0x0022,0x0022,0x0022,0x0022,0x0022,0x0022,0x0863,0x0863,0x0022,
    0x0042,0x0022,0x0043,0x0063,0x0022,0x0043,0x0042,0x0042,0x0043,0x0043,0x0863,0x1084,0x0063,0x0043,0x0043,0x0043,
    0x0043,0x0043,0x0064,0x0064,0x0063,0x0064,0x0043,0x0064,0x0064,0x0085,0x0085,0x0063,0x0043,0x0064,0x0064,0x0043,
    0x0064,0x0043,0x0043,0x0064,0x0064,0x0064,0x0064,0x0084,0x0085,0x0085,0x0085,0x08a5,0x00a5,0x0064,0x00c6,0x08e8,
    0x08e7,0x08e8,0x00c7,0x00a6,0x0084,0x08c6,0x10c6,0x08e7,0x08e8,0x08e7,0x0909,0x00a6,0x0084,0x00c6,0x0909,0x00e8,
    0x00a5,0x00a6,0x012a,0x09ad,0x018c,0x018d,0x01ad,0x0129,0x0064,0x00e8,0x098b,0x096a,0x00a5,0x1189,0x2a8e,0x0a0e,
    0x09ee,0x098b,0x09cc,0x09ab,0x0149,0x0949,0x0128,0x0149,0x0108,0x00e7,0x0108,0x0107,0x00e7,0x00e7,0x00e6,0x00c6,
    0x00e6,0x00e6,0x00c6,0x00a5,0x00a4,0x0084,0x0106,0x0106,0x00c5,0x0107,0x0927,0x0927,0x0948,0x0928,0x0907,0x0907,
    0x0a0b,0x124c,0x128c,0x120a,0x0988,0x11a9,0x1a2b,0x11ea,0x11c9,0x126c,0x1a2b,0x1a8d,0x1a4c,0x0927,0x19eb,0x1188,
    0x0906,0x11c9,0x09a9,0x09aa,0x0948,0x0969,0x00e5,0x0906,0x0083,0x0063,0x0907,0x00a4,0x0907,0x0906,0x00a5,0x00c5,
    0x0084,0x0043,0x0084,0x0083,0x0022,0x0022,0x08e6,0x0083,0x0084,0x124c,0x22ce,0x126c,0x120b,0x11ea,0x0a0a,0x09e9,
    0x124b,0x0aac,0x128c,0x12ed,0x0a2b,0x09c9,0x09a9,0x124b,0x12cd,0x128c,0x124b,0x11c9,0x11a9,0x11ea,0x11ea,0x11ea,
    0x09a9,0x08e6,0x0906,0x0927,0x0927,0x1168,0x1168,0x1189,0x0947,0x0907,0x1128,0x08c6,0x00a5,0x08a5,0x0064,0x00a5,
    0x08c5,0x00a5,0x0064,0x0063,0x0063,0x0043,0x0043,0x0042,0x0063,0x10c5,0x0884,0x0063,0x08a5,0x08c6,0x08a5,0x08c5,
    0x10e6,0x10e6,0x10c5,0x10c6,0x1907,0x1107,0x10e6,0x08e6,0x10e6,0x08c5,0x0884,0x0863,0x0864,0x0884,0x0063,0x0042,
    0x0022,0x0022,0x0021,0x0021,0x0022,0x0022,0x0042,0x0042,0x0021,0x0001,0x0021,0x0021,0x0001,0x0021,0x0021,0x0021,
    0x0021,0x0021,0x0021,0x0001,0x0021,0x0021,0x0021,0x0021,0x0022,0x0021,0x0021,0x0001,0x18a3,0x0042,0x0001,0x0022,
    0x0022,0x0042,0x0021,0x0021,0x0021,0x0021,0x0022,0x0022,0x0022,0x0022,0x0022,0x0022,0x0022,0x0022,0x0021,0x0021,
    0x0021,0x0021,0x0021,0x0021,0x0021,0x0001,0x10a3,0x0022,0x0021,0x0022,0x0022,0x0022,0x0021,0x0021,0x0021,0x0021,
    0x0021,0x0021,0x0022,0x0021,0x0021,0x0001,0x0021,0x0021,0x0042,0x0022,0x0042,0x0042,0x0022,0x0022,0x0042,0x0021,
    0x0021,0x0022,0x0021,0x0021,0x0021,0x0022,0x0022,0x0022,0x0021,0x0021,0x0022,0x0022,0x0022,0x0022,0x0022,0x0022,
    0x0022,0x0022,0x0022,0x0022,0x0022,0x0022,0x0022,0x0022,0x0022,0x0022,0x0022,0x0022,0x0022,0x0042,0x0022,0x0022,
    0x0022,0x0022,0x0022,0x0022,0x0022,0x0042,0x0022,0x0042,0x0042,0x0022,0x0022,0x0022,0x0022,0x0022,0x0042,0x0042,
    0x0022,0x0022,0x0022,0x0022,0x0022,0x0022,0x0021,0x0883,0x10c4,0x0021,0x0022,0x0022,0x0022,0x0022,0x0022,0x0022,
    0x0022,0x0022,0x0022,0x0022,0x0022,0x0022,0x0022,0x0022,0x0022,0x0022,0x0022,0x0042,0x0022,0x0022,0x0042,0x0042,
    0x0042,0x0042,0x0042,0x0042,0x0042,0x0042,0x0042,0x0042,0x0043,0x0043,0x18c4,0x39a7,0x0063,0x0043,0x0043,0x0043,
    0x0042,0x0063,0x0064,0x0064,0x0084,0x0085,0x0064,0x0064,0x0064,0x0064,0x0085,0x0064,0x0063,0x0064,0x0063,0x0064,
    0x0043,0x0043,0x0043,0x0064,0x0064,0x0064,0x0063,0x0064,0x0064,0x0084,0x0085,0x00a6,0x00a6,0x0085,0x00a5,0x00c6,
    0x00c6,0x00e7,0x08e8,0x08a6,0x0085,0x08a5,0x10c6,0x08e7,0x116a,0x118b,0x0929,0x00c6,0x00a5,0x08c6,0x08e7,0x092a,
    0x0908,0x0109,0x092a,0x098d,0x014b,0x0085,0x00c6,0x0064,0x0085,0x0129,0x09ac,0x0929,0x0084,0x1169,0x09cc,0x01ee,
    0x09ed,0x09cc,0x09cc,0x09cb,0x0949,0x0149,0x014a,0x096a,0x0108,0x00e7,0x00c6,0x00c6,0x00e7,0x00e6,0x00e6,0x00e6,
    0x00e6,0x00c5,0x0906,0x00a5,0x00a4,0x0084,0x00c5,0x0106,0x08e6,0x00e6,0x0928,0x0948,0x0927,0x0907,0x0907,0x0907,
    0x09a9,0x122b,0x128c,0x11ea,0x0927,0x11c9,0x124b,0x122b,0x126c,0x12ee,0x1aee,0x122c,0x11ca,0x122c,0x11a9,0x0947,
    0x0927,0x0988,0x09a9,0x0988,0x00a5,0x0063,0x0063,0x00a5,0x0084,0x00c5,0x00a4,0x0085,0x00a5,0x0948,0x098a,0x00e6,
    0x0084,0x0083,0x0043,0x0063,0x0042,0x0022,0x1188,0x08a4,0x0968,0x1ace,0x1a8d,0x11ea,0x120a,0x128c,0x128c,0x124b,
    0x120a,0x124b,0x12ad,0x136f,0x12ee,0x09c9,0x09e9,0x12cd,0x234f,0x236f,0x0a6c,0x122b,0x11ea,0x122b,0x126c,0x11ea,
    0x1189,0x0906,0x0906,0x0927,0x1188,0x1168,0x1148,0x1169,0x0928,0x08c6,0x0907,0x08c6,0x08c5,0x08c5,0x0063,0x0084,
    0x08c5,0x08c5,0x0064,0x0043,0x0043,0x0043,0x0043,0x0022,0x0043,0x0064,0x08a5,0x0043,0x0884,0x08a5,0x08a5,0x08c5,
    0x1907,0x10c5,0x0063,0x0884,0x08a5,0x1927,0x10e7,0x10e6,0x10e6,0x10c6,0x10c6,0x08a5,0x0063,0x0043,0x0043,0x0043,
    0x0022,0x0022,0x0022,0x0042,0x0043,0x0042,0x0022,0x0042,0x0021,0x0021,0x0021,0x0021,0x0001,0x0001,0x0022,0x0021,
    0x0021,0x0021,0x0021,0x0021,0x0021,0x0021,0x0021,0x0021,0x0021,0x0842,0x0042,0x0001,0x0001,0x0021,0x0022,0x0022,
    0x0022,0x0042,0x0021,0x0021,0x0021,0x0022,0x0022,0x0021,0x0022,0x0022,0x0022,0x0022,0x0022,0x0021,0x0021,0x0021,
    0x0021,0x0021,0x0021,0x0001,0x0021,0x0021,0x0001,0x0021,0x0021,0x0022,0x0022,0x0021,0x0021,0x0021,0x0021,0x0021,
    0x0021,0x0022,0x0021,0x0022,0x0001,0x0001,0x0001,0x0021,0x0042,0x0022,0x320a,0x29a8,0x0001,0x0042,0x0022,0x0021,
    0x0021,0x0021,0x0021,0x0021,0x0021,0x0021,0x0022,0x0022,0x0021,0x0022,0x0022,0x0022,0x0022,0x0022,0x0022,0x0022,
    0x0022,0x0022,0x0022,0x0022,0x0022,0x0022,0x0022,0x0022,0x0022,0x0022,0x0022,0x0022,0x0022,0x0022,0x0022,0x0022,
    0x0022,0x0022,0x0022,0x0042,0x0022,0x0042,0x0022,0x0042,0x0042,0x0022,0x0022,0x0022,0x0022,0x0042,0x0042,0x0042,
    0x0022,0x0022,0x0022,0x0042,0x0022,0x0022,0x0021,0x0042,0x0863,0x0022,0x0022,0x0022,0x0022,0x0022,0x0022,0x0022,
    0x0022,0x0022,0x0022,0x0022,0x0022,0x0022,0x0022,0x0042,0x0022,0x0022,0x0022,0x0022,0x0042,0x0022,0x0022,0x0042,
    0x0042,0x0042,0x0022,0x0042,0x0042,0x0022,0x0042,0x0042,0x0043,0x0043,0x0063,0x0863,0x0043,0x0043,0x0043,0x0042,
    0x0863,0x0884,0x0064,0x0064,0x0064,0x0085,0x0063,0x0064,0x0064,0x0085,0x0085,0x0064,0x0043,0x0043,0x0043,0x0063,
    0x0022,0x0043,0x0043,0x0043,0x0064,0x0043,0x0063,0x0063,0x0064,0x0064,0x0084,0x00a6,0x00c7,0x00a6,0x00a6,0x00c7,
    0x00c7,0x00c7,0x112a,0x08e8,0x0085,0x08a5,0x10e7,0x1129,0x11ac,0x118c,0x08e7,0x112a,0x0929,0x08e7,0x0909,0x094a,
    0x096b,0x00e7,0x0043,0x0085,0x0085,0x0022,0x0043,0x0084,0x08e7,0x1108,0x08c6,0x00a5,0x0928,0x08c6,0x098b,0x0a50,
    0x09cd,0x09cc,0x09cc,0x09ec,0x098a,0x0149,0x0149,0x0129,0x0128,0x00c6,0x00c6,0x00a5,0x00c6,0x00c6,0x00e6,0x00c6,
    0x00c6,0x00c5,0x00e6,0x00c5,0x00a4,0x0084,0x0084,0x00a4,0x00e6,0x00c5,0x00e6,0x00e6,0x0906,0x08e6,0x08e6,0x08e6,
    0x0988,0x122b,0x126c,0x11ca,0x0927,0x120a,0x128c,0x124c,0x12ad,0x12ce,0x1ace,0x124c,0x11ea,0x2b50,0x11ea,0x0968,
    0x08e6,0x00c5,0x0968,0x09ca,0x1a6d,0x1a4c,0x08c5,0x08e6,0x0063,0x00a4,0x0084,0x08e6,0x00c6,0x0969,0x09aa,0x0107,
    0x00a5,0x0084,0x0042,0x0042,0x0042,0x0022,0x0084,0x0083,0x09c9,0x1b2f,0x12ad,0x124b,0x1acd,0x2b91,0x126c,0x09a9,
    0x0947,0x0927,0x0989,0x128d,0x12ad,0x09c9,0x0988,0x0988,0x1a8c,0x236f,0x12ed,0x128c,0x126c,0x12ac,0x1a8c,0x11a9,
    0x1148,0x0927,0x0947,0x0968,0x0906,0x0906,0x0907,0x08e6,0x08c6,0x00a5,0x08e6,0x08e6,0x08c5,0x08c6,0x00a5,0x0084,
    0x0884,0x08a5,0x0085,0x0063,0x0043,0x0043,0x0043,0x0042,0x0022,0x0022,0x0043,0x0064,0x0063,0x08a5,0x08a5,0x0884,
    0x10a5,0x0063,0x0042,0x0042,0x0042,0x10c5,0x08a5,0x08a4,0x10e6,0x1906,0x10c6,0x0885,0x0043,0x0043,0x0043,0x0042,
    0x0022,0x0022,0x0042,0x0043,0x0042,0x0022,0x0042,0x0042,0x0021,0x0022,0x0022,0x0021,0x0001,0x0001,0x0021,0x0001,
    0x0022,0x0022,0x0021,0x0021,0x0021,0x0021,0x0021,0x0021,0x0022,0x0022,0x0022,0x0021,0x0022,0x0021,0x0022,0x0022,
    0x0021,0x0021,0x0022,0x0022,0x0022,0x0022,0x0022,0x0021,0x0001,0x0021,0x0022,0x0022,0x0021,0x0021,0x0001,0x0001,
    0x0001,0x0021,0x0001,0x0001,0x0021,0x0021,0x0021,0x0021,0x0021,0x0021,0x0001,0x0021,0x0021,0x0021,0x0021,0x0021,
    0x0021,0x0021,0x0021,0x0021,0x0021,0x0021,0x0021,0x0021,0x0021,0x0022,0x2188,0x2167,0x0021,0x0042,0x0022,0x0001,
    0x0021,0x0042,0x0021,0x0021,0x0021,0x0021,0x0022,0x0022,0x0022,0x0021,0x0021,0x0022,0x0022,0x0022,0x0022,0x0022,
    0x0022,0x0022,0x0022,0x0022,0x0022,0x0022,0x0022,0x0022,0x0022,0x0022,0x0022,0x0022,0x0022,0x0022,0x0022,0x0022,
    0x0022,0x0022,0x0863,0x0042,0x0022,0x0042,0x0022,0x0042,0x0022,0x0022,0x0022,0x0022,0x0022,0x0042,0x0042,0x0022,
    0x0042,0x0042,0x0042,0x0042,0x0042,0x0042,0x0022,0x0022,0x0043,0x0022,0x0022,0x0022,0x0022,0x0022,0x0063,0x0042,
    0x0022,0x0022,0x0022,0x0022,0x0022,0x0022,0x0022,0x0022,0x0022,0x0022,0x0042,0x0022,0x0022,0x0022,0x0022,0x0022,
    0x0042,0x0042,0x0042,0x0042,0x0022,0x0022,0x0022,0x0042,0x0042,0x0042,0x0042,0x0043,0x0042,0x0042,0x0043,0x0043,
    0x0043,0x0064,0x0064,0x0043,0x0064,0x0064,0x0064,0x0064,0x0064,0x0085,0x0064,0x0064,0x0063,0x0022,0x0022,0x0022,
    0x0023,0x0022,0x0043,0x0043,0x0043,0x0044,0x0043,0x0064,0x0064,0x0064,0x0085,0x0085,0x00a6,0x00c7,0x00c7,0x0909,
    0x012a,0x0109,0x094b,0x0929,0x08a6,0x18c7,0x10e8,0x114b,0x118d,0x116b,0x1129,0x114b,0x0909,0x0909,0x0909,0x092a,
    0x118d,0x08e7,0x0863,0x0884,0x0063,0x0084,0x00a6,0x0084,0x0085,0x116a,0x114a,0x0949,0x096a,0x0908,0x09ac,0x0a0e,
    0x0a0e,0x09cc,0x01ab,0x018b,0x016a,0x018a,0x09ec,0x09cc,0x0128,0x00c5,0x00c5,0x00a5,0x00e6,0x00e6,0x00c5,0x00e6,
    0x00e6,0x00c5,0x00a5,0x00a4,0x0084,0x00a4,0x00a4,0x0084,0x0084,0x00e6,0x00e6,0x00c5,0x00e6,0x0907,0x0907,0x08e6,
    0x11ea,0x124c,0x126c,0x122b,0x11ea,0x1aad,0x1aee,0x12cd,0x12ee,0x12ee,0x12ad,0x1a8d,0x1a4c,0x1aad,0x11a9,0x11a9,
    0x00c5,0x08e6,0x11cb,0x126e,0x2330,0x228d,0x1148,0x0948,0x00a5,0x0084,0x0063,0x0063,0x00c5,0x0989,0x09ca,0x0989,
    0x00c6,0x0907,0x0084,0x0042,0x0022,0x0042,0x0043,0x0083,0x0947,0x2bb0,0x1b0e,0x1b0e,0x12cd,0x120b,0x09ea,0x09ea,
    0x0988,0x0947,0x0968,0x09a9,0x09ea,0x09c9,0x120a,0x0127,0x09c9,0x1b2e,0x12cd,0x12cd,0x1aee,0x1aee,0x1a6b,0x1188,
    0x1148,0x1148,0x11ca,0x11c9,0x08e6,0x00a5,0x08c5,0x00a5,0x00a5,0x08a5,0x08c6,0x0928,0x08e6,0x08c5,0x08e7,0x0084,
    0x0884,0x08a5,0x0885,0x0084,0x0043,0x0043,0x0043,0x0042,0x0022,0x0022,0x0022,0x0042,0x0042,0x0063,0x0884,0x0063,
    0x0042,0x0063,0x0022,0x0022,0x0022,0x0884,0x0884,0x0043,0x08a5,0x10e6,0x10a5,0x08a5,0x0884,0x0063,0x0063,0x0043,
    0x0043,0x0042,0x0043,0x0042,0x0042,0x0022,0x0022,0x0042,0x0021,0x0042,0x0022,0x0022,0x0021,0x0001,0x0021,0x0042,
    0x0022,0x0022,0x0022,0x0042,0x0022,0x0022,0x0022,0x0021,0x0022,0x0021,0x0021,0x0021,0x0021,0x0021,0x0021,0x0022,
    0x0022,0x0022,0x0022,0x0022,0x0022,0x0022,0x0022,0x0021,0x0021,0x0022,0x0021,0x0042,0x0022,0x0021,0x0021,0x0021,
    0x0001,0x0021,0x0001,0x0001,0x0021,0x0021,0x0021,0x0021,0x0021,0x0021,0x0001,0x0021,0x0021,0x0021,0x0021,0x0021,
    0x0021,0x0021,0x0042,0x0001,0x0021,0x0001,0x0021,0x0021,0x0021,0x0021,0x0001,0x0022,0x0042,0x0022,0x0021,0x0021,
    0x0001,0x0021,0x0021,0x0021,0x0021,0x0022,0x0021,0x0021,0x0022,0x0021,0x0021,0x0021,0x0021,0x0021,0x0022,0x0022,
    0x0022,0x0022,0x0022,0x0022,0x0022,0x0022,0x0022,0x0042,0x0022,0x0022,0x0022,0x0022,0x0022,0x0022,0x0022,0x0042,
    0x0022,0x0022,0x0022,0x0022,0x0022,0x0022,0x0022,0x0022,0x0022,0x0022,0x0022,0x0022,0x0022,0x0022,0x0022,0x0042,
    0x0063,0x0063,0x0062,0x0042,0x0063,0x0063,0x0063,0x0042,0x0042,0x0022,0x0022,0x0022,0x0022,0x0022,0x0042,0x0042,
    0x0022,0x0022,0x0022,0x0022,0x0022,0x0042,0x0022,0x0022,0x0022,0x0022,0x0022,0x0022,0x0022,0x0022,0x0022,0x0022,
    0x0042,0x0042,0x0042,0x0042,0x0022,0x0022,0x0042,0x0042,0x0022,0x0042,0x0042,0x0022,0x0042,0x0043,0x0043,0x0043,
    0x0884,0x0064,0x0063,0x0043,0x0064,0x0043,0x0063,0x0064,0x0064,0x0085,0x0043,0x0043,0x0043,0x0022,0x0022,0x0863,
    0x0043,0x0022,0x0022,0x0043,0x0063,0x0064,0x0064,0x0064,0x0085,0x0085,0x0085,0x0085,0x0085,0x00a6,0x00e9,0x094b,
    0x096c,0x116b,0x0909,0x0908,0x08c6,0x10e8,0x10e9,0x116c,0x116c,0x114b,0x114b,0x116d,0x08e8,0x08e8,0x092a,0x118d,
    0x0929,0x0064,0x0043,0x0043,0x0063,0x0085,0x08c6,0x08c6,0x0908,0x0929,0x0908,0x0949,0x094a,0x0908,0x0949,0x122f,
    0x124f,0x09ed,0x018a,0x018a,0x018b,0x09cc,0x09ec,0x09aa,0x0107,0x00c5,0x00a5,0x00c5,0x00e6,0x00e6,0x0106,0x0127,
    0x0106,0x00e6,0x00a4,0x00a4,0x0084,0x0084,0x0084,0x00a5,0x00e6,0x0927,0x0907,0x00c5,0x0907,0x0907,0x0907,0x08e6,
    0x11ea,0x124b,0x128d,0x122b,0x124b,0x12ee,0x130e,0x1aed,0x1b0e,0x1b0e,0x1aee,0x1a6c,0x1a8d,0x1a6c,0x0947,0x1188,
    0x0906,0x1189,0x1a6d,0x1a8e,0x22f0,0x1a8d,0x0947,0x00c5,0x0084,0x0084,0x0084,0x0084,0x0107,0x122c,0x0a4d,0x0a0c,
    0x0927,0x0948,0x00c5,0x0022,0x0042,0x0063,0x00c5,0x0967,0x11ea,0x3412,0x44b5,0x1b90,0x1b2f,0x0a4c,0x0a0b,0x0a0b,
    0x09c9,0x00e5,0x00c4,0x1188,0x124b,0x0989,0x0968,0x0927,0x124b,0x1b6f,0x12ad,0x126c,0x33b0,0x232e,0x126c,0x11c9,
    0x11c9,0x1a4b,0x124b,0x0969,0x0927,0x00a5,0x00a5,0x0085,0x00a5,0x08c6,0x08e6,0x0907,0x0907,0x08c5,0x08e6,0x0084,
    0x0063,0x0063,0x0885,0x0085,0x0043,0x0043,0x0043,0x0043,0x0022,0x0022,0x0042,0x0042,0x0022,0x0022,0x0043,0x0043,
    0x0043,0x0043,0x0043,0x0042,0x0042,0x0863,0x08a5,0x0063,0x0043,0x1906,0x10e6,0x08a5,0x08a4,0x0063,0x0064,0x0043,
    0x0042,0x0022,0x0042,0x0043,0x0063,0x0043,0x0022,0x0022,0x0022,0x0022,0x0022,0x0021,0x0001,0x0001,0x0022,0x0022,
    0x0022,0x0842,0x0042,0x0842,0x0842,0x0022,0x0042,0x0022,0x0022,0x0021,0x0022,0x0021,0x0021,0x0021,0x0021,0x0022,
    0x0022,0x0022,0x0022,0x0042,0x0022,0x0022,0x0042,0x0022,0x0021,0x0021,0x0022,0x0021,0x0021,0x0021,0x0021,0x0021,
    0x0021,0x0021,0x0001,0x0001,0x0021,0x0021,0x0021,0x0021,0x0021,0x0021,0x0001,0x0021,0x0021,0x0021,0x0021,0x0021,
    0x0001,0x0021,0x0021,0x0001,0x0021,0x0001,0x0021,0x0021,0x0022,0x0022,0x0022,0x0022,0x0042,0x0021,0x0021,0x0021,
    0x0021,0x0022,0x0001,0x0021,0x0021,0x0021,0x0021,0x0021,0x0021,0x0021,0x0021,0x0021,0x0021,0x0021,0x0022,0x0021,
    0x0022,0x0022,0x0022,0x0022,0x0022,0x0022,0x0022,0x0022,0x0022,0x0022,0x0022,0x0022,0x0022,0x0022,0x0022,0x0022,
    0x0022,0x0042,0x0022,0x0022,0x0022,0x0022,0x0022,0x0022,0x0022,0x0022,0x0022,0x0022,0x0022,0x0042,0x0042,0x0883,
    0x0063,0x0063,0x0083,0x0883,0x0063,0x0063,0x0084,0x0063,0x0022,0x0022,0x0042,0x0042,0x0022,0x0022,0x0042,0x0042,
    0x0042,0x0022,0x0022,0x0022,0x0022,0x0022,0x0022,0x0022,0x0022,0x0022,0x0022,0x0022,0x0022,0x0022,0x0022,0x0022,
    0x0022,0x0022,0x0042,0x0022,0x0042,0x0022,0x0043,0x0043,0x0042,0x0042,0x0042,0x0022,0x0043,0x0043,0x0043,0x0043,
    0x0064,0x0043,0x0043,0x0063,0x0043,0x0043,0x0043,0x0063,0x0064,0x0043,0x0022,0x0022,0x0022,0x0022,0x0022,0x0863,
    0x0043,0x0022,0x0022,0x0043,0x0064,0x0043,0x0064,0x0064,0x0085,0x0085,0x0085,0x0085,0x0085,0x00c6,0x010a,0x096c,
    0x098d,0x094b,0x08e8,0x08c6,0x08e8,0x10e8,0x08e9,0x112a,0x114b,0x114b,0x114b,0x114b,0x08c7,0x08e7,0x092a,0x112a,
    0x10c7,0x08a6,0x0064,0x0043,0x0084,0x08a5,0x08c6,0x08e7,0x0929,0x08e7,0x08e6,0x08e7,0x0929,0x0929,0x1149,0x1a70,
    0x124f,0x0a2e,0x09ab,0x0149,0x0149,0x0149,0x0989,0x00e6,0x0106,0x0148,0x0106,0x0106,0x0168,0x0169,0x0128,0x0127,
    0x0106,0x00e5,0x00a4,0x00a4,0x00c5,0x00c5,0x0927,0x0948,0x0948,0x0927,0x08e6,0x0907,0x1169,0x1148,0x0907,0x0907,
    0x09ea,0x124c,0x1ace,0x1aad,0x0a2b,0x12ee,0x132e,0x1b0e,0x1b0e,0x1b2e,0x1aad,0x124b,0x2370,0x1a8d,0x09a9,0x0968,
    0x11ca,0x122c,0x122c,0x1a2d,0x1a8e,0x2371,0x1188,0x00c5,0x0106,0x00a4,0x08e6,0x0927,0x0948,0x0989,0x2b71,0x2351,
    0x00e6,0x0906,0x00a4,0x0001,0x0043,0x00a5,0x00e6,0x00e6,0x0106,0x11c9,0x23b1,0x130f,0x12cd,0x1b0f,0x126c,0x09c9,
    0x09ea,0x0926,0x00a5,0x00c5,0x09aa,0x09ca,0x00e6,0x09ea,0x2b8f,0x234e,0x126b,0x11a9,0x3b90,0x2b70,0x128d,0x11ea,
    0x1a2b,0x230e,0x11ea,0x00e6,0x0907,0x00a5,0x0084,0x0084,0x08c6,0x1128,0x0907,0x0907,0x0928,0x08e7,0x08e7,0x00a5,
    0x0084,0x0063,0x0085,0x0085,0x0043,0x0043,0x0043,0x0043,0x0042,0x0043,0x0022,0x0042,0x0022,0x0022,0x0022,0x0022,
    0x0022,0x0043,0x0863,0x0043,0x0042,0x0042,0x0043,0x0043,0x0022,0x0863,0x10c5,0x08a4,0x0884,0x0043,0x0063,0x0043,
    0x0042,0x0043,0x0043,0x0863,0x0863,0x0042,0x0022,0x0022,0x0042,0x0022,0x0022,0x0022,0x0022,0x0001,0x0021,0x0021,
    0x0042,0x0842,0x0842,0x1062,0x1062,0x0842,0x0042,0x0042,0x0022,0x0021,0x0022,0x0022,0x0021,0x0021,0x0021,0x0022,
    0x0022,0x0022,0x0022,0x0022,0x0022,0x0022,0x0022,0x0022,0x0021,0x0021,0x0021,0x0021,0x0001,0x0021,0x0001,0x0021,
    0x0021,0x0021,0x0021,0x0021,0x0021,0x0021,0x0021,0x0021,0x0021,0x0021,0x0021,0x0021,0x0021,0x0021,0x0021,0x0022,
    0x0021,0x0021,0x0021,0x0021,0x0021,0x0021,0x0021,0x0001,0x0001,0x0021,0x0021,0x0021,0x0001,0x0001,0x0021,0x0021,
    0x0021,0x0021,0x0001,0x0001,0x0001,0x0021,0x0021,0x0021,0x0021,0x0021,0x0021,0x0021,0x0021,0x0022,0x0022,0x0022,
    0x0022,0x0022,0x0022,0x0022,0x0022,0x0022,0x0022,0x0022,0x0022,0x0022,0x0022,0x0022,0x0022,0x0022,0x0022,0x0022,
    0x0022,0x0022,0x0022,0x0022,0x0022,0x0022,0x0022,0x0022,0x0022,0x0022,0x0022,0x0022,0x0022,0x0022,0x0042,0x0042,
    0x0063,0x08a4,0x08c5,0x08c5,0x00a4,0x0084,0x0043,0x0043,0x0042,0x0022,0x0042,0x0022,0x0022,0x0022,0x0022,0x0022,
    0x0022,0x0022,0x0022,0x0022,0x0022,0x0042,0x0022,0x0022,0x0042,0x0042,0x0022,0x0022,0x0022,0x0022,0x0022,0x0022,
    0x0022,0x0022,0x0042,0x0042,0x0042,0x0042,0x0042,0x0042,0x0042,0x0042,0x0042,0x0043,0x0043,0x0043,0x0043,0x0043,
    0x0043,0x0043,0x0043,0x0043,0x0043,0x0043,0x0063,0x0064,0x0043,0x0022,0x0022,0x0022,0x0022,0x0042,0x0042,0x0022,
    0x0863,0x0043,0x0022,0x0063,0x0084,0x0064,0x0064,0x0064,0x0085,0x00a6,0x00a6,0x00a6,0x0085,0x00c7,0x012b,0x094b,
    0x094b,0x0908,0x08c6,0x00a5,0x08e7,0x08e9,0x112b,0x112b,0x194b,0x110a,0x1109,0x114c,0x0909,0x08e7,0x08e8,0x1109,
    0x10e9,0x10c7,0x0884,0x0043,0x0064,0x08a5,0x08c6,0x08e7,0x11ab,0x116a,0x098b,0x0929,0x118c,0x120e,0x11ac,0x09ee,
    0x09ed,0x098b,0x018a,0x0169,0x09aa,0x09cb,0x0149,0x0148,0x0148,0x0148,0x0148,0x0148,0x0189,0x0168,0x0106,0x0106,
    0x0106,0x0106,0x00e6,0x00e6,0x00e6,0x00e6,0x0948,0x0969,0x0948,0x0927,0x08e6,0x0948,0x1169,0x1169,0x1148,0x0927,
    0x09a9,0x124c,0x12cd,0x1b2f,0x12ed,0x130e,0x132f,0x1b0e,0x1aee,0x2390,0x1b0e,0x234f,0x1ace,0x126c,0x1aef,0x128d,
    0x126d,0x11ca,0x11ca,0x1a0c,0x1a8e,0x1b30,0x09ea,0x0928,0x09aa,0x0907,0x00e6,0x0107,0x0127,0x00e6,0x11ca,0x1aae,
    0x08e6,0x00a5,0x00a5,0x0022,0x00a4,0x0906,0x00e6,0x0084,0x0063,0x00a4,0x0a6c,0x126c,0x126c,0x126c,0x0a0a,0x09c9,
    0x09c9,0x0988,0x00e6,0x00e6,0x0106,0x00e6,0x0107,0x0a0a,0x2bd0,0x2b6f,0x0947,0x08e6,0x1189,0x2b70,0x1a8d,0x120b,
    0x0989,0x11a9,0x0927,0x1147,0x0927,0x00c5,0x00c6,0x00a5,0x08e6,0x1989,0x0907,0x0928,0x0928,0x08c6,0x00a5,0x08c6,
    0x0084,0x0063,0x0064,0x00a5,0x0063,0x0043,0x0043,0x0043,0x0043,0x0022,0x0022,0x0022,0x0022,0x0022,0x0022,0x0042,
    0x0022,0x0863,0x0884,0x0042,0x0022,0x0042,0x0022,0x0022,0x0042,0x0043,0x10c6,0x08c5,0x0884,0x0864,0x0884,0x0064,
    0x0043,0x0043,0x0063,0x0043,0x0043,0x0022,0x0022,0x0022,0x0022,0x0022,0x0022,0x0022,0x0022,0x0021,0x0021,0x0022,
    0x0022,0x0842,0x1082,0x3903,0x3903,0x1062,0x0862,0x0022,0x0022,0x0022,0x0021,0x0022,0x0021,0x0021,0x0021,0x0022,
    0x0022,0x0022,0x0022,0x0042,0x0022,0x0022,0x0042,0x0042,0x0021,0x0021,0x0022,0x0021,0x0021,0x0021,0x0021,0x0021,
    0x0021,0x0021,0x0022,0x0021,0x0021,0x0021,0x0021,0x0021,0x0021,0x0021,0x0021,0x0021,0x0001,0x0021,0x0022,0x0021,
    0x0021,0x0021,0x0021,0x0021,0x0021,0x0021,0x0021,0x0021,0x0021,0x0021,0x0001,0x0001,0x0001,0x0001,0x0001,0x0021,
    0x0022,0x0001,0x0001,0x0001,0x0001,0x0001,0x0001,0x0021,0x0022,0x0022,0x0022,0x0022,0x0022,0x0021,0x0021,0x0021,
    0x0022,0x0022,0x0022,0x0022,0x0022,0x0022,0x0022,0x0022,0x0022,0x0022,0x0022,0x0022,0x0022,0x0022,0x0022,0x0022,
    0x0022,0x0022,0x0022,0x0022,0x0022,0x0022,0x0022,0x0022,0x0022,0x0022,0x0042,0x0022,0x0022,0x0042,0x0042,0x0063,
    0x0083,0x08a4,0x322b,0x42cd,0x08c5,0x00a4,0x0063,0x0043,0x0042,0x0022,0x0022,0x0022,0x0022,0x0022,0x0022,0x0022,
    0x0022,0x0042,0x0042,0x0022,0x0022,0x0063,0x0042,0x0022,0x0022,0x0022,0x0022,0x0022,0x0022,0x0022,0x0022,0x0022,
    0x0022,0x0022,0x0042,0x0042,0x0022,0x0042,0x0042,0x0043,0x0863,0x0042,0x0042,0x0043,0x0043,0x0063,0x0063,0x0042,
    0x0043,0x0042,0x0043,0x0042,0x0022,0x0022,0x0042,0x0042,0x0022,0x0042,0x0042,0x0022,0x0022,0x0022,0x0042,0x0043,
    0x0063,0x0043,0x0043,0x0064,0x0064,0x0064,0x0064,0x0064,0x00a6,0x00a6,0x00a6,0x0086,0x0085,0x00c8,0x094b,0x092a,
    0x092a,0x08c7,0x00c6,0x08c6,0x08e8,0x0909,0x194c,0x214c,0x10c8,0x10e9,0x10e9,0x114b,0x08e7,0x08e7,0x0908,0x112a,
    0x192a,0x10c7,0x0885,0x0063,0x0064,0x08c6,0x00a6,0x096a,0x11ed,0x11cc,0x11cd,0x098b,0x11cd,0x098b,0x11ac,0x1a4f,
    0x11ec,0x09cb,0x01cb,0x09ec,0x09cb,0x0169,0x0148,0x0148,0x0128,0x0107,0x00e6,0x0106,0x0168,0x0127,0x00e6,0x0107,
    0x0127,0x0106,0x00e6,0x00e6,0x00e6,0x0927,0x11aa,0x1189,0x0969,0x0948,0x0927,0x1168,0x1189,0x0907,0x0907,0x08e6,
    0x09c9,0x09ca,0x0a2b,0x126c,0x130e,0x126c,0x122a,0x09c9,0x0968,0x2b90,0x3c73,0x1a4a,0x1a8c,0x234f,0x1aee,0x126d,
    0x122b,0x0927,0x11cb,0x122c,0x22cf,0x33f3,0x1a8e,0x0969,0x11eb,0x0907,0x00a5,0x0969,0x11aa,0x0948,0x0127,0x122c,
    0x0927,0x00e6,0x00c5,0x0022,0x00c5,0x08e6,0x00c5,0x0063,0x00a4,0x0946,0x1aee,0x12ad,0x124b,0x09ea,0x0947,0x0106,
    0x0968,0x0106,0x0084,0x0084,0x00a5,0x1127,0x228d,0x230f,0x01ca,0x0a0b,0x08e6,0x08e6,0x0948,0x1a8d,0x1a6c,0x1a2c,
    0x11eb,0x0989,0x1168,0x1a0b,0x0927,0x08c5,0x08e6,0x00c6,0x00a5,0x08c6,0x08e7,0x0907,0x0928,0x08c6,0x00a5,0x08c6,
    0x08c6,0x0084,0x0043,0x00a5,0x0064,0x0043,0x0042,0x0043,0x0042,0x0042,0x0042,0x0042,0x0022,0x0022,0x0022,0x0042,
    0x0042,0x0043,0x0043,0x0043,0x0022,0x0042,0x0022,0x0022,0x0042,0x0042,0x10e6,0x10c6,0x0884,0x0063,0x0063,0x0063,
    0x0063,0x0863,0x0043,0x0042,0x0042,0x0022,0x0042,0x0021,0x0022,0x0021,0x0021,0x0021,0x0022,0x0021,0x0021,0x0021,
    0x0842,0x1062,0x2882,0xb48d,0xac0b,0x28a2,0x1082,0x0042,0x0022,0x0022,0x0001,0x0021,0x0021,0x0021,0x0021,0x0022,
    0x0022,0x0022,0x0022,0x0022,0x0042,0x0042,0x0022,0x0022,0x0022,0x0022,0x0022,0x0021,0x0021,0x0021,0x0021,0x0021,
    0x0021,0x0021,0x0042,0x0021,0x0022,0x0021,0x0021,0x0021,0x0021,0x0021,0x0021,0x0021,0x0021,0x0001,0x0021,0x0021,
    0x0021,0x0021,0x0021,0x0021,0x0001,0x0021,0x0021,0x0021,0x0021,0x0001,0x0001,0x0001,0x0001,0x0001,0x0021,0x0021,
    0x0042,0x0021,0x0001,0x0001,0x0001,0x0021,0x0021,0x0021,0x0022,0x0022,0x0022,0x0022,0x0021,0x0021,0x0022,0x0021,
    0x0021,0x0022,0x0022,0x0022,0x0022,0x0022,0x0022,0x0022,0x0022,0x0022,0x0022,0x0022,0x0022,0x0022,0x0022,0x0022,
    0x0022,0x0022,0x0022,0x0022,0x0022,0x0022,0x0022,0x0022,0x0022,0x0022,0x0022,0x0022,0x0042,0x0042,0x0063,0x0063,
    0x08c4,0x08e6,0x84f5,0xa5f9,0x1168,0x08e5,0x0083,0x0063,0x0042,0x0022,0x0042,0x0022,0x0022,0x0022,0x0022,0x0022,
    0x0022,0x0022,0x0022,0x0022,0x0022,0x0022,0x0022,0x0022,0x0022,0x0022,0x0022,0x0022,0x0022,0x0022,0x0022,0x0022,
    0x0022,0x0022,0x0042,0x0042,0x0022,0x0042,0x0042,0x0042,0x0043,0x0022,0x0042,0x0043,0x0043,0x0043,0x0042,0x0043,
    0x0043,0x0043,0x0043,0x0042,0x0022,0x0042,0x0043,0x0042,0x0022,0x0022,0x0022,0x0022,0x0022,0x0022,0x0022,0x0043,
    0x0043,0x0043,0x0023,0x0064,0x0064,0x0064,0x0064,0x0064,0x0085,0x00c7,0x00c7,0x0086,0x0085,0x00e8,0x0109,0x010a,
    0x092a,0x0909,0x08e8,0x00a6,0x00c6,0x1129,0x196c,0x194b,0x10c7,0x10c8,0x1109,0x112a,0x092a,0x116c,0x116c,0x114c,
    0x1109,0x10a6,0x0864,0x0042,0x0884,0x08e7,0x0085,0x118b,0x11cd,0x118b,0x11ab,0x0949,0x11cc,0x124f,0x1a90,0x1a8f,
    0x0a0d,0x0a0d,0x09ec,0x01aa,0x0149,0x0128,0x0128,0x0128,0x0148,0x0107,0x00c6,0x0106,0x0127,0x00e6,0x00e6,0x0168,
    0x0168,0x0127,0x0106,0x0106,0x0106,0x11ca,0x1a2c,0x19eb,0x11a9,0x1168,0x1168,0x11aa,0x1189,0x0927,0x0907,0x08e6,
    0x122b,0x0a0a,0x0a0b,0x09a9,0x12ad,0x124b,0x09ea,0x09ea,0x0947,0x1188,0x1a2b,0x1a2b,0x3413,0x2391,0x232f,0x126d,
    0x126d,0x09aa,0x11eb,0x126d,0x2310,0x22f0,0x120c,0x11cb,0x11ca,0x0948,0x0948,0x11aa,0x11cb,0x11aa,0x0948,0x1a2d,
    0x0948,0x0948,0x00c5,0x0042,0x00a4,0x00c5,0x0063,0x00c4,0x0947,0x0947,0x120a,0x11ca,0x0989,0x09c9,0x00e6,0x00e6,
    0x0148,0x00a5,0x0084,0x0083,0x0063,0x0927,0x0927,0x0989,0x09aa,0x00c6,0x00a5,0x0948,0x120b,0x1a8d,0x122c,0x1a2c,
    0x11cb,0x11aa,0x11cb,0x11ca,0x0947,0x08e6,0x0085,0x0085,0x0085,0x00a6,0x08e7,0x08e7,0x0907,0x08a6,0x0085,0x08c6,
    0x08e6,0x0064,0x0043,0x0064,0x0063,0x0043,0x0063,0x0863,0x0043,0x0043,0x0042,0x0043,0x0042,0x0042,0x0022,0x0022,
    0x0042,0x0042,0x0043,0x0043,0x0042,0x0022,0x0022,0x0042,0x0042,0x0043,0x08c5,0x10c6,0x08a5,0x0884,0x0063,0x0063,
    0x0884,0x0884,0x0884,0x08a4,0x0043,0x0043,0x0043,0x0043,0x0042,0x0022,0x0022,0x0022,0x0022,0x0021,0x0021,0x0022,
    0x0842,0x0862,0x1862,0x6a67,0x6a66,0x20a3,0x1062,0x0042,0x0022,0x0021,0x0021,0x0021,0x0022,0x0022,0x0021,0x0022,
    0x0022,0x0022,0x0022,0x0022,0x0862,0x0862,0x0022,0x0022,0x0021,0x0021,0x0022,0x0021,0x0021,0x0021,0x0021,0x0021,
    0x0021,0x0021,0x0001,0x0022,0x0021,0x0001,0x0021,0x0021,0x0021,0x0021,0x0021,0x0021,0x0021,0x0021,0x0001,0x0021,
    0x0021,0x0021,0x0021,0x0021,0x0021,0x0001,0x0001,0x0021,0x0021,0x0021,0x0021,0x0001,0x0001,0x0021,0x0001,0x0042,
    0x0022,0x0001,0x0001,0x0021,0x0021,0x0021,0x0021,0x0022,0x0021,0x0021,0x0021,0x0022,0x0021,0x0022,0x0022,0x0022,
    0x0022,0x0022,0x0022,0x0022,0x0022,0x0022,0x0022,0x0021,0x0022,0x0022,0x0022,0x0022,0x0021,0x0022,0x0022,0x0022,
    0x0022,0x0022,0x0022,0x0022,0x0022,0x0022,0x0022,0x0022,0x0022,0x0022,0x0042,0x0042,0x0042,0x0042,0x0042,0x0063,
    0x0083,0x08c5,0x21ea,0x324b,0x08c5,0x08a4,0x0063,0x0043,0x0042,0x0022,0x0042,0x0042,0x0022,0x0022,0x0022,0x0022,
    0x0022,0x0042,0x0022,0x0022,0x0022,0x0022,0x0042,0x0022,0x0042,0x0022,0x0022,0x0022,0x0022,0x0022,0x0022,0x0022,
    0x0042,0x0022,0x0042,0x0042,0x0022,0x0042,0x0042,0x0042,0x0022,0x0042,0x0022,0x0043,0x0022,0x0022,0x0042,0x0042,
    0x0042,0x0043,0x0043,0x0042,0x0022,0x0022,0x0043,0x0043,0x0022,0x0022,0x0043,0x0043,0x0042,0x0022,0x0022,0x0022,
    0x0063,0x0043,0x0043,0x0043,0x0064,0x0064,0x0063,0x0065,0x00c7,0x00a7,0x00c7,0x0085,0x0085,0x00c7,0x00a6,0x00c7,
    0x00e9,0x090a,0x116b,0x08e8,0x00c7,0x0908,0x094a,0x116c,0x10c7,0x10c8,0x10e9,0x114b,0x116c,0x094b,0x0909,0x1109,
    0x10e8,0x08a6,0x0043,0x0043,0x08a5,0x0908,0x08a5,0x0908,0x11ee,0x11ac,0x11ac,0x11ac,0x1a2e,0x22d1,0x1ab0,0x120d,
    0x120c,0x09eb,0x09cb,0x09ab,0x09ab,0x0148,0x0148,0x018a,0x0169,0x0107,0x00e6,0x0107,0x00e6,0x00e6,0x0127,0x0168,
    0x0168,0x0127,0x0107,0x0106,0x0106,0x0968,0x1189,0x19eb,0x1189,0x0948,0x1168,0x19eb,0x1189,0x0928,0x0907,0x0927,
    0x0a0b,0x0a2b,0x0a2c,0x0989,0x0968,0x0a0b,0x0a0b,0x0968,0x0906,0x00e5,0x0107,0x124c,0x1b2f,0x1b2f,0x1ace,0x1a8d,
    0x126c,0x122c,0x128d,0x126d,0x12ae,0x1aae,0x1a2c,0x11eb,0x1a0c,0x11ca,0x1169,0x120c,0x122c,0x1169,0x0928,0x1a4d,
    0x1169,0x1189,0x0948,0x0063,0x00c5,0x00e5,0x0927,0x1a2b,0x0906,0x00c5,0x11c9,0x0906,0x0907,0x09ca,0x09ca,0x09a9,
    0x09c9,0x00c5,0x0084,0x0084,0x0063,0x00a4,0x00a5,0x0063,0x00c5,0x00a5,0x00e7,0x09cb,0x1aae,0x1ace,0x122c,0x0969,
    0x0969,0x0969,0x09eb,0x0969,0x0107,0x0928,0x00a6,0x0085,0x0085,0x00a6,0x08c7,0x0907,0x08e7,0x0085,0x0064,0x0084,
    0x00a5,0x0064,0x0043,0x0084,0x0063,0x0063,0x0043,0x0043,0x0063,0x0043,0x0043,0x0043,0x0863,0x0063,0x0022,0x0043,
    0x0042,0x0042,0x0043,0x0863,0x0042,0x0022,0x0042,0x0043,0x0043,0x0863,0x0884,0x08c6,0x08a5,0x08a5,0x0864,0x0884,
    0x08a5,0x08a5,0x08a5,0x10a5,0x0063,0x0864,0x0063,0x0863,0x0042,0x0022,0x0042,0x0042,0x0042,0x0022,0x0021,0x0022,
    0x0042,0x0842,0x0862,0x1062,0x1862,0x1062,0x0842,0x0022,0x0022,0x0021,0x0021,0x0021,0x0022,0x0022,0x0022,0x0022,
    0x0022,0x0022,0x0022,0x0022,0x0021,0x0021,0x0022,0x0022,0x0021,0x0001,0x0021,0x0021,0x0001,0x0021,0x0021,0x0021,
    0x0021,0x0021,0x0021,0x0021,0x0021,0x0021,0x0021,0x0021,0x0021,0x0021,0x0021,0x0021,0x0021,0x0021,0x0021,0x0021,
    0x0021,0x0021,0x0021,0x0021,0x0001,0x0021,0x0001,0x0021,0x0021,0x0001,0x0001,0x0001,0x0001,0x0021,0x0021,0x0021,
    0x0022,0x0001,0x0022,0x0042,0x0021,0x0001,0x0022,0x0021,0x0021,0x0021,0x0022,0x0022,0x0022,0x0042,0x0042,0x0022,
    0x0022,0x0022,0x0022,0x0022,0x0022,0x0022,0x0022,0x0022,0x0022,0x0022,0x0021,0x0021,0x0021,0x0022,0x0022,0x0022,
    0x0022,0x0022,0x0022,0x0022,0x0022,0x0022,0x0022,0x0022,0x0022,0x0022,0x0042,0x0043,0x0042,0x0042,0x0042,0x0063,
    0x0883,0x08a4,0x08c5,0x08c5,0x00a4,0x0083,0x0042,0x0042,0x0042,0x0042,0x0042,0x0022,0x0022,0x0022,0x0022,0x0042,
    0x0022,0x0022,0x0022,0x0022,0x0042,0x0022,0x0863,0x0042,0x0022,0x0022,0x0022,0x0022,0x0022,0x0042,0x0042,0x0022,
    0x0042,0x0042,0x0042,0x0042,0x0022,0x0042,0x0042,0x0042,0x0042,0x0042,0x0042,0x0042,0x0042,0x0042,0x0022,0x0022,
    0x0022,0x0042,0x0022,0x0022,0x0022,0x0022,0x0022,0x0042,0x0022,0x0043,0x0022,0x0022,0x0022,0x0042,0x0042,0x0043,
    0x0043,0x0042,0x0022,0x0043,0x0043,0x0064,0x0063,0x0064,0x00a6,0x00a6,0x00c7,0x00a6,0x00a6,0x00c7,0x00a6,0x00a5,
    0x00c7,0x00c7,0x08e9,0x092b,0x092b,0x114b,0x096c,0x198e,0x192a,0x08a6,0x08a6,0x1108,0x10e9,0x10c8,0x218d,0x192a,
    0x18e8,0x08a6,0x0043,0x0063,0x1107,0x1108,0x08a5,0x08e7,0x1129,0x118b,0x120e,0x1a70,0x1a6f,0x22d1,0x124e,0x122d,
    0x124d,0x120c,0x09ec,0x0a0c,0x01ab,0x0169,0x018a,0x01aa,0x0148,0x00e6,0x0106,0x0107,0x0106,0x0106,0x0148,0x0148,
    0x0148,0x0148,0x0127,0x0107,0x00e6,0x0107,0x11aa,0x19cb,0x1169,0x0927,0x19ca,0x224c,0x1189,0x1168,0x1169,0x1189,
    0x09ea,0x0a0b,0x0a0b,0x0988,0x0126,0x0968,0x0968,0x0106,0x0106,0x0127,0x09a9,0x09a9,0x124b,0x234f,0x1b0f,0x1b0f,
    0x124c,0x124c,0x1b0f,0x12cf,0x1aef,0x1a6d,0x11aa,0x11aa,0x1a2d,0x1a2c,0x1148,0x1a4e,0x1aaf,0x118a,0x0949,0x1a4d,
    0x11aa,0x1169,0x08e6,0x0063,0x08e6,0x0968,0x11ea,0x0968,0x08e6,0x11ca,0x120b,0x0989,0x0927,0x0927,0x0a2c,0x0a8d,
    0x09a9,0x0084,0x0083,0x0063,0x0063,0x0084,0x00a5,0x0084,0x00c5,0x00c5,0x0989,0x124d,0x0a2c,0x126e,0x09cb,0x098a,
    0x0949,0x098a,0x09ca,0x0948,0x00e6,0x0928,0x00a5,0x00a5,0x0084,0x0085,0x08c6,0x08e7,0x08e7,0x00a6,0x0064,0x0064,
    0x0085,0x0063,0x0063,0x0084,0x0063,0x0063,0x0043,0x0043,0x0043,0x0043,0x0063,0x0884,0x0884,0x0864,0x0063,0x0043,
    0x0042,0x0022,0x0042,0x0042,0x0022,0x0022,0x0042,0x0043,0x0063,0x08a5,0x0884,0x08c6,0x08a5,0x08a5,0x08a5,0x0884,
    0x10c6,0x08c6,0x08a5,0x0064,0x0064,0x0863,0x0063,0x0043,0x0042,0x0021,0x0042,0x0043,0x0042,0x0042,0x0021,0x0021,
    0x0022,0x0842,0x0022,0x0842,0x0842,0x0042,0x0042,0x0022,0x0022,0x0021,0x0021,0x0021,0x0021,0x0022,0x0022,0x0021,
    0x0022,0x0022,0x0022,0x0022,0x0022,0x0021,0x0001,0x0022,0x0022,0x0001,0x0021,0x0021,0x0001,0x0021,0x0021,0x0021,
    0x0021,0x0021,0x0021,0x0021,0x0021,0x0021,0x0021,0x0021,0x0021,0x0022,0x0022,0x0021,0x0021,0x0021,0x0021,0x0021,
    0x0021,0x0021,0x0021,0x0021,0x0021,0x0001,0x0001,0x0021,0x0021,0x0001,0x0001,0x0001,0x0001,0x0021,0x0021,0x0022,
    0x0021,0x0021,0x0021,0x0022,0x0021,0x0021,0x0021,0x0021,0x0021,0x0021,0x0021,0x0022,0x0022,0x0022,0x0042,0x0022,
    0x0022,0x0022,0x0022,0x0022,0x0021,0x0022,0x0022,0x0022,0x0022,0x0021,0x0862,0x0842,0x0021,0x0022,0x0022,0x0022,
    0x0022,0x0022,0x0022,0x0022,0x0022,0x0022,0x0042,0x0022,0x0042,0x0042,0x0042,0x0042,0x0042,0x0042,0x0042,0x0063,
    0x0063,0x0043,0x0063,0x0063,0x0063,0x0043,0x0063,0x0042,0x0022,0x0022,0x0042,0x0022,0x0022,0x0042,0x0022,0x0022,
    0x0022,0x0022,0x0022,0x0022,0x0042,0x0043,0x0042,0x0022,0x0022,0x0022,0x0022,0x0022,0x0042,0x0042,0x0042,0x0042,
    0x0042,0x0042,0x0042,0x0042,0x0022,0x0042,0x0022,0x0022,0x0042,0x0042,0x0022,0x0042,0x0042,0x0042,0x0022,0x0022,
    0x0022,0x0042,0x0022,0x0022,0x0022,0x0022,0x0022,0x0043,0x0043,0x0042,0x0022,0x0022,0x0022,0x0042,0x0043,0x0043,
    0x0043,0x0042,0x0043,0x0064,0x0043,0x0063,0x0043,0x0064,0x0085,0x0085,0x00c7,0x00a6,0x00a6,0x00a7,0x00a7,0x08c6,
    0x00c6,0x00a7,0x00c7,0x0909,0x094b,0x11ce,0x11ce,0x21d0,0x10e8,0x08a6,0x08c7,0x08e7,0x212b,0x18e9,0x10e8,0x0885,
    0x0885,0x0063,0x0043,0x0063,0x08a5,0x0907,0x0064,0x0043,0x0064,0x0885,0x1a2e,0x1a6f,0x1a90,0x1ad0,0x124e,0x09cb,
    0x126e,0x124d,0x09ec,0x09ec,0x09ab,0x09ab,0x0189,0x0148,0x0147,0x0127,0x0127,0x0106,0x0168,0x09aa,0x0189,0x0128,
    0x0127,0x0127,0x0148,0x0948,0x0127,0x1189,0x226d,0x1a0b,0x19ca,0x11aa,0x2aae,0x1a2c,0x19eb,0x19eb,0x1a0b,0x11ca,
    0x09a9,0x09ea,0x09ca,0x09a9,0x0988,0x0168,0x00e6,0x00e6,0x0988,0x09a9,0x122b,0x09a9,0x11ea,0x2370,0x1b50,0x1b0f,
    0x1aae,0x1b0f,0x2370,0x1acf,0x1aaf,0x120d,0x098a,0x120c,0x1a2c,0x11eb,0x19eb,0x1a8e,0x22ef,0x11eb,0x118a,0x11cb,
    0x11cb,0x0969,0x0084,0x0084,0x1189,0x1189,0x00a5,0x0906,0x09aa,0x09aa,0x11ea,0x120b,0x0989,0x0927,0x0948,0x09aa,
    0x0127,0x0085,0x00c5,0x00c5,0x0148,0x00e6,0x0084,0x0107,0x0169,0x0969,0x09eb,0x09cb,0x0148,0x0169,0x0949,0x0949,
    0x0969,0x120c,0x1a2c,0x0928,0x00c6,0x0907,0x00a5,0x0084,0x0084,0x00a5,0x00a6,0x00a6,0x00c7,0x00a6,0x0085,0x0084,
    0x0085,0x0063,0x0084,0x0064,0x0063,0x0063,0x0043,0x0043,0x0043,0x0063,0x0884,0x10a5,0x2946,0x08a4,0x0063,0x0043,
    0x0042,0x0022,0x0022,0x0022,0x0042,0x0022,0x0022,0x0022,0x0042,0x0064,0x0864,0x0884,0x0864,0x0884,0x08a5,0x0884,
    0x08c6,0x08a5,0x0884,0x0884,0x0884,0x0043,0x0063,0x0043,0x0042,0x0022,0x0042,0x0863,0x0042,0x0042,0x0021,0x0021,
    0x0021,0x0022,0x0022,0x0042,0x0042,0x0022,0x0022,0x0021,0x0021,0x0021,0x0021,0x0021,0x0022,0x0022,0x0022,0x0021,
    0x0022,0x0022,0x0022,0x0021,0x0022,0x0022,0x0022,0x0022,0x0021,0x0001,0x0001,0x0021,0x0021,0x0021,0x0021,0x0021,
    0x0021,0x0021,0x0021,0x0021,0x0021,0x0021,0x0021,0x0021,0x0021,0x0021,0x0021,0x0021,0x0021,0x0021,0x0021,0x0021,
    0x0021,0x0021,0x0021,0x0001,0x0001,0x0022,0x0022,0x0001,0x0021,0x0001,0x0042,0x0842,0x0001,0x0021,0x0021,0x0042,
    0x0021,0x0022,0x0021,0x0021,0x0022,0x0021,0x0021,0x0021,0x0021,0x0022,0x0021,0x0022,0x0022,0x0042,0x0043,0x0022,
    0x0022,0x0022,0x0022,0x0022,0x0021,0x0022,0x0022,0x0022,0x0022,0x0001,0x0842,0x0042,0x0021,0x0022,0x0022,0x0022,
    0x0022,0x0022,0x0022,0x0022,0x0022,0x0042,0x0042,0x0042,0x0042,0x0042,0x0042,0x0063,0x0042,0x0022,0x0042,0x0042,
    0x0042,0x0063,0x0063,0x0043,0x0042,0x0042,0x0063,0x0042,0x0022,0x0022,0x0022,0x0022,0x0022,0x0042,0x0022,0x0022,
    0x0022,0x0022,0x0022,0x0022,0x0022,0x0022,0x0042,0x0022,0x0022,0x0022,0x0042,0x0042,0x0042,0x0042,0x0042,0x0042,
    0x0042,0x0042,0x0042,0x0042,0x0042,0x0042,0x0042,0x0042,0x0022,0x0042,0x0042,0x0042,0x0042,0x0042,0x0063,0x0022,
    0x0022,0x0022,0x0022,0x0042,0x0022,0x0022,0x0042,0x0043,0x0043,0x0042,0x0022,0x0022,0x0022,0x0043,0x0043,0x0043,
    0x0043,0x0042,0x0043,0x0064,0x0043,0x0064,0x0084,0x0085,0x0085,0x0064,0x00a6,0x00a6,0x0065,0x0085,0x0086,0x00a6,
    0x0908,0x08e8,0x00e8,0x0109,0x096c,0x09ad,0x11ce,0x198d,0x08c6,0x1109,0x192b,0x192b,0x212a,0x08a5,0x0864,0x0043,
    0x0864,0x0063,0x0043,0x0884,0x0884,0x08c6,0x08e7,0x08e7,0x0908,0x08c6,0x1169,0x2b73,0x2332,0x22f1,0x1ab0,0x128f,
    0x126e,0x0a0d,0x09ec,0x09ec,0x126e,0x120c,0x0127,0x0168,0x01aa,0x09a9,0x0148,0x0189,0x0a2c,0x0a0b,0x0989,0x0947,
    0x0948,0x09a9,0x0948,0x0948,0x0968,0x11ca,0x228d,0x226d,0x226d,0x19ca,0x19eb,0x19ea,0x1a0b,0x19eb,0x1189,0x0948,
    0x0968,0x11ea,0x09a9,0x0968,0x0127,0x00e6,0x00c5,0x0106,0x09c9,0x09ea,0x12ad,0x124c,0x124c,0x2390,0x1b0f,0x1b0f,
    0x2350,0x2391,0x1ace,0x1a2d,0x1a2d,0x1a0c,0x11cc,0x1a4e,0x2af0,0x228e,0x1a8f,0x22f0,0x2330,0x1a0c,0x118a,0x0928,
    0x0948,0x0948,0x0063,0x00a4,0x1168,0x0948,0x1a0b,0x1aae,0x120c,0x0948,0x122b,0x1aae,0x1a2c,0x1189,0x08c6,0x00a5,
    0x00a5,0x0928,0x0169,0x00e6,0x0148,0x00a5,0x0084,0x0149,0x01ac,0x0a4f,0x0a0d,0x0949,0x0107,0x0949,0x0149,0x016a,
    0x0149,0x09ec,0x0a0c,0x0107,0x00a6,0x0107,0x00a5,0x0085,0x0084,0x00a5,0x00a6,0x00a6,0x00a6,0x0085,0x0084,0x0084,
    0x0064,0x0043,0x0064,0x0063,0x0063,0x0063,0x0043,0x0043,0x0043,0x0063,0x0084,0x2126,0x83af,0x1906,0x0063,0x0043,
    0x0042,0x0022,0x0022,0x0022,0x0022,0x0022,0x0022,0x0022,0x0042,0x0043,0x0864,0x0884,0x08a5,0x0064,0x0864,0x0043,
    0x0063,0x0064,0x0884,0x0885,0x0885,0x0884,0x0063,0x0063,0x0042,0x0042,0x0042,0x0863,0x0042,0x0042,0x0022,0x0842,
    0x0022,0x0021,0x0022,0x0022,0x0021,0x0021,0x0021,0x0021,0x0022,0x0021,0x0021,0x0022,0x0022,0x0021,0x0021,0x0021,
    0x0022,0x0022,0x0021,0x0021,0x0022,0x0001,0x0022,0x0022,0x0021,0x0021,0x0021,0x0021,0x0021,0x0021,0x0021,0x0021,
    0x0021,0x0021,0x0021,0x0021,0x0021,0x0021,0x0021,0x0021,0x0021,0x0021,0x0021,0x0022,0x0021,0x0001,0x0021,0x0021,
    0x0021,0x0021,0x0021,0x0021,0x0021,0x0021,0x0021,0x0021,0x0001,0x0001,0x0001,0x0001,0x0001,0x0021,0x0021,0x0021,
    0x0022,0x0021,0x0022,0x0021,0x0022,0x0022,0x0021,0x0021,0x0021,0x0042,0x0842,0x0021,0x0021,0x18e5,0x31c9,0x0001,
    0x0042,0x0022,0x0022,0x0021,0x0022,0x0022,0x0022,0x0022,0x0022,0x0022,0x0021,0x0022,0x0022,0x0022,0x0021,0x0022,
    0x0022,0x0022,0x0022,0x0042,0x0022,0x0042,0x0042,0x0042,0x0042,0x0042,0x0042,0x0042,0x0042,0x0042,0x0022,0x0042,
    0x0022,0x0042,0x0042,0x0042,0x0022,0x0022,0x0022,0x0022,0x0042,0x0022,0x0022,0x0042,0x0022,0x0022,0x0022,0x0022,
    0x0042,0x0022,0x0022,0x0042,0x0043,0x0022,0x0022,0x0022,0x0042,0x0043,0x0042,0x0042,0x0042,0x0042,0x0043,0x0042,
    0x0043,0x0043,0x0042,0x0043,0x0042,0x0042,0x0043,0x0042,0x0042,0x0022,0x0022,0x0043,0x0043,0x0042,0x0022,0x0042,
    0x0043,0x0042,0x0042,0x0042,0x0022,0x0022,0x0022,0x0042,0x0063,0x0042,0x0022,0x0022,0x0022,0x0043,0x0043,0x0043,
    0x0064,0x0043,0x0043,0x0063,0x0043,0x0043,0x10e6,0x00a5,0x0064,0x0064,0x0064,0x0085,0x0065,0x0085,0x0085,0x00a6,
    0x00a6,0x08e8,0x00e8,0x012a,0x11ae,0x11f0,0x2211,0x216d,0x08a6,0x1109,0x216d,0x18e8,0x18e8,0x10a5,0x10c7,0x0884,
    0x0043,0x0043,0x0043,0x0864,0x0885,0x0064,0x0064,0x08a6,0x1128,0x08e6,0x226e,0x2bb4,0x2353,0x1b12,0x1af1,0x122e,
    0x098a,0x122d,0x09aa,0x09ec,0x0a0c,0x0168,0x0169,0x09eb,0x120b,0x0989,0x018a,0x0a2c,0x1aae,0x09eb,0x0948,0x0969,
    0x09aa,0x0989,0x0968,0x0968,0x0989,0x1a2c,0x1a4d,0x22ae,0x226d,0x1189,0x11aa,0x1a0b,0x19ea,0x1168,0x0907,0x0906,
    0x0127,0x0968,0x0948,0x0106,0x00c5,0x00c5,0x00e5,0x0947,0x11ea,0x126c,0x1aef,0x122b,0x1aee,0x2390,0x1aee,0x1b0f,
    0x23b1,0x1b30,0x120c,0x11eb,0x11cb,0x11cb,0x1a0c,0x1a8e,0x228f,0x22d0,0x22f0,0x2b51,0x33f3,0x1a2c,0x0948,0x0968,
    0x0968,0x08e5,0x00a4,0x0083,0x00c5,0x1189,0x3c13,0x2bb2,0x124d,0x11eb,0x1a6c,0x1a6c,0x11ea,0x0947,0x00c6,0x08e6,
    0x0989,0x09ca,0x0106,0x0148,0x018a,0x0107,0x018a,0x018a,0x0128,0x016a,0x01ab,0x018a,0x0949,0x0128,0x09ec,0x018a,
    0x0128,0x016a,0x120c,0x0968,0x00c6,0x0169,0x00c6,0x0084,0x0085,0x00c6,0x00a5,0x0085,0x00a5,0x0085,0x0085,0x0064,
    0x0063,0x0063,0x0043,0x0043,0x0063,0x0063,0x0063,0x0043,0x0043,0x0043,0x0063,0x08a4,0x1926,0x0884,0x0063,0x0043,
    0x0022,0x0022,0x0022,0x0022,0x0022,0x0022,0x0022,0x0022,0x0022,0x0043,0x0063,0x0063,0x0884,0x0885,0x0063,0x0043,
    0x0022,0x0043,0x0063,0x0885,0x08a5,0x0884,0x0884,0x0864,0x0043,0x0042,0x0042,0x0043,0x0042,0x0022,0x0022,0x0022,
    0x0022,0x0022,0x0021,0x0021,0x0021,0x0021,0x0021,0x0021,0x0022,0x0862,0x0021,0x0022,0x0021,0x0021,0x0001,0x0021,
    0x0021,0x0001,0x0001,0x0001,0x0001,0x0001,0x0021,0x0021,0x0021,0x0021,0x0021,0x0021,0x0021,0x0021,0x0021,0x0021,
    0x0021,0x0021,0x0021,0x0021,0x0021,0x0021,0x0021,0x0021,0x0021,0x0021,0x0021,0x0022,0x0022,0x0021,0x0021,0x0021,
    0x0021,0x0021,0x0021,0x0021,0x0021,0x0021,0x0001,0x0021,0x0001,0x0001,0x0001,0x0001,0x0001,0x0021,0x0021,0x0021,
    0x0021,0x0021,0x0021,0x0021,0x0022,0x0022,0x0022,0x0021,0x0022,0x0021,0x0021,0x0022,0x0022,0x0042,0x0863,0x0022,
    0x0022,0x0022,0x0022,0x0021,0x0022,0x0022,0x0022,0x0022,0x0022,0x0022,0x0022,0x0022,0x0022,0x0022,0x0022,0x0022,
    0x0022,0x0022,0x0022,0x0022,0x0022,0x0042,0x0042,0x0042,0x0042,0x0042,0x0042,0x0042,0x0042,0x0863,0x0022,0x0022,
    0x0022,0x0022,0x0022,0x0022,0x0021,0x0022,0x0021,0x0022,0x0042,0x0022,0x0022,0x0022,0x0022,0x0022,0x0022,0x0042,
    0x0042,0x0022,0x0042,0x0042,0x0042,0x0022,0x0022,0x0043,0x0043,0x0043,0x0043,0x0043,0x0042,0x0042,0x0043,0x0043,
    0x0063,0x0043,0x0042,0x0043,0x0043,0x0042,0x0042,0x0043,0x0043,0x0022,0x0042,0x0022,0x0022,0x0042,0x0042,0x0022,
    0x0022,0x0043,0x0043,0x0043,0x0042,0x0042,0x0022,0x0042,0x0022,0x0022,0x0022,0x0022,0x0042,0x0043,0x0043,0x0063,
    0x0043,0x0022,0x0043,0x0043,0x0043,0x0043,0x0064,0x0063,0x0063,0x0064,0x0064,0x0064,0x0064,0x0085,0x0085,0x0085,
    0x0085,0x00c7,0x00c7,0x0109,0x096c,0x11f1,0x2232,0x3211,0x08e7,0x194a,0x298e,0x1909,0x10c7,0x10c7,0x10c6,0x0884,
    0x0884,0x0063,0x0043,0x0043,0x0864,0x0043,0x0022,0x0043,0x0063,0x0064,0x32f1,0x33f6,0x2b73,0x2332,0x1af1,0x118a,
    0x08c6,0x0927,0x098a,0x0a2d,0x09eb,0x0189,0x018a,0x0a0c,0x09cb,0x01aa,0x09eb,0x0a2d,0x0a0c,0x09eb,0x11ea,0x22ad,
    0x122c,0x11ca,0x0928,0x0989,0x122c,0x22ae,0x2aef,0x2aef,0x1a0b,0x1a0b,0x2aaf,0x330f,0x1a0b,0x0948,0x0907,0x08e6,
    0x0106,0x0106,0x0106,0x0106,0x00e6,0x00c5,0x0106,0x09a9,0x122b,0x12ce,0x126c,0x1a8c,0x23f2,0x23d1,0x1b50,0x1b50,
    0x2350,0x126c,0x11eb,0x11ca,0x1189,0x1a0b,0x1a6d,0x228e,0x228e,0x2b11,0x2b51,0x2310,0x2310,0x11aa,0x11aa,0x1169,
    0x08c5,0x00a4,0x00a4,0x00a5,0x00c5,0x2aad,0x3bf2,0x2b70,0x1aae,0x0989,0x1a2b,0x120b,0x0947,0x00e6,0x0948,0x122c,
    0x12af,0x0189,0x00e6,0x09aa,0x0948,0x0149,0x01ab,0x0149,0x0149,0x01ab,0x01cc,0x01cc,0x09ab,0x016a,0x0a0c,0x0149,
    0x0128,0x016a,0x09aa,0x098a,0x0128,0x0128,0x00c6,0x0084,0x00a5,0x08e7,0x0085,0x0064,0x0064,0x0084,0x00a5,0x0064,
    0x0043,0x0084,0x0043,0x0043,0x0064,0x0063,0x0043,0x0043,0x0043,0x0043,0x0063,0x0043,0x0063,0x0063,0x0063,0x0022,
    0x0022,0x0022,0x0042,0x0022,0x0022,0x0022,0x0022,0x0022,0x0022,0x0042,0x0043,0x0043,0x0043,0x0022,0x0042,0x0042,
    0x0022,0x0042,0x0042,0x0043,0x08a5,0x0864,0x0863,0x0884,0x0864,0x0043,0x0063,0x0043,0x0042,0x0042,0x0022,0x0022,
    0x0022,0x0022,0x0022,0x0021,0x0021,0x0022,0x0022,0x0022,0x0022,0x0022,0x0022,0x0021,0x0022,0x0022,0x0001,0x0022,
    0x0021,0x0042,0x0001,0x0001,0x0021,0x0021,0x0001,0x0021,0x0021,0x0001,0x0001,0x0021,0x0021,0x0021,0x0021,0x0021,
    0x0021,0x0001,0x0021,0x0021,0x0021,0x0021,0x0021,0x0021,0x0021,0x0021,0x0021,0x0022,0x0021,0x0021,0x0021,0x0021,
    0x0021,0x0021,0x0021,0x0021,0x0021,0x0021,0x0001,0x0001,0x0001,0x0001,0x0001,0x0001,0x0021,0x0021,0x0021,0x0021,
    0x0021,0x0021,0x0021,0x0021,0x0021,0x0022,0x0022,0x0022,0x0022,0x0021,0x0021,0x0022,0x0022,0x0021,0x0021,0x0021,
    0x0021,0x0022,0x0021,0x0022,0x0022,0x0021,0x0022,0x0042,0x0022,0x0021,0x0022,0x0042,0x0022,0x0022,0x0022,0x0022,
    0x0022,0x0022,0x0022,0x0022,0x0042,0x0042,0x0042,0x0042,0x0883,0x0042,0x0042,0x0042,0x0042,0x0022,0x0022,0x0022,
    0x0022,0x0042,0x0022,0x0022,0x0022,0x0022,0x0042,0x0022,0x0022,0x0022,0x0022,0x0022,0x0022,0x0042,0x0022,0x0042,
    0x0042,0x0022,0x0042,0x0042,0x0042,0x0042,0x0042,0x0043,0x0022,0x0063,0x0863,0x0042,0x0043,0x0043,0x0043,0x0042,
    0x0043,0x0043,0x0043,0x0043,0x0043,0x0042,0x0042,0x0043,0x0042,0x0042,0x0042,0x0022,0x0042,0x0042,0x0042,0x0042,
    0x0042,0x0042,0x0022,0x0042,0x0022,0x0042,0x0022,0x0022,0x0043,0x0043,0x0022,0x0022,0x0022,0x0064,0x0063,0x0022,
    0x0043,0x0043,0x0063,0x0064,0x0064,0x0064,0x0063,0x0063,0x0063,0x0043,0x0063,0x0064,0x0064,0x0064,0x0085,0x0085,
    0x00c7,0x00e8,0x0909,0x092a,0x094b,0x098e,0x09d0,0x19d0,0x196b,0x196b,0x29af,0x31ce,0x2109,0x10c7,0x0885,0x10a5,
    0x2108,0x0864,0x0864,0x0043,0x0042,0x0021,0x0022,0x0884,0x0084,0x0063,0x0908,0x1a0d,0x19ec,0x2312,0x2312,0x0969,
    0x0907,0x0969,0x0927,0x09cc,0x09ec,0x0169,0x0169,0x018a,0x01aa,0x01eb,0x01eb,0x126d,0x22ee,0x01ab,0x4bb0,0x4c12,
    0x09eb,0x098a,0x09aa,0x228e,0x2aef,0x22cf,0x3330,0x2aef,0x22ae,0x2aef,0x2aae,0x224c,0x11aa,0x0907,0x08e6,0x08e6,
    0x0127,0x0147,0x0147,0x0127,0x0106,0x00e6,0x0106,0x0968,0x124b,0x126c,0x12ad,0x2c12,0x2432,0x1b90,0x2350,0x1b0f,
    0x1aef,0x124c,0x120b,0x1a4d,0x1a2c,0x1a0c,0x1a6d,0x1a4d,0x226e,0x228e,0x22f0,0x22af,0x1a4d,0x11aa,0x11ec,0x0948,
    0x0084,0x0907,0x1169,0x0948,0x0064,0x222a,0x3bf1,0x230e,0x22ee,0x1a4c,0x122c,0x124c,0x0927,0x0907,0x09a9,0x1a6d,
    0x12ae,0x0169,0x09ca,0x0a4d,0x0128,0x0128,0x0129,0x00c6,0x0108,0x018b,0x01ed,0x09cc,0x016a,0x0129,0x00e7,0x00c6,
    0x00c6,0x00c7,0x096a,0x0149,0x00e7,0x00c6,0x00a5,0x0084,0x00a5,0x00a6,0x0084,0x0064,0x0064,0x0084,0x00a6,0x0064,
    0x0042,0x0043,0x0063,0x0063,0x0084,0x0063,0x0043,0x0043,0x0063,0x0043,0x0022,0x0022,0x0043,0x0042,0x0042,0x0042,
    0x0042,0x0022,0x0022,0x0022,0x0022,0x0022,0x0022,0x0022,0x0022,0x0022,0x0043,0x0043,0x0043,0x0043,0x0043,0x0043,
    0x0043,0x0022,0x0022,0x10a4,0x10e6,0x08a5,0x0043,0x0884,0x0884,0x0863,0x0042,0x0042,0x0043,0x0042,0x0022,0x0021,
    0x0022,0x0022,0x0022,0x0021,0x0021,0x0021,0x0022,0x0021,0x0022,0x0022,0x0022,0x0022,0x0022,0x0021,0x0021,0x0021,
    0x0022,0x0022,0x0022,0x0001,0x0001,0x0021,0x0021,0x0001,0x0021,0x0001,0x0021,0x0021,0x0021,0x0021,0x0021,0x0021,
    0x0021,0x0842,0x0022,0x0021,0x0021,0x0021,0x0021,0x0021,0x0021,0x0021,0x0021,0x0021,0x0021,0x0021,0x0021,0x0021,
    0x0021,0x0021,0x0021,0x0021,0x0021,0x0021,0x0021,0x0021,0x0001,0x0001,0x0001,0x0021,0x0001,0x0021,0x0021,0x0021,
    0x0021,0x0021,0x0021,0x0021,0x0022,0x0022,0x0022,0x0022,0x0022,0x0022,0x0021,0x0021,0x0021,0x0021,0x0021,0x0021,
    0x0021,0x0021,0x0022,0x0022,0x0022,0x0022,0x0022,0x0021,0x0022,0x0022,0x0022,0x0022,0x0022,0x0022,0x0022,0x0022,
    0x0022,0x0022,0x0022,0x0022,0x0022,0x0042,0x0042,0x0042,0x08a4,0x0043,0x0042,0x0042,0x0042,0x0022,0x0022,0x0022,
    0x0042,0x0022,0x0022,0x0022,0x0022,0x0022,0x0042,0x0021,0x0022,0x0022,0x0022,0x0022,0x0022,0x0022,0x0022,0x0022,
    0x0022,0x0022,0x0042,0x0042,0x0042,0x0042,0x0042,0x0043,0x0022,0x0863,0x0043,0x0042,0x0863,0x0043,0x0043,0x0063,
    0x0043,0x0043,0x0063,0x0043,0x0043,0x0043,0x0042,0x0063,0x0042,0x0043,0x0022,0x0022,0x0042,0x0042,0x0042,0x0042,
    0x0042,0x0022,0x0043,0x0042,0x0022,0x0022,0x0042,0x0022,0x0064,0x0043,0x0022,0x0022,0x0022,0x0064,0x0063,0x0043,
    0x0064,0x0064,0x0085,0x0085,0x0085,0x0064,0x0064,0x0085,0x0064,0x0084,0x0064,0x0064,0x0064,0x0063,0x0085,0x0085,
    0x00c7,0x094a,0x092a,0x0929,0x092a,0x094b,0x098d,0x11d0,0x2211,0x21ad,0x3a11,0x31ad,0x214b,0x294b,0x1909,0x0884,
    0x0864,0x0864,0x10a6,0x0864,0x0022,0x0022,0x0022,0x0063,0x0885,0x0064,0x0884,0x0064,0x08a6,0x11ab,0x098a,0x00a5,
    0x08e6,0x120d,0x098a,0x096a,0x096a,0x0949,0x09ab,0x01cb,0x01ec,0x0a0c,0x01cb,0x332f,0x3370,0x0a0c,0x4c12,0x33b1,
    0x2b30,0x22ce,0x2b30,0x2b51,0x2b0f,0x228d,0x3b50,0x3b71,0x2aef,0x1a2c,0x11aa,0x0948,0x0927,0x0907,0x0927,0x0928,
    0x0127,0x0127,0x0127,0x0127,0x0106,0x0106,0x00e6,0x0927,0x124a,0x09c9,0x234e,0x34b4,0x23f1,0x1b4f,0x1b0f,0x1b2f,
    0x1b0f,0x1ace,0x1aad,0x1a6d,0x1a6d,0x1a2c,0x226d,0x1a6d,0x22ae,0x228e,0x2b10,0x1a2c,0x11cb,0x11eb,0x098a,0x00c5,
    0x1169,0x11cb,0x11aa,0x0907,0x0043,0x1a0a,0x33b0,0x2b4f,0x22cd,0x2b2f,0x230f,0x0989,0x0948,0x0968,0x0968,0x126d,
    0x0a0c,0x09aa,0x124d,0x01aa,0x0128,0x0108,0x0108,0x0128,0x0108,0x00e7,0x0108,0x0108,0x0108,0x0107,0x0108,0x00c7,
    0x00a5,0x00a6,0x0108,0x00e6,0x00a5,0x0949,0x0128,0x0085,0x00a5,0x0085,0x0043,0x0064,0x0065,0x00a5,0x00a5,0x0064,
    0x0043,0x0064,0x0063,0x0043,0x0064,0x0064,0x0043,0x0043,0x0043,0x0022,0x0022,0x0022,0x0022,0x0022,0x0022,0x0042,
    0x0022,0x0042,0x0863,0x0022,0x0022,0x0022,0x0022,0x0022,0x0042,0x0042,0x0022,0x0022,0x0022,0x0863,0x0063,0x0022,
    0x0042,0x0022,0x0042,0x0884,0x08a5,0x0884,0x0043,0x0043,0x0063,0x0063,0x0022,0x0042,0x0042,0x0042,0x0022,0x0021,
    0x0022,0x0022,0x0022,0x0022,0x0022,0x0022,0x0022,0x0021,0x0022,0x0022,0x0022,0x0022,0x0022,0x0021,0x0001,0x0001,
    0x0001,0x0022,0x0021,0x0021,0x0001,0x0021,0x0001,0x0001,0x0021,0x0021,0x0021,0x0021,0x0001,0x0021,0x0021,0x0021,
    0x0001,0x0862,0x0021,0x0001,0x0021,0x0021,0x0021,0x0021,0x0021,0x0022,0x0021,0x0022,0x0021,0x0021,0x0021,0x0021,
    0x0021,0x0021,0x0021,0x0021,0x0021,0x0021,0x0021,0x0021,0x0001,0x0001,0x0001,0x0001,0x0001,0x0021,0x0001,0x0021,
    0x0021,0x0022,0x0021,0x0022,0x0022,0x0022,0x0022,0x0022,0x0022,0x0022,0x0021,0x0021,0x0021,0x0021,0x0021,0x0001,
    0x0021,0x0021,0x0022,0x0022,0x0022,0x0042,0x0022,0x0022,0x0022,0x0022,0x0022,0x0022,0x0022,0x0022,0x0022,0x0022,
    0x0022,0x0022,0x0022,0x0022,0x0042,0x0042,0x0042,0x0042,0x0022,0x0042,0x0042,0x0042,0x0042,0x0022,0x0022,0x0022,
    0x0022,0x0042,0x0022,0x0021,0x0022,0x0022,0x0021,0x0063,0x0063,0x0022,0x0022,0x0022,0x0022,0x0022,0x0022,0x0022,
    0x0022,0x0022,0x0022,0x0042,0x0042,0x0042,0x0042,0x0043,0x0042,0x0022,0x0042,0x0042,0x0043,0x0042,0x0042,0x0884,
    0x0043,0x0063,0x0063,0x0042,0x0043,0x0063,0x0042,0x0042,0x0042,0x0043,0x0043,0x0043,0x0042,0x0042,0x0042,0x0042,
    0x0042,0x0022,0x0043,0x0042,0x0022,0x0022,0x0022,0x0043,0x0063,0x0022,0x0022,0x0042,0x0042,0x0042,0x0043,0x0084,
    0x0085,0x0085,0x08a6,0x00a5,0x00a5,0x0085,0x0064,0x0064,0x0064,0x0064,0x0064,0x0064,0x0064,0x0064,0x0084,0x0085,
    0x08c6,0x094b,0x092a,0x092a,0x092a,0x00e8,0x094b,0x09af,0x11d0,0x3254,0x3a33,0x4233,0x214b,0x39cf,0x318d,0x0864,
    0x0864,0x0864,0x1085,0x0864,0x0043,0x0043,0x0022,0x0042,0x0864,0x0063,0x0022,0x0022,0x08a5,0x0885,0x0063,0x0064,
    0x08e6,0x11cb,0x0a2d,0x0a70,0x0a2e,0x0a0d,0x0a0c,0x0a2d,0x01ec,0x0a2c,0x01cb,0x2b50,0x5cd4,0x54d4,0x4cb4,0x3391,
    0x22ee,0x43f2,0x54b5,0x3391,0x3371,0x2b0f,0x2aef,0x226d,0x1a2c,0x22ce,0x11a9,0x19eb,0x1169,0x1148,0x11aa,0x1168,
    0x0106,0x0106,0x0127,0x0127,0x0106,0x0106,0x00e6,0x0927,0x126b,0x128c,0x22ed,0x3c93,0x23b0,0x1b2f,0x1b0e,0x232f,
    0x1b2f,0x1b2f,0x1ace,0x1a2b,0x1a6d,0x1a4d,0x228e,0x22cf,0x2b71,0x3392,0x22cf,0x11cb,0x1189,0x222b,0x00c5,0x08e5,
    0x1188,0x1a0c,0x19eb,0x00a5,0x19ea,0x4412,0x2b70,0x3370,0x2b2e,0x22cd,0x332f,0x11c9,0x0989,0x11eb,0x1a8d,0x2b71,
    0x124d,0x09cb,0x098a,0x0128,0x00e6,0x0128,0x0108,0x0129,0x0128,0x00c6,0x00c6,0x00c6,0x00e7,0x00c6,0x00e7,0x00e8,
    0x00a5,0x00a5,0x00c6,0x0085,0x0084,0x00c6,0x00e7,0x0085,0x00a6,0x0064,0x0043,0x0043,0x0065,0x00a6,0x0085,0x0043,
    0x0063,0x0064,0x0043,0x0063,0x0884,0x0084,0x0063,0x0043,0x0022,0x0042,0x0022,0x0022,0x0022,0x0022,0x0022,0x0022,
    0x0022,0x0043,0x0043,0x0022,0x0022,0x0022,0x0022,0x0022,0x0022,0x0022,0x0022,0x0042,0x0042,0x0022,0x0022,0x0022,
    0x0022,0x0022,0x0042,0x0043,0x0022,0x0042,0x0042,0x0042,0x0043,0x0043,0x10a4,0x0042,0x0042,0x0022,0x0022,0x0021,
    0x0021,0x0022,0x0022,0x0022,0x0022,0x0022,0x0022,0x0022,0x0021,0x0021,0x0022,0x0022,0x0022,0x0022,0x0021,0x0022,
    0x0021,0x0022,0x0021,0x0001,0x0021,0x0021,0x0021,0x0021,0x0021,0x0021,0x0001,0x0021,0x0021,0x0021,0x0021,0x0021,
    0x0021,0x0001,0x0001,0x0021,0x0001,0x0001,0x0021,0x0021,0x0042,0x0022,0x0021,0x0021,0x0021,0x0021,0x0021,0x0021,
    0x0021,0x0021,0x0021,0x0021,0x0021,0x0021,0x0021,0x0021,0x0001,0x0021,0x0021,0x0021,0x0001,0x0001,0x0021,0x0021,
    0x0021,0x0021,0x0021,0x0021,0x0021,0x0021,0x0022,0x0022,0x0022,0x0022,0x0021,0x0021,0x0021,0x0021,0x0021,0x0021,
    0x0022,0x0021,0x0021,0x0001,0x0021,0x0042,0x0022,0x0022,0x0022,0x0022,0x0042,0x0022,0x0022,0x0022,0x0022,0x0022,
    0x0022,0x0022,0x0042,0x0022,0x0022,0x0042,0x0042,0x0042,0x0042,0x0042,0x0042,0x0022,0x0042,0x0022,0x0022,0x0022,
    0x0022,0x0022,0x0022,0x0022,0x0022,0x0022,0x0022,0x0043,0x0042,0x0022,0x0022,0x0022,0x0022,0x0022,0x0022,0x0022,
    0x0022,0x0042,0x0043,0x0042,0x0042,0x0022,0x0042,0x0043,0x0063,0x0042,0x0042,0x0042,0x0043,0x0043,0x0043,0x0863,
    0x0043,0x0863,0x0063,0x0043,0x0043,0x0042,0x0042,0x0043,0x0063,0x0063,0x0063,0x0063,0x0043,0x0022,0x0022,0x0042,
    0x0022,0x0042,0x0043,0x0042,0x0042,0x0022,0x0022,0x0043,0x0043,0x0022,0x0043,0x0043,0x0022,0x0042,0x0063,0x0064,
    0x08a5,0x08c6,0x00c7,0x00c7,0x08c6,0x00a5,0x0064,0x0064,0x0063,0x0063,0x0064,0x0064,0x0064,0x0064,0x0085,0x00a5,
    0x0085,0x0908,0x094b,0x092a,0x0909,0x0909,0x012a,0x098d,0x11f1,0x2a95,0x2a34,0x4ab6,0x4211,0x318d,0x31ae,0x10a5,
    0x0043,0x10a5,0x0885,0x0863,0x0063,0x0043,0x0042,0x0022,0x0022,0x0084,0x0884,0x0063,0x08c6,0x08a5,0x0884,0x08e7,
    0x08c6,0x1189,0x126e,0x0a4f,0x0a4e,0x0a4e,0x0a2d,0x0a2d,0x09ec,0x01cb,0x3370,0x85d7,0x7db6,0x85f7,0x64f5,0x3bd1,
    0x334f,0x5493,0x5cb4,0x4434,0x4434,0x3391,0x3351,0x228e,0x1a2c,0x224c,0x1168,0x226c,0x1168,0x11a9,0x1a0b,0x19ca,
    0x0106,0x0168,0x0189,0x0106,0x0106,0x0127,0x0106,0x0106,0x122b,0x124c,0x09c9,0x3432,0x2c12,0x1b4f,0x1aee,0x1a8d,
    0x1aae,0x2350,0x230f,0x22ce,0x22cf,0x22af,0x22af,0x2b71,0x4c74,0x2b30,0x1a6d,0x224c,0x1a0b,0x1168,0x08c5,0x11a9,
    0x1a6d,0x3392,0x1a0c,0x0907,0x3391,0x2b71,0x230f,0x22ee,0x334e,0x3b6e,0x22ac,0x228d,0x22cf,0x2330,0x33f2,0x2b92,
    0x124d,0x0948,0x0928,0x0107,0x0107,0x0149,0x0108,0x00c6,0x00e7,0x00c7,0x0108,0x0149,0x00c6,0x00c6,0x00a6,0x00a6,
    0x00a5,0x00a5,0x00a5,0x0085,0x00a5,0x0085,0x00a6,0x00c6,0x00a5,0x0063,0x0063,0x0063,0x0085,0x00a6,0x0085,0x0063,
    0x0063,0x0063,0x0063,0x0084,0x00a5,0x0064,0x0063,0x0022,0x0022,0x0023,0x0043,0x0042,0x0022,0x0022,0x0022,0x0043,
    0x0022,0x0022,0x0022,0x0043,0x0063,0x0022,0x0022,0x0022,0x0022,0x0042,0x0042,0x0042,0x0022,0x0022,0x0022,0x0022,
    0x0022,0x0022,0x0042,0x0022,0x0022,0x0022,0x0022,0x0042,0x0063,0x0043,0x10a4,0x0043,0x0042,0x0042,0x0022,0x0021,
    0x0022,0x0022,0x0022,0x0022,0x0022,0x0022,0x0022,0x0022,0x0022,0x0022,0x0022,0x0021,0x0022,0x0022,0x0022,0x0022,
    0x0042,0x0022,0x0022,0x0021,0x0021,0x0021,0x0021,0x0021,0x0021,0x0021,0x0021,0x0021,0x0021,0x0021,0x0021,0x0021,
    0x0021,0x0021,0x0021,0x0021,0x0021,0x0021,0x0021,0x0022,0x0021,0x0021,0x0021,0x0021,0x0021,0x0021,0x0021,0x0021,
    0x0021,0x0021,0x0021,0x0021,0x0001,0x0021,0x0021,0x0021,0x0021,0x0001,0x0021,0x0001,0x0001,0x0001,0x0001,0x0022,
    0x0022,0x0021,0x0021,0x0021,0x0021,0x0022,0x0021,0x0021,0x0021,0x0021,0x0042,0x0022,0x0021,0x0021,0x0021,0x0021,
    0x0021,0x0021,0x0021,0x10a3,0x0022,0x0021,0x0021,0x0021,0x0001,0x0862,0x0863,0x0021,0x0022,0x0022,0x0022,0x0021,
    0x0022,0x0022,0x0022,0x0022,0x0042,0x0042,0x0022,0x0042,0x0022,0x0042,0x0022,0x0022,0x0022,0x0022,0x0022,0x0022,
    0x0022,0x0022,0x0022,0x0022,0x0022,0x0022,0x0042,0x0042,0x0022,0x0022,0x0022,0x0022,0x0022,0x0022,0x0022,0x0022,
    0x0022,0x0042,0x0043,0x0042,0x0042,0x0042,0x0043,0x0063,0x0043,0x0042,0x0042,0x0063,0x08a4,0x0043,0x0043,0x0043,
    0x0042,0x0063,0x0043,0x0043,0x0042,0x0043,0x0883,0x08a5,0x0884,0x08a5,0x0884,0x0063,0x0043,0x0042,0x0042,0x0022,
    0x0042,0x0043,0x0022,0x0063,0x0063,0x0022,0x0042,0x0043,0x0042,0x0022,0x0042,0x0042,0x0042,0x0043,0x0064,0x0084,
    0x08a5,0x0908,0x4b11,0x21ed,0x08e7,0x00a6,0x0084,0x0064,0x0064,0x0084,0x0064,0x0064,0x0064,0x0064,0x0085,0x00a6,
    0x0085,0x00a6,0x08e8,0x00c7,0x0908,0x092a,0x098c,0x09ae,0x1211,0x2ad5,0x2a95,0x52d7,0x3a10,0x0885,0x318e,0x18e8,
    0x0885,0x1908,0x0864,0x0864,0x0884,0x0864,0x0063,0x0064,0x0043,0x0022,0x08a5,0x1107,0x1129,0x08e8,0x0928,0x118b,
    0x1129,0x0884,0x11cb,0x12b0,0x0a6f,0x0a6f,0x0a2d,0x0a4e,0x0a0d,0x1aae,0x5c73,0x6473,0x43b1,0x4c53,0x5474,0x5473,
    0x7555,0x8e38,0x6515,0x4414,0x3392,0x2b10,0x2b0f,0x22ce,0x22ae,0x1a0b,0x1189,0x11ca,0x19ea,0x224c,0x1a4c,0x1a2c,
    0x0188,0x01a9,0x0168,0x0106,0x0148,0x09a9,0x0947,0x0106,0x09a9,0x0988,0x0147,0x2390,0x23f2,0x1b50,0x230e,0x1aad,
    0x232f,0x2350,0x2b70,0x2b91,0x2b71,0x2b51,0x3371,0x33b2,0x4433,0x122b,0x1a6d,0x2aef,0x11aa,0x1189,0x22ef,0x33b3,
    0x3c14,0x1a8e,0x11aa,0x1a8e,0x1acf,0x1acf,0x22ef,0x22cf,0x2b10,0x3393,0x3331,0x2b30,0x2351,0x2330,0x2b91,0x1b10,
    0x124d,0x0969,0x09aa,0x0148,0x098a,0x016a,0x00e7,0x0085,0x00a5,0x00e6,0x0108,0x0149,0x00a6,0x00a6,0x00c6,0x0108,
    0x00e7,0x00c7,0x0084,0x0085,0x00a5,0x00a6,0x00a6,0x00a5,0x0085,0x0064,0x0064,0x0064,0x0064,0x0064,0x00a6,0x0084,
    0x0063,0x0063,0x0064,0x00a5,0x0043,0x0042,0x0043,0x0022,0x0042,0x0043,0x0022,0x0043,0x0043,0x0022,0x0883,0x0042,
    0x0022,0x0022,0x0022,0x0022,0x0022,0x0043,0x0022,0x0022,0x0022,0x0022,0x0022,0x0022,0x0022,0x0043,0x0883,0x0042,
    0x0022,0x0022,0x0022,0x0022,0x0022,0x0022,0x0022,0x0022,0x0043,0x0043,0x0022,0x0022,0x0022,0x0043,0x0022,0x0022,
    0x0022,0x0022,0x0022,0x0022,0x0022,0x0022,0x0022,0x0022,0x0022,0x0022,0x0021,0x0022,0x0022,0x0022,0x0021,0x0021,
    0x0022,0x0022,0x0022,0x0022,0x0022,0x0021,0x0022,0x0022,0x0021,0x0021,0x0021,0x0001,0x0021,0x0021,0x0021,0x0021,
    0x0021,0x0021,0x0021,0x0001,0x0001,0x0001,0x0021,0x0001,0x20e4,0x0862,0x0001,0x0021,0x0021,0x0021,0x0021,0x0021,
    0x0021,0x0021,0x0021,0x0021,0x0021,0x0021,0x0021,0x0021,0x0021,0x0021,0x0001,0x0022,0x0022,0x0001,0x0021,0x0021,
    0x0022,0x0021,0x0021,0x0022,0x0022,0x0021,0x0021,0x0021,0x0021,0x0021,0x0022,0x0022,0x0022,0x0021,0x0001,0x0021,
    0x0021,0x0021,0x0021,0x0883,0x0022,0x0021,0x0021,0x0022,0x0022,0x0022,0x0042,0x0022,0x0022,0x0022,0x0022,0x0022,
    0x0022,0x0022,0x0022,0x0022,0x0022,0x0022,0x0022,0x0022,0x0022,0x0022,0x0022,0x0022,0x0022,0x0022,0x0022,0x0022,
    0x0022,0x0042,0x0022,0x0022,0x0022,0x0022,0x0022,0x0022,0x0022,0x0022,0x0022,0x0022,0x0022,0x0022,0x0022,0x0022,
    0x0022,0x0022,0x0042,0x0042,0x0042,0x0042,0x0043,0x0042,0x0022,0x0043,0x0043,0x0063,0x2147,0x10c5,0x2988,0x0043,
    0x0043,0x0043,0x0043,0x0063,0x0884,0x08a5,0x08a5,0x08c5,0x0884,0x0884,0x08a5,0x0043,0x0042,0x0042,0x0022,0x0022,
    0x0042,0x0022,0x0022,0x0022,0x0042,0x0043,0x0043,0x0042,0x0042,0x0042,0x0043,0x0043,0x0043,0x0063,0x0084,0x0085,
    0x00c6,0x08e8,0x63b2,0x324d,0x08c7,0x08a6,0x0085,0x0064,0x0064,0x00a5,0x0064,0x0064,0x0064,0x0064,0x0084,0x0085,
    0x0085,0x0085,0x00c6,0x00a6,0x0929,0x116c,0x11ae,0x11f0,0x09ae,0x1212,0x1a96,0x4b59,0x218d,0x08a7,0x210a,0x18e8,
    0x08a5,0x18e8,0x0885,0x10c6,0x1908,0x0063,0x0885,0x08a6,0x08c7,0x0064,0x0043,0x08c6,0x08c6,0x0908,0x118b,0x1a0e,
    0x118b,0x0928,0x1b12,0x1b53,0x1290,0x120d,0x09ab,0x122d,0x11cb,0x19ca,0x222c,0x228e,0x4391,0x43b2,0x4c13,0x64b4,
    0x6d15,0x7db7,0x5cf5,0x4413,0x3351,0x2b10,0x22ae,0x1a8e,0x22ae,0x1a2d,0x11cb,0x222c,0x222c,0x2a8e,0x1a2c,0x11aa,
    0x0968,0x0147,0x0127,0x0147,0x09a9,0x0a0a,0x0988,0x0947,0x09a9,0x124c,0x11c9,0x2370,0x236f,0x1aee,0x230e,0x33d1,
    0x2bd1,0x2b70,0x22ef,0x3391,0x4c33,0x3bf3,0x3371,0x3bf3,0x4454,0x1a6d,0x1a4d,0x2b51,0x1a6d,0x11aa,0x1a8f,0x3c35,
    0x3392,0x1a2c,0x2b92,0x2351,0x1af0,0x1af0,0x1aaf,0x1aaf,0x2311,0x2b53,0x3373,0x4496,0x33d3,0x2b92,0x2330,0x122c,
    0x1af0,0x124d,0x12af,0x01ab,0x0149,0x018a,0x00c6,0x0084,0x0084,0x00c6,0x0108,0x00e7,0x00a5,0x0085,0x00a5,0x00c6,
    0x00c6,0x00a6,0x0084,0x0085,0x00a5,0x0085,0x0085,0x0064,0x0064,0x0084,0x0084,0x0063,0x0064,0x0043,0x0084,0x0063,
    0x0063,0x0084,0x0084,0x0063,0x0043,0x0043,0x0042,0x0043,0x0043,0x0043,0x0063,0x0043,0x0022,0x0022,0x0043,0x0022,
    0x0022,0x0042,0x0022,0x0022,0x0042,0x0042,0x0022,0x0022,0x0022,0x0022,0x0022,0x0022,0x0863,0x0863,0x10c5,0x0043,
    0x0022,0x0022,0x0022,0x0022,0x0022,0x0022,0x0022,0x0022,0x0022,0x0043,0x0042,0x0022,0x0022,0x0043,0x0022,0x0022,
    0x0022,0x0022,0x0022,0x0022,0x0022,0x0022,0x0022,0x0022,0x0022,0x0022,0x0021,0x0021,0x0021,0x0021,0x0021,0x0021,
    0x0021,0x0021,0x0022,0x0022,0x0021,0x0021,0x0021,0x0022,0x0021,0x0021,0x0001,0x0001,0x0021,0x0021,0x0021,0x0021,
    0x0021,0x0021,0x0021,0x0021,0x0021,0x0001,0x0001,0x0021,0x0842,0x0021,0x0021,0x0021,0x0021,0x0021,0x0021,0x0022,
    0x0021,0x0021,0x0021,0x0021,0x0001,0x0021,0x0021,0x0001,0x0021,0x0021,0x0001,0x0021,0x0021,0x0001,0x0021,0x0021,
    0x0042,0x0022,0x0021,0x0001,0x0001,0x0021,0x0021,0x0021,0x0022,0x0021,0x0022,0x0021,0x0021,0x0021,0x0021,0x0021,
    0x0021,0x0021,0x0021,0x0001,0x0021,0x0021,0x0022,0x0022,0x0022,0x0022,0x0022,0x0022,0x0022,0x0022,0x0022,0x0022,
    0x0022,0x0022,0x0022,0x0022,0x0022,0x0022,0x0022,0x0022,0x0022,0x0022,0x0022,0x0022,0x0022,0x0022,0x0022,0x0022,
    0x0022,0x0022,0x0022,0x0022,0x0022,0x0022,0x0022,0x0021,0x0863,0x0022,0x0022,0x0022,0x0022,0x0022,0x0022,0x0022,
    0x0022,0x0022,0x0042,0x0022,0x0042,0x0043,0x0042,0x0022,0x0042,0x0043,0x0022,0x0042,0x0022,0x0063,0x08a4,0x0063,
    0x0043,0x0043,0x0064,0x08c6,0x10e6,0x1927,0x1948,0x1948,0x08a5,0x08a4,0x0884,0x0043,0x0042,0x0042,0x0042,0x0042,
    0x0022,0x0042,0x0042,0x0022,0x0022,0x0022,0x0043,0x0043,0x0043,0x0043,0x0063,0x0043,0x0043,0x0064,0x0084,0x0064,
    0x00a5,0x00a6,0x00c7,0x00c6,0x08a6,0x0085,0x0064,0x0064,0x0064,0x0064,0x0064,0x0064,0x0084,0x0064,0x0085,0x0085,
    0x0085,0x08c6,0x08e8,0x00c7,0x0909,0x08e9,0x092a,0x1a11,0x09ad,0x098d,0x1a53,0x4318,0x6b78,0x212b,0x292b,0x10a6,
    0x0884,0x0864,0x0884,0x1929,0x1929,0x08a5,0x10e7,0x08a5,0x08c6,0x08a6,0x0043,0x0864,0x08a5,0x0085,0x11ac,0x11ed,
    0x116a,0x118b,0x1af2,0x1355,0x124f,0x11ed,0x09cc,0x11ec,0x0969,0x1148,0x5432,0x5c95,0x5454,0x4c54,0x5474,0x4c33,
    0x3b91,0x5474,0x4c74,0x33b2,0x2b30,0x2b31,0x22cf,0x22af,0x1a6e,0x11cb,0x11aa,0x118a,0x1a0c,0x226e,0x1a0c,0x19aa,
    0x0147,0x0968,0x0927,0x0989,0x0a4b,0x0a2a,0x09c9,0x0926,0x09a9,0x128c,0x230e,0x2c12,0x1acd,0x1a8d,0x124c,0x22ce,
    0x3c13,0x2b50,0x22ef,0x3bb1,0x3bb1,0x3bf3,0x3bf3,0x4c95,0x6557,0x2b0f,0x2aef,0x3371,0x1a4c,0x11ca,0x1a8e,0x2311,
    0x22ae,0x2b72,0x33d4,0x2b72,0x2371,0x22f0,0x1a8e,0x1aaf,0x22f0,0x2b11,0x3393,0x4476,0x3c97,0x2bd3,0x122d,0x09aa,
    0x122c,0x12ae,0x128e,0x0989,0x0107,0x09ec,0x0169,0x00a5,0x0084,0x0085,0x00c6,0x00a6,0x00a5,0x00a5,0x00a6,0x0084,
    0x00a6,0x0085,0x0085,0x0085,0x0085,0x0084,0x0084,0x0084,0x0084,0x0085,0x0084,0x0064,0x0064,0x0043,0x0043,0x0043,
    0x0043,0x08a5,0x0063,0x0043,0x0043,0x0043,0x0043,0x0043,0x0043,0x0043,0x0043,0x0022,0x0022,0x0022,0x0022,0x0022,
    0x0022,0x0022,0x0022,0x0022,0x0863,0x0043,0x0022,0x0022,0x0022,0x0022,0x0022,0x0022,0x0022,0x0022,0x0022,0x0022,
    0x0022,0x0022,0x0022,0x0022,0x0022,0x0022,0x0022,0x0022,0x0022,0x0022,0x0042,0x0042,0x0022,0x0042,0x0042,0x0022,
    0x0022,0x0022,0x0022,0x0022,0x0022,0x0022,0x0022,0x0022,0x0022,0x0022,0x0021,0x0022,0x0021,0x0022,0x0021,0x0021,
    0x0021,0x0021,0x0021,0x0021,0x0021,0x0021,0x0021,0x0021,0x0021,0x0021,0x0021,0x0021,0x0021,0x0021,0x0021,0x0021,
    0x0021,0x0021,0x0001,0x0021,0x0001,0x0001,0x0021,0x0001,0x0001,0x0001,0x0021,0x0001,0x0021,0x0021,0x0021,0x0022,
    0x0001,0x0021,0x0021,0x0001,0x0021,0x0021,0x0021,0x0021,0x0021,0x0021,0x0021,0x0021,0x0021,0x0021,0x0001,0x0021,
    0x0001,0x0021,0x0021,0x0001,0x0021,0x0021,0x0021,0x0021,0x0021,0x0021,0x0021,0x0022,0x0021,0x0021,0x0021,0x0021,
    0x0021,0x0022,0x0022,0x0021,0x0021,0x0021,0x0022,0x0022,0x0022,0x0022,0x0021,0x0021,0x0022,0x0021,0x0021,0x0022,
    0x0022,0x0022,0x0022,0x0022,0x0022,0x0022,0x0022,0x0022,0x0022,0x0022,0x0022,0x0022,0x0022,0x0022,0x0022,0x0022,
    0x0042,0x0022,0x0022,0x0022,0x0022,0x0022,0x0022,0x0022,0x0022,0x0022,0x0022,0x0022,0x0022,0x0022,0x0022,0x0022,
    0x0022,0x0022,0x0042,0x0022,0x0042,0x0042,0x0042,0x0022,0x0042,0x0042,0x0042,0x0042,0x0043,0x0043,0x0043,0x0042,
    0x0063,0x0884,0x08a5,0x08c6,0x1107,0x21aa,0x1928,0x1107,0x08c5,0x10c6,0x0063,0x0042,0x0022,0x0022,0x0022,0x0022,
    0x0042,0x0042,0x0042,0x0022,0x0043,0x0042,0x0043,0x0043,0x0043,0x0063,0x0043,0x0043,0x0042,0x0084,0x0064,0x0064,
    0x0085,0x0064,0x00a5,0x00a5,0x0085,0x0085,0x0085,0x0085,0x0085,0x0084,0x0064,0x0085,0x00a5,0x00a5,0x0085,0x0084,
    0x0085,0x00a6,0x00e7,0x0108,0x0109,0x00e8,0x0929,0x096c,0x09ae,0x09d0,0x1212,0x3a95,0x6293,0x292c,0x294c,0x0885,
    0x0864,0x0043,0x10a5,0x212a,0x10e7,0x18e7,0x1908,0x10c6,0x0885,0x0864,0x08a5,0x0907,0x1128,0x19ec,0x1a2f,0x1a4f,
    0x0949,0x0908,0x11ac,0x120e,0x11ac,0x114a,0x11ac,0x22b0,0x1a0c,0x222b,0x8e18,0x7d97,0x6cf5,0x6d16,0x5474,0x3b71,
    0x2aaf,0x224d,0x228e,0x2bb3,0x2b52,0x2b72,0x22f0,0x22cf,0x228f,0x1a2d,0x19ec,0x19cc,0x226f,0x228f,0x19cb,0x19cb,
    0x0968,0x0968,0x0948,0x0a2b,0x12cd,0x0a0a,0x09c9,0x0947,0x09c9,0x2390,0x2bf1,0x1b6f,0x1acd,0x124b,0x1a6c,0x1a4c,
    0x3371,0x3391,0x3371,0x3c33,0x3c13,0x4c74,0x4c74,0x6536,0x2aee,0x4453,0x3bf2,0x2b30,0x11ea,0x11eb,0x1af0,0x11eb,
    0x22af,0x3bf5,0x2b52,0x22f0,0x22ae,0x1a2c,0x22af,0x2b10,0x33b3,0x3393,0x3392,0x33b2,0x2bb2,0x3c35,0x126e,0x124e,
    0x09cb,0x09cb,0x09cb,0x0107,0x0949,0x09cb,0x0128,0x0107,0x00a5,0x0085,0x0085,0x08c6,0x0064,0x0064,0x0085,0x00a6,
    0x00c6,0x00a6,0x0085,0x0085,0x0085,0x0085,0x0085,0x0085,0x0085,0x00a5,0x00a5,0x00a6,0x0064,0x0042,0x0043,0x0863,
    0x0863,0x0043,0x0043,0x0043,0x0063,0x0064,0x0043,0x0043,0x0043,0x0022,0x0043,0x0022,0x0022,0x0043,0x0043,0x0022,
    0x0022,0x0022,0x0022,0x0042,0x0022,0x0022,0x0042,0x0022,0x0042,0x0022,0x0022,0x0022,0x0022,0x0022,0x0022,0x0022,
    0x0022,0x0042,0x0022,0x0022,0x0022,0x0022,0x0022,0x0022,0x0022,0x0042,0x0022,0x0022,0x0022,0x0022,0x0042,0x0022,
    0x0022,0x0022,0x0022,0x0022,0x0022,0x0022,0x0022,0x0022,0x0022,0x0022,0x0022,0x0022,0x0021,0x0021,0x0021,0x0021,
    0x0001,0x0021,0x0021,0x0021,0x0021,0x0021,0x0021,0x0021,0x0021,0x0021,0x0022,0x0022,0x0021,0x0021,0x0021,0x0001,
    0x0021,0x0001,0x0021,0x0001,0x0021,0x0022,0x0022,0x0001,0x0001,0x0021,0x0021,0x0001,0x0022,0x0022,0x0021,0x0021,
    0x0021,0x0001,0x0021,0x0021,0x0021,0x0021,0x0021,0x0021,0x0021,0x0021,0x0001,0x0021,0x0022,0x0021,0x0001,0x0001,
    0x0021,0x0021,0x0021,0x0042,0x0001,0x0021,0x0021,0x0021,0x0021,0x0021,0x0021,0x0022,0x0021,0x0022,0x0042,0x0021,
    0x0021,0x0021,0x0022,0x0022,0x0021,0x0021,0x0022,0x0022,0x0022,0x0022,0x0042,0x0883,0x0001,0x0022,0x0021,0x0022,
    0x0022,0x0022,0x0022,0x0022,0x0022,0x0022,0x0022,0x0022,0x0022,0x0022,0x0022,0x0022,0x0022,0x0022,0x0022,0x0042,
    0x0022,0x0022,0x0022,0x0022,0x0022,0x0022,0x0022,0x0022,0x0022,0x0021,0x0022,0x0022,0x0022,0x0022,0x0022,0x0042,
    0x0022,0x0022,0x0042,0x0022,0x0042,0x0042,0x0043,0x0042,0x0043,0x0863,0x0042,0x0043,0x0042,0x0063,0x0863,0x0043,
    0x0863,0x08a4,0x1906,0x2169,0x3a2d,0x29cb,0x10e6,0x08a5,0x10c6,0x0864,0x0043,0x0022,0x0022,0x0022,0x0022,0x0022,
    0x0022,0x0043,0x0043,0x0022,0x0042,0x0043,0x0043,0x0043,0x0043,0x0043,0x0043,0x0043,0x0043,0x0043,0x00a5,0x00a5,
    0x0064,0x0085,0x0085,0x0084,0x0085,0x0085,0x0084,0x0084,0x0085,0x0064,0x0064,0x0065,0x0085,0x00a6,0x00a5,0x0085,
    0x00a5,0x00a6,0x00c7,0x00e8,0x0109,0x08e8,0x094b,0x098d,0x11cf,0x09f2,0x09f2,0x192a,0x20ea,0x210a,0x18e8,0x0043,
    0x0063,0x0864,0x10a6,0x10a6,0x0885,0x18e7,0x1908,0x10c7,0x0063,0x0043,0x08e6,0x08e7,0x1149,0x3353,0x1a70,0x1a70,
    0x118b,0x1149,0x19ee,0x116a,0x11ac,0x114a,0x196b,0x32b0,0x3b51,0x3b31,0x5413,0x3b30,0x7515,0x7557,0x5475,0x3331,
    0x3b31,0x2a8f,0x3373,0x43d4,0x2ad0,0x2ad0,0x1169,0x19cc,0x32f1,0x2b12,0x224e,0x1a2d,0x2ad1,0x19ec,0x08c6,0x1128,
    0x0147,0x0106,0x0968,0x12ad,0x0aad,0x0a6c,0x126c,0x11e9,0x230e,0x3412,0x23b0,0x1aee,0x1aad,0x126c,0x2acd,0x1a6d,
    0x2b50,0x3bf3,0x33d2,0x4474,0x54f6,0x54d5,0x4cb5,0x6577,0x2b0f,0x4c74,0x3391,0x22cf,0x1a6d,0x124d,0x128f,0x098a,
    0x2af0,0x3bd4,0x22f1,0x22d0,0x1a6e,0x2af0,0x4455,0x3392,0x4496,0x33f4,0x43f3,0x3370,0x2b71,0x4cd7,0x2bf3,0x1b72,
    0x128e,0x09ca,0x09eb,0x0148,0x122c,0x0148,0x00e6,0x0107,0x0085,0x0085,0x0064,0x00a5,0x0064,0x0064,0x00a5,0x0086,
    0x1108,0x08e7,0x08c6,0x0084,0x0064,0x0085,0x00a5,0x00a5,0x0085,0x00a5,0x00a6,0x00c6,0x0064,0x0043,0x0043,0x0063,
    0x0864,0x0043,0x0063,0x0063,0x0064,0x0043,0x0042,0x0042,0x0043,0x0043,0x0043,0x0043,0x0043,0x0043,0x0043,0x0022,
    0x0022,0x0022,0x0022,0x0022,0x0022,0x0022,0x0042,0x0022,0x0042,0x0022,0x0042,0x0042,0x0022,0x0022,0x0022,0x0022,
    0x0043,0x0022,0x0022,0x0022,0x0022,0x0022,0x0042,0x0022,0x0022,0x0022,0x0022,0x0022,0x0021,0x0042,0x0043,0x0022,
    0x0022,0x0022,0x0022,0x0022,0x0022,0x0022,0x0022,0x0022,0x0022,0x0022,0x0022,0x0022,0x0022,0x0021,0x0021,0x0022,
    0x0022,0x0022,0x0021,0x0021,0x0021,0x0021,0x0021,0x0021,0x0021,0x0021,0x0022,0x0022,0x0021,0x0021,0x0021,0x0021,
    0x0001,0x0001,0x0021,0x0021,0x0001,0x0001,0x0021,0x0021,0x0001,0x0021,0x0021,0x0021,0x0021,0x0022,0x0022,0x0021,
    0x0021,0x0021,0x0001,0x0001,0x0001,0x0021,0x0021,0x0001,0x0021,0x0021,0x0021,0x0021,0x0021,0x0021,0x0022,0x0021,
    0x0021,0x0021,0x0021,0x0022,0x0021,0x0021,0x0021,0x0022,0x0021,0x0021,0x0021,0x0022,0x0022,0x0022,0x0022,0x0021,
    0x0021,0x0022,0x0022,0x0021,0x0022,0x0021,0x0022,0x0022,0x0021,0x0022,0x0022,0x0863,0x0021,0x0022,0x0022,0x0022,
    0x0022,0x0022,0x0022,0x0022,0x0022,0x0022,0x0022,0x0022,0x0022,0x0022,0x0022,0x0022,0x0022,0x0022,0x0022,0x0022,
    0x0022,0x0022,0x0022,0x0022,0x0022,0x0022,0x0022,0x0022,0x0022,0x0042,0x0022,0x0022,0x0022,0x0022,0x0022,0x0022,
    0x0022,0x0022,0x0042,0x0042,0x0042,0x0022,0x0043,0x0043,0x0042,0x0043,0x0042,0x0043,0x0022,0x0043,0x0042,0x0864,
    0x10c5,0x08a5,0x1948,0x6bb3,0x52f0,0x10e7,0x10c6,0x1107,0x0884,0x0042,0x0042,0x0022,0x0042,0x0022,0x0022,0x0043,
    0x0042,0x0042,0x0043,0x0043,0x0022,0x0022,0x0043,0x0043,0x0043,0x0043,0x0043,0x0043,0x0043,0x0043,0x08c6,0x0085,
    0x0043,0x0064,0x0064,0x0064,0x0084,0x0084,0x0084,0x0085,0x0064,0x0064,0x0064,0x0085,0x08c6,0x0086,0x00c7,0x00a6,
    0x00a6,0x00c7,0x00c7,0x0109,0x0109,0x00e8,0x094c,0x09cf,0x1211,0x098e,0x094b,0x190a,0x212b,0x18c7,0x0885,0x0043,
    0x0863,0x0864,0x10c6,0x10a6,0x10a5,0x2149,0x214a,0x10e8,0x0864,0x0864,0x08a6,0x1108,0x1129,0x1a2f,0x1a50,0x11ad,
    0x19cc,0x198b,0x118c,0x1a0f,0x220f,0x21ee,0x19ce,0x3290,0x5c96,0x3bb4,0x3312,0x2a90,0x6474,0x64d6,0x4c14,0x3b52,
    0x3b52,0x4393,0x4310,0x2a0b,0x0885,0x08c6,0x08a6,0x1129,0x32d1,0x3b94,0x228f,0x19ab,0x19ab,0x19cc,0x19ec,0x198b,
    0x0147,0x0968,0x0988,0x124c,0x126c,0x1ace,0x12cd,0x124b,0x1aad,0x234f,0x234f,0x12ad,0x128c,0x122b,0x1a8d,0x230f,
    0x2b30,0x3bf3,0x3bf3,0x4474,0x6577,0x5d16,0x54f6,0x6597,0x4c73,0x75d7,0x4413,0x22ef,0x120b,0x124d,0x122d,0x0927,
    0x226e,0x3352,0x22f1,0x22f1,0x1a8f,0x1a8f,0x2b93,0x4cb6,0x54b5,0x4c53,0x1a0a,0x1189,0x1a6d,0x4d17,0x2391,0x126d,
    0x0949,0x09cb,0x0a6e,0x0169,0x0189,0x0148,0x0127,0x00e6,0x0085,0x0085,0x0064,0x0064,0x0064,0x0063,0x0064,0x0085,
    0x0085,0x0085,0x00a5,0x0084,0x0085,0x0085,0x00a5,0x00a5,0x00a6,0x00a6,0x00c6,0x00a6,0x0064,0x0042,0x0043,0x0043,
    0x0043,0x0064,0x0063,0x0064,0x0064,0x0044,0x0043,0x0042,0x0043,0x0064,0x0064,0x0063,0x0043,0x0043,0x0043,0x0022,
    0x0022,0x0022,0x0022,0x0022,0x0022,0x0022,0x0042,0x0042,0x0042,0x0022,0x0042,0x0022,0x0022,0x0042,0x0022,0x0022,
    0x0022,0x0022,0x0022,0x0022,0x0022,0x0022,0x0022,0x0022,0x0022,0x0021,0x0021,0x0021,0x0021,0x0022,0x0022,0x0042,
    0x0022,0x0022,0x0022,0x0022,0x0022,0x0022,0x0022,0x0022,0x0022,0x0022,0x0022,0x0022,0x0022,0x0021,0x0021,0x0021,
    0x0021,0x0021,0x0022,0x0022,0x0021,0x0021,0x0021,0x0021,0x0021,0x0021,0x0021,0x0021,0x0021,0x0021,0x0021,0x0021,
    0x0001,0x0001,0x0021,0x0001,0x0883,0x0863,0x0001,0x0021,0x0021,0x0021,0x0021,0x0021,0x0021,0x0021,0x0021,0x0021,
    0x0021,0x0021,0x0021,0x0021,0x0021,0x0001,0x0021,0x0001,0x0021,0x0021,0x0021,0x0021,0x0021,0x0021,0x0022,0x0022,
    0x0021,0x0021,0x0021,0x0001,0x0001,0x0021,0x0021,0x0021,0x0022,0x0021,0x0021,0x0021,0x0022,0x0021,0x0021,0x0021,
    0x0021,0x0022,0x0022,0x0022,0x0022,0x0022,0x0021,0x0022,0x0022,0x0022,0x0022,0x0001,0x0021,0x0021,0x0022,0x0022,
    0x0022,0x0022,0x0022,0x0022,0x0022,0x0022,0x0022,0x0022,0x0022,0x0022,0x0022,0x0022,0x0022,0x0022,0x0022,0x0022,
    0x0022,0x0022,0x0022,0x0022,0x0022,0x0022,0x0022,0x0022,0x0022,0x0042,0x0022,0x0022,0x0022,0x0022,0x0022,0x0022,
    0x0022,0x0022,0x0042,0x0022,0x0042,0x0022,0x0022,0x0042,0x0042,0x0042,0x0042,0x0042,0x0042,0x0042,0x0863,0x08a5,
    0x1107,0x1928,0x320c,0x320c,0x10c6,0x0084,0x08a5,0x08a5,0x0043,0x0042,0x0042,0x0022,0x0042,0x0022,0x0042,0x0043,
    0x0042,0x0042,0x0043,0x0043,0x0042,0x0042,0x0043,0x0043,0x0043,0x0043,0x0043,0x0022,0x0884,0x0064,0x0043,0x0043,
    0x0063,0x0043,0x0043,0x0064,0x0064,0x0064,0x0064,0x08a6,0x0064,0x0064,0x0085,0x0085,0x00a5,0x00c6,0x0908,0x00c6,
    0x00e9,0x00c8,0x00e8,0x012a,0x00e8,0x092a,0x098d,0x1232,0x22b5,0x114c,0x0042,0x10e8,0x10c7,0x0885,0x0884,0x0063,
    0x0864,0x0063,0x10a6,0x18c6,0x1907,0x18e7,0x1908,0x10c6,0x10a6,0x10c7,0x08a5,0x08c6,0x1108,0x118c,0x1a0f,0x2ab1,
    0x198a,0x198b,0x220f,0x2a50,0x2a50,0x2a50,0x21ee,0x21ed,0x5415,0x3bb5,0x3b54,0x53f4,0x9e18,0x64b6,0x3b52,0x2a6f,
    0x3b53,0x4b72,0x1107,0x0064,0x0884,0x08c6,0x08a5,0x1128,0x21cb,0x2a6e,0x2a2d,0x198b,0x08a5,0x08a5,0x19ab,0x19ab,
    0x0988,0x09a9,0x09c9,0x126c,0x126c,0x2390,0x2390,0x09c9,0x11a9,0x234f,0x1b2f,0x1aad,0x1a6c,0x122b,0x2b50,0x3c13,
    0x33d2,0x4453,0x3c13,0x4cb5,0x5d77,0x6d97,0x6577,0x6597,0x6dd8,0x6577,0x33b2,0x1acf,0x11aa,0x122c,0x1a4d,0x09cb,
    0x11aa,0x22cf,0x22f0,0x2b51,0x1a8f,0x122d,0x2b52,0x2acf,0x226d,0x11ca,0x0927,0x0906,0x226c,0x332f,0x1a4c,0x0128,
    0x0128,0x018a,0x020c,0x0169,0x0107,0x0107,0x00e6,0x00e6,0x00c6,0x00a5,0x0085,0x0084,0x0064,0x0063,0x0064,0x0085,
    0x0084,0x0085,0x0085,0x0085,0x0085,0x00a5,0x08c6,0x00a5,0x00a6,0x00c6,0x00c6,0x00a5,0x0063,0x0042,0x0042,0x0042,
    0x0064,0x0064,0x0063,0x0063,0x0043,0x0064,0x0064,0x0043,0x0064,0x0064,0x0063,0x0064,0x0043,0x0064,0x0064,0x0043,
    0x0022,0x0022,0x0022,0x0022,0x0022,0x0022,0x0022,0x0042,0x0022,0x0022,0x0043,0x0042,0x0022,0x0042,0x0063,0x0022,
    0x0063,0x0063,0x0022,0x0022,0x0022,0x0022,0x0022,0x0022,0x0022,0x0022,0x0042,0x0021,0x0021,0x0021,0x0022,0x0022,
    0x0022,0x0022,0x0022,0x0022,0x0022,0x0022,0x0022,0x0022,0x0022,0x0022,0x0022,0x0022,0x0022,0x0022,0x0022,0x0022,
    0x0021,0x0021,0x0021,0x0021,0x0021,0x0021,0x0021,0x0021,0x0022,0x0022,0x0022,0x0022,0x0022,0x0021,0x0022,0x0021,
    0x0022,0x0001,0x0021,0x0001,0x0042,0x0022,0x0021,0x0021,0x0021,0x0021,0x0021,0x0021,0x0021,0x0021,0x0021,0x0022,
    0x0021,0x0021,0x0021,0x0021,0x0001,0x0022,0x0021,0x0021,0x0021,0x0021,0x0021,0x0021,0x0021,0x0021,0x0001,0x0001,
    0x0001,0x0001,0x0021,0x0021,0x0021,0x0021,0x0021,0x0021,0x0021,0x0021,0x0001,0x0021,0x0021,0x0021,0x0021,0x0021,
    0x0022,0x0022,0x0022,0x0022,0x0022,0x0022,0x0022,0x0022,0x0022,0x0022,0x0022,0x0022,0x0022,0x0022,0x0001,0x0022,
    0x0022,0x0022,0x0022,0x0022,0x0022,0x0022,0x0022,0x0022,0x0022,0x0022,0x0022,0x0022,0x0022,0x0022,0x0022,0x0022,
    0x0022,0x0022,0x0022,0x0022,0x0022,0x0022,0x0022,0x0022,0x0022,0x0022,0x0022,0x0022,0x0022,0x0022,0x0022,0x0022,
    0x0022,0x0022,0x0022,0x0022,0x0022,0x0042,0x0042,0x0042,0x0042,0x0042,0x0042,0x0043,0x0042,0x0063,0x08a5,0x10c6,
    0x1928,0x1107,0x1927,0x08c5,0x08c5,0x1106,0x08a4,0x0042,0x0042,0x0022,0x0042,0x0042,0x0043,0x0042,0x0043,0x0043,
    0x0043,0x0043,0x0022,0x0043,0x0042,0x0042,0x0043,0x0043,0x0043,0x0043,0x0043,0x0043,0x0043,0x0043,0x0064,0x0064,
    0x0064,0x0064,0x0043,0x0064,0x0085,0x0064,0x0064,0x0085,0x0085,0x0085,0x0085,0x0085,0x0064,0x0908,0x0908,0x00a7,
    0x092b,0x00e9,0x08e8,0x092a,0x0109,0x094c,0x096d,0x1a74,0x22f7,0x19ae,0x0884,0x0884,0x0864,0x0864,0x0864,0x0043,
    0x0043,0x0884,0x10a6,0x1908,0x10c6,0x18c6,0x18e7,0x18c7,0x10e7,0x1909,0x08a5,0x10e6,0x0884,0x08e7,0x194a,0x21cd,
    0x1929,0x08a6,0x21cd,0x2a92,0x21ce,0x220f,0x21ad,0x194b,0x4b53,0x4bd5,0x3b75,0x74f8,0xc6fb,0x6cd7,0x4353,0x3af2,
    0x4bb4,0x2a2e,0x10c7,0x10c6,0x1107,0x1108,0x08a5,0x08a5,0x1108,0x1929,0x218a,0x21cc,0x10e7,0x0884,0x10e7,0x1128,
    0x0147,0x0126,0x0947,0x0a0a,0x09ea,0x1aed,0x2c11,0x232e,0x1aed,0x2bd1,0x23b0,0x1b0f,0x22ee,0x128d,0x33d2,0x3c33,
    0x4cb5,0x54f5,0x4cf5,0x4cf5,0x5d97,0x75d8,0x6597,0x6db8,0x6597,0x2392,0x2310,0x22ef,0x120b,0x11eb,0x09cb,0x09cb,
    0x11eb,0x1a8e,0x33b2,0x4414,0x22cf,0x1a4d,0x3bb2,0x228e,0x2ad0,0x11ec,0x11aa,0x0907,0x0928,0x00c6,0x0949,0x0a0c,
    0x09ec,0x0148,0x0128,0x00e6,0x0107,0x00e6,0x00e7,0x00c6,0x0907,0x21aa,0x00a5,0x0085,0x0064,0x0084,0x0064,0x0064,
    0x0064,0x0085,0x0085,0x00a5,0x00a6,0x08c6,0x08c6,0x00a6,0x00a6,0x00c6,0x00a6,0x00a6,0x0064,0x0043,0x0043,0x0043,
    0x0043,0x0043,0x0043,0x0064,0x0064,0x0064,0x0064,0x0044,0x0043,0x0064,0x0064,0x0085,0x0064,0x0085,0x0064,0x0022,
    0x0022,0x0042,0x0042,0x0022,0x0022,0x0022,0x0022,0x2967,0x0863,0x0022,0x0042,0x0022,0x0022,0x0022,0x0022,0x0022,
    0x0863,0x0863,0x0022,0x0022,0x0022,0x0022,0x0022,0x0022,0x0022,0x0022,0x0022,0x0022,0x0021,0x0021,0x0022,0x0022,
    0x0022,0x0022,0x0022,0x0022,0x0022,0x0022,0x0022,0x0042,0x0022,0x0022,0x0022,0x0022,0x0022,0x0022,0x0022,0x0022,
    0x0022,0x0022,0x0021,0x0021,0x0021,0x0022,0x0022,0x0022,0x0022,0x0022,0x0022,0x0021,0x0021,0x0021,0x0021,0x0022,
    0x0021,0x0022,0x0001,0x0021,0x0001,0x0021,0x0021,0x0021,0x0021,0x0021,0x0021,0x0021,0x0021,0x0021,0x0021,0x0022,
    0x0042,0x0842,0x0021,0x0021,0x0021,0x0021,0x0021,0x0022,0x0001,0x0001,0x0021,0x0022,0x0022,0x0022,0x0021,0x0001,
    0x0021,0x0021,0x0021,0x0021,0x0021,0x0022,0x0021,0x0022,0x0021,0x0021,0x0001,0x0021,0x0021,0x0021,0x0021,0x0021,
    0x0022,0x0022,0x0022,0x0022,0x0022,0x0022,0x0022,0x0022,0x0022,0x0022,0x0022,0x0022,0x0022,0x0022,0x1083,0x0022,
    0x0022,0x0022,0x0022,0x0022,0x0022,0x0022,0x0022,0x0022,0x0022,0x0022,0x0022,0x0022,0x0022,0x0022,0x0022,0x0022,
    0x0022,0x0022,0x0022,0x0022,0x0022,0x0022,0x0022,0x0022,0x0022,0x0042,0x0022,0x0022,0x0022,0x0022,0x0022,0x0022,
    0x0022,0x0022,0x0022,0x0042,0x0042,0x0042,0x0022,0x0042,0x0042,0x0042,0x0042,0x0042,0x0043,0x08a5,0x0884,0x0884,
    0x10e6,0x10e6,0x10c6,0x08c5,0x08c5,0x10c5,0x0043,0x0022,0x0022,0x0042,0x0042,0x0042,0x0043,0x0043,0x0043,0x0043,
    0x0043,0x0043,0x0043,0x0022,0x0022,0x0022,0x0022,0x0043,0x0043,0x0043,0x0063,0x0064,0x0063,0x0063,0x0063,0x0064,
    0x0063,0x0064,0x0043,0x0064,0x0064,0x1107,0x10e6,0x0043,0x00a5,0x00a6,0x0085,0x0085,0x0085,0x00a6,0x00a7,0x00a6,
    0x0909,0x0109,0x08e9,0x0909,0x0109,0x092b,0x11d0,0x2294,0x22b5,0x19ef,0x08a5,0x0885,0x0885,0x0063,0x0063,0x0864,
    0x0884,0x10a6,0x10c6,0x18e7,0x10c6,0x18e7,0x18c6,0x18c7,0x1908,0x298c,0x1908,0x10e6,0x08a5,0x0884,0x1108,0x1929,
    0x1929,0x0863,0x08a6,0x1109,0x19ac,0x21cd,0x21ac,0x196b,0x6c36,0x7cf9,0x74b7,0x74f8,0x8db9,0x8558,0x6477,0x4b74,
    0x4bb5,0x63d5,0x29cc,0x216b,0x216b,0x10c6,0x0884,0x08a5,0x08c6,0x10c6,0x10e7,0x08a5,0x08a5,0x10e7,0x08c6,0x08c6,
    0x0147,0x0106,0x0126,0x0a0a,0x09c9,0x2390,0x44f4,0x234f,0x232f,0x2bf1,0x23b0,0x1aee,0x1ace,0x232f,0x4cd4,0x4494,
    0x4cb4,0x5d56,0x5d96,0x65b7,0x6df8,0x9699,0x3c54,0x3433,0x3412,0x2bd2,0x2350,0x1a6d,0x11ca,0x1a8e,0x1b11,0x1aaf,
    0x1a8e,0x2351,0x3434,0x3413,0x2b92,0x1acf,0x43b1,0x2b30,0x226e,0x0949,0x0949,0x0949,0x0107,0x0928,0x0a0b,0x0ace,
    0x0a2b,0x0127,0x0107,0x00e6,0x0107,0x0128,0x0108,0x0128,0x00e7,0x00e7,0x00c6,0x0085,0x0084,0x0063,0x0043,0x0043,
    0x0064,0x0064,0x0085,0x08a6,0x08c7,0x00a5,0x00a5,0x00c6,0x0085,0x320c,0x1128,0x0085,0x0084,0x0043,0x0043,0x0043,
    0x0063,0x0043,0x0043,0x0064,0x0043,0x0064,0x0064,0x0065,0x0064,0x0064,0x0085,0x0085,0x0064,0x0085,0x0043,0x0022,
    0x0022,0x0022,0x0022,0x0022,0x0022,0x0022,0x0022,0x0043,0x0043,0x0022,0x0022,0x0022,0x0022,0x0022,0x0042,0x0043,
    0x0022,0x0022,0x0022,0x0022,0x0022,0x0022,0x0022,0x0022,0x0022,0x0021,0x0022,0x0022,0x0021,0x0021,0x0022,0x0022,
    0x0022,0x0022,0x0022,0x0022,0x0022,0x0022,0x0022,0x0022,0x0022,0x0022,0x0022,0x0022,0x0022,0x0022,0x0022,0x0022,
    0x0022,0x0022,0x0022,0x0022,0x0021,0x0022,0x0021,0x0022,0x0001,0x0022,0x0021,0x0021,0x0021,0x0001,0x0021,0x0021,
    0x0021,0x0022,0x0021,0x0021,0x0021,0x0042,0x0001,0x0021,0x0021,0x0021,0x0021,0x0021,0x0021,0x0021,0x0021,0x0021,
    0x0022,0x10a3,0x0001,0x0001,0x0022,0x0022,0x0001,0x0021,0x0001,0x0022,0x0022,0x0042,0x0042,0x0022,0x0022,0x0021,
    0x0021,0x0021,0x0021,0x0021,0x0022,0x0022,0x0021,0x0022,0x0021,0x0021,0x0021,0x0001,0x0001,0x0021,0x0021,0x0021,
    0x0022,0x0022,0x0022,0x0022,0x0022,0x0022,0x0022,0x0022,0x0022,0x0022,0x0022,0x0022,0x0022,0x0022,0x18c3,0x0022,
    0x0021,0x0022,0x0022,0x0022,0x0022,0x0022,0x0022,0x0042,0x0022,0x0022,0x0022,0x0001,0x18c3,0x10a3,0x0001,0x0022,
    0x0022,0x0022,0x0022,0x0022,0x0022,0x0022,0x0022,0x0022,0x0022,0x0042,0x0022,0x0022,0x0022,0x0022,0x0022,0x0022,
    0x0022,0x0022,0x0022,0x0022,0x0022,0x0042,0x0022,0x0022,0x0042,0x0043,0x0042,0x0043,0x0043,0x08c5,0x10c5,0x10c5,
    0x1107,0x10c5,0x0063,0x0884,0x0063,0x0022,0x0022,0x0022,0x0022,0x0042,0x0042,0x0042,0x0042,0x0863,0x0863,0x0043,
    0x0043,0x0043,0x0043,0x0043,0x0043,0x0043,0x0043,0x0043,0x0022,0x0042,0x0043,0x0064,0x0063,0x0063,0x0063,0x0043,
    0x0063,0x0063,0x0043,0x0063,0x0063,0x0064,0x0064,0x0064,0x0085,0x00a5,0x0085,0x0085,0x0085,0x00c7,0x00a7,0x00a6,
    0x092a,0x0909,0x092a,0x096c,0x094c,0x096c,0x11f0,0x1212,0x11f1,0x114b,0x0884,0x1109,0x18e8,0x0884,0x0864,0x0063,
    0x0885,0x10c7,0x2129,0x2108,0x2129,0x18e7,0x18c7,0x18c6,0x18e8,0x296b,0x216a,0x2149,0x08a5,0x0884,0x08a5,0x10e7,
    0x194a,0x0885,0x10c6,0x1929,0x21cc,0x196a,0x196a,0x198b,0x5bb5,0x95bb,0x9dfa,0x9dfa,0xae7a,0x9e1a,0x7518,0x5c56,
    0x7d18,0x6bf4,0x2169,0x2169,0x1908,0x0884,0x0884,0x0863,0x0063,0x10c6,0x10e6,0x0884,0x0884,0x08a5,0x0885,0x0884,
    0x0168,0x0106,0x0967,0x0a0a,0x1aee,0x236f,0x3c93,0x23d1,0x2370,0x23d1,0x1aee,0x1acd,0x3390,0x54f4,0x6d76,0x33b1,
    0x3c12,0x4cf5,0x75f7,0x7618,0xaefa,0xa699,0x4cd5,0x3c74,0x3433,0x2bb1,0x126c,0x11ea,0x22ee,0x2351,0x2b51,0x22ef,
    0x1a8e,0x33d2,0x3c75,0x3414,0x2b71,0x22f0,0x43d2,0x2aef,0x018a,0x00e6,0x0948,0x0989,0x0107,0x00e6,0x09a9,0x0a6c,
    0x0189,0x0127,0x0128,0x0107,0x0107,0x0149,0x0169,0x1a2c,0x0107,0x00c5,0x0085,0x0084,0x0064,0x0084,0x08a5,0x0063,
    0x0084,0x0084,0x0885,0x08a6,0x08c7,0x00a6,0x00a6,0x00a6,0x00a6,0x1107,0x08e7,0x00a5,0x0064,0x0043,0x0043,0x0043,
    0x0063,0x0043,0x0043,0x0043,0x0043,0x0064,0x0064,0x0085,0x0064,0x0064,0x0085,0x00a6,0x0085,0x0084,0x0043,0x0042,
    0x0043,0x0022,0x0022,0x0022,0x0022,0x0022,0x0042,0x0042,0x0022,0x0022,0x0022,0x0022,0x0022,0x0022,0x0043,0x0042,
    0x0022,0x0042,0x0022,0x0022,0x0022,0x0022,0x0022,0x0022,0x0022,0x0022,0x0022,0x0022,0x0022,0x0022,0x0022,0x0022,
    0x0022,0x0022,0x0022,0x0022,0x0022,0x0022,0x0022,0x0022,0x0022,0x0022,0x0022,0x0022,0x0022,0x0022,0x0022,0x0022,
    0x0022,0x0022,0x0022,0x0022,0x0021,0x0022,0x0022,0x0022,0x1905,0x0022,0x0021,0x0021,0x0021,0x0021,0x0021,0x0021,
    0x0021,0x0021,0x0021,0x0001,0x0021,0x0022,0x0021,0x0021,0x0021,0x0021,0x0021,0x0021,0x0021,0x0001,0x0021,0x0021,
    0x0001,0x0001,0x0001,0x0001,0x0021,0x0021,0x0021,0x0001,0x0021,0x0022,0x0042,0x0022,0x0022,0x0042,0x0022,0x0021,
    0x0021,0x0021,0x0021,0x0021,0x0021,0x0021,0x0021,0x0022,0x0021,0x0021,0x0021,0x0001,0x0021,0x0021,0x0021,0x0022,
    0x0022,0x0021,0x0022,0x0022,0x0022,0x0022,0x0022,0x0022,0x0022,0x0022,0x0022,0x0022,0x0022,0x0022,0x0001,0x0021,
    0x0021,0x0021,0x0022,0x0022,0x0022,0x0022,0x0022,0x0022,0x0022,0x0022,0x0022,0x0022,0x0042,0x0042,0x0022,0x0022,
    0x0022,0x0022,0x0022,0x0022,0x0022,0x0022,0x0022,0x0022,0x0022,0x0022,0x0022,0x0022,0x0022,0x0022,0x0022,0x0022,
    0x0022,0x0022,0x0042,0x0022,0x0022,0x0022,0x0022,0x0022,0x0042,0x0022,0x0042,0x0043,0x0063,0x0063,0x0063,0x0863,
    0x0063,0x0042,0x0042,0x0042,0x0022,0x0042,0x0042,0x0022,0x0042,0x0042,0x0042,0x0043,0x0042,0x0042,0x0043,0x0043,
    0x0043,0x0043,0x0043,0x0043,0x0043,0x0043,0x0043,0x0043,0x0022,0x0022,0x0043,0x0063,0x0063,0x0063,0x0063,0x0043,
    0x0063,0x0063,0x0043,0x0043,0x0043,0x0064,0x0063,0x0064,0x0084,0x00a5,0x0064,0x0064,0x0085,0x08c6,0x00a6,0x00c7,
    0x00c7,0x00c8,0x012a,0x096c,0x096c,0x098d,0x11d0,0x11ae,0x09ad,0x116c,0x0864,0x10e8,0x214b,0x10a6,0x1909,0x0885,
    0x10a5,0x2129,0x18e7,0x18e6,0x1908,0x10e7,0x216b,0x2129,0x0884,0x10c6,0x18e8,0x2129,0x10c6,0x0042,0x0063,0x0884,
    0x10c7,0x0885,0x0885,0x1928,0x2a2f,0x2a2f,0x21cd,0x1929,0x2a0e,0x6c78,0x7496,0x42ae,0x5b2e,0x6c14,0x9dd9,0x9d78,
    0x7414,0x18e8,0x08a5,0x2169,0x1908,0x0884,0x0884,0x0043,0x0063,0x10e7,0x1949,0x10e6,0x0884,0x0884,0x0884,0x0864,
    0x09a9,0x0988,0x09c9,0x09ea,0x1aad,0x126c,0x2c52,0x3493,0x2390,0x236f,0x126c,0x2b2e,0x54b3,0x336f,0x2b70,0x2350,
    0x4494,0x6576,0x75f7,0x6d75,0x7576,0x5d36,0x4cd5,0x4495,0x3433,0x2371,0x120c,0x33b2,0x3c13,0x22ef,0x22cf,0x1a6d,
    0x230f,0x3c34,0x4474,0x33f3,0x2b71,0x126e,0x2b30,0x3370,0x0168,0x00c5,0x0127,0x0148,0x0127,0x0107,0x0127,0x0148,
    0x0107,0x0107,0x0169,0x0148,0x0189,0x018a,0x0a4c,0x0169,0x0107,0x00c6,0x00a5,0x0084,0x0084,0x00c6,0x08c6,0x0084,
    0x0084,0x0084,0x0064,0x08a6,0x00a5,0x0085,0x08c6,0x08c6,0x00c6,0x00a6,0x0085,0x00a6,0x0085,0x0043,0x0884,0x0064,
    0x0043,0x0044,0x0085,0x0064,0x0043,0x0043,0x0064,0x0065,0x0085,0x0064,0x0085,0x00a6,0x0085,0x0085,0x0085,0x0064,
    0x0085,0x0043,0x0022,0x0022,0x0022,0x0022,0x0043,0x0022,0x0022,0x0022,0x0042,0x0043,0x0022,0x0042,0x0042,0x0022,
    0x0022,0x0022,0x0022,0x0022,0x0022,0x0022,0x0022,0x0022,0x0022,0x0022,0x0022,0x0022,0x0021,0x0021,0x0022,0x0883,
    0x0021,0x0022,0x0021,0x0021,0x0022,0x0022,0x0022,0x0022,0x0022,0x0022,0x0022,0x0022,0x0022,0x0022,0x0021,0x0022,
    0x0022,0x0022,0x0022,0x0021,0x0022,0x0021,0x0022,0x0022,0x0883,0x0022,0x0021,0x0021,0x0021,0x0021,0x0021,0x0021,
    0x0021,0x0021,0x0021,0x0021,0x0021,0x0022,0x0022,0x0021,0x0021,0x0021,0x0021,0x0021,0x0021,0x0021,0x0022,0x0021,
    0x0021,0x0021,0x0001,0x0021,0x0022,0x0021,0x0021,0x0001,0x0021,0x0042,0x0022,0x2126,0x2967,0x0022,0x0042,0x0021,
    0x0001,0x0021,0x0022,0x0021,0x0021,0x0022,0x0021,0x0021,0x0021,0x0001,0x0001,0x0001,0x0021,0x0021,0x0022,0x0021,
    0x0021,0x0021,0x0022,0x0022,0x0022,0x0022,0x0022,0x0022,0x0022,0x0022,0x0022,0x0021,0x0022,0x0021,0x0021,0x0021,
    0x0001,0x0022,0x0022,0x0021,0x0022,0x0022,0x0022,0x0022,0x0022,0x0022,0x0022,0x0022,0x0021,0x0022,0x0022,0x0021,
    0x0021,0x0022,0x0022,0x0022,0x0022,0x0022,0x0022,0x0022,0x0022,0x0022,0x0022,0x0042,0x0022,0x0022,0x0022,0x0022,
    0x0022,0x0022,0x0022,0x0022,0x0042,0x0022,0x0022,0x0022,0x0042,0x0022,0x0042,0x0042,0x0063,0x0063,0x0043,0x0042,
    0x0042,0x0042,0x0022,0x0042,0x0022,0x0022,0x0042,0x0042,0x0022,0x0022,0x0042,0x0043,0x0042,0x0042,0x0043,0x0063,
    0x0043,0x0063,0x0043,0x0043,0x0043,0x0043,0x0022,0x0022,0x0022,0x0022,0x0043,0x0043,0x0063,0x0043,0x0043,0x0064,
    0x0064,0x0043,0x0043,0x1106,0x08c5,0x0064,0x0064,0x0064,0x0064,0x0064,0x0085,0x0085,0x08a5,0x0085,0x00c7,0x08e8,
    0x00a6,0x00c7,0x090a,0x094b,0x096c,0x096d,0x098e,0x098d,0x11ad,0x11ef,0x110a,0x10c8,0x298d,0x212a,0x1909,0x1908,
    0x10c6,0x1909,0x10c6,0x10c6,0x18e7,0x10c6,0x2149,0x2149,0x10c6,0x0884,0x0884,0x0885,0x10a5,0x0863,0x0042,0x0043,
    0x10c6,0x08a5,0x1929,0x1908,0x29ed,0x4b76,0x4b55,0x3230,0x1929,0x3a0d,0x10c6,0x0044,0x08a6,0x1909,0x7c15,0x6373,
    0x4270,0x2128,0x08a6,0x3a4e,0x218a,0x0864,0x0043,0x0043,0x0022,0x0884,0x10e7,0x0885,0x08a5,0x0884,0x0864,0x0884,
    0x09a8,0x0988,0x09e9,0x09a8,0x0189,0x22ee,0x4d55,0x5575,0x3c93,0x2390,0x1ace,0x2b0f,0x33b0,0x01ca,0x2bb1,0x3c53,
    0x5515,0x6db7,0x75f7,0x33d1,0x3413,0x4495,0x3c33,0x3c53,0x3413,0x2371,0x3c55,0x33d3,0x2330,0x3bf3,0x33b2,0x2b51,
    0x4475,0x54f6,0x3c54,0x4495,0x4433,0x22ef,0x43d2,0x1aae,0x0107,0x00c5,0x0169,0x01aa,0x0169,0x018a,0x0169,0x0148,
    0x0127,0x0107,0x0148,0x0107,0x0169,0x022c,0x022c,0x0128,0x00c6,0x00e6,0x00c6,0x00a5,0x00c6,0x0107,0x00a5,0x00a5,
    0x00a5,0x00a5,0x0064,0x0085,0x0085,0x00a6,0x00c7,0x00a6,0x00e7,0x00c7,0x00a6,0x00a6,0x0085,0x0043,0x2989,0x10e6,
    0x0022,0x0043,0x0064,0x0065,0x0064,0x0063,0x0043,0x0064,0x0064,0x0065,0x0085,0x0085,0x0085,0x0086,0x0086,0x0065,
    0x0065,0x0043,0x0042,0x0022,0x0042,0x0843,0x0022,0x0022,0x0022,0x0022,0x0022,0x0022,0x0022,0x0042,0x0042,0x0042,
    0x0022,0x0022,0x0022,0x0022,0x0863,0x0042,0x0042,0x0042,0x0022,0x0022,0x0022,0x0022,0x0022,0x0022,0x0022,0x0042,
    0x0022,0x0022,0x0022,0x0021,0x0022,0x0022,0x0022,0x0022,0x0042,0x0022,0x0022,0x0022,0x0022,0x0022,0x0021,0x0021,
    0x0001,0x0021,0x0022,0x0021,0x0021,0x0022,0x0022,0x0022,0x0001,0x0022,0x0021,0x0021,0x0021,0x0021,0x0021,0x0021,
    0x0001,0x0021,0x0021,0x0021,0x0022,0x0021,0x0021,0x0022,0x0021,0x0021,0x0001,0x0021,0x0021,0x0021,0x0021,0x0021,
    0x0021,0x0021,0x0021,0x0021,0x0021,0x0021,0x0001,0x0001,0x0021,0x0042,0x0022,0x3188,0x39ea,0x0022,0x0042,0x0021,
    0x0001,0x0021,0x0021,0x0021,0x0021,0x0021,0x0021,0x0021,0x0021,0x0021,0x0021,0x0021,0x0021,0x0021,0x0022,0x0022,
    0x0021,0x0022,0x0022,0x0022,0x0022,0x0022,0x0022,0x0022,0x0022,0x0022,0x0022,0x0022,0x0022,0x0022,0x0022,0x0021,
    0x0021,0x0042,0x0022,0x0022,0x0022,0x0022,0x0022,0x0022,0x0022,0x0022,0x0022,0x0022,0x0022,0x0022,0x0021,0x0022,
    0x0022,0x0022,0x0022,0x0022,0x0022,0x0022,0x0022,0x0022,0x0022,0x0022,0x0022,0x0022,0x0022,0x0042,0x0042,0x0022,
    0x0022,0x0022,0x0022,0x0022,0x0022,0x0022,0x0042,0x0042,0x0022,0x0022,0x0042,0x0042,0x0042,0x0042,0x0022,0x0022,
    0x0022,0x0022,0x0042,0x0042,0x0022,0x0022,0x0022,0x0042,0x0022,0x0022,0x0042,0x0042,0x0042,0x0042,0x0043,0x0063,
    0x0063,0x0043,0x0043,0x0043,0x0043,0x0043,0x0022,0x0022,0x0042,0x0042,0x0022,0x0043,0x0063,0x0043,0x0022,0x0022,
    0x0043,0x0043,0x0043,0x10e6,0x08a5,0x0064,0x0084,0x0064,0x0064,0x0043,0x0085,0x0085,0x0064,0x0064,0x00a6,0x0908,
    0x00a6,0x00a6,0x08e8,0x092a,0x096c,0x094b,0x092a,0x11ae,0x09ad,0x098d,0x1212,0x198f,0x31af,0x4a94,0x1908,0x18e7,
    0x10a5,0x0885,0x1908,0x2149,0x39ec,0x1907,0x10a5,0x18e7,0x18e7,0x2108,0x0884,0x0843,0x0864,0x0884,0x0884,0x0043,
    0x10a6,0x10c6,0x214a,0x216a,0x1108,0x3250,0x3a91,0x3a91,0x218b,0x08a5,0x0884,0x0884,0x10e7,0x31ed,0x31cd,0x216b,
    0x1909,0x1908,0x320d,0x320c,0x10e6,0x0063,0x0043,0x0063,0x0042,0x0043,0x0864,0x0043,0x0885,0x08a6,0x08a5,0x0884,
    0x0988,0x0988,0x1a8c,0x126c,0x09ca,0x33f1,0x4d35,0x5514,0x3432,0x236f,0x1ace,0x22ce,0x3bf2,0x128e,0x6d97,0x5515,
    0x4cb3,0x6db7,0x6555,0x4452,0x3c33,0x5d77,0x4d16,0x3c74,0x2330,0x230f,0x4474,0x122d,0x3bd2,0x4cb5,0x3c33,0x33d2,
    0x5516,0x6598,0x6598,0x6d77,0x3bb2,0x3bf2,0x2b50,0x0a2c,0x0107,0x0106,0x0169,0x09aa,0x09eb,0x022d,0x01aa,0x01aa,
    0x0169,0x0148,0x0127,0x00a5,0x11a9,0x1a2b,0x0148,0x0128,0x00e6,0x0907,0x0907,0x00a5,0x00c5,0x00c6,0x00a5,0x0085,
    0x10e6,0x08c5,0x0064,0x0084,0x0084,0x00a5,0x00a6,0x00a5,0x00a6,0x00a6,0x00a6,0x00a6,0x0085,0x0063,0x0063,0x0064,
    0x0042,0x0042,0x0043,0x0086,0x0086,0x0064,0x0064,0x0064,0x0064,0x0064,0x0085,0x08a7,0x08a6,0x08a7,0x00a7,0x0086,
    0x0064,0x0022,0x0022,0x0022,0x0022,0x0022,0x0022,0x0022,0x0022,0x0042,0x0043,0x0022,0x0022,0x0042,0x0022,0x0042,
    0x0042,0x0022,0x0022,0x0022,0x0863,0x0042,0x0042,0x0042,0x0042,0x0022,0x0022,0x0022,0x0042,0x0022,0x0022,0x0022,
    0x0022,0x0022,0x0022,0x0022,0x0022,0x0022,0x0022,0x0042,0x0022,0x0022,0x0022,0x0022,0x0022,0x0022,0x0021,0x0022,
    0x0021,0x0021,0x0021,0x0021,0x0022,0x0021,0x0021,0x0021,0x0021,0x0021,0x0022,0x0022,0x0021,0x0021,0x0022,0x0022,
    0x0042,0x0022,0x0021,0x0022,0x0021,0x0022,0x0021,0x0001,0x0021,0x0021,0x0021,0x0021,0x0021,0x0021,0x0021,0x0021,
    0x0021,0x0021,0x0021,0x0021,0x0021,0x0021,0x0021,0x0001,0x0022,0x0022,0x0042,0x0022,0x0022,0x0042,0x0021,0x0021,
    0x0022,0x0022,0x0021,0x0021,0x0021,0x0021,0x0021,0x0001,0x0022,0x0022,0x0001,0x0021,0x0021,0x0021,0x0022,0x0022,
    0x0021,0x0021,0x0022,0x0022,0x0022,0x0022,0x0022,0x0022,0x0022,0x0022,0x0022,0x0022,0x0022,0x0022,0x0022,0x0021,
    0x0022,0x0021,0x0022,0x0022,0x0022,0x0022,0x0022,0x0022,0x0022,0x0022,0x0022,0x0022,0x0022,0x0021,0x0021,0x0042,
    0x0022,0x0021,0x0022,0x0022,0x0022,0x0022,0x0022,0x0022,0x0022,0x0022,0x0022,0x0022,0x0022,0x0022,0x0022,0x0022,
    0x0022,0x0022,0x0022,0x0022,0x0022,0x0022,0x0042,0x0043,0x0022,0x0022,0x0022,0x0042,0x0042,0x0022,0x0022,0x0022,
    0x0042,0x0042,0x0042,0x0022,0x0042,0x0022,0x0022,0x0022,0x0022,0x0042,0x0042,0x0022,0x0022,0x0043,0x0063,0x0043,
    0x0043,0x0043,0x0064,0x0064,0x0043,0x0042,0x0022,0x0042,0x0022,0x0043,0x0042,0x0043,0x0043,0x0023,0x0042,0x0042,
    0x0042,0x0043,0x0043,0x0043,0x0043,0x0063,0x0043,0x0063,0x0063,0x0064,0x0043,0x0064,0x0064,0x0064,0x0086,0x00a6,
    0x00a6,0x0085,0x08c7,0x096c,0x094b,0x092a,0x0109,0x098d,0x11ef,0x09ae,0x09cf,0x1a11,0x3274,0x4317,0x3a91,0x10c6,
    0x10c6,0x0863,0x10a5,0x1907,0x3a2e,0x31ec,0x2108,0x39cc,0x2929,0x316a,0x2128,0x0884,0x0843,0x0884,0x0884,0x0863,
    0x0885,0x0885,0x1928,0x29ac,0x08a5,0x1108,0x216b,0x1108,0x10c6,0x0863,0x0864,0x0063,0x0884,0x08c6,0x10c7,0x2129,
    0x31cc,0x3a2e,0x322d,0x08a5,0x0043,0x0063,0x0042,0x0043,0x0043,0x0063,0x0022,0x0043,0x0043,0x0063,0x0864,0x0864,
    0x0147,0x0948,0x124b,0x234f,0x1b2f,0x3c93,0x2bf1,0x2c11,0x2bd0,0x2390,0x232f,0x22ce,0x2b2f,0x33d1,0x4c93,0x3c11,
    0x2bb0,0x5d55,0xa6b8,0x7596,0x44d5,0x5536,0x3c54,0x2bf2,0x4cd4,0x6db8,0x4453,0x4432,0x6576,0x4cb4,0x33d2,0x33b1,
    0x5d57,0x7619,0x7597,0x43b1,0x122c,0x22ae,0x09ca,0x0148,0x0189,0x01eb,0x01aa,0x022c,0x01cb,0x01ec,0x01eb,0x01ca,
    0x01aa,0x0169,0x0127,0x0127,0x126d,0x0148,0x0168,0x0149,0x00e6,0x00e7,0x00e7,0x0128,0x00e6,0x00c6,0x00c6,0x00c6,
    0x00c6,0x00c6,0x00a5,0x0064,0x0084,0x0084,0x0085,0x00a5,0x00a5,0x00a6,0x00a6,0x00a5,0x0084,0x0063,0x0063,0x0043,
    0x0043,0x0043,0x0043,0x0085,0x0086,0x00a6,0x0085,0x0064,0x0064,0x0064,0x0065,0x00a6,0x00a7,0x08c7,0x08c7,0x08c7,
    0x0043,0x0022,0x0022,0x0042,0x0022,0x0022,0x0022,0x0022,0x0022,0x0042,0x0042,0x0022,0x0042,0x0042,0x0022,0x0042,
    0x0042,0x0022,0x0022,0x0022,0x0022,0x0042,0x0042,0x0042,0x0042,0x0042,0x0022,0x0022,0x0042,0x0042,0x0022,0x0022,
    0x0022,0x0022,0x0022,0x0022,0x0042,0x0022,0x0022,0x0022,0x0042,0x0022,0x0022,0x0022,0x0022,0x0022,0x0021,0x0022,
    0x0021,0x0022,0x0022,0x0021,0x0021,0x0021,0x0021,0x0021,0x0022,0x0021,0x0022,0x0022,0x0021,0x0021,0x0021,0x0862,
    0x0022,0x0021,0x0022,0x0022,0x0022,0x0021,0x0021,0x0021,0x0022,0x0021,0x0021,0x0021,0x0021,0x0022,0x0022,0x0022,
    0x0021,0x0021,0x0021,0x0021,0x0021,0x0021,0x0021,0x0001,0x0022,0x0022,0x0022,0x0022,0x0042,0x0022,0x0022,0x0021,
    0x0021,0x0022,0x0021,0x0001,0x0001,0x0022,0x0022,0x0021,0x0021,0x0021,0x0021,0x0021,0x0021,0x0022,0x0022,0x0021,
    0x0021,0x0021,0x0022,0x0022,0x0022,0x0022,0x0022,0x0022,0x0022,0x0022,0x0022,0x0022,0x0022,0x0022,0x0022,0x0022,
    0x0022,0x0022,0x0022,0x0022,0x0022,0x0022,0x0022,0x0022,0x0022,0x0022,0x0022,0x0022,0x0022,0x0021,0x0021,0x0021,
    0x0021,0x0022,0x0022,0x0022,0x0021,0x0022,0x0022,0x0022,0x0022,0x0022,0x0022,0x0022,0x0022,0x0022,0x0022,0x0022,
    0x0022,0x0022,0x0022,0x0022,0x0022,0x0022,0x0022,0x0022,0x0042,0x0042,0x0022,0x0022,0x0022,0x0022,0x0042,0x0042,
    0x0042,0x0022,0x0022,0x0042,0x0042,0x0022,0x0022,0x0022,0x0022,0x0022,0x0042,0x0022,0x0043,0x0043,0x0043,0x0043,
    0x0043,0x0063,0x0884,0x0043,0x0043,0x0042,0x0043,0x0042,0x0043,0x0043,0x0043,0x0042,0x0042,0x0022,0x0022,0x0043,
    0x0043,0x0043,0x0043,0x0043,0x0064,0x0063,0x0063,0x0064,0x0043,0x0064,0x0043,0x0064,0x0085,0x0064,0x0086,0x00a6,
    0x0085,0x0085,0x1108,0x0929,0x0929,0x00e9,0x0109,0x118d,0x1a10,0x098e,0x098e,0x09cf,0x11f0,0x1231,0x2a94,0x298c,
    0x10a5,0x1907,0x31ed,0x2128,0x31cc,0x298b,0x2128,0x2949,0x294a,0x49ee,0x2949,0x08a5,0x10a5,0x0884,0x0063,0x0863,
    0x0043,0x0043,0x0885,0x1928,0x10c6,0x10c6,0x216a,0x194a,0x216b,0x194a,0x1108,0x08a5,0x0884,0x0864,0x10a5,0x2129,
    0x31ec,0x29ec,0x08c6,0x0863,0x0043,0x0043,0x0043,0x0042,0x0042,0x0042,0x0042,0x0043,0x0063,0x0042,0x0042,0x0042,
    0x09a9,0x0106,0x0947,0x1aed,0x1aed,0x3411,0x3c93,0x2c52,0x23b1,0x2c53,0x2bd2,0x22ef,0x4c73,0x44b3,0x2b6f,0x3390,
    0x33d1,0x5515,0x9e58,0x9638,0x5d57,0x3c74,0x33b1,0x4c94,0x6d97,0x3bd1,0x2b50,0x75f8,0x7e18,0x7dd8,0x6556,0x6d97,
    0x8e59,0x7e39,0x6d77,0x22ce,0x1a6d,0x122c,0x11eb,0x0989,0x0a0b,0x01a9,0x01eb,0x01cb,0x01eb,0x022c,0x022c,0x01aa,
    0x01aa,0x018a,0x0169,0x0a0c,0x12d0,0x0149,0x0128,0x0107,0x00e6,0x00c6,0x00e7,0x0127,0x00c6,0x0107,0x0128,0x0128,
    0x0908,0x0107,0x00c6,0x0085,0x0085,0x0085,0x0085,0x0085,0x00a6,0x0085,0x0085,0x0085,0x0085,0x0043,0x0043,0x0043,
    0x0043,0x0042,0x0043,0x0064,0x0085,0x00a6,0x0086,0x0085,0x0065,0x0086,0x0064,0x0084,0x0086,0x08c7,0x08a7,0x08c7,
    0x0064,0x0021,0x0042,0x0043,0x0022,0x0022,0x0022,0x0022,0x0022,0x0022,0x0022,0x0022,0x0042,0x0022,0x0022,0x0022,
    0x0022,0x0022,0x0022,0x0022,0x0022,0x0042,0x0043,0x0043,0x0043,0x0043,0x0043,0x0042,0x0022,0x0022,0x0022,0x0022,
    0x0042,0x0022,0x0022,0x0022,0x0022,0x0022,0x0022,0x0022,0x0042,0x0022,0x0022,0x0022,0x0842,0x0021,0x0021,0x0021,
    0x0021,0x0021,0x0022,0x0022,0x0021,0x0022,0x0022,0x0022,0x0022,0x0022,0x0022,0x0022,0x0021,0x0021,0x0021,0x0021,
    0x0021,0x0022,0x0022,0x0022,0x0022,0x0022,0x0022,0x0021,0x0021,0x0021,0x0021,0x0021,0x0021,0x0022,0x0022,0x0022,
    0x0022,0x0022,0x0001,0x0021,0x0022,0x0042,0x0021,0x0021,0x0001,0x0001,0x0021,0x0022,0x0022,0x0021,0x0022,0x0022,
    0x0001,0x0021,0x0021,0x0001,0x0021,0x0022,0x0021,0x0021,0x0021,0x0021,0x0021,0x0021,0x0021,0x0021,0x0021,0x0021,
    0x0021,0x0022,0x0022,0x0022,0x0022,0x0022,0x0022,0x0022,0x0022,0x0022,0x0022,0x0022,0x0022,0x0022,0x0022,0x0022,
    0x0022,0x0022,0x0022,0x0022,0x0022,0x0022,0x0022,0x0022,0x0022,0x0022,0x0022,0x0022,0x0022,0x0022,0x0021,0x0021,
    0x0022,0x0022,0x0021,0x0021,0x0022,0x0022,0x0022,0x0022,0x0022,0x0022,0x0022,0x0022,0x0022,0x0022,0x0022,0x0022,
    0x0022,0x0042,0x0022,0x10c4,0x0022,0x0022,0x0022,0x0022,0x0022,0x0022,0x0022,0x0022,0x0022,0x0022,0x0042,0x0042,
    0x0042,0x0022,0x0042,0x0042,0x0042,0x0042,0x0022,0x0022,0x0022,0x0022,0x0042,0x0043,0x0043,0x0863,0x0043,0x0043,
    0x0043,0x0043,0x0043,0x0043,0x0043,0x0022,0x0043,0x0022,0x0043,0x0043,0x0022,0x0042,0x0042,0x0022,0x0022,0x0043,
    0x0043,0x0043,0x0043,0x0064,0x0064,0x08a5,0x0085,0x0064,0x0043,0x0043,0x0043,0x0064,0x0064,0x0084,0x0085,0x00a6,
    0x0084,0x0085,0x114a,0x114a,0x0109,0x0109,0x090a,0x096d,0x118d,0x012a,0x014b,0x11ce,0x11cf,0x09cf,0x2ab5,0x3a31,
    0x10e7,0x1929,0x3a50,0x298b,0x29ab,0x2149,0x1907,0x2969,0x18c6,0x316a,0x2108,0x10a5,0x10a6,0x20e7,0x18c6,0x0863,
    0x0022,0x0042,0x0043,0x0885,0x0884,0x0885,0x10c6,0x10e7,0x1949,0x1949,0x08c6,0x0064,0x0884,0x0864,0x0063,0x0863,
    0x0884,0x0885,0x0884,0x0863,0x0063,0x10c6,0x10c6,0x0042,0x0042,0x0022,0x0022,0x0022,0x0042,0x0043,0x0043,0x0042,
    0x0968,0x0947,0x00e5,0x124b,0x1b6f,0x236f,0x3cf4,0x1aee,0x1b4f,0x3493,0x3453,0x22ee,0x4452,0x65b6,0x3c32,0x33d1,
    0x4472,0x5d35,0x6d75,0x85f8,0x4d16,0x3c94,0x3c94,0x5536,0x4473,0x2330,0x6577,0x75f8,0x8659,0x75b7,0x4cb5,0x85f8,
    0x9eba,0x75f8,0x5d77,0x3bd2,0x124c,0x1a4d,0x22ef,0x0968,0x09a9,0x09a9,0x0148,0x09ca,0x02af,0x026d,0x020c,0x022c,
    0x01eb,0x01cb,0x024d,0x022d,0x022d,0x018a,0x0128,0x00e7,0x00e6,0x00e6,0x0107,0x0107,0x0107,0x0107,0x0949,0x016a,
    0x00e7,0x00c6,0x00c6,0x00a5,0x0085,0x00a6,0x0086,0x08a6,0x0064,0x0064,0x0064,0x0064,0x0065,0x0043,0x0022,0x0043,
    0x0043,0x0022,0x0022,0x0043,0x0085,0x08e7,0x08e8,0x00a6,0x0086,0x0085,0x0085,0x0085,0x0086,0x08c8,0x08a7,0x00a6,
    0x08a5,0x0042,0x0064,0x0043,0x0022,0x0022,0x0022,0x0022,0x0022,0x0042,0x0022,0x0022,0x0022,0x0022,0x0022,0x0042,
    0x0042,0x0022,0x0022,0x0022,0x0022,0x0042,0x0043,0x0863,0x3146,0x18c4,0x0043,0x0042,0x0022,0x0022,0x0022,0x0042,
    0x0042,0x0022,0x0022,0x0022,0x0022,0x0022,0x0022,0x0022,0x0022,0x0022,0x0021,0x0862,0x2945,0x0001,0x0021,0x0021,
    0x0021,0x0022,0x0022,0x0001,0x0021,0x0022,0x0022,0x0022,0x0022,0x0022,0x0022,0x0021,0x0022,0x0042,0x0021,0x0022,
    0x0022,0x0021,0x0021,0x0021,0x0021,0x0022,0x0022,0x0021,0x0021,0x0021,0x0021,0x0021,0x0021,0x0021,0x0022,0x0022,
    0x0022,0x0022,0x0021,0x0021,0x0021,0x0021,0x0021,0x0022,0x0021,0x0001,0x0021,0x0021,0x0001,0x0001,0x0021,0x0001,
    0x0021,0x0021,0x0001,0x0042,0x0021,0x0001,0x0001,0x0001,0x0021,0x0021,0x0021,0x0021,0x0021,0x0021,0x0021,0x0021,
    0x0022,0x0022,0x0022,0x0022,0x0022,0x0022,0x0022,0x0022,0x0022,0x0022,0x0022,0x0022,0x0022,0x0022,0x0022,0x0022,
    0x0021,0x0022,0x0022,0x0022,0x0022,0x0021,0x0021,0x0022,0x0021,0x0022,0x0022,0x0022,0x0022,0x0021,0x0021,0x0022,
    0x0022,0x0021,0x0042,0x0042,0x0021,0x0022,0x0022,0x0022,0x0022,0x0022,0x0022,0x0022,0x0022,0x0022,0x0022,0x0022,
    0x0022,0x0042,0x0022,0x0022,0x0022,0x0022,0x0022,0x0042,0x0022,0x0042,0x0022,0x0022,0x0022,0x0022,0x0022,0x0042,
    0x0022,0x0022,0x0022,0x0042,0x0042,0x0042,0x0042,0x0042,0x0042,0x0043,0x0863,0x0022,0x0022,0x10a5,0x0043,0x0042,
    0x0064,0x0064,0x0043,0x0064,0x0043,0x0043,0x0064,0x0043,0x0043,0x0022,0x0043,0x0043,0x0022,0x0022,0x0042,0x0043,
    0x0043,0x0043,0x0043,0x1107,0x00a5,0x0085,0x0064,0x0064,0x0043,0x0043,0x0043,0x0064,0x0063,0x0064,0x0084,0x08a6,
    0x08c6,0x08a7,0x08e9,0x08e8,0x00c8,0x00e8,0x0109,0x092b,0x010a,0x010a,0x012a,0x09cf,0x09d0,0x0a11,0x1232,0x298d,
    0x298c,0x10e8,0x1908,0x21ab,0x320e,0x3a0e,0x31ab,0x4a4e,0x420d,0x420e,0x318b,0x18e7,0x18e7,0x20e7,0x1084,0x0863,
    0x0043,0x0022,0x0042,0x0064,0x0063,0x10c6,0x214a,0x10a5,0x0863,0x08a5,0x0863,0x0864,0x0885,0x08a5,0x0863,0x0884,
    0x10c6,0x0864,0x0043,0x0864,0x10e7,0x1928,0x08a5,0x0042,0x0042,0x0022,0x0022,0x0042,0x0022,0x0043,0x0042,0x0042,
    0x00e6,0x0906,0x0968,0x09c9,0x236f,0x1b6f,0x12cd,0x0a6c,0x09ea,0x2b6f,0x3cd3,0x2b6f,0x4492,0x6596,0x4493,0x3c12,
    0x5d34,0x6db6,0x4c93,0x2aad,0x3433,0x5577,0x8639,0x9eda,0x4cf5,0x7e18,0x8e99,0x7e59,0x9e99,0xa698,0x8617,0x9e78,
    0xa699,0x6db7,0x44d5,0x5494,0x3370,0x2b50,0x09ea,0x226c,0x124c,0x0a4d,0x09ca,0x0a6e,0x02cf,0x028e,0x024d,0x026d,
    0x020b,0x0a2c,0x02af,0x022d,0x0a0c,0x01ab,0x0128,0x0107,0x0107,0x00e7,0x0108,0x0129,0x0128,0x0969,0x0128,0x0969,
    0x0128,0x0107,0x0107,0x00c6,0x0085,0x00a6,0x00a6,0x08a7,0x0084,0x0085,0x0085,0x0064,0x0064,0x0043,0x0022,0x0063,
    0x0863,0x0022,0x0022,0x0022,0x0044,0x322d,0x21cc,0x0086,0x00a6,0x0086,0x00a6,0x00a6,0x08a7,0x08c7,0x08a7,0x1908,
    0x08c7,0x0064,0x0085,0x0085,0x0022,0x0022,0x0022,0x0043,0x0042,0x0042,0x0042,0x0022,0x0042,0x0042,0x0042,0x0042,
    0x0022,0x0022,0x0022,0x0022,0x0022,0x0042,0x0063,0x0884,0x730c,0x3186,0x0043,0x0043,0x0022,0x0022,0x0022,0x0042,
    0x0022,0x0022,0x0022,0x0022,0x0022,0x0022,0x0022,0x0022,0x0022,0x0022,0x0022,0x0021,0x0021,0x0021,0x0021,0x0021,
    0x0021,0x0021,0x0021,0x0021,0x0021,0x0022,0x0022,0x0022,0x0022,0x0022,0x0022,0x0021,0x0021,0x0042,0x0022,0x0021,
    0x0022,0x0022,0x0022,0x0022,0x0022,0x0021,0x0021,0x0021,0x0021,0x0021,0x0021,0x0022,0x0021,0x0021,0x0021,0x0021,
    0x0022,0x0022,0x0021,0x0021,0x0021,0x0021,0x0021,0x0022,0x0022,0x0001,0x0001,0x0021,0x0001,0x0001,0x0021,0x0021,
    0x0021,0x0021,0x0021,0x0022,0x0021,0x0022,0x0021,0x0001,0x0021,0x0021,0x0021,0x0021,0x0021,0x0021,0x0021,0x0021,
    0x0022,0x0022,0x0022,0x0022,0x0022,0x0022,0x0022,0x0022,0x0022,0x0022,0x0022,0x0022,0x0022,0x0022,0x0022,0x0022,
    0x0021,0x0022,0x0022,0x0022,0x0021,0x0021,0x0021,0x0022,0x0022,0x0022,0x0022,0x0022,0x0022,0x0022,0x0021,0x0021,
    0x0022,0x0021,0x0863,0x0042,0x0021,0x0022,0x0022,0x0022,0x0021,0x0022,0x0022,0x0022,0x0022,0x0022,0x0022,0x0021,
    0x0022,0x0022,0x0022,0x0022,0x0022,0x0022,0x0022,0x0022,0x0022,0x0022,0x0022,0x0022,0x0022,0x0022,0x0022,0x0022,
    0x0022,0x0022,0x0022,0x0022,0x0022,0x0022,0x0043,0x0022,0x0043,0x0043,0x0042,0x0042,0x0042,0x0022,0x0043,0x0043,
    0x0022,0x0042,0x0043,0x0064,0x0063,0x0064,0x0064,0x0043,0x0043,0x0042,0x0043,0x0043,0x0022,0x0042,0x0042,0x0043,
    0x0043,0x0022,0x0043,0x0043,0x0064,0x0064,0x0064,0x0064,0x0043,0x0043,0x0043,0x0064,0x0063,0x0063,0x0064,0x08c7,
    0x08e8,0x00a7,0x08c8,0x00a6,0x08a6,0x10e7,0x00e8,0x00e8,0x00e8,0x012a,0x09ce,0x0a11,0x1231,0x2274,0x2a74,0x192a,
    0x1908,0x10c6,0x1907,0x3a50,0x320f,0x4a71,0x4250,0x2949,0x296a,0x18e7,0x2108,0x18e7,0x39cc,0x296a,0x18e7,0x0884,
    0x1084,0x1084,0x0863,0x0043,0x0043,0x10a6,0x1908,0x10a6,0x0063,0x0042,0x0042,0x0063,0x1907,0x1948,0x08a5,0x08a5,
    0x10e6,0x426d,0x426d,0x10e7,0x216a,0x10e7,0x0864,0x0042,0x0042,0x0022,0x0022,0x0863,0x0863,0x0043,0x0043,0x0042,
    0x0968,0x0906,0x0988,0x120a,0x1a6c,0x1aad,0x09ca,0x120a,0x09ea,0x1a8c,0x44f4,0x3c72,0x4cb3,0x5555,0x5514,0x5515,
    0x75d6,0x7e17,0x4cb4,0x22ce,0x44b5,0x6df8,0x9699,0x8e58,0x6db7,0x8e79,0x8659,0x9eb9,0xc71a,0xaeb8,0x9e78,0x9679,
    0x7dd7,0x6d97,0x4cf5,0x6556,0x5d36,0x33f2,0x12ce,0x1b30,0x12ae,0x0a2c,0x09ea,0x0af0,0x02cf,0x02f0,0x0b10,0x028e,
    0x024d,0x024d,0x024d,0x020c,0x01aa,0x01aa,0x018a,0x0128,0x0128,0x09cb,0x09ed,0x09ab,0x016a,0x00e7,0x0107,0x0107,
    0x00e7,0x00e7,0x00e7,0x0908,0x08c7,0x00a7,0x08e8,0x08e8,0x00a6,0x0084,0x0064,0x0085,0x0085,0x0085,0x0043,0x0043,
    0x0022,0x0022,0x0042,0x0042,0x0064,0x08c8,0x00a7,0x00c7,0x00a6,0x00a6,0x0085,0x00a6,0x08e9,0x08e9,0x10e9,0x294a,
    0x08c7,0x00a6,0x00a6,0x08a6,0x0043,0x0022,0x0022,0x0022,0x0022,0x0042,0x0042,0x0042,0x0022,0x0042,0x0042,0x0042,
    0x0022,0x0022,0x0022,0x0022,0x0022,0x0042,0x0043,0x0863,0x1083,0x0863,0x0043,0x0042,0x0042,0x0022,0x0022,0x0022,
    0x0022,0x0022,0x0022,0x0022,0x0022,0x0022,0x0022,0x0022,0x0022,0x0022,0x0022,0x0021,0x0021,0x0021,0x0001,0x0021,
    0x0022,0x0022,0x0022,0x0022,0x0022,0x0022,0x0022,0x0022,0x0001,0x0022,0x0022,0x0021,0x0022,0x0022,0x0022,0x0022,
    0x0022,0x0022,0x0022,0x0022,0x0001,0x0001,0x0021,0x0021,0x0021,0x0021,0x0022,0x0042,0x0022,0x0021,0x0022,0x0021,
    0x0021,0x0021,0x0021,0x0022,0x0001,0x0021,0x0022,0x0001,0x0021,0x0021,0x0021,0x0021,0x0021,0x0021,0x0021,0x0022,
    0x0021,0x0021,0x0021,0x0021,0x0021,0x0022,0x0021,0x0021,0x0021,0x0021,0x0021,0x0021,0x0022,0x0022,0x0022,0x0021,
    0x0022,0x0022,0x0022,0x0022,0x0022,0x0022,0x0021,0x0022,0x0022,0x0022,0x0022,0x0021,0x0021,0x0021,0x0021,0x0022,
    0x0021,0x0022,0x0021,0x0842,0x0022,0x0021,0x0001,0x0022,0x0042,0x0022,0x0022,0x0022,0x0021,0x0022,0x0022,0x0022,
    0x0022,0x0022,0x0022,0x0021,0x0022,0x0042,0x0022,0x0022,0x0022,0x0022,0x0022,0x0022,0x0022,0x0022,0x0022,0x0022,
    0x0022,0x0022,0x0022,0x0022,0x0022,0x0022,0x0022,0x0022,0x0022,0x0022,0x0022,0x0022,0x0022,0x0022,0x0022,0x0022,
    0x0042,0x0022,0x0021,0x0063,0x0043,0x0022,0x0022,0x0022,0x0042,0x0022,0x0043,0x0043,0x0022,0x0022,0x0042,0x0043,
    0x0043,0x0042,0x0063,0x0884,0x0064,0x0064,0x0064,0x0085,0x0043,0x0022,0x0042,0x0043,0x0042,0x0042,0x0042,0x0042,
    0x0042,0x0022,0x0063,0x08a5,0x0064,0x0064,0x0064,0x0063,0x0064,0x0064,0x0043,0x0064,0x0064,0x0064,0x0064,0x0064,
    0x0085,0x00a6,0x00a5,0x0085,0x00a6,0x00e8,0x0929,0x0129,0x0929,0x016c,0x0a0f,0x09ce,0x1a31,0x42d6,0x4b18,0x39ee,
    0x10c5,0x08a5,0x1908,0x29ac,0x298c,0x39ee,0x39ce,0x62d2,0x5aaf,0x10a5,0x10c6,0x18e7,0x296a,0x2128,0x294a,0x2107,
    0x1085,0x1085,0x18c6,0x0863,0x0043,0x0043,0x0043,0x0043,0x0043,0x0864,0x0885,0x10e7,0x1907,0x1908,0x10e6,0x0884,
    0x0043,0x2169,0x4acf,0x322e,0x1108,0x0884,0x0043,0x0043,0x0042,0x0022,0x0043,0x0885,0x08a5,0x0042,0x0043,0x0042,
    0x0968,0x0947,0x0968,0x124b,0x126c,0x1b2f,0x1aee,0x124c,0x124b,0x1a8c,0x4492,0x3c93,0x44b3,0x5d75,0x4cf4,0x5535,
    0x65b6,0xa699,0x75d7,0x4d16,0x5516,0x4cb5,0x5536,0x5536,0x5536,0x7e38,0x8e79,0xc71a,0xd719,0x8e38,0x5d16,0x6536,
    0x865a,0x7619,0x5d77,0x3c33,0x3453,0x2bd2,0x2c33,0x1b2f,0x0a6d,0x0a2b,0x0968,0x0a6d,0x0330,0x0bb3,0x1392,0x02cf,
    0x02af,0x026e,0x026d,0x022c,0x0a2c,0x0a0c,0x09eb,0x0149,0x0169,0x09ab,0x09cc,0x01cc,0x016a,0x0108,0x0108,0x0129,
    0x0129,0x0108,0x00e7,0x00e7,0x08e8,0x08e8,0x0909,0x08e7,0x00c6,0x0085,0x0064,0x0064,0x00a6,0x00a6,0x0084,0x0043,
    0x0042,0x0042,0x0042,0x0043,0x0086,0x0085,0x0085,0x00a6,0x00a6,0x00a6,0x0085,0x0085,0x08e8,0x08e9,0x08e9,0x08c8,
    0x08c7,0x00a6,0x00a6,0x08c6,0x0043,0x0021,0x0022,0x0022,0x0022,0x0042,0x0042,0x0042,0x0042,0x0042,0x0022,0x0022,
    0x0042,0x0042,0x0022,0x0022,0x0022,0x0042,0x0042,0x0042,0x0843,0x0042,0x0043,0x0042,0x0042,0x0022,0x0022,0x0022,
    0x0022,0x0022,0x0022,0x0022,0x0022,0x0022,0x0022,0x0022,0x0022,0x0022,0x0022,0x0021,0x0021,0x0001,0x0001,0x0022,
    0x0022,0x0022,0x0022,0x0022,0x0022,0x0022,0x0001,0x10a4,0x1905,0x0001,0x0022,0x0021,0x0022,0x0022,0x0022,0x0022,
    0x0022,0x0022,0x0022,0x0022,0x0001,0x0001,0x0022,0x0022,0x0022,0x0022,0x0022,0x0022,0x0022,0x0022,0x0022,0x0021,
    0x0021,0x0021,0x0021,0x0022,0x0021,0x0021,0x0001,0x0021,0x0021,0x0021,0x0022,0x0021,0x0001,0x0022,0x0021,0x0021,
    0x0021,0x0021,0x0021,0x0021,0x0021,0x0001,0x0021,0x0021,0x0021,0x0021,0x0021,0x0021,0x0022,0x0022,0x0021,0x0022,
    0x0021,0x0022,0x0022,0x0022,0x0022,0x0022,0x0022,0x0021,0x0022,0x0022,0x0022,0x0021,0x0022,0x0021,0x0021,0x0022,
    0x0021,0x0021,0x0021,0x0042,0x0022,0x0021,0x0022,0x0021,0x0022,0x0022,0x0022,0x0022,0x0042,0x0022,0x0022,0x0042,
    0x0021,0x0022,0x0022,0x0022,0x0021,0x0022,0x0022,0x0022,0x0022,0x0022,0x0022,0x0022,0x0022,0x0022,0x0022,0x0022,
    0x0022,0x0022,0x0022,0x0022,0x0022,0x0022,0x0022,0x0022,0x0022,0x0022,0x0022,0x0022,0x0042,0x0022,0x0022,0x0022,
    0x0042,0x0022,0x0022,0x0042,0x0043,0x0022,0x0022,0x0022,0x0022,0x0022,0x0042,0x0043,0x0022,0x0042,0x0042,0x0043,
    0x0043,0x0022,0x0043,0x0064,0x0885,0x18e7,0x0064,0x0085,0x0043,0x0042,0x0043,0x0043,0x0043,0x0043,0x0042,0x0043,
    0x0043,0x0022,0x0064,0x29eb,0x08a5,0x0063,0x0064,0x0064,0x0064,0x0084,0x0085,0x0064,0x0064,0x0064,0x0084,0x0064,
    0x00a5,0x00c7,0x00a5,0x00a6,0x0108,0x094a,0x012a,0x0109,0x0108,0x094b,0x09ad,0x094b,0x2210,0x3295,0x2a95,0x2a71,
    0x198b,0x194a,0x29cd,0x194a,0x21ad,0x4ad4,0x5b56,0x9d3b,0xbdfc,0x7bd4,0x298b,0x298b,0x318b,0x294a,0x39cb,0x2128,
    0x10a5,0x0884,0x18c6,0x0864,0x0043,0x0022,0x0042,0x0864,0x10a5,0x18e7,0x1928,0x29ac,0x29ed,0x21ac,0x216a,0x10c5,
    0x0884,0x0885,0x10c6,0x10e6,0x0884,0x0043,0x0063,0x0043,0x0042,0x0022,0x0042,0x0884,0x10c6,0x0063,0x0043,0x0042,
    0x0968,0x09a9,0x09a9,0x09ea,0x128c,0x1acd,0x1b90,0x12ee,0x1b0e,0x126c,0x33f0,0x6df7,0x4d14,0x65d7,0x65b6,0x5534,
    0x65b6,0xa6da,0x9e99,0x44f5,0x5d56,0x4d15,0x6597,0x5576,0x6d76,0x9eba,0xbf3b,0xe77b,0xcf1a,0x8e99,0x6576,0x4cb5,
    0x4cf6,0x4cf5,0x5536,0x4d16,0x5557,0x44b4,0x2c33,0x2c12,0x1b2f,0x1b91,0x128d,0x09ca,0x0acf,0x13f3,0x1371,0x0a2c,
    0x0189,0x0a6d,0x02f0,0x02f0,0x0aaf,0x024d,0x022d,0x01ab,0x018a,0x098a,0x0a2e,0x09ab,0x0169,0x0128,0x0107,0x096a,
    0x098b,0x0149,0x0107,0x00e7,0x00c7,0x00c7,0x0908,0x08e7,0x00c6,0x00c6,0x0085,0x0064,0x0085,0x0085,0x0085,0x0064,
    0x0063,0x0043,0x0043,0x0064,0x0085,0x0043,0x0085,0x00a6,0x0085,0x00a6,0x0085,0x00c7,0x1109,0x08e9,0x00a7,0x00c7,
    0x00c7,0x00a6,0x00a5,0x00a5,0x0043,0x0022,0x0022,0x0042,0x0022,0x0042,0x0042,0x0022,0x0022,0x0022,0x0022,0x0042,
    0x0042,0x0042,0x0022,0x0022,0x0022,0x0022,0x0042,0x0042,0x0042,0x0042,0x0042,0x0042,0x0042,0x0022,0x0022,0x0022,
    0x0022,0x0022,0x0022,0x0022,0x0022,0x0022,0x0022,0x0022,0x0022,0x0022,0x0021,0x0022,0x0001,0x0022,0x0021,0x0022,
    0x0022,0x0022,0x0022,0x0022,0x0022,0x0022,0x0021,0x0863,0x0884,0x0022,0x0022,0x0022,0x0022,0x0022,0x0022,0x0022,
    0x0022,0x0022,0x0022,0x0022,0x0021,0x0022,0x0021,0x0022,0x0042,0x0022,0x0884,0x1927,0x0022,0x0022,0x0021,0x0021,
    0x0021,0x0021,0x0022,0x0022,0x0021,0x0021,0x0021,0x0021,0x0021,0x0021,0x0022,0x0021,0x0042,0x0001,0x0022,0x0022,
    0x0021,0x0021,0x0022,0x0021,0x0022,0x0022,0x0021,0x0021,0x0021,0x0022,0x0022,0x0021,0x0021,0x0021,0x0021,0x0021,
    0x0022,0x0022,0x0022,0x0022,0x0022,0x0022,0x0022,0x0022,0x0021,0x0022,0x0022,0x0022,0x0022,0x0022,0x10a3,0x0842,
    0x0001,0x0021,0x0021,0x0001,0x0021,0x0021,0x0021,0x0022,0x0021,0x0022,0x0022,0x0022,0x0022,0x0042,0x18e5,0x0022,
    0x0022,0x0022,0x0022,0x0021,0x0022,0x0022,0x0022,0x0022,0x0022,0x0022,0x0022,0x0022,0x0022,0x0022,0x0022,0x0022,
    0x0022,0x0022,0x0022,0x0022,0x0022,0x0022,0x0022,0x0022,0x0022,0x0022,0x0022,0x0022,0x0022,0x0022,0x0022,0x0022,
    0x0022,0x0022,0x0022,0x0022,0x0022,0x0022,0x0042,0x0043,0x0022,0x0022,0x0042,0x0022,0x0043,0x0043,0x0043,0x0043,
    0x0063,0x0022,0x0043,0x0043,0x0864,0x0885,0x0064,0x0064,0x0043,0x0043,0x0864,0x0043,0x0022,0x0042,0x0022,0x0042,
    0x0043,0x0043,0x0064,0x0085,0x0084,0x0063,0x0084,0x0064,0x0063,0x0064,0x0084,0x0064,0x0064,0x0064,0x0064,0x0064,
    0x0085,0x00a6,0x00a5,0x00c6,0x0109,0x0109,0x0108,0x00e8,0x0929,0x094a,0x094a,0x096b,0x1a10,0x1a73,0x1252,0x1251,
    0x2251,0x3252,0x3232,0x218d,0x5313,0x4b15,0x3251,0x5b97,0xa59c,0x8438,0x31ac,0x1908,0x214a,0x420f,0x6b14,0x39cd,
    0x2108,0x18e7,0x2129,0x0843,0x0022,0x0022,0x0022,0x0843,0x10c6,0x216a,0x18e7,0x216a,0x29ed,0x3a91,0x324f,0x1107,
    0x08a5,0x10c6,0x1928,0x216a,0x31cb,0x10e7,0x0863,0x0042,0x0042,0x0042,0x0863,0x0043,0x08a5,0x0884,0x0863,0x0043,
    0x122b,0x11eb,0x122b,0x1b0f,0x12ad,0x1a8c,0x12ac,0x128c,0x1b2e,0x1b0e,0x1b0e,0x4431,0x5492,0x5cf4,0x43d0,0x1a4c,
    0x2b6f,0x6cb3,0x95b6,0x75f8,0x75d7,0x6597,0x8638,0x6556,0x3371,0x5473,0xb6da,0xcf3a,0x8638,0x6dd8,0x8e79,0x9699,
    0x6556,0x44b5,0x44d5,0x5577,0x7639,0x869a,0x5536,0x2391,0x2330,0x23b2,0x1350,0x0a6c,0x0988,0x126c,0x1b30,0x120b,
    0x00e6,0x0927,0x0a0c,0x09eb,0x0a8f,0x026e,0x0a2d,0x0a2d,0x0a0d,0x09ab,0x09cc,0x0969,0x0149,0x0169,0x018a,0x018b,
    0x018b,0x016a,0x0929,0x0108,0x00c7,0x0929,0x094a,0x0909,0x00c7,0x00c7,0x00c8,0x0085,0x0064,0x0064,0x0085,0x00a6,
    0x0085,0x0064,0x0064,0x0064,0x0063,0x0064,0x00a6,0x00a6,0x00a6,0x00a6,0x00a6,0x08c8,0x08e8,0x00a6,0x00a6,0x00a7,
    0x00a6,0x00a6,0x00a6,0x00a6,0x0064,0x0042,0x0022,0x0022,0x0022,0x0022,0x0022,0x0042,0x0043,0x0022,0x0022,0x0042,
    0x0042,0x0022,0x0022,0x0042,0x0022,0x0022,0x0022,0x0022,0x0022,0x0042,0x0022,0x0022,0x0042,0x0022,0x0022,0x0022,
    0x0022,0x0022,0x0022,0x0022,0x0022,0x0022,0x0022,0x0022,0x0022,0x0022,0x0022,0x0022,0x0021,0x0022,0x0021,0x0022,
    0x0022,0x0022,0x0022,0x0022,0x0022,0x0022,0x0022,0x0021,0x0021,0x0022,0x0022,0x0022,0x0022,0x0022,0x0022,0x0022,
    0x0022,0x0021,0x0022,0x0021,0x0021,0x0021,0x0021,0x0022,0x0022,0x0021,0x0063,0x10c5,0x0022,0x0022,0x0021,0x0021,
    0x0021,0x0021,0x0021,0x0021,0x0021,0x0021,0x0021,0x0021,0x0021,0x0021,0x0001,0x0001,0x0021,0x0021,0x0021,0x0021,
    0x0021,0x0021,0x0021,0x0021,0x0021,0x0021,0x0001,0x0842,0x0022,0x0021,0x0021,0x0021,0x0021,0x0021,0x0021,0x0021,
    0x0021,0x0021,0x0021,0x0022,0x0022,0x0022,0x0022,0x0022,0x0022,0x0022,0x0022,0x0022,0x0021,0x0022,0x0022,0x0021,
    0x0022,0x0022,0x0021,0x0022,0x0022,0x0021,0x0021,0x0022,0x0021,0x0022,0x0022,0x0022,0x0022,0x0022,0x0863,0x0022,
    0x0022,0x0022,0x0022,0x0021,0x0022,0x0022,0x0022,0x0022,0x0022,0x0022,0x0022,0x0022,0x0022,0x0022,0x0022,0x0022,
    0x0022,0x0022,0x0022,0x0022,0x0042,0x0022,0x0042,0x0022,0x0022,0x0022,0x0022,0x0022,0x0022,0x0022,0x0022,0x0022,
    0x0022,0x0022,0x0022,0x0022,0x0022,0x0022,0x0022,0x0022,0x0022,0x0022,0x0022,0x0022,0x0063,0x0043,0x0043,0x0042,
    0x0023,0x0043,0x0043,0x0042,0x0043,0x0885,0x0065,0x0065,0x0064,0x0885,0x0064,0x0043,0x0022,0x0843,0x0884,0x0021,
    0x0043,0x08c6,0x0085,0x0085,0x00a5,0x0084,0x0085,0x00a5,0x0064,0x0064,0x0064,0x0064,0x00a5,0x00a5,0x0064,0x0064,
    0x0084,0x00a5,0x00a5,0x00a6,0x00e7,0x00e7,0x00c6,0x0108,0x096a,0x094a,0x096a,0x1a0f,0x1251,0x0a51,0x0a51,0x1250,
    0x1a92,0x1a72,0x2274,0x2a94,0x53d8,0x64bb,0x21f1,0x3ab4,0x6c3a,0x63fa,0x7439,0x39ed,0x318b,0x41ee,0x318c,0x318c,
    0x10c6,0x18e7,0x18e8,0x0884,0x0022,0x0042,0x0022,0x0884,0x1908,0x1908,0x10a5,0x10c6,0x1928,0x218b,0x324f,0x29ed,
    0x216a,0x10e7,0x10a5,0x10c6,0x218a,0x1928,0x08a5,0x0863,0x0042,0x0884,0x10e7,0x0885,0x0884,0x08a5,0x0884,0x0043,
    0x0a0a,0x120b,0x09ea,0x1b0f,0x23b1,0x1b4f,0x0a2b,0x0a0a,0x12ee,0x1b90,0x2412,0x23f1,0x1aed,0x1aac,0x0948,0x0927,
    0x11ca,0x122b,0x334f,0x6d14,0x9e58,0x9638,0x9e58,0x7dd8,0x4474,0x5495,0x6536,0x8e58,0x75d8,0x4cd5,0x4cd4,0x7df8,
    0x7e38,0x5d97,0x44f5,0x3c53,0x2b91,0x4494,0x43f2,0x22f0,0x1a4d,0x09eb,0x128d,0x0a6d,0x09eb,0x09ca,0x09eb,0x09aa,
    0x09ec,0x098a,0x0907,0x0969,0x09ec,0x0aaf,0x0a6e,0x0a4e,0x020d,0x09ec,0x0a0d,0x01cc,0x01ab,0x09cc,0x098b,0x018b,
    0x098b,0x0129,0x116a,0x114a,0x0109,0x0929,0x0929,0x0908,0x00e7,0x00a6,0x08c7,0x0085,0x00a6,0x0085,0x0084,0x0084,
    0x0084,0x0085,0x0064,0x0064,0x0064,0x08c7,0x00a6,0x0085,0x00a6,0x08c7,0x08c8,0x1109,0x08c7,0x0085,0x0085,0x0085,
    0x0085,0x0085,0x0086,0x0085,0x0885,0x0043,0x0042,0x0022,0x0022,0x0022,0x0022,0x0042,0x0042,0x0022,0x0022,0x0022,
    0x0022,0x0022,0x0022,0x0042,0x0022,0x0022,0x0022,0x0022,0x0042,0x0022,0x0022,0x0022,0x0022,0x0042,0x0863,0x0022,
    0x0022,0x0022,0x0022,0x0022,0x0022,0x0022,0x0022,0x0022,0x0022,0x0022,0x0022,0x0022,0x0022,0x0022,0x0022,0x0022,
    0x0022,0x0022,0x0022,0x0022,0x0022,0x0021,0x0022,0x0022,0x0022,0x0022,0x0022,0x0022,0x0022,0x0021,0x0021,0x0022,
    0x0022,0x0022,0x0022,0x0021,0x0021,0x0022,0x0021,0x0021,0x0021,0x0022,0x0001,0x0001,0x0022,0x0022,0x0022,0x0022,
    0x0021,0x0021,0x0042,0x0001,0x0021,0x0021,0x0021,0x0021,0x0021,0x0021,0x0001,0x0021,0x0021,0x0021,0x0021,0x0022,
    0x0022,0x0021,0x0021,0x0021,0x0021,0x0021,0x0021,0x0021,0x0021,0x0021,0x0022,0x0021,0x0022,0x0021,0x0022,0x0021,
    0x0021,0x0021,0x0021,0x0021,0x0021,0x0022,0x0022,0x0022,0x0022,0x0022,0x0042,0x0022,0x0021,0x0021,0x0001,0x0022,
    0x0022,0x0021,0x0021,0x0022,0x0022,0x0022,0x0022,0x0022,0x0021,0x0022,0x0022,0x0022,0x0022,0x0022,0x0022,0x0022,
    0x0022,0x0022,0x0022,0x0022,0x0022,0x0022,0x0022,0x0022,0x0022,0x0022,0x0022,0x0022,0x0022,0x0022,0x0022,0x0022,
    0x0022,0x0022,0x0022,0x0022,0x0042,0x0022,0x0022,0x0022,0x0022,0x0022,0x0022,0x0022,0x0022,0x0022,0x0022,0x0863,
    0x0042,0x0022,0x0022,0x0022,0x0022,0x0022,0x0042,0x0042,0x0022,0x0022,0x0022,0x0043,0x0043,0x0043,0x0043,0x0043,
    0x0022,0x0043,0x0043,0x0043,0x0044,0x0064,0x0044,0x0064,0x0865,0x0885,0x0864,0x0043,0x0043,0x0043,0x0043,0x0043,
    0x0043,0x0064,0x0085,0x08a6,0x00a5,0x0085,0x0085,0x0085,0x0064,0x0064,0x0064,0x0084,0x0085,0x0084,0x0064,0x0064,
    0x0085,0x00a5,0x00c5,0x00c6,0x00c6,0x00c6,0x00c6,0x0108,0x014a,0x0129,0x016a,0x09ee,0x1271,0x12b2,0x1292,0x1ab3,
    0x1271,0x1a92,0x1a72,0x2294,0x3b77,0x6cbb,0x4b97,0x4b57,0x42f5,0x4b78,0x4b78,0x3a51,0x214a,0x318b,0x2129,0x2129,
    0x2129,0x2149,0x2129,0x18e7,0x0864,0x0043,0x0043,0x0885,0x18e7,0x18e7,0x10c6,0x10a5,0x10a5,0x10c6,0x21ac,0x29cc,
    0x21ab,0x218b,0x1928,0x0043,0x0885,0x10c6,0x10c7,0x0884,0x0863,0x10c6,0x2169,0x1107,0x0864,0x0863,0x0884,0x0042,
    0x0988,0x09c9,0x124b,0x12cd,0x2370,0x1b0f,0x09a9,0x0106,0x0106,0x09e9,0x1b4e,0x2bd0,0x2b6f,0x120b,0x0968,0x00a4,
    0x00e5,0x1a0a,0x5474,0x232f,0xa618,0xae9a,0x9638,0x7dd8,0x75b8,0x7578,0x3414,0x9638,0x7dd8,0x5d16,0x4454,0x4474,
    0x75d7,0x8e38,0x3c53,0x3413,0x1aaf,0x1aaf,0x3c54,0x44d6,0x3454,0x124c,0x09ca,0x122c,0x0a2d,0x0a6e,0x0a4d,0x09cb,
    0x09ec,0x09ec,0x09ab,0x120c,0x0948,0x0a6d,0x0ab0,0x0a8f,0x0a8f,0x0a2e,0x09ed,0x09ed,0x09ed,0x0a0d,0x09ed,0x098b,
    0x014a,0x0128,0x0129,0x096b,0x094a,0x0929,0x0929,0x0908,0x0929,0x00a6,0x00a6,0x00a6,0x00a6,0x00a6,0x0085,0x0085,
    0x08c7,0x08c7,0x00a7,0x0085,0x0064,0x00a6,0x0085,0x0085,0x0085,0x08a7,0x10e9,0x08c7,0x08a6,0x00a5,0x0064,0x0064,
    0x0085,0x0064,0x0064,0x0084,0x08a6,0x0064,0x0042,0x0022,0x0022,0x0042,0x0043,0x0022,0x0022,0x0022,0x0022,0x0022,
    0x0042,0x0042,0x0022,0x0042,0x0022,0x0022,0x0042,0x0022,0x0042,0x0022,0x0042,0x0042,0x0022,0x0042,0x0043,0x0022,
    0x0022,0x0042,0x0022,0x0022,0x0022,0x0022,0x0022,0x0022,0x0022,0x0021,0x0022,0x0022,0x0022,0x0022,0x0022,0x0022,
    0x0022,0x0022,0x0022,0x0021,0x0022,0x0022,0x0022,0x0022,0x0022,0x0022,0x0022,0x0022,0x0022,0x0022,0x0021,0x0022,
    0x0022,0x0022,0x0022,0x0021,0x0021,0x0021,0x0021,0x0021,0x0021,0x0001,0x0021,0x0022,0x0022,0x0022,0x0022,0x0021,
    0x0021,0x0001,0x0021,0x0021,0x0001,0x0022,0x0021,0x0021,0x0021,0x0022,0x0021,0x0022,0x0842,0x0001,0x0021,0x0021,
    0x0021,0x0021,0x0021,0x0021,0x0021,0x0021,0x0021,0x0001,0x0021,0x0021,0x0021,0x0022,0x0021,0x0021,0x0021,0x0021,
    0x0021,0x0021,0x0021,0x0021,0x0022,0x0022,0x0042,0x0022,0x0022,0x0022,0x0022,0x0022,0x0022,0x0021,0x0021,0x0022,
    0x0022,0x0021,0x0022,0x0022,0x0022,0x0022,0x0022,0x0022,0x0022,0x0022,0x0022,0x0022,0x0022,0x0022,0x0022,0x0022,
    0x0022,0x0022,0x0022,0x0022,0x0022,0x0022,0x0022,0x0042,0x0022,0x0022,0x0022,0x0022,0x0022,0x0022,0x0022,0x0022,
    0x0022,0x0021,0x0022,0x0022,0x0022,0x0022,0x0022,0x0022,0x0022,0x0022,0x0022,0x0022,0x0021,0x0021,0x0022,0x0043,
    0x0022,0x0022,0x0022,0x0022,0x0022,0x0022,0x0022,0x0043,0x0042,0x0022,0x0022,0x0042,0x0022,0x0043,0x0043,0x0022,
    0x0022,0x0884,0x0043,0x0043,0x0044,0x0064,0x0043,0x0043,0x0064,0x0885,0x0864,0x0043,0x0043,0x0043,0x0022,0x0043,
    0x0043,0x0043,0x00a5,0x08a6,0x0084,0x0085,0x0084,0x0085,0x0085,0x0064,0x0064,0x0084,0x0064,0x0064,0x0085,0x00a5,
    0x0084,0x2168,0x00a5,0x00c6,0x00a5,0x00c6,0x00e7,0x0128,0x016b,0x0129,0x016a,0x018c,0x0a30,0x1291,0x1250,0x1292,
    0x1ab2,0x2b35,0x22f4,0x22d4,0x4397,0x6c5a,0x5bf8,0x3ad4,0x3273,0x4b57,0x4b36,0x3230,0x214b,0x2129,0x318b,0x31ac,
    0x4291,0x4b53,0x29ac,0x18e7,0x10a5,0x0043,0x0843,0x1085,0x2128,0x29cc,0x218b,0x216a,0x10e7,0x10a5,0x1928,0x216a,
    0x21ab,0x29ac,0x218b,0x10e7,0x08a5,0x10a6,0x0064,0x0063,0x0043,0x08a5,0x1907,0x10c6,0x0864,0x0042,0x0063,0x0043,
    0x0968,0x09a9,0x122a,0x12cd,0x12ed,0x128c,0x0926,0x00e6,0x00e6,0x0968,0x1aed,0x128c,0x0188,0x0106,0x0907,0x0106,
    0x0107,0x09ca,0x1a6c,0x2b2f,0x6c93,0x9e79,0x8e38,0x9e39,0x8dd8,0x54d5,0x3bf3,0x8dd8,0x9e9a,0x8e79,0x6d97,0x5cf5,
    0x5cd5,0x4c12,0x2331,0x2b30,0x2b10,0x22f0,0x3c54,0x3c74,0x2bf3,0x2bd3,0x122c,0x11cb,0x09aa,0x09cb,0x12ae,0x12af,
    0x126e,0x122d,0x09ab,0x09aa,0x0948,0x122c,0x0a8f,0x0a8f,0x1aaf,0x0a4f,0x020d,0x01ed,0x022e,0x0a2e,0x09ed,0x09cc,
    0x11cb,0x098b,0x09cc,0x09ed,0x09cc,0x098b,0x116a,0x0929,0x0929,0x00c7,0x00c7,0x00a6,0x0086,0x00a6,0x0085,0x08c7,
    0x1109,0x08c8,0x08c7,0x08c7,0x00a7,0x00a6,0x0085,0x0085,0x08a6,0x10e9,0x10e9,0x0086,0x00a6,0x0064,0x0064,0x0085,
    0x0085,0x0085,0x0064,0x0064,0x0085,0x0043,0x0022,0x0022,0x0022,0x0043,0x0043,0x0042,0x0022,0x0042,0x0022,0x0043,
    0x0043,0x0042,0x0022,0x0022,0x0022,0x0022,0x0022,0x0022,0x0042,0x0042,0x0022,0x0042,0x0042,0x0022,0x0022,0x0022,
    0x0022,0x0022,0x0022,0x0022,0x0022,0x0022,0x0022,0x0022,0x0022,0x0863,0x0022,0x0022,0x0021,0x0021,0x0022,0x0022,
    0x0022,0x0022,0x0021,0x0022,0x0022,0x0021,0x0022,0x0022,0x0021,0x0022,0x0022,0x0022,0x0022,0x0022,0x0021,0x0021,
    0x0022,0x0022,0x0022,0x0021,0x0021,0x0021,0x0021,0x0021,0x0001,0x0042,0x0021,0x0022,0x0022,0x0021,0x0022,0x0021,
    0x0001,0x0042,0x0022,0x0001,0x0001,0x0021,0x0022,0x0022,0x0021,0x0021,0x0021,0x0021,0x0021,0x0022,0x0022,0x0021,
    0x0021,0x0022,0x0021,0x0021,0x0021,0x0021,0x0021,0x0021,0x0021,0x0042,0x2904,0x0021,0x0021,0x0021,0x0021,0x0021,
    0x0021,0x0021,0x0022,0x0021,0x0022,0x0021,0x0022,0x0021,0x0021,0x0022,0x0022,0x0022,0x0021,0x0022,0x0021,0x0022,
    0x0022,0x0022,0x0022,0x0022,0x0022,0x0022,0x0022,0x0022,0x0022,0x0022,0x0022,0x0022,0x0022,0x0022,0x0022,0x0022,
    0x0022,0x0022,0x0022,0x0022,0x0022,0x0022,0x0022,0x0022,0x0022,0x0022,0x0022,0x0022,0x0022,0x0022,0x0022,0x0022,
    0x0022,0x0021,0x0022,0x0022,0x0021,0x0022,0x0022,0x0022,0x0022,0x0022,0x0042,0x0863,0x0022,0x0022,0x0022,0x0022,
    0x0022,0x0022,0x0022,0x0042,0x0043,0x0042,0x0042,0x0042,0x0042,0x0022,0x0022,0x0043,0x0042,0x0042,0x0043,0x0042,
    0x0022,0x0043,0x0044,0x0043,0x0064,0x0063,0x0043,0x0043,0x0064,0x0886,0x0885,0x0064,0x0043,0x0022,0x0022,0x0022,
    0x0043,0x0085,0x00a6,0x0085,0x0085,0x0085,0x0085,0x0085,0x0085,0x0064,0x0064,0x00a5,0x0085,0x0064,0x00c6,0x00a6,
    0x0084,0x08e6,0x00a5,0x00c5,0x00a5,0x00e6,0x0108,0x014a,0x01ac,0x014a,0x014a,0x016a,0x09cd,0x09cd,0x098c,0x1271,
    0x2314,0x2314,0x2355,0x3bd7,0x4398,0x3b36,0x3af5,0x29cf,0x3252,0x42f5,0x4b36,0x3a2f,0x1929,0x298b,0x1908,0x320e,
    0x3a50,0x5395,0x3a70,0x0885,0x08a4,0x0042,0x0884,0x10a5,0x1928,0x29cc,0x3a50,0x42b1,0x216b,0x1907,0x10c6,0x1908,
    0x216a,0x218b,0x214a,0x10e7,0x10c6,0x0884,0x0042,0x0042,0x0042,0x0043,0x0884,0x08a5,0x08a5,0x0043,0x0063,0x0864,
    0x0948,0x0968,0x09c9,0x09ea,0x126c,0x1acd,0x09ea,0x00e6,0x00e6,0x0906,0x1a4b,0x11a9,0x00e6,0x00c5,0x00c5,0x00e6,
    0x0107,0x0968,0x3390,0x3390,0x7515,0xbedb,0xb6bb,0xef5e,0xae9a,0x8e19,0x7d77,0xaeba,0xbf3b,0x96ba,0x5d56,0x4494,
    0x3c12,0x2b70,0x5515,0x3bb1,0x2b50,0x22ef,0x2b71,0x33f3,0x2391,0x2bf3,0x23b2,0x124c,0x11eb,0x1a4d,0x230f,0x2350,
    0x1aae,0x09aa,0x08e6,0x08e6,0x0906,0x1a8d,0x2bd4,0x1b73,0x0ab0,0x0a6f,0x0a2e,0x09ec,0x09cc,0x09ab,0x09cc,0x11ed,
    0x120d,0x120d,0x11ec,0x09cc,0x09cc,0x09ab,0x094a,0x094a,0x00e8,0x00c7,0x00a7,0x00a6,0x00a6,0x00a6,0x08e8,0x192a,
    0x10e8,0x08e8,0x08c7,0x08a6,0x00a6,0x0085,0x0084,0x0086,0x10e9,0x1109,0x08c8,0x08c8,0x08a7,0x0065,0x0064,0x0085,
    0x0065,0x0064,0x0085,0x0085,0x0064,0x0043,0x0042,0x0043,0x0043,0x0022,0x0043,0x0042,0x0042,0x0042,0x0042,0x0043,
    0x0042,0x0042,0x0022,0x0022,0x0022,0x0022,0x0042,0x0042,0x0022,0x0042,0x0063,0x0042,0x0022,0x0042,0x0022,0x0022,
    0x0022,0x0022,0x0022,0x0022,0x0021,0x0883,0x0863,0x0021,0x0022,0x0042,0x0022,0x0021,0x0021,0x0022,0x0022,0x0022,
    0x0022,0x0042,0x0042,0x0021,0x0022,0x0021,0x0022,0x0021,0x0021,0x0022,0x0021,0x0022,0x0022,0x0022,0x0022,0x0021,
    0x0022,0x0022,0x0022,0x0022,0x0001,0x0021,0x0021,0x0021,0x0001,0x0863,0x0022,0x0022,0x0022,0x0022,0x0021,0x0001,
    0x0001,0x0022,0x0022,0x0001,0x0021,0x0022,0x0022,0x0022,0x0021,0x0021,0x0021,0x0021,0x0021,0x0021,0x0021,0x0021,
    0x0021,0x0021,0x0021,0x0021,0x0021,0x0021,0x0021,0x0001,0x0021,0x0022,0x0042,0x0021,0x0021,0x0021,0x0021,0x0021,
    0x0021,0x0021,0x0021,0x0021,0x0022,0x0022,0x0022,0x0021,0x0021,0x0021,0x0022,0x0022,0x0022,0x0022,0x0022,0x0022,
    0x0022,0x0021,0x0022,0x0022,0x0022,0x0021,0x0022,0x0022,0x0022,0x0022,0x0022,0x0022,0x0022,0x0022,0x0022,0x0022,
    0x0022,0x0022,0x0022,0x0022,0x0022,0x0022,0x0022,0x0022,0x0022,0x0022,0x0022,0x0022,0x0022,0x0022,0x0042,0x0022,
    0x0022,0x0021,0x0042,0x0022,0x0022,0x0022,0x0022,0x0043,0x0042,0x0022,0x0042,0x0042,0x0022,0x0022,0x0022,0x0863,
    0x0042,0x0022,0x0022,0x0043,0x0063,0x0042,0x0042,0x0042,0x0022,0x0022,0x0022,0x0043,0x0043,0x0042,0x0042,0x0043,
    0x0043,0x0043,0x0064,0x0044,0x0064,0x0043,0x0043,0x0043,0x0064,0x0064,0x0064,0x0064,0x0043,0x0043,0x0064,0x0043,
    0x0064,0x00a6,0x00a5,0x0085,0x0085,0x00a6,0x0085,0x0085,0x0085,0x0084,0x0064,0x0085,0x0084,0x0064,0x0084,0x0084,
    0x0085,0x0084,0x00a5,0x00a5,0x00c5,0x00c6,0x0107,0x016a,0x0a0d,0x11ec,0x0149,0x096a,0x096a,0x016b,0x016b,0x11ee,
    0x1292,0x1271,0x3bd7,0x4c59,0x3b97,0x2af5,0x3315,0x2a50,0x32b3,0x3ab4,0x42d4,0x4af3,0x31ed,0x1108,0x10c7,0x194a,
    0x218c,0x31ce,0x4271,0x29ac,0x18e6,0x0884,0x18e7,0x2149,0x10a5,0x1908,0x29ac,0x4ab2,0x3a0f,0x298b,0x10e7,0x1908,
    0x1929,0x1949,0x1949,0x10e7,0x10a5,0x10c6,0x0884,0x0042,0x0043,0x0043,0x0043,0x0864,0x10c6,0x0864,0x0043,0x0863,
    0x0948,0x0968,0x09a9,0x09ea,0x09ca,0x122b,0x09e9,0x00e6,0x00a5,0x0084,0x0084,0x0084,0x08c5,0x0906,0x0927,0x0906,
    0x0906,0x0906,0x1a0a,0x122b,0x53f0,0xc69a,0xbe7a,0xbe19,0xd75d,0x9e9a,0x9659,0xaeba,0x8e39,0x75d7,0x6576,0x5d56,
    0x44b5,0x4cd5,0x4cf5,0x75f8,0x6db7,0x6597,0x4d16,0x4cf5,0x5537,0x3454,0x2351,0x1aae,0x11eb,0x1a2c,0x2b50,0x22ef,
    0x122b,0x122c,0x0948,0x0907,0x0927,0x1147,0x11eb,0x1aaf,0x1332,0x12f1,0x12b0,0x1948,0x08c5,0x0084,0x00a5,0x09ab,
    0x124e,0x120d,0x09cc,0x11cb,0x11ec,0x09ac,0x094a,0x094a,0x0909,0x00c7,0x00e8,0x08e8,0x00c7,0x00c7,0x08e9,0x0909,
    0x1109,0x1109,0x08e9,0x08c7,0x00a6,0x00a6,0x00a5,0x08c7,0x10e9,0x08a7,0x08c8,0x08a7,0x0085,0x0064,0x0043,0x0064,
    0x0064,0x0064,0x0084,0x0043,0x0085,0x0043,0x0042,0x0063,0x0043,0x0022,0x0042,0x0022,0x0042,0x0042,0x0042,0x0043,
    0x0043,0x0043,0x0043,0x0022,0x0042,0x0022,0x0042,0x0022,0x0022,0x0022,0x0043,0x0042,0x0022,0x0022,0x0022,0x0022,
    0x0022,0x0022,0x0022,0x0022,0x0021,0x0863,0x0842,0x0021,0x0022,0x0001,0x0021,0x0022,0x0021,0x0042,0x0022,0x0022,
    0x0022,0x0022,0x0842,0x0021,0x0022,0x0021,0x0021,0x0022,0x0022,0x0022,0x0021,0x0021,0x0022,0x0022,0x0022,0x0022,
    0x0022,0x0022,0x0022,0x0022,0x0001,0x0021,0x0022,0x0021,0x0022,0x0001,0x0021,0x0022,0x0021,0x0021,0x0021,0x0021,
    0x0021,0x0021,0x0022,0x0001,0x0022,0x0022,0x0021,0x0021,0x0021,0x0021,0x0021,0x0021,0x0021,0x0021,0x0022,0x0022,
    0x0021,0x0021,0x0021,0x0021,0x0021,0x0021,0x0021,0x0021,0x0021,0x0022,0x0001,0x0021,0x0021,0x0021,0x0022,0x0022,
    0x0021,0x0021,0x0021,0x0021,0x0021,0x0022,0x0021,0x0021,0x0021,0x0021,0x0021,0x0022,0x0021,0x0022,0x0021,0x0021,
    0x0022,0x0021,0x0022,0x0022,0x0022,0x0022,0x0022,0x0022,0x0022,0x0022,0x0022,0x0022,0x0022,0x0022,0x0022,0x0022,
    0x0022,0x0022,0x0022,0x0022,0x0022,0x0022,0x0022,0x0022,0x0022,0x0022,0x0022,0x0022,0x0022,0x0022,0x0042,0x0022,
    0x0021,0x0022,0x0022,0x0022,0x0022,0x0022,0x0021,0x0063,0x0063,0x0022,0x0022,0x0022,0x0042,0x0022,0x0021,0x0042,
    0x0022,0x0022,0x0022,0x0022,0x0022,0x0022,0x0042,0x0022,0x0022,0x0022,0x0022,0x0043,0x0043,0x0022,0x0042,0x0042,
    0x0042,0x0022,0x0064,0x0064,0x0064,0x0043,0x0043,0x0043,0x0043,0x0064,0x0064,0x0885,0x0064,0x0043,0x0885,0x0885,
    0x0085,0x0065,0x0085,0x00a5,0x00a6,0x00a6,0x0085,0x0085,0x08a5,0x0084,0x0064,0x0085,0x00a5,0x0084,0x0064,0x0084,
    0x0084,0x0084,0x00a5,0x00c6,0x00e6,0x00c6,0x00e7,0x0128,0x098a,0x1a2d,0x016a,0x098a,0x014a,0x096a,0x09cd,0x09ee,
    0x122f,0x1250,0x2354,0x2b96,0x2314,0x22b1,0x32f3,0x2ad3,0x32f4,0x32b2,0x3271,0x4336,0x4b56,0x5313,0x320e,0x196c,
    0x3230,0x320e,0x31ee,0x3a30,0x2129,0x10a5,0x298b,0x31cd,0x10e7,0x0884,0x10e7,0x29cd,0x31ee,0x29ac,0x1908,0x1907,
    0x1928,0x10a5,0x10c6,0x10c6,0x0864,0x0864,0x08a5,0x0063,0x0063,0x0063,0x0042,0x0043,0x0884,0x0884,0x0043,0x0863,
    0x0948,0x0927,0x0907,0x0948,0x0989,0x09ea,0x0988,0x0906,0x00c5,0x00a4,0x00a4,0x00a4,0x00e5,0x0968,0x0988,0x0988,
    0x09a9,0x0968,0x1168,0x11a9,0x3b4e,0x6cf4,0x6d35,0x43b0,0x6473,0xae9a,0x8618,0x5d77,0x54d5,0x7535,0x6d77,0x65b7,
    0x5d76,0x5d76,0x5d56,0x7df8,0x96da,0x8679,0x8638,0x6555,0x6d76,0x54d4,0x4473,0x3433,0x3432,0x33d1,0x2350,0x1aae,
    0x120b,0x1a8e,0x0969,0x1128,0x1a0c,0x0107,0x0969,0x0948,0x09aa,0x0907,0x09ec,0x0969,0x00a5,0x0084,0x0063,0x0907,
    0x1a0d,0x1169,0x0927,0x19ec,0x1a2d,0x098b,0x118b,0x094a,0x0108,0x00c7,0x00c7,0x08e8,0x00e8,0x00c7,0x08e7,0x0909,
    0x08c7,0x08e8,0x110a,0x08e8,0x08c7,0x08e8,0x08e8,0x08e9,0x1109,0x08a7,0x08a6,0x08a5,0x0043,0x0043,0x0063,0x0043,
    0x0043,0x0043,0x0043,0x0043,0x0043,0x0042,0x0063,0x0063,0x0043,0x0043,0x0042,0x0043,0x0022,0x0042,0x0042,0x0042,
    0x0043,0x0042,0x0042,0x0042,0x0042,0x0022,0x0022,0x0022,0x0843,0x0042,0x0022,0x0042,0x0042,0x0042,0x0022,0x0022,
    0x0022,0x0022,0x0022,0x0022,0x0022,0x0021,0x0021,0x0021,0x0021,0x0022,0x0022,0x0021,0x0021,0x0863,0x0022,0x0022,
    0x0022,0x0022,0x0021,0x0022,0x0021,0x0021,0x0022,0x0021,0x0021,0x0021,0x0021,0x0022,0x0022,0x0022,0x0021,0x0022,
    0x0022,0x0022,0x0022,0x0021,0x0021,0x0021,0x0022,0x0842,0x0021,0x0021,0x0021,0x0022,0x0022,0x0021,0x0022,0x0021,
    0x0021,0x0021,0x0022,0x0022,0x0022,0x0021,0x0021,0x0021,0x0021,0x0021,0x0021,0x0021,0x0021,0x0021,0x0021,0x0022,
    0x0021,0x0021,0x0021,0x0021,0x0021,0x0021,0x0021,0x0021,0x0021,0x0021,0x0021,0x0021,0x0021,0x0021,0x0022,0x0022,
    0x0021,0x0021,0x0022,0x0022,0x0021,0x0021,0x0022,0x0022,0x0022,0x0001,0x0022,0x0021,0x0021,0x0022,0x0021,0x0022,
    0x0022,0x0022,0x0022,0x0022,0x0021,0x0022,0x0022,0x0022,0x0022,0x0022,0x0022,0x0022,0x0022,0x0022,0x0022,0x0022,
    0x0042,0x0022,0x0022,0x0022,0x0022,0x0022,0x0022,0x0022,0x0022,0x0022,0x0042,0x0022,0x0022,0x0022,0x0022,0x0022,
    0x0021,0x0022,0x0022,0x0022,0x0021,0x0022,0x0022,0x0022,0x0022,0x0022,0x0022,0x0022,0x0022,0x0021,0x0022,0x0022,
    0x0022,0x0022,0x0042,0x0022,0x0022,0x0042,0x0042,0x0884,0x0043,0x0022,0x0022,0x0043,0x0043,0x0022,0x0042,0x0042,
    0x0043,0x0022,0x0063,0x0864,0x0064,0x0043,0x0043,0x0043,0x0064,0x0064,0x0064,0x0064,0x0043,0x0063,0x0063,0x0064,
    0x0064,0x0084,0x00a5,0x08a6,0x00a6,0x00a6,0x0085,0x00a6,0x0085,0x0085,0x0064,0x00a5,0x08c6,0x0085,0x0064,0x0084,
    0x0064,0x0064,0x0084,0x00a5,0x00e6,0x08e7,0x08e7,0x00e6,0x0949,0x0149,0x098a,0x016a,0x018a,0x09ac,0x122f,0x11ee,
    0x09cd,0x1a71,0x2b14,0x2b35,0x22f3,0x1a70,0x22b2,0x2251,0x2ad4,0x2a30,0x3292,0x4357,0x3b16,0x4315,0x4b56,0x3ab4,
    0x3ad3,0x3291,0x4b14,0x29cd,0x214a,0x10a5,0x296b,0x3a0f,0x2149,0x0885,0x0884,0x298c,0x29ad,0x29ac,0x216a,0x10c7,
    0x18e8,0x10c6,0x08a5,0x10c6,0x10c6,0x0864,0x0043,0x0864,0x0043,0x0063,0x0043,0x0042,0x0043,0x0884,0x0864,0x0042,
    0x0948,0x0927,0x00e6,0x00c5,0x00c5,0x0127,0x0106,0x0106,0x00e5,0x00a4,0x0084,0x0084,0x00c5,0x0947,0x0989,0x11ea,
    0x11ca,0x0927,0x00e5,0x0106,0x226b,0x6d75,0x6d14,0x4431,0x2b4f,0x53f0,0xa679,0xa679,0x95d7,0xae38,0xaeb9,0xaed9,
    0x8e38,0x75b7,0x5473,0x3350,0x64d5,0x8618,0x8e17,0x7d55,0x6d76,0x5515,0x4d15,0x5536,0x44d5,0x3c74,0x2371,0x2351,
    0x3414,0x2bd3,0x1a8e,0x0907,0x0969,0x0948,0x00c5,0x11cb,0x1148,0x00a4,0x00a4,0x0084,0x0084,0x00a5,0x00a4,0x0063,
    0x08c5,0x1106,0x0083,0x00a4,0x096a,0x096b,0x116b,0x094a,0x0908,0x00c7,0x00c7,0x0909,0x094a,0x0908,0x00c7,0x0929,
    0x092a,0x08e8,0x114b,0x1109,0x08e8,0x1109,0x08e8,0x08c7,0x08c7,0x0086,0x00a6,0x00a6,0x0064,0x0064,0x0064,0x0043,
    0x0043,0x0022,0x0043,0x0063,0x0043,0x0043,0x0064,0x0043,0x0043,0x0042,0x0022,0x0043,0x0042,0x0022,0x0022,0x0042,
    0x0043,0x0022,0x0042,0x0042,0x0042,0x0022,0x0022,0x0022,0x0042,0x0042,0x0042,0x0042,0x0022,0x0022,0x0042,0x0022,
    0x0022,0x0022,0x0022,0x0022,0x0022,0x0022,0x0022,0x0022,0x0022,0x0022,0x0042,0x0022,0x0042,0x0001,0x0022,0x0022,
    0x0022,0x0022,0x0022,0x0021,0x0021,0x0022,0x0022,0x0022,0x0022,0x0021,0x0001,0x0022,0x0022,0x0022,0x0022,0x0022,
    0x0021,0x0021,0x0021,0x0022,0x0022,0x0001,0x0042,0x10e5,0x0021,0x0022,0x0021,0x0021,0x0021,0x0022,0x0022,0x0022,
    0x0022,0x0021,0x0022,0x0042,0x0022,0x0021,0x0021,0x0022,0x0021,0x0021,0x0021,0x0021,0x0021,0x0021,0x0021,0x0021,
    0x0021,0x0021,0x0021,0x0021,0x0021,0x0021,0x0021,0x0021,0x0001,0x0021,0x0021,0x0021,0x0001,0x0021,0x0021,0x0021,
    0x0021,0x0022,0x0022,0x0021,0x0001,0x0001,0x0021,0x0001,0x0001,0x0021,0x0021,0x0021,0x0021,0x0001,0x0022,0x0022,
    0x0022,0x0042,0x0022,0x0022,0x0022,0x0021,0x0022,0x0022,0x0022,0x0022,0x0022,0x0022,0x0022,0x0022,0x0022,0x0022,
    0x0022,0x0022,0x0022,0x0022,0x0022,0x0022,0x0022,0x0022,0x0022,0x0022,0x0042,0x0042,0x0022,0x0022,0x0022,0x0022,
    0x0022,0x0022,0x0022,0x0022,0x0022,0x0022,0x0022,0x0042,0x0022,0x0022,0x0042,0x0022,0x0022,0x0022,0x0042,0x0042,
    0x0042,0x0042,0x0022,0x0042,0x0042,0x0022,0x0022,0x0022,0x0022,0x0022,0x0042,0x0042,0x0043,0x0042,0x0022,0x0042,
    0x0022,0x0043,0x0042,0x0043,0x0064,0x0043,0x0043,0x0043,0x0063,0x0064,0x0064,0x0064,0x0064,0x0064,0x0085,0x0885,
    0x0064,0x0064,0x08a6,0x08c7,0x08a6,0x00a6,0x08c6,0x00a6,0x0085,0x0084,0x0064,0x1106,0x08e6,0x0085,0x0084,0x0085,
    0x00a5,0x00a5,0x0084,0x00a5,0x00c6,0x08c6,0x08e6,0x0928,0x0948,0x0969,0x096a,0x09ab,0x09ec,0x09cc,0x09cd,0x11ed,
    0x120e,0x1a4f,0x21ed,0x324f,0x2ad2,0x1a6f,0x220e,0x2270,0x2ad3,0x21cd,0x32d3,0x3315,0x3b15,0x3b15,0x74fa,0x6c99,
    0x2a51,0x2a71,0x4b55,0x42b2,0x31ed,0x1908,0x10a5,0x1928,0x18e7,0x18e7,0x10a5,0x10e7,0x216b,0x214a,0x2129,0x1908,
    0x18e7,0x10c6,0x10c6,0x10a5,0x10a6,0x10a6,0x0863,0x0884,0x0863,0x0864,0x0884,0x0063,0x0063,0x0864,0x0884,0x0063,
    0x0906,0x0947,0x0947,0x0906,0x0106,0x00e6,0x0927,0x0988,0x08e5,0x0084,0x00a4,0x00a4,0x00c6,0x0927,0x122c,0x1a4c,
    0x11a9,0x08e6,0x0947,0x0968,0x11a9,0x4452,0x336f,0x2b4e,0x1a2a,0x1a4b,0x5c93,0x7dd7,0x6535,0x5cd4,0x8db6,0xaed9,
    0x7df7,0x6535,0x3bd2,0x4453,0x5cd4,0x6d56,0x3bd1,0x2ace,0x3bf2,0x4c94,0x4454,0x4cd5,0x3c34,0x1aef,0x230f,0x1b30,
    0x2b92,0x2351,0x2310,0x1acf,0x11ca,0x08e6,0x00c5,0x00c5,0x00e6,0x00e7,0x00c6,0x0084,0x00c6,0x0948,0x08e6,0x0084,
    0x0064,0x00a5,0x08c5,0x08a4,0x0907,0x11cd,0x098b,0x096b,0x0929,0x0107,0x0908,0x094a,0x092a,0x0909,0x08e8,0x092a,
    0x094b,0x08e9,0x192b,0x112a,0x1109,0x112a,0x08c7,0x0085,0x0085,0x0085,0x0085,0x0085,0x0064,0x0065,0x0064,0x0043,
    0x0043,0x0043,0x0043,0x0063,0x0063,0x0063,0x0043,0x0043,0x0043,0x0043,0x0022,0x0042,0x0022,0x0022,0x0043,0x0043,
    0x0043,0x0022,0x0022,0x0022,0x0022,0x0022,0x0022,0x0022,0x0022,0x0022,0x0022,0x0022,0x0022,0x0022,0x0022,0x0022,
    0x0022,0x0022,0x0022,0x0042,0x0022,0x0022,0x0022,0x0022,0x0022,0x0022,0x0022,0x0022,0x0022,0x0022,0x0022,0x0022,
    0x0022,0x0022,0x0022,0x0022,0x0021,0x0022,0x0022,0x0022,0x0022,0x0022,0x0022,0x0021,0x0022,0x0022,0x0022,0x0022,
    0x0021,0x0001,0x0001,0x0001,0x0001,0x0001,0x0001,0x0001,0x0022,0x0022,0x0021,0x0022,0x0021,0x0021,0x0022,0x0021,
    0x0022,0x0021,0x0021,0x0021,0x0002,0x0021,0x0021,0x0022,0x0021,0x0021,0x0021,0x0021,0x0021,0x0021,0x0021,0x0021,
    0x0022,0x0022,0x0021,0x0021,0x0021,0x0021,0x0021,0x0001,0x0021,0x0021,0x0021,0x0021,0x0021,0x0021,0x0021,0x0022,
    0x0001,0x0842,0x0022,0x0001,0x0021,0x0021,0x0022,0x0022,0x0022,0x0022,0x0022,0x0021,0x0042,0x0883,0x0021,0x0021,
    0x0021,0x0042,0x0022,0x0022,0x0022,0x0022,0x0022,0x0022,0x0022,0x0022,0x0022,0x0022,0x0022,0x0022,0x0022,0x0022,
    0x0022,0x0022,0x0022,0x0022,0x0022,0x0042,0x0022,0x0022,0x0042,0x0042,0x0022,0x0022,0x0022,0x0022,0x0022,0x0022,
    0x0042,0x0042,0x0021,0x0022,0x0022,0x0022,0x0022,0x0022,0x0022,0x0022,0x0022,0x0021,0x0042,0x0042,0x0042,0x0043,
    0x0043,0x0042,0x0022,0x0022,0x0042,0x0022,0x0042,0x0863,0x0022,0x0022,0x0022,0x0022,0x0022,0x0042,0x0022,0x0022,
    0x0022,0x0042,0x0042,0x0043,0x0064,0x0064,0x0064,0x0064,0x0063,0x0084,0x0085,0x0885,0x0885,0x0064,0x0085,0x10c7,
    0x10a7,0x08a6,0x10e8,0x10e8,0x08e7,0x00a6,0x00a6,0x00a6,0x0085,0x0064,0x0084,0x08a5,0x00a5,0x08c6,0x00a5,0x00a5,
    0x00c6,0x00c6,0x00a5,0x00a5,0x0085,0x00c5,0x0907,0x0149,0x0949,0x096a,0x0969,0x09ec,0x09cc,0x09cc,0x09cc,0x11ac,
    0x120e,0x1a4f,0x220d,0x2a0d,0x2a4f,0x19ed,0x222e,0x3334,0x3b55,0x3290,0x32f3,0x3b35,0x43b7,0x859b,0x7d7b,0x6479,
    0x3ab3,0x3ad3,0x4b36,0x4b14,0x10e8,0x10c6,0x10c6,0x10a6,0x0864,0x08a5,0x10c6,0x10c6,0x2149,0x1908,0x18e7,0x10e6,
    0x2149,0x18e7,0x10a5,0x10a5,0x0864,0x0864,0x0863,0x0863,0x0063,0x0063,0x10c6,0x08a5,0x0885,0x0864,0x0884,0x0864,
    0x00e6,0x0906,0x0927,0x0968,0x0106,0x00e6,0x0988,0x00a4,0x0084,0x0084,0x00a4,0x00c5,0x0948,0x0989,0x0927,0x0968,
    0x11a9,0x0947,0x120b,0x120b,0x11c9,0x228c,0x1a6b,0x22cd,0x11e9,0x11ea,0x3bb0,0x6d96,0x6d96,0x6555,0x4411,0x9618,
    0x8618,0x75b7,0x6556,0x6575,0x6535,0x54d4,0x33d2,0x2b50,0x2b0f,0x22ef,0x2330,0x3bd3,0x33b2,0x2330,0x1a8e,0x1a6d,
    0x120c,0x1a8e,0x1a8d,0x1acf,0x22d0,0x0969,0x0906,0x08e6,0x0927,0x0927,0x00c6,0x00c5,0x00a5,0x08e6,0x0928,0x0084,
    0x0043,0x08a5,0x08c5,0x0084,0x00c6,0x11ed,0x11ed,0x098b,0x094a,0x0908,0x118b,0x11ac,0x094a,0x0929,0x0929,0x092a,
    0x0909,0x0909,0x112a,0x112a,0x112a,0x112a,0x08e9,0x00a6,0x00a6,0x0085,0x00a6,0x0085,0x0064,0x0085,0x0064,0x0043,
    0x0043,0x0043,0x0043,0x0043,0x0043,0x0063,0x0063,0x0043,0x0063,0x0043,0x0043,0x0043,0x0043,0x0043,0x0043,0x0042,
    0x0042,0x0042,0x0022,0x0022,0x0022,0x0022,0x0022,0x0022,0x0042,0x0022,0x0022,0x0042,0x0042,0x0022,0x0042,0x0022,
    0x0022,0x0022,0x0022,0x0022,0x0022,0x0022,0x0022,0x0022,0x0022,0x0022,0x0022,0x0021,0x0021,0x0022,0x0022,0x0022,
    0x0022,0x0022,0x0022,0x0022,0x0022,0x0022,0x0022,0x0042,0x0022,0x0022,0x0022,0x0021,0x0021,0x0022,0x0022,0x0021,
    0x0021,0x0021,0x0001,0x0022,0x0042,0x0021,0x0001,0x0021,0x0001,0x0021,0x0021,0x0022,0x0021,0x0021,0x0021,0x0022,
    0x0042,0x0022,0x0022,0x0022,0x0022,0x0021,0x0021,0x0042,0x0021,0x0022,0x0022,0x0021,0x0022,0x0022,0x0021,0x0022,
    0x0022,0x0021,0x0021,0x0021,0x0021,0x0021,0x0021,0x0021,0x0021,0x0021,0x0021,0x0021,0x0021,0x0021,0x0021,0x0021,
    0x0022,0x0021,0x0021,0x0021,0x0022,0x0021,0x0021,0x0021,0x0021,0x0021,0x0022,0x0001,0x0022,0x0863,0x0021,0x0022,
    0x0021,0x0022,0x0021,0x0022,0x0022,0x0022,0x0022,0x0022,0x0022,0x0022,0x0042,0x0022,0x0022,0x0022,0x0022,0x0022,
    0x0022,0x0022,0x0022,0x0022,0x0022,0x0022,0x0042,0x0022,0x0042,0x0042,0x0022,0x0022,0x0022,0x0022,0x0022,0x0042,
    0x0042,0x0022,0x0022,0x0022,0x0022,0x0022,0x0022,0x0022,0x0022,0x0022,0x0022,0x0022,0x0042,0x0043,0x0043,0x0884,
    0x0063,0x0063,0x0043,0x0022,0x0022,0x0022,0x0042,0x0863,0x0022,0x0022,0x0022,0x0022,0x0022,0x0022,0x0022,0x0022,
    0x0022,0x0022,0x0042,0x0022,0x0043,0x0043,0x0043,0x0064,0x0064,0x0885,0x08a5,0x08c6,0x08a6,0x0885,0x0085,0x08a6,
    0x10c8,0x08c7,0x218b,0x3a4f,0x00c8,0x08c7,0x00a6,0x00a5,0x0085,0x0064,0x0085,0x0085,0x00a5,0x0085,0x00a5,0x00a6,
    0x00a6,0x00c6,0x00a6,0x0085,0x00a5,0x00c6,0x0128,0x0149,0x0949,0x098a,0x0949,0x09ab,0x09ab,0x098a,0x098a,0x11cc,
    0x124f,0x1ab1,0x224e,0x19ab,0x19cc,0x198a,0x1a50,0x2ad2,0x2ab1,0x222e,0x2270,0x3315,0x43b7,0x757b,0x64fa,0x5c59,
    0x3250,0x3af3,0x42f5,0x4af4,0x1929,0x10e7,0x1928,0x31ce,0x1909,0x10c6,0x08a5,0x10a6,0x1908,0x1907,0x1908,0x1908,
    0x2129,0x1928,0x10e6,0x10a5,0x10a5,0x0884,0x0063,0x0063,0x0063,0x0042,0x0884,0x10c5,0x08a5,0x08a5,0x08a5,0x0884,
    0x00e6,0x00e6,0x0927,0x0968,0x0947,0x00e6,0x00c5,0x00a4,0x00a4,0x00a5,0x00a5,0x00e6,0x0927,0x08e6,0x00e6,0x0968,
    0x120b,0x126c,0x1ace,0x124c,0x11a9,0x0947,0x19e9,0x11ea,0x09a9,0x2aee,0x7d96,0x7dd7,0x7db7,0x6d76,0x3c33,0x2ace,
    0x4433,0x3bf2,0x5493,0x6535,0x54f5,0x4cb5,0x4c74,0x33d2,0x2b30,0x22ef,0x1a4d,0x1a4d,0x226e,0x228e,0x1a6d,0x1a6d,
    0x122c,0x122c,0x22ae,0x1a6e,0x1aae,0x1a6e,0x0989,0x00c5,0x00c5,0x0928,0x0928,0x08c6,0x00a4,0x0084,0x0084,0x08e6,
    0x0084,0x0064,0x08a5,0x08c6,0x00a5,0x096a,0x09ac,0x094a,0x0949,0x0929,0x118b,0x116b,0x0929,0x092a,0x096b,0x096a,
    0x0929,0x116b,0x198d,0x114c,0x114b,0x114b,0x08c7,0x0085,0x00a5,0x08a6,0x08c7,0x08c6,0x0085,0x0085,0x0064,0x0043,
    0x0043,0x0043,0x0043,0x0043,0x0063,0x0063,0x0043,0x0043,0x0063,0x0043,0x0043,0x0042,0x0043,0x0043,0x0043,0x0042,
    0x0043,0x0042,0x0022,0x0022,0x0022,0x0022,0x0022,0x0022,0x0022,0x0022,0x0042,0x0042,0x0042,0x0042,0x0022,0x0022,
    0x0042,0x0022,0x0022,0x0022,0x0022,0x0022,0x0022,0x0022,0x0022,0x0022,0x0022,0x0021,0x0022,0x0022,0x0021,0x0021,
    0x0021,0x0022,0x0022,0x0022,0x0022,0x0021,0x0022,0x0022,0x0022,0x0022,0x0022,0x0022,0x0022,0x0022,0x0022,0x0021,
    0x0021,0x0022,0x0021,0x0022,0x0863,0x0022,0x0001,0x0021,0x0021,0x0021,0x0021,0x0021,0x0022,0x0022,0x0022,0x0022,
    0x0022,0x0022,0x0022,0x0022,0x0021,0x0021,0x0022,0x0022,0x0022,0x0022,0x0022,0x0022,0x0022,0x0021,0x0021,0x0021,
    0x0021,0x0021,0x0021,0x0021,0x0021,0x0021,0x0021,0x0021,0x0021,0x0021,0x0021,0x0021,0x0021,0x0021,0x0021,0x0021,
    0x0021,0x0021,0x0021,0x0022,0x0022,0x0021,0x0021,0x0001,0x0021,0x0022,0x0021,0x0863,0x0022,0x0001,0x0022,0x0021,
    0x0021,0x0021,0x0022,0x0022,0x0022,0x0022,0x0022,0x0022,0x0022,0x0022,0x0022,0x0022,0x0022,0x0022,0x0022,0x0022,
    0x0022,0x0022,0x0022,0x0022,0x0022,0x0042,0x0042,0x0042,0x0022,0x0042,0x0063,0x0022,0x0022,0x0022,0x0022,0x0022,
    0x0022,0x0022,0x0022,0x0022,0x0022,0x0022,0x0022,0x0022,0x0022,0x0022,0x0022,0x0042,0x0022,0x0043,0x0084,0x0084,
    0x0063,0x0883,0x0063,0x0022,0x0022,0x0063,0x0022,0x0022,0x0043,0x0043,0x0022,0x0042,0x0022,0x0022,0x0042,0x0022,
    0x0022,0x0022,0x0022,0x0042,0x0042,0x0042,0x0043,0x0043,0x0064,0x0884,0x08a5,0x08a5,0x08a6,0x08a6,0x08a6,0x08c8,
    0x10e8,0x08c7,0x1109,0x1129,0x08c7,0x00a6,0x0085,0x0085,0x0085,0x0085,0x00c7,0x00a5,0x00a5,0x00a6,0x08c6,0x08c6,
    0x00a6,0x00c6,0x00e7,0x00c6,0x08e7,0x08e7,0x0949,0x0948,0x0128,0x0149,0x098a,0x09ab,0x0949,0x0948,0x0969,0x120c,
    0x1ad0,0x1ad2,0x19ab,0x0908,0x1128,0x118b,0x1a0e,0x1a2e,0x11ab,0x118b,0x2ab2,0x3335,0x43f8,0x5459,0x5439,0x4bd7,
    0x2a30,0x3ab3,0x3ab3,0x42d5,0x29ac,0x10e7,0x194a,0x3a51,0x3a0f,0x216b,0x1908,0x08a5,0x10a6,0x10c7,0x1929,0x296b,
    0x2128,0x1908,0x10e7,0x08a5,0x10a5,0x10a5,0x0884,0x0884,0x0884,0x0043,0x0885,0x10e7,0x10c6,0x08a5,0x10a5,0x08a5,
    0x00e5,0x00e6,0x00e6,0x0927,0x0927,0x00e6,0x00a5,0x00a5,0x00a4,0x00a5,0x00c5,0x00c5,0x00c5,0x0106,0x0948,0x11ca,
    0x0988,0x1a0a,0x43f1,0x232f,0x11ea,0x09a9,0x11c9,0x11ea,0x0989,0x1a2a,0x95d7,0x8e58,0x6555,0x6d76,0x5d35,0x3371,
    0x4413,0x4c53,0x4433,0x5cf6,0x6db7,0x5d36,0x4c74,0x33d3,0x3351,0x22af,0x226e,0x228e,0x3351,0x4414,0x2b10,0x2310,
    0x3bb3,0x1a6e,0x096a,0x11cb,0x11aa,0x11ec,0x09ab,0x00c5,0x00c5,0x00c6,0x0928,0x1169,0x0927,0x0927,0x08a5,0x08a5,
    0x00a5,0x0084,0x0043,0x08c6,0x08e7,0x094a,0x09ac,0x11ab,0x096a,0x118b,0x11cc,0x11cc,0x098b,0x094a,0x098c,0x096a,
    0x0949,0x11ad,0x11ce,0x092a,0x0909,0x112a,0x08e8,0x00c6,0x00c6,0x08e8,0x10e9,0x00a6,0x0064,0x0085,0x0064,0x0043,
    0x0043,0x0043,0x0043,0x0043,0x0084,0x0064,0x0063,0x0042,0x0043,0x0063,0x0043,0x0043,0x0043,0x0043,0x0043,0x0022,
    0x0042,0x0042,0x0022,0x0022,0x0022,0x0022,0x0022,0x0042,0x0022,0x0042,0x0022,0x0022,0x0042,0x0022,0x0022,0x0042,
    0x0022,0x0022,0x0022,0x0022,0x0022,0x0022,0x0022,0x0022,0x0022,0x0021,0x0022,0x0022,0x0022,0x0022,0x0022,0x0022,
    0x0022,0x0022,0x0022,0x0022,0x0022,0x0021,0x0022,0x0022,0x0022,0x0021,0x0021,0x0022,0x0022,0x0022,0x0022,0x0021,
    0x0021,0x0021,0x0021,0x0001,0x0001,0x0001,0x0021,0x0021,0x0021,0x0021,0x0022,0x0022,0x0022,0x0021,0x0021,0x0021,
    0x0022,0x0021,0x0022,0x0022,0x0022,0x0021,0x0021,0x0022,0x0021,0x0022,0x0022,0x0021,0x0021,0x0021,0x0021,0x0021,
    0x0022,0x0022,0x0021,0x0001,0x0001,0x0021,0x0021,0x0021,0x0021,0x0022,0x0021,0x0021,0x0021,0x0021,0x0021,0x0021,
    0x0021,0x0021,0x0021,0x0021,0x0021,0x0022,0x0001,0x20e4,0x0862,0x0001,0x0022,0x0042,0x0022,0x0022,0x0021,0x0021,
    0x0021,0x0021,0x0022,0x0022,0x0022,0x0022,0x0022,0x0042,0x0042,0x0022,0x0022,0x0022,0x0022,0x0022,0x0022,0x0022,
    0x0022,0x0022,0x0022,0x0022,0x0022,0x0022,0x0042,0x0042,0x0042,0x0022,0x0042,0x0022,0x0042,0x0022,0x0042,0x0022,
    0x0022,0x0022,0x0022,0x0022,0x0022,0x0022,0x0022,0x0022,0x0022,0x0022,0x0022,0x0042,0x0042,0x0884,0x10e6,0x63d0,
    0x29c9,0x0063,0x0063,0x0042,0x0022,0x0022,0x0022,0x0022,0x0043,0x0863,0x0022,0x0022,0x0022,0x0022,0x0022,0x0042,
    0x0042,0x0022,0x0022,0x0022,0x0022,0x0042,0x0063,0x0043,0x0064,0x08a6,0x0885,0x08a5,0x0085,0x0085,0x0085,0x08a6,
    0x10c7,0x1108,0x08e8,0x08e8,0x0909,0x08c7,0x00a6,0x08c6,0x00a6,0x0908,0x00e7,0x00a6,0x00c6,0x08e7,0x00c7,0x00c6,
    0x08e7,0x08e7,0x00c6,0x00c7,0x00e7,0x0908,0x0969,0x0949,0x0969,0x0927,0x08c6,0x08c6,0x08e5,0x29ea,0x09cc,0x124e,
    0x1a2d,0x1a2c,0x1107,0x1127,0x19ab,0x1a2f,0x11cc,0x19ab,0x118b,0x222f,0x3335,0x3b76,0x3355,0x3b96,0x4bb7,0x3b56,
    0x42f4,0x3a71,0x3ab4,0x42b5,0x3a51,0x1929,0x218c,0x29ad,0x3a30,0x3a0f,0x31ad,0x1908,0x192a,0x1908,0x216b,0x29ac,
    0x296b,0x2128,0x1907,0x10c6,0x10a5,0x10a5,0x08a5,0x0884,0x0884,0x0063,0x0063,0x10c6,0x1928,0x08a5,0x0884,0x08a5,
    0x00a5,0x00c5,0x00a4,0x0947,0x0107,0x00c5,0x00a4,0x00a4,0x00a4,0x00a4,0x00c5,0x00a4,0x00a4,0x0927,0x0927,0x00a5,
    0x0042,0x00c5,0x2b50,0x2bd2,0x1b50,0x124c,0x120b,0x122b,0x11a9,0x0147,0x2aed,0x8617,0x85f7,0x6555,0x5d35,0x4cb5,
    0x33b1,0x54d5,0x6577,0x75b8,0x7df8,0x6d97,0x54b5,0x33b2,0x3392,0x2b31,0x3372,0x33b3,0x4434,0x5cf6,0x4413,0x3371,
    0x4413,0x3372,0x1a6e,0x11ab,0x118a,0x118a,0x11ab,0x0927,0x00e6,0x00a5,0x00c6,0x1169,0x11ab,0x11aa,0x1127,0x08a5,
    0x00c6,0x0084,0x0043,0x0064,0x08e7,0x118b,0x11ed,0x11cc,0x11cc,0x226f,0x1a4e,0x11cc,0x09ac,0x098b,0x098c,0x0949,
    0x096c,0x19ad,0x116b,0x00e8,0x00e8,0x112a,0x114b,0x00e8,0x00c7,0x08e8,0x190b,0x08c7,0x0064,0x0064,0x0064,0x0043,
    0x0043,0x0043,0x0043,0x0043,0x0043,0x0043,0x0063,0x0042,0x0063,0x0043,0x0043,0x0043,0x0043,0x0043,0x0042,0x0022,
    0x0022,0x0042,0x0042,0x0022,0x0022,0x0022,0x0022,0x0022,0x0042,0x0042,0x0042,0x0022,0x0022,0x0022,0x0022,0x0022,
    0x10a4,0x0863,0x0022,0x0022,0x0022,0x0022,0x0022,0x0022,0x0022,0x0022,0x0022,0x0022,0x0022,0x0022,0x0022,0x0022,
    0x0022,0x0022,0x0042,0x0042,0x0022,0x0022,0x0022,0x0021,0x0021,0x0022,0x0022,0x0022,0x0042,0x0022,0x0022,0x0021,
    0x0021,0x0863,0x0021,0x0021,0x0021,0x0021,0x0021,0x0001,0x0021,0x0022,0x0022,0x0022,0x0021,0x0021,0x0021,0x0022,
    0x0021,0x0021,0x0021,0x0021,0x0022,0x0022,0x0022,0x0022,0x0021,0x0022,0x0021,0x0021,0x0022,0x0022,0x0022,0x0021,
    0x0022,0x0021,0x0001,0x0021,0x0021,0x0001,0x0021,0x0021,0x0021,0x0021,0x0021,0x0021,0x0021,0x0021,0x0021,0x0021,
    0x0021,0x0022,0x0021,0x0021,0x0021,0x0022,0x0021,0x10a3,0x0842,0x0021,0x0022,0x0022,0x0021,0x0021,0x0021,0x0021,
    0x0022,0x0021,0x0022,0x0022,0x0022,0x0022,0x0022,0x0042,0x0022,0x0022,0x0022,0x0022,0x0022,0x0022,0x0022,0x0022,
    0x0022,0x0022,0x0022,0x0022,0x0022,0x0022,0x0042,0x0022,0x0022,0x0022,0x0022,0x0022,0x0022,0x0022,0x10c4,0x0042,
    0x0022,0x0022,0x0022,0x0022,0x0022,0x0022,0x0022,0x0022,0x0022,0x0022,0x0022,0x0042,0x0043,0x0063,0x10e6,0x63b1,
    0x21a9,0x0063,0x0042,0x0022,0x0022,0x0022,0x0022,0x0022,0x0022,0x0022,0x0022,0x0022,0x0022,0x0022,0x0022,0x0042,
    0x0042,0x0022,0x0022,0x0022,0x0022,0x0022,0x0043,0x0043,0x0022,0x0885,0x08a5,0x0084,0x0084,0x0085,0x0885,0x08a6,
    0x08a6,0x08c7,0x08e7,0x08c7,0x08e8,0x08e8,0x08e8,0x08e7,0x00c7,0x0909,0x08e8,0x00a6,0x00a6,0x08e7,0x08e8,0x0908,
    0x0908,0x00c7,0x00c7,0x00e8,0x00e7,0x0949,0x0969,0x0949,0x0969,0x00c6,0x0884,0x08a5,0x00e6,0x0949,0x11ec,0x11aa,
    0x1989,0x1989,0x1149,0x19ab,0x220d,0x19ab,0x19ab,0x220d,0x11ab,0x222f,0x32f3,0x22b2,0x2271,0x4375,0x4336,0x3b16,
    0x4b77,0x42f4,0x3a94,0x42b5,0x29cd,0x1949,0x31ef,0x31ef,0x31ce,0x29ce,0x4251,0x31cd,0x216b,0x2129,0x298c,0x39ee,
    0x31cd,0x214a,0x2148,0x1928,0x10c5,0x10a5,0x10a5,0x08a5,0x10a5,0x0884,0x0063,0x0864,0x08a5,0x10a5,0x0884,0x0884,
    0x00c5,0x00a5,0x0084,0x00a5,0x00a4,0x0084,0x0084,0x00c5,0x00c5,0x00e6,0x00c5,0x0063,0x00a5,0x00a4,0x0084,0x0084,
    0x00c5,0x1aae,0x126d,0x09aa,0x124c,0x126d,0x124c,0x120b,0x11c9,0x1a4b,0x5c72,0x7dd6,0x5473,0x6535,0x5cd4,0x6516,
    0x4453,0x4433,0x8639,0x75d8,0x75d8,0x5d36,0x4454,0x4c74,0x4c74,0x4434,0x6557,0x4cd6,0x4c96,0x3bd3,0x22cf,0x19ec,
    0x1a4d,0x2310,0x22af,0x1a0d,0x224e,0x19ec,0x096a,0x0969,0x0969,0x0948,0x0948,0x118a,0x1169,0x118a,0x0907,0x0907,
    0x0948,0x00a5,0x0043,0x0022,0x0063,0x0928,0x11ed,0x120e,0x1a4e,0x2290,0x120e,0x120d,0x09cd,0x11ed,0x11ed,0x098b,
    0x11ae,0x118d,0x116c,0x0929,0x0929,0x116a,0x114a,0x0909,0x0108,0x08e8,0x08c8,0x00a6,0x0084,0x0084,0x0064,0x0063,
    0x0063,0x0063,0x0064,0x0043,0x0043,0x0043,0x0042,0x0043,0x0042,0x0042,0x0883,0x2946,0x0043,0x0043,0x0022,0x0022,
    0x0022,0x0022,0x0022,0x0022,0x0022,0x0022,0x0022,0x0022,0x0042,0x0042,0x0042,0x0022,0x0022,0x0022,0x0022,0x0022,
    0x0043,0x0043,0x0022,0x0042,0x0022,0x0022,0x0042,0x0022,0x0022,0x0022,0x0022,0x0022,0x0022,0x0042,0x0022,0x0042,
    0x0042,0x0022,0x0022,0x0042,0x0022,0x0022,0x0022,0x0022,0x0022,0x0022,0x0022,0x0022,0x0042,0x0042,0x0022,0x0021,
    0x0021,0x0021,0x0022,0x0042,0x0022,0x0022,0x0022,0x0021,0x0021,0x0021,0x0001,0x0021,0x0021,0x0021,0x0022,0x0022,
    0x0021,0x0001,0x0022,0x0022,0x0022,0x0022,0x0022,0x0022,0x0022,0x0022,0x0021,0x0022,0x0022,0x0022,0x0022,0x0021,
    0x0021,0x0021,0x0021,0x0022,0x0021,0x0021,0x0022,0x0022,0x0021,0x0022,0x0022,0x0021,0x0021,0x0021,0x0021,0x0021,
    0x0001,0x0021,0x0021,0x0021,0x0021,0x0001,0x0021,0x0001,0x0001,0x0022,0x0022,0x0022,0x0022,0x0021,0x0021,0x0021,
    0x0022,0x0022,0x0022,0x0022,0x0022,0x0022,0x0022,0x0022,0x0022,0x0022,0x0022,0x0022,0x0022,0x0022,0x0022,0x0022,
    0x0022,0x0042,0x0042,0x0042,0x0063,0x0022,0x0022,0x0042,0x0022,0x0022,0x0042,0x0022,0x0042,0x0043,0x0022,0x0022,
    0x0022,0x0022,0x0022,0x0022,0x0022,0x0022,0x0022,0x0022,0x0042,0x0022,0x0022,0x0022,0x0042,0x0063,0x0063,0x0064,
    0x0064,0x0063,0x0042,0x0042,0x0022,0x0022,0x0022,0x0022,0x0022,0x0022,0x0042,0x0863,0x0022,0x0022,0x0042,0x0022,
    0x0042,0x0042,0x0022,0x0022,0x0021,0x0022,0x0022,0x0043,0x0042,0x0043,0x0064,0x0063,0x0043,0x0885,0x10a6,0x08a6,
    0x10c6,0x08c6,0x08c7,0x10e8,0x08c7,0x1109,0x08e8,0x08e8,0x08c7,0x08e8,0x0908,0x08e7,0x08e8,0x08e8,0x08e8,0x196a,
    0x0909,0x1108,0x0908,0x08e8,0x0908,0x116a,0x096a,0x0949,0x098b,0x096a,0x08a5,0x08c6,0x0908,0x00c6,0x08c6,0x1168,
    0x1189,0x19ec,0x222e,0x19cb,0x1107,0x116a,0x19cc,0x118a,0x118b,0x2270,0x32f3,0x1a50,0x2ab2,0x3b36,0x32d4,0x2ab4,
    0x3272,0x3a93,0x3ad4,0x4294,0x3210,0x29ac,0x3a51,0x42b4,0x4ab3,0x3a30,0x29ad,0x31cd,0x1908,0x1928,0x298b,0x31ac,
    0x31cd,0x296a,0x2169,0x218a,0x10e6,0x10c5,0x10c6,0x10c6,0x10a5,0x10a5,0x0884,0x0884,0x08a5,0x10c6,0x10c6,0x10a5,
    0x0084,0x0084,0x0084,0x0084,0x0084,0x00a4,0x00a5,0x00c5,0x00e5,0x08e6,0x00a4,0x0063,0x08c5,0x00e6,0x00c5,0x08c6,
    0x0149,0x128e,0x122c,0x09a9,0x120b,0x12ae,0x122b,0x126c,0x124c,0x2acd,0x75b7,0x6d35,0x5494,0x3bd1,0x4432,0x4c32,
    0x4c73,0x3390,0x9e79,0xb6da,0x9638,0x85f8,0x7597,0x6556,0x5494,0x5cd5,0x75b8,0x5516,0x4414,0x3bb3,0x2af0,0x226f,
    0x22cf,0x22ae,0x118a,0x11cb,0x118a,0x1169,0x11ab,0x1a0c,0x226d,0x1a4d,0x1a0c,0x11aa,0x118a,0x0948,0x08c6,0x1169,
    0x19aa,0x1169,0x08c6,0x0042,0x0021,0x08c5,0x1169,0x19cc,0x228f,0x1a4f,0x122e,0x122e,0x11ed,0x120e,0x120e,0x09cd,
    0x09ad,0x096c,0x094a,0x118c,0x096b,0x00e7,0x0908,0x0929,0x0909,0x0909,0x0084,0x00a6,0x08c7,0x08c7,0x0085,0x0063,
    0x0063,0x0063,0x0084,0x0064,0x0043,0x0043,0x0043,0x0063,0x0042,0x0022,0x10a4,0x3187,0x0043,0x0043,0x0042,0x0022,
    0x0022,0x0043,0x0022,0x0022,0x0884,0x0063,0x0022,0x0022,0x0042,0x0042,0x0042,0x0022,0x0022,0x0022,0x0022,0x0022,
    0x0022,0x0042,0x0022,0x0022,0x0043,0x0042,0x0022,0x0042,0x0022,0x0021,0x0022,0x0022,0x0042,0x0022,0x0022,0x0042,
    0x0042,0x0043,0x0022,0x0022,0x0042,0x0022,0x0022,0x0022,0x0022,0x0022,0x0022,0x0022,0x0022,0x0022,0x0022,0x0021,
    0x0021,0x0022,0x0022,0x0022,0x0022,0x0022,0x0022,0x0022,0x0021,0x0022,0x0042,0x0021,0x0021,0x0001,0x0022,0x0021,
    0x0021,0x0001,0x0022,0x0042,0x0021,0x0021,0x0021,0x0021,0x0022,0x0022,0x0021,0x0001,0x0001,0x0021,0x0021,0x0021,
    0x0022,0x0022,0x0022,0x0022,0x0022,0x0021,0x0021,0x0022,0x0022,0x0022,0x0021,0x0021,0x0001,0x0021,0x0021,0x0021,
    0x0021,0x0021,0x0021,0x0021,0x0021,0x0021,0x0022,0x0022,0x0022,0x0022,0x0022,0x0022,0x0021,0x0021,0x0021,0x0022,
    0x0022,0x0022,0x0022,0x0022,0x0022,0x0022,0x0022,0x0022,0x0022,0x0022,0x0022,0x0022,0x0022,0x0022,0x0022,0x0022,
    0x0042,0x0043,0x0042,0x0042,0x0043,0x0022,0x0022,0x0042,0x0022,0x0022,0x0042,0x0042,0x0042,0x0042,0x0022,0x0022,
    0x0022,0x0022,0x0022,0x0022,0x0022,0x0022,0x0022,0x0022,0x0042,0x0022,0x0022,0x0022,0x0042,0x0043,0x0042,0x0063,
    0x0043,0x0043,0x0043,0x0022,0x0022,0x0063,0x0021,0x0022,0x0022,0x0042,0x0863,0x0042,0x0022,0x0022,0x0022,0x0042,
    0x0042,0x0042,0x0043,0x0042,0x0022,0x0022,0x0022,0x0022,0x0022,0x0022,0x0042,0x0042,0x0022,0x0044,0x10a6,0x10e7,
    0x08a6,0x08a6,0x08c7,0x08c7,0x08e7,0x1109,0x1109,0x08c8,0x08e7,0x08e7,0x0909,0x0909,0x08c7,0x0064,0x0043,0x18c5,
    0x0043,0x1907,0x198a,0x0929,0x094a,0x096b,0x098b,0x09ac,0x098b,0x08e7,0x0084,0x1148,0x116a,0x0928,0x08e7,0x116a,
    0x118a,0x222e,0x19cb,0x1169,0x19ab,0x19ab,0x118a,0x19ab,0x1a0e,0x2250,0x2ab2,0x2250,0x32b3,0x32d4,0x2272,0x2ab3,
    0x2a2f,0x3251,0x3ad4,0x3a73,0x3231,0x42d4,0x3a52,0x5b58,0x5315,0x4291,0x192a,0x214a,0x10c6,0x1908,0x29ad,0x31cd,
    0x39ee,0x298b,0x298a,0x2149,0x10e6,0x10c5,0x10e6,0x1908,0x10e7,0x10c5,0x0884,0x0884,0x08a4,0x10c6,0x10c6,0x10c6,
    0x0064,0x0084,0x0063,0x0084,0x00c5,0x00c5,0x00e6,0x0106,0x00c5,0x00a4,0x0084,0x0064,0x00c5,0x0128,0x00e7,0x0906,
    0x0989,0x0148,0x0927,0x0948,0x124c,0x1b71,0x1b30,0x1ace,0x124c,0x22ee,0x44d6,0x4cd5,0x4494,0x334f,0x3bd1,0x4433,
    0x4433,0x22ad,0x4bf1,0x5c93,0x226c,0x3b90,0x6d77,0x5d36,0x5d36,0x6536,0x6577,0x5495,0x3b51,0x3331,0x3352,0x3372,
    0x2b31,0x22cf,0x1a6d,0x1a6d,0x11aa,0x11aa,0x118a,0x11aa,0x1a6e,0x22d0,0x22cf,0x1a4c,0x19eb,0x11a9,0x0927,0x0907,
    0x08c6,0x08a5,0x08e6,0x00a4,0x0063,0x0063,0x08e6,0x08c6,0x0927,0x0906,0x11cc,0x122e,0x120d,0x11ed,0x09cc,0x09cc,
    0x09cd,0x096b,0x0949,0x09ac,0x09ac,0x0949,0x0908,0x0929,0x08e7,0x00c7,0x00c6,0x08e8,0x0908,0x08a7,0x0085,0x0064,
    0x0063,0x0084,0x0084,0x0084,0x0063,0x0022,0x0043,0x0063,0x0043,0x0063,0x0043,0x0022,0x0043,0x0043,0x0043,0x0022,
    0x0042,0x0042,0x0022,0x0022,0x0022,0x0022,0x0022,0x0043,0x0043,0x0022,0x0022,0x0022,0x0022,0x0022,0x0022,0x0022,
    0x0022,0x0022,0x0022,0x0022,0x0042,0x0022,0x0042,0x0042,0x0022,0x0022,0x0022,0x0042,0x0863,0x0022,0x0022,0x0042,
    0x0042,0x0042,0x0022,0x0042,0x0042,0x0022,0x0022,0x0022,0x0022,0x0022,0x0022,0x0022,0x0022,0x0022,0x0043,0x0022,
    0x0022,0x0022,0x0042,0x0042,0x0022,0x0022,0x0022,0x0022,0x0022,0x0021,0x0863,0x0042,0x0022,0x0001,0x0001,0x0021,
    0x0021,0x0022,0x0021,0x0021,0x0021,0x0021,0x0022,0x0001,0x0021,0x0021,0x0001,0x0021,0x0021,0x0001,0x0021,0x0022,
    0x0022,0x0022,0x0042,0x0022,0x0022,0x0022,0x0022,0x0022,0x0022,0x0021,0x0001,0x0001,0x0021,0x0001,0x0021,0x0021,
    0x0021,0x0021,0x0021,0x0021,0x0021,0x0022,0x0022,0x0022,0x0022,0x0022,0x0042,0x0021,0x0021,0x0021,0x0021,0x0022,
    0x0022,0x0022,0x0042,0x0042,0x0022,0x0022,0x0022,0x0022,0x0022,0x0022,0x0022,0x0022,0x0022,0x0022,0x0022,0x0042,
    0x0042,0x0022,0x0042,0x0042,0x0022,0x0042,0x0022,0x0042,0x0022,0x0022,0x0022,0x0022,0x0042,0x0022,0x0042,0x0022,
    0x0022,0x0022,0x0022,0x0022,0x0022,0x0022,0x0022,0x0022,0x0022,0x0022,0x0022,0x0863,0x0022,0x0022,0x0022,0x0042,
    0x0042,0x0042,0x0043,0x0022,0x0042,0x0022,0x0022,0x0022,0x0022,0x0042,0x0883,0x0022,0x0043,0x0042,0x0043,0x0063,
    0x0043,0x0063,0x0043,0x0043,0x0042,0x0042,0x0022,0x0022,0x0022,0x0042,0x0043,0x10a5,0x0042,0x0064,0x10e7,0x08c7,
    0x08a6,0x0084,0x0885,0x08c7,0x08e8,0x08c8,0x08c7,0x08c6,0x08a6,0x08c7,0x1109,0x08c7,0x0043,0x0022,0x0042,0x0063,
    0x0884,0x10c7,0x2a0d,0x118c,0x096b,0x094a,0x08e7,0x0928,0x08e7,0x0063,0x0084,0x0928,0x11cc,0x11ed,0x11ab,0x116a,
    0x118a,0x1149,0x1127,0x1969,0x222f,0x1a0d,0x19ed,0x220e,0x224f,0x2a70,0x2250,0x222f,0x32d4,0x42f3,0x32d2,0x2ab3,
    0x2a71,0x2a2f,0x3ad4,0x3a72,0x3251,0x3252,0x2a11,0x5357,0x6c19,0x4af5,0x320e,0x1929,0x10e7,0x1908,0x214a,0x298c,
    0x31ad,0x31ac,0x29ac,0x2149,0x1908,0x10c6,0x10c6,0x2129,0x1908,0x10c6,0x0884,0x0884,0x0884,0x08a4,0x0884,0x08a5,
    0x0084,0x0084,0x0063,0x0084,0x00c5,0x00c5,0x0906,0x0906,0x00a4,0x0084,0x00a4,0x00a5,0x0106,0x00e6,0x00c5,0x0989,
    0x098a,0x0948,0x0927,0x0948,0x11eb,0x1b92,0x13d3,0x1b92,0x1aef,0x232f,0x2bf3,0x3c74,0x3413,0x1a0a,0x3bb0,0x4494,
    0x3390,0x3c12,0x2b2f,0x22ad,0x122c,0x0968,0x43d2,0x6598,0x5516,0x5d36,0x6556,0x43f3,0x3b92,0x43d3,0x43d3,0x3bb3,
    0x3351,0x22ae,0x1a4d,0x1a4d,0x1a2d,0x226e,0x1a2d,0x118a,0x0928,0x11aa,0x226d,0x332f,0x22ce,0x120b,0x11eb,0x0927,
    0x0906,0x0083,0x0063,0x0084,0x00a5,0x0064,0x0084,0x0084,0x08c5,0x0083,0x1148,0x1a70,0x120e,0x120e,0x09cc,0x09ab,
    0x11ee,0x11cd,0x098b,0x120d,0x11ed,0x00e7,0x0908,0x096a,0x0908,0x00c6,0x0908,0x00e8,0x00c6,0x00a6,0x0085,0x0064,
    0x0063,0x0063,0x0084,0x0084,0x0064,0x0042,0x0043,0x0064,0x0063,0x0043,0x0063,0x0042,0x0043,0x0043,0x0043,0x0042,
    0x0042,0x0022,0x0022,0x0022,0x0022,0x0022,0x0022,0x0042,0x0042,0x0022,0x0022,0x0022,0x0022,0x0022,0x0042,0x0022,
    0x0022,0x0022,0x0022,0x0022,0x0022,0x0022,0x0043,0x0863,0x0022,0x0022,0x0022,0x0042,0x0022,0x0022,0x0022,0x0042,
    0x0022,0x0022,0x0022,0x0022,0x0042,0x0022,0x0022,0x0022,0x0022,0x0042,0x0022,0x0022,0x0042,0x0042,0x0022,0x0022,
    0x0022,0x0022,0x0022,0x0022,0x0022,0x0042,0x0022,0x0021,0x0022,0x0022,0x0022,0x0022,0x0022,0x0022,0x0021,0x0001,
    0x0021,0x0021,0x0021,0x0021,0x0021,0x0021,0x0022,0x0021,0x0021,0x0021,0x0001,0x0021,0x0021,0x0022,0x0022,0x0022,
    0x0022,0x0042,0x0842,0x3188,0x0863,0x0022,0x0022,0x0001,0x0022,0x0022,0x0001,0x0021,0x0021,0x0021,0x0021,0x0021,
    0x0021,0x0022,0x0021,0x0022,0x0022,0x0022,0x0021,0x0021,0x0021,0x0022,0x0022,0x0021,0x0021,0x0021,0x0022,0x0022,
    0x0022,0x0022,0x0042,0x0042,0x0022,0x0042,0x0022,0x0022,0x0042,0x0042,0x0042,0x0022,0x0022,0x0022,0x0022,0x0022,
    0x0022,0x2987,0x10a4,0x0022,0x0022,0x0022,0x0022,0x0022,0x0022,0x0022,0x0022,0x0022,0x0022,0x0022,0x0042,0x0042,
    0x0022,0x0022,0x0022,0x0022,0x0022,0x0022,0x0022,0x0022,0x0042,0x0042,0x0022,0x0022,0x0022,0x0022,0x0022,0x0022,
    0x0022,0x0022,0x0022,0x0022,0x0043,0x0042,0x0022,0x0022,0x0022,0x0022,0x0022,0x0022,0x0043,0x0063,0x0084,0x0084,
    0x0084,0x0043,0x0043,0x0043,0x0043,0x0863,0x0042,0x0022,0x0042,0x0043,0x0043,0x0063,0x0043,0x0042,0x0064,0x0885,
    0x08c7,0x08a6,0x0885,0x08a6,0x08a6,0x0885,0x0885,0x08c7,0x10e8,0x08c7,0x0884,0x0022,0x0022,0x0022,0x0022,0x0063,
    0x0043,0x0042,0x10a4,0x10e7,0x198b,0x0884,0x0022,0x0043,0x0063,0x0043,0x0063,0x08e7,0x11ac,0x19cb,0x116a,0x0928,
    0x114a,0x0908,0x1148,0x32b0,0x32b1,0x11cd,0x21ed,0x2a70,0x2a70,0x2250,0x2270,0x2251,0x4335,0x4314,0x32d3,0x32f4,
    0x2a2f,0x3270,0x3ad3,0x3a91,0x322f,0x3251,0x2a32,0x42f5,0x63b8,0x42d6,0x29ce,0x31ee,0x214a,0x18e7,0x214a,0x18e7,
    0x298c,0x4250,0x31cc,0x298a,0x2149,0x1928,0x1907,0x2108,0x1907,0x10c6,0x10c5,0x08a5,0x10a5,0x08a5,0x0884,0x0884,
    0x0084,0x0084,0x0084,0x00a4,0x00c5,0x00e6,0x00c5,0x00a4,0x00a4,0x0084,0x00a4,0x00c6,0x0127,0x00c5,0x0928,0x09cb,
    0x0969,0x0106,0x0128,0x0989,0x124c,0x3cb5,0x4d58,0x2414,0x2350,0x5537,0x2370,0x2391,0x2b0e,0x19a8,0x3bd1,0x4473,
    0x33d1,0x2b0f,0x3bb1,0x2b71,0x2b30,0x1a4c,0x4bf1,0x8618,0x75d8,0x8619,0x7597,0x4c54,0x4c55,0x3b92,0x43d2,0x3bd3,
    0x43d3,0x3371,0x1a8f,0x22d0,0x2ad0,0x226e,0x1a0d,0x11ab,0x0948,0x1169,0x19ca,0x226c,0x1a2c,0x1a6d,0x11eb,0x1168,
    0x1148,0x1147,0x0084,0x00a4,0x00a5,0x08c5,0x00a4,0x00a5,0x08a5,0x08c5,0x10e5,0x226f,0x1a70,0x1a4f,0x1a4f,0x1a4f,
    0x122f,0x11ee,0x11ac,0x096a,0x11ab,0x0949,0x0928,0x0929,0x0108,0x00e7,0x00e7,0x00c6,0x00a5,0x00c6,0x00c6,0x0064,
    0x0063,0x0064,0x0064,0x0043,0x0084,0x0043,0x0043,0x0063,0x0043,0x0042,0x0043,0x0043,0x0042,0x0043,0x0042,0x0042,
    0x0022,0x0042,0x0043,0x0022,0x0022,0x0022,0x0042,0x0043,0x0022,0x0022,0x0022,0x0022,0x0022,0x0022,0x0042,0x0042,
    0x0022,0x0022,0x0022,0x0042,0x0042,0x0042,0x0022,0x0043,0x0043,0x0042,0x0042,0x0042,0x0042,0x0022,0x0022,0x0022,
    0x0042,0x0022,0x0042,0x0022,0x0042,0x0022,0x0022,0x0022,0x0022,0x0022,0x0022,0x0022,0x0042,0x0043,0x0022,0x0022,
    0x0022,0x0042,0x0022,0x0022,0x0022,0x0022,0x0022,0x0022,0x0022,0x0022,0x0022,0x0022,0x0021,0x0022,0x0022,0x0021,
    0x0021,0x0021,0x0021,0x0021,0x0021,0x0021,0x0021,0x0021,0x0021,0x0021,0x0021,0x0021,0x0021,0x0021,0x0022,0x0022,
    0x0022,0x0042,0x0042,0x18e5,0x0843,0x0022,0x0022,0x0021,0x0021,0x0022,0x0022,0x0022,0x0021,0x0021,0x0021,0x0021,
    0x0021,0x0022,0x0022,0x0022,0x0022,0x0021,0x0021,0x0021,0x0021,0x0022,0x0022,0x0022,0x0022,0x0021,0x0042,0x0022,
    0x0022,0x0022,0x0042,0x0042,0x0022,0x0042,0x0022,0x0022,0x0042,0x0042,0x0042,0x0042,0x0022,0x0022,0x0022,0x0022,
    0x0022,0x0863,0x0042,0x0022,0x0022,0x0022,0x0022,0x0022,0x0022,0x0022,0x0022,0x0022,0x0022,0x0022,0x0022,0x0022,
    0x0022,0x0042,0x0022,0x0022,0x0022,0x0022,0x0022,0x0022,0x0042,0x0062,0x0022,0x0021,0x0021,0x0021,0x0022,0x0022,
    0x0022,0x0022,0x0042,0x0022,0x0022,0x0022,0x0022,0x0022,0x0022,0x0022,0x0022,0x0042,0x0063,0x0043,0x1947,0x534f,
    0x0084,0x0063,0x0063,0x0043,0x0043,0x0043,0x0043,0x0043,0x0043,0x0022,0x0042,0x0043,0x0043,0x0043,0x0064,0x08a5,
    0x0885,0x08a6,0x08a6,0x0885,0x0043,0x0064,0x0084,0x08a6,0x10c8,0x08a6,0x0864,0x0021,0x0021,0x0022,0x0063,0x08a5,
    0x0063,0x0042,0x0884,0x08a5,0x0884,0x0043,0x0042,0x0043,0x0884,0x0885,0x0884,0x08c6,0x08e7,0x0908,0x1108,0x08e7,
    0x08e7,0x0908,0x19ed,0x226f,0x224f,0x19cc,0x21cd,0x2a90,0x19ed,0x19cd,0x1a51,0x2ab4,0x4315,0x3ad3,0x32d3,0x2a4f,
    0x2a2f,0x32b3,0x3272,0x2a0e,0x3a71,0x3ab4,0x42d5,0x4b16,0x4af7,0x42b5,0x214a,0x216b,0x298b,0x214a,0x296b,0x2129,
    0x3a0e,0x4272,0x31ed,0x298b,0x2169,0x1948,0x2169,0x2129,0x1907,0x10c6,0x10c5,0x10a5,0x10a6,0x10c6,0x0884,0x0884,
    0x0063,0x0063,0x0063,0x0083,0x0084,0x0084,0x00a4,0x00a4,0x00a4,0x00a4,0x00a4,0x0148,0x0927,0x00a5,0x0969,0x09eb,
    0x09cb,0x0148,0x0127,0x0a0c,0x0a8e,0x2c14,0x5537,0x3c95,0x12ad,0x1b91,0x12ce,0x1b30,0x1a6c,0x120a,0x5515,0x4c94,
    0x2b91,0x2bb2,0x2330,0x2b30,0x22ef,0x1a8d,0x2a8c,0x53f0,0x8596,0x9618,0x74f4,0x224c,0x5454,0x5495,0x5cf6,0x4c55,
    0x4434,0x3b92,0x22af,0x226e,0x2acf,0x226d,0x2aae,0x228e,0x11cb,0x11aa,0x19eb,0x224d,0x222c,0x1148,0x1147,0x19ca,
    0x1a0b,0x19a9,0x00a5,0x0063,0x0084,0x00a4,0x08c5,0x0907,0x08e6,0x08c5,0x0083,0x1a0c,0x22b1,0x1a4f,0x1a70,0x1a91,
    0x1a50,0x1a0e,0x11cc,0x0108,0x0929,0x098b,0x094a,0x0949,0x094a,0x0949,0x094a,0x0929,0x08e7,0x00c6,0x00a6,0x0085,
    0x0084,0x00a6,0x0085,0x0084,0x0085,0x0043,0x0043,0x0063,0x0063,0x0042,0x0063,0x0043,0x0042,0x0042,0x0042,0x0042,
    0x0022,0x0042,0x0043,0x0022,0x0022,0x0022,0x0022,0x0042,0x0022,0x0022,0x0022,0x0042,0x0022,0x0022,0x0022,0x0022,
    0x0022,0x0022,0x0022,0x0042,0x0043,0x0043,0x0043,0x0043,0x0042,0x0043,0x0042,0x0042,0x0043,0x0022,0x0022,0x0022,
    0x0042,0x0042,0x0042,0x0042,0x0042,0x0022,0x0022,0x0022,0x0022,0x0022,0x0022,0x0022,0x0022,0x0022,0x0043,0x0042,
    0x0042,0x0063,0x0042,0x0042,0x0022,0x0022,0x0022,0x0022,0x0022,0x0001,0x0021,0x0042,0x0022,0x0001,0x0021,0x0022,
    0x0021,0x0021,0x0021,0x0021,0x0021,0x0021,0x0021,0x0022,0x0021,0x0021,0x0021,0x0022,0x0022,0x0022,0x0022,0x0022,
    0x0022,0x0042,0x0022,0x0002,0x0022,0x0022,0x0022,0x0022,0x0022,0x0022,0x0001,0x0021,0x0021,0x0021,0x0021,0x0021,
    0x0022,0x0022,0x0021,0x0021,0x0021,0x0022,0x0021,0x0021,0x0021,0x0021,0x0022,0x0022,0x0022,0x0022,0x0022,0x0022,
    0x0022,0x0022,0x0022,0x0022,0x0022,0x0022,0x0022,0x0022,0x0022,0x0042,0x0042,0x0042,0x0042,0x0042,0x0042,0x0042,
    0x0022,0x0022,0x0022,0x0022,0x0022,0x0022,0x0022,0x0022,0x0022,0x0022,0x0022,0x0022,0x0022,0x0022,0x0042,0x0042,
    0x0022,0x0022,0x0022,0x0022,0x0022,0x0022,0x0022,0x0022,0x0022,0x0022,0x0022,0x0022,0x0042,0x0022,0x0022,0x0021,
    0x0042,0x0863,0x0063,0x0042,0x0022,0x0022,0x0022,0x0022,0x0022,0x0022,0x0022,0x0042,0x0043,0x0043,0x08a4,0x1947,
    0x0063,0x0063,0x0063,0x0043,0x0043,0x0043,0x0884,0x0884,0x0043,0x0022,0x0042,0x0043,0x0064,0x0064,0x0085,0x0084,
    0x0043,0x0064,0x08a6,0x0885,0x0064,0x0064,0x0064,0x0884,0x0043,0x0043,0x0022,0x0022,0x0042,0x0043,0x0885,0x0885,
    0x0884,0x0043,0x0884,0x08a5,0x0063,0x0043,0x0043,0x0043,0x0864,0x08c6,0x1128,0x1128,0x0085,0x08a5,0x08c6,0x08c6,
    0x0885,0x08c6,0x116a,0x11ab,0x11ab,0x2a4f,0x222e,0x11ed,0x11cc,0x19ee,0x3b14,0x4b13,0x426e,0x2169,0x3290,0x3291,
    0x32b3,0x3272,0x2a51,0x220f,0x42d4,0x5337,0x4b16,0x4293,0x42b4,0x4ad6,0x216b,0x10e7,0x214a,0x296b,0x296b,0x31ac,
    0x294b,0x3a30,0x4270,0x31ed,0x29ac,0x296b,0x2149,0x18e7,0x1908,0x1928,0x10e6,0x10c6,0x10a5,0x10c6,0x10a5,0x0884,
    0x0063,0x0063,0x0063,0x0084,0x0063,0x0063,0x0084,0x0084,0x00c5,0x00e6,0x0148,0x0169,0x00c5,0x00a4,0x0907,0x09aa,
    0x0a4d,0x0a2c,0x09cb,0x0a0b,0x09ea,0x0947,0x1167,0x1aad,0x0a8d,0x1350,0x128d,0x124c,0x120b,0x22cd,0x6557,0x5d57,
    0x2bd3,0x2371,0x2330,0x1a6d,0x11ca,0x1a2b,0x11ea,0x3370,0x3bf1,0x54d4,0x3bb0,0x09a9,0x2a8c,0x2aad,0x5433,0x5cd7,
    0x4434,0x43f3,0x3310,0x226d,0x332f,0x43f2,0x2ace,0x2ace,0x228d,0x222c,0x2aae,0x224c,0x220b,0x1169,0x08e6,0x1168,
    0x224c,0x226c,0x1188,0x0083,0x0084,0x0042,0x00a4,0x08e6,0x0907,0x08c5,0x0063,0x1169,0x22d2,0x22b1,0x22b0,0x1a70,
    0x120e,0x19ed,0x19ed,0x11ac,0x096a,0x11ab,0x096a,0x0949,0x11ac,0x096b,0x096b,0x0929,0x0908,0x00e7,0x08e7,0x00a6,
    0x00c6,0x00a6,0x0085,0x0085,0x00a6,0x0043,0x0042,0x0043,0x0022,0x0043,0x0043,0x0042,0x0022,0x0063,0x0042,0x0042,
    0x0022,0x0022,0x0022,0x0022,0x0022,0x0022,0x0022,0x0022,0x0022,0x0022,0x0022,0x0022,0x0042,0x0022,0x0022,0x0042,
    0x0022,0x0022,0x0022,0x0022,0x0022,0x0022,0x0043,0x0042,0x0043,0x0043,0x0042,0x0022,0x0022,0x0043,0x0022,0x0022,
    0x0043,0x0043,0x0043,0x0022,0x0022,0x0022,0x0022,0x0042,0x0022,0x0022,0x0022,0x0022,0x0042,0x0042,0x0042,0x0042,
    0x0863,0x0042,0x0022,0x0043,0x0043,0x0042,0x0022,0x0022,0x0022,0x0021,0x0021,0x0022,0x0022,0x0001,0x0021,0x0021,
    0x0021,0x0021,0x0021,0x0021,0x0021,0x0021,0x0022,0x0021,0x0021,0x0021,0x0021,0x0022,0x0022,0x0022,0x0022,0x0022,
    0x0022,0x0022,0x0022,0x0022,0x0022,0x0022,0x0021,0x0021,0x0022,0x0022,0x0022,0x0001,0x0021,0x0021,0x0021,0x0022,
    0x0022,0x0022,0x0022,0x0022,0x0022,0x0022,0x0021,0x0021,0x0021,0x0021,0x0021,0x0021,0x0021,0x0022,0x0022,0x0022,
    0x0022,0x0022,0x0022,0x0022,0x0022,0x0022,0x0022,0x0022,0x0042,0x0042,0x0042,0x0063,0x0042,0x0042,0x0043,0x0042,
    0x0022,0x0022,0x0022,0x0022,0x0022,0x0022,0x0022,0x0022,0x0022,0x0022,0x0022,0x0022,0x0022,0x0022,0x0042,0x0022,
    0x0022,0x0022,0x0042,0x0022,0x0022,0x0042,0x0022,0x0022,0x0022,0x0022,0x0022,0x0022,0x0022,0x0043,0x0042,0x0021,
    0x0862,0x0883,0x0022,0x0022,0x0022,0x0022,0x0022,0x0022,0x0022,0x0022,0x0022,0x0022,0x0042,0x0042,0x0042,0x0022,
    0x0042,0x0063,0x0863,0x0022,0x0043,0x0043,0x0043,0x0043,0x0043,0x0042,0x0043,0x0864,0x0885,0x0043,0x0042,0x0022,
    0x0043,0x0043,0x0885,0x0885,0x0064,0x0043,0x0043,0x0043,0x0064,0x0064,0x0021,0x0022,0x0043,0x0043,0x0043,0x10e6,
    0x10e7,0x0885,0x0884,0x0063,0x0063,0x0043,0x08a5,0x08a5,0x08c6,0x08e7,0x1128,0x0907,0x0084,0x0063,0x0063,0x0885,
    0x0885,0x08e7,0x0929,0x1169,0x116a,0x118b,0x11ac,0x118b,0x118b,0x2271,0x2a0d,0x1948,0x1106,0x198a,0x32b1,0x3291,
    0x32b2,0x21ee,0x2a0f,0x3251,0x42b4,0x5317,0x42f5,0x3251,0x4294,0x42b4,0x218c,0x10c6,0x296b,0x39ae,0x212a,0x318c,
    0x294b,0x4230,0x4a70,0x3a2f,0x296b,0x39ac,0x296a,0x2149,0x2969,0x1928,0x1907,0x10c6,0x18e7,0x10e7,0x10c6,0x10a5,
    0x0063,0x0063,0x0063,0x0064,0x0043,0x0063,0x0084,0x00c5,0x00a4,0x00e6,0x0148,0x0127,0x00c5,0x00a4,0x00c5,0x0968,
    0x0a2c,0x0a8e,0x0189,0x0926,0x00a4,0x0063,0x0083,0x08e5,0x130f,0x1b71,0x11ea,0x124c,0x120b,0x1a8d,0x1ace,0x22ce,
    0x3cb6,0x3434,0x2330,0x1a6d,0x1a2c,0x11eb,0x11eb,0x3390,0x33b0,0x22ad,0x3bd0,0x2b0e,0x0988,0x0947,0x1a0a,0x4c54,
    0x4c75,0x3bb2,0x3330,0x2aef,0x2b30,0x4412,0x43f2,0x43f2,0x2aef,0x226d,0x2aad,0x32ee,0x222b,0x19ca,0x0907,0x08e6,
    0x1168,0x19a9,0x2a6c,0x1168,0x00a4,0x0063,0x08c5,0x0907,0x0927,0x08c5,0x0083,0x1127,0x2b12,0x22f1,0x22d1,0x228f,
    0x1a4e,0x120d,0x1a2e,0x1a2e,0x11cc,0x19ec,0x1a0d,0x098b,0x098b,0x094a,0x00c7,0x00e7,0x0908,0x00e7,0x00e7,0x08e7,
    0x00c6,0x0085,0x0085,0x0085,0x0085,0x0043,0x0042,0x0043,0x0042,0x0043,0x0042,0x0042,0x0022,0x0043,0x0043,0x0022,
    0x0022,0x0022,0x0042,0x0022,0x0022,0x0022,0x0022,0x0043,0x0043,0x0022,0x0043,0x0042,0x0022,0x0022,0x0022,0x0022,
    0x0042,0x0042,0x0022,0x0022,0x0022,0x0022,0x0042,0x0042,0x0043,0x0043,0x0043,0x0042,0x0043,0x0043,0x0043,0x0043,
    0x0043,0x0043,0x0043,0x0043,0x0042,0x0022,0x0022,0x0042,0x0022,0x0042,0x0042,0x0042,0x0022,0x0022,0x0042,0x0042,
    0x0042,0x0022,0x0022,0x0022,0x0042,0x0042,0x0022,0x0022,0x0022,0x0001,0x0021,0x0021,0x0021,0x0001,0x0021,0x0021,
    0x0021,0x0021,0x0021,0x0021,0x0021,0x0021,0x0021,0x0021,0x0021,0x0021,0x0022,0x0021,0x0022,0x0022,0x0022,0x0022,
    0x0021,0x0022,0x0022,0x0022,0x0022,0x0022,0x0021,0x0021,0x0021,0x0022,0x0022,0x0021,0x0022,0x0022,0x0022,0x0022,
    0x0022,0x0022,0x0022,0x0022,0x0022,0x0021,0x0021,0x0021,0x0021,0x0021,0x0021,0x0021,0x0021,0x0021,0x0021,0x0021,
    0x0022,0x0022,0x0022,0x0022,0x0022,0x0022,0x0022,0x0022,0x0042,0x0042,0x0042,0x0043,0x0043,0x0043,0x0022,0x0022,
    0x0042,0x0022,0x0022,0x0022,0x0022,0x0022,0x0022,0x0021,0x0022,0x0022,0x0022,0x0022,0x0022,0x0022,0x0022,0x0022,
    0x0022,0x0042,0x0022,0x0022,0x0022,0x0042,0x0063,0x0022,0x0022,0x0022,0x0022,0x0022,0x0022,0x0022,0x0022,0x0021,
    0x0021,0x0022,0x0022,0x0022,0x0042,0x0042,0x0022,0x0022,0x0022,0x0042,0x0022,0x0022,0x0042,0x0042,0x0042,0x0042,
    0x0043,0x0063,0x0043,0x0043,0x0064,0x0064,0x0043,0x0043,0x0064,0x0043,0x0043,0x0063,0x0864,0x0043,0x0042,0x0043,
    0x0043,0x0042,0x0043,0x0063,0x0043,0x0043,0x0064,0x0064,0x0064,0x0022,0x0021,0x0042,0x0043,0x0043,0x0064,0x10c6,
    0x08c6,0x0084,0x0063,0x0043,0x0043,0x0063,0x08a5,0x08c6,0x00a5,0x08a5,0x08c6,0x0885,0x0064,0x0884,0x0064,0x0084,
    0x08a6,0x0908,0x0908,0x1149,0x1149,0x118b,0x11cc,0x118b,0x096a,0x224f,0x1128,0x08e6,0x08c5,0x198a,0x3292,0x2a71,
    0x2a30,0x21ee,0x21ee,0x3252,0x4295,0x3a73,0x3292,0x2a71,0x3a73,0x3a74,0x29ef,0x1908,0x296b,0x4210,0x292a,0x294a,
    0x318c,0x39ce,0x3a0f,0x3a0f,0x296a,0x398b,0x31ac,0x296a,0x318a,0x2149,0x2149,0x10e6,0x2108,0x2108,0x10c6,0x10c6,
    0x0084,0x0063,0x0063,0x0043,0x0042,0x0063,0x0084,0x0084,0x00c5,0x00e6,0x0107,0x00c5,0x0084,0x0063,0x0063,0x0106,
    0x0a0b,0x0a2d,0x00a5,0x0042,0x0063,0x0927,0x0989,0x0948,0x1acf,0x0a0c,0x0127,0x09a9,0x0968,0x1a8c,0x1a8c,0x0107,
    0x3c34,0x44d7,0x2351,0x2310,0x2b10,0x22ef,0x1a4c,0x1aad,0x2b2e,0x334e,0x1a2b,0x3b90,0x22cd,0x1a2b,0x11a8,0x2aac,
    0x5cf6,0x5495,0x43b2,0x43f3,0x43f3,0x3bb2,0x5c94,0x4c53,0x2ace,0x226c,0x2aad,0x332f,0x2ace,0x222c,0x222c,0x1148,
    0x08e6,0x0906,0x1189,0x19ca,0x08e6,0x0084,0x08a5,0x19ca,0x1189,0x0948,0x08a5,0x2a8d,0x43f4,0x3372,0x3372,0x2b30,
    0x22cf,0x1a6e,0x1a4d,0x11ec,0x11ac,0x11ab,0x11cc,0x1a0e,0x098b,0x0129,0x00e7,0x00c6,0x08e7,0x0908,0x0908,0x00e7,
    0x00c7,0x0085,0x0085,0x0085,0x0063,0x0042,0x0042,0x0022,0x0884,0x0043,0x0042,0x0042,0x0022,0x0042,0x0042,0x0022,
    0x0022,0x0043,0x0022,0x0022,0x0022,0x0042,0x0022,0x0022,0x0022,0x0022,0x0043,0x0023,0x0043,0x0022,0x0022,0x0042,
    0x0022,0x0022,0x0042,0x0042,0x0022,0x0042,0x0022,0x0042,0x0043,0x0043,0x0043,0x0043,0x0043,0x0043,0x0043,0x0043,
    0x0043,0x0042,0x0042,0x0043,0x0043,0x0022,0x0022,0x0022,0x0022,0x0042,0x0043,0x0042,0x0022,0x0022,0x0022,0x0022,
    0x0042,0x0022,0x0022,0x0022,0x0043,0x0022,0x0042,0x0022,0x0863,0x0863,0x0001,0x0022,0x0022,0x0021,0x0001,0x0021,
    0x0021,0x0021,0x0021,0x0021,0x0021,0x0021,0x0021,0x0021,0x0021,0x0022,0x0022,0x0021,0x0021,0x0022,0x0022,0x0022,
    0x0022,0x0022,0x0022,0x0022,0x0022,0x0022,0x0021,0x0022,0x0022,0x0001,0x0021,0x0021,0x0021,0x0022,0x0022,0x0022,
    0x0021,0x0022,0x0022,0x0001,0x0021,0x0021,0x0021,0x0021,0x0021,0x0022,0x0021,0x0021,0x0021,0x0021,0x0022,0x0042,
    0x0021,0x0022,0x0022,0x0022,0x0022,0x0022,0x0022,0x0022,0x0042,0x0042,0x0043,0x0884,0x0863,0x0022,0x0022,0x0022,
    0x0022,0x0022,0x0022,0x0042,0x0042,0x0022,0x0021,0x0021,0x0021,0x0021,0x0021,0x0022,0x0022,0x0022,0x0022,0x0022,
    0x0022,0x0022,0x0022,0x0022,0x0022,0x0022,0x0022,0x0042,0x0022,0x0022,0x0022,0x0022,0x0022,0x0022,0x0022,0x0022,
    0x0022,0x0042,0x0022,0x0022,0x0042,0x0042,0x0022,0x0022,0x0022,0x0022,0x0022,0x0021,0x0022,0x0042,0x0042,0x0042,
    0x0043,0x0043,0x0043,0x0064,0x0063,0x0043,0x0043,0x0043,0x0864,0x0043,0x0022,0x0022,0x0022,0x0022,0x0043,0x0884,
    0x0864,0x0043,0x0022,0x0022,0x0043,0x0063,0x0063,0x0043,0x0021,0x0021,0x0022,0x0063,0x0063,0x0884,0x0885,0x0084,
    0x0885,0x0063,0x0043,0x0064,0x0864,0x08a5,0x1108,0x0084,0x0063,0x10c7,0x0886,0x08c8,0x08c7,0x0085,0x0084,0x0084,
    0x08c6,0x0907,0x08a5,0x08e7,0x094a,0x19ed,0x1a0e,0x11cc,0x11ac,0x222e,0x08e6,0x1128,0x08a4,0x08a5,0x1129,0x19ad,
    0x19ad,0x19ac,0x2a0f,0x3293,0x2a31,0x2210,0x2231,0x2a31,0x4ab4,0x3a73,0x3231,0x298b,0x296b,0x41cf,0x41cf,0x296b,
    0x296b,0x318c,0x296b,0x31ac,0x31ac,0x318b,0x39ac,0x296a,0x2949,0x1907,0x2108,0x2128,0x2108,0x2108,0x18e7,0x18c6,
    0x0084,0x0084,0x0064,0x0043,0x0042,0x0064,0x00a4,0x00a5,0x00e6,0x0107,0x098a,0x0927,0x0084,0x0063,0x0063,0x00e6,
    0x0927,0x0969,0x0084,0x0042,0x0042,0x00c5,0x0989,0x0107,0x0a2b,0x09ea,0x0988,0x0988,0x19e9,0x1a8c,0x22ad,0x4bb0,
    0x75b8,0x4537,0x2c14,0x2b51,0x2310,0x3bf3,0x228e,0x1a6c,0x22cd,0x4c51,0x3390,0x3370,0x334f,0x19ea,0x0968,0x32cc,
    0x7596,0x4c33,0x4c12,0x5474,0x5474,0x64d5,0x8555,0x8595,0x3b70,0x228d,0x2a8d,0x3b4f,0x330e,0x11ea,0x19eb,0x1a0b,
    0x19ca,0x1189,0x1189,0x1148,0x0948,0x08c5,0x0063,0x1189,0x1168,0x0928,0x0907,0x0907,0x2b31,0x3372,0x2310,0x22cf,
    0x1a8f,0x1a6e,0x122d,0x11ec,0x09ab,0x096a,0x0929,0x0969,0x09ab,0x0107,0x00e7,0x00e6,0x08e7,0x0908,0x0908,0x00c7,
    0x00c6,0x00c6,0x0085,0x0084,0x0063,0x0043,0x0043,0x0022,0x0063,0x0022,0x0022,0x0022,0x0042,0x0022,0x0022,0x0042,
    0x0022,0x0043,0x0042,0x0022,0x0022,0x0022,0x0022,0x0022,0x0022,0x0042,0x0022,0x2128,0x2148,0x0022,0x0042,0x0022,
    0x0022,0x0022,0x0022,0x0042,0x0042,0x0022,0x0042,0x0022,0x0022,0x0042,0x0043,0x0042,0x0043,0x0043,0x0043,0x0063,
    0x0043,0x0043,0x0042,0x0043,0x0043,0x0043,0x0043,0x0042,0x0022,0x0043,0x0043,0x0022,0x0022,0x0022,0x0022,0x0042,
    0x0043,0x0042,0x0022,0x0022,0x0042,0x0042,0x0043,0x0022,0x0043,0x0043,0x0022,0x0022,0x0022,0x0021,0x0021,0x0021,
    0x0022,0x0022,0x0021,0x0021,0x0021,0x0001,0x0021,0x0021,0x0021,0x0021,0x0021,0x0022,0x0022,0x0022,0x0022,0x0022,
    0x0022,0x0022,0x0021,0x0021,0x0022,0x0022,0x0022,0x0022,0x0001,0x0021,0x0022,0x0022,0x0022,0x0022,0x0022,0x0022,
    0x0022,0x0022,0x0022,0x0863,0x0022,0x0021,0x0022,0x0021,0x0021,0x0022,0x0021,0x0022,0x0021,0x0021,0x0021,0x0021,
    0x0021,0x0021,0x0021,0x0022,0x0022,0x0022,0x0022,0x0022,0x0042,0x0043,0x0042,0x18e5,0x0863,0x0022,0x0022,0x0022,
    0x0022,0x0021,0x0021,0x0022,0x0022,0x0022,0x0022,0x0021,0x0022,0x0021,0x0001,0x0001,0x0021,0x0022,0x0022,0x0021,
    0x0022,0x0022,0x0022,0x0042,0x0042,0x0042,0x0022,0x0022,0x0022,0x0042,0x0022,0x0022,0x0022,0x0022,0x0042,0x0022,
    0x0022,0x0043,0x0063,0x0022,0x0042,0x0022,0x0022,0x0022,0x0022,0x0022,0x0022,0x0022,0x0022,0x0022,0x0022,0x0042,
    0x0042,0x0063,0x0863,0x0043,0x0043,0x0043,0x0043,0x0042,0x0043,0x0043,0x0022,0x0042,0x0022,0x0022,0x0043,0x0043,
    0x0043,0x0043,0x0022,0x0022,0x0043,0x0064,0x0063,0x0863,0x0022,0x0021,0x0022,0x0043,0x0885,0x0885,0x0043,0x0043,
    0x0063,0x0042,0x0042,0x0063,0x08a6,0x218c,0x196a,0x08c6,0x1108,0x194b,0x08e9,0x1109,0x08e8,0x08c6,0x08a5,0x0084,
    0x10e7,0x1128,0x08e7,0x08e7,0x0908,0x1a0e,0x1a0e,0x118c,0x11ee,0x2271,0x2a6f,0x1169,0x08e6,0x1149,0x116a,0x0908,
    0x1149,0x19ac,0x3250,0x3ad3,0x222f,0x19ce,0x19ef,0x3211,0x4273,0x4273,0x3252,0x2a0f,0x298c,0x39ae,0x49f0,0x39ad,
    0x2929,0x294a,0x316b,0x294b,0x296b,0x2129,0x316b,0x316b,0x294a,0x2108,0x2108,0x2108,0x2108,0x2107,0x2108,0x20e7,
    0x0084,0x0084,0x0084,0x0063,0x0042,0x0064,0x00c5,0x00c6,0x00e6,0x00e6,0x098a,0x0107,0x0064,0x0063,0x0084,0x0063,
    0x00a4,0x0084,0x0021,0x0022,0x0042,0x08a4,0x0042,0x0084,0x01a9,0x0968,0x0968,0x0947,0x1a6b,0x1aad,0x1a8c,0x85d8,
    0x8e7a,0x5577,0x3454,0x22cf,0x33d3,0x3414,0x1a6d,0x120c,0x1a6d,0x2b50,0x4c52,0x22ac,0x2aac,0x19ea,0x1168,0x3b0e,
    0x7d96,0x6d16,0x64d5,0x5454,0x4c33,0x5c74,0x4bb1,0x6472,0x5c53,0x3350,0x3b91,0x334f,0x2acd,0x2a8c,0x1168,0x19a9,
    0x222b,0x224c,0x1a0a,0x0906,0x0907,0x08e5,0x0063,0x0906,0x1148,0x0927,0x0927,0x00c6,0x1169,0x22d0,0x22af,0x1a2d,
    0x1a2c,0x1a2d,0x1a4d,0x124d,0x09ab,0x098a,0x098b,0x0949,0x11cb,0x0948,0x00e7,0x0108,0x0107,0x0908,0x00e7,0x08e7,
    0x08e7,0x08e7,0x0084,0x0085,0x0084,0x0064,0x0043,0x0043,0x0042,0x0022,0x0042,0x0883,0x0042,0x0022,0x0022,0x0022,
    0x0042,0x0043,0x0022,0x0022,0x0022,0x0022,0x0022,0x0022,0x0022,0x0043,0x0022,0x2168,0x2169,0x0022,0x0042,0x0022,
    0x0042,0x0022,0x0022,0x0042,0x0042,0x0022,0x0863,0x0843,0x0022,0x0043,0x0043,0x0022,0x0022,0x0043,0x0063,0x0063,
    0x0043,0x0043,0x0043,0x0043,0x0043,0x0063,0x0043,0x0043,0x0043,0x0043,0x0043,0x0022,0x0022,0x0022,0x0022,0x0022,
    0x0043,0x0043,0x0043,0x0043,0x0022,0x0043,0x0063,0x0043,0x0022,0x0021,0x0021,0x0022,0x0022,0x0001,0x0021,0x0021,
    0x0022,0x0021,0x0021,0x0001,0x0021,0x0021,0x0021,0x0021,0x0021,0x0021,0x0021,0x0022,0x0022,0x0022,0x0022,0x0022,
    0x0022,0x0021,0x0022,0x0022,0x0022,0x0022,0x0022,0x0021,0x0001,0x0022,0x0022,0x0022,0x0022,0x0022,0x0022,0x0022,
    0x0022,0x0022,0x0022,0x0842,0x0022,0x0021,0x0001,0x0021,0x0042,0x0021,0x0021,0x0021,0x0021,0x0021,0x0021,0x0022,
    0x0001,0x0021,0x0022,0x0022,0x0022,0x0022,0x0022,0x0022,0x0042,0x0043,0x0043,0x0042,0x0042,0x0022,0x0022,0x0022,
    0x0021,0x0021,0x0021,0x0022,0x0021,0x0042,0x0021,0x0021,0x0022,0x0022,0x0021,0x0021,0x0021,0x0022,0x0022,0x0021,
    0x0022,0x0022,0x0022,0x0022,0x0022,0x0042,0x0022,0x0022,0x0022,0x0042,0x0022,0x0022,0x0022,0x0022,0x0022,0x0022,
    0x0022,0x0021,0x0022,0x0043,0x0022,0x0022,0x0022,0x0022,0x0022,0x0022,0x0022,0x0022,0x0022,0x0022,0x0022,0x0042,
    0x0022,0x0022,0x0022,0x0042,0x0042,0x0043,0x0043,0x0022,0x0022,0x0042,0x0043,0x0043,0x0043,0x0043,0x0022,0x0022,
    0x0043,0x0043,0x0043,0x0043,0x0064,0x0064,0x0864,0x0022,0x0001,0x0021,0x0022,0x0043,0x0043,0x0042,0x0043,0x0043,
    0x0043,0x0042,0x0042,0x0885,0x10e7,0x1929,0x10e7,0x08e8,0x116b,0x116b,0x094a,0x114a,0x0929,0x08e7,0x08e7,0x08c6,
    0x08e7,0x116a,0x118b,0x1149,0x092a,0x11cd,0x11cd,0x118b,0x19cd,0x22b2,0x3af1,0x1106,0x0083,0x1127,0x220d,0x1149,
    0x19ac,0x2a50,0x3ad3,0x2a72,0x2230,0x19ce,0x19ce,0x31f0,0x2a11,0x3a73,0x2a11,0x3231,0x31ae,0x318e,0x41d0,0x316c,
    0x294a,0x292a,0x314a,0x316b,0x318c,0x2129,0x2929,0x294a,0x294a,0x2129,0x2108,0x2108,0x2108,0x20e7,0x18e7,0x20e7,
    0x00a5,0x00a5,0x0084,0x0063,0x0063,0x0064,0x0084,0x0084,0x00e6,0x0169,0x0a0c,0x09cb,0x0128,0x0989,0x0989,0x00c5,
    0x0083,0x0042,0x0021,0x0021,0x0022,0x0063,0x0084,0x00c5,0x0127,0x00c5,0x0106,0x0988,0x09ca,0x09c9,0x120b,0x122b,
    0x5557,0x5d98,0x4d16,0x3c74,0x4475,0x44b6,0x2b51,0x1a2c,0x11eb,0x228e,0x3370,0x22ce,0x11a9,0x1a0b,0x19ea,0x5c33,
    0x6d57,0x4c54,0x4c34,0x4c34,0x4c33,0x43d2,0x43d2,0x43d2,0x7513,0x5c52,0x43b1,0x5412,0x3b4f,0x330f,0x1a0a,0x11a9,
    0x1a0a,0x2aad,0x220a,0x1188,0x08e6,0x0084,0x0043,0x08e6,0x0948,0x0927,0x224c,0x0969,0x0927,0x11aa,0x1a0c,0x1a0c,
    0x118a,0x0948,0x120b,0x1a4c,0x09ab,0x096a,0x0949,0x0949,0x118a,0x0969,0x0108,0x0108,0x0928,0x0949,0x0929,0x0928,
    0x0107,0x0085,0x0064,0x0085,0x0084,0x0084,0x0064,0x0042,0x0043,0x0022,0x0043,0x0884,0x0022,0x0022,0x0022,0x0042,
    0x0042,0x0063,0x0043,0x0042,0x0042,0x0042,0x0022,0x0042,0x0043,0x0022,0x0043,0x0023,0x0043,0x0063,0x0042,0x0022,
    0x0042,0x0022,0x0022,0x0042,0x0043,0x0022,0x0022,0x0043,0x0043,0x0043,0x0043,0x0042,0x0043,0x0043,0x0043,0x0043,
    0x0043,0x0043,0x0043,0x0043,0x0043,0x0043,0x0043,0x0043,0x0043,0x0043,0x0043,0x0043,0x0043,0x0043,0x0042,0x0022,
    0x0043,0x0043,0x0043,0x0043,0x0043,0x0063,0x0043,0x0884,0x0042,0x0021,0x0021,0x0021,0x0021,0x0021,0x0022,0x0022,
    0x0022,0x0021,0x0021,0x0021,0x0021,0x0021,0x0021,0x0021,0x0022,0x0021,0x0021,0x0022,0x0021,0x0022,0x0022,0x0021,
    0x0021,0x0021,0x0022,0x0022,0x0022,0x0022,0x0022,0x0022,0x0022,0x0022,0x0022,0x0022,0x0022,0x0022,0x0022,0x0022,
    0x0022,0x0022,0x0022,0x0021,0x0021,0x0021,0x0021,0x0022,0x0021,0x0022,0x0022,0x0022,0x0022,0x0022,0x0021,0x0022,
    0x0021,0x0021,0x0021,0x0022,0x0022,0x0021,0x0022,0x0022,0x0022,0x0042,0x0042,0x0042,0x0043,0x0043,0x0022,0x0022,
    0x0022,0x0021,0x0021,0x0042,0x0021,0x0021,0x0021,0x0021,0x0021,0x0022,0x0021,0x0021,0x0021,0x0022,0x0021,0x0022,
    0x0022,0x0022,0x0022,0x0022,0x0022,0x0022,0x0022,0x0042,0x0022,0x0022,0x0022,0x0022,0x0022,0x0022,0x0022,0x0022,
    0x0021,0x0022,0x0022,0x0022,0x0022,0x0022,0x0022,0x0022,0x0022,0x0022,0x0022,0x0022,0x0022,0x0022,0x0022,0x0042,
    0x0042,0x0042,0x0043,0x0043,0x0043,0x0043,0x0043,0x0022,0x0022,0x0022,0x0022,0x0042,0x0042,0x0042,0x0022,0x0021,
    0x0042,0x0042,0x0021,0x0022,0x0021,0x0042,0x0022,0x0021,0x0021,0x0021,0x0022,0x0022,0x0042,0x0042,0x0043,0x0063,
    0x0864,0x0063,0x0884,0x08a6,0x08c6,0x08a6,0x08a6,0x08c6,0x0909,0x0929,0x08e8,0x0929,0x116b,0x118c,0x094a,0x00c7,
    0x08e7,0x114a,0x118c,0x096b,0x11cd,0x11cd,0x11ac,0x19ed,0x1a50,0x3375,0x21eb,0x0928,0x08a4,0x1107,0x4312,0x2a50,
    0x2a71,0x2a72,0x2251,0x19ef,0x19ee,0x19cd,0x19cd,0x21ad,0x21cf,0x3a53,0x2a52,0x3a73,0x4a53,0x31af,0x318d,0x318c,
    0x296b,0x318c,0x2109,0x18e7,0x294a,0x2129,0x2949,0x2929,0x2108,0x2129,0x2108,0x2108,0x2108,0x2107,0x20e7,0x20e7,
    0x00a5,0x08e6,0x00a5,0x0084,0x0064,0x0063,0x0063,0x00a5,0x00e7,0x0128,0x09aa,0x09aa,0x098a,0x124d,0x0a8f,0x09aa,
    0x0084,0x0084,0x0063,0x0063,0x0042,0x0063,0x00a5,0x00a4,0x0063,0x0084,0x00e6,0x0927,0x0968,0x0968,0x09a9,0x232f,
    0x4517,0x4d37,0x44d6,0x44b5,0x3391,0x3bf3,0x2b50,0x1a2c,0x1189,0x11ca,0x1a6d,0x1a6c,0x1a0a,0x1189,0x1188,0x21ea,
    0x3b4f,0x5454,0x43f3,0x3b71,0x43b2,0x43f3,0x43d2,0x43d2,0x64b3,0x5c11,0x3b6f,0x53f1,0x3b50,0x330f,0x228d,0x1a0a,
    0x1a0a,0x2aee,0x2a8d,0x1168,0x19a9,0x00a4,0x0043,0x00a4,0x0927,0x0906,0x19eb,0x11ca,0x0948,0x0928,0x0948,0x11cb,
    0x120c,0x11aa,0x0989,0x228d,0x11eb,0x0929,0x0929,0x0949,0x0928,0x0928,0x0908,0x0908,0x0928,0x0949,0x0949,0x0907,
    0x00e7,0x00a5,0x0084,0x0084,0x0064,0x0064,0x0084,0x0022,0x0022,0x0042,0x0043,0x0042,0x0042,0x0042,0x0063,0x0043,
    0x0043,0x0063,0x0043,0x0042,0x0042,0x0042,0x0022,0x0043,0x0043,0x0022,0x0042,0x0063,0x0063,0x0043,0x0043,0x0043,
    0x0022,0x0863,0x0042,0x0022,0x0022,0x0022,0x0022,0x0022,0x0043,0x0022,0x0042,0x0022,0x0022,0x0043,0x0043,0x0043,
    0x0043,0x0043,0x0043,0x0043,0x0043,0x0043,0x0043,0x0043,0x0063,0x0043,0x0043,0x0043,0x0043,0x0043,0x0043,0x0043,
    0x0043,0x0043,0x0043,0x0043,0x0063,0x0043,0x0042,0x0043,0x0042,0x0022,0x0022,0x0022,0x0021,0x0022,0x0022,0x0022,
    0x0021,0x0022,0x0021,0x0021,0x0021,0x0021,0x0021,0x0021,0x0022,0x0021,0x0022,0x0021,0x0021,0x0022,0x0022,0x0021,
    0x0021,0x0021,0x0022,0x0021,0x0022,0x0022,0x0021,0x0022,0x0022,0x0022,0x0022,0x0022,0x0022,0x0022,0x0022,0x0022,
    0x0022,0x0022,0x0022,0x0022,0x0022,0x0022,0x0022,0x0022,0x0021,0x0022,0x0042,0x0022,0x0022,0x0022,0x0021,0x0021,
    0x0022,0x0022,0x0021,0x0022,0x0022,0x0021,0x0022,0x0022,0x0022,0x0022,0x0022,0x0042,0x0042,0x0043,0x0022,0x0021,
    0x0021,0x0021,0x0001,0x0021,0x0022,0x0021,0x0021,0x0021,0x0021,0x0021,0x0021,0x0022,0x0022,0x0021,0x0001,0x0022,
    0x0022,0x0022,0x0022,0x0022,0x0022,0x0022,0x0022,0x0042,0x0022,0x0022,0x0022,0x0022,0x0022,0x0042,0x0042,0x0022,
    0x0022,0x0022,0x0022,0x0022,0x0022,0x0022,0x0022,0x0022,0x0022,0x0022,0x0022,0x0022,0x0022,0x0022,0x0042,0x0042,
    0x0042,0x0043,0x0063,0x0064,0x0043,0x0043,0x0043,0x0042,0x0022,0x0022,0x0022,0x0043,0x0043,0x0043,0x0022,0x0022,
    0x0022,0x0021,0x0021,0x0022,0x0042,0x0043,0x0042,0x0001,0x0021,0x0022,0x0022,0x0022,0x0022,0x0042,0x0863,0x0063,
    0x0042,0x0043,0x0084,0x0084,0x0885,0x0084,0x0085,0x08a6,0x08e8,0x08e7,0x08c7,0x094a,0x11ad,0x19cd,0x116b,0x0908,
    0x0929,0x116b,0x116b,0x118b,0x11cd,0x11ed,0x11cc,0x11ed,0x22d1,0x2b12,0x19cb,0x1149,0x08c5,0x08e6,0x1149,0x19ac,
    0x3292,0x2a92,0x2230,0x19ce,0x19ef,0x118c,0x198c,0x19ce,0x3231,0x3231,0x2a11,0x3231,0x4a73,0x5273,0x298c,0x214a,
    0x296b,0x318d,0x212a,0x10c6,0x1908,0x2109,0x2129,0x2929,0x2929,0x294a,0x2108,0x2129,0x2108,0x2107,0x2108,0x18e7,
    0x00e6,0x0927,0x00e6,0x0084,0x0083,0x0084,0x0063,0x00a5,0x00e7,0x0108,0x0148,0x00c6,0x00a5,0x0127,0x09eb,0x0969,
    0x00e6,0x00c5,0x0084,0x0063,0x0042,0x0042,0x0042,0x0042,0x0063,0x00e6,0x00c6,0x0989,0x0a2b,0x09aa,0x1aae,0x3495,
    0x3495,0x44b6,0x3c13,0x6d37,0x3b91,0x2b71,0x22cf,0x1a4d,0x11eb,0x11a9,0x1a4c,0x11ea,0x1188,0x0947,0x0926,0x1a0a,
    0x19ea,0x4390,0x4c34,0x3bb2,0x2b10,0x3371,0x43d3,0x4c13,0x4c12,0x5c52,0x5c52,0x228d,0x32ee,0x2aee,0x228c,0x19ea,
    0x19ea,0x226c,0x330f,0x19aa,0x1968,0x0906,0x0084,0x0084,0x1147,0x1189,0x1a4c,0x120c,0x11aa,0x11cb,0x1189,0x0948,
    0x11cb,0x11ec,0x0969,0x1a2c,0x11eb,0x0949,0x0949,0x0107,0x0928,0x0928,0x08e7,0x0908,0x0929,0x0929,0x0949,0x0928,
    0x0907,0x00c6,0x00a5,0x00a5,0x08c6,0x00a5,0x0064,0x0043,0x0022,0x0043,0x0042,0x0042,0x0042,0x0022,0x0043,0x0042,
    0x0042,0x0043,0x0042,0x0042,0x0042,0x0022,0x0042,0x0863,0x0023,0x0043,0x0022,0x0022,0x0043,0x0022,0x0022,0x0022,
    0x0022,0x0864,0x0022,0x0022,0x0022,0x0022,0x0043,0x0863,0x0022,0x0043,0x0022,0x0022,0x0022,0x0022,0x0042,0x0022,
    0x0043,0x0043,0x0043,0x0043,0x0043,0x0043,0x0043,0x0043,0x0043,0x0043,0x0043,0x0043,0x0043,0x0043,0x0063,0x0063,
    0x0043,0x0063,0x0064,0x0063,0x0063,0x0043,0x0042,0x0022,0x0043,0x0022,0x0021,0x0022,0x0022,0x0021,0x0021,0x0022,
    0x0022,0x0022,0x0021,0x0022,0x0022,0x0022,0x0022,0x0022,0x0022,0x0022,0x0022,0x0022,0x0022,0x0021,0x0022,0x0022,
    0x0022,0x0022,0x0021,0x0022,0x0022,0x0022,0x0022,0x0022,0x0022,0x0022,0x0022,0x0022,0x0022,0x0022,0x0022,0x0022,
    0x0022,0x0022,0x0022,0x0022,0x0022,0x0022,0x0022,0x0021,0x0022,0x0022,0x0021,0x0022,0x0022,0x0022,0x0022,0x0021,
    0x0022,0x0022,0x0021,0x0022,0x0021,0x0022,0x0021,0x0022,0x0022,0x0022,0x0022,0x0022,0x0042,0x0022,0x0022,0x0042,
    0x0022,0x0021,0x0021,0x0022,0x0022,0x0001,0x0021,0x0021,0x0021,0x0021,0x0022,0x0022,0x0021,0x0021,0x0001,0x0022,
    0x0022,0x0021,0x0022,0x0022,0x0022,0x0022,0x0022,0x0022,0x0022,0x0022,0x0022,0x0022,0x0022,0x0042,0x0042,0x0042,
    0x0042,0x0022,0x0022,0x0022,0x0022,0x0022,0x0022,0x0022,0x0022,0x0021,0x0022,0x0022,0x0021,0x0022,0x0022,0x0022,
    0x0042,0x0043,0x0884,0x0863,0x0063,0x0063,0x0043,0x0043,0x0042,0x0022,0x0043,0x0043,0x0063,0x0063,0x0022,0x0022,
    0x0022,0x0021,0x0021,0x0022,0x0843,0x0043,0x0022,0x0021,0x0022,0x0042,0x0022,0x0022,0x0021,0x0021,0x0043,0x0063,
    0x0043,0x0063,0x08c6,0x08c6,0x0884,0x0064,0x0085,0x08c7,0x08e8,0x08c7,0x08c6,0x114b,0x19cd,0x118c,0x096b,0x0949,
    0x094a,0x118c,0x11ee,0x11cd,0x1a4f,0x1a0e,0x222c,0x226d,0x226d,0x1189,0x1169,0x08e6,0x0083,0x0084,0x0084,0x08e7,
    0x19ce,0x19ce,0x19ee,0x116b,0x19ee,0x118c,0x118c,0x21ce,0x2a10,0x21af,0x29f0,0x3211,0x52b5,0x4a94,0x39f0,0x39ce,
    0x214a,0x294b,0x316b,0x18e7,0x18e7,0x1908,0x2129,0x314a,0x2949,0x2129,0x2108,0x2129,0x2128,0x2108,0x20e8,0x18e7,
    0x0927,0x0928,0x00e6,0x00a4,0x0084,0x0084,0x08a5,0x0907,0x00c6,0x00e6,0x0084,0x0063,0x0063,0x00c5,0x0084,0x0063,
    0x0063,0x0083,0x0063,0x0063,0x0063,0x0042,0x0042,0x0001,0x0084,0x0127,0x0989,0x130f,0x1b0f,0x128e,0x1b92,0x23f3,
    0x3414,0x3c95,0x3392,0x5495,0x3b72,0x3392,0x1a4d,0x1a4d,0x11eb,0x0968,0x11ea,0x0989,0x0947,0x0927,0x0926,0x1a0a,
    0x224b,0x3bb2,0x43b3,0x43b2,0x3b92,0x2acf,0x2aef,0x4413,0x43d2,0x43d2,0x64d4,0x3b70,0x434f,0x32cd,0x2aee,0x228c,
    0x1a0a,0x228c,0x330f,0x226c,0x1147,0x1127,0x0084,0x0063,0x1147,0x1168,0x120b,0x1a4d,0x11aa,0x1189,0x1189,0x0907,
    0x0948,0x11aa,0x11aa,0x0928,0x118a,0x1148,0x0908,0x0908,0x0908,0x00e7,0x00c6,0x00e7,0x0929,0x0929,0x0929,0x0928,
    0x08e6,0x00e6,0x00e7,0x08e7,0x00a6,0x0085,0x0084,0x0063,0x0042,0x0043,0x0042,0x0022,0x0022,0x0043,0x0042,0x0022,
    0x0043,0x0063,0x0042,0x0043,0x0043,0x0043,0x0043,0x0043,0x0043,0x0042,0x0022,0x0022,0x0022,0x0042,0x0022,0x0043,
    0x0022,0x0022,0x0022,0x0022,0x0022,0x0022,0x0022,0x0043,0x0042,0x0043,0x0022,0x0022,0x0022,0x0042,0x0043,0x0043,
    0x0063,0x0043,0x0042,0x0042,0x0043,0x0043,0x0043,0x0043,0x0022,0x0043,0x0043,0x0043,0x0043,0x0043,0x0043,0x0063,
    0x0043,0x0084,0x0884,0x0085,0x0084,0x0064,0x0042,0x0022,0x0022,0x0022,0x0021,0x0022,0x0022,0x0022,0x0021,0x0042,
    0x10a4,0x0001,0x0022,0x0022,0x0022,0x0022,0x0022,0x0022,0x0022,0x0022,0x0022,0x0022,0x0022,0x0022,0x0022,0x0021,
    0x0022,0x0022,0x0021,0x0862,0x0022,0x0021,0x0022,0x0022,0x0022,0x0022,0x0022,0x0022,0x0022,0x0022,0x0022,0x0022,
    0x0022,0x0022,0x0022,0x0022,0x0022,0x0021,0x0021,0x0021,0x0021,0x0022,0x0001,0x10e6,0x2168,0x0021,0x0042,0x0021,
    0x0021,0x0022,0x0021,0x0021,0x0021,0x0022,0x0022,0x0022,0x0022,0x0022,0x0042,0x0022,0x0042,0x0022,0x0021,0x0863,
    0x0042,0x0001,0x0021,0x0021,0x0021,0x0001,0x0021,0x0021,0x0841,0x18a2,0x0841,0x0021,0x0021,0x0021,0x0021,0x0021,
    0x0022,0x0022,0x0022,0x0021,0x0022,0x0022,0x0022,0x0022,0x0022,0x0022,0x0022,0x0022,0x0022,0x0022,0x0022,0x0022,
    0x0022,0x0022,0x0022,0x0022,0x0022,0x0022,0x0022,0x0022,0x0022,0x0022,0x0022,0x0022,0x0022,0x0022,0x0042,0x0042,
    0x0042,0x0022,0x31ea,0x2127,0x0043,0x0043,0x0022,0x0043,0x0863,0x0042,0x0043,0x0022,0x0043,0x0883,0x0021,0x0021,
    0x0021,0x0001,0x0021,0x0022,0x0022,0x0022,0x0021,0x0021,0x0043,0x0043,0x0843,0x0022,0x0022,0x0043,0x0043,0x0043,
    0x0043,0x08c6,0x1108,0x08c6,0x08a5,0x0884,0x0885,0x10e8,0x1108,0x08e8,0x1108,0x29ef,0x19ce,0x11ce,0x11ac,0x096a,
    0x19ed,0x1a2f,0x122f,0x120e,0x1a2e,0x118a,0x1147,0x222c,0x11aa,0x08e6,0x08c5,0x0042,0x0063,0x00a5,0x0084,0x114a,
    0x118c,0x116c,0x114a,0x0908,0x114a,0x1129,0x0929,0x21ad,0x3211,0x29f0,0x21ae,0x3a12,0x5a95,0x3a52,0x3210,0x39ad,
    0x2109,0x294a,0x292a,0x18e7,0x10c6,0x18e7,0x18e8,0x316b,0x2949,0x2108,0x2129,0x2929,0x2108,0x2107,0x2108,0x20e7,
    0x00e6,0x08e6,0x00c6,0x0084,0x0084,0x0084,0x0907,0x0927,0x00a5,0x0043,0x0043,0x0084,0x0063,0x0083,0x00a5,0x0928,
    0x0947,0x0084,0x0084,0x08c5,0x0084,0x0043,0x0063,0x0063,0x0989,0x0107,0x1aad,0x2c54,0x09eb,0x124c,0x1b10,0x1b30,
    0x2b92,0x33d3,0x2af0,0x3331,0x3351,0x22cf,0x11eb,0x11eb,0x11ea,0x1168,0x0948,0x1189,0x1189,0x0906,0x0926,0x19e9,
    0x3acc,0x5c94,0x3bb3,0x3b72,0x3bb2,0x43d2,0x3371,0x3350,0x3b71,0x64b4,0x64b4,0x226c,0x2a6c,0x1a0a,0x226c,0x228d,
    0x1a4b,0x22ad,0x43b0,0x32ac,0x1168,0x1127,0x00a4,0x0084,0x0906,0x08e6,0x1168,0x120c,0x11eb,0x11ca,0x118a,0x0969,
    0x0928,0x0928,0x118a,0x118a,0x118a,0x1189,0x0908,0x0908,0x0908,0x00e7,0x00c6,0x00c6,0x0929,0x0929,0x0929,0x0907,
    0x00c6,0x0928,0x0928,0x08e7,0x0084,0x0063,0x0064,0x0064,0x0042,0x0022,0x0064,0x0043,0x0042,0x0043,0x0043,0x0042,
    0x0042,0x0043,0x0043,0x0043,0x0043,0x0043,0x0063,0x0064,0x0064,0x0063,0x0043,0x0042,0x0043,0x0043,0x0043,0x0042,
    0x0022,0x0022,0x0022,0x0022,0x0022,0x0022,0x0022,0x0022,0x0022,0x0022,0x0042,0x0022,0x0022,0x0042,0x0043,0x0042,
    0x0043,0x0043,0x0043,0x0022,0x0042,0x0043,0x0043,0x0043,0x0043,0x0022,0x0043,0x0043,0x0043,0x0043,0x0063,0x0043,
    0x0063,0x0084,0x0064,0x0084,0x0084,0x0064,0x0043,0x0021,0x0022,0x0022,0x0022,0x0022,0x0022,0x0022,0x0022,0x0021,
    0x0001,0x0021,0x0021,0x0022,0x0042,0x0022,0x0022,0x0022,0x0022,0x0022,0x0022,0x0022,0x0022,0x0022,0x0022,0x0021,
    0x0021,0x0021,0x0021,0x0001,0x0022,0x0021,0x0021,0x0022,0x0042,0x0022,0x0022,0x0022,0x0022,0x0022,0x0022,0x0022,
    0x0022,0x0022,0x0022,0x0022,0x0022,0x0022,0x0021,0x0021,0x0022,0x0022,0x0021,0x0063,0x0884,0x0022,0x0022,0x0021,
    0x0021,0x0022,0x0021,0x0022,0x0021,0x0022,0x0022,0x0022,0x0022,0x0022,0x0022,0x0042,0x0022,0x0022,0x0022,0x0022,
    0x0021,0x0021,0x0021,0x0001,0x0001,0x0021,0x0021,0x0021,0x0841,0x3945,0x0841,0x0021,0x0021,0x0021,0x0021,0x0021,
    0x0021,0x0021,0x0021,0x0001,0x0022,0x0022,0x0022,0x0022,0x0042,0x0022,0x0022,0x0022,0x0022,0x0022,0x0022,0x0022,
    0x0022,0x0022,0x0022,0x0022,0x0022,0x0022,0x0022,0x0021,0x0021,0x0021,0x0022,0x0022,0x0042,0x0042,0x0022,0x0042,
    0x0063,0x0042,0x0043,0x0864,0x0063,0x0042,0x10a4,0x0022,0x0022,0x0022,0x0043,0x0042,0x0043,0x0863,0x0022,0x0021,
    0x0001,0x0001,0x0021,0x0022,0x0042,0x0021,0x0001,0x0042,0x0043,0x0021,0x0042,0x0043,0x0042,0x0063,0x0043,0x0022,
    0x0043,0x08c7,0x08e7,0x08a6,0x0884,0x0884,0x08a6,0x08e7,0x08e8,0x08e8,0x194b,0x198e,0x094b,0x116b,0x11cd,0x19ee,
    0x2271,0x2291,0x1a91,0x22b0,0x19ca,0x00a5,0x0928,0x19eb,0x0927,0x08c5,0x0063,0x0083,0x0043,0x08c6,0x116a,0x118c,
    0x118b,0x116b,0x092a,0x0908,0x112a,0x0929,0x0929,0x21ad,0x3a32,0x29f0,0x21ef,0x4212,0x4212,0x3232,0x3a32,0x294b,
    0x18e7,0x2108,0x292a,0x1908,0x10c6,0x10c6,0x18e8,0x2929,0x2129,0x2108,0x2108,0x20e8,0x2108,0x18e7,0x18c7,0x20e7,
    0x00e6,0x00c6,0x3189,0x1106,0x0084,0x00c5,0x00c6,0x00a5,0x0084,0x0084,0x00c5,0x0084,0x0969,0x0a0c,0x126e,0x120c,
    0x0948,0x0927,0x0127,0x00e6,0x0084,0x0043,0x0043,0x0063,0x00a4,0x0988,0x12ae,0x0aae,0x09eb,0x124d,0x1aef,0x1acf,
    0x2351,0x33f4,0x226d,0x228e,0x2acf,0x228d,0x22cd,0x1a0b,0x120b,0x0988,0x0927,0x11a9,0x11a9,0x0947,0x0927,0x226b,
    0x53d1,0x74d4,0x43d3,0x43d3,0x3b72,0x3b92,0x3331,0x22ae,0x2b0f,0x43b1,0x5cb4,0x3350,0x19ea,0x19ea,0x1168,0x11ca,
    0x11ea,0x228c,0x2acd,0x19ea,0x1167,0x1988,0x08e5,0x0084,0x00a5,0x08e6,0x0927,0x11aa,0x11eb,0x11cb,0x19eb,0x11aa,
    0x1148,0x0927,0x0907,0x118a,0x11cb,0x0989,0x0928,0x08e7,0x00e7,0x00e7,0x0085,0x0084,0x00a6,0x00e7,0x0108,0x00e7,
    0x00e7,0x0929,0x0908,0x00c6,0x00c6,0x0085,0x0064,0x0064,0x0043,0x0043,0x0064,0x0063,0x0042,0x0043,0x0043,0x0042,
    0x0022,0x0022,0x0022,0x0884,0x10a5,0x0043,0x0063,0x0043,0x0084,0x0064,0x0085,0x0043,0x0043,0x0043,0x0043,0x0042,
    0x0022,0x0022,0x0022,0x0022,0x0022,0x0022,0x0022,0x0021,0x0022,0x0022,0x0863,0x0043,0x0022,0x0022,0x0022,0x0022,
    0x0042,0x0043,0x0043,0x0022,0x0022,0x0042,0x0042,0x0023,0x0022,0x0022,0x0043,0x0043,0x0043,0x0043,0x0043,0x0043,
    0x0064,0x0084,0x0064,0x0084,0x0043,0x0043,0x0043,0x0022,0x0022,0x0042,0x0042,0x0022,0x0022,0x0022,0x0022,0x0022,
    0x0022,0x0042,0x0001,0x0022,0x0042,0x0022,0x0022,0x0022,0x0022,0x0022,0x0022,0x0022,0x0022,0x0021,0x0021,0x0021,
    0x0022,0x0021,0x0021,0x0021,0x0021,0x0022,0x0022,0x0022,0x0022,0x0022,0x0022,0x0022,0x0022,0x0022,0x0022,0x0022,
    0x0021,0x0021,0x0022,0x0022,0x0022,0x0022,0x0022,0x0021,0x0021,0x0022,0x0022,0x0022,0x0022,0x0022,0x0021,0x0021,
    0x0022,0x0022,0x0021,0x0022,0x0022,0x0022,0x0022,0x0021,0x0021,0x0021,0x0022,0x0022,0x0022,0x0022,0x0022,0x0042,
    0x0022,0x0021,0x0021,0x0001,0x0001,0x0021,0x0021,0x0021,0x0021,0x0021,0x0021,0x0021,0x0021,0x0021,0x0021,0x0021,
    0x0021,0x0021,0x0022,0x0022,0x0022,0x0022,0x0022,0x0022,0x0022,0x0042,0x0022,0x0022,0x0022,0x0022,0x0022,0x0022,
    0x0042,0x0022,0x0022,0x0022,0x0022,0x0022,0x0022,0x0022,0x0021,0x0022,0x0022,0x0022,0x0022,0x0042,0x0042,0x0022,
    0x10c5,0x0042,0x0042,0x0043,0x0063,0x0043,0x0042,0x0022,0x0001,0x0863,0x0884,0x0063,0x0043,0x0022,0x0042,0x0022,
    0x0001,0x0021,0x0021,0x0022,0x0021,0x0001,0x0021,0x0001,0x0022,0x0042,0x0043,0x0043,0x0063,0x0063,0x0043,0x0043,
    0x0064,0x08c7,0x10e8,0x08e8,0x08c7,0x08a6,0x08c7,0x08c7,0x08e7,0x114b,0x116c,0x092a,0x08e8,0x0929,0x094b,0x19ee,
    0x11ce,0x19ee,0x1a4f,0x1a0c,0x08c5,0x00a4,0x1148,0x1127,0x0084,0x00a5,0x0063,0x0063,0x0042,0x08c6,0x1a2e,0x1a0e,
    0x11ac,0x11ac,0x11ac,0x114a,0x116b,0x0908,0x114a,0x19ad,0x218e,0x21ae,0x29ce,0x3a11,0x31f0,0x29f0,0x39f1,0x39ae,
    0x1908,0x2109,0x292a,0x18e8,0x10c6,0x10c7,0x20e8,0x2108,0x1908,0x18e7,0x18c6,0x18c6,0x2108,0x18c6,0x10a5,0x18e7,
    0x0949,0x0107,0x1947,0x0927,0x00c5,0x00c5,0x0107,0x00a4,0x00a5,0x0084,0x0107,0x09aa,0x0a0b,0x09eb,0x09aa,0x00e6,
    0x00e6,0x0126,0x0127,0x00c5,0x00e5,0x00c5,0x0084,0x0084,0x0927,0x00e5,0x120c,0x12af,0x122d,0x126e,0x22cf,0x1af0,
    0x2311,0x2b51,0x330f,0x2ace,0x2ace,0x2ace,0x2b2d,0x1a6b,0x11a9,0x0906,0x0906,0x1188,0x0947,0x00c5,0x0948,0x3b70,
    0x2a8d,0x2a6b,0x222b,0x43d4,0x3352,0x43d2,0x4413,0x3350,0x228d,0x11eb,0x3b90,0x43f2,0x2aef,0x2ace,0x1a0b,0x11ca,
    0x0927,0x1a2b,0x1a0a,0x222a,0x19a9,0x19c9,0x08e5,0x08a4,0x0063,0x00a4,0x08c5,0x08e6,0x11a9,0x11eb,0x19eb,0x11aa,
    0x1169,0x0927,0x0907,0x1168,0x120c,0x09ec,0x0128,0x0907,0x08e7,0x08e7,0x00a6,0x00a5,0x0085,0x0064,0x00a6,0x08e7,
    0x0908,0x0928,0x08e7,0x08c6,0x00a6,0x00c6,0x00a5,0x0063,0x0043,0x0043,0x0064,0x0043,0x0043,0x0043,0x0043,0x0042,
    0x0022,0x0022,0x0063,0x0085,0x0064,0x0085,0x0085,0x0085,0x0064,0x0085,0x0085,0x0063,0x0884,0x0022,0x0022,0x0022,
    0x0022,0x0022,0x0022,0x0022,0x0021,0x0021,0x0021,0x0021,0x0021,0x0022,0x0022,0x0022,0x0022,0x0022,0x0022,0x0022,
    0x0022,0x0022,0x0043,0x0042,0x0022,0x0022,0x0022,0x0022,0x0022,0x0022,0x0042,0x0043,0x0043,0x0043,0x0043,0x0043,
    0x0043,0x0043,0x0064,0x0884,0x10e6,0x0043,0x0043,0x0043,0x0042,0x0042,0x0042,0x0042,0x0022,0x0022,0x0022,0x0022,
    0x0022,0x0021,0x0022,0x0022,0x0022,0x0022,0x0022,0x0022,0x0022,0x0021,0x0021,0x0021,0x0021,0x0022,0x0022,0x0021,
    0x0021,0x0021,0x0001,0x0021,0x0021,0x0021,0x0022,0x0022,0x0022,0x0022,0x0022,0x0021,0x0022,0x0022,0x0022,0x0021,
    0x0021,0x0022,0x0022,0x0022,0x0022,0x0022,0x0022,0x0022,0x0021,0x0022,0x0022,0x0022,0x0022,0x0022,0x0021,0x0021,
    0x0021,0x0021,0x0021,0x0022,0x0021,0x0021,0x0021,0x0021,0x0021,0x0021,0x0021,0x0021,0x0021,0x0021,0x0021,0x0022,
    0x0022,0x0021,0x0021,0x0001,0x0021,0x0021,0x0021,0x0021,0x0021,0x0021,0x0021,0x0022,0x0022,0x0021,0x0021,0x0001,
    0x0001,0x0021,0x0022,0x0022,0x0022,0x0021,0x0022,0x0022,0x0022,0x0022,0x0022,0x0022,0x0022,0x0022,0x0022,0x0022,
    0x0021,0x0022,0x0022,0x0022,0x0022,0x0022,0x0022,0x0022,0x0022,0x0022,0x0022,0x0042,0x0022,0x0042,0x0022,0x0022,
    0x0022,0x0022,0x0022,0x0042,0x0022,0x0022,0x0022,0x0022,0x0021,0x0063,0x0064,0x0043,0x0022,0x0022,0x0042,0x0022,
    0x0021,0x0021,0x0021,0x0021,0x0021,0x0022,0x0001,0x0001,0x0043,0x0064,0x0063,0x0043,0x0064,0x0064,0x0063,0x0064,
    0x08a6,0x10e8,0x1109,0x1109,0x08e8,0x10e8,0x08e8,0x08e8,0x0909,0x0909,0x00e7,0x08e7,0x08e7,0x0929,0x116b,0x118c,
    0x11ac,0x19ab,0x11ab,0x11ab,0x00a4,0x00a5,0x0907,0x0084,0x08a4,0x08a5,0x0063,0x08a4,0x0884,0x00a5,0x0949,0x19cc,
    0x116a,0x116a,0x1149,0x116b,0x1129,0x08c7,0x094a,0x118d,0x196c,0x29cf,0x21ce,0x21ae,0x21ce,0x3211,0x31f0,0x39ad,
    0x1908,0x2129,0x294a,0x1908,0x18e7,0x10c6,0x18c7,0x10a6,0x10c7,0x18e7,0x10c6,0x18c6,0x18e7,0x18c7,0x10a6,0x10c6,
    0x11cb,0x0969,0x0927,0x0948,0x0106,0x00e6,0x00a4,0x0063,0x00a5,0x00c6,0x0107,0x0169,0x09aa,0x0989,0x00e6,0x00c5,
    0x00e5,0x00c5,0x0927,0x0107,0x0127,0x0968,0x00e6,0x00a4,0x0106,0x0969,0x1aaf,0x122c,0x11eb,0x120c,0x1a2c,0x1a8e,
    0x1acf,0x1a8e,0x228d,0x19eb,0x1a2c,0x1a8c,0x2aec,0x11ea,0x0947,0x0906,0x0906,0x1188,0x326b,0x00c4,0x11c9,0x226c,
    0x11c9,0x19ea,0x1168,0x32ef,0x43f3,0x4c33,0x4c95,0x3391,0x1a8e,0x1a2c,0x228d,0x2b30,0x2b0f,0x1a2b,0x11ca,0x1189,
    0x0927,0x1a2b,0x19c9,0x222b,0x222b,0x1a0a,0x0906,0x0884,0x0063,0x00a5,0x08c5,0x0084,0x0927,0x1189,0x0969,0x11aa,
    0x1169,0x0928,0x0907,0x0907,0x11cc,0x11cb,0x0107,0x0928,0x0969,0x0928,0x0908,0x0949,0x00c6,0x0085,0x00e7,0x0108,
    0x0908,0x08c7,0x08c6,0x08c6,0x00a5,0x00c6,0x00a6,0x0063,0x0063,0x0063,0x0063,0x0043,0x0043,0x0043,0x0042,0x0063,
    0x0043,0x0043,0x0064,0x0085,0x00a6,0x08c6,0x00a6,0x00a6,0x0084,0x0064,0x0085,0x0064,0x0064,0x0043,0x0022,0x0022,
    0x0042,0x0022,0x0022,0x0022,0x0022,0x0022,0x0021,0x0021,0x0021,0x0001,0x0022,0x0022,0x0022,0x0022,0x0021,0x0022,
    0x0022,0x0021,0x0022,0x0043,0x0022,0x0022,0x0022,0x0022,0x0022,0x0042,0x0042,0x0043,0x0043,0x0043,0x0043,0x0043,
    0x0043,0x0084,0x0064,0x0884,0x1927,0x0064,0x0043,0x0042,0x0043,0x0022,0x0022,0x0022,0x0042,0x0022,0x0022,0x0022,
    0x0022,0x0022,0x0022,0x0022,0x0022,0x0022,0x0022,0x0022,0x0022,0x0022,0x0022,0x0021,0x0021,0x0022,0x0022,0x0021,
    0x0001,0x0001,0x0021,0x0021,0x0022,0x0022,0x0021,0x0022,0x0022,0x0022,0x0021,0x0021,0x0021,0x0021,0x0022,0x0021,
    0x0021,0x0022,0x0022,0x0022,0x0022,0x0022,0x0022,0x0021,0x0021,0x0021,0x0022,0x0021,0x0021,0x0021,0x0021,0x0022,
    0x0021,0x0021,0x0021,0x0021,0x0021,0x0021,0x0021,0x0001,0x0021,0x0021,0x0021,0x0001,0x0021,0x0021,0x0021,0x0022,
    0x0022,0x0021,0x0021,0x0021,0x0021,0x0021,0x0021,0x0021,0x0021,0x0021,0x0021,0x0021,0x0021,0x0001,0x0021,0x0021,
    0x0001,0x0001,0x0022,0x0021,0x0021,0x0022,0x0022,0x0022,0x0022,0x0022,0x0022,0x0042,0x0042,0x0022,0x0022,0x0022,
    0x0022,0x0022,0x0022,0x0022,0x0022,0x0021,0x0021,0x0022,0x0022,0x0022,0x0022,0x0001,0x0022,0x0021,0x0042,0x0863,
    0x0042,0x0022,0x0022,0x0042,0x0022,0x0022,0x0022,0x0022,0x0022,0x0043,0x0042,0x0022,0x0022,0x0022,0x0063,0x0022,
    0x0001,0x0001,0x0001,0x0021,0x0022,0x0001,0x0021,0x0043,0x0064,0x0884,0x0063,0x0043,0x0043,0x0043,0x0064,0x08a5,
    0x10e8,0x10e8,0x08c7,0x08a6,0x08c7,0x10e9,0x1109,0x114a,0x08e7,0x08c7,0x00c6,0x00c6,0x08e7,0x118b,0x19cd,0x118c,
    0x116a,0x1169,0x11ab,0x0949,0x00a5,0x0906,0x0906,0x0063,0x08c5,0x08c5,0x0084,0x0063,0x0043,0x08c6,0x0928,0x0907,
    0x08e6,0x08c6,0x0907,0x116a,0x0929,0x0929,0x096b,0x118c,0x196b,0x29ef,0x19ae,0x198d,0x21ce,0x29ef,0x4210,0x316c,
    0x2129,0x2129,0x2929,0x2129,0x18e7,0x10a5,0x10c6,0x0885,0x10c6,0x18e7,0x0884,0x0884,0x18e7,0x18e7,0x10a5,0x10a5,
    0x19c9,0x1989,0x1168,0x0948,0x08e6,0x00e6,0x00c5,0x00a5,0x00a5,0x00a5,0x0107,0x00e6,0x00e6,0x00a5,0x00a4,0x00c5,
    0x00e6,0x0989,0x0968,0x0968,0x0127,0x0106,0x0947,0x0107,0x0169,0x0169,0x09aa,0x09eb,0x122c,0x11ca,0x1a4c,0x1a4d,
    0x1a2c,0x1a2c,0x1a6d,0x11ca,0x1a2b,0x2b0e,0x1a4b,0x0968,0x0948,0x0947,0x1168,0x11a9,0x19c8,0x0084,0x1167,0x226c,
    0x0926,0x1167,0x0948,0x2a2b,0x64d5,0x54b5,0x4c74,0x33b2,0x2b51,0x1a6e,0x1a4d,0x2b30,0x3350,0x1a2b,0x11a9,0x08c5,
    0x0926,0x224b,0x1a0b,0x11a9,0x1188,0x11a8,0x0926,0x08c5,0x0083,0x08c5,0x08c5,0x0084,0x00c5,0x0906,0x0927,0x0948,
    0x098a,0x096a,0x0928,0x0907,0x118a,0x0969,0x098a,0x0949,0x0949,0x0908,0x0949,0x11ab,0x00c6,0x0085,0x00a5,0x10e6,
    0x10e6,0x0084,0x0085,0x00a5,0x00a5,0x00a5,0x0084,0x0043,0x0063,0x0064,0x0043,0x0043,0x0022,0x0043,0x0884,0x0064,
    0x0043,0x0043,0x0063,0x0084,0x00a5,0x08c6,0x08c6,0x08c6,0x0084,0x0064,0x0043,0x0064,0x0084,0x0063,0x0042,0x0043,
    0x0043,0x0022,0x0022,0x0022,0x0022,0x0022,0x0022,0x0022,0x0021,0x0021,0x0022,0x0022,0x0022,0x0021,0x0021,0x0022,
    0x0022,0x0022,0x0022,0x0022,0x0042,0x0042,0x0043,0x0022,0x0022,0x0042,0x0043,0x0043,0x0043,0x0043,0x0043,0x0043,
    0x0043,0x0043,0x0043,0x0064,0x0064,0x0064,0x0043,0x0043,0x0043,0x0022,0x0022,0x0022,0x0022,0x0022,0x0022,0x0042,
    0x0042,0x0022,0x0022,0x0022,0x0022,0x0022,0x0021,0x0022,0x0022,0x0022,0x0022,0x0022,0x0022,0x0021,0x0021,0x0021,
    0x0022,0x0021,0x0021,0x0001,0x0022,0x0022,0x0022,0x0021,0x0022,0x0021,0x0021,0x0021,0x0022,0x0021,0x0022,0x0021,
    0x0021,0x0022,0x0022,0x0022,0x0022,0x0022,0x0022,0x0022,0x0022,0x0022,0x0021,0x0022,0x0022,0x0021,0x0042,0x0022,
    0x0021,0x0001,0x0001,0x0021,0x0021,0x0001,0x0021,0x0021,0x0001,0x0001,0x0001,0x0001,0x0022,0x0022,0x0021,0x0021,
    0x0021,0x0022,0x0021,0x0021,0x0001,0x0021,0x0021,0x0021,0x0022,0x0021,0x0021,0x0021,0x0021,0x0021,0x0022,0x0022,
    0x0021,0x0021,0x0021,0x0022,0x0022,0x0022,0x0022,0x0042,0x0022,0x0042,0x0042,0x0022,0x0042,0x0022,0x0022,0x0022,
    0x0022,0x0022,0x0022,0x0022,0x0022,0x0022,0x0022,0x0022,0x0022,0x0022,0x0042,0x1083,0x0022,0x0022,0x0042,0x0042,
    0x0022,0x0022,0x0042,0x0022,0x0021,0x0021,0x0022,0x0022,0x0022,0x0042,0x0022,0x0021,0x0021,0x0042,0x0043,0x0042,
    0x0021,0x0001,0x0021,0x0001,0x0001,0x0001,0x0022,0x0043,0x0043,0x0043,0x0064,0x0043,0x0043,0x0063,0x0064,0x08c6,
    0x1108,0x08c7,0x08a6,0x08c7,0x08c8,0x08c7,0x10e8,0x08e7,0x00a6,0x00c6,0x08c7,0x08e8,0x0929,0x116a,0x198b,0x11ab,
    0x098a,0x1189,0x098a,0x096a,0x00e6,0x00a5,0x00c5,0x0083,0x0063,0x0063,0x0043,0x0043,0x0043,0x0063,0x0907,0x08e6,
    0x08c6,0x0084,0x08c6,0x118b,0x096b,0x0929,0x094a,0x116b,0x198c,0x21cf,0x19ae,0x21af,0x21ad,0x31cf,0x39ce,0x292a,
    0x318c,0x18e7,0x18e7,0x2929,0x2108,0x10c6,0x10c6,0x10a5,0x10a5,0x10c6,0x0884,0x10a5,0x18e8,0x18e7,0x10c6,0x10a5,
    0x1127,0x1947,0x1969,0x0948,0x0107,0x00e6,0x00c5,0x00e6,0x0084,0x0063,0x0063,0x00a4,0x00a5,0x00a5,0x0127,0x0948,
    0x0948,0x0169,0x0989,0x0989,0x0989,0x00e6,0x0083,0x0084,0x0148,0x00e6,0x0989,0x0a0c,0x09cb,0x098a,0x228d,0x228d,
    0x11ca,0x11ca,0x11ca,0x11ea,0x22ad,0x226b,0x0106,0x0906,0x0948,0x0948,0x11a9,0x1188,0x00e5,0x00c5,0x0906,0x1168,
    0x0926,0x1167,0x1188,0x222b,0x85d6,0x7d97,0x5cd5,0x3bd3,0x3371,0x2acf,0x1a2c,0x11aa,0x2b0e,0x2b0e,0x1a4c,0x1189,
    0x0906,0x11a9,0x19ea,0x11a9,0x0906,0x08c5,0x0906,0x08e5,0x0083,0x08e6,0x0906,0x00a5,0x00a4,0x0927,0x08e6,0x0907,
    0x0928,0x0949,0x09ab,0x0907,0x0906,0x0948,0x0949,0x11ec,0x096a,0x0969,0x0928,0x0928,0x08e7,0x00a5,0x0084,0x08a5,
    0x08a4,0x0063,0x0043,0x0064,0x08c6,0x00a5,0x0085,0x0084,0x0084,0x0064,0x0043,0x0043,0x0063,0x0063,0x0085,0x08a6,
    0x0084,0x0064,0x0064,0x0064,0x00a5,0x1107,0x08c6,0x08a6,0x00a5,0x0064,0x0043,0x0063,0x0064,0x0043,0x0043,0x0043,
    0x0043,0x0043,0x0043,0x0042,0x0042,0x0022,0x0022,0x0022,0x0022,0x0022,0x0022,0x0022,0x0022,0x0022,0x0022,0x0022,
    0x0022,0x0021,0x0022,0x0043,0x0043,0x0043,0x0042,0x0043,0x0042,0x0042,0x0042,0x0862,0x0043,0x0043,0x0863,0x0043,
    0x0043,0x0042,0x0022,0x0063,0x0084,0x0063,0x0043,0x0043,0x0042,0x0043,0x0042,0x0022,0x0022,0x0042,0x0043,0x0022,
    0x0022,0x0042,0x0022,0x0022,0x0022,0x0021,0x0021,0x0022,0x0863,0x0021,0x0022,0x0021,0x0022,0x0022,0x0022,0x0022,
    0x0021,0x0021,0x0021,0x0021,0x0021,0x0021,0x0021,0x0021,0x0022,0x0021,0x0021,0x0022,0x0022,0x0021,0x0022,0x0022,
    0x0021,0x0021,0x0022,0x0022,0x0021,0x0022,0x0022,0x0021,0x0022,0x0022,0x0022,0x0022,0x0021,0x0001,0x0021,0x0021,
    0x0001,0x0022,0x0883,0x0022,0x0022,0x0021,0x0021,0x0021,0x0001,0x0021,0x0001,0x0021,0x0021,0x0021,0x0021,0x0021,
    0x0021,0x0021,0x0021,0x0001,0x0021,0x0021,0x0021,0x0021,0x0021,0x0021,0x0021,0x0021,0x0021,0x0021,0x0021,0x0021,
    0x0022,0x0022,0x0022,0x0022,0x0022,0x0022,0x0022,0x0042,0x0042,0x0042,0x0842,0x0042,0x0022,0x0022,0x0842,0x0042,
    0x0022,0x0022,0x0042,0x0022,0x0022,0x0022,0x0021,0x0022,0x0021,0x0001,0x0862,0x18c4,0x0021,0x0042,0x0042,0x0022,
    0x0022,0x0022,0x0022,0x0022,0x0021,0x0021,0x0022,0x0022,0x0042,0x0043,0x0022,0x0022,0x0022,0x0042,0x0042,0x0042,
    0x0042,0x0022,0x0022,0x0021,0x0001,0x0001,0x0042,0x0043,0x0022,0x10c5,0x0885,0x0044,0x0043,0x0043,0x0043,0x0043,
    0x0885,0x08c7,0x08c7,0x08a7,0x08e9,0x08e8,0x08e7,0x08c6,0x00a5,0x00a6,0x00c6,0x0909,0x094a,0x116a,0x116a,0x118a,
    0x0948,0x0927,0x0948,0x0928,0x00a5,0x00c5,0x00e6,0x0084,0x0042,0x0022,0x0022,0x0042,0x0063,0x0063,0x0907,0x0908,
    0x00a5,0x0085,0x08a5,0x11cd,0x118c,0x0929,0x0929,0x116b,0x198d,0x29ef,0x198d,0x29b0,0x296c,0x31ae,0x318d,0x212a,
    0x2109,0x10c6,0x18e7,0x2109,0x20e8,0x18e7,0x18c6,0x10c6,0x10c6,0x10a5,0x0864,0x0885,0x10a6,0x10c6,0x18c6,0x10c6,
    0x0969,0x0928,0x1169,0x0949,0x0108,0x0107,0x0107,0x0107,0x00c5,0x0022,0x0862,0x0042,0x00a4,0x0084,0x0948,0x0989,
    0x11aa,0x3b31,0x09eb,0x0927,0x00c5,0x00c5,0x0883,0x00a4,0x0927,0x0907,0x098a,0x09ec,0x09aa,0x0989,0x11ca,0x11ca,
    0x0948,0x0947,0x11a9,0x228c,0x22ee,0x11c9,0x08e6,0x0927,0x1188,0x0906,0x08e5,0x08e6,0x08e5,0x00c5,0x0927,0x11a9,
    0x0947,0x19ea,0x1188,0x1168,0x5493,0x6d57,0x54b5,0x4455,0x33b3,0x2b10,0x1a2c,0x1168,0x1a0a,0x22ad,0x228d,0x11c9,
    0x0906,0x00c5,0x1148,0x19ea,0x1168,0x0906,0x1148,0x08e6,0x0063,0x0084,0x1147,0x08e5,0x0063,0x1147,0x0927,0x0928,
    0x0907,0x0928,0x0907,0x0907,0x118a,0x1a2d,0x0928,0x11ec,0x09ab,0x096a,0x0928,0x0928,0x0907,0x08c5,0x10e6,0x08a5,
    0x08c6,0x0084,0x0063,0x0042,0x0084,0x00a6,0x00a5,0x00a6,0x00a5,0x0064,0x0043,0x0064,0x0084,0x0085,0x00a5,0x00a5,
    0x00a5,0x00a5,0x0084,0x00a5,0x08c6,0x08c6,0x08a6,0x08a5,0x0085,0x0064,0x0064,0x0084,0x0063,0x0043,0x0063,0x0043,
    0x0042,0x0043,0x0043,0x0043,0x0022,0x0022,0x0022,0x0022,0x0022,0x0022,0x0022,0x0022,0x0022,0x0022,0x0042,0x0022,
    0x0022,0x0022,0x0022,0x0042,0x0042,0x0042,0x0022,0x0022,0x0022,0x0043,0x0042,0x3965,0x1083,0x0043,0x0863,0x0043,
    0x0043,0x0022,0x0022,0x0043,0x0043,0x0043,0x0043,0x0043,0x0043,0x0043,0x0043,0x0022,0x0022,0x0063,0x0063,0x0022,
    0x0042,0x0022,0x0022,0x0022,0x0022,0x0022,0x0022,0x0022,0x0022,0x0022,0x0022,0x0021,0x0021,0x0022,0x10c4,0x0022,
    0x0021,0x0021,0x0021,0x0021,0x0001,0x0021,0x0021,0x0021,0x0022,0x0022,0x0022,0x0021,0x0022,0x0022,0x0022,0x0021,
    0x0021,0x0022,0x0021,0x0021,0x0021,0x0022,0x0022,0x0022,0x0022,0x0022,0x0022,0x0021,0x0021,0x0001,0x0021,0x0021,
    0x0001,0x0042,0x10c5,0x0021,0x0022,0x0021,0x0021,0x0022,0x0021,0x0021,0x0021,0x0021,0x0021,0x0021,0x0021,0x0001,
    0x0021,0x0021,0x0001,0x0001,0x0021,0x0021,0x0022,0x0021,0x0021,0x0021,0x0021,0x0022,0x0021,0x0021,0x0021,0x0021,
    0x0022,0x0042,0x0042,0x0042,0x0042,0x0022,0x0022,0x0042,0x0022,0x20e4,0x20c4,0x0022,0x0022,0x0042,0x0022,0x0022,
    0x0022,0x0022,0x0042,0x0022,0x0022,0x0022,0x0022,0x0022,0x0022,0x0022,0x0021,0x0021,0x0022,0x0022,0x0022,0x0022,
    0x0022,0x0022,0x0022,0x0022,0x0021,0x0022,0x0021,0x0022,0x0022,0x0022,0x0022,0x0022,0x0022,0x0042,0x0022,0x0042,
    0x0022,0x0001,0x0022,0x0021,0x0021,0x0021,0x0022,0x0022,0x0042,0x08a5,0x0064,0x0023,0x0043,0x0064,0x0043,0x0042,
    0x0063,0x08a5,0x08a6,0x08a6,0x08e8,0x08e7,0x08c6,0x00a5,0x00a5,0x00a5,0x00a5,0x0908,0x096a,0x11ab,0x096a,0x1169,
    0x0907,0x08c6,0x08e6,0x00a4,0x00a5,0x00c5,0x00e6,0x00c6,0x0042,0x0042,0x0022,0x0022,0x0043,0x0063,0x08c6,0x08e7,
    0x0085,0x0885,0x08c7,0x19ee,0x19cd,0x0929,0x118c,0x118c,0x198d,0x21ae,0x31d1,0x39af,0x1908,0x318d,0x318e,0x18c7,
    0x10a6,0x10a5,0x18e8,0x292a,0x18e8,0x1908,0x10c6,0x10c6,0x18e7,0x1085,0x0864,0x0063,0x0884,0x10a6,0x18c6,0x10a6,
    0x098a,0x1189,0x11aa,0x098a,0x0148,0x0928,0x0969,0x0948,0x00c5,0x0063,0x0042,0x0022,0x0884,0x00e6,0x098a,0x120c,
    0x120c,0x4392,0x1a6e,0x09aa,0x0968,0x08c5,0x0042,0x0107,0x09aa,0x09ca,0x09aa,0x0989,0x09aa,0x0989,0x11ca,0x11a9,
    0x0907,0x0906,0x11a9,0x228c,0x228c,0x11c9,0x00e5,0x0947,0x0927,0x00a4,0x00c5,0x08e6,0x00a5,0x08c5,0x0927,0x0947,
    0x1167,0x1188,0x0947,0x2ace,0x3c14,0x3bb2,0x4413,0x4434,0x3bd2,0x2b30,0x1a4d,0x11ca,0x11ea,0x1a2b,0x224b,0x0947,
    0x0906,0x08e5,0x0927,0x19ca,0x11ca,0x0906,0x0926,0x08e6,0x0063,0x0042,0x08c5,0x08e5,0x0084,0x08e6,0x1148,0x0948,
    0x0907,0x0907,0x0907,0x00e6,0x0907,0x0969,0x00e6,0x0084,0x00c6,0x0969,0x11aa,0x1169,0x0928,0x08e6,0x08a5,0x08e6,
    0x08e7,0x08e6,0x0084,0x0063,0x0064,0x00a5,0x00a5,0x00a6,0x00a5,0x00a5,0x00a5,0x0085,0x0084,0x00a5,0x00c6,0x08e7,
    0x08c7,0x0085,0x0084,0x08c6,0x08c6,0x10e7,0x10c6,0x0085,0x0064,0x0063,0x0064,0x0084,0x0063,0x0064,0x0043,0x0063,
    0x0043,0x0063,0x0043,0x0043,0x0043,0x0022,0x0022,0x0022,0x0022,0x0022,0x0043,0x0043,0x0022,0x0022,0x0022,0x0022,
    0x0022,0x0022,0x0022,0x0042,0x0043,0x0043,0x0043,0x0042,0x0042,0x0042,0x0043,0x0863,0x0842,0x0042,0x0842,0x0043,
    0x0042,0x0042,0x0042,0x0063,0x0043,0x0864,0x0043,0x0042,0x0043,0x0042,0x0022,0x0022,0x0043,0x0022,0x0043,0x0022,
    0x0042,0x0022,0x0022,0x0022,0x0022,0x0022,0x0022,0x0022,0x0022,0x0022,0x0021,0x0021,0x0021,0x0021,0x0001,0x0022,
    0x0022,0x0022,0x0021,0x0021,0x0021,0x0001,0x0021,0x0022,0x0022,0x0022,0x0022,0x0022,0x0022,0x0022,0x0021,0x0021,
    0x0021,0x0021,0x0022,0x0021,0x0021,0x0021,0x0001,0x0042,0x0042,0x0001,0x0021,0x0021,0x0021,0x0021,0x0021,0x0021,
    0x0021,0x0021,0x0001,0x0021,0x0021,0x0021,0x0021,0x0021,0x0022,0x0021,0x0021,0x0022,0x0021,0x0021,0x0021,0x0021,
    0x0001,0x0021,0x0021,0x0021,0x0001,0x0021,0x0021,0x0021,0x0021,0x0021,0x0021,0x0001,0x0021,0x0021,0x0021,0x0001,
    0x0042,0x0843,0x0022,0x0043,0x0043,0x0863,0x0883,0x0042,0x0042,0x0842,0x0842,0x0042,0x0022,0x0022,0x0042,0x0042,
    0x0042,0x0042,0x0022,0x0022,0x0022,0x0022,0x0022,0x0022,0x0842,0x0042,0x0021,0x0022,0x0042,0x0042,0x0022,0x0022,
    0x0022,0x0022,0x0022,0x0022,0x0021,0x0021,0x0021,0x0022,0x0022,0x0042,0x0042,0x0042,0x0022,0x0022,0x0022,0x0043,
    0x0022,0x0022,0x0021,0x0021,0x0021,0x0001,0x0022,0x0022,0x0043,0x0064,0x0864,0x0043,0x0022,0x0042,0x0043,0x0063,
    0x0063,0x0084,0x08c6,0x1129,0x08c6,0x0084,0x0084,0x0084,0x0085,0x00a5,0x08c6,0x0949,0x118a,0x0928,0x08c6,0x08e6,
    0x08e6,0x0927,0x0907,0x00a5,0x0127,0x00c5,0x0107,0x00a4,0x0043,0x00a4,0x0022,0x0043,0x0063,0x0063,0x08a5,0x0885,
    0x0084,0x0884,0x112a,0x1a30,0x220f,0x116b,0x11ad,0x11ad,0x19ad,0x21ae,0x41f0,0x1908,0x10e7,0x212a,0x292a,0x10c7,
    0x10a6,0x10a6,0x18e8,0x2109,0x20e8,0x18e7,0x10c7,0x10e7,0x18e7,0x10a5,0x0864,0x0063,0x0063,0x10a5,0x10c6,0x10a5,
    0x09cb,0x11eb,0x0989,0x1148,0x1169,0x0128,0x0107,0x0928,0x00c6,0x00e6,0x00c5,0x00c5,0x0927,0x0148,0x0128,0x0969,
    0x120d,0x124e,0x0a0c,0x09cb,0x09cb,0x0927,0x00e6,0x09a9,0x09aa,0x11ca,0x11ca,0x0907,0x1188,0x19ea,0x11c9,0x32ab,
    0x0947,0x0906,0x0926,0x19e9,0x1188,0x08e5,0x08e5,0x08e6,0x00e6,0x00c6,0x00e6,0x00c6,0x0084,0x00c4,0x08e6,0x0906,
    0x1168,0x11a9,0x1147,0x22ae,0x3bf4,0x2b10,0x3bb3,0x3bd2,0x2b10,0x22cf,0x22cf,0x11eb,0x11ca,0x1a0b,0x226c,0x1a0b,
    0x0906,0x08e6,0x1147,0x1147,0x1168,0x0926,0x08e5,0x08a5,0x0084,0x0084,0x0084,0x00a5,0x0906,0x08e6,0x08c5,0x0906,
    0x0948,0x0906,0x0927,0x0928,0x08e7,0x00a5,0x0084,0x0063,0x0063,0x08e7,0x118a,0x1169,0x1968,0x1168,0x08e7,0x0907,
    0x08e7,0x08c6,0x08a5,0x08a4,0x0063,0x00a5,0x00a6,0x00a5,0x0085,0x0085,0x00a5,0x08c6,0x00c6,0x00a5,0x00a6,0x08c6,
    0x08c6,0x00a5,0x00a6,0x08c6,0x08c6,0x08c6,0x08a5,0x0084,0x0085,0x00a5,0x08a5,0x0064,0x0064,0x0064,0x0084,0x0064,
    0x0064,0x0084,0x0064,0x0064,0x0043,0x0022,0x0022,0x0022,0x0042,0x0043,0x0043,0x0043,0x0022,0x0022,0x0022,0x0043,
    0x0022,0x0022,0x0042,0x0022,0x0042,0x0042,0x0042,0x0042,0x0042,0x0043,0x0043,0x0042,0x0042,0x0042,0x0043,0x0043,
    0x0043,0x0043,0x0064,0x0043,0x0022,0x0884,0x0043,0x0022,0x0042,0x0022,0x0063,0x0063,0x0022,0x0043,0x0043,0x0022,
    0x0022,0x0022,0x0022,0x0042,0x0022,0x0022,0x0022,0x0022,0x0022,0x0022,0x0021,0x0021,0x0021,0x0001,0x0022,0x0021,
    0x0021,0x0022,0x0021,0x0021,0x0021,0x0001,0x0021,0x0022,0x0022,0x0022,0x0022,0x0021,0x0021,0x0021,0x0022,0x0022,
    0x0022,0x0022,0x0021,0x0021,0x0021,0x0022,0x0021,0x0021,0x0022,0x0021,0x0021,0x0021,0x0021,0x0021,0x0021,0x0021,
    0x0021,0x0021,0x0021,0x0001,0x0022,0x0022,0x0021,0x0022,0x0021,0x0021,0x0001,0x0021,0x0022,0x0022,0x0021,0x0021,
    0x0021,0x0021,0x0022,0x0021,0x0021,0x0021,0x0021,0x0001,0x0021,0x0021,0x0021,0x0021,0x0001,0x0001,0x0001,0x0021,
    0x0022,0x0022,0x0022,0x0042,0x0043,0x0063,0x10a4,0x0043,0x0043,0x0043,0x0043,0x0022,0x0022,0x0042,0x0042,0x0042,
    0x0022,0x0022,0x0042,0x0042,0x0042,0x0022,0x0022,0x0022,0x0022,0x0022,0x0022,0x0022,0x0042,0x0022,0x0022,0x0022,
    0x0022,0x0022,0x0021,0x0021,0x0021,0x0021,0x0021,0x0021,0x0022,0x0043,0x0043,0x0042,0x0022,0x0021,0x0022,0x0063,
    0x0042,0x0042,0x0021,0x0022,0x0021,0x0001,0x0022,0x0042,0x0042,0x0043,0x0043,0x0063,0x0042,0x0043,0x0884,0x0064,
    0x0043,0x0063,0x00a6,0x00c6,0x00a5,0x00a4,0x0084,0x00a5,0x0084,0x0085,0x08c6,0x0928,0x0948,0x0907,0x0927,0x0927,
    0x0968,0x0968,0x00e6,0x0948,0x0968,0x00a4,0x00a5,0x0042,0x0022,0x0043,0x0042,0x0063,0x0084,0x0063,0x0064,0x0085,
    0x0084,0x08a5,0x118c,0x1a10,0x19ce,0x118c,0x198d,0x31f0,0x198d,0x21ae,0x318c,0x10e7,0x10c7,0x18e7,0x18e8,0x10a5,
    0x08a6,0x18e7,0x2109,0x292a,0x2129,0x18e7,0x10c6,0x10c6,0x0885,0x0864,0x0063,0x0864,0x0063,0x0885,0x10c6,0x10c6,
    0x00c5,0x0084,0x0022,0x0863,0x2968,0x2989,0x19a9,0x00e6,0x0927,0x0927,0x0927,0x0148,0x0107,0x00c5,0x0127,0x09cb,
    0x120c,0x124d,0x124d,0x09eb,0x0989,0x0148,0x11eb,0x1a4d,0x09aa,0x0948,0x0948,0x0927,0x11a9,0x11ea,0x2a6b,0x2a4a,
    0x0927,0x00c5,0x0927,0x19c9,0x08e5,0x08c5,0x08e5,0x00a5,0x00a4,0x00a5,0x00c5,0x00a5,0x0084,0x0084,0x08e6,0x0926,
    0x1188,0x1188,0x1167,0x2b0f,0x33b3,0x2b10,0x2b51,0x2b72,0x2b31,0x2b10,0x22cf,0x11ca,0x11eb,0x120b,0x1a4c,0x228d,
    0x0907,0x08e6,0x00a4,0x1147,0x1188,0x1126,0x08e6,0x08a5,0x0084,0x00a4,0x0084,0x00c5,0x1168,0x0947,0x0947,0x0927,
    0x0906,0x0907,0x08c5,0x00e6,0x0907,0x00e6,0x00a5,0x0084,0x0084,0x0084,0x0928,0x0928,0x1968,0x1148,0x1128,0x0907,
    0x08e7,0x08c6,0x10c5,0x0063,0x0064,0x00c6,0x08e7,0x00a5,0x00a5,0x00a5,0x00a5,0x08c6,0x08c6,0x00a6,0x08c6,0x00c6,
    0x00a6,0x08c6,0x08c6,0x00a6,0x0085,0x00a5,0x00a5,0x0084,0x0085,0x08a5,0x08c6,0x0084,0x0064,0x0064,0x0064,0x0085,
    0x0084,0x0064,0x0064,0x0064,0x0063,0x0043,0x0043,0x0043,0x0043,0x0022,0x0022,0x0042,0x0022,0x0022,0x0022,0x0043,
    0x0022,0x0022,0x0042,0x0022,0x0042,0x0042,0x0022,0x0022,0x0042,0x0042,0x0042,0x0043,0x0043,0x0043,0x0043,0x0043,
    0x0043,0x0043,0x0064,0x0063,0x0063,0x0022,0x0022,0x0022,0x0022,0x0022,0x0884,0x0884,0x0022,0x0042,0x0043,0x0042,
    0x0022,0x0022,0x0022,0x0022,0x0042,0x0022,0x0022,0x0022,0x0021,0x0021,0x0021,0x0022,0x0022,0x0042,0x0022,0x0021,
    0x0022,0x0022,0x0021,0x0021,0x0022,0x0022,0x0022,0x0022,0x0021,0x0021,0x0021,0x0022,0x0022,0x0022,0x0022,0x0022,
    0x0022,0x0022,0x0022,0x0021,0x0022,0x0842,0x0021,0x0021,0x0021,0x0022,0x0021,0x0021,0x0022,0x0021,0x0021,0x0021,
    0x0021,0x0021,0x0021,0x0021,0x0021,0x0022,0x0021,0x0021,0x0021,0x0001,0x0042,0x0022,0x0022,0x0022,0x0021,0x0022,
    0x0022,0x0021,0x0021,0x0021,0x0021,0x0021,0x0021,0x0021,0x0021,0x0021,0x0021,0x0021,0x0001,0x0001,0x0001,0x0021,
    0x0022,0x0043,0x0022,0x0022,0x0043,0x0043,0x0043,0x0043,0x0043,0x0043,0x0043,0x0042,0x0022,0x0022,0x0022,0x0042,
    0x0022,0x0043,0x0043,0x0043,0x0042,0x0042,0x0043,0x0042,0x0022,0x0022,0x0042,0x0022,0x0022,0x0022,0x0022,0x0022,
    0x0021,0x0021,0x0021,0x0021,0x0021,0x0022,0x0001,0x0022,0x0022,0x0043,0x0043,0x0043,0x0022,0x0022,0x0043,0x0043,
    0x0042,0x0042,0x0022,0x0001,0x0021,0x0021,0x0022,0x0022,0x0043,0x0063,0x0042,0x0022,0x0042,0x0043,0x0064,0x0064,
    0x0063,0x0085,0x1128,0x00a4,0x0084,0x0084,0x0084,0x00a5,0x00a5,0x00a4,0x08e6,0x0927,0x0927,0x08e6,0x00e6,0x0989,
    0x0927,0x00c5,0x00c6,0x0968,0x00e6,0x0084,0x00a4,0x0042,0x0022,0x0022,0x0042,0x0043,0x08a4,0x0084,0x00a5,0x00a5,
    0x08c6,0x00a5,0x114b,0x11ae,0x092a,0x0929,0x194c,0x29af,0x118c,0x21af,0x318d,0x18e7,0x10c7,0x18e8,0x08a5,0x0885,
    0x10a6,0x18e7,0x2109,0x18e8,0x18e7,0x18e7,0x10c6,0x10c6,0x1085,0x0864,0x0063,0x0884,0x0864,0x10a5,0x10c6,0x10c6,
    0x0021,0x0042,0x0042,0x0001,0x0021,0x18a3,0x39c9,0x0907,0x0127,0x0128,0x0107,0x098a,0x0949,0x00a5,0x11ec,0x1a4e,
    0x09ec,0x3b31,0x2acf,0x09eb,0x122c,0x120c,0x11eb,0x1a6e,0x11cb,0x0968,0x0968,0x0988,0x224b,0x2a6b,0x19e9,0x0947,
    0x08c5,0x0084,0x0906,0x0947,0x0927,0x00e5,0x0084,0x0084,0x0084,0x0084,0x0084,0x0063,0x0084,0x00a4,0x0906,0x1188,
    0x222b,0x226d,0x22ae,0x2b30,0x43d2,0x2af0,0x22cf,0x2b10,0x22cf,0x22cf,0x2b10,0x11eb,0x1a4c,0x1a4c,0x19ea,0x19aa,
    0x0906,0x0906,0x0084,0x08e5,0x19ea,0x1127,0x08c4,0x0083,0x0042,0x00c5,0x00a5,0x08e6,0x0927,0x0906,0x0948,0x0968,
    0x08e6,0x00c6,0x00c5,0x0084,0x00c5,0x00c6,0x00c5,0x0084,0x0043,0x00a5,0x0948,0x0949,0x0907,0x08c5,0x08e6,0x08e6,
    0x08c6,0x1107,0x08c5,0x0084,0x0063,0x0085,0x00a5,0x00a6,0x00a6,0x00c6,0x00c6,0x00a5,0x0084,0x00a5,0x00a6,0x00a6,
    0x00c6,0x08c6,0x00a5,0x08a6,0x00a5,0x08a5,0x08a5,0x08a5,0x0085,0x0085,0x00a5,0x0085,0x0084,0x0064,0x0064,0x0064,
    0x0085,0x0085,0x0085,0x0064,0x0043,0x0043,0x0043,0x0043,0x0043,0x0043,0x0043,0x0043,0x0043,0x0043,0x0042,0x0043,
    0x0043,0x0043,0x0043,0x0042,0x0042,0x0042,0x0042,0x0022,0x0042,0x0043,0x0043,0x0043,0x0043,0x0043,0x0043,0x0043,
    0x0043,0x0043,0x0043,0x0043,0x0063,0x0043,0x0042,0x0042,0x0022,0x0022,0x0022,0x0022,0x0042,0x0022,0x0022,0x0042,
    0x0022,0x0022,0x0022,0x0022,0x0022,0x0022,0x0022,0x0022,0x0021,0x0022,0x0022,0x0022,0x0001,0x18e5,0x0042,0x0021,
    0x0022,0x0021,0x0022,0x0022,0x0022,0x0022,0x0022,0x0022,0x0021,0x0021,0x0021,0x0021,0x0022,0x0022,0x0022,0x0022,
    0x0022,0x0021,0x0021,0x0021,0x0022,0x0022,0x0022,0x0022,0x0022,0x0022,0x0021,0x0021,0x0001,0x0021,0x0021,0x0022,
    0x0022,0x0021,0x0021,0x0022,0x0021,0x0021,0x0022,0x0021,0x0021,0x0021,0x0022,0x0022,0x0021,0x0022,0x0001,0x0021,
    0x0022,0x0022,0x0021,0x0021,0x0021,0x0021,0x0021,0x0021,0x0021,0x0001,0x0021,0x0021,0x0021,0x0022,0x0022,0x0022,
    0x0022,0x0042,0x0022,0x0022,0x0043,0x0043,0x0043,0x0043,0x0043,0x0043,0x0043,0x0042,0x0042,0x0042,0x0042,0x0022,
    0x0022,0x0022,0x0042,0x0043,0x0042,0x0042,0x0042,0x0022,0x0022,0x0042,0x0042,0x0022,0x0022,0x0042,0x0022,0x0021,
    0x0021,0x0021,0x0021,0x0021,0x0021,0x0021,0x0021,0x0022,0x0022,0x0043,0x0043,0x0063,0x0043,0x0043,0x0043,0x0022,
    0x0022,0x0022,0x0022,0x0001,0x0001,0x0001,0x0021,0x0021,0x0043,0x0043,0x0063,0x0022,0x0043,0x0084,0x0085,0x0064,
    0x0063,0x00a5,0x1107,0x0084,0x0084,0x0084,0x0063,0x0084,0x00a5,0x08e6,0x0927,0x1148,0x00c5,0x00a4,0x00c5,0x0907,
    0x08e6,0x00c5,0x08e6,0x0907,0x00a4,0x0063,0x0063,0x0042,0x0042,0x0042,0x0022,0x0884,0x00a5,0x00a5,0x08e7,0x08e7,
    0x08e7,0x08a6,0x0929,0x092a,0x08e7,0x08e7,0x196d,0x198d,0x096c,0x11cf,0x29ce,0x2949,0x1907,0x10e7,0x10a6,0x0885,
    0x0884,0x10a6,0x10c6,0x10c6,0x10e6,0x2109,0x294a,0x10a6,0x0043,0x0864,0x0864,0x0885,0x10c6,0x18e7,0x10c6,0x10a6,
    0x0022,0x0043,0x0042,0x0042,0x0863,0x10a4,0x1043,0x41ea,0x19ca,0x0107,0x0948,0x11ec,0x09ec,0x120d,0x124e,0x120d,
    0x1a2d,0x2aaf,0x122d,0x120d,0x122d,0x09aa,0x08e7,0x1168,0x11a9,0x1148,0x19a9,0x19ea,0x220a,0x2209,0x1188,0x0926,
    0x08c5,0x00c5,0x0906,0x11a9,0x00e6,0x0084,0x0063,0x0084,0x00a4,0x0042,0x0042,0x00a4,0x0906,0x08e5,0x1168,0x0127,
    0x330e,0x4c75,0x2331,0x22cf,0x3bd3,0x3351,0x1a6e,0x2acf,0x224d,0x224d,0x22ae,0x1a2c,0x1a4c,0x1a0b,0x11a9,0x1148,
    0x1189,0x0968,0x08c5,0x0063,0x0906,0x0906,0x0083,0x0063,0x0042,0x00a4,0x08c5,0x08c5,0x0968,0x0927,0x00c5,0x0928,
    0x0948,0x0907,0x0907,0x00a5,0x0063,0x0063,0x0063,0x0084,0x0043,0x0084,0x08c6,0x08e6,0x0927,0x08c6,0x0063,0x08a5,
    0x08c5,0x08c6,0x0085,0x0084,0x0043,0x0043,0x0063,0x0084,0x0085,0x00a5,0x0085,0x0064,0x0063,0x0064,0x00a5,0x0084,
    0x0085,0x00c6,0x08a6,0x08c6,0x08a5,0x08c6,0x08a5,0x08a5,0x00a5,0x0085,0x0084,0x0084,0x0084,0x0064,0x0043,0x0063,
    0x0064,0x00a5,0x0085,0x0084,0x0064,0x0043,0x0043,0x0043,0x0064,0x0063,0x0043,0x0043,0x0043,0x0043,0x0043,0x0042,
    0x0042,0x0043,0x0043,0x0042,0x0042,0x0043,0x0043,0x0043,0x0042,0x0043,0x0043,0x0043,0x0043,0x0043,0x0043,0x0043,
    0x0043,0x0042,0x0022,0x0022,0x0042,0x0042,0x0022,0x0042,0x0042,0x0022,0x0022,0x0042,0x0022,0x0022,0x0022,0x0022,
    0x0042,0x0022,0x0022,0x0022,0x0022,0x0021,0x0021,0x0022,0x0022,0x0022,0x0022,0x0022,0x0022,0x0022,0x0042,0x0022,
    0x0022,0x0022,0x0022,0x0022,0x0021,0x0021,0x0022,0x0021,0x0021,0x0021,0x0022,0x0022,0x0022,0x0022,0x0022,0x0022,
    0x0022,0x0842,0x0022,0x0021,0x0021,0x0021,0x0021,0x0021,0x0021,0x0022,0x0022,0x0021,0x0863,0x0022,0x0021,0x0022,
    0x0022,0x0022,0x0021,0x0022,0x0022,0x0021,0x0021,0x0021,0x0021,0x0021,0x0022,0x0001,0x10a3,0x0022,0x0001,0x0022,
    0x0001,0x0021,0x0022,0x0021,0x0001,0x0021,0x0021,0x0021,0x0021,0x0021,0x0021,0x0021,0x0022,0x0022,0x0022,0x0022,
    0x0022,0x0022,0x0022,0x0022,0x0043,0x0043,0x0043,0x0043,0x0043,0x0043,0x0043,0x0043,0x0043,0x0022,0x0043,0x0022,
    0x0022,0x0022,0x0043,0x0043,0x0042,0x0042,0x0022,0x0022,0x0022,0x0863,0x0042,0x0022,0x0021,0x0021,0x0022,0x0021,
    0x0021,0x0021,0x0021,0x0021,0x0021,0x0021,0x0022,0x0042,0x0022,0x0022,0x0043,0x0863,0x0842,0x0022,0x0022,0x0043,
    0x0042,0x0022,0x0022,0x0001,0x0001,0x0001,0x0021,0x0022,0x0043,0x0042,0x0043,0x0063,0x0085,0x00a5,0x00a5,0x0084,
    0x0084,0x0084,0x0084,0x0085,0x00a5,0x0084,0x0084,0x00e6,0x0907,0x00c6,0x08e6,0x00c5,0x0084,0x0084,0x0084,0x0084,
    0x0063,0x0043,0x08c5,0x08c5,0x08a4,0x0063,0x0042,0x0043,0x0043,0x0042,0x0063,0x08c6,0x00a5,0x0064,0x08c6,0x08e7,
    0x08a5,0x08a5,0x0909,0x0929,0x0909,0x0908,0x114b,0x094b,0x094b,0x11ce,0x19ce,0x39ef,0x316b,0x18e7,0x10c7,0x10a5,
    0x0885,0x0885,0x08a5,0x08a5,0x18e7,0x2109,0x2109,0x18c8,0x0884,0x0884,0x10a6,0x10a6,0x10c6,0x10c6,0x10a5,0x10a5,
    0x0022,0x0042,0x0042,0x0022,0x1084,0x41ea,0x2906,0x6b0e,0x2a0b,0x0149,0x11cc,0x09cb,0x11ec,0x11ec,0x11ec,0x124e,
    0x22d0,0x120d,0x09ab,0x11eb,0x0989,0x0948,0x0928,0x1148,0x1189,0x19a9,0x224b,0x226c,0x224b,0x2a2a,0x1188,0x19c9,
    0x1126,0x00a4,0x08e5,0x00e5,0x0063,0x0063,0x0084,0x00a4,0x0063,0x0063,0x0042,0x00c5,0x0927,0x0906,0x1189,0x00c5,
    0x19ea,0x33b2,0x2b30,0x22af,0x2af0,0x3372,0x1a4d,0x228e,0x1a4d,0x226d,0x22ce,0x19eb,0x19ea,0x1a4b,0x1a4c,0x0948,
    0x0947,0x0927,0x08c5,0x0063,0x0084,0x08e6,0x00a4,0x0084,0x0063,0x00a4,0x08c5,0x00c4,0x0948,0x0948,0x0084,0x00e6,
    0x0969,0x0928,0x0907,0x00c6,0x00c5,0x00a4,0x0084,0x0063,0x0042,0x0042,0x0063,0x0063,0x00a5,0x08c5,0x0063,0x0063,
    0x08a5,0x08a5,0x08c5,0x00a5,0x0063,0x0043,0x0064,0x0043,0x0043,0x0064,0x0063,0x0043,0x0063,0x0084,0x0064,0x0064,
    0x0063,0x0884,0x00a5,0x0085,0x08a5,0x08a5,0x08a5,0x08a5,0x0085,0x0085,0x0084,0x0064,0x0064,0x0064,0x0084,0x0084,
    0x0084,0x0085,0x0084,0x0084,0x0064,0x0064,0x0064,0x0064,0x0064,0x0063,0x0063,0x0043,0x0043,0x0043,0x0043,0x0042,
    0x0042,0x0043,0x0042,0x0042,0x0042,0x0043,0x0043,0x0043,0x0042,0x0042,0x0043,0x0043,0x0043,0x0043,0x0043,0x0043,
    0x0043,0x0042,0x0042,0x0042,0x0043,0x0022,0x0022,0x0022,0x0022,0x0022,0x0042,0x0042,0x0022,0x0022,0x0022,0x0022,
    0x0022,0x0042,0x0022,0x0022,0x0022,0x0022,0x0022,0x0021,0x0021,0x0022,0x0042,0x0042,0x0042,0x0042,0x0042,0x0042,
    0x0022,0x0022,0x0022,0x0021,0x0042,0x0042,0x0022,0x0022,0x0022,0x0022,0x0042,0x0022,0x0022,0x0021,0x0022,0x0022,
    0x0021,0x0863,0x0042,0x0001,0x0021,0x0021,0x0021,0x0022,0x0022,0x0022,0x0022,0x0022,0x0842,0x0022,0x0021,0x0021,
    0x0021,0x0021,0x0021,0x0021,0x0022,0x0022,0x0021,0x0022,0x0022,0x0021,0x0022,0x0022,0x0022,0x0021,0x0021,0x0042,
    0x0021,0x0021,0x0021,0x0001,0x0021,0x0021,0x0021,0x0021,0x0001,0x0021,0x0021,0x0022,0x0022,0x0022,0x0021,0x0021,
    0x0042,0x0042,0x0042,0x0022,0x0042,0x0043,0x0063,0x0043,0x0043,0x0043,0x0063,0x0063,0x0063,0x0043,0x0043,0x0042,
    0x0022,0x0022,0x0022,0x0042,0x0022,0x0042,0x0022,0x0022,0x0022,0x0022,0x0022,0x0022,0x0021,0x0001,0x0022,0x0022,
    0x0022,0x0022,0x0021,0x0021,0x0021,0x0022,0x0022,0x0022,0x0022,0x0021,0x0021,0x0022,0x0022,0x0022,0x0022,0x0043,
    0x0042,0x0042,0x0042,0x0021,0x0022,0x0022,0x0021,0x0022,0x0042,0x0042,0x0043,0x0084,0x0085,0x08c6,0x08a6,0x00a5,
    0x0085,0x0084,0x0084,0x00a5,0x00c6,0x00a5,0x00c5,0x0907,0x0907,0x00e6,0x00e6,0x0063,0x0042,0x0043,0x0042,0x0063,
    0x0063,0x00a4,0x08c5,0x0884,0x0042,0x0042,0x0042,0x0084,0x00a5,0x0043,0x0063,0x0084,0x0063,0x0064,0x08a6,0x08c7,
    0x00a5,0x08a5,0x08c7,0x0929,0x0909,0x0908,0x114b,0x114b,0x0909,0x19ce,0x19ce,0x3212,0x41d0,0x2109,0x2129,0x0885,
    0x0885,0x0885,0x0885,0x10c6,0x18e7,0x2929,0x18e8,0x18e8,0x10a6,0x0885,0x10a5,0x10c6,0x08a5,0x10a5,0x10a5,0x0885,
    0x08a4,0x0063,0x0063,0x0022,0x0000,0x3188,0x39c9,0x526b,0x29eb,0x0169,0x09ab,0x09ab,0x09cb,0x11cb,0x120c,0x124e,
    0x120d,0x098a,0x11ec,0x122d,0x09aa,0x118a,0x1169,0x21ea,0x2a4b,0x2a4b,0x1a0a,0x11a9,0x19ea,0x19a8,0x2209,0x1988,
    0x0084,0x00a5,0x00c5,0x00a4,0x0063,0x0042,0x0063,0x0063,0x0042,0x0063,0x0083,0x0906,0x00e5,0x0906,0x0968,0x00c5,
    0x11c9,0x2b30,0x22ae,0x1a0c,0x1a6d,0x228e,0x11eb,0x1a2d,0x1a4d,0x1a6e,0x1a0c,0x19eb,0x222b,0x334d,0x224b,0x0927,
    0x08e5,0x00a4,0x0063,0x0063,0x08a4,0x1168,0x0906,0x0084,0x0043,0x0084,0x00a4,0x00c5,0x00c5,0x08e6,0x0084,0x00a4,
    0x0968,0x0948,0x0907,0x08e7,0x00c6,0x00a5,0x0084,0x0063,0x0042,0x0042,0x0042,0x0022,0x0084,0x0064,0x0063,0x0084,
    0x00a5,0x00c5,0x0084,0x08c5,0x00a5,0x0063,0x0064,0x0063,0x0043,0x0043,0x0043,0x0043,0x0063,0x0064,0x0043,0x0063,
    0x0084,0x08a5,0x00a5,0x0085,0x0085,0x08a5,0x00a5,0x00a5,0x00a5,0x0085,0x0084,0x0085,0x0085,0x0085,0x0084,0x0084,
    0x0084,0x08a5,0x0084,0x08a5,0x0084,0x0084,0x0084,0x0064,0x0064,0x0043,0x0043,0x0043,0x0043,0x0043,0x0043,0x0022,
    0x0042,0x0043,0x0043,0x0042,0x0042,0x0043,0x0043,0x0043,0x0043,0x0043,0x0043,0x0063,0x0043,0x0063,0x0063,0x0043,
    0x0043,0x0022,0x0043,0x0043,0x0042,0x0042,0x0022,0x0022,0x0022,0x0022,0x0022,0x0042,0x0042,0x0022,0x0022,0x0022,
    0x0022,0x0022,0x0022,0x0022,0x0022,0x0022,0x0042,0x0022,0x0863,0x0022,0x0022,0x0042,0x0042,0x0042,0x0042,0x0042,
    0x0022,0x0022,0x0022,0x0042,0x0042,0x0042,0x0022,0x0043,0x0022,0x0021,0x0021,0x0022,0x0022,0x0022,0x0022,0x0022,
    0x0022,0x0001,0x0021,0x0022,0x0021,0x0022,0x0022,0x0021,0x0001,0x0021,0x0021,0x0022,0x0001,0x0021,0x0021,0x0022,
    0x0021,0x0022,0x0021,0x0022,0x0021,0x0021,0x0022,0x0021,0x0021,0x0021,0x0021,0x0022,0x0001,0x0021,0x0021,0x0021,
    0x0021,0x0021,0x0021,0x0021,0x0021,0x0021,0x0021,0x0021,0x0001,0x0021,0x0021,0x0021,0x0022,0x0042,0x0021,0x0021,
    0x0022,0x0022,0x0022,0x0042,0x0042,0x0863,0x0043,0x0043,0x0043,0x0843,0x0863,0x0043,0x0063,0x0063,0x0043,0x0042,
    0x0042,0x0042,0x0042,0x0042,0x0022,0x0042,0x0022,0x0022,0x0022,0x0042,0x0022,0x0021,0x0021,0x0021,0x0021,0x0021,
    0x0022,0x0022,0x0021,0x0021,0x0022,0x0022,0x0022,0x0022,0x0022,0x0022,0x0022,0x0042,0x0022,0x0021,0x0021,0x0021,
    0x0021,0x0022,0x0022,0x0021,0x0021,0x0022,0x0021,0x0021,0x0021,0x0021,0x0022,0x0084,0x08c6,0x08c6,0x08a5,0x00a5,
    0x00a5,0x08c6,0x08c6,0x00a5,0x0084,0x0084,0x00c5,0x00e6,0x08c6,0x08e6,0x00a5,0x0043,0x0063,0x0042,0x0042,0x0042,
    0x0063,0x0063,0x0043,0x0042,0x0042,0x0043,0x0084,0x00a5,0x0084,0x0042,0x0063,0x0063,0x0084,0x08e7,0x094a,0x0929,
    0x08c6,0x08e7,0x08e7,0x094a,0x08e8,0x08e7,0x0929,0x116b,0x118c,0x220f,0x21ef,0x3a32,0x4a11,0x212a,0x298b,0x0884,
    0x0884,0x0884,0x0885,0x10c6,0x2109,0x2129,0x18e7,0x18e8,0x18e8,0x08a5,0x0884,0x18c6,0x10a5,0x10a6,0x10a6,0x10a5,
    0x1169,0x0063,0x0884,0x0885,0x0842,0x0022,0x0042,0x20e4,0x322b,0x09cb,0x11eb,0x09ec,0x09ab,0x09ab,0x120c,0x00e6,
    0x18e5,0x1127,0x09ab,0x122e,0x09ab,0x11aa,0x19aa,0x19ca,0x1a0b,0x19ea,0x19ea,0x1188,0x0926,0x1127,0x19a9,0x0906,
    0x08c5,0x0927,0x00c5,0x0084,0x0063,0x0063,0x0063,0x0043,0x00a4,0x0906,0x08e6,0x0906,0x08e5,0x0906,0x00c5,0x00a4,
    0x11a9,0x1a4c,0x1a6d,0x1a2c,0x1a2c,0x1a2c,0x120c,0x11cb,0x120c,0x1a4d,0x11aa,0x19cb,0x22ad,0x22ad,0x0947,0x08e6,
    0x08c5,0x0063,0x0063,0x0083,0x0084,0x1148,0x08c5,0x0042,0x0042,0x0063,0x00a5,0x00e6,0x0084,0x00a4,0x00a4,0x0906,
    0x1189,0x1169,0x08e6,0x00e7,0x0928,0x08e6,0x00a5,0x0084,0x0063,0x0043,0x0042,0x0022,0x0064,0x0064,0x0084,0x08a5,
    0x00a5,0x00a4,0x0084,0x0084,0x00a5,0x0063,0x0043,0x0043,0x0063,0x0084,0x0043,0x0022,0x0042,0x0043,0x0043,0x0043,
    0x0043,0x0085,0x0084,0x0084,0x0084,0x00a5,0x0085,0x0084,0x0085,0x0084,0x0085,0x0085,0x00a5,0x0085,0x0085,0x0085,
    0x0085,0x0085,0x0084,0x0085,0x08a5,0x08a5,0x0064,0x0043,0x0043,0x0043,0x0063,0x0063,0x0043,0x0043,0x0043,0x0022,
    0x0043,0x0043,0x0043,0x0042,0x0043,0x0043,0x0043,0x0043,0x0043,0x0043,0x0063,0x0043,0x0043,0x0043,0x0043,0x0043,
    0x0043,0x0043,0x0043,0x0043,0x0042,0x0042,0x0022,0x0022,0x0022,0x0042,0x0022,0x0022,0x0022,0x0042,0x0042,0x0022,
    0x0022,0x0022,0x0022,0x0022,0x0022,0x0022,0x0043,0x0042,0x0863,0x0042,0x0042,0x0042,0x0042,0x0042,0x0022,0x0022,
    0x0022,0x0043,0x0042,0x0863,0x0022,0x0022,0x0042,0x0042,0x0022,0x0022,0x0022,0x0022,0x0022,0x0022,0x0022,0x0022,
    0x0022,0x0022,0x0022,0x0022,0x0021,0x0022,0x0022,0x0022,0x0021,0x0021,0x0021,0x0021,0x0021,0x0021,0x0021,0x0022,
    0x0022,0x0021,0x0021,0x0021,0x0021,0x0021,0x0022,0x0022,0x0021,0x0021,0x0001,0x0021,0x0021,0x0001,0x0021,0x0021,
    0x0001,0x0021,0x0021,0x0021,0x0021,0x0021,0x0001,0x0862,0x0862,0x0001,0x0021,0x0021,0x0021,0x0022,0x0022,0x0042,
    0x0022,0x1083,0x1083,0x0022,0x0042,0x0042,0x0043,0x0042,0x0042,0x0043,0x0043,0x0043,0x0863,0x0063,0x0043,0x0043,
    0x0043,0x0042,0x0042,0x0042,0x0022,0x0042,0x0022,0x0022,0x0022,0x0042,0x0022,0x0022,0x0022,0x0001,0x0022,0x0022,
    0x0021,0x0021,0x0022,0x0021,0x0022,0x0022,0x0022,0x0022,0x0042,0x0042,0x0022,0x0022,0x0021,0x0001,0x0001,0x0021,
    0x0022,0x0022,0x0042,0x0042,0x0022,0x0021,0x0022,0x0022,0x0021,0x0001,0x0043,0x08a6,0x08c6,0x00a5,0x08a5,0x10c5,
    0x10e6,0x08c6,0x08a5,0x08a5,0x00e6,0x00c5,0x00a4,0x00c5,0x00a5,0x00c5,0x00a5,0x0043,0x0063,0x0063,0x0042,0x0042,
    0x0063,0x0063,0x0043,0x0042,0x0022,0x0064,0x00c5,0x00a5,0x0084,0x0043,0x0042,0x0043,0x08c6,0x094a,0x096b,0x094a,
    0x08c7,0x0885,0x08e8,0x0909,0x08e8,0x0908,0x0928,0x116b,0x21ce,0x4272,0x3a53,0x3211,0x39af,0x2109,0x0886,0x10a5,
    0x10a6,0x0885,0x10c6,0x10a6,0x1909,0x294b,0x1908,0x18e7,0x18e8,0x10c6,0x10c6,0x2909,0x20e8,0x10c6,0x10c6,0x10a6,
    0x118a,0x0906,0x0884,0x0884,0x0843,0x10a4,0x0841,0x2125,0x11eb,0x120d,0x09ec,0x120d,0x00c5,0x1926,0x09cb,0x00e7,
    0x10a4,0x1948,0x0969,0x11cc,0x11ab,0x0949,0x11ab,0x19cb,0x19ca,0x0969,0x1169,0x1188,0x322a,0x1167,0x0948,0x0907,
    0x1147,0x0927,0x08c5,0x0063,0x00a4,0x0084,0x0063,0x0063,0x0084,0x00c5,0x00e6,0x00c5,0x08e6,0x00c5,0x00a4,0x0947,
    0x11ea,0x11ca,0x1a0b,0x22ae,0x11ea,0x11ca,0x1a2c,0x120c,0x120c,0x11ca,0x1189,0x1a0b,0x1a6c,0x1a2b,0x1a0a,0x1168,
    0x08e6,0x00a4,0x00a4,0x0063,0x0083,0x0084,0x0063,0x0022,0x0042,0x0084,0x08c5,0x08e6,0x0084,0x0084,0x0063,0x0927,
    0x1189,0x0947,0x0906,0x00c6,0x08e6,0x0907,0x08e7,0x00a5,0x0063,0x0042,0x0042,0x0022,0x0042,0x0043,0x0063,0x0084,
    0x0063,0x0063,0x0084,0x0084,0x0084,0x0085,0x0063,0x0043,0x0063,0x0063,0x0042,0x0022,0x0022,0x0022,0x0042,0x0042,
    0x0043,0x0085,0x0085,0x0084,0x0084,0x0085,0x0084,0x0084,0x0064,0x0085,0x0084,0x0084,0x00a5,0x00a5,0x0085,0x0085,
    0x0064,0x0043,0x0064,0x0084,0x0884,0x0084,0x0063,0x0063,0x0063,0x0063,0x0063,0x0043,0x0043,0x0043,0x0042,0x0043,
    0x0043,0x0022,0x0042,0x0043,0x0042,0x0042,0x0043,0x0043,0x0043,0x0043,0x0043,0x0043,0x0043,0x0043,0x0043,0x0043,
    0x0043,0x0043,0x0022,0x0022,0x0022,0x0022,0x0042,0x0042,0x0022,0x0022,0x0022,0x0042,0x0042,0x0042,0x0042,0x0022,
    0x0022,0x0022,0x0022,0x0022,0x0022,0x0043,0x0043,0x0022,0x0022,0x0043,0x0043,0x0042,0x0042,0x0022,0x0042,0x0042,
    0x0043,0x0043,0x0042,0x0042,0x0042,0x0042,0x0042,0x0022,0x0042,0x0042,0x0022,0x0022,0x0021,0x0022,0x0022,0x0022,
    0x0022,0x0021,0x0022,0x0022,0x0022,0x0022,0x0021,0x0021,0x0021,0x0021,0x0021,0x0022,0x0021,0x0021,0x0021,0x0022,
    0x0022,0x0022,0x0022,0x0022,0x0022,0x0021,0x0022,0x0022,0x0021,0x0021,0x0021,0x0021,0x0021,0x0021,0x0022,0x0001,
    0x0021,0x0021,0x0021,0x0021,0x0021,0x0022,0x0021,0x0022,0x0022,0x0022,0x0001,0x0022,0x0021,0x0022,0x0021,0x0022,
    0x0022,0x0042,0x0863,0x0042,0x0042,0x0042,0x0022,0x0042,0x0042,0x0042,0x0042,0x0043,0x0063,0x0043,0x0043,0x0043,
    0x0863,0x0043,0x0022,0x0042,0x0043,0x0043,0x0022,0x0022,0x0022,0x0042,0x0022,0x0022,0x0021,0x0001,0x0021,0x0021,
    0x0022,0x0022,0x0022,0x0022,0x0022,0x0022,0x0022,0x0022,0x0043,0x0043,0x0021,0x0021,0x0021,0x0001,0x0001,0x0022,
    0x0042,0x0042,0x0022,0x0043,0x0042,0x0022,0x0022,0x0021,0x0021,0x0021,0x0043,0x08a5,0x0084,0x0085,0x0064,0x0884,
    0x08a5,0x00a5,0x08a5,0x08c6,0x0907,0x00a5,0x0084,0x00a5,0x00a5,0x0907,0x00e6,0x0063,0x0084,0x0043,0x0022,0x0042,
    0x0063,0x0043,0x0042,0x0043,0x0063,0x00a5,0x08e6,0x08a5,0x0084,0x0063,0x0042,0x0043,0x08e7,0x116b,0x0929,0x0909,
    0x08a6,0x0885,0x0908,0x0909,0x0908,0x1129,0x19ad,0x198c,0x298d,0x4212,0x3a12,0x194c,0x294b,0x212a,0x10a6,0x08a5,
    0x10c6,0x10c6,0x10a6,0x10c7,0x314b,0x418d,0x292a,0x10c7,0x18e7,0x18e7,0x18e8,0x18e8,0x18e7,0x18e7,0x18c6,0x10a6,
    0x1a0b,0x11cb,0x118a,0x0927,0x1127,0x19aa,0x0907,0x11aa,0x120c,0x120c,0x120c,0x120d,0x0989,0x0948,0x096a,0x0969,
    0x0128,0x0928,0x0948,0x11ab,0x11ab,0x118a,0x19cb,0x11aa,0x0989,0x11aa,0x1988,0x0907,0x21a8,0x0927,0x0907,0x0906,
    0x0927,0x0906,0x0063,0x0063,0x00a4,0x0084,0x0084,0x0084,0x0043,0x00c5,0x0948,0x0948,0x0906,0x00a4,0x0906,0x11ca,
    0x122b,0x11ca,0x11aa,0x2aee,0x1a4c,0x11a9,0x11a9,0x11cb,0x11cb,0x0969,0x0948,0x11ca,0x11ea,0x1167,0x11a9,0x0968,
    0x08e6,0x0906,0x08c5,0x0021,0x00a4,0x0063,0x0022,0x0042,0x0042,0x00a4,0x0906,0x08a5,0x0084,0x0063,0x0083,0x0927,
    0x1168,0x1168,0x0906,0x08e6,0x08c6,0x08e7,0x0908,0x00c6,0x00a5,0x0063,0x0042,0x0042,0x0042,0x0042,0x0042,0x0043,
    0x0043,0x0063,0x0064,0x0084,0x0084,0x00a5,0x00a5,0x00a5,0x0084,0x0063,0x0042,0x0022,0x0022,0x0022,0x0022,0x0042,
    0x0042,0x0043,0x0064,0x0084,0x0064,0x0063,0x0084,0x0084,0x0084,0x0084,0x0085,0x08a5,0x00a5,0x08a5,0x0084,0x0084,
    0x0063,0x0043,0x0063,0x0064,0x0043,0x0043,0x0063,0x0064,0x0064,0x0063,0x0043,0x0043,0x0043,0x0042,0x0022,0x0022,
    0x0022,0x0022,0x0022,0x0042,0x0042,0x0043,0x0043,0x0043,0x0063,0x0043,0x0043,0x0043,0x0043,0x0043,0x0043,0x0043,
    0x0043,0x0043,0x0043,0x0022,0x0022,0x0022,0x0022,0x0022,0x0042,0x0022,0x0042,0x0043,0x0043,0x0043,0x0043,0x0043,
    0x0043,0x0042,0x0022,0x0022,0x0042,0x0043,0x0043,0x0043,0x0043,0x0042,0x0022,0x0022,0x0042,0x0042,0x0022,0x0042,
    0x0042,0x0042,0x0042,0x0042,0x0042,0x0042,0x0022,0x0022,0x0022,0x0042,0x0042,0x0042,0x10c5,0x0042,0x0022,0x0022,
    0x0021,0x0022,0x0022,0x0022,0x0022,0x0022,0x0022,0x0021,0x0021,0x0021,0x0021,0x0021,0x0022,0x0021,0x0021,0x0022,
    0x0022,0x0022,0x0022,0x0022,0x0022,0x0022,0x0022,0x0022,0x0022,0x0022,0x0021,0x0021,0x0021,0x0001,0x0001,0x0021,
    0x0022,0x0021,0x0021,0x0021,0x0022,0x0022,0x0022,0x0021,0x0021,0x0021,0x0021,0x0021,0x0022,0x0022,0x0022,0x0021,
    0x0022,0x0022,0x0022,0x0022,0x0022,0x0042,0x0022,0x0042,0x0042,0x0042,0x0043,0x0043,0x0043,0x0043,0x0043,0x0043,
    0x0863,0x0043,0x0043,0x0043,0x0043,0x0022,0x0022,0x0022,0x0022,0x0022,0x0042,0x0021,0x0021,0x0021,0x0021,0x0022,
    0x0022,0x0022,0x0022,0x0022,0x0022,0x0042,0x0042,0x0042,0x0043,0x0022,0x0021,0x0021,0x0001,0x0001,0x0021,0x0022,
    0x0042,0x0022,0x0022,0x0043,0x0042,0x0043,0x0042,0x0042,0x0021,0x0021,0x0042,0x0085,0x0042,0x0063,0x08a5,0x08e7,
    0x08e7,0x08c6,0x08c6,0x0928,0x0907,0x00a5,0x00a5,0x00e6,0x0948,0x0968,0x00e5,0x0084,0x00a4,0x0042,0x0022,0x0042,
    0x0022,0x0042,0x0063,0x0064,0x0084,0x00a5,0x08c5,0x08a5,0x0064,0x0063,0x0042,0x0084,0x0929,0x0929,0x08e7,0x08e7,
    0x08e7,0x08c7,0x08e8,0x094a,0x096b,0x094a,0x21ae,0x31af,0x296d,0x31d0,0x298e,0x1908,0x10a6,0x292a,0x10c7,0x08a5,
    0x18e7,0x18e8,0x18e7,0x2109,0x41ad,0x396c,0x2109,0x18e7,0x2109,0x2109,0x2109,0x18c7,0x10c6,0x18e7,0x18c7,0x10a6,
    0x11cb,0x11cb,0x11cb,0x118a,0x118a,0x09ab,0x11ab,0x11ec,0x11cb,0x1a0c,0x0907,0x11aa,0x11cb,0x0969,0x0969,0x0948,
    0x0928,0x0949,0x0969,0x11ab,0x098a,0x0949,0x0969,0x0148,0x11a9,0x19c9,0x1988,0x0907,0x00c6,0x00c5,0x0084,0x1148,
    0x0927,0x00c5,0x0063,0x0084,0x00c5,0x00a5,0x08c5,0x00a4,0x0084,0x0106,0x0968,0x0968,0x0947,0x00c5,0x0968,0x122c,
    0x11eb,0x11eb,0x226d,0x2b0f,0x1a2b,0x0968,0x0989,0x098a,0x0948,0x0928,0x1189,0x11ca,0x0927,0x00c4,0x0947,0x0927,
    0x00a5,0x0927,0x0084,0x0083,0x0906,0x0084,0x0022,0x0042,0x0022,0x0063,0x00c5,0x08c5,0x08a4,0x0084,0x08e6,0x0927,
    0x0927,0x1168,0x0926,0x0906,0x08e6,0x08e7,0x0908,0x0084,0x00a5,0x0084,0x0043,0x0063,0x0043,0x0042,0x0042,0x0042,
    0x0042,0x0063,0x0063,0x0063,0x0063,0x0084,0x0084,0x0084,0x0084,0x0043,0x0043,0x0022,0x0022,0x0022,0x0022,0x0022,
    0x0022,0x0022,0x0043,0x0064,0x0063,0x0063,0x0084,0x0084,0x0084,0x0085,0x08a5,0x0085,0x0084,0x0064,0x08a4,0x0084,
    0x0063,0x0043,0x0064,0x0064,0x0043,0x0043,0x0043,0x0043,0x0063,0x0064,0x0043,0x0042,0x0042,0x0022,0x0022,0x0022,
    0x0022,0x0022,0x0022,0x0022,0x0042,0x0043,0x0043,0x0043,0x0043,0x0043,0x0043,0x0063,0x0063,0x0043,0x0043,0x0043,
    0x0043,0x0043,0x0022,0x0022,0x0022,0x0022,0x0022,0x0022,0x0022,0x0042,0x0042,0x0042,0x0043,0x0043,0x0043,0x0043,
    0x0042,0x0042,0x0042,0x0042,0x0042,0x0042,0x0043,0x0043,0x0043,0x0042,0x0022,0x0022,0x0042,0x0042,0x0042,0x0022,
    0x0022,0x0042,0x0042,0x0042,0x0042,0x0022,0x0022,0x0042,0x0022,0x0022,0x0022,0x0043,0x1906,0x0043,0x0022,0x0022,
    0x0022,0x0022,0x0022,0x0022,0x0021,0x0022,0x0022,0x0021,0x0021,0x0021,0x0021,0x0021,0x0022,0x0021,0x0021,0x0022,
    0x0022,0x0022,0x0022,0x0022,0x0022,0x0022,0x0022,0x0022,0x0022,0x0022,0x0022,0x0022,0x0021,0x0001,0x0022,0x0022,
    0x0021,0x0022,0x0022,0x0021,0x0021,0x0021,0x0022,0x0021,0x0022,0x0021,0x0021,0x0021,0x0021,0x0022,0x0022,0x0022,
    0x0022,0x0021,0x0022,0x0022,0x0022,0x0022,0x0042,0x0042,0x0022,0x0042,0x0043,0x0022,0x0022,0x0043,0x0043,0x0043,
    0x0043,0x0043,0x0043,0x0042,0x0022,0x0042,0x0042,0x0042,0x0022,0x0021,0x0021,0x0021,0x0022,0x0022,0x0022,0x0022,
    0x0022,0x0022,0x0043,0x0063,0x0043,0x0042,0x0022,0x0042,0x0022,0x0022,0x0022,0x0022,0x0022,0x0021,0x0021,0x0022,
    0x0043,0x0042,0x0043,0x0064,0x0063,0x0063,0x0064,0x0064,0x0043,0x0022,0x0063,0x00a5,0x0063,0x0084,0x08e6,0x1128,
    0x0907,0x08e6,0x0928,0x0928,0x0907,0x08e6,0x08e6,0x0927,0x0948,0x0907,0x00a4,0x00e6,0x0084,0x0022,0x0042,0x0042,
    0x0063,0x0063,0x0084,0x0084,0x00a5,0x00a5,0x00a5,0x08a5,0x0063,0x0043,0x0063,0x08e7,0x0908,0x0908,0x00a6,0x00a6,
    0x00a6,0x0908,0x094a,0x118b,0x11ac,0x198c,0x196d,0x29af,0x31af,0x196c,0x316d,0x2108,0x0885,0x18c7,0x18e8,0x08a5,
    0x2129,0x39ad,0x18e7,0x18c7,0x314b,0x396c,0x2109,0x2109,0x2109,0x2109,0x20e9,0x10c7,0x10c6,0x10c7,0x10c7,0x10c6,
    0x21cb,0x19cb,0x11ab,0x118a,0x1128,0x0969,0x19aa,0x19cb,0x11cb,0x11ec,0x0948,0x1947,0x1189,0x1107,0x19a9,0x0969,
    0x0948,0x0949,0x0949,0x098a,0x0969,0x08c5,0x1947,0x1968,0x0968,0x1148,0x08e6,0x0927,0x00e7,0x00a5,0x0084,0x00a5,
    0x0084,0x0064,0x00a4,0x00a5,0x00c5,0x00a4,0x00a5,0x00c5,0x00a5,0x00e6,0x0988,0x0988,0x0968,0x0927,0x120b,0x120b,
    0x0989,0x120b,0x2ace,0x2aae,0x11ca,0x0948,0x0948,0x0968,0x0927,0x0927,0x1189,0x1189,0x0906,0x08e6,0x11a9,0x00a4,
    0x0084,0x08e6,0x0063,0x00a4,0x0906,0x0084,0x0022,0x0042,0x0022,0x0022,0x0084,0x00c5,0x0084,0x00a4,0x0948,0x0907,
    0x0906,0x0927,0x0927,0x11c9,0x0927,0x00e6,0x08e7,0x00a5,0x0063,0x00a5,0x0063,0x0084,0x0063,0x0043,0x0042,0x0022,
    0x0022,0x0042,0x0043,0x0043,0x0063,0x0063,0x0063,0x0063,0x0063,0x0063,0x0063,0x0042,0x0022,0x0022,0x0022,0x0022,
    0x0022,0x0022,0x0043,0x0063,0x0084,0x0084,0x0063,0x0063,0x00a5,0x0084,0x0085,0x00a5,0x10e6,0x2989,0x08a5,0x0084,
    0x0063,0x0043,0x0063,0x0064,0x0043,0x0043,0x0043,0x0043,0x0043,0x0043,0x0043,0x0043,0x0022,0x0022,0x0022,0x0022,
    0x0022,0x0022,0x0022,0x0042,0x0042,0x0043,0x0043,0x0043,0x0043,0x0043,0x0043,0x0043,0x0042,0x0043,0x0042,0x0022,
    0x0022,0x0022,0x0022,0x0022,0x0022,0x0022,0x0022,0x0022,0x0022,0x0022,0x0042,0x0022,0x0043,0x0043,0x0863,0x0043,
    0x0043,0x0043,0x0043,0x0043,0x0043,0x0043,0x0043,0x0042,0x0042,0x0042,0x0042,0x0042,0x0042,0x0042,0x0042,0x0042,
    0x0042,0x0042,0x0042,0x0042,0x0022,0x0022,0x0042,0x0022,0x0022,0x0022,0x0042,0x0042,0x0022,0x0042,0x0042,0x0022,
    0x0022,0x0022,0x0022,0x0022,0x0022,0x0022,0x0022,0x0021,0x0021,0x0021,0x0021,0x0021,0x0021,0x0022,0x0021,0x0022,
    0x0022,0x0022,0x0022,0x0022,0x0022,0x0022,0x0022,0x0022,0x0022,0x0021,0x0022,0x0021,0x0021,0x0021,0x0022,0x0022,
    0x0022,0x0022,0x0022,0x0022,0x0022,0x0022,0x0022,0x0022,0x0022,0x0021,0x0022,0x0021,0x0021,0x0021,0x0021,0x0022,
    0x0022,0x0022,0x0022,0x0042,0x0022,0x0022,0x0022,0x0042,0x0022,0x0022,0x0022,0x0042,0x0042,0x0043,0x0043,0x0043,
    0x0043,0x0042,0x0043,0x0042,0x0042,0x0022,0x0042,0x0042,0x0022,0x0021,0x0022,0x0022,0x0022,0x0022,0x0022,0x0022,
    0x0021,0x0021,0x0863,0x0863,0x0022,0x0043,0x10a4,0x0022,0x0042,0x0043,0x0042,0x0022,0x0022,0x0022,0x0021,0x0042,
    0x0043,0x0063,0x0063,0x0084,0x08a5,0x0084,0x0064,0x0063,0x0064,0x0043,0x0064,0x0064,0x0063,0x0064,0x08e6,0x1107,
    0x08e7,0x0907,0x1189,0x1168,0x0927,0x0927,0x0927,0x0907,0x00c5,0x0063,0x00a4,0x08e6,0x0043,0x0042,0x0042,0x0063,
    0x0084,0x0084,0x00a5,0x00a5,0x0084,0x0084,0x0064,0x0063,0x0043,0x0043,0x0084,0x08c6,0x08c6,0x00c7,0x00a5,0x00a5,
    0x00a6,0x0908,0x094a,0x118b,0x3230,0x320f,0x218d,0x196c,0x29ae,0x194b,0x396d,0x2109,0x0885,0x10c6,0x18c7,0x10c6,
    0x18c7,0x314b,0x314b,0x10c7,0x20e9,0x20e8,0x20e8,0x2108,0x18e8,0x2109,0x18e8,0x10c7,0x08a5,0x10c6,0x10c6,0x10c6,
    0x10e6,0x39ea,0x21cb,0x11cc,0x1169,0x1169,0x11ab,0x19cb,0x118a,0x116a,0x11aa,0x0928,0x0927,0x0928,0x1148,0x1989,
    0x0969,0x0949,0x0928,0x0969,0x0906,0x0042,0x0022,0x3167,0x320b,0x0127,0x0907,0x1127,0x08c5,0x0084,0x0084,0x0063,
    0x0064,0x0084,0x00a5,0x00a5,0x0084,0x00a4,0x00e6,0x0906,0x00c5,0x0947,0x120b,0x11a9,0x1189,0x0988,0x11c9,0x120b,
    0x0968,0x1a0b,0x1a6d,0x11a9,0x0989,0x0948,0x0969,0x1169,0x0907,0x0927,0x0927,0x0106,0x00e6,0x11a9,0x19eb,0x00c5,
    0x00a4,0x08c5,0x0063,0x00a4,0x00a4,0x0063,0x0021,0x0021,0x0021,0x0022,0x0042,0x00c5,0x08c5,0x08e6,0x0969,0x0948,
    0x0907,0x0906,0x0907,0x11a9,0x1189,0x00e7,0x08e7,0x00c6,0x0085,0x00a5,0x00c6,0x00a5,0x0063,0x0042,0x0042,0x0022,
    0x0021,0x0022,0x0042,0x0022,0x0042,0x0042,0x0043,0x0063,0x0063,0x0063,0x0043,0x0022,0x0022,0x0022,0x0022,0x0022,
    0x0022,0x0022,0x0022,0x0042,0x0063,0x0063,0x0043,0x0043,0x0063,0x0043,0x0084,0x0084,0x1927,0x530f,0x08c6,0x0084,
    0x0063,0x0043,0x0043,0x0063,0x0022,0x0022,0x0042,0x0042,0x0042,0x0043,0x0043,0x0043,0x0042,0x0022,0x0022,0x0022,
    0x0022,0x0022,0x0022,0x0022,0x0042,0x0042,0x0043,0x0043,0x0043,0x0043,0x0043,0x0042,0x0022,0x0042,0x0042,0x0022,
    0x0022,0x0022,0x0022,0x0022,0x0022,0x0022,0x0022,0x0022,0x0022,0x0042,0x0042,0x0042,0x0043,0x0883,0x10a4,0x0022,
    0x0043,0x0863,0x0043,0x0042,0x0042,0x0042,0x0042,0x0042,0x0043,0x0043,0x0042,0x0042,0x0042,0x0042,0x0042,0x0022,
    0x0022,0x0022,0x0022,0x0022,0x0022,0x0022,0x0042,0x0022,0x0022,0x0022,0x0022,0x0022,0x0042,0x0042,0x0022,0x0022,
    0x0042,0x0022,0x0022,0x0022,0x0021,0x0022,0x0022,0x0021,0x0022,0x0021,0x0022,0x0021,0x0022,0x0021,0x0021,0x0021,
    0x0021,0x0021,0x0022,0x0022,0x0022,0x0022,0x0022,0x0022,0x0022,0x0022,0x0022,0x0021,0x0022,0x0021,0x0021,0x0021,
    0x0022,0x0022,0x0022,0x0021,0x0022,0x0022,0x0022,0x0022,0x0022,0x0022,0x0022,0x0022,0x0022,0x0021,0x0021,0x0021,
    0x0021,0x0022,0x0022,0x0022,0x0022,0x0022,0x0022,0x0022,0x0042,0x0022,0x0022,0x0022,0x0042,0x0042,0x0042,0x0042,
    0x0043,0x0022,0x0042,0x0042,0x0022,0x0022,0x0022,0x0022,0x0022,0x0021,0x0021,0x0021,0x0042,0x0022,0x0022,0x0022,
    0x0022,0x0022,0x0022,0x0022,0x0022,0x0022,0x0043,0x0043,0x0063,0x0043,0x0022,0x0022,0x0022,0x0022,0x0022,0x0042,
    0x0063,0x0063,0x0084,0x0084,0x08c5,0x08c6,0x0084,0x0063,0x0042,0x0042,0x0042,0x0063,0x0084,0x0084,0x08a5,0x10e7,
    0x08e6,0x0928,0x11ca,0x11aa,0x0968,0x0927,0x00a4,0x0083,0x0906,0x0084,0x0063,0x0042,0x0042,0x0063,0x0063,0x0084,
    0x0084,0x0084,0x08c5,0x0084,0x0084,0x0084,0x0064,0x0063,0x0063,0x0043,0x0064,0x08a5,0x0085,0x00a6,0x00a6,0x0085,
    0x0085,0x08e8,0x094a,0x116a,0x19ad,0x116c,0x194a,0x1129,0x194a,0x216c,0x41af,0x212a,0x10a5,0x10c6,0x18c7,0x1908,
    0x18e7,0x292a,0x41ad,0x20e8,0x18c7,0x10a6,0x18c7,0x18e7,0x18e8,0x2109,0x1909,0x10c6,0x0884,0x10c6,0x10c6,0x10a6,
    0x0001,0x2926,0x526d,0x11ab,0x19ec,0x11aa,0x19ec,0x19cb,0x0969,0x1189,0x118a,0x0948,0x0948,0x0928,0x0128,0x1169,
    0x1169,0x1168,0x0927,0x0928,0x0927,0x10c5,0x0042,0x18c5,0x422b,0x08e6,0x00a5,0x08c5,0x08e6,0x0084,0x0084,0x0085,
    0x0084,0x0084,0x0084,0x0084,0x0084,0x00e6,0x0927,0x0927,0x0106,0x09a9,0x122b,0x11ca,0x09a9,0x0927,0x0968,0x11a9,
    0x0948,0x1a2c,0x1a4c,0x0989,0x1168,0x0968,0x0947,0x0906,0x0907,0x0948,0x0989,0x0968,0x00e6,0x08c5,0x08e6,0x00e5,
    0x0084,0x0083,0x0063,0x0083,0x0043,0x0042,0x0022,0x0022,0x0021,0x0022,0x0063,0x00c5,0x08c5,0x0927,0x1988,0x1188,
    0x0907,0x0907,0x0927,0x0907,0x0928,0x0928,0x0948,0x00e7,0x00a5,0x00a5,0x00c6,0x00c6,0x08c5,0x0043,0x0022,0x0022,
    0x0021,0x0022,0x0022,0x0022,0x0022,0x0042,0x0042,0x0042,0x0042,0x0042,0x0022,0x0022,0x0042,0x0042,0x0022,0x0022,
    0x0022,0x0022,0x0022,0x0022,0x0022,0x0042,0x0042,0x0043,0x0043,0x0043,0x0043,0x0064,0x0084,0x00a5,0x00a5,0x0084,
    0x0063,0x0043,0x0042,0x0042,0x0022,0x0022,0x0022,0x0022,0x0042,0x0042,0x0042,0x0043,0x0022,0x0042,0x0842,0x0022,
    0x0022,0x0022,0x0021,0x0022,0x0042,0x0042,0x0042,0x0042,0x0043,0x0043,0x0063,0x0042,0x0022,0x0042,0x0022,0x0022,
    0x0022,0x0022,0x0022,0x0022,0x0022,0x0022,0x0022,0x0022,0x0022,0x0042,0x0042,0x0042,0x0043,0x0042,0x0042,0x0043,
    0x0043,0x0042,0x0042,0x0042,0x0042,0x0043,0x0043,0x0042,0x0042,0x0042,0x0042,0x0042,0x0042,0x0042,0x0042,0x0022,
    0x0042,0x0042,0x0022,0x0022,0x0022,0x0022,0x0022,0x0022,0x0022,0x0022,0x0022,0x0042,0x0042,0x0022,0x0022,0x0022,
    0x0042,0x0022,0x0022,0x0021,0x0021,0x0021,0x0021,0x0022,0x0022,0x0022,0x0022,0x0021,0x0022,0x0022,0x0021,0x0022,
    0x0022,0x0022,0x0022,0x0022,0x0022,0x0022,0x0022,0x0022,0x0022,0x0022,0x0022,0x0022,0x0042,0x0021,0x0021,0x0021,
    0x0021,0x0021,0x0022,0x0022,0x0022,0x0021,0x0022,0x0022,0x0022,0x0022,0x0022,0x0022,0x0021,0x0022,0x0021,0x0021,
    0x0021,0x0001,0x0021,0x0001,0x0022,0x0022,0x0022,0x0022,0x0042,0x0022,0x0022,0x0022,0x0042,0x0022,0x0022,0x0022,
    0x0042,0x0042,0x0042,0x0042,0x0022,0x0022,0x0022,0x0042,0x0022,0x0022,0x0021,0x0021,0x0022,0x0021,0x0022,0x0042,
    0x0042,0x0022,0x0022,0x0022,0x0022,0x0022,0x0022,0x0043,0x0043,0x0063,0x0063,0x0042,0x0042,0x0043,0x0042,0x0043,
    0x0043,0x0043,0x1127,0x2168,0x0084,0x08c6,0x0084,0x0064,0x0022,0x0022,0x0022,0x0084,0x00c6,0x00a5,0x08c6,0x1107,
    0x0907,0x0928,0x0927,0x0907,0x0907,0x0927,0x00c5,0x00c5,0x00e5,0x0042,0x0884,0x0083,0x0063,0x0063,0x0063,0x0084,
    0x0084,0x0084,0x0084,0x0084,0x0084,0x0064,0x0084,0x0084,0x0084,0x0084,0x0084,0x0884,0x0064,0x00a6,0x00a6,0x0084,
    0x0084,0x08c6,0x114a,0x114a,0x116c,0x114b,0x0908,0x0929,0x1129,0x216c,0x41d0,0x292b,0x10e6,0x18e7,0x10c6,0x2129,
    0x292b,0x314b,0x396b,0x10a6,0x0865,0x18c7,0x2109,0x10a7,0x18e7,0x2109,0x10e8,0x08a5,0x0884,0x10a6,0x10c6,0x1085,
    0x0063,0x3188,0x320b,0x21ca,0x19ec,0x1a0d,0x19ec,0x19aa,0x2a2c,0x1148,0x08e5,0x1106,0x10e6,0x31c9,0x21ca,0x0928,
    0x0907,0x0907,0x1148,0x0928,0x0107,0x00a4,0x10a4,0x1083,0x2126,0x1126,0x0084,0x0084,0x0084,0x00a5,0x00c6,0x00c6,
    0x0084,0x0084,0x0084,0x0084,0x00c5,0x0107,0x0948,0x0107,0x00e6,0x0988,0x11ea,0x09a9,0x09a9,0x0989,0x0927,0x0968,
    0x1188,0x11ca,0x11aa,0x0968,0x1189,0x0968,0x0948,0x0927,0x0989,0x0989,0x0948,0x0948,0x00a5,0x00a4,0x00a5,0x0083,
    0x0063,0x0063,0x0063,0x0063,0x0083,0x0042,0x0022,0x0022,0x0021,0x0021,0x0063,0x0063,0x0084,0x00a5,0x08c4,0x08e5,
    0x0907,0x0927,0x0948,0x0948,0x08e7,0x08e7,0x00e7,0x00c6,0x00c6,0x00a5,0x00c6,0x08c6,0x0084,0x0043,0x0042,0x0022,
    0x0022,0x0042,0x0043,0x0042,0x0022,0x0022,0x0042,0x0022,0x0022,0x0022,0x0042,0x0022,0x0042,0x0042,0x0022,0x0022,
    0x0022,0x0022,0x0022,0x0022,0x0022,0x0043,0x0063,0x0064,0x08a5,0x0063,0x0022,0x0043,0x0064,0x0064,0x0064,0x0064,
    0x0043,0x0043,0x0043,0x0043,0x0022,0x0022,0x0022,0x0022,0x0022,0x0022,0x0022,0x0042,0x0022,0x0022,0x0022,0x0022,
    0x0022,0x0021,0x0842,0x0022,0x0042,0x0042,0x0042,0x0043,0x0042,0x0863,0x0863,0x0022,0x0042,0x0042,0x0022,0x0022,
    0x0022,0x0022,0x0022,0x0022,0x0022,0x0022,0x0022,0x0022,0x0022,0x0042,0x0042,0x0042,0x0042,0x0042,0x0042,0x0042,
    0x0042,0x0042,0x0042,0x0043,0x0042,0x0043,0x0043,0x0042,0x0042,0x0042,0x0042,0x0042,0x0042,0x0042,0x0022,0x0022,
    0x0022,0x0022,0x0042,0x0042,0x0022,0x0022,0x0022,0x0021,0x0022,0x0022,0x0022,0x0022,0x0022,0x0022,0x0022,0x0022,
    0x0022,0x0022,0x0022,0x0021,0x0021,0x0022,0x0022,0x0022,0x0022,0x0022,0x0022,0x0022,0x0022,0x0022,0x0022,0x0022,
    0x0022,0x0022,0x0022,0x0022,0x0022,0x0022,0x0022,0x0022,0x0022,0x0021,0x0022,0x0022,0x0021,0x0021,0x0021,0x0021,
    0x0022,0x0022,0x0022,0x0022,0x0022,0x0022,0x0022,0x0022,0x0022,0x0022,0x0022,0x0021,0x0021,0x0022,0x0001,0x0862,
    0x0842,0x0001,0x0021,0x0021,0x0022,0x0022,0x0022,0x0022,0x0042,0x0022,0x0022,0x0022,0x0022,0x0022,0x0022,0x0022,
    0x0022,0x0022,0x0022,0x0022,0x0022,0x0022,0x0022,0x0022,0x0022,0x0022,0x0022,0x0022,0x0022,0x0022,0x0022,0x0022,
    0x0022,0x0022,0x0022,0x0022,0x0022,0x0043,0x0043,0x0063,0x0043,0x0064,0x0063,0x0063,0x0063,0x0043,0x0043,0x0063,
    0x0063,0x08a4,0x0885,0x08a5,0x08a5,0x00a5,0x0084,0x0063,0x0043,0x0063,0x0084,0x00a5,0x00a4,0x00a5,0x0907,0x0907,
    0x0948,0x0907,0x00c6,0x0906,0x08e6,0x00a5,0x00a5,0x00c5,0x0063,0x0063,0x08c5,0x0063,0x0063,0x0084,0x0084,0x0084,
    0x0084,0x0084,0x0084,0x0084,0x00a4,0x0084,0x0084,0x0084,0x0084,0x0084,0x0084,0x0064,0x0063,0x00a5,0x00a6,0x0084,
    0x00a5,0x0908,0x0929,0x114a,0x114a,0x114b,0x0908,0x08c6,0x192a,0x296c,0x292b,0x418d,0x2109,0x294a,0x318c,0x398d,
    0x398e,0x316d,0x292a,0x1085,0x08a5,0x18e8,0x18c7,0x10c7,0x2109,0x18e8,0x08a5,0x0884,0x0884,0x10a6,0x10a6,0x0884,
    0x0928,0x1969,0x19cb,0x2a2c,0x21cb,0x1948,0x10a5,0x1084,0x4a0a,0x4a0a,0x1063,0x0821,0x0001,0x2925,0x5a8b,0x420a,
    0x2988,0x1968,0x0928,0x0907,0x00e7,0x0107,0x08e6,0x10e6,0x00e7,0x00c6,0x00a5,0x0084,0x00a5,0x00a5,0x00a6,0x00c6,
    0x00a5,0x0084,0x00a4,0x00a5,0x00a5,0x00c6,0x0107,0x00c6,0x00a5,0x0947,0x09ca,0x0988,0x11ca,0x11ea,0x0927,0x0927,
    0x226c,0x11a9,0x0947,0x0968,0x1168,0x1989,0x1168,0x0907,0x11aa,0x11aa,0x19ea,0x11ca,0x0084,0x0084,0x00a4,0x0063,
    0x0084,0x0084,0x0043,0x0083,0x08e6,0x00a4,0x0042,0x0022,0x0022,0x0022,0x0021,0x0042,0x0084,0x00a4,0x0084,0x0043,
    0x08e6,0x0928,0x00e7,0x0907,0x00e7,0x00a6,0x00c6,0x00a5,0x00a5,0x00a5,0x00a5,0x08a5,0x0063,0x0043,0x0042,0x0042,
    0x0063,0x0063,0x0063,0x0043,0x0042,0x0022,0x0022,0x0022,0x0021,0x0022,0x0022,0x0021,0x0042,0x0063,0x0042,0x0022,
    0x0042,0x0042,0x0042,0x0022,0x0022,0x0022,0x0042,0x0063,0x08a4,0x0043,0x0022,0x0022,0x0043,0x0043,0x0043,0x0064,
    0x0063,0x0043,0x0043,0x0043,0x0042,0x0022,0x0022,0x0022,0x0022,0x0042,0x0042,0x0022,0x0022,0x0021,0x0021,0x0022,
    0x0001,0x0021,0x0022,0x0022,0x0022,0x0042,0x0043,0x0042,0x0022,0x0042,0x0043,0x0022,0x0042,0x0022,0x0022,0x0022,
    0x0022,0x0022,0x0022,0x0022,0x0022,0x0022,0x0022,0x0022,0x0022,0x0042,0x0043,0x0042,0x0042,0x0042,0x0022,0x0022,
    0x0022,0x0022,0x0042,0x0043,0x0043,0x0043,0x0043,0x0042,0x0042,0x0042,0x0042,0x0042,0x0042,0x0042,0x0022,0x0022,
    0x0022,0x0022,0x0022,0x0022,0x0022,0x0022,0x0021,0x0021,0x0022,0x0022,0x0022,0x0022,0x0022,0x0022,0x0022,0x0021,
    0x0021,0x0022,0x0021,0x0042,0x0842,0x0022,0x0022,0x0022,0x0022,0x0022,0x0022,0x0022,0x0022,0x0022,0x0022,0x0022,
    0x0022,0x0022,0x0022,0x0022,0x0022,0x0022,0x0022,0x0022,0x0022,0x0021,0x0022,0x0021,0x0021,0x0022,0x0022,0x0022,
    0x0022,0x0022,0x0022,0x0022,0x0022,0x0021,0x0021,0x0021,0x0022,0x0022,0x0022,0x0022,0x0022,0x0022,0x0022,0x0021,
    0x0021,0x0021,0x0022,0x0021,0x0042,0x0022,0x0022,0x0022,0x0022,0x0022,0x0021,0x0021,0x0021,0x0001,0x0022,0x0022,
    0x0022,0x0022,0x0022,0x0021,0x0022,0x0022,0x0022,0x0022,0x0022,0x0022,0x0022,0x0022,0x0022,0x0022,0x0022,0x0022,
    0x0043,0x0043,0x0043,0x0022,0x0022,0x0043,0x0043,0x0043,0x0043,0x0043,0x0043,0x0064,0x0063,0x0043,0x0043,0x0063,
    0x0064,0x0084,0x0084,0x0064,0x08a5,0x00a6,0x00c6,0x00a6,0x00a5,0x00a5,0x08c6,0x08c5,0x00a5,0x08e6,0x00e6,0x00a5,
    0x0927,0x0927,0x0948,0x00e6,0x0084,0x00a5,0x0084,0x0063,0x0063,0x0084,0x0063,0x0063,0x0084,0x0084,0x0084,0x0084,
    0x0084,0x0084,0x0084,0x0084,0x0084,0x0084,0x0084,0x0085,0x0084,0x0084,0x0084,0x0084,0x0064,0x00a5,0x00a5,0x00a5,
    0x08a6,0x08e8,0x0909,0x0929,0x00e7,0x08e8,0x08e7,0x00a5,0x192a,0x298d,0x214b,0x316c,0x292b,0x398d,0x49cf,0x398d,
    0x314c,0x316d,0x49ce,0x18c7,0x10c6,0x10c7,0x10a6,0x10a6,0x20e9,0x10a6,0x10c6,0x10c6,0x10c6,0x08a6,0x0885,0x0864,
    0x116a,0x118a,0x19cc,0x21ec,0x0063,0x0001,0x1083,0x1884,0x18c5,0x3988,0x20e6,0x0863,0x0001,0x1082,0x3987,0x41c8,
    0x62ab,0x8bef,0x0928,0x0908,0x0907,0x0907,0x0107,0x00e7,0x0108,0x00e6,0x00a5,0x00a5,0x00a5,0x00c6,0x00c6,0x00a5,
    0x00a5,0x0085,0x0084,0x0084,0x00a4,0x00e6,0x00e6,0x08c6,0x00c5,0x0948,0x09ea,0x0988,0x09a9,0x0989,0x0947,0x0906,
    0x220a,0x11a9,0x0947,0x1168,0x1189,0x1147,0x0927,0x0927,0x11aa,0x11eb,0x226d,0x1a0c,0x0926,0x0063,0x00a4,0x0063,
    0x0063,0x00a5,0x0906,0x08e6,0x0927,0x0084,0x0022,0x0043,0x0022,0x0021,0x0021,0x0021,0x0042,0x0063,0x0084,0x0042,
    0x08c6,0x1169,0x0948,0x0107,0x00e6,0x08e6,0x00c6,0x00a6,0x00a5,0x0084,0x00a5,0x00a5,0x0084,0x0063,0x0064,0x0063,
    0x0043,0x0084,0x0043,0x0042,0x0043,0x0042,0x0022,0x0022,0x0021,0x0022,0x0022,0x0022,0x0042,0x0043,0x0022,0x0043,
    0x0043,0x0042,0x0043,0x0022,0x0042,0x0042,0x0022,0x0022,0x0042,0x0022,0x0022,0x0022,0x0022,0x0043,0x0043,0x0043,
    0x0043,0x0043,0x0042,0x0042,0x0043,0x0043,0x0042,0x0022,0x0022,0x0022,0x0022,0x0022,0x0022,0x0022,0x0021,0x0021,
    0x0021,0x0021,0x0021,0x0022,0x0022,0x0022,0x0043,0x0042,0x0042,0x0022,0x0042,0x0042,0x0022,0x0042,0x0022,0x0022,
    0x0022,0x0022,0x0022,0x0022,0x0022,0x0022,0x0022,0x0022,0x0042,0x0022,0x0042,0x0022,0x0022,0x0022,0x0022,0x0022,
    0x0022,0x0022,0x0042,0x0042,0x0043,0x0042,0x0043,0x0042,0x0043,0x0042,0x0043,0x0043,0x0042,0x0022,0x0022,0x0022,
    0x0022,0x0022,0x0021,0x0022,0x0022,0x0021,0x0022,0x0022,0x0021,0x0021,0x0022,0x0022,0x0021,0x0021,0x0021,0x0021,
    0x0022,0x0022,0x0022,0x0022,0x0022,0x0022,0x0022,0x0022,0x0022,0x0022,0x0022,0x0022,0x0022,0x0022,0x0022,0x0022,
    0x0022,0x0022,0x0022,0x0022,0x0022,0x0022,0x0022,0x0021,0x0021,0x0021,0x0021,0x0042,0x0022,0x0022,0x0022,0x0022,
    0x0022,0x0022,0x0022,0x0022,0x0022,0x0021,0x0021,0x0022,0x0022,0x0042,0x0022,0x0022,0x0022,0x0022,0x0022,0x0021,
    0x0021,0x0021,0x0022,0x0021,0x0021,0x0021,0x0021,0x0022,0x0022,0x0021,0x0001,0x0021,0x0021,0x0021,0x0022,0x0022,
    0x0022,0x0022,0x0022,0x0022,0x0022,0x0022,0x0022,0x0022,0x0022,0x0021,0x0022,0x0022,0x0022,0x0022,0x0022,0x0063,
    0x0063,0x0043,0x0043,0x0042,0x0022,0x0022,0x0043,0x0043,0x0043,0x0043,0x0043,0x0064,0x0043,0x0042,0x0043,0x0043,
    0x0043,0x0063,0x0063,0x0064,0x0084,0x00a5,0x0085,0x00a5,0x00a5,0x00a5,0x08e7,0x08c6,0x0907,0x0948,0x00c6,0x0084,
    0x0084,0x0906,0x08e6,0x0084,0x0084,0x00a4,0x0084,0x0084,0x0063,0x0084,0x0084,0x0084,0x0084,0x0084,0x0084,0x0084,
    0x0084,0x0084,0x0084,0x0084,0x0084,0x0084,0x08a5,0x08a5,0x0084,0x0085,0x0085,0x0084,0x0084,0x08c6,0x08a5,0x00a5,
    0x08a5,0x08a6,0x10e8,0x0909,0x08e8,0x0908,0x00c6,0x00a6,0x216c,0x29ae,0x214b,0x296c,0x214a,0x210a,0x398d,0x316c,
    0x210b,0x316d,0x51cf,0x18c7,0x10c7,0x10a6,0x10a6,0x08a5,0x10a7,0x18e8,0x1908,0x1908,0x10e7,0x0885,0x0063,0x0064,
    0x116a,0x118b,0x11ab,0x118a,0x0022,0x0000,0x0021,0x0842,0x0842,0x3127,0x18c5,0x0842,0x0021,0x0000,0x18c4,0x5a6a,
    0x93ce,0x8b8d,0x29c9,0x00e7,0x00e7,0x0907,0x0907,0x08e6,0x0907,0x00e6,0x00a5,0x00a5,0x00c5,0x08e7,0x00e6,0x00c6,
    0x00c6,0x00a5,0x00a4,0x0084,0x00a5,0x0907,0x00e6,0x00c5,0x0907,0x09aa,0x11ca,0x0968,0x0968,0x0988,0x0906,0x08e6,
    0x00c5,0x0968,0x0968,0x1189,0x1189,0x11aa,0x1189,0x1189,0x11aa,0x11cb,0x11cb,0x11eb,0x1a0b,0x00c5,0x1147,0x0083,
    0x0042,0x00a5,0x0907,0x0927,0x0907,0x08c5,0x0063,0x0042,0x0022,0x0022,0x0021,0x0021,0x0042,0x0042,0x0063,0x0042,
    0x08a5,0x19aa,0x11aa,0x0969,0x0949,0x00c6,0x00a6,0x00a5,0x00a5,0x0084,0x0084,0x0085,0x0084,0x00a5,0x00a5,0x00a5,
    0x0084,0x0064,0x0063,0x0042,0x0042,0x0042,0x0022,0x0021,0x0001,0x0022,0x0022,0x0022,0x0043,0x0063,0x0042,0x0063,
    0x0063,0x0043,0x0043,0x0042,0x0022,0x0022,0x0022,0x0022,0x0043,0x0042,0x0022,0x0042,0x0022,0x0022,0x0042,0x0042,
    0x0042,0x0043,0x0884,0x0863,0x0022,0x0042,0x0043,0x0022,0x0022,0x0022,0x0021,0x0022,0x0022,0x0022,0x0021,0x0021,
    0x0021,0x0021,0x0021,0x0022,0x0022,0x0022,0x0042,0x0022,0x0022,0x0022,0x0022,0x0022,0x0022,0x0022,0x0022,0x0022,
    0x0022,0x0022,0x0022,0x0022,0x0022,0x0022,0x0022,0x0022,0x0042,0x0042,0x0022,0x0022,0x0022,0x0022,0x0022,0x0022,
    0x0022,0x0022,0x0022,0x0022,0x0042,0x0863,0x0043,0x0043,0x0043,0x0043,0x0043,0x0042,0x0042,0x0042,0x0022,0x0022,
    0x0022,0x0022,0x0021,0x0021,0x0021,0x0021,0x0022,0x0022,0x0022,0x0022,0x0022,0x0021,0x0021,0x0021,0x0021,0x0021,
    0x0021,0x0022,0x0022,0x0022,0x0022,0x0022,0x0042,0x0022,0x0022,0x0022,0x0022,0x0022,0x0022,0x0022,0x0022,0x0022,
    0x0022,0x0022,0x0022,0x0022,0x0022,0x0022,0x0021,0x0022,0x0021,0x0021,0x0021,0x0022,0x0021,0x0021,0x0021,0x0022,
    0x0022,0x0022,0x0022,0x0021,0x0022,0x0022,0x0022,0x0022,0x0022,0x0022,0x0022,0x0022,0x0022,0x0022,0x0022,0x0022,
    0x0021,0x0021,0x0021,0x0021,0x0021,0x0021,0x0021,0x0021,0x0021,0x0021,0x0001,0x0021,0x0021,0x0022,0x0022,0x0042,
    0x0022,0x0022,0x0022,0x0022,0x0022,0x0022,0x0022,0x0022,0x0022,0x0042,0x0042,0x0022,0x0022,0x0022,0x0043,0x0884,
    0x0064,0x0043,0x0043,0x0043,0x0043,0x0043,0x0043,0x0043,0x0043,0x0043,0x0043,0x0043,0x0042,0x0043,0x0063,0x0043,
    0x0043,0x0063,0x0043,0x0043,0x0064,0x0084,0x0084,0x0084,0x00a5,0x00a5,0x08c6,0x0084,0x0084,0x00a5,0x00a5,0x0084,
    0x00a5,0x00c5,0x0084,0x0084,0x0084,0x0084,0x0084,0x0084,0x0084,0x00a4,0x00a4,0x00a5,0x00a5,0x00a5,0x00a5,0x00a5,
    0x0085,0x0084,0x0084,0x0084,0x00a5,0x00a5,0x00a5,0x08a5,0x00a5,0x00a5,0x00a5,0x08c5,0x08c6,0x08c6,0x00a5,0x00a5,
    0x0084,0x0885,0x08a6,0x08c7,0x08e8,0x08e8,0x08e8,0x112a,0x216c,0x29ad,0x1929,0x216b,0x192a,0x18e8,0x294b,0x294c,
    0x212c,0x398e,0x314b,0x18e8,0x10c6,0x0884,0x0885,0x08a5,0x10c6,0x2129,0x1929,0x1908,0x10c7,0x08a5,0x0043,0x0043,
    0x1906,0x1169,0x118b,0x118a,0x0042,0x0021,0x0022,0x0022,0x0001,0x18c4,0x3968,0x2927,0x2926,0x1084,0x1084,0x732d,
    0x62cb,0x7b4d,0x834d,0x730d,0x29c9,0x00e6,0x0907,0x0906,0x08e7,0x00e6,0x08e6,0x08e6,0x00c6,0x00e7,0x00c6,0x0907,
    0x00c6,0x00a5,0x00a5,0x0084,0x00c5,0x00e6,0x00c5,0x00c5,0x0927,0x0989,0x0989,0x0947,0x0906,0x0948,0x0107,0x08c6,
    0x08e6,0x11a9,0x11a9,0x11a9,0x0968,0x11a9,0x11ea,0x11ca,0x118a,0x19cb,0x1a2c,0x19eb,0x0107,0x0969,0x0907,0x00a4,
    0x0083,0x00a4,0x0063,0x0063,0x0084,0x1989,0x1148,0x0084,0x0042,0x0022,0x0022,0x0021,0x0022,0x0042,0x0084,0x0063,
    0x0063,0x0907,0x0928,0x0949,0x0948,0x00c6,0x00c5,0x00c6,0x00c6,0x00c6,0x0084,0x0063,0x0084,0x0084,0x00a5,0x00c5,
    0x00a5,0x0063,0x0043,0x0043,0x0042,0x0042,0x0042,0x0022,0x0022,0x0022,0x0042,0x0042,0x0043,0x0043,0x0043,0x0043,
    0x0043,0x0043,0x0063,0x0063,0x0042,0x0022,0x0022,0x0043,0x0022,0x0022,0x0022,0x0022,0x0022,0x0022,0x0042,0x0063,
    0x0043,0x0043,0x0043,0x0063,0x0022,0x0022,0x0022,0x0022,0x0042,0x0022,0x0042,0x0022,0x0022,0x0022,0x0022,0x0021,
    0x0022,0x0022,0x0021,0x0021,0x0021,0x0022,0x0022,0x0022,0x0022,0x0022,0x0022,0x0022,0x0022,0x0022,0x0022,0x0022,
    0x0022,0x0042,0x0022,0x0022,0x0022,0x0042,0x0022,0x0022,0x0022,0x0022,0x0022,0x0022,0x0042,0x0022,0x0042,0x0022,
    0x0022,0x0022,0x0022,0x0022,0x0022,0x0042,0x0022,0x0043,0x0043,0x0042,0x0042,0x0042,0x0042,0x0022,0x0042,0x0022,
    0x0042,0x0022,0x0022,0x0022,0x0022,0x0021,0x0021,0x0022,0x0022,0x0021,0x0021,0x0021,0x0021,0x0022,0x0022,0x0022,
    0x0022,0x0021,0x0021,0x0021,0x0022,0x0022,0x0021,0x0022,0x0022,0x0022,0x0022,0x0022,0x0022,0x0022,0x0022,0x0022,
    0x0022,0x0022,0x0022,0x0022,0x0022,0x0022,0x0022,0x0022,0x0021,0x0021,0x0001,0x0001,0x0022,0x0022,0x0001,0x0021,
    0x0021,0x0021,0x0022,0x0022,0x0022,0x0001,0x0021,0x0042,0x0022,0x2967,0x10c5,0x0022,0x0022,0x0021,0x0022,0x0022,
    0x0022,0x0021,0x0021,0x0021,0x0021,0x0021,0x0021,0x0021,0x0021,0x0021,0x0021,0x0021,0x0021,0x0022,0x0021,0x0022,
    0x0022,0x0022,0x0022,0x0022,0x0022,0x0022,0x0022,0x0022,0x0022,0x0022,0x0022,0x0022,0x0042,0x0042,0x0043,0x0043,
    0x0043,0x0043,0x0043,0x0043,0x0023,0x0043,0x0043,0x0043,0x0043,0x0043,0x0042,0x0022,0x0043,0x0043,0x0043,0x0043,
    0x0043,0x0043,0x0043,0x0043,0x0064,0x00a5,0x08c6,0x00a5,0x0064,0x0063,0x0064,0x0042,0x0063,0x00c5,0x00c6,0x00e6,
    0x00e6,0x00a5,0x0084,0x0084,0x0084,0x0084,0x00a4,0x00a5,0x00a5,0x00a4,0x00a4,0x0084,0x0064,0x0064,0x0084,0x0084,
    0x0085,0x0085,0x0085,0x00a5,0x08c5,0x08c5,0x08a5,0x08c6,0x08c6,0x08c6,0x08a5,0x08c6,0x00a5,0x08e6,0x1907,0x0084,
    0x0084,0x0064,0x00a6,0x00a6,0x08e8,0x08c6,0x08c6,0x192b,0x192b,0x194b,0x1108,0x10e8,0x192a,0x192a,0x1909,0x294c,
    0x296d,0x316d,0x18c7,0x18e8,0x0885,0x0063,0x0884,0x10a5,0x10c6,0x2129,0x214a,0x10c7,0x08c6,0x0064,0x0043,0x0043,
    0x08e7,0x1149,0x1169,0x116a,0x08a4,0x0021,0x0063,0x0863,0x0021,0x0022,0x0001,0x0842,0x18c4,0x0842,0x10a3,0x62ee,
    0x39a9,0x2105,0x5249,0x2926,0x420a,0x0107,0x0928,0x0907,0x1148,0x1127,0x0907,0x0107,0x00e7,0x00c6,0x08c6,0x08e6,
    0x00c5,0x00a5,0x08e6,0x08e6,0x0907,0x0907,0x00e6,0x00c5,0x0907,0x0988,0x0906,0x0906,0x08e5,0x0106,0x00e6,0x00a4,
    0x08e6,0x0989,0x11ea,0x120b,0x11c9,0x120b,0x11ca,0x120b,0x19eb,0x19eb,0x1a0b,0x11ca,0x0084,0x0083,0x08e6,0x0084,
    0x00a4,0x08e6,0x00c5,0x0063,0x0042,0x08c5,0x1127,0x08c5,0x08a4,0x0063,0x0063,0x0042,0x0042,0x0022,0x0084,0x0084,
    0x0063,0x0948,0x0969,0x0908,0x0907,0x00c6,0x00c6,0x00e6,0x08e6,0x00c6,0x00a5,0x0084,0x0084,0x0084,0x0084,0x0064,
    0x0063,0x0063,0x0043,0x0022,0x0022,0x0063,0x0042,0x0022,0x10a3,0x0022,0x0022,0x0042,0x0042,0x0042,0x0063,0x0063,
    0x0043,0x0043,0x0063,0x0063,0x0063,0x0043,0x0042,0x0042,0x0022,0x0022,0x0022,0x0022,0x0022,0x0022,0x0042,0x0022,
    0x0022,0x0022,0x0022,0x0022,0x0043,0x0022,0x0022,0x0022,0x0022,0x0022,0x0022,0x0022,0x0022,0x0022,0x0022,0x0022,
    0x0022,0x0022,0x0021,0x0022,0x0021,0x0022,0x0022,0x0022,0x0022,0x0022,0x0022,0x0022,0x0022,0x0022,0x0021,0x0021,
    0x0021,0x0022,0x0022,0x0022,0x0022,0x0042,0x0022,0x0022,0x0022,0x0022,0x0022,0x0022,0x0022,0x0022,0x0042,0x0022,
    0x0021,0x0022,0x0022,0x0022,0x0022,0x0042,0x0022,0x0042,0x0042,0x0042,0x0042,0x0042,0x0042,0x0042,0x0042,0x0042,
    0x0042,0x0022,0x0022,0x0022,0x0022,0x0022,0x0022,0x0021,0x0021,0x0021,0x0022,0x0022,0x0022,0x0021,0x0021,0x0022,
    0x0022,0x0021,0x0022,0x0021,0x0021,0x0021,0x0021,0x0021,0x0021,0x0022,0x0022,0x0021,0x0022,0x0022,0x0022,0x0022,
    0x0022,0x0022,0x0022,0x0022,0x0022,0x0021,0x0021,0x0021,0x0001,0x0001,0x0021,0x0001,0x0022,0x0022,0x0001,0x0021,
    0x0021,0x0021,0x0022,0x0021,0x0022,0x0021,0x0022,0x0022,0x0022,0x0883,0x0043,0x0022,0x0022,0x0021,0x0022,0x0021,
    0x0022,0x0022,0x0022,0x0022,0x0021,0x0021,0x0021,0x0021,0x0022,0x0022,0x0022,0x0021,0x0022,0x0022,0x0022,0x0022,
    0x0022,0x0022,0x0022,0x0021,0x0021,0x0022,0x0022,0x0022,0x0022,0x0022,0x0022,0x0022,0x0043,0x0043,0x0043,0x0864,
    0x0043,0x0043,0x0043,0x0042,0x0042,0x0022,0x0043,0x0043,0x0022,0x0043,0x0043,0x0063,0x0043,0x0042,0x0042,0x0043,
    0x0063,0x0064,0x0063,0x0063,0x0064,0x0084,0x0884,0x0043,0x0042,0x0083,0x00a5,0x00a4,0x00a4,0x00c6,0x00c5,0x00c5,
    0x00a4,0x0084,0x00a4,0x00a4,0x00a5,0x00a5,0x0064,0x0063,0x0084,0x10e6,0x2168,0x29ea,0x322c,0x3a2c,0x320b,0x322c,
    0x29ca,0x1949,0x1107,0x08e7,0x08e7,0x08e7,0x08e7,0x08e7,0x08e7,0x08c6,0x08c6,0x08c6,0x08a6,0x08a5,0x08a5,0x0085,
    0x0084,0x0085,0x00a6,0x00a6,0x00a6,0x08a6,0x08a6,0x1909,0x10e8,0x10e8,0x10e8,0x08c7,0x190a,0x214b,0x18e8,0x210a,
    0x39ad,0x396c,0x18c6,0x18c7,0x10c6,0x0864,0x0863,0x0884,0x0885,0x10c6,0x1908,0x08c6,0x0885,0x0043,0x0043,0x0043,
    0x08e7,0x0928,0x1169,0x0949,0x1128,0x0063,0x0884,0x08a5,0x0022,0x0042,0x0022,0x0021,0x0021,0x0022,0x0000,0x1082,
    0x3988,0x2105,0x5229,0x5229,0x526a,0x19aa,0x0949,0x0948,0x1148,0x1127,0x00c6,0x00c6,0x10e5,0x1107,0x00a5,0x0863,
    0x2105,0x08e7,0x00e6,0x08e6,0x0907,0x0927,0x08e6,0x00c5,0x0927,0x0988,0x0106,0x0927,0x08e6,0x00a5,0x00c6,0x0063,
    0x0084,0x0927,0x09a9,0x0989,0x00e5,0x1a4b,0x120b,0x0989,0x11aa,0x19eb,0x19eb,0x224c,0x0947,0x0063,0x0083,0x0062,
    0x0927,0x1169,0x1168,0x1106,0x0084,0x08e5,0x08a4,0x0084,0x0906,0x08c6,0x0884,0x0042,0x0042,0x0042,0x08a5,0x08a4,
    0x08e6,0x1169,0x1169,0x0907,0x0907,0x0928,0x0908,0x0907,0x08e6,0x08e6,0x00c6,0x00a5,0x0084,0x00a5,0x0084,0x0063,
    0x0063,0x0042,0x0043,0x0042,0x0042,0x0063,0x0022,0x0022,0x0021,0x0022,0x0021,0x0021,0x0022,0x0022,0x0042,0x0043,
    0x0043,0x0043,0x0063,0x0063,0x0063,0x0063,0x0043,0x0043,0x0042,0x0042,0x0042,0x0042,0x0042,0x0022,0x0022,0x0022,
    0x0022,0x0022,0x0022,0x0022,0x0022,0x0022,0x0063,0x0063,0x0022,0x0042,0x0042,0x0042,0x0022,0x0022,0x0022,0x0022,
    0x0022,0x0022,0x0022,0x0022,0x0022,0x0863,0x0022,0x0022,0x0022,0x0022,0x0022,0x0022,0x0042,0x0022,0x0022,0x0022,
    0x0022,0x0022,0x0022,0x0022,0x0022,0x0022,0x0022,0x0021,0x0022,0x0021,0x0021,0x0021,0x0022,0x0022,0x0021,0x0022,
    0x0022,0x0022,0x0022,0x0022,0x0022,0x0022,0x0022,0x0022,0x0042,0x0042,0x0042,0x0022,0x0042,0x0042,0x0042,0x0042,
    0x0042,0x0022,0x0022,0x0022,0x0022,0x0022,0x0022,0x0021,0x0021,0x0021,0x0021,0x0022,0x0001,0x0862,0x0883,0x0021,
    0x0021,0x0022,0x0022,0x0021,0x0021,0x0022,0x0022,0x0001,0x0021,0x0022,0x0021,0x0021,0x0022,0x0022,0x0022,0x0022,
    0x0022,0x0022,0x0022,0x0022,0x0022,0x0022,0x0021,0x0021,0x0022,0x0022,0x0001,0x0022,0x0021,0x0001,0x0021,0x0022,
    0x0022,0x0021,0x0021,0x0021,0x0021,0x0022,0x0022,0x0022,0x0022,0x0022,0x0022,0x0022,0x0022,0x0022,0x0022,0x0022,
    0x0022,0x0022,0x0022,0x0022,0x0021,0x0022,0x0022,0x0022,0x0022,0x0021,0x0022,0x0021,0x0021,0x0022,0x0021,0x0021,
    0x0022,0x0022,0x0022,0x0022,0x0022,0x0022,0x0022,0x0022,0x0022,0x0043,0x0022,0x0022,0x0043,0x0043,0x0884,0x0864,
    0x0043,0x0043,0x0043,0x0043,0x0043,0x0043,0x0043,0x0043,0x0042,0x0043,0x0043,0x0043,0x0042,0x0042,0x0042,0x0043,
    0x0064,0x0084,0x0064,0x0084,0x0084,0x0085,0x0084,0x0043,0x0063,0x0084,0x0084,0x0084,0x00c5,0x00a4,0x00a4,0x00a5,
    0x00a5,0x08c5,0x00a5,0x0063,0x0043,0x08e6,0x29ea,0x530f,0x6b92,0x6bb3,0x63b3,0x5331,0x4acf,0x428e,0x3a2c,0x31cb,
    0x29aa,0x2189,0x2169,0x1948,0x1948,0x1128,0x1128,0x0908,0x0908,0x0907,0x08e7,0x08c6,0x08c6,0x00a6,0x00a6,0x00a5,
    0x0084,0x0085,0x0085,0x0085,0x0084,0x0084,0x08a6,0x1108,0x08c7,0x08e7,0x1108,0x08a6,0x10e8,0x212a,0x10c7,0x2108,
    0x59ee,0x396c,0x2909,0x10a5,0x2108,0x10c6,0x08a5,0x0884,0x0884,0x0063,0x0064,0x0884,0x0864,0x0064,0x0043,0x0043,
    0x18e6,0x10c6,0x08e7,0x0929,0x116a,0x0907,0x0884,0x0063,0x0043,0x0042,0x0043,0x0022,0x0021,0x0863,0x0842,0x0021,
    0x0842,0x0021,0x18c3,0x4a28,0xb532,0x4acd,0x0949,0x1189,0x1168,0x1148,0x08e6,0x00a5,0x08a4,0x1947,0x00e7,0x00c6,
    0x08c6,0x1168,0x0948,0x0907,0x08e6,0x0906,0x0907,0x0106,0x0927,0x0948,0x0968,0x0927,0x00c6,0x0084,0x0063,0x0063,
    0x0043,0x0907,0x1189,0x00a4,0x0063,0x0084,0x1a4c,0x0989,0x0968,0x0968,0x11a9,0x19eb,0x11ca,0x0906,0x08e6,0x0927,
    0x1189,0x1168,0x0906,0x1106,0x1147,0x1189,0x1148,0x0084,0x08c5,0x1107,0x08a4,0x0022,0x0022,0x0063,0x08c5,0x08e6,
    0x1169,0x0948,0x0948,0x0928,0x0928,0x0907,0x0928,0x116a,0x08e6,0x08c6,0x08c6,0x08e6,0x00c5,0x08e6,0x08c6,0x0064,
    0x0063,0x0042,0x0042,0x0042,0x0042,0x0043,0x0042,0x0022,0x0021,0x0021,0x0022,0x0021,0x0022,0x0022,0x0022,0x0021,
    0x0022,0x0043,0x0043,0x0063,0x0063,0x0043,0x0043,0x0043,0x0043,0x0043,0x0043,0x0022,0x0042,0x0022,0x0022,0x0042,
    0x0042,0x0022,0x0022,0x0022,0x0022,0x0022,0x0022,0x0022,0x0022,0x0043,0x0043,0x0043,0x0022,0x0022,0x0022,0x0022,
    0x0021,0x0022,0x0042,0x0021,0x0022,0x0021,0x0022,0x0022,0x0022,0x0022,0x0022,0x0022,0x0022,0x0022,0x0022,0x0022,
    0x0042,0x0022,0x0022,0x0022,0x0022,0x0022,0x0021,0x0021,0x0021,0x0021,0x0021,0x0001,0x0022,0x0022,0x0022,0x0022,
    0x0022,0x0022,0x0022,0x0022,0x0022,0x0021,0x0022,0x0022,0x0042,0x0042,0x0022,0x0043,0x0863,0x0022,0x0022,0x0042,
    0x0042,0x0042,0x0022,0x0022,0x0022,0x0021,0x0021,0x0021,0x0022,0x0022,0x0022,0x0022,0x0021,0x0021,0x0022,0x0022,
    0x0021,0x0021,0x0021,0x0021,0x0022,0x0022,0x0022,0x0022,0x0021,0x0021,0x0021,0x0021,0x0022,0x0022,0x0022,0x0022,
    0x0021,0x0022,0x0022,0x0022,0x0021,0x0021,0x0021,0x0022,0x0021,0x0021,0x0001,0x0021,0x0022,0x0021,0x0022,0x0001,
    0x0022,0x0022,0x0022,0x0021,0x0021,0x0021,0x0021,0x0022,0x0022,0x0022,0x0022,0x0022,0x0022,0x0022,0x0022,0x0042,
    0x0022,0x0021,0x0021,0x0022,0x0042,0x0022,0x0022,0x0022,0x0022,0x0022,0x0022,0x0022,0x0022,0x0022,0x0022,0x0021,
    0x0022,0x0022,0x0022,0x0022,0x0022,0x0022,0x0022,0x0022,0x0043,0x0042,0x0022,0x0043,0x0063,0x0043,0x0043,0x0043,
    0x0043,0x0043,0x0043,0x0043,0x0043,0x0043,0x0043,0x0043,0x0043,0x0042,0x0022,0x0022,0x0022,0x0042,0x0043,0x0063,
    0x0084,0x0084,0x0064,0x0084,0x0084,0x0084,0x0063,0x0043,0x0063,0x0063,0x0063,0x0084,0x00a4,0x00a4,0x00a5,0x08c5,
    0x00a5,0x0064,0x0085,0x29ea,0x6371,0x7c35,0x8456,0x7416,0x5b53,0x428f,0x29cb,0x1949,0x1907,0x1928,0x10e7,0x10c6,
    0x08a5,0x0884,0x0063,0x0864,0x0063,0x0884,0x0884,0x08a5,0x08e6,0x0928,0x1128,0x08e7,0x08c6,0x08c6,0x08a6,0x00a5,
    0x00a5,0x0085,0x0085,0x0084,0x0084,0x0085,0x08c7,0x10e8,0x08c7,0x08c7,0x08e8,0x0885,0x08a6,0x18e8,0x10c7,0x10c6,
    0x18e7,0x314c,0x49ce,0x290a,0x292b,0x18c8,0x0885,0x0885,0x0884,0x0884,0x08a5,0x0063,0x0043,0x0043,0x0043,0x0043,
    0x08e6,0x10c6,0x0908,0x0949,0x0907,0x0928,0x08a5,0x0042,0x0043,0x0043,0x0042,0x0001,0x0022,0x0884,0x0884,0x0022,
    0x3145,0x18c3,0x0862,0x0000,0x3985,0x2a0b,0x19aa,0x1189,0x1169,0x1148,0x1168,0x1128,0x0907,0x1127,0x1128,0x08e6,
    0x1107,0x0928,0x0948,0x08e6,0x08e6,0x08e6,0x0927,0x0927,0x0927,0x0947,0x0907,0x0927,0x00a4,0x08e6,0x0084,0x0042,
    0x0043,0x0083,0x00c5,0x00a4,0x0063,0x0063,0x11ca,0x09aa,0x0948,0x0083,0x00c5,0x0989,0x11aa,0x08e6,0x1948,0x118a,
    0x0948,0x0906,0x0906,0x1127,0x19a9,0x19ca,0x19ca,0x0907,0x08c5,0x08a5,0x0063,0x0043,0x0022,0x0084,0x08e5,0x0063,
    0x0927,0x1148,0x0948,0x0928,0x0928,0x0907,0x08e7,0x0908,0x0907,0x0907,0x0907,0x0907,0x08e6,0x08e6,0x00a5,0x0084,
    0x0063,0x0043,0x0043,0x0042,0x0022,0x0022,0x0022,0x0022,0x0022,0x0021,0x0022,0x0021,0x0021,0x0022,0x0021,0x0021,
    0x0042,0x0042,0x2904,0x2925,0x0043,0x0063,0x0063,0x0063,0x0063,0x0063,0x0043,0x0043,0x0043,0x0043,0x0042,0x0042,
    0x0022,0x0022,0x0022,0x0022,0x0022,0x0022,0x0022,0x0022,0x0022,0x0043,0x0043,0x0042,0x0022,0x0042,0x0022,0x0022,
    0x0022,0x0021,0x0022,0x0042,0x0022,0x0022,0x0022,0x0022,0x0022,0x0022,0x0022,0x0042,0x0042,0x0042,0x0022,0x0022,
    0x0022,0x0022,0x0022,0x0022,0x0022,0x0022,0x0022,0x0001,0x0021,0x0021,0x0021,0x0022,0x0022,0x0021,0x0022,0x0022,
    0x0022,0x0022,0x0022,0x0021,0x0022,0x0022,0x0022,0x0021,0x0022,0x0022,0x0022,0x0022,0x0042,0x0022,0x0042,0x0042,
    0x0022,0x0022,0x0022,0x0022,0x0022,0x0022,0x0021,0x0022,0x0022,0x0022,0x0022,0x0022,0x0021,0x0001,0x0001,0x0021,
    0x0021,0x0021,0x0022,0x0021,0x0021,0x0021,0x0022,0x0021,0x0021,0x0021,0x0021,0x0021,0x0022,0x0022,0x0022,0x0022,
    0x0022,0x0022,0x0022,0x0021,0x0022,0x0021,0x0022,0x1083,0x0001,0x0021,0x0021,0x0022,0x0022,0x0022,0x0022,0x0022,
    0x0021,0x0022,0x0022,0x0021,0x0021,0x0021,0x0022,0x0021,0x0021,0x0022,0x0022,0x0022,0x0022,0x0022,0x0022,0x0022,
    0x0022,0x0842,0x0021,0x0022,0x0042,0x0022,0x0022,0x0022,0x0022,0x0022,0x0022,0x0022,0x0022,0x0022,0x0022,0x0021,
    0x0022,0x0022,0x0022,0x0022,0x0022,0x0022,0x0022,0x0022,0x0042,0x0022,0x0043,0x0043,0x0063,0x0043,0x0043,0x0063,
    0x0043,0x0042,0x0043,0x0043,0x0063,0x0043,0x0043,0x0023,0x0042,0x0022,0x0043,0x0063,0x0043,0x0043,0x0063,0x0063,
    0x0084,0x0064,0x10e6,0x08c6,0x0084,0x0064,0x0063,0x0063,0x0063,0x0063,0x0063,0x0084,0x00a4,0x00a5,0x08e6,0x0084,
    0x0084,0x3a4b,0x8c95,0xa539,0x8c97,0x73b4,0x52d1,0x424e,0x31ec,0x31cb,0x2969,0x298a,0x2969,0x18e6,0x10e6,0x08a5,
    0x0884,0x0864,0x0063,0x0043,0x0043,0x0043,0x0043,0x0042,0x0043,0x0064,0x08c6,0x1108,0x1128,0x08e7,0x08c6,0x08c6,
    0x00a5,0x00a5,0x00a5,0x0084,0x08a5,0x0085,0x00a6,0x1129,0x10e7,0x08a6,0x08a6,0x08a6,0x08a5,0x08a5,0x10c6,0x10e7,
    0x1108,0x296b,0x41ae,0x20e9,0x212a,0x18e9,0x0884,0x0885,0x0885,0x0885,0x10c6,0x0884,0x0043,0x0043,0x0042,0x0043,
    0x08a5,0x08c6,0x10e7,0x0928,0x0907,0x08e7,0x00a5,0x0021,0x0042,0x0042,0x0863,0x0042,0x0042,0x0863,0x18c5,0x10a3,
    0x2904,0x2924,0x1082,0x20e3,0x2987,0x1189,0x19a9,0x1968,0x2189,0x118a,0x1148,0x1128,0x08c6,0x21a9,0x1148,0x08c5,
    0x1107,0x0928,0x0948,0x0907,0x08e6,0x0907,0x2189,0x1947,0x1148,0x0947,0x0927,0x0906,0x0084,0x0084,0x0063,0x0042,
    0x0042,0x0043,0x0063,0x00a4,0x00a4,0x0083,0x08c5,0x11a9,0x0968,0x00a5,0x0084,0x0948,0x08e6,0x0063,0x0084,0x1989,
    0x0927,0x0906,0x1127,0x1168,0x19ca,0x19aa,0x1148,0x08e6,0x0906,0x0084,0x0063,0x0042,0x0022,0x0063,0x08e6,0x0042,
    0x0062,0x1169,0x1169,0x1148,0x0927,0x0907,0x0907,0x0907,0x0907,0x0928,0x1148,0x0927,0x1107,0x08e6,0x00c5,0x0084,
    0x0084,0x0043,0x0042,0x0022,0x0022,0x0022,0x0022,0x0022,0x0021,0x0022,0x0022,0x0021,0x0021,0x0021,0x0021,0x0021,
    0x0042,0x0022,0x2904,0x2925,0x0043,0x0063,0x0063,0x0063,0x0063,0x0043,0x0043,0x0063,0x0064,0x0063,0x0043,0x0022,
    0x0022,0x0022,0x0022,0x0022,0x0022,0x0022,0x0022,0x0022,0x0042,0x0042,0x0042,0x0022,0x0883,0x0842,0x0022,0x0042,
    0x0863,0x0022,0x0022,0x0022,0x0022,0x0022,0x0022,0x0022,0x0022,0x0022,0x0022,0x0042,0x0863,0x0042,0x0042,0x0022,
    0x0022,0x0022,0x0022,0x0022,0x0021,0x0022,0x0022,0x0022,0x0022,0x0022,0x0021,0x0022,0x0022,0x0022,0x0022,0x0022,
    0x0022,0x0022,0x0022,0x0021,0x0021,0x0021,0x0021,0x0022,0x0022,0x0021,0x0022,0x0022,0x0022,0x0022,0x0022,0x0022,
    0x0042,0x0042,0x0022,0x0022,0x0022,0x0022,0x0022,0x0022,0x0022,0x0022,0x0022,0x0863,0x0021,0x0021,0x0021,0x0021,
    0x0021,0x0021,0x0022,0x0021,0x0022,0x0022,0x0022,0x0021,0x0022,0x0022,0x0022,0x0021,0x0022,0x0022,0x0021,0x0022,
    0x0022,0x0022,0x0022,0x0022,0x0022,0x0022,0x0022,0x0021,0x0021,0x0021,0x0021,0x0022,0x0022,0x0022,0x0022,0x0042,
    0x0022,0x0022,0x0021,0x0021,0x0021,0x0022,0x0022,0x0022,0x0022,0x0022,0x0022,0x0022,0x0022,0x0022,0x0022,0x0022,
    0x0042,0x10a3,0x0021,0x0022,0x0842,0x0022,0x0021,0x0022,0x0022,0x0001,0x0001,0x0022,0x0022,0x0022,0x0022,0x0022,
    0x0022,0x0022,0x0022,0x0022,0x0022,0x0022,0x0042,0x0042,0x0043,0x0043,0x0043,0x0063,0x0043,0x0043,0x0043,0x0063,
    0x0043,0x0043,0x0042,0x0042,0x0043,0x0042,0x0042,0x0042,0x0042,0x0022,0x0042,0x0063,0x0064,0x0063,0x0064,0x0064,
    0x0084,0x0084,0x1927,0x08a5,0x0064,0x0043,0x0043,0x0063,0x0063,0x0063,0x0063,0x0084,0x00a4,0x00a5,0x0084,0x320b,
    0x8cb5,0xad7a,0x8457,0x6353,0x5b12,0x5b11,0x4a8f,0x424e,0x31cb,0x2969,0x2128,0x2148,0x1907,0x08a5,0x08a5,0x0864,
    0x0043,0x0043,0x0043,0x0043,0x0043,0x0043,0x0043,0x0043,0x0043,0x0043,0x0042,0x0063,0x08e6,0x1108,0x08e7,0x08c6,
    0x08a6,0x08a5,0x08c6,0x0085,0x0085,0x00a5,0x0085,0x08c6,0x1908,0x0885,0x08a7,0x08c7,0x08a6,0x0085,0x08a5,0x212a,
    0x298c,0x316c,0x318d,0x212a,0x2129,0x212a,0x0885,0x0884,0x08a6,0x08a6,0x1909,0x08c6,0x0063,0x0043,0x0042,0x0042,
    0x08e7,0x08e7,0x08e7,0x0907,0x0907,0x08e7,0x08e7,0x0042,0x0022,0x0042,0x08a5,0x0864,0x0883,0x0842,0x18c4,0x18a3,
    0x20e3,0x2944,0x1061,0x2145,0x1127,0x1127,0x1948,0x1106,0x0883,0x29ea,0x21eb,0x118a,0x1169,0x19aa,0x1989,0x1169,
    0x1988,0x1168,0x0948,0x1148,0x08e6,0x1148,0x1168,0x1128,0x0907,0x1107,0x1948,0x1127,0x08c5,0x00a5,0x0063,0x0063,
    0x0043,0x0063,0x0084,0x0084,0x0906,0x00c5,0x00e6,0x1126,0x21c9,0x0927,0x00e6,0x0907,0x00a5,0x0063,0x0084,0x08c5,
    0x0084,0x08a5,0x1148,0x1969,0x1148,0x1127,0x1148,0x1928,0x10e6,0x00a5,0x0084,0x0043,0x0063,0x0043,0x00c5,0x08c5,
    0x0863,0x08c5,0x1169,0x1148,0x1148,0x0907,0x0907,0x1128,0x1128,0x1128,0x1128,0x1127,0x1107,0x08c6,0x08c5,0x0084,
    0x0084,0x0043,0x0063,0x0043,0x0022,0x0022,0x0022,0x0022,0x0022,0x0022,0x0042,0x0022,0x0021,0x0021,0x0021,0x0021,
    0x0022,0x0022,0x0022,0x0043,0x0063,0x0043,0x0043,0x0043,0x0043,0x0043,0x0063,0x0063,0x0063,0x0063,0x0043,0x0042,
    0x0022,0x0042,0x0042,0x0022,0x0022,0x0022,0x0022,0x0042,0x0022,0x0042,0x0022,0x0022,0x0043,0x0022,0x0022,0x0022,
    0x0022,0x0022,0x0022,0x0021,0x0022,0x0022,0x0022,0x0022,0x0022,0x0022,0x0022,0x0863,0x420a,0x0863,0x0042,0x0042,
    0x0022,0x0022,0x0022,0x0022,0x0021,0x0022,0x0022,0x0022,0x0022,0x0022,0x0022,0x0022,0x0022,0x0022,0x0022,0x0022,
    0x0022,0x0022,0x0022,0x0022,0x0021,0x0021,0x0021,0x0021,0x0021,0x0001,0x0021,0x0021,0x0021,0x0021,0x0022,0x0022,
    0x0022,0x0022,0x0022,0x0022,0x0022,0x0022,0x0022,0x0022,0x0022,0x0022,0x0022,0x0021,0x0022,0x0022,0x0022,0x0021,
    0x0021,0x0021,0x0021,0x0022,0x0022,0x0022,0x0022,0x0022,0x0022,0x0022,0x0022,0x0021,0x0021,0x0022,0x0022,0x0022,
    0x0022,0x0022,0x0022,0x0022,0x0022,0x0022,0x0022,0x0022,0x0021,0x0021,0x0022,0x0022,0x0021,0x0001,0x0022,0x0021,
    0x0022,0x0021,0x0021,0x0021,0x0021,0x0022,0x0022,0x0022,0x0022,0x0022,0x0022,0x0022,0x0022,0x0022,0x0021,0x0022,
    0x0022,0x0021,0x0022,0x0022,0x0022,0x0022,0x0022,0x0022,0x0021,0x10a3,0x10a3,0x0021,0x0022,0x0022,0x0022,0x0022,
    0x0022,0x0022,0x0022,0x0022,0x0022,0x0022,0x0043,0x0043,0x0043,0x0043,0x0042,0x0043,0x0043,0x0043,0x0043,0x0042,
    0x0022,0x0043,0x0043,0x0043,0x0022,0x0022,0x0022,0x0022,0x0022,0x0022,0x0042,0x0043,0x0042,0x0043,0x0063,0x0063,
    0x0063,0x0064,0x0064,0x0063,0x0063,0x0043,0x0063,0x0063,0x0063,0x0063,0x0084,0x08a4,0x0063,0x08c5,0x7bd1,0xbdda,
    0xa519,0x6b73,0x62f1,0x52af,0x52b0,0x4a4e,0x31cb,0x298a,0x39eb,0x2969,0x1907,0x18e6,0x0884,0x0063,0x0884,0x0863,
    0x0043,0x0043,0x0043,0x0063,0x0063,0x0063,0x0043,0x0043,0x0043,0x0043,0x0043,0x0043,0x0042,0x0084,0x08a6,0x08c6,
    0x00a6,0x08c6,0x08c6,0x00a5,0x08a6,0x08c6,0x00a5,0x08a5,0x08a5,0x0885,0x08a6,0x0885,0x08a6,0x08a5,0x08c6,0x192a,
    0x296c,0x296d,0x298d,0x296c,0x18e8,0x18e8,0x10c7,0x0884,0x10c7,0x10c7,0x1108,0x10e7,0x0064,0x0043,0x0043,0x0042,
    0x08c6,0x08c7,0x08e7,0x08e7,0x08c6,0x08c6,0x08c7,0x00a5,0x0042,0x0843,0x1085,0x08a5,0x0863,0x1083,0x0862,0x0021,
    0x3144,0x18c3,0x2103,0x1147,0x0927,0x1948,0x1969,0x1149,0x08c5,0x3a4c,0x2168,0x1107,0x21ca,0x21a9,0x1968,0x1968,
    0x1127,0x1989,0x1168,0x1127,0x1947,0x1969,0x1128,0x1148,0x1148,0x0907,0x08e6,0x00c5,0x08c5,0x00a5,0x0063,0x0084,
    0x0063,0x0063,0x00a4,0x00a5,0x00e6,0x0927,0x0907,0x00a5,0x00c5,0x0906,0x08e6,0x00a4,0x00a4,0x0063,0x0084,0x0063,
    0x0063,0x08a5,0x2188,0x1968,0x1106,0x1107,0x1948,0x1948,0x1107,0x00a5,0x00a5,0x0063,0x0043,0x0063,0x0084,0x08c6,
    0x08a5,0x0884,0x1107,0x08a5,0x1947,0x1106,0x1127,0x1148,0x1148,0x1148,0x1927,0x1928,0x08e6,0x08c6,0x08c5,0x0084,
    0x0084,0x0084,0x0084,0x0064,0x0042,0x0042,0x0022,0x0022,0x0022,0x0022,0x0022,0x0042,0x0022,0x0021,0x0022,0x0022,
    0x0022,0x0021,0x0021,0x0042,0x0043,0x0042,0x0043,0x0043,0x0042,0x0042,0x0042,0x0043,0x0063,0x0063,0x0043,0x0043,
    0x0042,0x0022,0x0042,0x0042,0x0042,0x0022,0x0022,0x0043,0x0042,0x0042,0x0042,0x0042,0x0022,0x0022,0x0022,0x0022,
    0x0022,0x0022,0x0022,0x0021,0x0022,0x0022,0x0022,0x0022,0x0022,0x0022,0x0042,0x0043,0x0864,0x0043,0x0042,0x0022,
    0x0022,0x0022,0x0022,0x0022,0x0022,0x0022,0x0022,0x0021,0x0022,0x0022,0x0022,0x0022,0x0022,0x0022,0x0021,0x0022,
    0x0022,0x0022,0x0022,0x0022,0x0022,0x0022,0x0022,0x0021,0x0021,0x0021,0x0021,0x0001,0x0021,0x0022,0x0022,0x0022,
    0x0022,0x0022,0x0022,0x0022,0x0022,0x0022,0x0022,0x0022,0x0022,0x0022,0x0022,0x0022,0x0022,0x0021,0x0022,0x0022,
    0x0022,0x0022,0x0022,0x0022,0x0022,0x0022,0x0022,0x0022,0x0022,0x0022,0x0022,0x0022,0x0022,0x0022,0x0022,0x0022,
    0x0022,0x0022,0x0022,0x0022,0x0022,0x0022,0x0021,0x0022,0x0021,0x0022,0x0022,0x0021,0x0863,0x18c4,0x0021,0x0021,
    0x0001,0x0022,0x0022,0x0021,0x0021,0x0021,0x0022,0x0022,0x0022,0x0022,0x0022,0x0022,0x0022,0x0022,0x0022,0x0022,
    0x0022,0x0022,0x0022,0x0022,0x0022,0x0022,0x0022,0x0022,0x0022,0x0862,0x0862,0x0021,0x0022,0x0022,0x0022,0x0042,
    0x0022,0x0022,0x0022,0x0022,0x0022,0x0042,0x0043,0x0043,0x0043,0x0022,0x0042,0x0043,0x0023,0x0043,0x0043,0x0042,
    0x0042,0x0043,0x0043,0x0043,0x0022,0x0022,0x0022,0x0022,0x0022,0x0022,0x0022,0x0043,0x0042,0x0043,0x0043,0x0043,
    0x0043,0x0043,0x0063,0x0063,0x0063,0x0043,0x0064,0x0063,0x0063,0x0084,0x08a4,0x0043,0x29a9,0xad37,0xad39,0x8c36,
    0x7393,0x7373,0x62f0,0x528f,0x4a4e,0x39ec,0x298a,0x39ec,0x318a,0x18e7,0x18e7,0x08a5,0x0863,0x0883,0x0884,0x0043,
    0x0043,0x0043,0x0043,0x0043,0x0043,0x0063,0x0043,0x0043,0x0042,0x0042,0x0043,0x0043,0x0043,0x0042,0x0043,0x08a5,
    0x08e7,0x08c7,0x08c6,0x08c6,0x08c6,0x08a6,0x08a5,0x0085,0x0885,0x0064,0x0084,0x0084,0x08c7,0x08c6,0x08c6,0x1109,
    0x192a,0x214b,0x214b,0x296c,0x18e8,0x1908,0x1908,0x08a6,0x08a6,0x1929,0x1909,0x10e8,0x0864,0x0043,0x0022,0x0022,
    0x08a5,0x10c6,0x1108,0x08e7,0x08c6,0x08c6,0x1107,0x08c6,0x08a5,0x0884,0x0884,0x0884,0x0842,0x1083,0x0841,0x0000,
    0x0821,0x2944,0x1106,0x0928,0x1169,0x1169,0x10e6,0x324d,0x1108,0x2189,0x10e6,0x0021,0x1947,0x21aa,0x2189,0x1169,
    0x1127,0x19aa,0x1989,0x1968,0x1968,0x1969,0x21a9,0x19a9,0x1169,0x0907,0x10e6,0x1127,0x00c5,0x08c5,0x00a4,0x0084,
    0x08c5,0x0083,0x00a4,0x00c5,0x0969,0x0989,0x0927,0x0907,0x0947,0x0906,0x00c5,0x00c5,0x00a5,0x0084,0x0084,0x0063,
    0x0063,0x0043,0x31a7,0x1947,0x08c6,0x08e6,0x08e6,0x1107,0x08e6,0x00a5,0x0084,0x0064,0x0043,0x0043,0x0084,0x00a5,
    0x08c6,0x08a4,0x10e6,0x0884,0x0883,0x0863,0x0063,0x08e6,0x1127,0x1127,0x08e6,0x1106,0x08e6,0x10e6,0x08c5,0x08a5,
    0x08a5,0x0084,0x0063,0x0063,0x0043,0x0043,0x0022,0x0022,0x0022,0x0022,0x0022,0x0022,0x0022,0x0022,0x0022,0x0022,
    0x0021,0x0021,0x0021,0x0022,0x0022,0x0042,0x0022,0x0042,0x0022,0x0022,0x0021,0x0022,0x0042,0x0043,0x0063,0x0043,
    0x0043,0x0043,0x0043,0x0042,0x0042,0x0042,0x0042,0x0043,0x0043,0x0042,0x0022,0x0042,0x0042,0x0042,0x0022,0x0022,
    0x0022,0x0022,0x0022,0x0022,0x0022,0x0022,0x0022,0x0022,0x0022,0x0022,0x0022,0x0022,0x0042,0x0042,0x0042,0x0022,
    0x0022,0x0042,0x0042,0x0022,0x0042,0x0022,0x0022,0x0022,0x0022,0x0022,0x0022,0x0022,0x0022,0x0022,0x0022,0x0022,
    0x0022,0x0021,0x0021,0x0022,0x0022,0x0022,0x0022,0x0022,0x0021,0x0021,0x0021,0x0001,0x0021,0x0022,0x0022,0x0022,
    0x0022,0x0022,0x0022,0x0022,0x0022,0x0022,0x0022,0x0022,0x0022,0x0022,0x0022,0x0022,0x0022,0x0022,0x0022,0x0022,
    0x0022,0x0022,0x0022,0x0022,0x0022,0x0021,0x0022,0x0021,0x0022,0x0022,0x0022,0x0022,0x0022,0x0022,0x0022,0x0022,
    0x0022,0x0022,0x0022,0x0022,0x0022,0x0022,0x0021,0x0021,0x0021,0x0021,0x0022,0x0021,0x0042,0x0883,0x0021,0x0001,
    0x0021,0x0021,0x0022,0x0021,0x0021,0x0021,0x0022,0x0022,0x0022,0x0022,0x0022,0x0022,0x0022,0x0022,0x0022,0x0022,
    0x0022,0x0022,0x0022,0x0022,0x0022,0x0022,0x0022,0x0022,0x0022,0x0022,0x0001,0x0022,0x0022,0x0022,0x1083,0x0862,
    0x0022,0x0022,0x0022,0x0022,0x0042,0x0042,0x0042,0x0042,0x0042,0x0042,0x0043,0x0043,0x0043,0x0043,0x0042,0x0043,
    0x0042,0x0042,0x0043,0x0022,0x0042,0x0022,0x0022,0x0022,0x0022,0x0042,0x0043,0x0063,0x0063,0x0042,0x0043,0x0063,
    0x0043,0x0042,0x0042,0x0043,0x0043,0x0063,0x0063,0x0063,0x0064,0x08a4,0x0043,0x4a8c,0xce3b,0xacf8,0x9456,0x9436,
    0x7373,0x7b93,0x5ab0,0x422d,0x4a2d,0x39cb,0x2949,0x2969,0x2128,0x2949,0x18e6,0x10a5,0x0884,0x0884,0x0063,0x0043,
    0x0043,0x0043,0x0043,0x0043,0x0042,0x0042,0x0043,0x0043,0x0042,0x0042,0x0042,0x0043,0x0043,0x0042,0x0042,0x0022,
    0x08a5,0x08e7,0x08c6,0x08a6,0x00a5,0x08a6,0x0085,0x0084,0x0064,0x0064,0x0084,0x0085,0x08a6,0x08a5,0x08c7,0x0908,
    0x10e8,0x212a,0x294b,0x1909,0x1908,0x1108,0x192a,0x18e9,0x10e8,0x194b,0x1909,0x08a6,0x0864,0x0043,0x0043,0x0042,
    0x08c6,0x10c6,0x10e7,0x10e7,0x10c6,0x08e7,0x10e7,0x08c6,0x08c6,0x08a6,0x10e6,0x10e6,0x0884,0x18e4,0x0884,0x0042,
    0x0063,0x1106,0x0907,0x08e7,0x0928,0x1149,0x08e7,0x1127,0x1906,0x31c9,0x19aa,0x10c5,0x31ea,0x2a0c,0x21ca,0x2189,
    0x21ca,0x21eb,0x1127,0x1926,0x1968,0x1948,0x29a8,0x19a9,0x1169,0x08e6,0x0062,0x1905,0x0906,0x08c6,0x00a5,0x0084,
    0x08e5,0x00c5,0x00a4,0x00c5,0x00e6,0x09ca,0x11ca,0x09a9,0x11ca,0x0907,0x08e6,0x08e6,0x08e6,0x00a5,0x0084,0x0063,
    0x1083,0x3166,0x2147,0x1107,0x08c5,0x1948,0x1127,0x0907,0x08e6,0x08a5,0x0084,0x0063,0x0063,0x0084,0x0063,0x0084,
    0x08c6,0x08e6,0x08c5,0x08a4,0x0063,0x00a4,0x0042,0x0084,0x1127,0x1107,0x10e6,0x08e6,0x08e6,0x1106,0x1106,0x08c5,
    0x08c5,0x0084,0x0063,0x0063,0x0063,0x0884,0x0043,0x0022,0x0022,0x0042,0x0042,0x0043,0x0042,0x0022,0x0042,0x0022,
    0x0021,0x0022,0x0021,0x0021,0x0021,0x0022,0x0042,0x0022,0x0022,0x0021,0x0021,0x0021,0x0022,0x0022,0x0063,0x0043,
    0x0043,0x0043,0x0043,0x0042,0x0042,0x0042,0x0043,0x0042,0x0043,0x0042,0x0843,0x0863,0x0043,0x0022,0x0042,0x0022,
    0x0042,0x0022,0x0022,0x0022,0x0022,0x0022,0x0021,0x0022,0x0022,0x0022,0x0022,0x0022,0x0022,0x0022,0x0042,0x0022,
    0x0022,0x0022,0x0022,0x0042,0x0022,0x0022,0x0022,0x0022,0x0022,0x0022,0x0022,0x0022,0x0022,0x0022,0x0022,0x0022,
    0x0022,0x0022,0x0022,0x0022,0x0022,0x0022,0x0022,0x0022,0x0021,0x0021,0x0021,0x0021,0x0022,0x0022,0x0022,0x0022,
    0x0022,0x0022,0x0022,0x0022,0x0022,0x0022,0x0022,0x0863,0x0022,0x0022,0x0022,0x0022,0x0042,0x0022,0x0022,0x0022,
    0x0022,0x0022,0x0022,0x0021,0x0021,0x0022,0x0022,0x0022,0x0022,0x0022,0x0022,0x0022,0x0022,0x0022,0x0022,0x0022,
    0x0022,0x0021,0x0022,0x0022,0x0022,0x0021,0x0021,0x0021,0x0021,0x0021,0x0021,0x0022,0x0001,0x0001,0x0022,0x0001,
    0x0021,0x0021,0x0021,0x0021,0x0021,0x0021,0x0022,0x0022,0x0022,0x0022,0x0022,0x0022,0x0022,0x0022,0x0022,0x0022,
    0x0021,0x0022,0x0022,0x0021,0x0022,0x0022,0x0022,0x0022,0x0022,0x0022,0x0022,0x0022,0x0022,0x0022,0x0022,0x0022,
    0x0022,0x0022,0x0022,0x0042,0x0042,0x0022,0x0022,0x0022,0x0042,0x0043,0x0043,0x0043,0x0043,0x0043,0x0042,0x0043,
    0x0022,0x0042,0x0022,0x0042,0x0022,0x0022,0x0022,0x0022,0x0022,0x0022,0x0063,0x0043,0x0042,0x0042,0x0063,0x0063,
    0x0042,0x0042,0x0042,0x0043,0x0043,0x0063,0x0063,0x0064,0x0884,0x0023,0x52ce,0xce3b,0xa4f7,0xa4b7,0x9c97,0x62d0,
    0x5ab0,0x420d,0x420d,0x41ec,0x420c,0x1907,0x10c6,0x1907,0x18e6,0x1907,0x18e6,0x0884,0x0063,0x0884,0x0063,0x0043,
    0x0043,0x0043,0x0043,0x0043,0x0043,0x0043,0x0042,0x0042,0x0042,0x0042,0x0022,0x0022,0x0042,0x0022,0x0022,0x0022,
    0x0022,0x08a5,0x08c7,0x08a6,0x08a6,0x08a6,0x08a5,0x0085,0x0084,0x0064,0x0064,0x0064,0x0064,0x10c7,0x212a,0x08e8,
    0x10e8,0x214b,0x214b,0x1909,0x10e8,0x10c6,0x18e8,0x212a,0x190a,0x192a,0x08a6,0x0864,0x0885,0x0043,0x0043,0x0042,
    0x10e7,0x10c6,0x08c6,0x10c5,0x10c6,0x08c6,0x10c6,0x10a6,0x10a6,0x10a6,0x10e6,0x10c6,0x08a6,0x08a5,0x08c6,0x08e6,
    0x08c6,0x00a5,0x08e6,0x0928,0x0907,0x0908,0x0907,0x1107,0x19aa,0x19aa,0x19aa,0x1968,0x2988,0x2a0b,0x2a4d,0x1127,
    0x2147,0x2a0b,0x21a9,0x21a9,0x2188,0x21a9,0x19a9,0x1189,0x1169,0x1148,0x08c5,0x00a5,0x0907,0x08e6,0x08e6,0x08c5,
    0x08c5,0x08e6,0x00c5,0x08e6,0x0927,0x0948,0x0968,0x1189,0x0989,0x00c5,0x0907,0x0907,0x0906,0x08e6,0x0063,0x0063,
    0x10c5,0x2946,0x08c5,0x1107,0x08e6,0x1107,0x1128,0x08e6,0x08c5,0x08c6,0x08a5,0x0063,0x00a4,0x00a4,0x0063,0x0063,
    0x08a5,0x08e6,0x08e6,0x08c5,0x08a4,0x08c5,0x0063,0x0063,0x1106,0x08c5,0x08e6,0x1107,0x10e6,0x10e6,0x1126,0x08c5,
    0x08c5,0x08a5,0x0064,0x0063,0x0063,0x0063,0x0063,0x0043,0x0042,0x0042,0x0063,0x0863,0x0042,0x0022,0x0022,0x0022,
    0x0022,0x0022,0x0022,0x0021,0x0021,0x0021,0x0021,0x0021,0x0021,0x0021,0x0021,0x0001,0x0021,0x0001,0x0042,0x0043,
    0x0043,0x0043,0x0043,0x0043,0x0042,0x0043,0x0042,0x0042,0x0042,0x0042,0x0863,0x0043,0x0022,0x0042,0x0042,0x0043,
    0x0043,0x0042,0x0022,0x0022,0x0022,0x0022,0x0022,0x0022,0x0022,0x0022,0x0022,0x0022,0x0022,0x0042,0x0042,0x0042,
    0x0042,0x0022,0x0022,0x0022,0x0022,0x0022,0x0022,0x0022,0x0022,0x0022,0x0022,0x0022,0x0022,0x0022,0x0022,0x0022,
    0x0022,0x0022,0x0022,0x0022,0x0022,0x0022,0x0022,0x0022,0x0022,0x0001,0x0021,0x0021,0x0021,0x0022,0x0022,0x0022,
    0x0021,0x0021,0x0021,0x0021,0x0022,0x0042,0x0022,0x0022,0x0022,0x0022,0x0022,0x0042,0x0022,0x0022,0x0022,0x0022,
    0x0022,0x0022,0x0022,0x0022,0x0022,0x0021,0x0021,0x0022,0x0022,0x0022,0x0022,0x0021,0x0022,0x0021,0x0021,0x0022,
    0x0022,0x0021,0x0021,0x0022,0x0021,0x0021,0x0021,0x0022,0x0021,0x0021,0x0021,0x0021,0x0021,0x0021,0x0001,0x0021,
    0x0021,0x0021,0x0022,0x0022,0x0022,0x0022,0x0022,0x0022,0x0022,0x0022,0x0022,0x0022,0x0022,0x0022,0x0022,0x0022,
    0x0022,0x0022,0x0022,0x0022,0x0022,0x0022,0x0022,0x0022,0x0022,0x0022,0x0022,0x0022,0x0022,0x0022,0x0022,0x0022,
    0x0022,0x0022,0x0022,0x0043,0x0022,0x0022,0x0042,0x0043,0x0043,0x0043,0x18a3,0x18a3,0x0043,0x0043,0x0042,0x0042,
    0x0022,0x0022,0x0022,0x0022,0x0022,0x0022,0x0022,0x0022,0x0022,0x0022,0x0043,0x0022,0x0022,0x0042,0x0043,0x0043,
    0x0043,0x0042,0x0043,0x0043,0x0063,0x0064,0x0064,0x08a4,0x0043,0x52ad,0xd63c,0xacf8,0xa4d7,0x83d3,0x6b31,0x39cb,
    0x41ec,0x4a2e,0x39cb,0x2969,0x2107,0x10a5,0x18e6,0x1906,0x0043,0x0863,0x1084,0x0864,0x0043,0x0043,0x0043,0x0042,
    0x0042,0x0043,0x0043,0x0042,0x0042,0x0042,0x0043,0x0042,0x0022,0x0022,0x0022,0x0022,0x0022,0x0022,0x0022,0x0022,
    0x0022,0x0042,0x0885,0x08c7,0x08c6,0x08a6,0x08a5,0x0085,0x0084,0x0063,0x0064,0x0884,0x0064,0x10c7,0x212a,0x08e8,
    0x08c7,0x212a,0x1909,0x10c7,0x10e7,0x08c7,0x1909,0x212a,0x10e8,0x1909,0x08c6,0x0064,0x0885,0x0043,0x0043,0x0043,
    0x10c6,0x10c6,0x08a6,0x10c6,0x08a5,0x10a5,0x10c6,0x10c6,0x10a6,0x10c6,0x10c6,0x10a5,0x10a5,0x10a5,0x08a5,0x08a5,
    0x08c5,0x08a5,0x08c6,0x1127,0x2189,0x1128,0x1948,0x1928,0x2189,0x2a2c,0x2a0c,0x21aa,0x10e6,0x31ea,0x2a4d,0x08c6,
    0x10e5,0x1968,0x1968,0x2a4d,0x322b,0x29ca,0x21a9,0x21c9,0x1968,0x1148,0x1148,0x0927,0x0927,0x1107,0x0907,0x0907,
    0x08c5,0x10c5,0x08e6,0x0927,0x0927,0x0927,0x1168,0x1189,0x00a5,0x00a4,0x08c5,0x0948,0x1169,0x0907,0x00a5,0x0884,
    0x0884,0x0063,0x0063,0x08c5,0x08c5,0x10e6,0x1127,0x00e6,0x00c5,0x08c5,0x08a5,0x0084,0x00a4,0x00a4,0x0063,0x0043,
    0x0084,0x08c5,0x08c5,0x08e5,0x08c5,0x08a5,0x0084,0x0042,0x0063,0x0063,0x08a4,0x10e6,0x1906,0x1106,0x10e6,0x08c5,
    0x08c5,0x08c5,0x08a5,0x08a4,0x0084,0x0084,0x08a4,0x0043,0x0043,0x0043,0x0043,0x0043,0x0043,0x0022,0x0022,0x0022,
    0x0022,0x0022,0x0022,0x0022,0x0022,0x0022,0x0022,0x0022,0x0022,0x0021,0x0021,0x0021,0x0021,0x0022,0x0022,0x0042,
    0x0042,0x0043,0x0043,0x0043,0x0043,0x0863,0x0042,0x0022,0x0022,0x0022,0x0022,0x0042,0x0022,0x0022,0x0042,0x0042,
    0x0022,0x0022,0x0022,0x0022,0x0022,0x1083,0x0022,0x0022,0x0022,0x0022,0x0022,0x0022,0x0022,0x0022,0x0042,0x0043,
    0x0022,0x0022,0x0042,0x0042,0x0022,0x0022,0x0022,0x0022,0x0022,0x0022,0x0022,0x0042,0x0022,0x0022,0x0022,0x0022,
    0x0022,0x0022,0x0022,0x0022,0x0022,0x0022,0x0021,0x0001,0x0021,0x0021,0x0021,0x0001,0x0021,0x0022,0x0842,0x0022,
    0x0021,0x0021,0x0021,0x0021,0x0022,0x0022,0x0022,0x0022,0x0022,0x0022,0x0022,0x0042,0x0022,0x0043,0x0043,0x0042,
    0x0022,0x0022,0x0022,0x0022,0x0022,0x0022,0x0022,0x0022,0x0022,0x0022,0x0022,0x0022,0x0021,0x0021,0x0021,0x0022,
    0x0022,0x0022,0x0022,0x0021,0x0021,0x0021,0x0021,0x0001,0x0021,0x0021,0x0021,0x0021,0x0021,0x0021,0x0021,0x0021,
    0x0021,0x0001,0x0001,0x0022,0x0022,0x0021,0x0021,0x0021,0x0022,0x0022,0x0022,0x0022,0x0022,0x0022,0x0022,0x0022,
    0x0022,0x0022,0x0022,0x0022,0x0022,0x0022,0x0022,0x0022,0x0022,0x0022,0x0022,0x0022,0x0022,0x0022,0x0022,0x0022,
    0x0022,0x0022,0x0022,0x0022,0x0022,0x0022,0x0042,0x0043,0x0043,0x0042,0x5207,0x51e7,0x0022,0x0043,0x0042,0x0042,
    0x0042,0x0022,0x0042,0x0042,0x0022,0x0022,0x0042,0x0863,0x0022,0x0022,0x0022,0x0022,0x0022,0x0022,0x0022,0x0022,
    0x0043,0x0043,0x0043,0x0043,0x0063,0x0063,0x0084,0x0043,0x4a6b,0xce1b,0xacd8,0xb539,0x7b93,0x6b52,0x6b11,0x5ab0,
    0x5ab0,0x41ed,0x2928,0x2128,0x10a5,0x0863,0x2948,0x0864,0x0864,0x0043,0x0043,0x0863,0x0864,0x0042,0x0022,0x0022,
    0x0022,0x0022,0x0042,0x0042,0x0042,0x0042,0x0042,0x0042,0x0042,0x0042,0x0022,0x0022,0x0022,0x0022,0x0022,0x0022,
    0x0022,0x0022,0x0042,0x08a5,0x08c6,0x08a5,0x0885,0x0085,0x0085,0x0064,0x0064,0x0064,0x0064,0x10e7,0x10e8,0x08c7,
    0x08c7,0x1909,0x212a,0x18e8,0x1908,0x10c7,0x1108,0x192a,0x1109,0x10e8,0x0885,0x0064,0x0885,0x0063,0x0043,0x0043,
    0x10a5,0x10c6,0x08a6,0x08a6,0x0863,0x10a4,0x0863,0x10c6,0x1907,0x10a5,0x10a5,0x10a5,0x2926,0x10a5,0x08a5,0x10a5,
    0x08c5,0x00a5,0x08c5,0x0063,0x2147,0x08a5,0x1106,0x2189,0x1969,0x21ca,0x21aa,0x2189,0x1948,0x29ea,0x3a4c,0x1148,
    0x0863,0x1947,0x08c5,0x29ca,0x322c,0x2168,0x2189,0x2189,0x21a9,0x10c5,0x1927,0x1969,0x1148,0x1127,0x1148,0x1147,
    0x08c5,0x08c5,0x08e6,0x0947,0x1168,0x08e5,0x08c5,0x1148,0x1148,0x08e6,0x08c5,0x1148,0x0948,0x08e6,0x00a5,0x08a4,
    0x0884,0x0063,0x0063,0x08e7,0x0928,0x08c6,0x1148,0x1989,0x08e6,0x08c5,0x08a5,0x08a5,0x08a5,0x0084,0x0063,0x0043,
    0x0043,0x0884,0x0884,0x08a4,0x0884,0x0084,0x0084,0x0042,0x0042,0x0043,0x0884,0x10e6,0x1106,0x10e6,0x10e5,0x10e5,
    0x08c5,0x08c5,0x08a5,0x08a5,0x08a5,0x08a4,0x0084,0x0063,0x0063,0x0043,0x0043,0x0043,0x0043,0x0042,0x0022,0x0042,
    0x0022,0x0042,0x0042,0x0042,0x0022,0x0022,0x0022,0x0022,0x0022,0x0021,0x0022,0x0022,0x0021,0x0022,0x0022,0x0022,
    0x0043,0x0042,0x0042,0x0043,0x0043,0x0043,0x0022,0x0022,0x0022,0x0021,0x0022,0x0022,0x0022,0x0022,0x0042,0x0042,
    0x18a3,0x0863,0x0022,0x0022,0x0022,0x0042,0x0022,0x0022,0x0022,0x0022,0x0022,0x0022,0x0022,0x0022,0x0022,0x0042,
    0x0022,0x0022,0x0022,0x0022,0x0022,0x0022,0x0022,0x0022,0x0022,0x0022,0x0022,0x0022,0x0022,0x0022,0x0021,0x0021,
    0x0022,0x0022,0x0022,0x0021,0x0021,0x0021,0x0021,0x0001,0x0001,0x0021,0x0021,0x0001,0x0021,0x0021,0x0042,0x0022,
    0x0021,0x0022,0x0022,0x0022,0x0022,0x0022,0x0022,0x0022,0x0022,0x0022,0x0022,0x0042,0x0021,0x1926,0x1906,0x0022,
    0x0042,0x0022,0x0022,0x0022,0x0022,0x0022,0x0022,0x0022,0x0022,0x0021,0x0022,0x0022,0x0021,0x0022,0x0021,0x0021,
    0x0022,0x0022,0x0021,0x0021,0x0021,0x0021,0x0022,0x0022,0x0021,0x0021,0x0021,0x0021,0x0021,0x0021,0x0021,0x0021,
    0x0021,0x0042,0x0042,0x0001,0x0022,0x0021,0x0021,0x0022,0x0021,0x0022,0x0022,0x0022,0x0022,0x0022,0x0022,0x0022,
    0x0022,0x0022,0x0022,0x0022,0x0022,0x0022,0x0022,0x0022,0x0022,0x0022,0x0022,0x0022,0x0022,0x0022,0x0022,0x0022,
    0x0022,0x0022,0x0022,0x0042,0x0042,0x0022,0x0042,0x0043,0x0043,0x0063,0x1083,0x1083,0x0043,0x0042,0x0022,0x0042,
    0x0022,0x0022,0x0022,0x0022,0x0022,0x0022,0x0022,0x0042,0x0042,0x0042,0x0042,0x0022,0x0022,0x0022,0x0022,0x0043,
    0x0043,0x0043,0x0043,0x0063,0x0063,0x0063,0x0043,0x31c9,0xd63b,0xb539,0xacf8,0x8c35,0x420d,0x5aaf,0x4a4e,0x41ec,
    0x39ab,0x39cb,0x316a,0x2949,0x10a5,0x18c6,0x18e6,0x0043,0x0063,0x0043,0x0022,0x0043,0x0043,0x0043,0x0022,0x0022,
    0x0042,0x0022,0x0022,0x0042,0x0042,0x0042,0x0022,0x0022,0x0022,0x0042,0x0022,0x0022,0x0022,0x0022,0x0022,0x0022,
    0x0022,0x0042,0x0022,0x0043,0x08a6,0x08a5,0x08a5,0x0085,0x0085,0x08a5,0x0064,0x0064,0x0064,0x10e7,0x10e7,0x08a6,
    0x08c6,0x08c7,0x10e8,0x2109,0x2109,0x10c8,0x08a5,0x1108,0x1909,0x10e7,0x0884,0x0064,0x0864,0x0063,0x0043,0x0063,
    0x18c6,0x18c5,0x10c6,0x08a4,0x0884,0x0884,0x1084,0x18e6,0x18e7,0x18c5,0x10a5,0x10a4,0x3125,0x2926,0x10a5,0x10a5,
    0x0884,0x0863,0x0884,0x10c5,0x1927,0x320b,0x1127,0x1128,0x1128,0x21eb,0x1989,0x1148,0x1989,0x0907,0x1968,0x1128,
    0x0884,0x1106,0x08c5,0x31a8,0x2a0c,0x10c4,0x29ea,0x2a0c,0x2188,0x1905,0x29ca,0x1989,0x1988,0x1968,0x1148,0x1148,
    0x1148,0x1127,0x1106,0x1188,0x11a9,0x1148,0x0906,0x08c5,0x19aa,0x19aa,0x1169,0x1169,0x0907,0x08c5,0x10e6,0x08c5,
    0x08a5,0x0884,0x08a5,0x0907,0x0949,0x08a5,0x08c5,0x1989,0x1107,0x08c6,0x08c5,0x08a5,0x08c6,0x08c5,0x0063,0x0063,
    0x0042,0x0042,0x0043,0x0043,0x0084,0x0063,0x0063,0x0042,0x0042,0x0042,0x0063,0x10c5,0x1106,0x08c5,0x08c5,0x08c5,
    0x08c5,0x08c5,0x08a5,0x08a5,0x08a5,0x08a5,0x08a4,0x0084,0x0063,0x0063,0x0063,0x0063,0x0043,0x0042,0x0042,0x0042,
    0x0042,0x0043,0x0043,0x0022,0x0022,0x0022,0x0022,0x0022,0x0022,0x0022,0x0022,0x0021,0x0021,0x0021,0x0021,0x0042,
    0x0063,0x0043,0x0042,0x0043,0x0042,0x0042,0x0042,0x0042,0x0022,0x0042,0x0022,0x0022,0x0022,0x0042,0x0042,0x0042,
    0x39c7,0x2105,0x0022,0x0022,0x0022,0x0022,0x0022,0x0022,0x0022,0x0022,0x0042,0x0022,0x0022,0x0022,0x0863,0x0863,
    0x0022,0x0022,0x0022,0x0022,0x0022,0x0022,0x0022,0x0022,0x0022,0x0022,0x0022,0x0022,0x0022,0x0021,0x0022,0x0022,
    0x0001,0x0021,0x0022,0x0021,0x0021,0x0021,0x0021,0x0022,0x0001,0x0021,0x0021,0x0021,0x0022,0x0022,0x0022,0x0042,
    0x0022,0x0022,0x0021,0x0022,0x0022,0x0022,0x0022,0x0022,0x0022,0x0022,0x0022,0x0022,0x0022,0x0042,0x0042,0x0042,
    0x0022,0x0022,0x0022,0x0022,0x0022,0x0022,0x0022,0x0022,0x0022,0x0022,0x0021,0x0022,0x0022,0x0022,0x0021,0x0021,
    0x0021,0x0021,0x0021,0x0021,0x0021,0x0021,0x0022,0x0842,0x0022,0x0021,0x0022,0x0021,0x0021,0x0021,0x0021,0x0021,
    0x0001,0x0042,0x0042,0x0001,0x0021,0x0021,0x0021,0x0021,0x0021,0x0022,0x0022,0x0022,0x0022,0x0022,0x0022,0x0022,
    0x0022,0x0022,0x0022,0x0022,0x0022,0x0022,0x0022,0x0022,0x0022,0x0042,0x0022,0x0022,0x0022,0x0022,0x0022,0x0022,
    0x0022,0x0022,0x0022,0x0042,0x0042,0x0022,0x0022,0x0043,0x0043,0x0043,0x0043,0x0043,0x0042,0x0022,0x0042,0x0042,
    0x0042,0x0022,0x0022,0x0042,0x0022,0x0042,0x0043,0x0042,0x0042,0x0042,0x0022,0x0042,0x0022,0x0022,0x0022,0x0043,
    0x0043,0x0063,0x0043,0x0063,0x0063,0x0063,0x08a5,0xbdb8,0xde9d,0x8c55,0x8c35,0x6311,0x420c,0x7332,0x528f,0x39ab,
    0x318a,0x39cb,0x2949,0x0884,0x0864,0x10c5,0x10c5,0x0863,0x0063,0x0042,0x0022,0x0022,0x0022,0x0022,0x0022,0x0022,
    0x0022,0x0022,0x0022,0x0022,0x0022,0x0022,0x0022,0x0022,0x0022,0x0022,0x0022,0x0022,0x0022,0x0022,0x0022,0x0022,
    0x0022,0x0022,0x0022,0x0042,0x0084,0x08a5,0x08a5,0x08a5,0x08a5,0x08a5,0x0064,0x0064,0x0064,0x08a6,0x10c7,0x08c6,
    0x08c6,0x08c6,0x08c7,0x10c7,0x18e8,0x10e8,0x08a5,0x08c7,0x1909,0x18e8,0x10a6,0x0064,0x0064,0x0043,0x0064,0x0063,
    0x18e6,0x18e6,0x18c6,0x10a5,0x10c5,0x0884,0x18c5,0x2926,0x10a5,0x18c4,0x18a5,0x10a4,0x2905,0x2926,0x10a5,0x08a4,
    0x0884,0x1084,0x0863,0x0842,0x0022,0x420a,0x2169,0x08e7,0x1128,0x1149,0x1128,0x0907,0x0907,0x1127,0x0906,0x1127,
    0x1127,0x1128,0x1189,0x19aa,0x1989,0x1127,0x2189,0x21ca,0x1947,0x1947,0x426c,0x29ca,0x29ea,0x1947,0x1126,0x21a9,
    0x21a9,0x1968,0x1126,0x1988,0x19a9,0x1989,0x1148,0x1127,0x1148,0x1169,0x1148,0x1148,0x1107,0x10e6,0x1927,0x1106,
    0x08a5,0x0084,0x08c5,0x21aa,0x1128,0x00a4,0x08a4,0x0927,0x0907,0x0907,0x0907,0x08e6,0x08c5,0x08c5,0x0084,0x0884,
    0x0884,0x0863,0x0042,0x0042,0x0043,0x0063,0x0063,0x0043,0x0022,0x0063,0x0063,0x08a4,0x10e6,0x10e6,0x08c5,0x08a5,
    0x08a5,0x08c5,0x08c5,0x08a5,0x08a5,0x08a5,0x0884,0x0084,0x08a4,0x0083,0x0063,0x0063,0x0043,0x0043,0x0043,0x0042,
    0x0042,0x0022,0x0042,0x0042,0x0022,0x0022,0x0022,0x0022,0x0022,0x0022,0x0022,0x0021,0x0021,0x0021,0x0021,0x0022,
    0x0042,0x0042,0x0022,0x0042,0x0022,0x0022,0x0022,0x0022,0x0022,0x0022,0x0022,0x0022,0x0022,0x0022,0x0042,0x0042,
    0x0043,0x0043,0x0043,0x0042,0x0042,0x0022,0x0022,0x0022,0x0022,0x0022,0x0021,0x0022,0x0022,0x0022,0x0022,0x0022,
    0x0022,0x0022,0x0022,0x0022,0x0022,0x0022,0x0022,0x0022,0x0022,0x0022,0x0022,0x0021,0x0042,0x0022,0x0022,0x0001,
    0x0862,0x0842,0x0001,0x0021,0x0022,0x0022,0x0022,0x0022,0x0022,0x0022,0x0022,0x0022,0x0022,0x0022,0x0022,0x0022,
    0x0022,0x0022,0x0022,0x0022,0x0022,0x0022,0x0022,0x0022,0x0022,0x0022,0x0022,0x0042,0x0042,0x0022,0x0022,0x0042,
    0x0022,0x0022,0x0022,0x0022,0x0022,0x0022,0x0022,0x0022,0x0022,0x0021,0x0021,0x0022,0x0022,0x0022,0x0022,0x0022,
    0x0022,0x0022,0x0021,0x0021,0x0021,0x0021,0x0001,0x0001,0x0021,0x0021,0x0022,0x0021,0x0021,0x0021,0x0021,0x0021,
    0x0001,0x0001,0x0042,0x0022,0x0001,0x0022,0x0022,0x0021,0x0022,0x0022,0x0022,0x0022,0x0022,0x0022,0x0022,0x0022,
    0x0022,0x0022,0x0022,0x0022,0x0022,0x0022,0x0022,0x0022,0x0022,0x0042,0x0022,0x0022,0x0022,0x0022,0x0022,0x0022,
    0x0022,0x0022,0x0022,0x0022,0x0042,0x0022,0x0042,0x0043,0x0042,0x0042,0x0043,0x0042,0x0022,0x0022,0x0042,0x0042,
    0x0042,0x0022,0x0022,0x0022,0x0022,0x0022,0x0022,0x0042,0x0042,0x0042,0x0022,0x0042,0x0042,0x0022,0x0042,0x0043,
    0x0043,0x0063,0x0063,0x0063,0x0884,0x0063,0x83f1,0xe69d,0xa4b7,0x62d0,0x7b93,0x526f,0x4a4e,0x6af1,0x526e,0x316a,
    0x39cb,0x1907,0x0884,0x0863,0x0042,0x10a5,0x10c5,0x0863,0x0042,0x0042,0x0042,0x0042,0x0022,0x0022,0x0022,0x0022,
    0x0022,0x0022,0x0022,0x0022,0x0022,0x0022,0x0022,0x0022,0x0022,0x0022,0x0022,0x0042,0x0022,0x0022,0x0022,0x0042,
    0x0042,0x0022,0x0042,0x0042,0x0043,0x0084,0x08a5,0x08a5,0x08a5,0x0084,0x0084,0x0084,0x08a5,0x08a6,0x10c7,0x10c7,
    0x08c6,0x08c6,0x08c6,0x08a6,0x10c7,0x10e8,0x08a5,0x10e7,0x1909,0x1108,0x1908,0x0884,0x0064,0x0064,0x0885,0x0885,
    0x18c6,0x18e6,0x18e5,0x10a4,0x10a4,0x10a5,0x18a5,0x10a5,0x18a4,0x18a4,0x18c5,0x10a4,0x10a4,0x10a4,0x10a4,0x1084,
    0x0884,0x10a4,0x0022,0x0021,0x0842,0x1083,0x10e6,0x1107,0x1107,0x1947,0x1926,0x2168,0x1127,0x0907,0x1127,0x1148,
    0x08c5,0x1106,0x1968,0x1148,0x21a9,0x21ca,0x1969,0x21a9,0x2189,0x2189,0x29ca,0x31ca,0x320b,0x2189,0x29ca,0x322b,
    0x29ea,0x2a0b,0x1989,0x1968,0x29ea,0x21a9,0x1127,0x1126,0x08a4,0x1169,0x1148,0x2988,0x2189,0x1948,0x1948,0x1928,
    0x1107,0x08c5,0x08a5,0x2989,0x1948,0x1148,0x0907,0x1148,0x0907,0x1107,0x1107,0x08e6,0x08c5,0x08c5,0x0084,0x0084,
    0x0884,0x0063,0x0042,0x0043,0x0042,0x0022,0x0043,0x0063,0x0042,0x0043,0x08a4,0x08c5,0x10e5,0x10e5,0x10e5,0x08c5,
    0x08a5,0x0084,0x0884,0x08a4,0x08a5,0x08a5,0x08c5,0x10e5,0x00a4,0x0083,0x0063,0x0063,0x0043,0x0043,0x0043,0x0042,
    0x0022,0x0042,0x0042,0x0042,0x0042,0x0022,0x0022,0x0022,0x0042,0x0022,0x0022,0x0022,0x0022,0x0022,0x0022,0x0022,
    0x0022,0x0001,0x0022,0x0022,0x0021,0x0022,0x0022,0x0021,0x0021,0x0021,0x0022,0x0022,0x0022,0x0021,0x0022,0x0042,
    0x0042,0x0042,0x0043,0x0042,0x0043,0x0022,0x0022,0x0022,0x0022,0x0022,0x0022,0x0022,0x0022,0x0022,0x0022,0x0022,
    0x0042,0x0022,0x0022,0x0022,0x0022,0x0022,0x0022,0x0022,0x0022,0x0022,0x0022,0x0022,0x0022,0x0022,0x0022,0x0021,
    0x0042,0x0022,0x0022,0x0021,0x0022,0x0022,0x0022,0x0022,0x0022,0x0022,0x0022,0x0022,0x0022,0x0022,0x0022,0x0022,
    0x0022,0x0022,0x0022,0x0022,0x0022,0x0022,0x0022,0x0022,0x0022,0x0022,0x0022,0x0022,0x0022,0x0022,0x0022,0x0042,
    0x0022,0x0022,0x0022,0x0022,0x0022,0x0022,0x0022,0x0022,0x0022,0x0022,0x0022,0x0022,0x0022,0x0022,0x0022,0x0022,
    0x0022,0x0022,0x0021,0x0022,0x0021,0x0022,0x0021,0x0001,0x0021,0x0022,0x0022,0x0021,0x0021,0x0021,0x0021,0x0021,
    0x0022,0x0022,0x0022,0x0022,0x0022,0x0022,0x0022,0x0022,0x0022,0x0022,0x0022,0x0022,0x0022,0x0022,0x0022,0x0022,
    0x0022,0x0862,0x0022,0x0002,0x0042,0x0022,0x0022,0x0022,0x0022,0x0022,0x0022,0x0022,0x0022,0x0022,0x0022,0x0022,
    0x0042,0x0042,0x0022,0x0042,0x0022,0x0022,0x0043,0x0043,0x0042,0x0022,0x0022,0x0022,0x0022,0x0022,0x0042,0x0042,
    0x0042,0x0042,0x0022,0x0022,0x0022,0x0042,0x0022,0x0022,0x0042,0x0042,0x0042,0x0063,0x0043,0x0022,0x0042,0x0063,
    0x0063,0x0063,0x0063,0x0084,0x0063,0x422b,0xd63b,0xbd9a,0x83b4,0x6b11,0x83f5,0x296a,0x318a,0x39eb,0x2128,0x31cb,
    0x526f,0x18e6,0x0063,0x0042,0x10a5,0x18c6,0x10a5,0x0022,0x0022,0x0042,0x0042,0x0043,0x0042,0x0022,0x0022,0x0022,
    0x0022,0x0022,0x0022,0x0022,0x0022,0x0022,0x0022,0x0022,0x0022,0x0022,0x0022,0x0022,0x0022,0x0022,0x0022,0x0022,
    0x0022,0x0022,0x0022,0x0042,0x0043,0x0063,0x08a5,0x08a5,0x08a5,0x08a5,0x08c5,0x0084,0x0885,0x0085,0x08a6,0x10e8,
    0x10c7,0x08c6,0x08a5,0x08a5,0x08a6,0x08c7,0x08a5,0x1108,0x1908,0x1108,0x1108,0x10c7,0x10a6,0x0884,0x0884,0x0885,
    0x18e6,0x18c6,0x18c5,0x18c5,0x18c5,0x18c5,0x18c5,0x18a4,0x18a4,0x18a4,0x18a4,0x10a4,0x10a4,0x10a4,0x10a4,0x10a4,
    0x10a4,0x1084,0x1083,0x1062,0x0862,0x0883,0x10e6,0x1107,0x10c5,0x0863,0x0862,0x2967,0x422a,0x1948,0x0907,0x1128,
    0x08c6,0x0907,0x10e6,0x10e6,0x1148,0x1106,0x1106,0x320b,0x29ca,0x1968,0x1106,0x18e6,0x52ae,0x428d,0x2189,0x2a0a,
    0x2a0a,0x21ea,0x21eb,0x21ea,0x1147,0x21a9,0x1168,0x1148,0x08e5,0x10e6,0x08c5,0x1906,0x21aa,0x2189,0x1969,0x1968,
    0x31c9,0x2168,0x10e6,0x10e6,0x08c5,0x1148,0x1169,0x1128,0x1128,0x1127,0x29a9,0x1968,0x1127,0x10e6,0x08a5,0x0063,
    0x0864,0x0863,0x0063,0x0042,0x0042,0x0042,0x0042,0x0063,0x0042,0x0042,0x0064,0x0884,0x0884,0x10e5,0x10e5,0x08a5,
    0x08a5,0x08a4,0x0063,0x0063,0x0084,0x0064,0x08a5,0x08c5,0x00a4,0x0084,0x0063,0x0063,0x0043,0x0063,0x0063,0x0042,
    0x0022,0x0042,0x0042,0x0042,0x0042,0x0042,0x0042,0x0042,0x0042,0x0022,0x0022,0x0042,0x0022,0x0022,0x0042,0x0022,
    0x0021,0x0863,0x0022,0x0021,0x0021,0x0021,0x0021,0x0001,0x0021,0x0001,0x0021,0x0021,0x0022,0x0022,0x0021,0x0022,
    0x0022,0x0042,0x0042,0x0042,0x0042,0x0022,0x0042,0x0042,0x0022,0x0022,0x0022,0x0022,0x0022,0x0022,0x0022,0x0022,
    0x0022,0x0022,0x0022,0x0022,0x0022,0x0022,0x0022,0x0022,0x0022,0x0022,0x0022,0x0022,0x0022,0x0022,0x0022,0x0022,
    0x0021,0x0021,0x0022,0x0022,0x0022,0x0022,0x0022,0x0022,0x0022,0x0022,0x0022,0x0022,0x0022,0x0022,0x0022,0x0022,
    0x0022,0x0022,0x0022,0x0022,0x0022,0x0042,0x0042,0x0042,0x0022,0x0022,0x0022,0x0022,0x0022,0x0022,0x0022,0x0022,
    0x0022,0x0022,0x0022,0x0022,0x0863,0x0022,0x0022,0x0022,0x0042,0x0022,0x0022,0x0022,0x0022,0x0022,0x0022,0x0022,
    0x0022,0x0021,0x0021,0x0021,0x0021,0x0021,0x0001,0x0001,0x0021,0x0021,0x0022,0x0022,0x0021,0x0021,0x0021,0x0022,
    0x0022,0x0001,0x0022,0x0022,0x0022,0x0022,0x0022,0x0022,0x0022,0x0022,0x0022,0x0022,0x0022,0x0022,0x0022,0x0022,
    0x0022,0x0022,0x0022,0x0022,0x0022,0x0022,0x0022,0x0022,0x0022,0x0042,0x0022,0x0022,0x0042,0x0042,0x0042,0x0043,
    0x0022,0x0042,0x0042,0x0042,0x0042,0x0042,0x0042,0x0042,0x0042,0x0042,0x0042,0x0022,0x0042,0x0022,0x0042,0x0043,
    0x0022,0x0022,0x0022,0x0022,0x0022,0x0042,0x0022,0x0043,0x0042,0x0043,0x0042,0x0042,0x0042,0x0042,0x0043,0x0063,
    0x0063,0x0063,0x0063,0x08a4,0x10a5,0xacf6,0xacf8,0xb539,0x7372,0x83b4,0x7373,0x18e7,0x29aa,0x2969,0x2107,0x31aa,
    0x318a,0x2107,0x0884,0x18e6,0x18e7,0x0884,0x0864,0x0863,0x0022,0x0022,0x0022,0x0022,0x0022,0x0022,0x0022,0x0022,
    0x0022,0x0042,0x0022,0x0022,0x0022,0x0022,0x0022,0x0022,0x0022,0x0022,0x0022,0x0022,0x0022,0x0022,0x0022,0x0022,
    0x0022,0x0022,0x0022,0x0022,0x0042,0x0042,0x0084,0x08a6,0x08a5,0x08a5,0x08a5,0x0885,0x0085,0x0085,0x08a6,0x10e8,
    0x10c7,0x10c7,0x08a5,0x08a5,0x08a6,0x08a5,0x08a5,0x18e8,0x212a,0x1929,0x10e7,0x08c6,0x10a6,0x0885,0x0885,0x0864,
    0x2106,0x20e6,0x18c5,0x18c5,0x18e6,0x20e6,0x20e5,0x18a4,0x18a4,0x18a4,0x10a4,0x18a5,0x10a5,0x18c5,0x1084,0x10a5,
    0x10a4,0x10a5,0x18c5,0x1083,0x10a4,0x10c5,0x08a5,0x08a5,0x0862,0x0021,0x0021,0x0022,0x10a4,0x4a4a,0x1128,0x1148,
    0x1148,0x1128,0x1989,0x1107,0x1107,0x1107,0x1127,0x1968,0x21a9,0x10e5,0x0000,0x0001,0x18c5,0x6ace,0x2968,0x31a9,
    0x21a9,0x428c,0x320a,0x42ce,0x3a8d,0x324b,0x29ea,0x1948,0x1126,0x1106,0x1948,0x21aa,0x29ca,0x29ca,0x2189,0x29ca,
    0x31ea,0x29a9,0x1928,0x10e6,0x10e6,0x1128,0x1169,0x1169,0x1149,0x1128,0x2168,0x1948,0x1928,0x1107,0x08c5,0x08a5,
    0x08a4,0x10c5,0x0884,0x0042,0x0042,0x0022,0x0043,0x0884,0x0863,0x0042,0x0863,0x0063,0x0043,0x08a4,0x08c5,0x08a4,
    0x08c5,0x08e5,0x08c5,0x0063,0x08a4,0x0084,0x0084,0x00a5,0x08c5,0x08a4,0x0063,0x0084,0x0063,0x0063,0x0063,0x0043,
    0x0042,0x0042,0x0022,0x0042,0x0042,0x0043,0x0043,0x0043,0x0042,0x0042,0x0022,0x0042,0x0042,0x0022,0x0042,0x0022,
    0x0022,0x0883,0x0042,0x0022,0x0022,0x0001,0x0021,0x0021,0x0021,0x0001,0x0001,0x0021,0x0021,0x0021,0x0022,0x0022,
    0x0042,0x0042,0x0042,0x0042,0x0042,0x0022,0x0042,0x0042,0x0022,0x0022,0x0022,0x0022,0x0022,0x0022,0x0022,0x0022,
    0x0022,0x0022,0x0022,0x0022,0x0022,0x0022,0x0022,0x0022,0x0022,0x0022,0x0022,0x0022,0x0022,0x0022,0x0022,0x0022,
    0x0022,0x0022,0x0022,0x0022,0x0022,0x0022,0x0022,0x0022,0x0022,0x0022,0x0022,0x0022,0x0022,0x0022,0x0022,0x0022,
    0x0022,0x0022,0x0022,0x0042,0x0043,0x0063,0x0042,0x0042,0x0022,0x0022,0x0022,0x0022,0x0022,0x0022,0x0022,0x0022,
    0x0842,0x0022,0x0042,0x0022,0x0042,0x0022,0x0022,0x0022,0x0022,0x0022,0x0021,0x0022,0x0022,0x0022,0x0022,0x0022,
    0x0022,0x0022,0x0022,0x0022,0x0022,0x0021,0x0021,0x0021,0x0021,0x0022,0x0022,0x0022,0x0021,0x0022,0x0022,0x0021,
    0x0021,0x0021,0x0001,0x0022,0x0022,0x0022,0x0022,0x0021,0x0022,0x0021,0x0022,0x0022,0x0022,0x0022,0x0022,0x0022,
    0x0021,0x0022,0x0022,0x0022,0x0022,0x0022,0x0022,0x0022,0x0022,0x0022,0x0022,0x0022,0x0022,0x0022,0x0042,0x0043,
    0x0022,0x0022,0x0022,0x0042,0x0063,0x0043,0x0043,0x0043,0x0022,0x0042,0x0043,0x0043,0x0022,0x0042,0x0042,0x0042,
    0x0022,0x0022,0x0022,0x0022,0x0022,0x0042,0x0042,0x0063,0x0043,0x0063,0x0042,0x0042,0x0042,0x0063,0x0063,0x0043,
    0x0063,0x0063,0x0884,0x0043,0x6b4f,0xc5da,0x9456,0x9416,0x5aaf,0x62f0,0x1927,0x31ca,0x3a2c,0x1907,0x18e6,0x10c5,
    0x10c5,0x0884,0x18e6,0x18e7,0x10a5,0x0884,0x0863,0x0042,0x0022,0x0022,0x0022,0x0022,0x0022,0x0022,0x0022,0x0022,
    0x0022,0x0022,0x0022,0x0022,0x0022,0x0022,0x0022,0x0022,0x0022,0x0022,0x0022,0x0022,0x0022,0x0022,0x0022,0x0022,
    0x0022,0x0022,0x0022,0x0022,0x0042,0x0042,0x0063,0x08a5,0x08a6,0x08a6,0x08a6,0x08a5,0x0885,0x0085,0x08a5,0x08c7,
    0x08c7,0x08a6,0x0085,0x0084,0x08a5,0x0084,0x08c7,0x10e8,0x18e9,0x10e7,0x08c6,0x08a5,0x08a6,0x10c7,0x08a6,0x0864,
    0x2906,0x20e6,0x20e5,0x18c5,0x18c5,0x20c5,0x20e5,0x18a4,0x20c5,0x20c5,0x18a5,0x0842,0x0842,0x20e5,0x3988,0x18c5,
    0x10a5,0x10a4,0x10a5,0x18e5,0x10a5,0x08a4,0x0884,0x1083,0x1042,0x0842,0x0021,0x0042,0x0863,0x41e9,0x2988,0x08e6,
    0x1948,0x1968,0x1148,0x1127,0x1927,0x1128,0x1127,0x1989,0x10e6,0x0001,0x0001,0x0021,0x0001,0x0842,0x3968,0x6b0f,
    0x8413,0x322b,0x2a0b,0x2988,0x3a2b,0x1926,0x2146,0x3a2b,0x21a9,0x2188,0x31eb,0x3a2b,0x31ea,0x320b,0x3a0a,0x31ea,
    0x29ca,0x29a9,0x2169,0x1948,0x2169,0x1107,0x19aa,0x1148,0x1107,0x1107,0x1127,0x1907,0x1107,0x1127,0x1107,0x1107,
    0x08c6,0x08c5,0x08c5,0x0884,0x0063,0x0043,0x0063,0x0884,0x0884,0x0043,0x0884,0x08a5,0x0063,0x0063,0x0884,0x08a5,
    0x08a5,0x08c5,0x08c5,0x0884,0x0084,0x0084,0x0084,0x08a5,0x08a4,0x0884,0x0063,0x0063,0x0063,0x0063,0x0063,0x0063,
    0x0043,0x0042,0x0042,0x0043,0x0043,0x0043,0x0043,0x0043,0x0042,0x0042,0x0042,0x0043,0x0042,0x0042,0x0042,0x0863,
    0x0042,0x0022,0x0022,0x0042,0x0022,0x0021,0x0021,0x0021,0x0021,0x0021,0x0001,0x0021,0x0021,0x0021,0x0021,0x0022,
    0x0042,0x0042,0x0043,0x0043,0x0042,0x0042,0x0022,0x0042,0x0022,0x0022,0x0022,0x0042,0x0042,0x0022,0x0042,0x0042,
    0x0042,0x0022,0x0022,0x0022,0x0022,0x0022,0x0022,0x0022,0x0022,0x0022,0x0022,0x0022,0x0022,0x0022,0x0022,0x0022,
    0x0022,0x0022,0x0022,0x0042,0x0042,0x0022,0x0022,0x0022,0x0022,0x0022,0x0022,0x0042,0x0022,0x0022,0x0022,0x0022,
    0x0022,0x0022,0x0022,0x0022,0x08a4,0x2147,0x0022,0x0042,0x0022,0x0022,0x0022,0x0022,0x0022,0x0022,0x0022,0x0022,
    0x0022,0x0022,0x0022,0x0022,0x0022,0x0022,0x0022,0x0022,0x0022,0x0022,0x0022,0x0022,0x0022,0x0022,0x0022,0x0022,
    0x0022,0x0022,0x0022,0x0022,0x0022,0x0042,0x0042,0x0022,0x0022,0x0022,0x0022,0x0021,0x0022,0x0022,0x0022,0x0021,
    0x0021,0x0022,0x0021,0x0021,0x0022,0x0021,0x0021,0x0022,0x0022,0x0022,0x0022,0x0022,0x0022,0x0022,0x0022,0x0021,
    0x0022,0x0022,0x0022,0x0022,0x0022,0x0022,0x0022,0x0022,0x0022,0x0022,0x0022,0x0022,0x0022,0x0022,0x0022,0x0042,
    0x0022,0x0022,0x0022,0x0042,0x0043,0x0043,0x0063,0x0043,0x0043,0x0043,0x0043,0x0043,0x0863,0x0043,0x0043,0x0042,
    0x0042,0x0042,0x0022,0x0042,0x0022,0x0043,0x0043,0x0042,0x0043,0x0043,0x0042,0x0042,0x0042,0x0063,0x0063,0x0063,
    0x0063,0x0063,0x0063,0x10c5,0xb557,0xad18,0x9c56,0x83b4,0x5a8f,0x318a,0x3a0b,0x424c,0x1907,0x1927,0x0884,0x10a4,
    0x10c5,0x0884,0x10a5,0x10a5,0x0884,0x0063,0x0043,0x0022,0x0042,0x0022,0x0022,0x0022,0x0022,0x0022,0x0022,0x0022,
    0x0022,0x0022,0x0022,0x0022,0x0042,0x0022,0x0022,0x0022,0x0022,0x0022,0x0022,0x0022,0x0022,0x0042,0x0022,0x0042,
    0x0022,0x0022,0x0022,0x0022,0x0042,0x0042,0x0043,0x08a5,0x08a6,0x08a5,0x08a5,0x0885,0x0885,0x08c6,0x0085,0x08a6,
    0x08c7,0x08a6,0x00a5,0x0084,0x0084,0x0085,0x10e7,0x10c7,0x10c7,0x10c7,0x08a5,0x00a5,0x08a5,0x08c6,0x10c7,0x0884,
    0x2905,0x28e5,0x28e6,0x20e6,0x20e6,0x20e6,0x20c5,0x1084,0x18a4,0x18c5,0x1083,0x0001,0x0000,0x0842,0x41a9,0x2947,
    0x1084,0x18c5,0x18c5,0x18c5,0x10a4,0x0884,0x10a5,0x10a4,0x20c4,0x20a3,0x0842,0x0862,0x0042,0x2105,0x1906,0x08c5,
    0x08e6,0x1127,0x21a9,0x29ca,0x1107,0x10e6,0x2148,0x10a4,0x0022,0x0022,0x0021,0x0000,0x0842,0x0022,0x0822,0x3988,
    0x2927,0x39ca,0x1968,0x0083,0x1948,0x1106,0x10a4,0x4a8c,0x3a6c,0x2168,0x3a2c,0x31c9,0x3a2b,0x52ce,0x29a9,0x29ca,
    0x2188,0x18e5,0x1948,0x21aa,0x1969,0x10e6,0x1128,0x1128,0x1107,0x0884,0x08e6,0x1107,0x1127,0x1928,0x1127,0x1107,
    0x10e6,0x08c5,0x10c6,0x08a5,0x0064,0x0063,0x0063,0x0884,0x0883,0x0063,0x0063,0x0884,0x08a4,0x0884,0x0063,0x08a4,
    0x08c5,0x08a5,0x08c5,0x08a5,0x0884,0x0084,0x0063,0x08a4,0x0884,0x0084,0x08a5,0x0884,0x00a4,0x0083,0x0063,0x0043,
    0x0043,0x0063,0x0063,0x0043,0x0042,0x0863,0x0863,0x0043,0x0063,0x0043,0x0043,0x0043,0x0043,0x0063,0x0043,0x10c5,
    0x0043,0x0022,0x0042,0x0042,0x0022,0x0022,0x0022,0x0021,0x0021,0x0021,0x0021,0x0022,0x0021,0x0022,0x0021,0x0001,
    0x0842,0x0042,0x0022,0x0043,0x0042,0x0042,0x0042,0x0042,0x0042,0x0042,0x0042,0x0042,0x0042,0x0022,0x0022,0x0022,
    0x0042,0x0022,0x0022,0x0042,0x0022,0x0022,0x0022,0x0022,0x0022,0x0022,0x0022,0x0022,0x0022,0x0022,0x0022,0x0022,
    0x0022,0x0022,0x0022,0x0042,0x0022,0x0022,0x0022,0x0022,0x0022,0x0022,0x0042,0x0042,0x0022,0x0022,0x0022,0x0022,
    0x0022,0x0022,0x0022,0x0022,0x0043,0x0063,0x0042,0x0022,0x0022,0x0022,0x0022,0x0022,0x0022,0x0022,0x0022,0x0022,
    0x0022,0x0022,0x0022,0x0022,0x0022,0x0022,0x0022,0x0022,0x0042,0x0883,0x0022,0x0022,0x0022,0x0022,0x0022,0x0022,
    0x0022,0x0022,0x0022,0x0022,0x0022,0x0022,0x0022,0x0022,0x0022,0x0022,0x0021,0x0021,0x0022,0x0021,0x0022,0x0022,
    0x0022,0x0001,0x0021,0x0001,0x0021,0x0022,0x0022,0x0022,0x0022,0x0022,0x0021,0x0022,0x0022,0x0022,0x0022,0x0042,
    0x0022,0x0022,0x0022,0x0022,0x0022,0x0022,0x0022,0x0022,0x0022,0x0022,0x0022,0x0042,0x0042,0x0022,0x0042,0x0042,
    0x0022,0x0022,0x0022,0x0022,0x0022,0x0042,0x0063,0x0043,0x0063,0x0043,0x0043,0x0043,0x0063,0x0043,0x0043,0x0043,
    0x0042,0x0042,0x0042,0x0042,0x0863,0x0043,0x0042,0x0042,0x0042,0x0042,0x0042,0x0043,0x0043,0x0043,0x0043,0x0063,
    0x0063,0x0884,0x0043,0x52ad,0xc5db,0x8bf5,0x7b94,0x9436,0x524e,0x4a6e,0x424c,0x1906,0x18e6,0x18e6,0x10a5,0x10a5,
    0x0884,0x2107,0x18e6,0x0884,0x0063,0x0042,0x0042,0x0022,0x0022,0x0042,0x0022,0x0022,0x0022,0x0022,0x0022,0x0022,
    0x0022,0x0022,0x0042,0x0022,0x0022,0x0022,0x0022,0x0022,0x0042,0x0022,0x0022,0x0022,0x0022,0x0022,0x0042,0x0042,
    0x0042,0x0022,0x0022,0x0042,0x0022,0x0042,0x0042,0x0064,0x08a6,0x08a5,0x00a5,0x0085,0x0885,0x08a5,0x0084,0x08c6,
    0x1108,0x08c6,0x0084,0x0084,0x0064,0x0064,0x10c7,0x10c7,0x10c7,0x10e8,0x08c6,0x08a5,0x08a5,0x10c6,0x08a6,0x0063,
    0x2906,0x2906,0x2905,0x2905,0x3126,0x28e5,0x20c5,0x20c4,0x1084,0x10a4,0x0863,0x0042,0x0022,0x1083,0x2927,0x420a,
    0x18a4,0x18a5,0x18c5,0x18c5,0x18a4,0x20e5,0x18c5,0x18c5,0x2105,0x18c4,0x20c3,0x1062,0x1883,0x10a4,0x10e6,0x10c5,
    0x2968,0x1127,0x1107,0x1948,0x0043,0x0022,0x0842,0x0001,0x0022,0x0843,0x0021,0x0000,0x0022,0x1064,0x1084,0x18a4,
    0x0000,0x3167,0x6b2f,0x21ca,0x29ca,0x2189,0x2167,0x29c9,0x29ea,0x428d,0x2167,0x18e5,0x632e,0x5b0e,0x426c,0x31ca,
    0x31ea,0x29a9,0x21a9,0x2147,0x1127,0x1948,0x08c5,0x08c6,0x1107,0x08c6,0x08a5,0x08e6,0x1107,0x1107,0x1107,0x10e6,
    0x1948,0x10e6,0x08c5,0x08c6,0x08a4,0x0063,0x0063,0x0884,0x0884,0x0063,0x0042,0x0042,0x08a4,0x10c5,0x10c5,0x10e6,
    0x10e6,0x08c5,0x08a4,0x08c5,0x0884,0x08a4,0x0884,0x0063,0x0063,0x0063,0x08c5,0x08c5,0x0084,0x0084,0x0063,0x0063,
    0x0043,0x0063,0x0063,0x0063,0x0043,0x0063,0x0043,0x0063,0x0084,0x0063,0x0063,0x0063,0x0063,0x0063,0x0063,0x0043,
    0x0063,0x0043,0x0022,0x0022,0x0042,0x0042,0x0022,0x0021,0x0022,0x0022,0x0021,0x0021,0x0022,0x0022,0x0022,0x0022,
    0x0022,0x0022,0x0022,0x0022,0x0042,0x0022,0x0042,0x0042,0x0022,0x0042,0x0022,0x0042,0x0043,0x0022,0x0042,0x0043,
    0x0022,0x0022,0x0022,0x0042,0x0022,0x0022,0x0022,0x0022,0x0022,0x0022,0x0022,0x0022,0x0022,0x0022,0x0022,0x0022,
    0x0022,0x0022,0x0022,0x0022,0x0022,0x0022,0x0022,0x0022,0x0022,0x0022,0x0022,0x0022,0x0022,0x0022,0x0022,0x0022,
    0x0022,0x0022,0x0022,0x0042,0x0042,0x0022,0x0022,0x0022,0x0022,0x0022,0x0022,0x0022,0x0022,0x0022,0x0022,0x0022,
    0x0022,0x0022,0x0022,0x0022,0x0022,0x0022,0x0022,0x0022,0x0042,0x0862,0x0021,0x0022,0x0022,0x0042,0x0042,0x0042,
    0x0022,0x0042,0x0042,0x0022,0x0022,0x0022,0x0022,0x0022,0x0022,0x0022,0x0022,0x0022,0x0022,0x0022,0x0022,0x0022,
    0x0022,0x0022,0x0021,0x0021,0x0021,0x0022,0x0022,0x0021,0x0022,0x0022,0x0021,0x0042,0x0022,0x0022,0x0022,0x0883,
    0x0022,0x0022,0x0022,0x0022,0x0022,0x0022,0x0022,0x0022,0x0022,0x0022,0x0022,0x0022,0x0022,0x0022,0x0042,0x0063,
    0x0022,0x0022,0x0043,0x0043,0x0043,0x0043,0x0043,0x0043,0x0063,0x0063,0x0043,0x0043,0x0043,0x0043,0x0043,0x0042,
    0x0042,0x0042,0x0043,0x0042,0x0063,0x0043,0x0042,0x0042,0x0042,0x0042,0x0043,0x0043,0x0063,0x0043,0x0043,0x0063,
    0x0084,0x0884,0x08a4,0x9cb5,0xb53a,0x8395,0x9c57,0x7b73,0x5aaf,0x2969,0x2127,0x2107,0x10a4,0x08a4,0x0884,0x0864,
    0x0884,0x10a4,0x10a5,0x0884,0x0864,0x0042,0x0022,0x0022,0x0022,0x0042,0x0042,0x0042,0x0042,0x0022,0x0022,0x0042,
    0x0022,0x0022,0x0042,0x0042,0x0042,0x0042,0x0022,0x0022,0x0022,0x0022,0x0042,0x0022,0x0042,0x0022,0x0022,0x0042,
    0x0042,0x0042,0x0042,0x0042,0x0042,0x0042,0x0043,0x0063,0x08a5,0x0085,0x0085,0x0085,0x0085,0x0084,0x00a5,0x08c6,
    0x1108,0x0885,0x0064,0x0064,0x0064,0x0084,0x08c7,0x10c7,0x08a6,0x08a6,0x10c6,0x08c6,0x08c6,0x10e7,0x08c6,0x08a5,
    0x2906,0x2127,0x2906,0x2905,0x3926,0x3105,0x28e5,0x28e5,0x18a4,0x18a4,0x1084,0x0863,0x0022,0x0022,0x1063,0x3988,
    0x2927,0x18a5,0x18c5,0x20e5,0x20c5,0x20e5,0x20e5,0x18c5,0x18e5,0x20e5,0x20e5,0x18e5,0x18e5,0x1906,0x1906,0x10a4,
    0x3167,0x2127,0x1907,0x0863,0x0001,0x0822,0x0022,0x0842,0x0842,0x0022,0x0021,0x0021,0x0001,0x0843,0x18a5,0x0863,
    0x3168,0x20c5,0x4a2b,0x3a4c,0x2168,0x2147,0x2169,0x1906,0x1905,0x52ce,0x31eb,0x2147,0x2967,0x424b,0x39e9,0x2967,
    0x4aae,0x424c,0x320b,0x2189,0x2169,0x1948,0x1947,0x1127,0x1128,0x1128,0x08e7,0x10e7,0x1107,0x10e6,0x1107,0x1107,
    0x1928,0x10e6,0x10e6,0x10e6,0x08a5,0x0884,0x0884,0x0063,0x0884,0x0863,0x0042,0x0042,0x10c5,0x08a5,0x10e6,0x1106,
    0x1107,0x1106,0x08a5,0x08c5,0x08a4,0x0063,0x08a4,0x08a4,0x08a4,0x0063,0x0064,0x0884,0x08a4,0x0084,0x0084,0x0084,
    0x0063,0x0063,0x0063,0x0063,0x0063,0x0063,0x0043,0x0043,0x0063,0x0063,0x0884,0x0063,0x0063,0x0063,0x0063,0x0043,
    0x0063,0x0043,0x0022,0x0022,0x0042,0x0043,0x0022,0x0022,0x0042,0x0022,0x0021,0x0021,0x0022,0x0022,0x0022,0x0042,
    0x0042,0x0022,0x0022,0x0022,0x0022,0x0022,0x0022,0x0042,0x0042,0x0042,0x0022,0x0043,0x0042,0x0022,0x0042,0x0042,
    0x0042,0x0042,0x0022,0x0022,0x0022,0x0022,0x0022,0x0022,0x0022,0x0022,0x0022,0x0022,0x0022,0x0022,0x0022,0x0022,
    0x0022,0x0022,0x0022,0x0022,0x0022,0x0022,0x0022,0x0022,0x0022,0x0022,0x0022,0x0022,0x0022,0x0022,0x0022,0x0022,
    0x0022,0x0022,0x0022,0x0022,0x0022,0x0042,0x0022,0x0022,0x0022,0x0022,0x0022,0x0022,0x0022,0x0022,0x0022,0x0022,
    0x0022,0x0022,0x0022,0x0022,0x0022,0x0022,0x0022,0x0022,0x0022,0x0001,0x0022,0x0022,0x0042,0x0043,0x0063,0x0043,
    0x0042,0x0042,0x0022,0x0042,0x0022,0x0022,0x0022,0x0022,0x0022,0x0042,0x0022,0x0022,0x0022,0x0021,0x0021,0x0021,
    0x0021,0x0022,0x0022,0x0022,0x0022,0x0022,0x0022,0x0021,0x0022,0x0022,0x0022,0x0022,0x0022,0x0022,0x0021,0x0022,
    0x0022,0x0022,0x0022,0x0022,0x0022,0x0022,0x0022,0x0022,0x0022,0x0022,0x0022,0x0022,0x0022,0x0022,0x0042,0x0042,
    0x0043,0x0043,0x0022,0x0063,0x0063,0x0043,0x0043,0x0043,0x0063,0x0063,0x0043,0x0043,0x0043,0x0043,0x0022,0x0043,
    0x0042,0x0043,0x0042,0x0883,0x0043,0x0042,0x0042,0x0042,0x0043,0x0042,0x0043,0x0043,0x0043,0x0063,0x08a4,0x0084,
    0x0084,0x0063,0x31a8,0xc5ba,0x9c98,0xa478,0x7311,0x5ab0,0x5ad0,0x31ab,0x4a4d,0x2127,0x10a5,0x10a4,0x0043,0x0884,
    0x10a5,0x0043,0x0022,0x0863,0x0043,0x0022,0x0042,0x0022,0x0042,0x0042,0x0022,0x0022,0x0042,0x0022,0x0042,0x0043,
    0x0022,0x0022,0x0022,0x0042,0x0022,0x0022,0x0022,0x0042,0x0042,0x0022,0x0042,0x0042,0x0042,0x0022,0x0022,0x0042,
    0x0042,0x0042,0x0042,0x0043,0x0043,0x0042,0x0043,0x0043,0x0084,0x0085,0x0085,0x00a5,0x0085,0x0085,0x00a5,0x0084,
    0x08a5,0x0084,0x0084,0x0064,0x0084,0x0085,0x08c7,0x08c6,0x00a5,0x08a5,0x08a6,0x08c6,0x08a6,0x08c7,0x08c6,0x08a5,
    0x3126,0x2926,0x2926,0x3106,0x3926,0x3105,0x20e5,0x20e5,0x28e5,0x20c5,0x18a4,0x1083,0x0863,0x0843,0x1882,0x4986,
    0x20e5,0x18a5,0x20c5,0x20c5,0x20e5,0x20c5,0x2906,0x20e5,0x20e5,0x2905,0x20e5,0x2106,0x18e6,0x18e6,0x18e6,0x10c5,
    0x10c5,0x10e6,0x1907,0x0884,0x0001,0x0021,0x0842,0x0842,0x0022,0x0021,0x0021,0x0021,0x0021,0x0822,0x2907,0x18c6,
    0x49eb,0x6aae,0x7350,0x29ca,0x1948,0x2168,0x2168,0x21a9,0x1947,0x320b,0x3a4c,0x1927,0x0002,0x2126,0x31c9,0x31c9,
    0x52ee,0x4ace,0x31a9,0x29a9,0x29ca,0x2189,0x2189,0x2168,0x1128,0x1948,0x1127,0x1128,0x1107,0x08e6,0x0884,0x10e7,
    0x1107,0x1107,0x1107,0x1106,0x10e6,0x08a5,0x0884,0x0863,0x0063,0x0883,0x0063,0x0063,0x0884,0x0863,0x08a5,0x10e6,
    0x1106,0x1106,0x10e6,0x08a4,0x08a4,0x08a4,0x0884,0x08a4,0x08a4,0x0084,0x0063,0x0063,0x0884,0x08a4,0x0084,0x0063,
    0x0084,0x0063,0x0063,0x0063,0x0063,0x0063,0x0043,0x0043,0x0063,0x18e5,0x10c5,0x0064,0x0884,0x0063,0x0063,0x0043,
    0x0063,0x0043,0x0042,0x0042,0x0863,0x0043,0x0042,0x0022,0x0042,0x0042,0x0022,0x0022,0x0022,0x0022,0x0022,0x0022,
    0x0022,0x0022,0x0022,0x0022,0x0022,0x0022,0x0042,0x0042,0x0043,0x0043,0x0043,0x0043,0x0042,0x0022,0x0042,0x0022,
    0x0042,0x0022,0x0042,0x0042,0x0022,0x0042,0x0042,0x0022,0x0022,0x0022,0x0022,0x0022,0x0022,0x0022,0x0022,0x0022,
    0x0022,0x0022,0x0022,0x0022,0x0022,0x0022,0x0022,0x0022,0x0022,0x0022,0x0022,0x0022,0x0022,0x0042,0x0022,0x0022,
    0x0022,0x0022,0x0022,0x0022,0x0022,0x0042,0x0022,0x0022,0x0042,0x0022,0x0022,0x0022,0x0022,0x0022,0x0022,0x0022,
    0x0022,0x0022,0x0022,0x0022,0x0022,0x0022,0x0022,0x0022,0x0022,0x0022,0x0022,0x0043,0x0043,0x0063,0x0063,0x0043,
    0x0863,0x0043,0x0022,0x0042,0x0022,0x0022,0x0022,0x0022,0x0022,0x0022,0x0022,0x0022,0x0022,0x0022,0x0022,0x0022,
    0x0022,0x0022,0x0022,0x0001,0x0021,0x0022,0x0022,0x0021,0x0042,0x0022,0x0022,0x0022,0x0022,0x0022,0x0022,0x0022,
    0x0022,0x0022,0x0042,0x0022,0x0042,0x0022,0x0022,0x0022,0x0042,0x0042,0x0022,0x0022,0x0022,0x0042,0x0042,0x0042,
    0x0043,0x0042,0x0043,0x0043,0x0043,0x0063,0x0063,0x0063,0x0043,0x0043,0x0043,0x0063,0x0043,0x0043,0x0042,0x0043,
    0x0043,0x0043,0x0042,0x0042,0x0042,0x0042,0x0042,0x0043,0x0043,0x0043,0x0043,0x0043,0x0043,0x0063,0x08a4,0x0063,
    0x0884,0x0063,0x7370,0xc59b,0x9c78,0x8bd4,0x8393,0x7b94,0x5ab0,0x39ab,0x39eb,0x2107,0x1907,0x1906,0x0884,0x0884,
    0x0884,0x0043,0x0042,0x0063,0x0043,0x0022,0x0022,0x0022,0x0022,0x0022,0x0022,0x0042,0x0043,0x0042,0x0042,0x0043,
    0x0022,0x0022,0x0042,0x0042,0x0042,0x0042,0x0042,0x0042,0x0022,0x0022,0x0042,0x0042,0x0022,0x0042,0x0022,0x0022,
    0x0042,0x0043,0x0042,0x0042,0x0042,0x0043,0x0043,0x0043,0x0064,0x0085,0x0085,0x0085,0x0885,0x08a5,0x0085,0x0084,
    0x0085,0x0085,0x0064,0x0064,0x0064,0x0064,0x0885,0x08a6,0x08a5,0x08c6,0x08a6,0x08a6,0x08c6,0x10e7,0x08c7,0x08a5,
    0x3126,0x3126,0x3947,0x3126,0x3905,0x3105,0x28e5,0x20c5,0x20e5,0x20c5,0x18a4,0x10a4,0x18a4,0x18c5,0x28e5,0x20c5,
    0x20c5,0x20c5,0x2906,0x2906,0x28e5,0x18a4,0x18c5,0x20c5,0x20c5,0x28e5,0x2905,0x20e5,0x18e5,0x2106,0x18e5,0x2106,
    0x18e6,0x18e6,0x18e6,0x10a4,0x0863,0x0842,0x0821,0x0842,0x0842,0x0042,0x0022,0x0021,0x0042,0x0022,0x3989,0x49eb,
    0x20e6,0x4189,0x9c75,0x21a9,0x2189,0x29ca,0x29ca,0x1927,0x2147,0x29ca,0x29a9,0x1948,0x08a4,0x0883,0x2167,0x428c,
    0x4aad,0x4ace,0x29a9,0x2988,0x29a9,0x3a2c,0x31ea,0x29a9,0x1927,0x1906,0x1948,0x1948,0x1948,0x1927,0x08e6,0x10e7,
    0x08c5,0x10e6,0x1107,0x1106,0x10e6,0x1106,0x08a4,0x08a4,0x08c5,0x08a4,0x0884,0x0063,0x0863,0x0863,0x08a4,0x1905,
    0x2967,0x10c5,0x1906,0x10e5,0x10c5,0x18e5,0x08a4,0x0884,0x08c5,0x0884,0x0063,0x0063,0x0063,0x0884,0x0084,0x0063,
    0x0063,0x0063,0x0063,0x0063,0x0063,0x0063,0x0063,0x0063,0x0063,0x10e5,0x08a4,0x0884,0x0884,0x0884,0x0863,0x0043,
    0x0063,0x0063,0x0043,0x0043,0x0063,0x0043,0x0042,0x0042,0x0042,0x0043,0x0042,0x0042,0x0043,0x0042,0x0042,0x0022,
    0x0022,0x0022,0x0022,0x0042,0x0022,0x0042,0x0042,0x0042,0x0042,0x0042,0x0043,0x0863,0x0043,0x0042,0x0042,0x0042,
    0x0042,0x0022,0x0042,0x0042,0x0042,0x0042,0x0042,0x0022,0x0022,0x0022,0x0022,0x0042,0x0022,0x0022,0x0022,0x0022,
    0x0022,0x0022,0x0022,0x0022,0x0022,0x0022,0x0022,0x0022,0x0022,0x0022,0x0022,0x0022,0x0022,0x0022,0x0022,0x0022,
    0x0022,0x0022,0x0022,0x0022,0x0022,0x0022,0x0022,0x0022,0x0022,0x0022,0x0022,0x0022,0x0022,0x0022,0x0022,0x0022,
    0x0022,0x0042,0x0022,0x0042,0x0022,0x0022,0x0022,0x0022,0x0022,0x0022,0x0042,0x0043,0x0063,0x1927,0x2168,0x0063,
    0x0043,0x0043,0x0022,0x0022,0x0022,0x0022,0x0022,0x0022,0x0022,0x0022,0x0022,0x0022,0x0022,0x0022,0x0022,0x0022,
    0x0001,0x0022,0x0021,0x1083,0x0042,0x0022,0x0022,0x0022,0x0842,0x0022,0x0022,0x0022,0x0021,0x0022,0x0022,0x0022,
    0x0022,0x0022,0x0022,0x0022,0x0042,0x0022,0x0042,0x0022,0x0042,0x0043,0x0022,0x0022,0x0042,0x0042,0x0042,0x0042,
    0x0022,0x0043,0x0043,0x0043,0x0063,0x0084,0x0084,0x0064,0x0063,0x0043,0x0043,0x0043,0x0043,0x0043,0x0043,0x0043,
    0x0042,0x0043,0x0043,0x0042,0x0022,0x0042,0x0042,0x0043,0x0043,0x0043,0x0043,0x0043,0x0043,0x0063,0x0043,0x0063,
    0x0884,0x10a5,0xa4b6,0xc59b,0x9437,0x7b94,0x9436,0x526f,0x526e,0x2128,0x3189,0x2969,0x2127,0x2969,0x18e6,0x0063,
    0x0863,0x0863,0x0042,0x0043,0x0063,0x0043,0x0022,0x0022,0x0022,0x0022,0x0042,0x0043,0x0063,0x0043,0x0042,0x0022,
    0x0022,0x0022,0x0043,0x0042,0x0042,0x0042,0x0042,0x0022,0x0022,0x0022,0x0022,0x0042,0x0022,0x0022,0x0022,0x0042,
    0x0022,0x0042,0x0043,0x0043,0x0042,0x0063,0x0063,0x0063,0x0063,0x0085,0x0085,0x08a5,0x0085,0x0084,0x00a5,0x0084,
    0x0085,0x0085,0x0064,0x0064,0x0063,0x0063,0x0885,0x08a6,0x08a6,0x00a5,0x08a6,0x08c6,0x0884,0x10c6,0x10e7,0x08c6,
    0x3126,0x2926,0x2906,0x3946,0x4945,0x3905,0x3105,0x3105,0x28e5,0x20e5,0x10a4,0x10a4,0x10a4,0x20c5,0x20e5,0x28e5,
    0x2906,0x20c5,0x3126,0x3947,0x28e5,0x10a4,0x1084,0x18a4,0x20c5,0x28e5,0x2926,0x420a,0x39c9,0x2926,0x28e5,0x18c5,
    0x18c5,0x18c5,0x18c5,0x18a4,0x0842,0x0842,0x0000,0x0821,0x1063,0x18a4,0x18a4,0x0843,0x0842,0x0021,0x0842,0x49eb,
    0x41ca,0x1063,0x732f,0x6b70,0x1989,0x29eb,0x2a0b,0x10c5,0x1083,0x1926,0x2168,0x2189,0x2168,0x2148,0x1927,0x2189,
    0x1927,0x31ea,0x428d,0x426d,0x2126,0x4a8d,0x3a0b,0x2989,0x31eb,0x2168,0x2168,0x2189,0x1948,0x1106,0x10e6,0x10e6,
    0x10e6,0x1107,0x1107,0x10e6,0x10c6,0x1927,0x1106,0x10c5,0x10e6,0x10c5,0x08a4,0x0063,0x0063,0x0063,0x10c4,0x18e4,
    0x18e5,0x10c5,0x10c5,0x1906,0x18e6,0x10c5,0x10c5,0x08a4,0x08c5,0x10c5,0x0884,0x0063,0x0884,0x0884,0x0884,0x0083,
    0x0063,0x0063,0x0084,0x0063,0x0063,0x0063,0x0063,0x0063,0x0084,0x0884,0x0884,0x0884,0x0884,0x0884,0x0063,0x0043,
    0x0043,0x0063,0x0063,0x0043,0x0063,0x0063,0x0063,0x0042,0x0043,0x0863,0x0063,0x0043,0x0043,0x0042,0x0042,0x0042,
    0x0022,0x0042,0x0042,0x0022,0x0022,0x0043,0x0043,0x0043,0x0043,0x0043,0x0043,0x0043,0x0043,0x0043,0x0042,0x0042,
    0x0042,0x0022,0x0042,0x0042,0x0022,0x0042,0x0042,0x0863,0x0863,0x0022,0x0042,0x0022,0x0022,0x0022,0x0022,0x0022,
    0x0022,0x0022,0x0022,0x0022,0x0022,0x0022,0x0022,0x0022,0x0022,0x0022,0x0022,0x0022,0x0022,0x0022,0x0022,0x0022,
    0x0022,0x0042,0x0022,0x0022,0x0022,0x0042,0x0022,0x0022,0x0022,0x0022,0x0022,0x0022,0x0042,0x0022,0x0022,0x0022,
    0x0022,0x0022,0x0022,0x0042,0x0022,0x0042,0x0042,0x0022,0x0021,0x0022,0x0042,0x0063,0x0043,0x426c,0x5b2f,0x0064,
    0x0063,0x0043,0x0022,0x0022,0x0022,0x0022,0x0022,0x0022,0x0022,0x0022,0x0022,0x0022,0x0022,0x0022,0x0022,0x0021,
    0x0021,0x0022,0x0001,0x10a3,0x0042,0x0021,0x0022,0x0022,0x0022,0x0022,0x0022,0x0022,0x0022,0x0022,0x0022,0x0022,
    0x0022,0x0022,0x0022,0x0042,0x0022,0x0042,0x0022,0x0863,0x0863,0x0022,0x0042,0x0043,0x0043,0x0042,0x0042,0x0042,
    0x0043,0x0063,0x0043,0x0043,0x0884,0x10a5,0x0064,0x0063,0x0063,0x0043,0x0063,0x0063,0x0043,0x0043,0x0043,0x0043,
    0x0022,0x0043,0x0042,0x0022,0x0022,0x0042,0x0043,0x0063,0x0043,0x0043,0x0043,0x0043,0x0043,0x0063,0x0063,0x0063,
    0x0084,0x2968,0xbd79,0xbd3a,0x7b74,0x7b73,0x5ab0,0x4a2d,0x5a8f,0x2969,0x2127,0x39ca,0x1907,0x2127,0x10a5,0x0884,
    0x0884,0x0042,0x0063,0x0043,0x0884,0x0022,0x0022,0x0022,0x0043,0x0043,0x0043,0x0043,0x0043,0x0043,0x0043,0x0022,
    0x0042,0x0043,0x0042,0x0022,0x0022,0x0042,0x0022,0x0022,0x0022,0x0022,0x0022,0x0022,0x0022,0x0022,0x0022,0x0022,
    0x0042,0x0042,0x0043,0x0043,0x0063,0x0063,0x0063,0x0063,0x0063,0x0084,0x0085,0x0085,0x08c6,0x1107,0x0084,0x0084,
    0x0085,0x0084,0x0064,0x0064,0x0064,0x0885,0x08a5,0x0084,0x0084,0x0085,0x0085,0x1906,0x1062,0x0064,0x08c7,0x10c7,
    0x3126,0x3126,0x3126,0x3925,0x3925,0x3925,0x3126,0x3926,0x3925,0x30e5,0x18c5,0x18a4,0x18a4,0x20c5,0x28e5,0x3106,
    0x20e5,0x18a5,0x28e6,0x3126,0x18a4,0x10a4,0x1084,0x18c4,0x20c5,0x20e5,0x28e5,0x3147,0x39ea,0x2927,0x2906,0x18e6,
    0x18c5,0x18c5,0x18c5,0x18c5,0x0842,0x0021,0x0021,0x0021,0x0842,0x1883,0x20a4,0x1884,0x1063,0x0842,0x0000,0x1063,
    0x6aef,0x3127,0x5a4c,0x83d2,0x1969,0x29a9,0x2189,0x2189,0x29a9,0x1927,0x1948,0x2148,0x2168,0x2168,0x2168,0x2968,
    0x10e6,0x29a9,0x31ea,0x29aa,0x320c,0x320b,0x2189,0x0863,0x2968,0x10e5,0x10e6,0x31ea,0x29a9,0x1927,0x2147,0x1927,
    0x1947,0x1928,0x1928,0x10e6,0x10c6,0x1927,0x1927,0x10e6,0x10c5,0x10e5,0x10e5,0x08a4,0x0863,0x0883,0x0884,0x0863,
    0x0884,0x10e6,0x10c5,0x1905,0x10e6,0x1106,0x10e6,0x10c5,0x08c5,0x08c5,0x0884,0x0884,0x0884,0x0884,0x0883,0x0083,
    0x08a4,0x0083,0x0084,0x0884,0x0884,0x0084,0x0063,0x0063,0x0884,0x0884,0x08a5,0x08a5,0x08a5,0x08a4,0x0864,0x0864,
    0x0863,0x0063,0x0063,0x0863,0x0863,0x0863,0x0863,0x0063,0x0864,0x0864,0x0043,0x0043,0x0043,0x0043,0x0043,0x0042,
    0x0042,0x0022,0x0022,0x0022,0x0022,0x0042,0x0043,0x0063,0x0063,0x0063,0x0063,0x0063,0x0063,0x0063,0x0043,0x0042,
    0x0022,0x0022,0x0022,0x0022,0x0022,0x0042,0x0022,0x20e4,0x20e4,0x0022,0x0022,0x0042,0x0022,0x0022,0x0022,0x0022,
    0x0022,0x0022,0x0022,0x0022,0x0022,0x0022,0x0022,0x0022,0x0022,0x0022,0x0022,0x0022,0x0022,0x0022,0x0022,0x0022,
    0x0022,0x0022,0x0022,0x0022,0x0022,0x0022,0x0022,0x0022,0x0022,0x0022,0x0022,0x0022,0x0042,0x0022,0x0022,0x0022,
    0x0022,0x0022,0x0022,0x0022,0x0022,0x0022,0x0022,0x0022,0x0022,0x0022,0x0042,0x0043,0x0863,0x08a5,0x08c5,0x0063,
    0x0042,0x0042,0x0022,0x0022,0x0022,0x0022,0x0022,0x0022,0x0022,0x0022,0x0022,0x0022,0x0022,0x0001,0x0022,0x0022,
    0x0022,0x0021,0x0022,0x0001,0x0022,0x0022,0x0022,0x0022,0x0022,0x0022,0x0022,0x0022,0x0022,0x0022,0x0022,0x0022,
    0x0022,0x0022,0x0022,0x0022,0x0042,0x0042,0x0022,0x0863,0x0883,0x0043,0x0063,0x0043,0x0043,0x0042,0x0022,0x0043,
    0x0043,0x0043,0x0043,0x0043,0x10a5,0x2927,0x0064,0x0064,0x0064,0x0084,0x0084,0x0064,0x0063,0x0043,0x0043,0x0043,
    0x0043,0x0043,0x0022,0x0022,0x0042,0x0022,0x0042,0x0042,0x0042,0x0043,0x0043,0x0043,0x0063,0x0043,0x0063,0x0064,
    0x0064,0x4a4c,0xc59b,0x9437,0x7353,0x62d1,0x4a2e,0x62b0,0x7312,0x2107,0x1906,0x424c,0x2127,0x10c5,0x10a4,0x10a4,
    0x10c6,0x0884,0x0042,0x0043,0x0864,0x0043,0x0022,0x0063,0x0063,0x0063,0x0063,0x0063,0x0043,0x0042,0x0043,0x0042,
    0x0043,0x0043,0x0022,0x0022,0x0022,0x0022,0x0022,0x0022,0x0022,0x0022,0x0022,0x0022,0x0022,0x0022,0x0022,0x0022,
    0x0043,0x0043,0x0042,0x0042,0x0063,0x0043,0x0043,0x0063,0x0063,0x0084,0x0085,0x0084,0x0885,0x10c6,0x0085,0x0064,
    0x0084,0x0084,0x0084,0x0084,0x0085,0x0085,0x0064,0x0064,0x0084,0x0084,0x0085,0x18e5,0x0063,0x08a6,0x10c7,0x10c7,
    0x3926,0x28e5,0x3147,0x3947,0x3926,0x4946,0x3105,0x3926,0x4125,0x3105,0x28e5,0x20c5,0x18a4,0x18a4,0x3126,0x2906,
    0x20e5,0x20c5,0x20e5,0x3947,0x20e5,0x18a4,0x28e5,0x20c5,0x20c5,0x20c5,0x18c5,0x20c5,0x20e5,0x2906,0x20e6,0x20e5,
    0x18c5,0x18c5,0x18c5,0x20e5,0x20e5,0x20c4,0x1883,0x1063,0x1062,0x1063,0x20a3,0x1063,0x1063,0x1063,0x0021,0x0842,
    0x18c6,0x0842,0x20e5,0x6b0e,0x29a9,0x2168,0x2189,0x2189,0x29a9,0x10c5,0x2148,0x1947,0x1927,0x10e5,0x0883,0x18c4,
    0x2947,0x1947,0x322c,0x3a2c,0x42cf,0x1969,0x08c5,0x0884,0x10a4,0x29aa,0x2189,0x31c9,0x2189,0x21aa,0x29aa,0x2127,
    0x2189,0x2168,0x2148,0x1927,0x1927,0x10e6,0x10e6,0x1927,0x1926,0x1106,0x1106,0x10c5,0x08a4,0x0884,0x10a4,0x0884,
    0x0063,0x08a4,0x1906,0x2126,0x0884,0x10e5,0x1107,0x10e6,0x10e6,0x10e5,0x08a5,0x08c5,0x08a5,0x08a4,0x0884,0x0884,
    0x0884,0x0863,0x0884,0x08a4,0x0884,0x0884,0x0884,0x0863,0x0884,0x0884,0x08a4,0x08a5,0x0884,0x0884,0x0884,0x0884,
    0x0884,0x0063,0x0863,0x0863,0x0864,0x0884,0x0863,0x0063,0x0863,0x0863,0x18e5,0x0063,0x0043,0x0043,0x0043,0x0042,
    0x0042,0x0042,0x0042,0x0042,0x0042,0x0863,0x0843,0x0063,0x0864,0x0863,0x0863,0x0863,0x0043,0x0063,0x0863,0x0043,
    0x0043,0x0022,0x0022,0x0022,0x0022,0x0022,0x0042,0x0022,0x0022,0x0022,0x0022,0x0042,0x0022,0x0022,0x0022,0x0022,
    0x0022,0x0022,0x0022,0x0022,0x0022,0x0022,0x0022,0x0022,0x0022,0x0022,0x0022,0x0022,0x0022,0x0022,0x0022,0x0022,
    0x0022,0x0022,0x0022,0x0022,0x0022,0x0022,0x0022,0x0022,0x0022,0x0022,0x0022,0x0022,0x0022,0x0042,0x0022,0x0022,
    0x0022,0x0022,0x0022,0x0022,0x0022,0x0022,0x0022,0x0022,0x0042,0x0022,0x0042,0x0042,0x0042,0x0043,0x0043,0x0042,
    0x0042,0x0022,0x0022,0x0022,0x0022,0x0022,0x0022,0x0022,0x0022,0x0022,0x0022,0x0022,0x0022,0x0842,0x0022,0x0022,
    0x0022,0x0022,0x0022,0x0022,0x0021,0x0021,0x0022,0x0022,0x0022,0x0022,0x0022,0x0022,0x0022,0x0022,0x0022,0x0022,
    0x0022,0x0022,0x0022,0x0022,0x0042,0x0042,0x0042,0x0043,0x0043,0x0043,0x0043,0x0043,0x0043,0x0043,0x0043,0x0043,
    0x0064,0x0063,0x0063,0x0063,0x0884,0x0084,0x0084,0x0084,0x0084,0x0084,0x0064,0x0064,0x0063,0x0063,0x0063,0x0043,
    0x0043,0x0043,0x0043,0x0043,0x0042,0x0022,0x0042,0x0042,0x0043,0x0043,0x0043,0x0043,0x0043,0x0043,0x0043,0x0063,
    0x0043,0x6b2f,0xb539,0x9457,0x6b12,0x5a8f,0x62f1,0x526e,0x524e,0x2107,0x0884,0x31aa,0x31aa,0x1906,0x0884,0x1907,
    0x10c6,0x0884,0x0063,0x0043,0x0884,0x0043,0x0042,0x0042,0x0063,0x0063,0x0064,0x0064,0x0063,0x0043,0x0043,0x0043,
    0x0043,0x0042,0x0022,0x0022,0x0022,0x0022,0x0022,0x0022,0x0022,0x0022,0x0022,0x0022,0x0022,0x0022,0x0022,0x0022,
    0x0022,0x0042,0x0042,0x0042,0x0042,0x0043,0x0043,0x0063,0x0063,0x0084,0x0085,0x0084,0x0064,0x0063,0x0885,0x08a5,
    0x0884,0x0084,0x0085,0x0085,0x0085,0x0085,0x0085,0x0064,0x0084,0x0084,0x0084,0x0084,0x0084,0x0085,0x08a5,0x08a6,
    0x0863,0x0042,0x0863,0x3968,0x18a5,0x62cc,0x51c8,0x30e5,0x4146,0x3105,0x20e5,0x2905,0x20c5,0x20c5,0x3947,0x3126,
    0x28e5,0x20c5,0x2906,0x41a9,0x49c9,0x20c5,0x28c5,0x20c4,0x20c5,0x20c5,0x20c5,0x20c5,0x20c5,0x2906,0x20e5,0x20e5,
    0x18c5,0x18c5,0x18a4,0x20c5,0x20e5,0x20e5,0x2905,0x20a3,0x1062,0x1042,0x1062,0x1883,0x20a4,0x0863,0x0842,0x0021,
    0x1084,0x1884,0x0842,0x10c5,0x1948,0x2148,0x1948,0x2188,0x2168,0x1927,0x2148,0x1948,0x1948,0x10c5,0x0863,0x0842,
    0x2105,0x2106,0x2168,0x424c,0x426c,0x320c,0x2168,0x2967,0x2169,0x1906,0x1927,0x29aa,0x1107,0x2167,0x2988,0x2127,
    0x31a9,0x2147,0x2168,0x31ca,0x2147,0x1927,0x1947,0x1927,0x10c5,0x10e6,0x1106,0x1906,0x10e6,0x10e6,0x10c5,0x08a5,
    0x0884,0x10c5,0x10c5,0x10c5,0x0883,0x0063,0x10c5,0x1106,0x1106,0x1106,0x10e6,0x08c5,0x08c5,0x08a5,0x0884,0x0884,
    0x0863,0x0884,0x0884,0x08a4,0x08a4,0x0884,0x0884,0x08a4,0x08a4,0x0884,0x08a4,0x08c5,0x0884,0x08a4,0x0884,0x0884,
    0x0864,0x0063,0x0863,0x0884,0x0884,0x0884,0x0884,0x0884,0x0063,0x0863,0x10a4,0x0063,0x0043,0x0043,0x0043,0x0043,
    0x0042,0x0042,0x0042,0x0042,0x0042,0x0043,0x0043,0x0063,0x0884,0x0884,0x0863,0x0863,0x0063,0x0063,0x0043,0x0043,
    0x0043,0x0042,0x0042,0x0042,0x0022,0x0022,0x0022,0x0042,0x0042,0x0022,0x0022,0x0022,0x0022,0x0022,0x0022,0x0022,
    0x0022,0x0022,0x0022,0x0022,0x0022,0x0022,0x0022,0x0022,0x0022,0x0022,0x0022,0x0022,0x0022,0x0022,0x0022,0x0022,
    0x0022,0x0022,0x0022,0x0022,0x0022,0x0022,0x0022,0x0022,0x0042,0x0042,0x0022,0x0022,0x0042,0x0042,0x0022,0x0022,
    0x0022,0x0022,0x0022,0x0022,0x0022,0x0022,0x0042,0x0022,0x0042,0x0022,0x0042,0x0042,0x0022,0x0042,0x0042,0x0042,
    0x0042,0x0042,0x0022,0x0022,0x0022,0x0022,0x0022,0x0022,0x0022,0x0022,0x0022,0x0022,0x0001,0x0863,0x0022,0x0021,
    0x0021,0x0021,0x0022,0x0021,0x0022,0x0022,0x0021,0x0021,0x0022,0x0022,0x0022,0x0022,0x0042,0x0022,0x0042,0x0022,
    0x0022,0x0022,0x0022,0x0022,0x0022,0x0042,0x0043,0x0043,0x0043,0x0043,0x0043,0x0063,0x0063,0x0063,0x0043,0x0063,
    0x0864,0x0064,0x0063,0x0884,0x0084,0x0085,0x0084,0x0084,0x0064,0x0884,0x0064,0x0063,0x0063,0x0063,0x0043,0x0043,
    0x0043,0x0043,0x0042,0x0043,0x0042,0x0043,0x0043,0x0042,0x0863,0x0043,0x0043,0x0043,0x0043,0x0043,0x0043,0x0863,
    0x0063,0x83d2,0xacf8,0x83d5,0x5a6f,0x526f,0x524e,0x41ec,0x39cb,0x10a5,0x0863,0x3189,0x39cb,0x18c5,0x0884,0x10a5,
    0x10a5,0x10a5,0x0863,0x0043,0x0863,0x0864,0x0063,0x0063,0x0063,0x0063,0x0063,0x0063,0x0043,0x0063,0x0063,0x0043,
    0x0042,0x0022,0x0022,0x0022,0x0022,0x0022,0x0022,0x0022,0x0022,0x0022,0x0022,0x0022,0x0022,0x0022,0x0022,0x0022,
    0x0022,0x0043,0x0063,0x0042,0x0042,0x0042,0x0043,0x0043,0x0063,0x0084,0x0084,0x0084,0x0064,0x0064,0x08a5,0x08a5,
    0x0084,0x00a5,0x08a5,0x0085,0x0085,0x0085,0x0085,0x0084,0x0084,0x0084,0x0084,0x0084,0x0084,0x0085,0x00a5,0x0084,
    0x0843,0x0843,0x0042,0x2906,0x41a9,0x3168,0x9c52,0x626b,0x4105,0x3926,0x3106,0x3126,0x20c5,0x3126,0x49ea,0x3127,
    0x28e6,0x3147,0x4188,0x41c9,0x4988,0x3925,0x28e5,0x28c5,0x20c5,0x20c5,0x20c4,0x28c5,0x28c5,0x20c5,0x20e5,0x28e5,
    0x20c5,0x20c5,0x1083,0x18a4,0x20e5,0x20e5,0x2926,0x20c4,0x0821,0x1062,0x0862,0x1084,0x1884,0x0843,0x1063,0x0842,
    0x0021,0x1043,0x3148,0x1906,0x1927,0x2127,0x1907,0x3a0a,0x39e9,0x18e5,0x1906,0x29a9,0x2168,0x10c5,0x1906,0x0863,
    0x18e5,0x2126,0x2988,0x3a0b,0x29ca,0x29eb,0x31ea,0x2988,0x2189,0x1947,0x1927,0x218a,0x1948,0x10e6,0x10e6,0x31eb,
    0x1906,0x18e6,0x2189,0x2127,0x1926,0x2988,0x2988,0x2968,0x2147,0x2168,0x2988,0x2147,0x1926,0x1926,0x10c5,0x10c5,
    0x10c5,0x10a4,0x10e6,0x10e5,0x10c5,0x0884,0x0863,0x10e5,0x10e6,0x10e6,0x10e5,0x1906,0x10e6,0x10e5,0x10c5,0x08a4,
    0x0884,0x0884,0x0884,0x08a4,0x08c5,0x08a4,0x08a4,0x08c5,0x08a4,0x0884,0x0884,0x0884,0x0884,0x08a4,0x08a4,0x0884,
    0x0884,0x0063,0x0063,0x0863,0x0884,0x0884,0x0884,0x0884,0x0863,0x0063,0x0043,0x0043,0x0043,0x0043,0x0043,0x0043,
    0x0063,0x0863,0x0043,0x0042,0x0042,0x0043,0x0043,0x0043,0x0863,0x0863,0x0863,0x0043,0x0043,0x0063,0x0043,0x0042,
    0x0042,0x0022,0x0042,0x0042,0x0022,0x0022,0x0022,0x0022,0x0022,0x0042,0x0022,0x0022,0x0022,0x0022,0x0022,0x0022,
    0x0022,0x0022,0x0022,0x0022,0x0022,0x0022,0x0022,0x0022,0x0022,0x0022,0x0022,0x0022,0x0022,0x0022,0x0022,0x0022,
    0x0022,0x0022,0x0022,0x0022,0x0022,0x0022,0x0022,0x0042,0x0042,0x0022,0x0022,0x0022,0x0022,0x0042,0x0042,0x0022,
    0x0022,0x0022,0x0022,0x0022,0x0022,0x0022,0x0042,0x0022,0x0022,0x0042,0x0022,0x0022,0x0022,0x0022,0x0022,0x0042,
    0x0022,0x0022,0x0022,0x0022,0x0022,0x0022,0x0022,0x0022,0x0022,0x0022,0x0022,0x0022,0x0863,0x0001,0x0022,0x0022,
    0x0022,0x0022,0x0022,0x0022,0x0022,0x0022,0x0021,0x0021,0x0021,0x0022,0x0022,0x0042,0x0042,0x0022,0x0022,0x0022,
    0x0022,0x0022,0x0022,0x0022,0x0022,0x0042,0x0043,0x0043,0x0043,0x0043,0x0043,0x0043,0x0043,0x0063,0x0043,0x0064,
    0x0884,0x0063,0x0043,0x0043,0x0043,0x0064,0x0064,0x0064,0x0084,0x0063,0x0064,0x0084,0x0063,0x0063,0x0063,0x0043,
    0x0043,0x0063,0x0884,0x0042,0x0042,0x0042,0x0042,0x0042,0x0022,0x0042,0x0043,0x0043,0x0043,0x0043,0x0063,0x0084,
    0x0884,0x8c34,0x9456,0x6b12,0x41ec,0x4a4e,0x524e,0x2107,0x2107,0x18e6,0x0884,0x2127,0x39cb,0x2128,0x0863,0x10a5,
    0x18c6,0x1085,0x0063,0x0043,0x0063,0x0063,0x0064,0x0064,0x0063,0x0063,0x0063,0x0063,0x0043,0x0042,0x0063,0x0043,
    0x0022,0x0042,0x0022,0x0022,0x0042,0x0022,0x0022,0x0022,0x0022,0x0022,0x0022,0x0022,0x0022,0x0022,0x0042,0x0042,
    0x0022,0x0042,0x0043,0x0042,0x0043,0x0063,0x0063,0x0063,0x0064,0x0084,0x0084,0x0064,0x0884,0x0864,0x0064,0x0084,
    0x0085,0x0085,0x00a5,0x00a6,0x0085,0x08c6,0x08a5,0x08a5,0x0084,0x0084,0x0085,0x0084,0x0085,0x00a5,0x00a5,0x0085,
    0x1084,0x0863,0x0042,0x10a5,0x2927,0x41c9,0x83b0,0x7b2e,0x49a7,0x4145,0x4146,0x3106,0x2906,0x49c9,0x520a,0x2906,
    0x3127,0x3968,0x41ca,0x41ca,0x4167,0x3904,0x28e5,0x20c5,0x20c5,0x20e5,0x28e5,0x28e5,0x3105,0x28e5,0x28e5,0x1084,
    0x18a4,0x18a4,0x20c5,0x28e5,0x3126,0x3126,0x3127,0x2906,0x28e4,0x3104,0x3904,0x28c4,0x1064,0x0842,0x0021,0x1862,
    0x20a3,0x0863,0x18c5,0x10c5,0x10e5,0x18e6,0x1906,0x2147,0x18e5,0x1906,0x2147,0x18e5,0x2127,0x1906,0x1906,0x1906,
    0x2127,0x1927,0x2168,0x21a9,0x2189,0x2189,0x29ca,0x1948,0x1928,0x1107,0x1927,0x10c5,0x10a5,0x10c6,0x0884,0x10c6,
    0x1107,0x10e6,0x1107,0x08c5,0x10e5,0x29a9,0x3188,0x39c9,0x1905,0x31a8,0x29a8,0x2988,0x2126,0x1906,0x2127,0x1906,
    0x10c5,0x18e5,0x1906,0x2147,0x10e5,0x10c5,0x08a4,0x08a4,0x1906,0x18e6,0x10c5,0x10c5,0x10e6,0x1906,0x1106,0x10c5,
    0x08a4,0x08a4,0x08a4,0x08a4,0x08a4,0x08a4,0x10a5,0x08a4,0x08a4,0x0884,0x0884,0x0884,0x0884,0x08a4,0x08a4,0x0884,
    0x0884,0x0884,0x0863,0x0863,0x0863,0x0863,0x0063,0x0043,0x0863,0x0063,0x0063,0x0043,0x0043,0x0043,0x0043,0x0043,
    0x0063,0x0863,0x0043,0x0043,0x0043,0x0063,0x0063,0x0063,0x0063,0x0863,0x0864,0x0043,0x0043,0x0063,0x0043,0x0042,
    0x0042,0x0042,0x0042,0x0042,0x0022,0x0022,0x0022,0x0022,0x0022,0x0022,0x0022,0x0022,0x0022,0x0042,0x0863,0x0022,
    0x0022,0x0022,0x0022,0x0042,0x0042,0x0022,0x0022,0x0022,0x0022,0x0022,0x0022,0x0022,0x0022,0x0022,0x0022,0x0022,
    0x0022,0x0022,0x0022,0x0022,0x0022,0x0022,0x0022,0x0022,0x0842,0x0042,0x0022,0x0022,0x0042,0x0042,0x0022,0x0022,
    0x0022,0x0022,0x0022,0x0022,0x0022,0x0042,0x0042,0x0042,0x0022,0x0022,0x0022,0x0022,0x0022,0x0022,0x0022,0x0022,
    0x0022,0x0022,0x0022,0x0022,0x0022,0x0022,0x0022,0x0022,0x0022,0x0022,0x0022,0x0042,0x0883,0x0021,0x0022,0x0022,
    0x0022,0x0022,0x0022,0x0022,0x0022,0x0022,0x0022,0x0021,0x0021,0x0021,0x0022,0x0042,0x0022,0x0022,0x0022,0x0022,
    0x0022,0x0022,0x0022,0x0022,0x0022,0x0022,0x0022,0x0043,0x0043,0x0043,0x0043,0x0043,0x0022,0x0043,0x0043,0x0864,
    0x0064,0x0043,0x0043,0x0043,0x0043,0x0043,0x0043,0x0043,0x0043,0x0043,0x0063,0x0063,0x0064,0x0063,0x0063,0x0063,
    0x0043,0x0063,0x0884,0x0042,0x0042,0x0042,0x0042,0x0042,0x0043,0x0042,0x0043,0x0042,0x0043,0x0043,0x0063,0x0063,
    0x08a5,0x9455,0x9436,0x526e,0x4a2d,0x524e,0x41ec,0x10a4,0x0884,0x10a5,0x31aa,0x1907,0x31aa,0x2948,0x0884,0x10c6,
    0x0885,0x0884,0x0043,0x0042,0x0864,0x0863,0x0864,0x0864,0x0063,0x0064,0x0063,0x0043,0x0043,0x0043,0x0042,0x0022,
    0x0022,0x0042,0x0022,0x0022,0x0022,0x0022,0x0022,0x0022,0x0022,0x0022,0x0022,0x0022,0x0022,0x0022,0x0022,0x0042,
    0x0042,0x0042,0x0042,0x0043,0x0043,0x0063,0x0063,0x0063,0x0064,0x0064,0x0064,0x0063,0x0063,0x0064,0x0084,0x0084,
    0x0085,0x0085,0x08e7,0x00c7,0x1948,0x2126,0x0001,0x0884,0x0084,0x08a5,0x08a5,0x08c5,0x08a5,0x00a5,0x00a5,0x00a5,
    0x0863,0x0863,0x0022,0x0843,0x1064,0x39a9,0x524b,0x7b6f,0x8baf,0x5165,0x5186,0x3926,0x3127,0x49ea,0x41a9,0x3127,
    0x3167,0x6aee,0x7b50,0x51ea,0x4146,0x30e5,0x20c4,0x20c5,0x28e5,0x20e5,0x3105,0x28e5,0x28e5,0x20c5,0x20c4,0x0863,
    0x18a4,0x18a4,0x20c5,0x28e5,0x2926,0x2926,0x3127,0x3127,0x3967,0x3987,0x41a8,0x4a2a,0x2926,0x18a4,0x18c4,0x20e4,
    0x3126,0x18e5,0x18c5,0x10c5,0x10c5,0x10c5,0x10c5,0x2127,0x2127,0x2126,0x1906,0x2126,0x2148,0x2147,0x2147,0x1927,
    0x1906,0x1906,0x1927,0x1948,0x1948,0x1948,0x1949,0x1948,0x1127,0x1107,0x08c5,0x08a5,0x0884,0x08c5,0x1107,0x1947,
    0x1127,0x1127,0x1927,0x1106,0x08c5,0x1947,0x1947,0x1906,0x0042,0x2126,0x29a9,0x2167,0x424a,0x2126,0x2147,0x2127,
    0x1927,0x2126,0x2126,0x2147,0x2127,0x1906,0x10c5,0x0884,0x18e5,0x2147,0x1926,0x10e6,0x1106,0x1906,0x10e5,0x10c5,
    0x10c4,0x10c5,0x10c5,0x08a4,0x08a4,0x08a4,0x10c5,0x10c5,0x08a4,0x10a4,0x08a4,0x10c5,0x10c5,0x10c5,0x10c5,0x08a4,
    0x08a4,0x10a5,0x0884,0x0884,0x0863,0x0863,0x0863,0x0863,0x0863,0x0063,0x0063,0x0063,0x0063,0x0043,0x0043,0x0043,
    0x0063,0x0863,0x0063,0x0063,0x0063,0x0884,0x0863,0x0863,0x0063,0x0063,0x0063,0x0043,0x0043,0x0863,0x0043,0x0042,
    0x0042,0x0042,0x0042,0x0042,0x0022,0x0022,0x0022,0x0022,0x0022,0x0022,0x0022,0x0022,0x0022,0x0042,0x0863,0x0022,
    0x0022,0x0022,0x0022,0x0022,0x0022,0x0022,0x0022,0x0022,0x0022,0x0022,0x0022,0x0022,0x0022,0x0022,0x0022,0x0022,
    0x0022,0x0022,0x0022,0x0022,0x0042,0x0042,0x0022,0x0022,0x0842,0x0042,0x0022,0x0042,0x0022,0x0042,0x0022,0x0042,
    0x0042,0x0022,0x0022,0x0022,0x0022,0x0022,0x0022,0x0042,0x0022,0x0022,0x0022,0x0022,0x0022,0x0022,0x0022,0x0042,
    0x0022,0x0022,0x0022,0x0022,0x0022,0x0022,0x0022,0x0021,0x0022,0x0022,0x0022,0x0022,0x0001,0x0022,0x0022,0x0022,
    0x0022,0x0022,0x0022,0x0022,0x0022,0x0022,0x0022,0x0022,0x0021,0x0022,0x0022,0x0022,0x0022,0x0022,0x0022,0x0022,
    0x0042,0x0042,0x0042,0x0042,0x0022,0x0042,0x0042,0x0043,0x0043,0x0043,0x0043,0x0043,0x0043,0x0043,0x0043,0x0043,
    0x0063,0x0043,0x0043,0x0043,0x0043,0x0043,0x0043,0x0043,0x0043,0x0043,0x0043,0x0063,0x0043,0x0043,0x0063,0x0063,
    0x0043,0x0043,0x0043,0x0043,0x0022,0x0863,0x0043,0x0042,0x0042,0x0043,0x0863,0x0043,0x0063,0x0043,0x0063,0x0063,
    0x08a5,0x8c14,0x83b4,0x41ec,0x5a8f,0x4a4e,0x2948,0x0884,0x0863,0x2107,0x3189,0x10c5,0x2107,0x0863,0x10a5,0x10c5,
    0x10c6,0x10a5,0x0042,0x0063,0x0864,0x0863,0x0063,0x0063,0x0063,0x0063,0x0043,0x0022,0x0042,0x0042,0x0022,0x0022,
    0x0043,0x0042,0x0022,0x0022,0x0022,0x0022,0x0022,0x0022,0x0022,0x0022,0x0022,0x0022,0x0022,0x0022,0x0022,0x0042,
    0x0043,0x0063,0x0043,0x0043,0x0043,0x0063,0x0064,0x0063,0x0064,0x0064,0x0064,0x0063,0x0063,0x0064,0x0084,0x0085,
    0x00a5,0x0907,0x21aa,0x08e7,0x3188,0x1084,0x0042,0x0042,0x0084,0x08a5,0x0884,0x0085,0x0084,0x00a5,0x00a5,0x08a5,
    0x1084,0x0863,0x0021,0x0842,0x39a9,0x5a6c,0x18c5,0x20e5,0x49e8,0x61c6,0x59a6,0x4966,0x3106,0x4189,0x41a9,0x3148,
    0x41a9,0x624a,0x59e9,0x49a8,0x59a7,0x4945,0x3905,0x3105,0x3105,0x3925,0x4125,0x2905,0x28e5,0x28e4,0x20a4,0x1083,
    0x18a4,0x20e5,0x28e5,0x2905,0x3126,0x3126,0x3946,0x3126,0x3126,0x3148,0x3168,0x31aa,0x39c9,0x2926,0x2126,0x2126,
    0x2947,0x20e5,0x18e5,0x18e5,0x10c5,0x10c5,0x10c5,0x18c5,0x18e6,0x2127,0x2106,0x2968,0x2147,0x1906,0x2968,0x2968,
    0x1906,0x1906,0x1927,0x10c5,0x10e5,0x31c9,0x29ca,0x1969,0x1128,0x2189,0x1927,0x1127,0x1107,0x1107,0x1927,0x1948,
    0x10e6,0x10e6,0x1927,0x1927,0x1927,0x1927,0x1947,0x10e5,0x10c4,0x08a4,0x1106,0x1906,0x2987,0x1905,0x31c8,0x31a8,
    0x39c9,0x2988,0x2167,0x2988,0x39e9,0x2167,0x1906,0x1906,0x18e5,0x1926,0x1927,0x1927,0x1927,0x1927,0x1906,0x1106,
    0x10c5,0x0884,0x10c5,0x10c5,0x10a5,0x10a5,0x10c5,0x10c5,0x10a5,0x08a4,0x08a4,0x10c5,0x10c5,0x10c5,0x18e5,0x10a4,
    0x08a4,0x10a5,0x10a4,0x0884,0x0864,0x0884,0x0884,0x0063,0x0863,0x0864,0x0863,0x0863,0x0863,0x0063,0x0063,0x0063,
    0x0063,0x0883,0x0884,0x0063,0x0863,0x0863,0x0863,0x0864,0x0863,0x0043,0x0042,0x0043,0x0063,0x0043,0x0042,0x0042,
    0x0042,0x0042,0x0043,0x0042,0x0022,0x0042,0x0022,0x0022,0x0042,0x0042,0x0042,0x0022,0x0022,0x0022,0x0022,0x0042,
    0x0042,0x0042,0x0022,0x0863,0x0863,0x0022,0x0022,0x0022,0x0022,0x0022,0x0022,0x0022,0x0022,0x0022,0x0022,0x0022,
    0x0022,0x0042,0x0022,0x0042,0x0042,0x0022,0x0022,0x0022,0x0022,0x0022,0x0022,0x0022,0x0022,0x0022,0x0042,0x0022,
    0x0022,0x0022,0x0022,0x0022,0x0022,0x0042,0x0042,0x0022,0x0022,0x0022,0x0022,0x0022,0x0022,0x0022,0x0022,0x0022,
    0x0042,0x0863,0x0022,0x0022,0x0022,0x0022,0x0022,0x0022,0x0022,0x0022,0x0022,0x0022,0x0022,0x0022,0x0022,0x0022,
    0x0022,0x0022,0x0022,0x0022,0x0022,0x0022,0x0022,0x0022,0x0022,0x0022,0x0022,0x0022,0x0022,0x0022,0x0022,0x0042,
    0x0042,0x0042,0x0042,0x0042,0x0042,0x0042,0x0022,0x0043,0x0043,0x0043,0x0043,0x0042,0x0042,0x0043,0x0043,0x0043,
    0x0043,0x0043,0x0043,0x0063,0x0063,0x0043,0x0022,0x0043,0x0043,0x0043,0x0043,0x0043,0x0063,0x0043,0x0043,0x0043,
    0x0043,0x0043,0x0043,0x0043,0x0042,0x0022,0x0063,0x0863,0x0022,0x0042,0x0043,0x0043,0x0043,0x0063,0x0063,0x0084,
    0x10a5,0x9435,0x7353,0x4a2d,0x62f1,0x41ec,0x2128,0x08a4,0x0884,0x2128,0x2949,0x18e7,0x0884,0x0043,0x0884,0x1084,
    0x10c6,0x0063,0x0043,0x0063,0x0063,0x0043,0x0063,0x0063,0x0063,0x0043,0x0043,0x0042,0x0043,0x0043,0x0022,0x0022,
    0x0043,0x0042,0x0022,0x0022,0x0022,0x0022,0x0022,0x0022,0x0022,0x0022,0x0022,0x0022,0x0022,0x0022,0x0022,0x0043,
    0x0063,0x0063,0x0043,0x0043,0x0043,0x0084,0x0064,0x0084,0x0084,0x0084,0x0084,0x0884,0x0063,0x0064,0x0085,0x00a6,
    0x08e7,0x0908,0x00e7,0x2189,0x39a9,0x0863,0x0022,0x0084,0x08a5,0x0084,0x0084,0x0085,0x08a5,0x08a6,0x08c6,0x08a5,
    0x1084,0x1084,0x0863,0x0842,0x20e6,0x3968,0x3988,0x41c9,0x524b,0x624a,0x5986,0x61c7,0x3946,0x4188,0x49a9,0x41a9,
    0x49a8,0x59a6,0x4945,0x3946,0x4987,0x5165,0x4946,0x4946,0x3126,0x3926,0x4125,0x3925,0x3105,0x28c4,0x28c4,0x20c4,
    0x0863,0x1084,0x28e5,0x2905,0x3105,0x3105,0x3926,0x3105,0x3106,0x3968,0x3989,0x3168,0x31c9,0x2926,0x2106,0x20e5,
    0x2927,0x2106,0x2106,0x20e5,0x18c5,0x18c5,0x18e5,0x2947,0x18e5,0x18e5,0x2106,0x2126,0x2126,0x1906,0x2127,0x2147,
    0x1927,0x1906,0x0883,0x0001,0x0001,0x18c4,0x424b,0x4aad,0x29a9,0x1147,0x1968,0x1947,0x1927,0x1927,0x1928,0x1107,
    0x08a5,0x08c5,0x10e6,0x10c5,0x10e6,0x1927,0x1907,0x10e6,0x10e6,0x1927,0x1926,0x1948,0x1968,0x2168,0x10c4,0x2147,
    0x2146,0x2987,0x31ea,0x2967,0x10c4,0x2167,0x2968,0x2167,0x2126,0x1926,0x1906,0x1906,0x1906,0x1927,0x1906,0x1905,
    0x1906,0x10c5,0x10c5,0x10e5,0x10c5,0x10e5,0x10c5,0x10c5,0x10c5,0x10c5,0x10c5,0x08a4,0x08a4,0x10c5,0x18c5,0x18c5,
    0x10a5,0x10c5,0x08a4,0x0884,0x0884,0x0884,0x0884,0x0884,0x0863,0x0863,0x0863,0x0863,0x0863,0x0863,0x0863,0x0863,
    0x0063,0x0063,0x0863,0x0863,0x0884,0x0884,0x0863,0x0863,0x0063,0x0043,0x0042,0x0043,0x0043,0x0043,0x0042,0x0022,
    0x0042,0x0042,0x0043,0x0042,0x0042,0x0022,0x0042,0x0042,0x0042,0x0042,0x0042,0x0042,0x0022,0x0042,0x0043,0x0043,
    0x0043,0x0043,0x0022,0x0043,0x0042,0x0022,0x0022,0x0022,0x0022,0x0022,0x0022,0x0022,0x0022,0x0022,0x0022,0x0022,
    0x0022,0x0042,0x0022,0x0022,0x0022,0x0022,0x0022,0x0022,0x0022,0x0022,0x0022,0x0022,0x0022,0x0042,0x0022,0x0042,
    0x0042,0x0022,0x0022,0x0022,0x0022,0x0042,0x0022,0x0022,0x0022,0x0022,0x0022,0x0022,0x0022,0x0022,0x0022,0x0022,
    0x0042,0x0042,0x0022,0x0022,0x0022,0x0022,0x0022,0x0022,0x0022,0x0022,0x0022,0x0022,0x0022,0x0022,0x0022,0x0022,
    0x0022,0x0022,0x0022,0x0022,0x0022,0x0022,0x0022,0x0022,0x0022,0x0022,0x0022,0x0042,0x0022,0x0022,0x0022,0x0042,
    0x0042,0x0042,0x0043,0x0042,0x0042,0x0022,0x0022,0x0042,0x0022,0x0042,0x0043,0x0042,0x0043,0x0043,0x0043,0x0043,
    0x0063,0x0043,0x0063,0x0063,0x0063,0x0043,0x0022,0x0043,0x0043,0x0042,0x0043,0x0043,0x0043,0x0063,0x0043,0x0043,
    0x0043,0x0043,0x0063,0x0063,0x0022,0x0042,0x0022,0x0043,0x0042,0x0022,0x0043,0x0043,0x0063,0x0043,0x0063,0x0084,
    0x08a5,0x83d4,0x83b4,0x62d0,0x6b12,0x39ec,0x2128,0x1907,0x2107,0x2128,0x2128,0x18c6,0x0884,0x0863,0x0883,0x10a5,
    0x0863,0x0043,0x0043,0x0063,0x0042,0x0042,0x0063,0x0063,0x0043,0x0042,0x0042,0x0042,0x0043,0x0042,0x0042,0x0042,
    0x0022,0x0022,0x0022,0x0022,0x0022,0x0022,0x0022,0x0022,0x0022,0x0022,0x0022,0x0022,0x0022,0x0022,0x0042,0x0043,
    0x0043,0x0043,0x0043,0x0063,0x0063,0x0063,0x0063,0x0084,0x0084,0x0084,0x0064,0x0884,0x0064,0x0064,0x00a5,0x08c6,
    0x00a6,0x00c6,0x00c6,0x08e7,0x0864,0x0863,0x0864,0x0085,0x00a5,0x0085,0x0085,0x08a5,0x10e6,0x08c6,0x0884,0x00a5,
    0x1084,0x10a5,0x0863,0x0863,0x0843,0x18a5,0x3167,0x2906,0x6b0e,0x6aad,0x5187,0x59a7,0x4967,0x4168,0x49a9,0x49c8,
    0x59c7,0x51a7,0x49a7,0x51a8,0x59c7,0x61a6,0x5165,0x5165,0x4146,0x4125,0x4125,0x4125,0x3105,0x30e5,0x28e4,0x28c4,
    0x28c4,0x30e4,0x3905,0x3105,0x3105,0x3925,0x3105,0x3105,0x3106,0x3147,0x2927,0x2927,0x3147,0x2906,0x2926,0x2906,
    0x2947,0x2106,0x20e5,0x20e5,0x18e5,0x18c4,0x20c4,0x2988,0x2126,0x18c5,0x18e5,0x2106,0x2106,0x1906,0x1906,0x1926,
    0x1906,0x10c5,0x0022,0x0022,0x0001,0x0000,0x0021,0x10a4,0x29a8,0x1947,0x1147,0x1127,0x1107,0x1107,0x10e6,0x08c6,
    0x1927,0x1906,0x1906,0x2148,0x10c5,0x10e6,0x2988,0x1947,0x10e6,0x10e5,0x18e6,0x1968,0x1948,0x1106,0x08c5,0x08a4,
    0x0883,0x18c4,0x10e5,0x1947,0x2126,0x1906,0x18e5,0x1926,0x2967,0x31c9,0x29a8,0x29a8,0x2987,0x1906,0x1927,0x2147,
    0x1926,0x1906,0x1106,0x1906,0x1906,0x1106,0x10e5,0x10e5,0x10e5,0x10e6,0x10e5,0x10a5,0x10e5,0x10e6,0x10e6,0x18e5,
    0x18e5,0x10a5,0x10a4,0x08a4,0x08a4,0x08a4,0x0884,0x0884,0x0883,0x0863,0x0063,0x0063,0x0863,0x0863,0x0863,0x0863,
    0x0863,0x0063,0x0884,0x0884,0x0884,0x0884,0x0863,0x0884,0x0063,0x0043,0x0043,0x0063,0x0063,0x0042,0x0022,0x0022,
    0x0042,0x0042,0x0042,0x0042,0x0042,0x0042,0x0042,0x0022,0x0042,0x0042,0x0042,0x0042,0x0043,0x0043,0x0043,0x0043,
    0x0042,0x0042,0x0042,0x0043,0x0043,0x0022,0x0022,0x0022,0x0042,0x0022,0x0022,0x0042,0x0042,0x0022,0x0022,0x0022,
    0x0022,0x0022,0x0022,0x0022,0x0022,0x0022,0x0022,0x0022,0x0022,0x0022,0x0022,0x0042,0x0022,0x0022,0x0022,0x0042,
    0x0042,0x0022,0x0022,0x0022,0x0022,0x0022,0x0022,0x0022,0x0022,0x0022,0x0022,0x0022,0x0022,0x0022,0x0022,0x0022,
    0x0022,0x0042,0x0042,0x0022,0x0022,0x0022,0x0022,0x0022,0x0022,0x0022,0x0022,0x0022,0x0022,0x0022,0x0022,0x0022,
    0x0022,0x0022,0x0022,0x0022,0x0022,0x0022,0x0022,0x0022,0x0022,0x0022,0x0022,0x0022,0x0022,0x0022,0x0022,0x0042,
    0x0042,0x0883,0x0043,0x0042,0x0042,0x0042,0x0022,0x0022,0x0022,0x0022,0x0043,0x0043,0x0043,0x0043,0x0042,0x0043,
    0x0043,0x0063,0x0063,0x0063,0x0043,0x0022,0x0022,0x0043,0x0042,0x0043,0x0043,0x0043,0x0043,0x0043,0x0063,0x0043,
    0x0043,0x0043,0x0043,0x0043,0x0042,0x0022,0x0022,0x0042,0x0042,0x0022,0x0043,0x0063,0x0043,0x0063,0x0063,0x0084,
    0x08a4,0x7352,0x83d5,0x5a8f,0x5ab0,0x41ec,0x2107,0x2948,0x2107,0x10a5,0x10c5,0x2107,0x10a5,0x10a4,0x0042,0x0863,
    0x0864,0x0043,0x0042,0x0042,0x0042,0x0863,0x0863,0x0043,0x0042,0x0042,0x0043,0x0042,0x0042,0x0022,0x0042,0x0042,
    0x0022,0x0042,0x0042,0x0022,0x0022,0x0022,0x0022,0x0022,0x0022,0x0042,0x0022,0x0042,0x0022,0x0042,0x0043,0x0063,
    0x0043,0x0043,0x0063,0x0084,0x0063,0x0063,0x0084,0x0084,0x0084,0x0084,0x0063,0x0064,0x0064,0x0064,0x00a5,0x00c6,
    0x08c6,0x00a6,0x00a6,0x00c6,0x00a5,0x08a5,0x08a5,0x08a6,0x08a5,0x00a5,0x0085,0x10e6,0x08e6,0x00a5,0x0063,0x0063,
    0x0863,0x18a5,0x18a5,0x1084,0x1084,0x1084,0x0842,0x1063,0x18a4,0x49c8,0x4967,0x4987,0x5187,0x4167,0x4987,0x3925,
    0x3925,0x5166,0x5187,0x51a7,0x61c7,0x61a6,0x61a6,0x4145,0x4145,0x4945,0x3925,0x3925,0x4145,0x3925,0x28c4,0x30e5,
    0x3925,0x4145,0x4145,0x4145,0x4965,0x4145,0x3105,0x3925,0x3926,0x3946,0x2906,0x20e5,0x2906,0x3988,0x2926,0x2926,
    0x2947,0x2927,0x2106,0x2106,0x20e6,0x18c4,0x20c4,0x0862,0x20e4,0x18c5,0x18e5,0x2926,0x2106,0x2106,0x2147,0x10a4,
    0x0021,0x0042,0x0042,0x0001,0x0021,0x0000,0x0042,0x0042,0x0021,0x08c5,0x1127,0x1147,0x1107,0x10e6,0x1106,0x10e6,
    0x1906,0x1084,0x2126,0x29a9,0x0884,0x10c5,0x10c5,0x1106,0x1106,0x1107,0x1107,0x1927,0x1927,0x1906,0x1906,0x10c5,
    0x0863,0x10c5,0x1906,0x1906,0x2147,0x1947,0x1926,0x1906,0x1926,0x2105,0x29a8,0x4acd,0x0882,0x0021,0x18e5,0x2147,
    0x1926,0x10c5,0x10e6,0x10c5,0x1906,0x1906,0x10e5,0x10e5,0x1906,0x10e6,0x10e5,0x10e6,0x10c5,0x10e6,0x1906,0x10e6,
    0x10e5,0x10c5,0x10c5,0x10a4,0x08a4,0x08a4,0x08a4,0x0884,0x0884,0x0884,0x0864,0x0863,0x0884,0x0863,0x0863,0x0884,
    0x0884,0x0863,0x0884,0x10a5,0x08a4,0x0884,0x0884,0x0884,0x0043,0x0063,0x0063,0x0063,0x0043,0x0042,0x0022,0x0022,
    0x0042,0x0042,0x0042,0x0042,0x0042,0x0042,0x0863,0x10c5,0x0043,0x0063,0x0043,0x0043,0x0043,0x0043,0x0063,0x0043,
    0x0043,0x0043,0x0043,0x0043,0x0043,0x0022,0x0022,0x0022,0x0042,0x0022,0x0022,0x0022,0x0022,0x0042,0x0022,0x0022,
    0x0022,0x0022,0x0022,0x0022,0x0022,0x0022,0x0022,0x0022,0x0022,0x0022,0x0022,0x0042,0x0022,0x0022,0x0022,0x0022,
    0x0022,0x0022,0x0042,0x0022,0x0022,0x0042,0x0042,0x0022,0x0022,0x0022,0x0042,0x0042,0x0022,0x0022,0x0022,0x0022,
    0x0022,0x0042,0x0022,0x0022,0x0022,0x0022,0x0022,0x0022,0x0022,0x0022,0x0022,0x0022,0x0021,0x0042,0x0022,0x0022,
    0x0022,0x0022,0x0022,0x0022,0x0022,0x0022,0x0022,0x0022,0x0022,0x0022,0x0022,0x0022,0x0042,0x0042,0x0042,0x0042,
    0x0863,0x18e4,0x0042,0x0042,0x0042,0x0022,0x0022,0x0022,0x0022,0x0022,0x0042,0x0043,0x0042,0x0042,0x0042,0x0043,
    0x0043,0x0043,0x0043,0x0043,0x0043,0x0042,0x0042,0x0022,0x0022,0x0043,0x0043,0x0043,0x10c5,0x1906,0x0043,0x0063,
    0x0063,0x0043,0x0043,0x0042,0x0042,0x0022,0x0022,0x0022,0x0022,0x0022,0x0043,0x0063,0x0063,0x0063,0x0063,0x0083,
    0x0884,0x7372,0x8c16,0x62d0,0x4a2d,0x4a2e,0x31ab,0x2948,0x1906,0x10a5,0x18e6,0x18e6,0x10c6,0x10c5,0x0043,0x0043,
    0x0042,0x0042,0x0022,0x0022,0x0042,0x0864,0x0864,0x0043,0x0043,0x0043,0x0043,0x0042,0x0042,0x0042,0x0043,0x0042,
    0x0042,0x0022,0x0022,0x0022,0x0042,0x0022,0x0042,0x0042,0x0042,0x0022,0x0042,0x0043,0x0043,0x0042,0x0063,0x0064,
    0x0042,0x0043,0x0063,0x0063,0x0043,0x0063,0x0084,0x0085,0x08a5,0x0084,0x0084,0x0064,0x0064,0x0063,0x0063,0x0084,
    0x08c5,0x08c6,0x08a6,0x00a6,0x00a5,0x00a6,0x08a6,0x08a5,0x08a5,0x0085,0x0084,0x08a5,0x08a5,0x08a5,0x0084,0x0064,
    0x1083,0x1063,0x18a5,0x18a5,0x18a5,0x18c5,0x0842,0x1062,0x3105,0x4145,0x4966,0x3126,0x4967,0x4147,0x3106,0x20a4,
    0x20c4,0x20c5,0x4946,0x61a6,0x61c6,0x61a6,0x5986,0x4145,0x5166,0x69a6,0x4145,0x4965,0x5985,0x3925,0x28e5,0x3925,
    0x3905,0x3925,0x4145,0x5185,0x5985,0x5185,0x3945,0x4125,0x3926,0x3126,0x20e5,0x10a4,0x2906,0x39a8,0x3167,0x3147,
    0x2947,0x2927,0x2106,0x20e6,0x20e5,0x18c5,0x18e5,0x18c4,0x18c4,0x18c5,0x18c5,0x20e5,0x2106,0x2106,0x2147,0x10a4,
    0x0021,0x0022,0x0021,0x0042,0x0043,0x0001,0x0042,0x10c5,0x1947,0x5b90,0x2a2b,0x1948,0x1968,0x2188,0x1968,0x1947,
    0x0863,0x0022,0x0022,0x0042,0x0884,0x10a4,0x08a5,0x10c6,0x10e6,0x1107,0x1107,0x10e6,0x18e5,0x10e5,0x1906,0x10e5,
    0x0884,0x10e5,0x1906,0x18e5,0x10c5,0x1906,0x1926,0x2126,0x1906,0x0000,0x10a3,0x1904,0x0001,0x0001,0x0042,0x31a8,
    0x2126,0x2147,0x2988,0x1927,0x1926,0x1906,0x1906,0x1927,0x1926,0x18e5,0x1906,0x1906,0x10e6,0x10e6,0x1926,0x1906,
    0x10e6,0x10e6,0x10e6,0x10e5,0x10c5,0x10c5,0x10c5,0x0884,0x08a4,0x10c5,0x10c5,0x0883,0x0884,0x0884,0x0883,0x0884,
    0x0884,0x0884,0x08a4,0x10a4,0x10a5,0x10a5,0x0884,0x0863,0x0043,0x0884,0x0883,0x0042,0x0063,0x0022,0x0042,0x0042,
    0x0022,0x0042,0x0043,0x0042,0x0042,0x0063,0x0864,0x0884,0x0043,0x0063,0x0884,0x0063,0x0063,0x0043,0x0043,0x0043,
    0x0043,0x0043,0x0043,0x0043,0x0042,0x0043,0x0042,0x0042,0x0042,0x0042,0x0022,0x0022,0x0022,0x0022,0x0022,0x0022,
    0x0022,0x0022,0x0022,0x0022,0x0022,0x0042,0x18a3,0x0842,0x0022,0x0042,0x0022,0x0022,0x0042,0x0022,0x0022,0x0022,
    0x0022,0x0022,0x0042,0x0022,0x0022,0x0022,0x0022,0x0022,0x0022,0x0022,0x0022,0x0022,0x0022,0x0022,0x0022,0x0022,
    0x0022,0x0022,0x0022,0x0022,0x0022,0x0022,0x0022,0x0022,0x0022,0x0022,0x0862,0x0022,0x0021,0x0042,0x0022,0x0022,
    0x0022,0x0022,0x0022,0x0022,0x0022,0x0022,0x0022,0x0022,0x0022,0x0022,0x0022,0x0022,0x0022,0x0042,0x0042,0x0042,
    0x0042,0x0022,0x0042,0x0022,0x0022,0x0022,0x0042,0x0022,0x0022,0x0022,0x0022,0x0042,0x0042,0x0042,0x0042,0x0022,
    0x0043,0x0043,0x0043,0x0042,0x0042,0x0043,0x0042,0x0022,0x0042,0x0022,0x0043,0x0043,0x2147,0x3a09,0x0043,0x0863,
    0x0043,0x0043,0x0043,0x0022,0x0042,0x0042,0x0022,0x0042,0x0022,0x0042,0x0043,0x0063,0x0063,0x0043,0x0063,0x0063,
    0x0043,0x5aef,0x8bf6,0x6b32,0x420c,0x420d,0x39cc,0x2969,0x10c5,0x10c5,0x0884,0x10a5,0x18e6,0x0863,0x0042,0x0042,
    0x0042,0x0022,0x0022,0x0022,0x0042,0x0043,0x0043,0x0043,0x0043,0x0043,0x0042,0x0042,0x0043,0x0043,0x0043,0x0042,
    0x0042,0x0022,0x0022,0x0042,0x0042,0x0022,0x0043,0x0043,0x0022,0x0022,0x0043,0x0043,0x0043,0x0043,0x0063,0x0063,
    0x0043,0x0063,0x0063,0x0063,0x0064,0x0084,0x0084,0x0085,0x0085,0x0084,0x0084,0x08a5,0x3188,0x0020,0x0000,0x0042,
    0x0063,0x08c5,0x00a5,0x0064,0x00a5,0x00a5,0x08a5,0x08a5,0x08a5,0x08a5,0x00a5,0x08c5,0x0883,0x0884,0x0084,0x0085,
    0x18a4,0x0842,0x0842,0x0843,0x0864,0x20e5,0x18a4,0x18a4,0x3126,0x3925,0x5165,0x3925,0x2905,0x3106,0x3926,0x3126,
    0x28c4,0x20c4,0x3924,0x5165,0x71e7,0x7207,0x61c6,0x5986,0x6185,0x61a5,0x5185,0x61a6,0x5985,0x4146,0x4146,0x4146,
    0x5186,0x5165,0x5165,0x5185,0x5986,0x59a6,0x3925,0x3105,0x28e5,0x20c5,0x18c4,0x18a4,0x20c5,0x2906,0x3167,0x3188,
    0x4a6b,0x2127,0x18c4,0x2106,0x2106,0x18e5,0x18e5,0x18c5,0x18c5,0x18c5,0x18c5,0x18c5,0x20e5,0x2106,0x1906,0x10a4,
    0x0000,0x0021,0x0842,0x0863,0x0863,0x0022,0x0021,0x1926,0x0862,0x29c8,0x29ea,0x1107,0x1127,0x29ca,0x1948,0x10e6,
    0x18e5,0x1083,0x0843,0x0042,0x0884,0x10a4,0x10c5,0x2147,0x10e5,0x10e6,0x10c5,0x0884,0x10c5,0x10e5,0x10c4,0x10a4,
    0x08a4,0x2126,0x2126,0x18e5,0x2126,0x10e5,0x10e6,0x10e6,0x10e6,0x0862,0x0862,0x0001,0x0042,0x0042,0x0001,0x0883,
    0x1947,0x2988,0x2126,0x10e5,0x1927,0x10c5,0x10c5,0x1927,0x2147,0x1927,0x1926,0x1927,0x1926,0x10e5,0x1906,0x1926,
    0x1906,0x10e6,0x10e6,0x1906,0x1906,0x10e5,0x10e5,0x10c5,0x10a4,0x10c5,0x10a4,0x0884,0x0884,0x08a4,0x08a4,0x10a4,
    0x08a4,0x08a4,0x10a4,0x10c5,0x10c5,0x10c5,0x0864,0x0863,0x0063,0x0884,0x0883,0x0043,0x0042,0x0043,0x0042,0x0042,
    0x0042,0x0042,0x0043,0x0043,0x0863,0x0863,0x0884,0x0864,0x0063,0x0042,0x0063,0x0063,0x0863,0x0063,0x0063,0x0063,
    0x0043,0x0043,0x0043,0x0042,0x0042,0x0042,0x0042,0x0863,0x0043,0x0043,0x0043,0x0022,0x0022,0x0022,0x0022,0x0022,
    0x0022,0x0022,0x0022,0x0022,0x0022,0x0042,0x18c3,0x0862,0x0022,0x0022,0x0022,0x0042,0x0042,0x0042,0x0022,0x0022,
    0x0022,0x0022,0x0022,0x0022,0x0022,0x0022,0x0022,0x0042,0x0022,0x0022,0x0043,0x10c5,0x0022,0x0022,0x0022,0x0022,
    0x0022,0x0022,0x0022,0x0022,0x0022,0x0022,0x0022,0x0022,0x0022,0x0022,0x0022,0x0022,0x0022,0x0022,0x0022,0x0022,
    0x0022,0x0022,0x0022,0x0022,0x0022,0x0022,0x0022,0x0022,0x0022,0x0042,0x0042,0x0022,0x0042,0x0042,0x0022,0x0042,
    0x0022,0x0022,0x0022,0x0022,0x0042,0x0022,0x0022,0x0042,0x0042,0x0022,0x0022,0x0022,0x0042,0x0042,0x0042,0x0042,
    0x0042,0x0042,0x0043,0x0043,0x0043,0x0043,0x0022,0x0022,0x0022,0x0042,0x0043,0x0042,0x0043,0x0063,0x0863,0x0043,
    0x0042,0x0043,0x0042,0x0022,0x0042,0x0042,0x0063,0x0042,0x0022,0x0022,0x0043,0x0043,0x0043,0x0063,0x0063,0x0084,
    0x0043,0x39eb,0x8c16,0x62f1,0x526e,0x41ec,0x2949,0x2949,0x2969,0x18e6,0x0863,0x0884,0x10a4,0x0063,0x0042,0x0042,
    0x0022,0x0022,0x0042,0x0042,0x0022,0x0043,0x0043,0x0043,0x0042,0x0043,0x0042,0x0042,0x0043,0x0043,0x0043,0x0042,
    0x0042,0x0042,0x0042,0x0043,0x0043,0x0042,0x0043,0x0063,0x0063,0x0043,0x0022,0x0043,0x0063,0x0063,0x0043,0x0042,
    0x0063,0x0063,0x0063,0x0084,0x0084,0x0084,0x0084,0x0885,0x08a5,0x0084,0x00a4,0x2127,0x10a4,0x0042,0x0064,0x0063,
    0x0085,0x00a6,0x00a6,0x00c6,0x08e7,0x08e7,0x08e7,0x08c6,0x10c5,0x08a5,0x00a5,0x08a4,0x0063,0x0084,0x0063,0x0085,
    0x20c5,0x20a4,0x1884,0x0863,0x1083,0x30e5,0x20c4,0x20a4,0x28e5,0x28e5,0x3926,0x3946,0x3926,0x3926,0x28c5,0x28e5,
    0x1883,0x1883,0x3904,0x4145,0x8227,0x7a27,0x59a6,0x69c6,0x61a6,0x5985,0x5165,0x3125,0x5165,0x5185,0x4966,0x59a6,
    0x79e5,0x69a5,0x7a06,0x69e6,0x4965,0x4145,0x4145,0x3925,0x3125,0x20c4,0x1083,0x18c4,0x20c5,0x28e5,0x2926,0x3147,
    0x31a8,0x3188,0x20e5,0x2926,0x2106,0x2106,0x20e5,0x18c5,0x20e5,0x20e5,0x18c5,0x10c4,0x18c5,0x10c5,0x18e5,0x18e5,
    0x0883,0x0884,0x0042,0x0021,0x0021,0x0021,0x0000,0x0883,0x0863,0x0021,0x1926,0x2189,0x1969,0x1949,0x1127,0x10c5,
    0x2126,0x18e5,0x0884,0x10a4,0x10a4,0x10a4,0x10e5,0x2147,0x10c5,0x10c5,0x18e5,0x0884,0x10c5,0x10c5,0x10c5,0x10c4,
    0x10c5,0x08a4,0x08a4,0x08a4,0x10c5,0x2126,0x10a4,0x10c5,0x08a5,0x10c4,0x1062,0x0021,0x0042,0x0022,0x0042,0x10c4,
    0x1106,0x1906,0x10a4,0x10c4,0x1926,0x2147,0x10c5,0x2126,0x2987,0x1906,0x2147,0x2146,0x2126,0x10e5,0x0884,0x1926,
    0x1927,0x1926,0x1906,0x1906,0x1906,0x10e5,0x10c5,0x10e5,0x10c5,0x10c5,0x10a4,0x10a4,0x10a4,0x08a4,0x08a4,0x10a5,
    0x10c5,0x10c5,0x10c5,0x10c5,0x10c5,0x10c5,0x0884,0x0884,0x0884,0x0884,0x0063,0x0063,0x0042,0x0063,0x0042,0x0042,
    0x0042,0x0042,0x0043,0x0863,0x0863,0x0863,0x10a4,0x1084,0x0863,0x0043,0x0043,0x0063,0x0063,0x0863,0x0063,0x0063,
    0x0043,0x0043,0x0043,0x0043,0x0043,0x0043,0x0043,0x0043,0x0043,0x0043,0x0043,0x0043,0x0022,0x0022,0x0022,0x0042,
    0x0042,0x0042,0x0022,0x0042,0x0022,0x0042,0x0022,0x0022,0x0022,0x0022,0x0022,0x0022,0x0022,0x0022,0x0022,0x0042,
    0x0042,0x0022,0x0042,0x0022,0x0022,0x0022,0x0022,0x0022,0x0022,0x0022,0x0042,0x0863,0x0022,0x0022,0x0022,0x0022,
    0x0022,0x0022,0x0022,0x0022,0x0022,0x0022,0x0022,0x0022,0x0022,0x0022,0x0022,0x0022,0x0022,0x0022,0x0022,0x0022,
    0x0022,0x0022,0x0022,0x0022,0x0022,0x0022,0x0842,0x0862,0x0022,0x0022,0x0022,0x0022,0x0022,0x0022,0x0022,0x0022,
    0x0022,0x0022,0x0022,0x0022,0x0022,0x0022,0x0022,0x0042,0x0022,0x0022,0x0022,0x0042,0x0022,0x0042,0x0042,0x0042,
    0x0042,0x0042,0x0042,0x0042,0x0042,0x0042,0x0022,0x0043,0x0884,0x0022,0x0063,0x0043,0x0043,0x0043,0x0042,0x0042,
    0x0022,0x0042,0x0042,0x0022,0x0043,0x0042,0x0042,0x0022,0x0043,0x0043,0x0043,0x0043,0x0043,0x0043,0x0063,0x0084,
    0x0064,0x2147,0x8bf5,0x5ad1,0x62d0,0x4a4e,0x318a,0x2969,0x2969,0x18e6,0x10c5,0x10c5,0x0863,0x0884,0x0043,0x0042,
    0x0022,0x0042,0x0022,0x0042,0x0063,0x0042,0x0042,0x0042,0x0043,0x0043,0x0043,0x0043,0x0043,0x0043,0x0043,0x0043,
    0x0042,0x0022,0x0043,0x0063,0x0042,0x0043,0x0063,0x0084,0x0063,0x0022,0x0042,0x0043,0x0043,0x0043,0x0042,0x0043,
    0x0064,0x0064,0x0064,0x0084,0x0084,0x0084,0x0085,0x08a5,0x08a5,0x0084,0x08c5,0x1905,0x0001,0x0042,0x0084,0x0063,
    0x08a5,0x08c6,0x00a6,0x08c7,0x08c6,0x08a6,0x08e7,0x1107,0x08a5,0x08a5,0x00a5,0x0084,0x00a5,0x0085,0x0085,0x0064,
    0x20a4,0x20a4,0x20a4,0x20a4,0x1884,0x20a4,0x20a4,0x1063,0x18a4,0x3906,0x30e5,0x28e5,0x3106,0x3905,0x30c5,0x28c4,
    0x20a3,0x2083,0x30e4,0x69c5,0x8226,0x7a06,0x71c6,0x59a6,0x5186,0x4966,0x5165,0x5165,0x69a5,0x69c5,0x61a5,0x69c5,
    0x8a25,0x69c5,0x71e6,0x69c6,0x4965,0x4965,0x4965,0x4146,0x3125,0x3925,0x28e5,0x28e5,0x28e5,0x18a4,0x2905,0x3146,
    0x3126,0x3988,0x3168,0x2926,0x2126,0x2127,0x2147,0x20e5,0x18e5,0x2106,0x18e5,0x18c5,0x18c5,0x18c5,0x18c5,0x18e5,
    0x2106,0x10c4,0x0043,0x0021,0x0020,0x0021,0x0021,0x0000,0x0042,0x0001,0x10c5,0x1969,0x1969,0x21a9,0x2189,0x1927,
    0x1906,0x18e6,0x10c5,0x10c5,0x10c5,0x10c5,0x0884,0x0063,0x08a4,0x10c5,0x2106,0x10a4,0x10a5,0x10c5,0x08a4,0x18e5,
    0x1906,0x08a4,0x08a4,0x0884,0x10c4,0x0863,0x0884,0x08a4,0x0884,0x10a5,0x0863,0x0042,0x0863,0x0063,0x0884,0x1906,
    0x1906,0x1106,0x1906,0x1906,0x1927,0x2126,0x1927,0x31c8,0x18e5,0x0042,0x18e5,0x31c8,0x29a8,0x2987,0x2147,0x2147,
    0x2967,0x10c4,0x1906,0x1906,0x10e5,0x1906,0x10e5,0x10e5,0x10e6,0x10e5,0x10c5,0x10c5,0x10c5,0x10c5,0x10c5,0x10c5,
    0x10c5,0x10c5,0x18e5,0x18e5,0x10a5,0x10c5,0x0884,0x0884,0x0884,0x0884,0x0863,0x0063,0x0063,0x0063,0x0863,0x0043,
    0x0043,0x0043,0x0063,0x0864,0x0863,0x1084,0x10a4,0x10a4,0x0884,0x0063,0x0063,0x0863,0x0884,0x0863,0x0863,0x0063,
    0x0043,0x0043,0x0043,0x0043,0x0063,0x0863,0x0863,0x0063,0x0043,0x0043,0x0043,0x0043,0x0042,0x0022,0x0022,0x0042,
    0x0022,0x0022,0x0042,0x0042,0x0042,0x0042,0x0042,0x0042,0x0022,0x0022,0x0042,0x0022,0x0022,0x0022,0x0022,0x0042,
    0x0042,0x0022,0x0022,0x0022,0x0022,0x0022,0x0022,0x0022,0x0022,0x0022,0x0022,0x0022,0x0022,0x0022,0x0022,0x0022,
    0x0022,0x0022,0x0022,0x0022,0x0022,0x0022,0x0022,0x0022,0x0022,0x0022,0x0022,0x0022,0x0022,0x0022,0x0022,0x0022,
    0x0022,0x0022,0x0022,0x0022,0x0022,0x0022,0x0022,0x0022,0x0022,0x0042,0x0022,0x0022,0x0022,0x0022,0x0022,0x0022,
    0x0022,0x0042,0x0022,0x0042,0x0022,0x0022,0x0022,0x0022,0x0022,0x0042,0x0022,0x0022,0x0042,0x0043,0x0042,0x0042,
    0x0042,0x0042,0x0043,0x0022,0x0042,0x0042,0x0022,0x0043,0x0063,0x0043,0x0022,0x0043,0x0043,0x0042,0x0042,0x0042,
    0x0043,0x0022,0x0042,0x0863,0x0022,0x0042,0x0042,0x0042,0x0042,0x0043,0x0043,0x0043,0x0063,0x0063,0x0063,0x0084,
    0x0084,0x08a5,0x7b73,0x5af1,0x52b0,0x4a4e,0x420c,0x39cb,0x10c6,0x0884,0x10a4,0x10a5,0x10a5,0x0884,0x0022,0x0042,
    0x0042,0x0022,0x0022,0x0042,0x0043,0x0043,0x0043,0x0043,0x0043,0x0043,0x0042,0x0043,0x0043,0x0043,0x0042,0x0022,
    0x0042,0x0042,0x0063,0x0063,0x0063,0x0063,0x0063,0x0064,0x0042,0x0043,0x0063,0x0042,0x0043,0x0043,0x0042,0x0043,
    0x0084,0x0084,0x0064,0x0084,0x08a4,0x0884,0x08c5,0x08a5,0x08a5,0x00a5,0x00a5,0x0063,0x0842,0x0042,0x0063,0x08a5,
    0x08c6,0x08e6,0x08e7,0x08e7,0x08e7,0x08e7,0x08e6,0x1926,0x0063,0x0063,0x08c6,0x10c5,0x0084,0x00a5,0x08a5,0x0084,
    0x18a4,0x1884,0x20a4,0x20a4,0x1884,0x20a4,0x30e5,0x28c4,0x1883,0x20c5,0x3105,0x30e5,0x28c4,0x30e4,0x30e5,0x28a4,
    0x1883,0x20a3,0x38e4,0x3904,0x69c5,0x8205,0x8205,0x61a6,0x5986,0x61a5,0x5144,0x5964,0x9225,0x8a25,0x8205,0x9246,
    0x8a46,0x8246,0x79e6,0x5185,0x4965,0x59a6,0x5185,0x4145,0x3125,0x3925,0x3105,0x3105,0x3105,0x20e5,0x3126,0x3126,
    0x3946,0x3967,0x3988,0x3147,0x2947,0x2947,0x2147,0x2106,0x2106,0x2106,0x20e5,0x20e5,0x20e5,0x20e5,0x18e5,0x2106,
    0x2106,0x20e5,0x1062,0x0021,0x0021,0x0022,0x0001,0x0000,0x0000,0x0863,0x1927,0x1107,0x10e6,0x1906,0x1947,0x10c5,
    0x1927,0x2127,0x2968,0x2127,0x10c5,0x10c5,0x10c5,0x18a4,0x18e4,0x10a4,0x10a4,0x10a4,0x10c5,0x1906,0x2988,0x10c5,
    0x10c4,0x10c5,0x08a4,0x0884,0x0883,0x0862,0x0863,0x0884,0x08a4,0x0884,0x0884,0x0884,0x0884,0x0884,0x0884,0x08a4,
    0x18e5,0x1906,0x10e6,0x1906,0x10e5,0x1927,0x10e5,0x08a5,0x08a4,0x0863,0x10c5,0x10e6,0x29a8,0x2946,0x10c5,0x10e5,
    0x1906,0x10e5,0x10a4,0x10c5,0x1927,0x10e5,0x1906,0x2147,0x1906,0x1906,0x1906,0x10c5,0x10e5,0x10e5,0x10c5,0x10e5,
    0x10c5,0x10c5,0x10c5,0x10c5,0x10c5,0x10c5,0x10c5,0x08a4,0x0884,0x0884,0x0884,0x0884,0x0884,0x08a4,0x08a4,0x0063,
    0x0863,0x0863,0x0863,0x0043,0x0863,0x10a4,0x10a4,0x0884,0x1084,0x0884,0x08a4,0x08a4,0x0884,0x0063,0x0063,0x0063,
    0x0063,0x0043,0x0063,0x0063,0x0063,0x0863,0x0863,0x0063,0x0063,0x0043,0x0043,0x0043,0x0043,0x0042,0x0042,0x0043,
    0x0022,0x0042,0x0042,0x0022,0x0042,0x0042,0x0042,0x0042,0x0042,0x0042,0x0042,0x0042,0x0042,0x0042,0x0022,0x0022,
    0x0022,0x0022,0x0042,0x0042,0x0022,0x0022,0x0022,0x0022,0x0022,0x0022,0x0022,0x0022,0x0022,0x0022,0x0022,0x0022,
    0x0022,0x0022,0x0022,0x0022,0x0022,0x0022,0x0022,0x0022,0x0022,0x0022,0x0022,0x0022,0x0022,0x0022,0x0022,0x0022,
    0x0022,0x0022,0x0022,0x0022,0x0022,0x0022,0x0022,0x0022,0x0022,0x0042,0x0022,0x0022,0x0022,0x0022,0x0022,0x0022,
    0x0022,0x0022,0x0042,0x0042,0x0022,0x0022,0x0022,0x0022,0x0022,0x0022,0x0042,0x0042,0x0042,0x0042,0x0042,0x0022,
    0x0042,0x0043,0x0043,0x0022,0x0022,0x0042,0x0022,0x0043,0x0043,0x0042,0x0022,0x0022,0x0022,0x0042,0x0042,0x0042,
    0x0863,0x0042,0x0042,0x0063,0x0043,0x0042,0x0042,0x0042,0x0043,0x0063,0x0043,0x0042,0x0043,0x0063,0x0884,0x0063,
    0x0063,0x0043,0x62d0,0x7bd5,0x424e,0x3a0c,0x31aa,0x2969,0x18e7,0x18e6,0x10c5,0x10c6,0x0884,0x0863,0x0863,0x0863,
    0x0863,0x0042,0x0022,0x0042,0x0022,0x0042,0x0043,0x0043,0x0043,0x0043,0x0043,0x0043,0x0043,0x0043,0x0042,0x0042,
    0x0042,0x0042,0x0063,0x0084,0x0084,0x0064,0x0064,0x0063,0x0063,0x0063,0x0043,0x0043,0x0063,0x0063,0x0043,0x0063,
    0x0064,0x0084,0x0084,0x0084,0x10a4,0x0884,0x08a5,0x08a5,0x08a5,0x08e6,0x08a5,0x08a5,0x08a5,0x08a5,0x08a5,0x08a5,
    0x08c6,0x08c6,0x08e7,0x1128,0x1149,0x1108,0x10e6,0x08a5,0x0084,0x0063,0x1928,0x10a4,0x0063,0x00a5,0x0084,0x0084,
    0x20c4,0x18a4,0x1884,0x20a4,0x1884,0x18a4,0x28e5,0x3105,0x3905,0x1883,0x28c4,0x3905,0x20c4,0x20a4,0x28c4,0x20a4,
    0x20a3,0x20a3,0x20a3,0x1883,0x38e3,0x6185,0x7a05,0x8226,0x5985,0x5165,0x4104,0x3904,0x5164,0x79e4,0xa285,0xa285,
    0x8226,0x8a46,0x7206,0x69e5,0x7a26,0x7a26,0x59a6,0x4145,0x4145,0x4966,0x4966,0x4146,0x3925,0x3926,0x3126,0x3126,
    0x3126,0x3126,0x3146,0x3126,0x3988,0x3167,0x2926,0x2126,0x2106,0x2106,0x2906,0x20e5,0x2106,0x2106,0x18e5,0x2106,
    0x18e5,0x18e5,0x18e5,0x1084,0x0863,0x1083,0x1083,0x1906,0x18c5,0x1906,0x2168,0x2147,0x1927,0x1906,0x1906,0x0883,
    0x1906,0x2147,0x2968,0x1927,0x18e6,0x10c5,0x18c5,0x18c4,0x10a4,0x10c4,0x0863,0x0863,0x10a4,0x0884,0x1906,0x10a4,
    0x0884,0x10c5,0x10a4,0x0884,0x0884,0x0883,0x0863,0x0883,0x0884,0x0863,0x0863,0x0863,0x0884,0x0884,0x08a4,0x08a5,
    0x10c5,0x08a4,0x08c5,0x10e6,0x10e5,0x1106,0x10a4,0x08a4,0x10c5,0x0884,0x08a5,0x10c5,0x10e6,0x0863,0x0022,0x0863,
    0x1106,0x2147,0x0883,0x0022,0x18e5,0x1906,0x2146,0x2147,0x2127,0x2968,0x1906,0x08a4,0x10c5,0x10c5,0x10e5,0x10e6,
    0x10e6,0x10e5,0x10e5,0x10c5,0x10c5,0x10c5,0x10e6,0x10c5,0x10c5,0x0884,0x08a4,0x08a5,0x08a4,0x08a4,0x0884,0x0863,
    0x0883,0x0063,0x0063,0x0063,0x0863,0x0884,0x0884,0x0884,0x10a5,0x10a5,0x0884,0x0884,0x0884,0x0863,0x0063,0x0063,
    0x0063,0x0063,0x0863,0x0063,0x0043,0x0043,0x0863,0x0063,0x0043,0x0063,0x0043,0x0043,0x0043,0x0043,0x0043,0x0043,
    0x0042,0x0042,0x0042,0x0042,0x0042,0x0042,0x0042,0x0042,0x0042,0x0042,0x0042,0x0022,0x0863,0x0043,0x0022,0x0042,
    0x0042,0x0022,0x0022,0x0042,0x0022,0x0042,0x0022,0x0022,0x0022,0x0022,0x0022,0x0022,0x0022,0x0022,0x0022,0x0022,
    0x0022,0x0022,0x0022,0x0022,0x0022,0x0022,0x0022,0x0022,0x0022,0x0842,0x0042,0x0022,0x0022,0x0022,0x0022,0x0022,
    0x0022,0x0022,0x0022,0x0022,0x0022,0x0022,0x0022,0x0022,0x0022,0x0022,0x0022,0x0042,0x0022,0x0022,0x0022,0x0022,
    0x0022,0x0022,0x0022,0x0022,0x0042,0x0022,0x0022,0x0022,0x0022,0x0022,0x0042,0x0022,0x0883,0x0863,0x0022,0x0042,
    0x0043,0x0043,0x0043,0x0042,0x0042,0x0022,0x0022,0x0043,0x0042,0x0022,0x0042,0x0042,0x0042,0x0022,0x0022,0x0022,
    0x0042,0x0042,0x0022,0x0042,0x0063,0x0022,0x0042,0x0042,0x0063,0x0084,0x0063,0x0043,0x0042,0x0043,0x0063,0x0063,
    0x0063,0x0064,0x31aa,0x7bd5,0x3a2d,0x31ec,0x2148,0x2128,0x2148,0x2128,0x18e7,0x10c5,0x10a5,0x0063,0x0863,0x0863,
    0x0042,0x0022,0x0022,0x0022,0x0043,0x0043,0x0043,0x0043,0x0043,0x0043,0x0042,0x0042,0x0042,0x0022,0x0022,0x0043,
    0x0063,0x0063,0x0084,0x0084,0x0064,0x0063,0x0064,0x0063,0x0064,0x0063,0x0063,0x0063,0x0084,0x0084,0x0084,0x0064,
    0x10e5,0x10e5,0x0063,0x0084,0x00a4,0x08a5,0x08a5,0x08a5,0x00a5,0x08c5,0x08a5,0x08c6,0x0907,0x08e7,0x08c6,0x08c6,
    0x08c5,0x08a5,0x08a6,0x1148,0x21cb,0x198a,0x1148,0x08c6,0x00a5,0x0084,0x08a5,0x0064,0x0084,0x08c6,0x00a5,0x00a5,
    0x3926,0x28e5,0x18a4,0x1084,0x20a4,0x1884,0x28c4,0x30e5,0x4925,0x4104,0x28c4,0x3905,0x3905,0x4125,0x4104,0x30c4,
    0x30e4,0x28c3,0x28c3,0x40e3,0x40e3,0x38e3,0x4924,0x71a4,0x69a4,0x5144,0x4123,0x3903,0x4923,0x38e3,0x7a04,0xb2c5,
    0x9246,0x9286,0x9aa6,0x8a46,0x7a26,0x69e6,0x4165,0x5186,0x61a6,0x5186,0x4966,0x4966,0x4965,0x4946,0x3946,0x3146,
    0x3926,0x3926,0x3126,0x3126,0x3146,0x3126,0x3126,0x3967,0x3126,0x2906,0x2906,0x2906,0x2926,0x2906,0x20e5,0x18c5,
    0x18e5,0x18e5,0x18e5,0x20e6,0x20e6,0x3188,0x2967,0x2127,0x29a9,0x2127,0x2127,0x2147,0x2947,0x1927,0x2148,0x1906,
    0x1907,0x18e5,0x0863,0x10e6,0x10a5,0x08a4,0x10a5,0x10a4,0x10a4,0x10c5,0x0863,0x1883,0x10a4,0x0884,0x0884,0x10a4,
    0x0883,0x0884,0x08a4,0x08a4,0x10a4,0x08a4,0x08a4,0x0884,0x0863,0x0883,0x10a4,0x0884,0x0884,0x08a4,0x08a4,0x10c5,
    0x10c5,0x08a5,0x2147,0x31c9,0x29a8,0x1906,0x10e5,0x10e5,0x10c5,0x10e6,0x10c5,0x10c4,0x10c4,0x10c5,0x08a4,0x10c4,
    0x10e6,0x2168,0x2147,0x2988,0x1926,0x2167,0x1926,0x0883,0x1926,0x3188,0x10c5,0x08a4,0x2146,0x1926,0x1926,0x10c5,
    0x10c5,0x1906,0x10c5,0x10e5,0x10c5,0x10e5,0x1906,0x10e5,0x10c5,0x10c5,0x10e5,0x10c5,0x10a5,0x08a4,0x0884,0x0884,
    0x0884,0x0063,0x0063,0x0883,0x0884,0x08a4,0x10c5,0x10c6,0x10e6,0x10a5,0x0884,0x0863,0x0883,0x0063,0x0063,0x0063,
    0x0063,0x0884,0x0884,0x0863,0x0063,0x0063,0x0063,0x0043,0x0063,0x0884,0x0063,0x0043,0x0042,0x0043,0x0042,0x0042,
    0x0043,0x0043,0x0042,0x0863,0x0042,0x0042,0x0042,0x0042,0x0042,0x0042,0x0042,0x0042,0x0042,0x0022,0x0042,0x0042,
    0x0042,0x0042,0x0042,0x0022,0x0042,0x0042,0x0042,0x0042,0x0042,0x0022,0x0022,0x0022,0x0022,0x0022,0x0022,0x0022,
    0x0022,0x0022,0x0022,0x0022,0x0022,0x0022,0x0022,0x0022,0x0022,0x0022,0x0022,0x0022,0x0022,0x0022,0x0022,0x0042,
    0x0022,0x0022,0x0022,0x0022,0x0022,0x0042,0x0022,0x0022,0x0022,0x0042,0x0022,0x0022,0x0022,0x0042,0x0042,0x0022,
    0x0042,0x0022,0x0022,0x0042,0x0022,0x0042,0x0022,0x0022,0x0042,0x0022,0x0042,0x0022,0x0883,0x0863,0x0042,0x0043,
    0x0043,0x0043,0x0043,0x0022,0x0042,0x0042,0x0042,0x0022,0x0022,0x0042,0x0022,0x0043,0x0042,0x0863,0x0063,0x0022,
    0x0022,0x0022,0x0042,0x0022,0x0022,0x0042,0x0042,0x0063,0x0083,0x0084,0x0063,0x0063,0x0043,0x0043,0x0063,0x0043,
    0x0084,0x08a5,0x10c5,0x6332,0x4a8f,0x31ec,0x31cb,0x2969,0x39cb,0x2969,0x1907,0x10a5,0x10a5,0x10a5,0x0863,0x0863,
    0x0043,0x0022,0x0022,0x0022,0x0043,0x0063,0x0043,0x0043,0x0043,0x0042,0x0042,0x0043,0x0022,0x0022,0x0043,0x0063,
    0x0063,0x0063,0x0063,0x0064,0x0084,0x0064,0x0063,0x0084,0x0084,0x0064,0x0084,0x0084,0x0084,0x0084,0x0084,0x0084,
    0x2147,0x0883,0x0043,0x0084,0x08a5,0x08a5,0x08a5,0x08a5,0x08c5,0x08e6,0x08c6,0x08e7,0x1128,0x0908,0x0907,0x1107,
    0x08e6,0x0884,0x08a4,0x0885,0x1969,0x1968,0x1108,0x08e7,0x08a5,0x00c6,0x08c6,0x0084,0x00a5,0x00c6,0x08c6,0x08c6,
    0x4146,0x3926,0x3106,0x20c5,0x1884,0x18a4,0x28c5,0x30e5,0x5145,0x6164,0x30c4,0x30e4,0x4924,0x4924,0x5944,0x40e3,
    0x30c3,0x28c3,0x28c3,0x4903,0x6184,0x5964,0x6164,0x6184,0x6964,0x5943,0x4103,0x4103,0x4923,0x4923,0x61a4,0xd3c7,
    0xbb06,0x9a85,0x8a25,0x7a05,0x69c5,0x4965,0x59a5,0x59a6,0x69e6,0x69c6,0x3945,0x4145,0x4965,0x5166,0x4146,0x4146,
    0x3946,0x3126,0x2905,0x18a3,0x2906,0x3146,0x3126,0x4167,0x4167,0x3947,0x2106,0x18c5,0x2906,0x28e5,0x20e5,0x18c5,
    0x18c5,0x18c5,0x20e5,0x20e5,0x20c5,0x2126,0x2106,0x18e5,0x2947,0x2947,0x2927,0x2127,0x2127,0x2106,0x2127,0x10e5,
    0x2127,0x2127,0x10a4,0x2147,0x424c,0x31a9,0x18e6,0x10a4,0x10a4,0x10a5,0x10a4,0x1083,0x0884,0x1084,0x1084,0x10c4,
    0x10c4,0x10a4,0x18c5,0x08a4,0x08a4,0x10a5,0x10a4,0x0884,0x0863,0x0042,0x2104,0x18e4,0x0042,0x08a4,0x08a4,0x08a4,
    0x10a5,0x08a5,0x2126,0x2105,0x1083,0x0862,0x1906,0x10c6,0x08a4,0x10c5,0x1906,0x10c4,0x08a4,0x10c5,0x10c5,0x1906,
    0x10e6,0x1906,0x2147,0x29c9,0x1926,0x10a4,0x2147,0x10c5,0x10c5,0x1905,0x10c5,0x10c5,0x1926,0x2126,0x3188,0x10a4,
    0x10c5,0x1905,0x0883,0x0884,0x10e5,0x1906,0x1906,0x1106,0x10e6,0x10e5,0x10e6,0x10e6,0x10c5,0x10c5,0x10c5,0x10a4,
    0x0884,0x0884,0x08a4,0x08a4,0x0884,0x0884,0x10c5,0x10c6,0x10a5,0x08a4,0x0884,0x08a4,0x0884,0x0884,0x0884,0x0063,
    0x0863,0x0863,0x0884,0x0884,0x0863,0x0864,0x0863,0x0863,0x0063,0x0863,0x0043,0x0043,0x0042,0x0043,0x0043,0x0043,
    0x0043,0x0043,0x0043,0x0042,0x0042,0x0042,0x0042,0x0042,0x0042,0x0042,0x0043,0x0042,0x0042,0x0042,0x0022,0x0022,
    0x0042,0x0043,0x0042,0x0043,0x0042,0x0042,0x0042,0x0042,0x0042,0x0022,0x0022,0x0022,0x0022,0x0022,0x0022,0x0022,
    0x0022,0x0022,0x0022,0x0022,0x0022,0x0022,0x0022,0x0042,0x0022,0x0022,0x0022,0x0022,0x0022,0x0022,0x0022,0x0022,
    0x0022,0x0022,0x0022,0x0022,0x0022,0x0042,0x0022,0x0042,0x0022,0x0042,0x0022,0x0022,0x0022,0x0042,0x0042,0x0042,
    0x0863,0x0843,0x0043,0x0042,0x0042,0x0022,0x0022,0x0043,0x0042,0x0022,0x0042,0x0022,0x0022,0x0042,0x0042,0x0042,
    0x0042,0x0042,0x0043,0x0863,0x0043,0x0042,0x0022,0x0022,0x0022,0x0022,0x0042,0x0063,0x0043,0x08a5,0x0043,0x0042,
    0x0042,0x0042,0x0022,0x0042,0x0042,0x0042,0x0042,0x0043,0x0084,0x31e9,0x08a4,0x0063,0x0043,0x0063,0x0063,0x0063,
    0x0064,0x0884,0x0084,0x3a0c,0x6b73,0x3a2d,0x31cb,0x29aa,0x31cb,0x2128,0x10c6,0x10a5,0x0884,0x10a5,0x0884,0x0043,
    0x0043,0x0042,0x0042,0x0022,0x0042,0x0063,0x0043,0x0043,0x0043,0x0043,0x0043,0x0043,0x0022,0x0042,0x0063,0x0063,
    0x0043,0x0043,0x0063,0x0084,0x0064,0x0064,0x0064,0x0064,0x0064,0x0064,0x0064,0x0084,0x0084,0x0084,0x0084,0x08a4,
    0x0884,0x0042,0x0063,0x08a4,0x10c5,0x08a5,0x08a5,0x08a5,0x08c6,0x10e6,0x08e6,0x1128,0x1969,0x1148,0x1128,0x1927,
    0x10e6,0x08c6,0x10a4,0x0042,0x08c6,0x1107,0x1107,0x0908,0x08c6,0x00a5,0x08c6,0x0084,0x00a5,0x00a6,0x08e7,0x08c6,
    0x4966,0x4966,0x4946,0x4146,0x28e5,0x20a4,0x3905,0x30e5,0x4105,0x6164,0x6164,0x5964,0x38e4,0x28c4,0x5144,0x4103,
    0x30c3,0x30c3,0x28c3,0x28c3,0x4923,0x4103,0x5144,0x6164,0x6164,0x5143,0x5143,0x5963,0x4923,0x4923,0x69c4,0xa2c5,
    0x8a25,0x9a65,0x8a45,0x71c5,0x7a05,0x7a26,0x7a06,0x7a06,0x7a06,0x71e6,0x61a6,0x59a6,0x59a6,0x4966,0x4146,0x4145,
    0x3925,0x3125,0x3125,0x20c4,0x0863,0x2967,0x3106,0x3126,0x4187,0x4167,0x20e5,0x2905,0x3105,0x18c4,0x18a4,0x18a4,
    0x10a4,0x18a5,0x18c5,0x18c5,0x18c5,0x20e5,0x20e5,0x20e5,0x2106,0x2967,0x2927,0x2127,0x2947,0x2927,0x2947,0x2127,
    0x2127,0x1906,0x18e5,0x1083,0x39c9,0x31a9,0x18e6,0x18e5,0x10a4,0x10a4,0x10a4,0x10a4,0x10a4,0x10a4,0x10a4,0x1084,
    0x0883,0x10a4,0x10a4,0x10a4,0x10a5,0x08a4,0x10a4,0x0863,0x0021,0x0001,0x0001,0x0000,0x0000,0x0042,0x0883,0x0884,
    0x08a4,0x08a4,0x0884,0x0883,0x0042,0x0863,0x10e5,0x0884,0x0043,0x10e5,0x18e5,0x0863,0x0863,0x10c5,0x10e5,0x10c4,
    0x10c5,0x10c5,0x10c4,0x10e5,0x1927,0x10e5,0x10e6,0x10e6,0x0883,0x10c5,0x10c5,0x10c5,0x10c5,0x18e6,0x2126,0x10c5,
    0x10e5,0x10e5,0x10c5,0x18e5,0x18e5,0x1926,0x1906,0x10e5,0x1906,0x10e5,0x10e5,0x10e5,0x18e5,0x1906,0x10a5,0x08a4,
    0x08a4,0x10c5,0x10c5,0x08a4,0x08a4,0x08a5,0x10c5,0x10c5,0x10c5,0x10a5,0x10a4,0x10a5,0x10a5,0x08a4,0x0884,0x0884,
    0x0884,0x0884,0x0883,0x0884,0x0883,0x0884,0x08a4,0x0884,0x0884,0x0063,0x0043,0x0063,0x0063,0x0043,0x0063,0x0043,
    0x0043,0x0042,0x0042,0x0042,0x0042,0x0042,0x0042,0x0042,0x0042,0x0042,0x0042,0x0042,0x0042,0x0042,0x0022,0x0022,
    0x0043,0x0043,0x0043,0x0043,0x0042,0x0042,0x0042,0x0042,0x0042,0x0042,0x0042,0x0042,0x0022,0x0022,0x0022,0x0022,
    0x0022,0x0022,0x0042,0x0022,0x0022,0x0022,0x0022,0x0022,0x0022,0x0042,0x0022,0x0022,0x0022,0x0022,0x1083,0x20c4,
    0x0042,0x0022,0x0022,0x0022,0x0022,0x0842,0x0842,0x0042,0x0022,0x0042,0x0042,0x0042,0x0022,0x0042,0x0042,0x0863,
    0x0043,0x0042,0x0863,0x0042,0x0042,0x0042,0x0042,0x0022,0x0022,0x0042,0x0022,0x0022,0x0022,0x0042,0x0042,0x0042,
    0x0022,0x0022,0x0022,0x0042,0x0022,0x0042,0x0042,0x0042,0x0042,0x0042,0x0042,0x0022,0x0043,0x0063,0x0043,0x0043,
    0x0043,0x0043,0x0042,0x0042,0x0042,0x0042,0x0022,0x0042,0x0063,0x1106,0x0063,0x0042,0x0043,0x0043,0x0063,0x0063,
    0x0063,0x0063,0x0084,0x08c5,0x5b11,0x4a8f,0x29cb,0x218a,0x298a,0x1928,0x10c5,0x08a4,0x10a5,0x10a5,0x0884,0x0864,
    0x0043,0x0043,0x0042,0x0042,0x0042,0x0043,0x0043,0x0042,0x0043,0x0043,0x0043,0x0043,0x0043,0x0063,0x0063,0x0042,
    0x0042,0x0043,0x0063,0x0063,0x0063,0x0043,0x0064,0x0064,0x0064,0x0064,0x0084,0x0084,0x0084,0x0085,0x0084,0x0064,
    0x0084,0x0064,0x0084,0x08a5,0x08c5,0x08a5,0x08a5,0x08c5,0x08c5,0x08c6,0x1107,0x1129,0x21aa,0x218a,0x1128,0x1127,
    0x10e7,0x31c9,0x1907,0x08a5,0x08e7,0x08e7,0x08e7,0x1128,0x08a5,0x0085,0x08e7,0x08c7,0x08c6,0x08e7,0x00a6,0x00a6,
    0x4146,0x59a7,0x5987,0x5166,0x3925,0x18a4,0x30e5,0x30e5,0x28c4,0x4924,0x79c5,0x5964,0x3904,0x3104,0x4945,0x4124,
    0x38e3,0x4904,0x4104,0x30e3,0x4103,0x4103,0x38e3,0x5963,0x4923,0x5143,0x79c4,0x79e4,0x5984,0x79e4,0xa2c5,0xaac5,
    0x7a05,0x8a46,0x8205,0x61a5,0x71e5,0x7a26,0x7a06,0x7a26,0x7a26,0x71e6,0x59c6,0x7206,0x7206,0x61a6,0x4966,0x3925,
    0x28e5,0x3105,0x20c4,0x20c4,0x20c4,0x18c4,0x2906,0x3126,0x3147,0x3966,0x3126,0x3966,0x2905,0x18a4,0x18c4,0x18a4,
    0x10a4,0x10a4,0x10a4,0x18a4,0x18a4,0x18c5,0x18c5,0x18e5,0x20e5,0x2926,0x2947,0x2148,0x2148,0x2968,0x2147,0x2127,
    0x2107,0x1906,0x18e5,0x20c3,0x1882,0x0022,0x0842,0x10a4,0x10a4,0x10a4,0x10a4,0x10a4,0x10a4,0x10a4,0x10a4,0x10c5,
    0x10c5,0x10a4,0x10a4,0x1084,0x10a4,0x08a4,0x10a4,0x0841,0x0001,0x0001,0x0021,0x0021,0x0001,0x0001,0x0042,0x0884,
    0x0884,0x0884,0x0884,0x08a4,0x08a4,0x10c5,0x1106,0x08a4,0x18e5,0x10c5,0x10e5,0x08a4,0x08a4,0x08a4,0x08a4,0x0884,
    0x0884,0x08a4,0x08a4,0x08a4,0x10e5,0x10a4,0x10c5,0x10a4,0x0883,0x08c5,0x08c5,0x08a4,0x08a4,0x08a5,0x0883,0x0883,
    0x0063,0x10c5,0x1906,0x1926,0x18e5,0x2147,0x10c5,0x10e5,0x3a09,0x1926,0x1906,0x18e5,0x1927,0x1906,0x10c5,0x10c4,
    0x10c5,0x10e5,0x0883,0x08a4,0x10c5,0x10c5,0x1906,0x18e6,0x18e6,0x18e6,0x10c5,0x10c5,0x10a5,0x0884,0x0884,0x08a5,
    0x0884,0x0884,0x0863,0x0884,0x0863,0x08a4,0x10c5,0x10a4,0x0884,0x0884,0x0863,0x0863,0x0863,0x0042,0x0063,0x0063,
    0x0063,0x0043,0x0042,0x0042,0x0042,0x0042,0x0042,0x0042,0x0042,0x0042,0x0022,0x0022,0x0042,0x0042,0x0042,0x0042,
    0x0043,0x0043,0x0043,0x0043,0x0043,0x0042,0x0042,0x0042,0x0042,0x0042,0x0042,0x0042,0x0042,0x0022,0x0863,0x0042,
    0x0022,0x0022,0x0042,0x0022,0x0022,0x0022,0x0022,0x0022,0x0022,0x0022,0x0022,0x0022,0x0022,0x0022,0x20e4,0x3965,
    0x0022,0x0042,0x0042,0x0022,0x0022,0x0022,0x0042,0x0022,0x0042,0x0042,0x0042,0x0042,0x0042,0x0863,0x0042,0x0022,
    0x0042,0x0042,0x0042,0x0042,0x0042,0x0022,0x0042,0x0042,0x0042,0x0022,0x0022,0x0022,0x0022,0x0042,0x0022,0x0042,
    0x0022,0x0022,0x0022,0x0042,0x0042,0x0042,0x0042,0x0042,0x0043,0x0043,0x0043,0x0043,0x08a4,0x0043,0x0063,0x0063,
    0x0063,0x0884,0x0063,0x0043,0x0042,0x0043,0x0043,0x0042,0x0042,0x0042,0x0042,0x0043,0x0043,0x0043,0x0063,0x0043,
    0x0063,0x0063,0x0064,0x0043,0x31cb,0x6332,0x29cb,0x31ec,0x298a,0x1907,0x1907,0x10c6,0x18e6,0x10a5,0x10a5,0x0884,
    0x0043,0x0043,0x0042,0x0042,0x0022,0x0042,0x0063,0x0063,0x0063,0x0063,0x0043,0x0063,0x0063,0x0043,0x0042,0x0043,
    0x0063,0x0043,0x0063,0x0063,0x0884,0x2147,0x1906,0x0863,0x0884,0x0084,0x0084,0x0884,0x0884,0x08a5,0x0864,0x0883,
    0x0884,0x0084,0x0884,0x08a5,0x10e6,0x08c6,0x08a5,0x08c5,0x08a5,0x08c6,0x08c6,0x1129,0x21ab,0x29ec,0x1107,0x1107,
    0x1149,0x2169,0x10e7,0x0063,0x0085,0x08e7,0x08e7,0x1127,0x0042,0x08c7,0x1129,0x08c7,0x08a5,0x08c7,0x00a6,0x08c6,
    0x20c4,0x3105,0x5166,0x6186,0x5166,0x4125,0x4125,0x5146,0x4125,0x3905,0x6185,0x79c5,0x6985,0x4924,0x3904,0x5144,
    0x4924,0x5944,0x4903,0x4923,0x4923,0x61a4,0x69a4,0x6184,0x5963,0x81e4,0x8a04,0x81e4,0x79e4,0x71c4,0x8224,0xa2a5,
    0x8205,0x79e5,0x79e5,0x71c5,0x69c5,0x7a05,0x8206,0x8226,0x8246,0x7a26,0x7226,0x7a26,0x61a6,0x5165,0x59a6,0x4145,
    0x2905,0x28e5,0x3105,0x28e4,0x20c4,0x28e4,0x3105,0x3126,0x2905,0x3926,0x3125,0x2905,0x28e5,0x20c4,0x18a4,0x10a4,
    0x18a4,0x20e5,0x10a4,0x10a4,0x10a4,0x20e5,0x2106,0x20e5,0x2106,0x2926,0x2947,0x3a4c,0x3a6d,0x2168,0x2147,0x2927,
    0x2106,0x18e5,0x10a5,0x3166,0x2904,0x0842,0x0842,0x0863,0x10a4,0x10a4,0x10a4,0x10a4,0x10a4,0x10a4,0x10a4,0x10a4,
    0x10c5,0x10a4,0x18a4,0x10a4,0x10a4,0x10a4,0x10a4,0x1062,0x0042,0x0022,0x0001,0x0021,0x0042,0x0022,0x0021,0x0884,
    0x0884,0x0884,0x0884,0x08a4,0x08a4,0x08c5,0x10e5,0x10c5,0x10c5,0x10e5,0x10e5,0x08c4,0x08a4,0x0063,0x0042,0x0063,
    0x0063,0x0884,0x0084,0x0063,0x0884,0x0884,0x10a4,0x0863,0x0863,0x0884,0x08a4,0x31c8,0x2147,0x10a5,0x0883,0x0042,
    0x0063,0x0063,0x10c5,0x1927,0x1926,0x2146,0x10c5,0x1927,0x1906,0x1906,0x18e5,0x2147,0x2147,0x1906,0x1906,0x10c5,
    0x1906,0x10c5,0x18e5,0x10e5,0x18e6,0x1906,0x1906,0x18e6,0x2147,0x18e5,0x08a4,0x10c5,0x10a4,0x08a4,0x08a4,0x0863,
    0x0063,0x0063,0x0063,0x0884,0x0884,0x10a4,0x10a4,0x10a4,0x10a4,0x0884,0x0863,0x0063,0x0063,0x0042,0x0043,0x0063,
    0x0063,0x0063,0x0043,0x0042,0x0042,0x0042,0x0042,0x0042,0x0043,0x0042,0x0042,0x0042,0x0042,0x0043,0x0043,0x0043,
    0x0043,0x0043,0x0043,0x0043,0x0043,0x0043,0x0043,0x0042,0x0042,0x0043,0x0042,0x0042,0x0022,0x0042,0x0022,0x0022,
    0x0022,0x0022,0x0022,0x0022,0x0022,0x0022,0x0022,0x0022,0x0022,0x0022,0x0022,0x0022,0x0022,0x0022,0x0022,0x0022,
    0x0042,0x0022,0x0042,0x0042,0x0022,0x0022,0x0022,0x0022,0x0042,0x0022,0x0042,0x0042,0x0042,0x0842,0x0042,0x0042,
    0x0042,0x0042,0x0042,0x0022,0x0022,0x0022,0x0022,0x0022,0x0022,0x0022,0x0022,0x0022,0x0022,0x0022,0x0022,0x0022,
    0x0022,0x0042,0x0042,0x0022,0x0042,0x0063,0x0043,0x0063,0x0063,0x0063,0x0063,0x0043,0x0042,0x0064,0x0084,0x0064,
    0x0063,0x0043,0x0084,0x0063,0x0063,0x0043,0x0043,0x0042,0x0042,0x0042,0x0043,0x0043,0x0043,0x0043,0x0043,0x0043,
    0x0063,0x0063,0x0063,0x0084,0x0884,0x52d0,0x3a2d,0x31ec,0x2168,0x1927,0x1927,0x10a5,0x10c6,0x10a5,0x0864,0x0884,
    0x0863,0x0042,0x0022,0x0022,0x0022,0x0042,0x0063,0x0063,0x0063,0x0043,0x0042,0x0043,0x0043,0x0022,0x0022,0x0043,
    0x0063,0x0063,0x0063,0x0022,0x2967,0x5a8b,0x0842,0x0863,0x0883,0x0063,0x08a5,0x08c5,0x08c5,0x18e6,0x10c5,0x08a5,
    0x10c5,0x0884,0x08a5,0x10c5,0x08c5,0x08e6,0x08c5,0x08c5,0x2969,0x10a5,0x0000,0x08a4,0x4aae,0x29ca,0x1129,0x1129,
    0x1149,0x1149,0x10e6,0x08a5,0x08e7,0x08e7,0x08e7,0x08c7,0x08e7,0x1129,0x0908,0x08c6,0x0085,0x08c6,0x08c7,0x08c6,
    0x28e4,0x20a4,0x4125,0x69a6,0x61a6,0x5166,0x5966,0x5986,0x5986,0x5166,0x5145,0x69a5,0x8205,0x71a5,0x5965,0x6985,
    0x5944,0x6164,0x5944,0x4923,0x38e3,0x4923,0x71e4,0x71c4,0x9245,0xb2c5,0xaaa5,0xa264,0x79c4,0x5963,0x71c4,0xa285,
    0x9245,0x9245,0x9245,0x9245,0x8a25,0x9245,0x9a66,0x8226,0x8226,0x9287,0x9287,0x71e6,0x5185,0x59a6,0x5986,0x4966,
    0x3125,0x3105,0x3105,0x3105,0x3105,0x3105,0x3105,0x2905,0x3106,0x3126,0x28e5,0x20e5,0x2905,0x20c5,0x18c4,0x18a4,
    0x1084,0x1084,0x10a4,0x10a4,0x10a4,0x18c5,0x2106,0x2906,0x2947,0x2147,0x2148,0x5350,0x6c54,0x29ca,0x2988,0x2927,
    0x2926,0x18c5,0x18c5,0x10a5,0x10a4,0x1084,0x10a4,0x10a4,0x10a4,0x18a4,0x10a4,0x18a4,0x18a4,0x18c5,0x18c5,0x10a4,
    0x10a4,0x10a4,0x10a4,0x10c4,0x10a4,0x10a4,0x08a4,0x10a4,0x20a2,0x0021,0x0043,0x0042,0x0021,0x0000,0x0021,0x0884,
    0x0884,0x0863,0x0863,0x0884,0x0884,0x0884,0x08a4,0x08a4,0x0884,0x08c5,0x08a5,0x10c5,0x0884,0x2146,0x2987,0x31e9,
    0x426a,0x636e,0x2168,0x10e5,0x0883,0x0883,0x0884,0x0063,0x0863,0x0063,0x10c5,0x39c8,0x0884,0x0883,0x0884,0x0863,
    0x08a4,0x08a4,0x10c4,0x10e5,0x1926,0x1905,0x10a4,0x0884,0x10e5,0x10c4,0x10c4,0x1926,0x1905,0x10a4,0x10e5,0x10c4,
    0x18e5,0x2946,0x2126,0x1906,0x2147,0x1906,0x1906,0x2968,0x1906,0x0862,0x0063,0x08a4,0x08a4,0x08a5,0x08a4,0x0883,
    0x0063,0x0063,0x0063,0x0863,0x0884,0x0884,0x18e5,0x18c5,0x1084,0x0884,0x0863,0x0063,0x0042,0x0042,0x0063,0x0063,
    0x0063,0x0043,0x0043,0x0042,0x0043,0x0063,0x0043,0x0042,0x0043,0x0043,0x0043,0x0063,0x0043,0x0063,0x0063,0x0043,
    0x0063,0x0063,0x0043,0x0043,0x0043,0x0043,0x0043,0x0042,0x0063,0x0043,0x0042,0x0042,0x0022,0x0022,0x0042,0x0022,
    0x0042,0x0042,0x0042,0x0022,0x0022,0x0022,0x0022,0x0022,0x0022,0x0022,0x0022,0x0022,0x0022,0x0022,0x0022,0x0042,
    0x0022,0x0022,0x0042,0x0042,0x0042,0x0022,0x0022,0x0022,0x0022,0x0042,0x0042,0x0022,0x0042,0x0042,0x0042,0x0042,
    0x0042,0x0022,0x0022,0x0042,0x0022,0x0042,0x0042,0x0022,0x0022,0x0022,0x0022,0x0022,0x0022,0x0022,0x0022,0x0042,
    0x0042,0x0022,0x0042,0x0042,0x0042,0x0884,0x08a5,0x08a5,0x0084,0x0084,0x0084,0x0043,0x0043,0x0063,0x0064,0x0084,
    0x0063,0x0084,0x0084,0x0043,0x0043,0x0063,0x08a4,0x0022,0x0042,0x0042,0x0042,0x0042,0x0042,0x0043,0x0043,0x0043,
    0x0063,0x0063,0x0063,0x0084,0x0063,0x1948,0x52d0,0x31cb,0x2169,0x1927,0x1907,0x10a5,0x08a5,0x0884,0x0043,0x0043,
    0x0043,0x0042,0x0042,0x0043,0x0042,0x0042,0x0042,0x0043,0x0043,0x0043,0x0043,0x0043,0x0043,0x0022,0x0043,0x0063,
    0x0063,0x0064,0x0884,0x31a8,0x3187,0x2125,0x0021,0x10a4,0x1084,0x0863,0x08a5,0x08c5,0x08a5,0x08a5,0x0884,0x08a5,
    0x10e5,0x08a5,0x1907,0x10c6,0x31ca,0x2988,0x0863,0x18e6,0x18a4,0x0001,0x0022,0x0021,0x10a4,0x0022,0x0063,0x1149,
    0x1149,0x1149,0x1129,0x0908,0x08e7,0x08c6,0x08a5,0x0064,0x08e7,0x1108,0x0908,0x1948,0x1948,0x00c7,0x08e7,0x0085,
    0x28e5,0x30e5,0x4125,0x69a6,0x71c6,0x5145,0x5145,0x6186,0x5986,0x6185,0x69a6,0x71c5,0x81e5,0x8205,0x71c5,0x79c5,
    0x5984,0x5984,0x69a4,0x5143,0x5964,0x5943,0x5143,0x8a24,0xa265,0xb2c5,0xcb66,0xb2e5,0x79e4,0x79e4,0x8224,0xaac5,
    0xbb06,0xb2e6,0xa2a6,0x9a86,0x9a86,0xaaa5,0xb2c6,0x9aa7,0x9aa7,0x9a87,0x8226,0x8226,0x7a26,0x7206,0x61c6,0x5186,
    0x4166,0x3946,0x2905,0x2905,0x3105,0x2905,0x28e5,0x2905,0x3946,0x3125,0x28e5,0x20e5,0x28e5,0x20c5,0x18a4,0x18a4,
    0x1884,0x1884,0x1084,0x10a4,0x10a4,0x1084,0x18c5,0x2906,0x2926,0x2126,0x2127,0x29aa,0x29ea,0x31a9,0x2947,0x2126,
    0x20e6,0x18c5,0x18c5,0x18c5,0x18c4,0x10a4,0x10a4,0x10a4,0x10a4,0x18a4,0x10a4,0x10a4,0x1084,0x1084,0x2126,0x2106,
    0x10a4,0x10a4,0x18a4,0x20e5,0x10a4,0x0884,0x10a4,0x10a4,0x1083,0x0021,0x0021,0x0021,0x0021,0x0021,0x0863,0x0884,
    0x0884,0x0063,0x0863,0x0884,0x0864,0x0064,0x0884,0x0884,0x08a4,0x08a4,0x08a4,0x0884,0x10e5,0x5aeb,0x5b0c,0x1925,
    0x31e8,0x52cd,0x18e5,0x1905,0x2126,0x0863,0x0863,0x0863,0x0863,0x0864,0x0884,0x0884,0x1084,0x0883,0x0863,0x0883,
    0x0884,0x0884,0x0884,0x0884,0x08a4,0x08a4,0x0863,0x0863,0x08a4,0x08c5,0x10c5,0x10c5,0x10e5,0x10e5,0x10c5,0x0883,
    0x10c5,0x1926,0x10e5,0x1926,0x1906,0x10c4,0x2127,0x2147,0x10a4,0x0863,0x0884,0x08a4,0x08a4,0x08a4,0x0884,0x0884,
    0x0884,0x0063,0x0063,0x0063,0x0884,0x2126,0x18c5,0x18e6,0x18e5,0x08a4,0x0884,0x0863,0x0042,0x0043,0x0063,0x0863,
    0x0063,0x0063,0x0043,0x0043,0x0063,0x0043,0x0063,0x0043,0x0043,0x0043,0x0043,0x0043,0x0043,0x0043,0x0063,0x0063,
    0x0863,0x0063,0x0063,0x0043,0x0063,0x0043,0x0063,0x0042,0x0042,0x0042,0x0042,0x0042,0x0042,0x0042,0x0022,0x0042,
    0x0043,0x0042,0x0042,0x0042,0x0042,0x0022,0x0022,0x0022,0x0022,0x0022,0x0022,0x0022,0x0022,0x0022,0x0022,0x0022,
    0x0022,0x0042,0x0042,0x0022,0x0042,0x0042,0x0022,0x0042,0x0042,0x0042,0x0022,0x0022,0x0042,0x0022,0x0042,0x0042,
    0x0022,0x0022,0x0042,0x0043,0x0022,0x0022,0x0042,0x0042,0x0022,0x0022,0x0022,0x0042,0x0022,0x0022,0x0022,0x0022,
    0x0042,0x0042,0x0042,0x0042,0x0042,0x0863,0x08c6,0x1948,0x08c5,0x0085,0x00a5,0x0084,0x0043,0x0063,0x0063,0x0084,
    0x0064,0x0063,0x0064,0x0063,0x0084,0x0043,0x0063,0x0042,0x0042,0x0022,0x0042,0x0042,0x0042,0x0043,0x0042,0x0063,
    0x0063,0x0063,0x0063,0x0063,0x0084,0x0084,0x31eb,0x3a2d,0x2189,0x1948,0x1106,0x10c5,0x10c5,0x0884,0x0043,0x0043,
    0x0043,0x0043,0x0022,0x0042,0x0063,0x0042,0x0042,0x0043,0x0042,0x0043,0x0042,0x0043,0x0064,0x0063,0x0064,0x0064,
    0x0063,0x0043,0x1926,0x6b0d,0x4a0a,0x18c4,0x0000,0x0864,0x0884,0x0884,0x08a5,0x08a5,0x08a5,0x08a5,0x08a4,0x0884,
    0x08a5,0x10e6,0x1106,0x2147,0x5a8d,0x2107,0x1084,0x0000,0x0000,0x0022,0x0043,0x0001,0x0021,0x0022,0x0021,0x08e7,
    0x1149,0x1149,0x08e7,0x08c7,0x08c7,0x00a5,0x0064,0x0043,0x08c7,0x08e8,0x08e8,0x08e7,0x08e7,0x08e7,0x08c6,0x0084,
    0x20c4,0x30e4,0x30e5,0x3925,0x6186,0x4945,0x3904,0x71c5,0x4945,0x4124,0x3904,0x4104,0x6185,0x8205,0x8205,0x69a5,
    0x79c5,0x8205,0x6984,0x6163,0x79e4,0x69a4,0x6183,0x71c3,0x9244,0xc325,0xd3a6,0xb2e5,0xaa85,0x9a44,0x8a24,0xaaa4,
    0xcb87,0xcba7,0xc366,0xaae6,0xaae6,0xc367,0xc346,0xb2e6,0x9a86,0x9286,0x8a46,0x9266,0x9266,0x6a06,0x51a6,0x59a6,
    0x4966,0x4166,0x4145,0x3105,0x28e5,0x3105,0x3105,0x3105,0x4125,0x4145,0x4125,0x3105,0x28e5,0x28e5,0x20c4,0x18a4,
    0x18a4,0x1884,0x10a4,0x1084,0x10a4,0x10a4,0x18c5,0x2926,0x2947,0x2106,0x2106,0x2968,0x2968,0x2947,0x2948,0x2106,
    0x18c5,0x18c5,0x18c5,0x18c5,0x18a4,0x10a4,0x10a4,0x10a4,0x18a4,0x18c4,0x18c5,0x18e5,0x39e9,0x10c5,0x2106,0x18c5,
    0x0883,0x10a4,0x1084,0x18a4,0x18a4,0x10a4,0x10a4,0x10a4,0x10a4,0x10a4,0x0863,0x1083,0x0863,0x0884,0x10a4,0x0884,
    0x10a4,0x0884,0x0884,0x0884,0x10c4,0x10c5,0x0884,0x0063,0x0064,0x0884,0x0884,0x0043,0x39c8,0x5228,0x0821,0x31c7,
    0x6b6f,0x1905,0x0042,0x0021,0x0863,0x0863,0x0043,0x0063,0x0863,0x0863,0x0063,0x0884,0x0884,0x0862,0x0042,0x0863,
    0x0063,0x08a4,0x08a4,0x0063,0x10c5,0x1905,0x08a4,0x10c5,0x10c5,0x08a4,0x10c5,0x2147,0x1906,0x10c5,0x1906,0x10e6,
    0x1906,0x1927,0x2968,0x2147,0x1906,0x2147,0x1926,0x10c5,0x10a4,0x1906,0x10c5,0x0884,0x10c5,0x10a4,0x0884,0x0884,
    0x08a4,0x08a4,0x0043,0x08a4,0x2947,0x3187,0x10a4,0x10c5,0x2126,0x18e6,0x10a5,0x0884,0x0863,0x0863,0x0863,0x0063,
    0x0063,0x0863,0x0063,0x0063,0x0063,0x0063,0x0063,0x0063,0x0043,0x0043,0x0063,0x0043,0x0083,0x0063,0x0042,0x0063,
    0x0863,0x0863,0x0063,0x0063,0x0063,0x0043,0x0043,0x0043,0x0043,0x0042,0x0042,0x0022,0x0042,0x0042,0x0022,0x0022,
    0x0042,0x0042,0x0042,0x0022,0x0042,0x0022,0x0022,0x0022,0x0042,0x0022,0x0022,0x0042,0x0042,0x0022,0x0022,0x0022,
    0x0042,0x0042,0x0043,0x0863,0x0042,0x0042,0x0042,0x0042,0x0042,0x0042,0x0042,0x0042,0x0022,0x0042,0x0042,0x0022,
    0x0042,0x0042,0x0022,0x0042,0x0042,0x0022,0x0042,0x0042,0x0042,0x0022,0x0022,0x0022,0x0022,0x0042,0x0042,0x0022,
    0x0042,0x0042,0x0042,0x0042,0x0043,0x0884,0x1107,0x2148,0x10e7,0x08c6,0x08a5,0x0085,0x0063,0x0064,0x00a5,0x0084,
    0x0084,0x0084,0x0064,0x0043,0x08c5,0x08a4,0x0043,0x0043,0x0043,0x0042,0x0042,0x0042,0x0042,0x0043,0x0042,0x0863,
    0x0063,0x0063,0x0063,0x0064,0x0084,0x08a5,0x08a5,0x320c,0x29ec,0x1948,0x1927,0x10c5,0x08a5,0x0885,0x0863,0x0043,
    0x0043,0x0042,0x0043,0x0043,0x0043,0x0042,0x0063,0x0063,0x0043,0x0043,0x0063,0x0063,0x0084,0x0064,0x0064,0x0884,
    0x0884,0x0063,0x2987,0x3166,0x0842,0x0022,0x0022,0x0063,0x0884,0x08a5,0x08a5,0x08a5,0x08a5,0x08c5,0x08a5,0x08c5,
    0x1906,0x10e6,0x10e6,0x4a2b,0x3167,0x1084,0x10a5,0x0021,0x0000,0x0000,0x0021,0x0022,0x0022,0x0042,0x0043,0x0908,
    0x1128,0x1107,0x08e7,0x08c7,0x1948,0x10c5,0x0043,0x0043,0x08c6,0x0909,0x08e7,0x08e8,0x0908,0x08e7,0x08a6,0x0085,
    0x1863,0x1883,0x28c4,0x30e5,0x3105,0x28c4,0x30c4,0x5145,0x5964,0x1883,0x1063,0x1042,0x1863,0x38e4,0x69a5,0x71c5,
    0x79e5,0x79e5,0x71a4,0x9204,0xaa64,0x69a3,0x5963,0x69a3,0x9224,0xc345,0xd365,0xc305,0xb2c5,0x9a64,0xaa84,0xbb05,
    0xc325,0xc325,0xc346,0xc346,0xc326,0xbb26,0xc326,0xbb26,0xb2e6,0xaae6,0xb2e6,0x8a46,0x8226,0x7a26,0x59a6,0x7206,
    0x69e6,0x5165,0x4965,0x4965,0x4145,0x3925,0x3925,0x3925,0x4125,0x4125,0x4125,0x4125,0x3105,0x28e5,0x20c4,0x20a4,
    0x18a4,0x18a4,0x20c4,0x18a4,0x18a4,0x18a4,0x28e5,0x3126,0x2926,0x20e5,0x20e5,0x2926,0x2927,0x2106,0x2947,0x2106,
    0x20e5,0x18e5,0x18c5,0x18c5,0x18c4,0x18a4,0x18a4,0x10a4,0x10a4,0x20c4,0x1883,0x0042,0x10a4,0x18e5,0x10a4,0x1084,
    0x10a4,0x18a4,0x10a4,0x10a4,0x20e4,0x1083,0x18c5,0x18c4,0x18c4,0x10a4,0x10c4,0x10a4,0x18c5,0x10a4,0x10a4,0x10a4,
    0x10a4,0x0884,0x10a4,0x0863,0x29a8,0x320a,0x1905,0x1947,0x428d,0x1906,0x0884,0x0885,0x2967,0x5a69,0x49e7,0x39a6,
    0x1083,0x0021,0x0021,0x0042,0x2106,0x422b,0x2968,0x0884,0x0063,0x0063,0x0063,0x0063,0x0063,0x0863,0x0063,0x0042,
    0x0042,0x0863,0x0863,0x0042,0x0883,0x0863,0x0042,0x0884,0x08a4,0x18e5,0x18e5,0x10c5,0x08a4,0x1906,0x2126,0x1906,
    0x10e5,0x1906,0x2168,0x2127,0x10a4,0x1927,0x1906,0x10c5,0x08a4,0x10c4,0x1906,0x08a4,0x10c5,0x0884,0x0883,0x10a4,
    0x0042,0x08a4,0x1926,0x18e5,0x10a4,0x0063,0x0063,0x08c5,0x18e5,0x2126,0x18e6,0x10c5,0x10a5,0x10a4,0x10c5,0x0884,
    0x0884,0x0884,0x0063,0x0063,0x0063,0x0063,0x0063,0x0063,0x0063,0x0063,0x0863,0x0863,0x0863,0x0063,0x0043,0x0063,
    0x0884,0x0884,0x0063,0x0863,0x0063,0x0043,0x0063,0x0043,0x0063,0x0043,0x0022,0x0042,0x0042,0x0022,0x0022,0x0042,
    0x0022,0x0042,0x0042,0x0042,0x0042,0x0022,0x0022,0x0042,0x0042,0x0042,0x0022,0x0022,0x0022,0x0022,0x0022,0x0042,
    0x0042,0x0042,0x0042,0x0043,0x0043,0x0042,0x0042,0x0043,0x0043,0x0042,0x0843,0x0042,0x0022,0x0042,0x0042,0x0042,
    0x0042,0x0042,0x0042,0x0042,0x0042,0x0042,0x0043,0x0043,0x0043,0x0042,0x0042,0x0042,0x0042,0x0042,0x0042,0x0042,
    0x0042,0x0042,0x0043,0x0042,0x0043,0x0063,0x10c6,0x08c6,0x08c6,0x08e7,0x08c5,0x00a5,0x0084,0x0084,0x00c6,0x0084,
    0x00a5,0x00a5,0x0084,0x0063,0x0084,0x0084,0x0063,0x0043,0x0043,0x0043,0x0043,0x0043,0x0863,0x0042,0x0043,0x0043,
    0x0063,0x0063,0x0063,0x0063,0x0884,0x08a4,0x08a4,0x08c6,0x3a2d,0x2189,0x1927,0x10e6,0x08a4,0x08a5,0x0863,0x0063,
    0x0063,0x0043,0x0063,0x0063,0x0043,0x0043,0x0063,0x0042,0x0043,0x0064,0x0084,0x0084,0x0084,0x10c5,0x18e6,0x08a5,
    0x0884,0x08a4,0x0884,0x1083,0x1083,0x0022,0x18e6,0x0842,0x0883,0x08a4,0x08a5,0x08a5,0x0884,0x10a4,0x0884,0x10c5,
    0x10c6,0x10c6,0x2147,0x2106,0x0863,0x1084,0x1084,0x0000,0x0000,0x0022,0x0022,0x0022,0x0022,0x0021,0x0084,0x0908,
    0x08e7,0x08c6,0x08c6,0x08a6,0x08c6,0x0084,0x0042,0x0063,0x00a5,0x08e8,0x0908,0x0908,0x0909,0x08c7,0x00a6,0x08c7,
    0x1063,0x1042,0x1063,0x28c4,0x28e4,0x1883,0x20a4,0x20a4,0x20a3,0x1883,0x1883,0x1883,0x1883,0x1883,0x28c3,0x6164,
    0xa265,0xa265,0x9a45,0xa265,0xbae5,0x8a44,0x71c3,0x69a3,0xaaa4,0xbb05,0xd3a6,0xe3e6,0xcb65,0xc325,0xbb05,0xc345,
    0xcb66,0xcb45,0xc325,0xc325,0xc325,0xc326,0xcb46,0xb2e6,0xc346,0xb306,0xa2a6,0x8a46,0x69c5,0x71e6,0x8226,0x7a07,
    0x7a26,0x59a6,0x61c6,0x59a6,0x5186,0x4965,0x4145,0x4945,0x4125,0x4125,0x4125,0x3905,0x3105,0x28e5,0x28e5,0x28c4,
    0x20c4,0x20c4,0x28c5,0x20a4,0x18a4,0x20c4,0x28e5,0x20c5,0x18a4,0x20c5,0x18c5,0x20c5,0x20e5,0x20e5,0x2106,0x20e5,
    0x2106,0x18e5,0x2106,0x2126,0x18c5,0x18c5,0x18c5,0x10a4,0x10a4,0x18a4,0x1062,0x0862,0x0842,0x0863,0x10a4,0x18a4,
    0x1084,0x1084,0x10a4,0x18c5,0x0842,0x0883,0x18e5,0x18a4,0x18a4,0x18c4,0x10a4,0x10a4,0x10c4,0x10c4,0x10c5,0x10a4,
    0x10a5,0x18e5,0x18e5,0x10e5,0x10c5,0x1948,0x1127,0x2167,0x10e5,0x0042,0x0021,0x0883,0x0064,0x2125,0x4a07,0x0883,
    0x0883,0x0842,0x0042,0x0042,0x0863,0x1083,0x10a4,0x0863,0x0063,0x0063,0x0063,0x0063,0x0063,0x0063,0x0043,0x0042,
    0x0042,0x0022,0x0042,0x0043,0x0042,0x0042,0x0042,0x0043,0x0884,0x18e5,0x18e5,0x0884,0x08a4,0x1906,0x2126,0x10c4,
    0x18e5,0x2146,0x10e5,0x1906,0x10e6,0x2147,0x1926,0x10c5,0x10c5,0x08a4,0x08a4,0x0063,0x0063,0x0042,0x10c4,0x0042,
    0x0062,0x08e5,0x0883,0x08a4,0x08a4,0x18c4,0x0883,0x0863,0x1906,0x1906,0x1906,0x2147,0x1906,0x1906,0x18e5,0x0884,
    0x08a4,0x0884,0x0884,0x0883,0x0884,0x08a4,0x0863,0x0884,0x0884,0x0884,0x0863,0x0884,0x0883,0x0863,0x0063,0x0884,
    0x0884,0x0884,0x0884,0x0884,0x0863,0x0063,0x0063,0x0043,0x0063,0x0063,0x0042,0x0043,0x0043,0x0042,0x0042,0x0042,
    0x0043,0x0042,0x0042,0x0043,0x0042,0x0043,0x0042,0x0042,0x0042,0x0042,0x0042,0x0042,0x0022,0x0042,0x0843,0x0042,
    0x0042,0x0022,0x0022,0x0863,0x0063,0x0043,0x0043,0x0043,0x0043,0x0043,0x0863,0x0042,0x0043,0x0042,0x0042,0x0042,
    0x0042,0x0042,0x0042,0x0043,0x0043,0x0043,0x0063,0x0043,0x0043,0x0043,0x0043,0x0042,0x0042,0x0043,0x0042,0x0043,
    0x0043,0x0042,0x0042,0x0042,0x0042,0x0043,0x0884,0x08c6,0x08a5,0x08e6,0x08c6,0x08a5,0x0084,0x00a5,0x08c5,0x08a5,
    0x0085,0x0084,0x00a5,0x0084,0x0085,0x0084,0x0064,0x0063,0x0063,0x0043,0x0043,0x0043,0x0043,0x0042,0x0043,0x0063,
    0x0063,0x0063,0x0063,0x0063,0x0063,0x0084,0x00a4,0x0084,0x1107,0x320c,0x2169,0x1107,0x08a5,0x08a4,0x0884,0x0864,
    0x0063,0x0063,0x0064,0x0063,0x0043,0x0043,0x0043,0x0042,0x0043,0x0064,0x0084,0x0084,0x08a4,0x10a4,0x0863,0x0864,
    0x08a5,0x08a5,0x08a5,0x08c5,0x10a4,0x0884,0x10c5,0x08a4,0x08a4,0x08a4,0x08a5,0x08c5,0x0884,0x08a5,0x10c6,0x08c5,
    0x10c5,0x1926,0x2127,0x0863,0x18a4,0x1063,0x18e6,0x0842,0x0001,0x0042,0x0022,0x0022,0x0022,0x0022,0x0884,0x08e7,
    0x08a6,0x00a6,0x0085,0x0063,0x00a6,0x00a5,0x0084,0x00c7,0x08e7,0x1108,0x08e7,0x0085,0x0908,0x08a6,0x0085,0x00a6,
    0x1063,0x1042,0x0842,0x1062,0x0842,0x0842,0x1062,0x1042,0x1042,0x0842,0x1042,0x1062,0x1883,0x30e3,0x5964,0x4923,
    0x8204,0xbae5,0xb2c5,0xaaa5,0xb2c5,0xbae5,0xa284,0xaaa4,0xc305,0xaaa4,0xc325,0xec47,0xe3e6,0xd385,0xdba5,0xdc06,
    0xe427,0xdbc6,0xd3a6,0xdbc6,0xd386,0xcb65,0xd3a6,0xd3c6,0xd3c7,0xc346,0xaae6,0x8a66,0x8225,0x61a5,0x61c6,0x61c6,
    0x7a06,0x7a26,0x71e6,0x61c6,0x61c6,0x5985,0x3945,0x3925,0x3925,0x3105,0x3905,0x28e5,0x3105,0x28e5,0x20e5,0x28e5,
    0x20c4,0x18a4,0x28c5,0x28c5,0x28e5,0x20c5,0x28e5,0x20c5,0x18c4,0x18a4,0x18a4,0x20c5,0x20e5,0x20c5,0x20e5,0x20e6,
    0x18e5,0x2106,0x2106,0x2106,0x20e5,0x2905,0x2906,0x1084,0x1084,0x10a4,0x10a4,0x20c3,0x0863,0x1084,0x10a4,0x18a4,
    0x1083,0x0042,0x1063,0x10a4,0x0883,0x10a4,0x18c5,0x18a4,0x18c4,0x18c5,0x10c5,0x10a4,0x10c5,0x18c4,0x18c5,0x10a4,
    0x18c4,0x0862,0x0021,0x08a3,0x1927,0x1947,0x08c5,0x0021,0x0000,0x0000,0x0000,0x0000,0x0863,0x0063,0x2925,0x1083,
    0x0863,0x0842,0x0021,0x0042,0x0863,0x0842,0x0001,0x0022,0x0063,0x0063,0x0063,0x0063,0x0063,0x0063,0x0043,0x0042,
    0x0022,0x0022,0x0022,0x0042,0x0042,0x0042,0x0042,0x0063,0x0063,0x0884,0x08a4,0x10c5,0x10e5,0x1906,0x1906,0x10e5,
    0x18e5,0x10c4,0x0863,0x10a3,0x10c5,0x10e6,0x10c5,0x10c5,0x08c5,0x08a4,0x0884,0x0063,0x0863,0x18c5,0x0864,0x0022,
    0x08a4,0x08a4,0x0042,0x0064,0x0884,0x0863,0x0883,0x0021,0x0884,0x2127,0x3187,0x18e4,0x2946,0x2126,0x10a4,0x0883,
    0x10a4,0x0884,0x0884,0x08a4,0x0884,0x10c4,0x0863,0x0884,0x08a4,0x08a4,0x0883,0x0884,0x0884,0x0884,0x0884,0x08a4,
    0x08a5,0x0884,0x0884,0x0884,0x0884,0x0884,0x0864,0x0043,0x0043,0x0063,0x0063,0x0043,0x0063,0x0043,0x0043,0x0043,
    0x0042,0x0042,0x0043,0x0043,0x0043,0x0042,0x0042,0x0042,0x0022,0x0042,0x0042,0x0042,0x0042,0x0042,0x0042,0x0042,
    0x0042,0x0042,0x0042,0x0043,0x0043,0x0063,0x0063,0x0863,0x0863,0x0043,0x0043,0x0063,0x0863,0x0863,0x0043,0x0042,
    0x0042,0x0042,0x0042,0x0042,0x0042,0x0042,0x0043,0x0043,0x0043,0x0043,0x0043,0x0042,0x0043,0x0043,0x0042,0x0043,
    0x0042,0x0042,0x0043,0x0864,0x0864,0x0043,0x0063,0x08a5,0x08a5,0x08e6,0x08c6,0x08a5,0x08c5,0x08a5,0x08c6,0x08a5,
    0x00a5,0x00a5,0x00a5,0x0084,0x0084,0x0084,0x0064,0x0063,0x0063,0x0063,0x0884,0x0043,0x0043,0x0042,0x0042,0x0043,
    0x0043,0x0063,0x0063,0x0063,0x0084,0x0084,0x0084,0x00a4,0x0064,0x10e6,0x29cb,0x1948,0x08a5,0x08a5,0x08a4,0x0884,
    0x0884,0x0063,0x0064,0x0063,0x0063,0x0064,0x0063,0x0043,0x0063,0x0084,0x0084,0x0084,0x18c5,0x0843,0x0043,0x0884,
    0x08c5,0x08c5,0x08c5,0x08c5,0x08c5,0x10e6,0x10c5,0x10c5,0x08a5,0x10c5,0x08c5,0x08c5,0x10c5,0x10c5,0x10e6,0x10e6,
    0x2126,0x1926,0x1927,0x18c5,0x18a4,0x1084,0x2927,0x0021,0x0001,0x0043,0x0063,0x0063,0x0063,0x0043,0x0084,0x08c7,
    0x08c6,0x00a6,0x0085,0x0043,0x00a6,0x00c7,0x0909,0x0908,0x08e8,0x0908,0x08a6,0x08c6,0x00a6,0x0084,0x0085,0x00a5,
    0x1063,0x1883,0x1083,0x0862,0x1062,0x1062,0x1063,0x1063,0x0842,0x0842,0x0842,0x1062,0x1883,0x20a3,0x4923,0x7205,
    0x9244,0xd385,0xcb65,0xc325,0xbb05,0xd385,0xc325,0xc325,0xdba5,0xcb65,0xc304,0xdbe5,0xec47,0xe406,0xe405,0xe426,
    0xec86,0xe445,0xe426,0xe447,0xe406,0xdbc6,0xdbe6,0xdbe6,0xcb86,0xbb06,0xaac6,0x9a86,0xa286,0x9265,0x7205,0x71e5,
    0x7a26,0x61e6,0x5186,0x69c7,0x61c6,0x4966,0x4146,0x3105,0x28e5,0x28e5,0x28e5,0x20c5,0x28e5,0x3105,0x3105,0x28e5,
    0x18a5,0x18c5,0x30e5,0x3905,0x3905,0x30e4,0x28c4,0x20c4,0x20c4,0x20a4,0x18a4,0x18c5,0x18c5,0x18c4,0x18e6,0x2127,
    0x20e5,0x2988,0x2968,0x2126,0x2906,0x3926,0x3146,0x1084,0x1084,0x10a4,0x10a4,0x18a4,0x10a4,0x10a4,0x10a4,0x1084,
    0x1083,0x1084,0x1084,0x1083,0x1084,0x10a4,0x18c4,0x18c4,0x18c5,0x10c4,0x10a4,0x10a4,0x10a4,0x18c4,0x10c5,0x10c5,
    0x20c3,0x0820,0x0000,0x0000,0x0021,0x0021,0x0021,0x0000,0x0021,0x0001,0x0001,0x0021,0x0021,0x0022,0x2925,0x3145,
    0x2104,0x3146,0x0863,0x0842,0x10a4,0x0863,0x10a5,0x0864,0x0063,0x0063,0x0863,0x0863,0x0042,0x0042,0x0063,0x0042,
    0x0022,0x0022,0x0022,0x0022,0x0022,0x0042,0x0863,0x0883,0x0063,0x0063,0x08a4,0x18e5,0x18e6,0x1906,0x10c5,0x10c5,
    0x10a4,0x0042,0x0863,0x0042,0x0863,0x0884,0x08a4,0x08a4,0x08a4,0x08a4,0x0884,0x0063,0x0043,0x0863,0x0042,0x0043,
    0x10c5,0x0021,0x0042,0x0042,0x0063,0x0863,0x0863,0x0884,0x0884,0x1906,0x1926,0x0862,0x2967,0x39e8,0x2147,0x1906,
    0x10c5,0x2988,0x29a8,0x10c5,0x2126,0x10c5,0x0883,0x10c5,0x10c5,0x08a4,0x08a4,0x10a4,0x10c5,0x08a4,0x08a4,0x08a4,
    0x10a5,0x08a4,0x0884,0x0884,0x0884,0x0884,0x0864,0x0063,0x0063,0x0063,0x0063,0x0063,0x0063,0x0063,0x0043,0x0063,
    0x0043,0x0043,0x0043,0x0043,0x0043,0x0043,0x0042,0x0042,0x0042,0x0042,0x0022,0x0042,0x0042,0x0022,0x0022,0x0042,
    0x0042,0x0042,0x0043,0x0043,0x0043,0x0863,0x0863,0x0863,0x0043,0x0063,0x0863,0x10c5,0x0884,0x0863,0x0063,0x0042,
    0x0042,0x0043,0x0043,0x0042,0x0022,0x10a3,0x18c4,0x0043,0x0043,0x0063,0x0063,0x0043,0x0043,0x0043,0x0043,0x0063,
    0x0043,0x0043,0x0042,0x0864,0x10c6,0x0884,0x0864,0x0884,0x08a5,0x08a5,0x10e6,0x10e6,0x08e6,0x08c6,0x08a5,0x08c6,
    0x08c6,0x08a5,0x0064,0x0064,0x0084,0x0084,0x0063,0x0063,0x0063,0x0084,0x0064,0x0043,0x0042,0x0043,0x0043,0x0063,
    0x0063,0x0043,0x0043,0x0043,0x0063,0x0063,0x0084,0x00a4,0x08a4,0x0084,0x10e6,0x21a9,0x1107,0x08a5,0x08a5,0x0884,
    0x0064,0x0063,0x0063,0x0084,0x0084,0x0084,0x0063,0x0063,0x0063,0x0063,0x0063,0x0084,0x0884,0x0863,0x0884,0x08a5,
    0x10c5,0x10e5,0x10e6,0x10c5,0x10c5,0x18e6,0x10c5,0x10c5,0x10e5,0x0884,0x08c5,0x10c5,0x10e6,0x10c5,0x0863,0x08a4,
    0x1106,0x10e6,0x10e6,0x39a9,0x39a9,0x2948,0x18c5,0x0000,0x0021,0x0043,0x0084,0x0063,0x0063,0x0043,0x00a5,0x00a5,
    0x08c6,0x00a5,0x00a5,0x2189,0x0907,0x00c6,0x08c7,0x08c6,0x08e8,0x0909,0x00a6,0x00a6,0x0084,0x0064,0x0085,0x0085,
    0x1063,0x1884,0x1884,0x1063,0x1062,0x1863,0x1883,0x1884,0x1063,0x1042,0x1042,0x1062,0x1882,0x28a2,0x2082,0x4103,
    0x81e3,0xa284,0xbb05,0xcb85,0xc345,0xcb65,0xe3c5,0xcb64,0xdba5,0xe3e6,0xdbc5,0xdc06,0xecc8,0xeca7,0xed4b,0xf60f,
    0xf650,0xf5ee,0xed29,0xeca7,0xec67,0xe446,0xdc06,0xdc06,0xcb86,0xb2e6,0xb2e6,0xc347,0xc346,0xb306,0xa2a6,0x9266,
    0x8a66,0x69e6,0x5186,0x59a6,0x4146,0x3105,0x4145,0x4965,0x3105,0x2905,0x28e5,0x20c5,0x20c5,0x28e5,0x3105,0x2905,
    0x3105,0x28e5,0x3905,0x3905,0x3905,0x3905,0x28e4,0x30e4,0x30e5,0x28e4,0x18a4,0x18a4,0x10a4,0x10a4,0x18c5,0x18c5,
    0x20c5,0x20e6,0x2106,0x2988,0x2968,0x3168,0x2927,0x10a4,0x10a4,0x10a4,0x1084,0x1084,0x1084,0x1084,0x1084,0x0863,
    0x0883,0x1083,0x1084,0x1084,0x1084,0x10a4,0x18c4,0x10a4,0x1084,0x10a4,0x10a4,0x10a4,0x10c5,0x10c4,0x10c4,0x10c5,
    0x3124,0x0841,0x1062,0x0842,0x0842,0x0001,0x0000,0x0000,0x0021,0x0063,0x0021,0x0021,0x0042,0x0021,0x0863,0x0883,
    0x20e4,0x2905,0x0863,0x18c5,0x20e6,0x0863,0x10a4,0x0063,0x0063,0x0063,0x0863,0x0863,0x0042,0x0042,0x0043,0x0043,
    0x0042,0x0022,0x0022,0x0022,0x0022,0x0042,0x0042,0x0043,0x0063,0x0884,0x0884,0x10a3,0x18e5,0x10c4,0x0883,0x0884,
    0x0883,0x0863,0x0063,0x0884,0x0884,0x0863,0x0883,0x0883,0x0863,0x0884,0x0863,0x0863,0x0043,0x0022,0x0022,0x0022,
    0x0022,0x0022,0x0021,0x0042,0x0042,0x0063,0x0863,0x0063,0x08a5,0x10c5,0x10e6,0x10c5,0x10a4,0x1926,0x1906,0x1927,
    0x31c9,0x428b,0x29e9,0x0842,0x10c5,0x2968,0x2987,0x31c8,0x18e5,0x18e5,0x18e5,0x2126,0x18e6,0x10e5,0x10c5,0x10c5,
    0x10c5,0x10a4,0x08a4,0x10a4,0x08a4,0x0884,0x0884,0x0884,0x0863,0x0063,0x0063,0x0863,0x0063,0x0043,0x0043,0x0043,
    0x0863,0x0043,0x0043,0x0043,0x0043,0x0043,0x0043,0x0042,0x0042,0x0043,0x0042,0x0043,0x0042,0x0042,0x0042,0x0043,
    0x0042,0x0042,0x0043,0x0043,0x0043,0x0863,0x0863,0x0863,0x0863,0x0864,0x0863,0x0884,0x10a4,0x1084,0x0864,0x0063,
    0x0043,0x0043,0x0043,0x0043,0x0043,0x18a4,0x18a4,0x0043,0x0043,0x0063,0x0063,0x0063,0x0063,0x0063,0x0063,0x0063,
    0x0864,0x0042,0x0043,0x0863,0x0884,0x10a5,0x0885,0x0885,0x10e7,0x10c6,0x10c5,0x10e6,0x08c5,0x08c5,0x08c5,0x00a4,
    0x08a5,0x0084,0x0064,0x0084,0x0085,0x0084,0x0084,0x0084,0x00a5,0x0084,0x0063,0x0043,0x0043,0x0043,0x0043,0x0063,
    0x0063,0x0063,0x0063,0x0063,0x0063,0x0083,0x0063,0x0063,0x0084,0x08a4,0x08a4,0x08c5,0x1948,0x1927,0x08c6,0x0884,
    0x0884,0x0884,0x0884,0x0084,0x08a5,0x0884,0x0084,0x0063,0x0063,0x0064,0x0064,0x0084,0x0084,0x08a5,0x08c5,0x08c5,
    0x10c5,0x10e5,0x10c5,0x10c5,0x18e6,0x10e5,0x08a4,0x10e6,0x10e6,0x10e5,0x10c5,0x10c5,0x1927,0x3188,0x0863,0x0063,
    0x08a5,0x0085,0x2989,0x4a4c,0x39aa,0x20e6,0x1084,0x0022,0x0042,0x0042,0x0884,0x0063,0x0063,0x0064,0x00a5,0x00a5,
    0x08c6,0x00a5,0x0064,0x10e6,0x00a5,0x00a6,0x08c6,0x08c6,0x08e8,0x08e8,0x0084,0x0064,0x0064,0x0064,0x0064,0x00a5,
    0x0863,0x1083,0x1884,0x1083,0x1063,0x1063,0x20a4,0x1883,0x1062,0x1062,0x1062,0x1042,0x1062,0x28a3,0x2082,0x30c3,
    0x4923,0x69a4,0x79c4,0x8224,0x61a3,0x7a24,0xec46,0xec87,0xe446,0xe466,0xec66,0xe425,0xecc8,0xf691,0xff35,0xff56,
    0xff77,0xff98,0xff57,0xf5ee,0xf4c7,0xec87,0xdc26,0xdc06,0xdbe6,0xcb86,0xcba6,0xcb87,0xab06,0xa2c6,0xa2c6,0x9287,
    0x9ae7,0x69e6,0x59c6,0x5186,0x3105,0x28e4,0x3105,0x4965,0x4965,0x3925,0x3105,0x20c5,0x20c5,0x20e5,0x2905,0x3925,
    0x4145,0x4125,0x4125,0x5165,0x4945,0x3905,0x3105,0x3105,0x28e5,0x18c4,0x20c4,0x18a4,0x18a4,0x18a4,0x20c5,0x18c4,
    0x28e5,0x28e6,0x20e5,0x2127,0x3189,0x2127,0x2107,0x18e5,0x10a4,0x10a4,0x1084,0x10a4,0x10a4,0x1084,0x1084,0x0884,
    0x0883,0x1084,0x1084,0x10a4,0x10a4,0x10a4,0x10a4,0x10a4,0x1084,0x10a4,0x18a4,0x10a4,0x10a4,0x10c4,0x10a4,0x10c5,
    0x10a4,0x0821,0x0821,0x1083,0x18a3,0x0022,0x0022,0x0001,0x0021,0x08a5,0x0063,0x0022,0x0042,0x0021,0x0863,0x0863,
    0x0063,0x0863,0x0863,0x0884,0x18c5,0x0884,0x0063,0x0063,0x0063,0x0063,0x0063,0x0063,0x0863,0x0863,0x0863,0x0042,
    0x0022,0x0022,0x0022,0x0022,0x0042,0x0042,0x0042,0x0042,0x0063,0x0884,0x0863,0x0042,0x10c4,0x08a4,0x0883,0x0863,
    0x0063,0x0063,0x0042,0x0042,0x0863,0x0863,0x0063,0x0063,0x0863,0x0884,0x0063,0x0063,0x0042,0x0022,0x0022,0x0021,
    0x0021,0x0021,0x0022,0x0042,0x0042,0x0063,0x0043,0x0042,0x0884,0x08a4,0x08a4,0x1947,0x1927,0x1106,0x10c5,0x10e5,
    0x18c4,0x0021,0x0021,0x0042,0x0063,0x10c5,0x2167,0x10e5,0x0863,0x10c5,0x1906,0x2126,0x0884,0x10a4,0x10c5,0x10e5,
    0x10c5,0x10c5,0x10c5,0x10c5,0x0884,0x0884,0x0884,0x0043,0x0043,0x0063,0x0863,0x0863,0x0063,0x0063,0x0063,0x0043,
    0x0043,0x0043,0x0043,0x0043,0x0043,0x0043,0x0043,0x0042,0x0042,0x0043,0x0043,0x0043,0x0042,0x0043,0x0043,0x0063,
    0x0043,0x0043,0x0043,0x0063,0x0043,0x0063,0x0063,0x0864,0x0884,0x08a4,0x0884,0x0884,0x10a4,0x10a5,0x10a5,0x0063,
    0x0043,0x0063,0x0043,0x0043,0x0063,0x0043,0x0043,0x0063,0x0043,0x0043,0x0864,0x0863,0x0063,0x0063,0x0063,0x0063,
    0x08a5,0x0884,0x08a5,0x0884,0x0884,0x10c6,0x08a4,0x10a5,0x10e6,0x10c6,0x10c6,0x08c6,0x08a5,0x08c6,0x08c6,0x08c6,
    0x00a4,0x0885,0x08a5,0x0084,0x0064,0x0084,0x0084,0x00a5,0x08c6,0x0084,0x0063,0x0063,0x0043,0x0043,0x0042,0x0043,
    0x0063,0x0063,0x0063,0x0043,0x0063,0x0063,0x0063,0x0063,0x0063,0x0084,0x08a4,0x08a4,0x08a5,0x1106,0x1927,0x10e6,
    0x08a5,0x0884,0x0884,0x0884,0x0884,0x0884,0x0884,0x0884,0x0884,0x0884,0x0084,0x0084,0x00a4,0x08a4,0x08c5,0x10e6,
    0x10e5,0x10c5,0x10c5,0x10e6,0x10e6,0x10c5,0x08a4,0x1106,0x1906,0x18c5,0x0043,0x08a5,0x08c5,0x1907,0x08a4,0x00a5,
    0x08a5,0x0064,0x2988,0x2968,0x1084,0x0001,0x0021,0x0042,0x0063,0x08a4,0x08a5,0x0063,0x0043,0x0063,0x0084,0x00a5,
    0x00c6,0x0084,0x0063,0x0085,0x0085,0x00a5,0x00a6,0x08e7,0x08e7,0x08e7,0x00a5,0x0064,0x0085,0x0085,0x0064,0x00a5,
    0x0863,0x1063,0x1083,0x1883,0x1063,0x1063,0x1063,0x1063,0x1063,0x1883,0x20a3,0x1062,0x0842,0x1083,0x28c3,0x20a3,
    0x1062,0x30e3,0x3903,0x6183,0x69a4,0x79e3,0xaac4,0xbb45,0xdc47,0xecc8,0xf4a7,0xf4a6,0xf670,0xfed2,0xfed1,0xff14,
    0xff36,0xff57,0xff77,0xff78,0xf5ee,0xeca7,0xe447,0xdc06,0xdc06,0xd3e6,0xcb86,0xb306,0xa2c6,0x9aa6,0x8246,0x7206,
    0x8266,0x61e6,0x59c6,0x59a6,0x4965,0x3925,0x3105,0x30e5,0x4145,0x4145,0x30e5,0x30e5,0x28e5,0x28e5,0x28e5,0x3925,
    0x4945,0x4125,0x4125,0x5985,0x4944,0x3105,0x3105,0x28e5,0x20c5,0x28c5,0x28e5,0x20e5,0x18c5,0x28e5,0x3105,0x28e5,
    0x20c5,0x2906,0x2906,0x2927,0x2127,0x2107,0x2127,0x2127,0x2147,0x18e6,0x1084,0x1084,0x10a4,0x18a4,0x18a4,0x10a4,
    0x1084,0x10a4,0x10a4,0x18a4,0x18a4,0x1084,0x1084,0x10a4,0x18a4,0x18c4,0x20e4,0x20c4,0x10a4,0x10a4,0x10c4,0x18c5,
    0x10c5,0x10a4,0x0021,0x0021,0x18a3,0x0842,0x0022,0x0863,0x0863,0x0042,0x0042,0x0042,0x0022,0x0021,0x0021,0x0884,
    0x0884,0x0884,0x0884,0x0863,0x0063,0x0063,0x0063,0x0063,0x0043,0x0063,0x0043,0x0043,0x0043,0x0043,0x0043,0x0063,
    0x0042,0x0022,0x0042,0x0022,0x0022,0x0042,0x0042,0x0042,0x0063,0x0863,0x0863,0x0884,0x10a4,0x0883,0x0863,0x0863,
    0x0042,0x0042,0x0042,0x0022,0x0042,0x0022,0x0042,0x0042,0x0042,0x0043,0x0063,0x0043,0x0022,0x0042,0x0022,0x0021,
    0x0021,0x0021,0x0021,0x0022,0x0043,0x0063,0x0884,0x0063,0x08a4,0x10c4,0x08c6,0x10e6,0x10c5,0x10e6,0x10c5,0x08a4,
    0x0063,0x0863,0x08a5,0x0884,0x0863,0x0022,0x08a4,0x10c5,0x1906,0x2968,0x2968,0x18e6,0x2126,0x0883,0x2967,0x39c9,
    0x1906,0x1906,0x10c5,0x10c4,0x0883,0x0884,0x0883,0x0884,0x0063,0x0063,0x0863,0x0863,0x0043,0x0043,0x0043,0x0042,
    0x0042,0x0043,0x0042,0x0043,0x0063,0x0043,0x0063,0x0043,0x0043,0x0043,0x0043,0x0043,0x0043,0x0043,0x0863,0x0063,
    0x0063,0x0063,0x0063,0x0863,0x0863,0x0863,0x0043,0x0063,0x0863,0x10a4,0x10c5,0x18e5,0x10a4,0x10a5,0x10a5,0x0863,
    0x0063,0x0884,0x10a5,0x0884,0x0864,0x0063,0x0063,0x0063,0x0063,0x0063,0x0884,0x0864,0x0043,0x0043,0x0864,0x0884,
    0x10c6,0x18e7,0x08a5,0x0043,0x08a5,0x10e6,0x10a5,0x18e5,0x10c5,0x10c6,0x10c5,0x08a5,0x0884,0x08c6,0x08a5,0x08a5,
    0x00a5,0x0084,0x0084,0x0084,0x0084,0x00a5,0x08a5,0x08a5,0x00a5,0x0084,0x0063,0x0063,0x0063,0x0043,0x0863,0x0063,
    0x0063,0x0063,0x0063,0x0063,0x0063,0x0063,0x0084,0x0084,0x0884,0x0884,0x08a4,0x08a5,0x08a5,0x08a5,0x10a5,0x1907,
    0x10e6,0x08a5,0x08a4,0x0884,0x0064,0x08a5,0x08a5,0x08a5,0x08a4,0x08a4,0x08a4,0x08a4,0x08a5,0x08a5,0x08a5,0x10e6,
    0x10a5,0x10c5,0x10e6,0x1106,0x1927,0x10c5,0x08a4,0x18e6,0x10c5,0x08a5,0x08a5,0x1906,0x1106,0x00a5,0x08c5,0x08c5,
    0x0084,0x0064,0x08a5,0x0884,0x0022,0x0021,0x0022,0x0021,0x0063,0x0884,0x08a4,0x0063,0x0043,0x0063,0x0064,0x0084,
    0x0085,0x0064,0x0063,0x0085,0x0085,0x00a6,0x0085,0x00a6,0x00a6,0x08e8,0x00a6,0x00a5,0x08e7,0x0064,0x0064,0x0064,
    0x0863,0x0842,0x0863,0x20c4,0x1083,0x0863,0x0842,0x1083,0x1884,0x1883,0x18a4,0x1063,0x1062,0x1883,0x20a3,0x30e3,
    0x30e3,0x1882,0x1882,0x69a4,0x4944,0x4123,0x6183,0x5963,0x71e3,0x69e4,0x7a44,0xbbe8,0xee30,0xfed1,0xff33,0xff55,
    0xff57,0xff78,0xff35,0xff56,0xff15,0xf4e8,0xec67,0xdbe6,0xd386,0xbb26,0xaac5,0xa2c6,0x9a86,0x8a46,0x71e6,0x61c5,
    0x61a5,0x59a5,0x5185,0x7a26,0x7227,0x5186,0x4145,0x28c4,0x3904,0x4965,0x3925,0x4125,0x3905,0x3105,0x3105,0x3905,
    0x4945,0x4125,0x5165,0x5985,0x5165,0x3105,0x28e5,0x28e5,0x3105,0x3105,0x3105,0x3105,0x28e5,0x2906,0x2926,0x2905,
    0x2906,0x2906,0x2906,0x2926,0x2906,0x2106,0x2106,0x2107,0x2147,0x18e6,0x18a5,0x2926,0x20e5,0x18c4,0x18a4,0x18a4,
    0x18c4,0x18a4,0x18a4,0x18a4,0x18a4,0x10a4,0x10a4,0x10a4,0x18a4,0x18c4,0x18c5,0x20c5,0x18a4,0x10a4,0x10a4,0x10c5,
    0x10c5,0x10a5,0x20e4,0x20c3,0x1883,0x1062,0x0842,0x10a4,0x0884,0x0883,0x0042,0x0863,0x0043,0x0042,0x0042,0x0884,
    0x08a4,0x0884,0x0884,0x0884,0x0863,0x0863,0x0063,0x0063,0x18e5,0x0863,0x0863,0x0863,0x0043,0x0043,0x0043,0x0063,
    0x0063,0x0063,0x0042,0x0043,0x0042,0x0042,0x0042,0x0042,0x0063,0x0063,0x0884,0x0863,0x0884,0x0884,0x0863,0x0863,
    0x0063,0x0042,0x0883,0x0884,0x0042,0x0042,0x0042,0x0042,0x0042,0x0022,0x0001,0x0022,0x0042,0x0022,0x0022,0x0021,
    0x0022,0x0021,0x0021,0x0042,0x0042,0x0063,0x0884,0x0864,0x08a4,0x08a4,0x08a4,0x0884,0x08a4,0x10e5,0x08c5,0x08a5,
    0x0884,0x0063,0x0863,0x0863,0x0042,0x0883,0x0884,0x0884,0x1906,0x2126,0x08a4,0x10c5,0x2147,0x2127,0x1906,0x18e6,
    0x0883,0x10a4,0x18e6,0x10a4,0x18e5,0x0883,0x10a5,0x10a4,0x0863,0x0884,0x0863,0x0042,0x0063,0x0043,0x0042,0x0043,
    0x0863,0x0042,0x10c4,0x0884,0x0063,0x0063,0x0063,0x0043,0x0043,0x0043,0x0043,0x0043,0x0043,0x0063,0x0043,0x0063,
    0x0863,0x0063,0x0863,0x0863,0x0863,0x0863,0x0063,0x0063,0x0063,0x0884,0x10a4,0x2105,0x10a4,0x10a4,0x0884,0x0063,
    0x0884,0x0884,0x10c5,0x10a5,0x0884,0x0884,0x0863,0x0063,0x0063,0x0043,0x0884,0x0063,0x0042,0x0063,0x0884,0x0884,
    0x08a5,0x10e6,0x0884,0x08a4,0x10e6,0x1907,0x10e6,0x10e6,0x10e6,0x10e6,0x10e6,0x10a5,0x08a5,0x08a5,0x08a4,0x0084,
    0x0884,0x0063,0x0063,0x0084,0x08c5,0x08e6,0x08e7,0x00a5,0x00a5,0x00a5,0x0064,0x0084,0x0063,0x0063,0x0063,0x0063,
    0x0063,0x0063,0x0064,0x0084,0x0064,0x0084,0x0084,0x0084,0x08a4,0x08a4,0x08a4,0x08c5,0x08a5,0x08a4,0x0884,0x10e5,
    0x10c5,0x10c5,0x10c6,0x08a5,0x08a5,0x0863,0x0884,0x08a5,0x08a5,0x08a5,0x08a5,0x18e5,0x10c5,0x0884,0x08a5,0x10e6,
    0x10a4,0x10a5,0x1907,0x2147,0x2926,0x1084,0x0042,0x10c5,0x10e6,0x10e6,0x18e5,0x18e5,0x08a5,0x08a5,0x08c5,0x08a5,
    0x08a4,0x08a5,0x0084,0x0884,0x0884,0x0022,0x0022,0x0021,0x0042,0x0043,0x0043,0x0042,0x0063,0x0063,0x0063,0x08c6,
    0x0085,0x0063,0x0063,0x0064,0x0084,0x0085,0x0085,0x08c7,0x00c7,0x00a6,0x0064,0x0085,0x00a5,0x0063,0x0063,0x0063,
    0x0863,0x0863,0x0863,0x18a4,0x1084,0x1084,0x0863,0x0863,0x18a4,0x20a4,0x18a4,0x1062,0x1062,0x28c4,0x4125,0x3904,
    0x3904,0x4144,0x30e3,0x30e3,0x30e3,0x20a2,0x20a2,0x3903,0x61a3,0x61a3,0x6183,0x8224,0xb305,0xcc48,0xedad,0xfef4,
    0xffbb,0xff99,0xff56,0xff15,0xff34,0xf58b,0xec66,0xe427,0xd3c6,0xc366,0xb306,0xa2c6,0x9aa5,0x9286,0x8a46,0x7a06,
    0x7a47,0x7227,0x69c6,0x69e6,0x61c6,0x5186,0x4945,0x5185,0x5165,0x3105,0x3924,0x4945,0x4945,0x4145,0x3925,0x4145,
    0x5165,0x4945,0x4945,0x4945,0x4945,0x4145,0x3925,0x4945,0x3925,0x3105,0x3105,0x3925,0x3925,0x3106,0x2905,0x3105,
    0x3126,0x2906,0x2905,0x3106,0x2906,0x2106,0x2106,0x2106,0x2106,0x18e5,0x18e5,0x2106,0x18e5,0x18a5,0x18c5,0x18c5,
    0x20e5,0x18c5,0x18c4,0x10a4,0x10a5,0x10a5,0x18c5,0x18a4,0x18a4,0x18c5,0x18c5,0x18c5,0x10a4,0x18a4,0x18a4,0x10c4,
    0x10c5,0x10a5,0x18e5,0x20c3,0x20a3,0x0862,0x0842,0x20e5,0x10a4,0x0863,0x0042,0x0021,0x0042,0x0842,0x0884,0x0884,
    0x0884,0x10a4,0x0884,0x0884,0x0884,0x0884,0x0883,0x0883,0x10a4,0x0022,0x0042,0x0021,0x0063,0x0063,0x0063,0x0063,
    0x0863,0x0863,0x0043,0x0863,0x0042,0x0042,0x0042,0x0042,0x0042,0x0042,0x0043,0x0042,0x0863,0x0884,0x0863,0x0063,
    0x0063,0x0042,0x0863,0x0863,0x0022,0x0042,0x0042,0x0042,0x0022,0x0863,0x1905,0x0883,0x0022,0x0022,0x0022,0x0022,
    0x0022,0x0021,0x0021,0x0022,0x0022,0x0063,0x0884,0x08a4,0x08c5,0x08a4,0x0063,0x0042,0x08a4,0x10c5,0x08a4,0x0884,
    0x0063,0x0043,0x0042,0x0042,0x0042,0x0063,0x0884,0x0884,0x08a5,0x0863,0x0883,0x10e6,0x10e6,0x2147,0x2126,0x10a4,
    0x0883,0x0042,0x0884,0x10c5,0x18e5,0x10a4,0x2146,0x0042,0x0862,0x10a4,0x0863,0x0883,0x0863,0x0863,0x0883,0x0063,
    0x0042,0x0063,0x0883,0x0043,0x0063,0x0043,0x0043,0x0063,0x0063,0x0043,0x0063,0x0863,0x0884,0x0063,0x0063,0x0063,
    0x0863,0x0863,0x0863,0x0863,0x0883,0x0863,0x0863,0x0863,0x0884,0x10a4,0x1084,0x0884,0x10a4,0x10a4,0x10a4,0x0884,
    0x0884,0x08a5,0x0884,0x0884,0x0884,0x0884,0x0884,0x0884,0x0884,0x10c5,0x2106,0x1906,0x0884,0x0864,0x0884,0x0884,
    0x10c6,0x10c6,0x10e6,0x1927,0x1927,0x1906,0x10c5,0x10c6,0x10e7,0x1107,0x08a5,0x08a5,0x10c6,0x08a5,0x0084,0x0084,
    0x0084,0x0084,0x0084,0x0084,0x08e6,0x08e6,0x08c5,0x08a5,0x08c6,0x00a5,0x0064,0x0084,0x0084,0x0084,0x0063,0x0063,
    0x0063,0x0063,0x0063,0x0064,0x0084,0x00a4,0x0084,0x08a4,0x08a4,0x08c5,0x08c5,0x10c5,0x08c5,0x0884,0x08a5,0x10c5,
    0x10c5,0x10c5,0x10e6,0x10c6,0x08a5,0x0064,0x0064,0x0884,0x08a5,0x08a5,0x08a5,0x18e5,0x08a5,0x08a5,0x08c5,0x1907,
    0x10e5,0x0884,0x10e5,0x2147,0x10c5,0x08a4,0x08a5,0x1106,0x1106,0x10e6,0x1906,0x08c5,0x0883,0x08a4,0x08c5,0x08a5,
    0x0084,0x08a4,0x0084,0x0064,0x0063,0x0043,0x0043,0x0043,0x0043,0x0043,0x0043,0x0043,0x0043,0x0043,0x0063,0x08a5,
    0x08c6,0x0064,0x0064,0x0084,0x0085,0x00a6,0x00a6,0x08e7,0x00c7,0x0086,0x0064,0x0064,0x0064,0x0064,0x0064,0x0063,
    0x0864,0x1084,0x0863,0x1084,0x10a4,0x1084,0x10a5,0x1084,0x20e6,0x20e5,0x20c4,0x1883,0x1883,0x20c4,0x4166,0x4165,
    0x4144,0x30e3,0x3924,0x3903,0x30e3,0x28c3,0x28c3,0x28c3,0x7a45,0x8245,0x71e4,0x8224,0x9ac5,0xab05,0xd3e5,0xf5ab,
    0xff15,0xfef4,0xff13,0xff35,0xff56,0xf5ed,0xf4c8,0xec88,0xdc06,0xdc07,0xd3c6,0xc326,0xb2e6,0xcc09,0xaae6,0xa2c6,
    0xab27,0x92a7,0x8246,0x7a05,0x7205,0x69e6,0x7a47,0x69e6,0x4945,0x4125,0x3925,0x3104,0x30e4,0x3925,0x4966,0x5165,
    0x5985,0x5165,0x4145,0x4145,0x4125,0x4965,0x5985,0x4966,0x3925,0x3925,0x3925,0x3926,0x3126,0x3105,0x3925,0x3905,
    0x3105,0x3125,0x3925,0x3925,0x2906,0x2905,0x2905,0x3106,0x2106,0x20e6,0x20e5,0x18c5,0x18c5,0x18c5,0x20c5,0x20e5,
    0x18c5,0x18c5,0x18c5,0x18c5,0x18c5,0x18c5,0x18c5,0x18c5,0x18c5,0x18c5,0x18c5,0x18c5,0x18c5,0x20c5,0x18a4,0x18c4,
    0x18c5,0x18c5,0x10c5,0x10c4,0x20c3,0x0041,0x0022,0x0884,0x0884,0x0884,0x0021,0x0000,0x0001,0x0842,0x0884,0x0884,
    0x0884,0x0884,0x0863,0x2946,0x10e5,0x0064,0x08a4,0x1084,0x0042,0x0042,0x0021,0x0021,0x0863,0x0043,0x0063,0x0063,
    0x0863,0x0863,0x0063,0x0063,0x0863,0x0863,0x0863,0x0042,0x0042,0x0022,0x0042,0x0042,0x0022,0x0042,0x0063,0x0063,
    0x0043,0x0043,0x0043,0x0042,0x0042,0x0042,0x0042,0x0022,0x0883,0x424b,0x31e9,0x10a4,0x0022,0x0021,0x0021,0x0022,
    0x0022,0x0022,0x0022,0x0022,0x0021,0x0022,0x0863,0x08a4,0x08a4,0x0884,0x0043,0x0043,0x0063,0x0042,0x0063,0x0063,
    0x0063,0x0042,0x0042,0x0042,0x0042,0x0043,0x0043,0x0863,0x0863,0x0884,0x08a4,0x2126,0x10a4,0x08a5,0x10c4,0x0884,
    0x10a4,0x0884,0x08a4,0x10c5,0x0884,0x08a4,0x2105,0x0041,0x0042,0x0884,0x0883,0x0883,0x0063,0x1906,0x0884,0x0863,
    0x0863,0x1906,0x08a4,0x0863,0x0883,0x0883,0x0863,0x0863,0x0863,0x0043,0x0063,0x0043,0x0043,0x0063,0x0063,0x20e4,
    0x18e5,0x0863,0x0884,0x0863,0x0884,0x0884,0x0884,0x0884,0x08a4,0x10c5,0x10a4,0x0884,0x10a4,0x10a5,0x10a5,0x10a5,
    0x10a5,0x0884,0x0884,0x08a5,0x0884,0x0884,0x08a5,0x0885,0x1907,0x18e6,0x0884,0x0884,0x0884,0x0884,0x0063,0x08a5,
    0x1907,0x10e6,0x1907,0x2127,0x1927,0x1927,0x10e6,0x1107,0x10e7,0x08c6,0x08c5,0x08a5,0x08a5,0x08a5,0x0084,0x0884,
    0x08a5,0x00a5,0x00a5,0x00a5,0x08c6,0x08c6,0x08e6,0x00a5,0x08a5,0x00a5,0x0084,0x0084,0x0084,0x0084,0x0084,0x0063,
    0x0064,0x0063,0x0063,0x0884,0x0084,0x0084,0x00a4,0x00a4,0x08a5,0x0883,0x0884,0x10c5,0x10c5,0x10c5,0x10e5,0x10c5,
    0x10c5,0x10c5,0x10e5,0x10c5,0x08a5,0x08c5,0x08a5,0x10c5,0x10c5,0x08a5,0x10c5,0x08a4,0x10c5,0x08a4,0x10e6,0x1906,
    0x10a4,0x0063,0x08a5,0x1106,0x1906,0x10e6,0x1127,0x1927,0x1906,0x08e6,0x08c6,0x08e6,0x08c5,0x08c5,0x08c5,0x08a5,
    0x10e5,0x0084,0x0084,0x0063,0x0063,0x0063,0x0063,0x0063,0x0063,0x0063,0x0063,0x0043,0x0043,0x0043,0x0043,0x08c6,
    0x10e7,0x0064,0x08e7,0x0085,0x0085,0x0085,0x00a6,0x00c7,0x08c7,0x00a6,0x0064,0x0064,0x0064,0x0063,0x0064,0x0063,
    0x0843,0x0863,0x0863,0x1063,0x0842,0x0863,0x1084,0x1084,0x1084,0x18e5,0x2106,0x1083,0x1083,0x18a4,0x20c4,0x18a4,
    0x4145,0x59c6,0x5984,0x5164,0x4124,0x4124,0x4123,0x30c2,0x5184,0x8245,0x5963,0x61a3,0x79e4,0x9a84,0xc385,0xe4e9,
    0xfe2d,0xfdec,0xf54a,0xed6b,0xfeb2,0xf5cc,0xf4e8,0xf4e8,0xec47,0xdbe6,0xd386,0xc346,0xbb26,0xbb06,0xaaa6,0xaac6,
    0xa2a6,0x9266,0x7a06,0x79e5,0x9266,0x8a46,0x8226,0x5985,0x4945,0x5145,0x4945,0x4945,0x4125,0x5145,0x5165,0x5965,
    0x5165,0x5165,0x4965,0x4145,0x4145,0x4965,0x5965,0x5165,0x4146,0x4966,0x3926,0x3946,0x3946,0x4145,0x30e4,0x3904,
    0x30e4,0x20c4,0x4125,0x4125,0x3105,0x3126,0x3105,0x3126,0x20e5,0x18e5,0x20e5,0x18e5,0x18e5,0x18c5,0x10a4,0x1084,
    0x18a4,0x18c5,0x18e5,0x18e5,0x20e5,0x20e5,0x20e5,0x20e5,0x18c5,0x20c5,0x20c5,0x20c5,0x20c5,0x20c5,0x18c5,0x10a4,
    0x20e5,0x20e5,0x10c5,0x10a4,0x10a4,0x0884,0x0883,0x10a4,0x10a4,0x10a4,0x0863,0x0842,0x0042,0x0884,0x0884,0x0884,
    0x0884,0x0884,0x0884,0x1083,0x0842,0x0863,0x0864,0x0884,0x0884,0x0063,0x0863,0x0063,0x0063,0x10c5,0x0063,0x0063,
    0x0883,0x0863,0x0863,0x0863,0x0863,0x0042,0x0863,0x0863,0x0042,0x0022,0x0862,0x0863,0x0022,0x0042,0x0043,0x0042,
    0x0042,0x0042,0x0042,0x0042,0x0042,0x0042,0x0042,0x0042,0x18e4,0x0883,0x0021,0x0000,0x0001,0x0021,0x0022,0x0022,
    0x0022,0x0022,0x0021,0x0022,0x0022,0x0022,0x0043,0x0863,0x0884,0x0884,0x0064,0x0063,0x0042,0x0022,0x0043,0x0042,
    0x0042,0x0042,0x0042,0x0043,0x0042,0x0042,0x0022,0x0863,0x0042,0x0884,0x10c5,0x10a4,0x0863,0x0042,0x0884,0x08a4,
    0x0884,0x08a4,0x10a5,0x0884,0x0884,0x0884,0x0863,0x0863,0x0863,0x0063,0x0883,0x0884,0x0042,0x0883,0x0863,0x0883,
    0x0863,0x0863,0x0863,0x0863,0x0042,0x0063,0x0883,0x0863,0x0883,0x0863,0x0063,0x2967,0x18e5,0x0063,0x0883,0x10c4,
    0x10a4,0x0884,0x08a4,0x0884,0x0883,0x10c4,0x0884,0x0884,0x10a4,0x10c5,0x10c5,0x08a4,0x10c5,0x10a5,0x0884,0x10a5,
    0x10a5,0x10a4,0x0884,0x08a5,0x10c5,0x08a5,0x08a5,0x10c5,0x10e6,0x08a5,0x10c5,0x0884,0x0884,0x10c6,0x10e6,0x1907,
    0x10e6,0x1907,0x2148,0x2169,0x1948,0x1928,0x1106,0x1947,0x0042,0x0863,0x1906,0x0084,0x08a5,0x0084,0x00a5,0x08a5,
    0x08c6,0x00a6,0x00a5,0x00a5,0x08a5,0x0884,0x08c6,0x08a5,0x00a5,0x08a5,0x0084,0x00a5,0x00a5,0x0084,0x0063,0x0064,
    0x0084,0x0064,0x0084,0x0084,0x0084,0x0084,0x08a5,0x08a5,0x08a4,0x0863,0x0884,0x10c5,0x10e5,0x10c5,0x10e6,0x1906,
    0x10c6,0x10c5,0x10c5,0x08c5,0x08c5,0x08c5,0x10c5,0x08a4,0x0884,0x08a5,0x08a5,0x10e5,0x1083,0x0042,0x08a4,0x0863,
    0x0863,0x0884,0x08e6,0x1127,0x1906,0x1106,0x1927,0x1927,0x1127,0x1948,0x1107,0x08e6,0x08c6,0x08c6,0x00a5,0x08a5,
    0x1926,0x0084,0x0064,0x0063,0x0063,0x0043,0x0063,0x0063,0x0063,0x0063,0x0064,0x0043,0x0043,0x0043,0x0043,0x0084,
    0x0085,0x0084,0x00a6,0x0085,0x0084,0x0084,0x08c6,0x08c6,0x00a6,0x08a6,0x0085,0x0084,0x0064,0x0063,0x0064,0x0085,
    0x0021,0x0022,0x0863,0x0863,0x0863,0x1083,0x0021,0x0863,0x1083,0x10a4,0x2906,0x18a4,0x1063,0x18a4,0x1063,0x0842,
    0x20a3,0x4144,0x51a5,0x5185,0x4944,0x5164,0x4943,0x30e3,0x2082,0x3903,0x69c4,0x69c4,0x71e4,0x9aa4,0xb345,0xbb86,
    0xed09,0xed09,0xd407,0xcba6,0xcbc6,0xe447,0xec87,0xe487,0xeca8,0xf4a7,0xec67,0xdbc7,0xcb86,0xc346,0xb2e6,0xa2a6,
    0x9a86,0x9266,0x7a06,0x71c5,0x8226,0x8226,0x79e5,0x61a5,0x5985,0x5985,0x6185,0x5985,0x5986,0x69a5,0x6185,0x5965,
    0x4945,0x4965,0x5165,0x5165,0x5166,0x5165,0x6185,0x5985,0x5186,0x5186,0x4166,0x4146,0x4146,0x30c3,0x1062,0x1882,
    0x1062,0x1063,0x18a3,0x28e4,0x18c4,0x3926,0x3105,0x20e5,0x18c5,0x18c4,0x2905,0x2905,0x20e5,0x18c5,0x18c5,0x1084,
    0x10a4,0x18e5,0x18e5,0x18e5,0x28e5,0x20c4,0x28e4,0x2904,0x20c4,0x20c4,0x20c5,0x20c5,0x20c5,0x20c5,0x18c5,0x18c4,
    0x18c4,0x18c4,0x18c5,0x10a5,0x10a5,0x10c5,0x10c5,0x10a5,0x10a5,0x10a5,0x10c5,0x10a5,0x10a4,0x0884,0x0884,0x0884,
    0x0884,0x0884,0x0884,0x0863,0x0021,0x0022,0x0863,0x0863,0x0864,0x0863,0x0863,0x0863,0x2105,0x31c9,0x10c5,0x0043,
    0x0063,0x0063,0x0043,0x2946,0x10a4,0x0042,0x0863,0x0863,0x0042,0x0042,0x0042,0x0042,0x0022,0x0042,0x0042,0x0042,
    0x0043,0x0042,0x0042,0x0043,0x0042,0x0042,0x0042,0x0022,0x1882,0x1062,0x0021,0x0022,0x0022,0x0021,0x0022,0x0022,
    0x0022,0x0022,0x0021,0x0021,0x0022,0x0042,0x0042,0x0042,0x0063,0x0063,0x0884,0x0063,0x0042,0x0022,0x0042,0x0042,
    0x0022,0x0022,0x0042,0x0042,0x0022,0x0042,0x0042,0x0063,0x0043,0x0063,0x0884,0x0884,0x0084,0x0884,0x0863,0x0884,
    0x0884,0x0884,0x0884,0x0884,0x08a4,0x0884,0x08a5,0x0884,0x0884,0x0883,0x0863,0x0884,0x1906,0x0043,0x0883,0x0862,
    0x0042,0x0043,0x0863,0x0043,0x0884,0x0884,0x0043,0x10a4,0x10a4,0x0042,0x1905,0x39a7,0x10a3,0x0021,0x0863,0x0884,
    0x10a4,0x10a4,0x10c4,0x10a4,0x10c4,0x10a4,0x0884,0x10a4,0x18c5,0x10a5,0x10c5,0x10a5,0x10a4,0x0884,0x0884,0x0884,
    0x10a4,0x10a5,0x10c5,0x18e6,0x18e6,0x10c5,0x10a5,0x10c5,0x2127,0x18e6,0x10e6,0x10c6,0x10e6,0x10c6,0x1107,0x1928,
    0x2989,0x2189,0x2169,0x1928,0x29aa,0x29ea,0x2167,0x2147,0x0021,0x0000,0x0021,0x0022,0x08a5,0x00a5,0x08a5,0x00a5,
    0x00c6,0x10e6,0x08e6,0x08c6,0x08c5,0x0063,0x00a5,0x08c6,0x08c6,0x08c5,0x08c5,0x00c5,0x00a5,0x0084,0x0084,0x00a4,
    0x00a4,0x00a4,0x0084,0x08a5,0x08a4,0x08a5,0x08c5,0x10e6,0x08a4,0x0884,0x08a5,0x10c5,0x10e5,0x10c5,0x1906,0x10c4,
    0x10c5,0x10c5,0x10c6,0x10c5,0x10c5,0x10c5,0x10c5,0x08a4,0x0883,0x0084,0x08c5,0x2126,0x0022,0x0063,0x0043,0x0064,
    0x0884,0x08a5,0x10e6,0x08c5,0x1107,0x1128,0x1948,0x1107,0x1969,0x1128,0x08e7,0x1927,0x08a5,0x0084,0x00a5,0x00a5,
    0x0084,0x0084,0x0064,0x0064,0x0063,0x0063,0x0063,0x0063,0x0064,0x0063,0x0063,0x0063,0x0063,0x0043,0x0063,0x0043,
    0x0064,0x0064,0x0064,0x0064,0x0064,0x0085,0x08c7,0x08a6,0x00a5,0x00a6,0x0085,0x0085,0x0085,0x0085,0x0085,0x0085,
    0x0022,0x0022,0x0042,0x0863,0x10a4,0x1084,0x0042,0x0842,0x0021,0x0021,0x0842,0x0822,0x0022,0x0862,0x1062,0x0842,
    0x1883,0x0821,0x1083,0x51a6,0x5185,0x28c3,0x20a3,0x20a2,0x28a2,0x20a2,0x6183,0x61c4,0x7a04,0x7a04,0x79e4,0xab05,
    0xcbc6,0xcbc6,0xbb66,0x9ac6,0x9ac5,0x8a44,0xbb46,0xd3c6,0xc366,0xc386,0xd3c6,0xec47,0xe407,0xdbc7,0xcb66,0xbb26,
    0xaac6,0xa2a6,0x9a86,0x8226,0x8226,0x71c5,0x69c5,0x61a5,0x69a5,0x61a5,0x69a6,0x69c6,0x7a06,0x71c5,0x6185,0x5165,
    0x5165,0x5165,0x5986,0x5985,0x5985,0x30e4,0x3904,0x4945,0x5986,0x5186,0x4986,0x4966,0x5185,0x4944,0x20a3,0x18a3,
    0x1062,0x0842,0x0842,0x1083,0x1063,0x20c4,0x2926,0x18e5,0x10a4,0x18c4,0x28e5,0x3105,0x20c5,0x20c5,0x20e5,0x10a4,
    0x0842,0x1084,0x18c4,0x20e5,0x4944,0x1062,0x0842,0x1062,0x1062,0x1083,0x20c4,0x20c4,0x20c4,0x20c4,0x20c4,0x18c4,
    0x18a4,0x18a4,0x18c5,0x10c5,0x10c5,0x10a5,0x10a5,0x10c5,0x10c5,0x10a5,0x10c5,0x10a5,0x10a5,0x0884,0x0884,0x0884,
    0x0884,0x1084,0x0884,0x0863,0x0021,0x0042,0x0863,0x0884,0x0863,0x0884,0x0064,0x18c4,0x20c3,0x0842,0x0001,0x0001,
    0x0063,0x0063,0x0883,0x10a4,0x0042,0x0042,0x0042,0x0042,0x0022,0x0042,0x0042,0x0042,0x0042,0x0042,0x0042,0x0042,
    0x0042,0x0042,0x0043,0x0042,0x0042,0x0042,0x0042,0x0022,0x0022,0x0842,0x0821,0x0842,0x0042,0x0022,0x0022,0x0042,
    0x0042,0x0042,0x0022,0x0021,0x0022,0x0042,0x0042,0x0042,0x0042,0x0042,0x0063,0x0883,0x0884,0x0042,0x0022,0x0022,
    0x0022,0x0022,0x0042,0x0042,0x0042,0x0022,0x0022,0x0863,0x10c4,0x0884,0x0063,0x0863,0x0063,0x0063,0x0042,0x0863,
    0x0883,0x0884,0x0884,0x08a4,0x0883,0x0884,0x08a4,0x0063,0x0864,0x0884,0x0863,0x0863,0x0883,0x0022,0x0022,0x0042,
    0x0042,0x0043,0x0043,0x0043,0x0884,0x18e5,0x0042,0x0883,0x0884,0x0883,0x1906,0x2987,0x0883,0x0042,0x0863,0x08a4,
    0x0883,0x1083,0x0863,0x20e5,0x10a4,0x0884,0x10c5,0x18e5,0x0883,0x10a4,0x10c5,0x10a5,0x10a4,0x0883,0x0884,0x0883,
    0x0863,0x10a5,0x18e5,0x10a5,0x10c5,0x18e6,0x08a5,0x10c5,0x08a4,0x0863,0x10a5,0x2128,0x1927,0x1907,0x2969,0x2128,
    0x1948,0x2169,0x1928,0x10e7,0x2988,0x2146,0x10a4,0x0863,0x0042,0x0022,0x0022,0x0021,0x0084,0x08c6,0x00a5,0x08c6,
    0x08c6,0x1905,0x0063,0x08a5,0x08c6,0x08c6,0x08c6,0x08c6,0x08e6,0x08e6,0x08c6,0x08c5,0x08c5,0x08a5,0x08a5,0x08a5,
    0x0084,0x0084,0x08a5,0x10c5,0x08a5,0x10c5,0x10a4,0x10c5,0x10c5,0x10a4,0x10c5,0x08c5,0x10c5,0x18e6,0x10c5,0x08a4,
    0x18e5,0x10c5,0x08a5,0x10c5,0x1906,0x0863,0x0884,0x08a5,0x0884,0x0885,0x0085,0x0084,0x0084,0x0084,0x0063,0x08a5,
    0x08a5,0x08a5,0x08a5,0x08a5,0x08c6,0x1989,0x2167,0x08c6,0x0928,0x00c6,0x2188,0x2988,0x0021,0x0022,0x0064,0x0085,
    0x00a5,0x0084,0x0063,0x0083,0x0063,0x0063,0x0063,0x0884,0x0064,0x0064,0x0063,0x0063,0x0063,0x0063,0x0064,0x0064,
    0x0084,0x0063,0x0063,0x0064,0x0064,0x00a6,0x0085,0x0064,0x0084,0x0084,0x0085,0x08a5,0x0085,0x0085,0x00a6,0x0085,
    0x0022,0x0022,0x0022,0x0842,0x1063,0x1084,0x0863,0x0022,0x0021,0x0021,0x0842,0x0863,0x0021,0x0021,0x0821,0x0842,
    0x1062,0x1042,0x1042,0x20c4,0x3104,0x1883,0x1882,0x1882,0x28c3,0x28c2,0x3903,0x3903,0x5163,0x5984,0x8224,0x8a64,
    0xa2e5,0x9ac5,0x9285,0x8a64,0x79e4,0x7a04,0x71c4,0x9264,0xb2e5,0x9a85,0x8a44,0x9265,0x9aa5,0xd3c7,0xdbe7,0xdba6,
    0xcb67,0xbb06,0xb2c6,0x9a66,0x8a46,0x8a26,0x9245,0x8a05,0x8205,0x79c5,0x69a5,0x6185,0x7a05,0x5964,0x3903,0x3904,
    0x5165,0x5985,0x69a5,0x71a4,0x5964,0x1883,0x1063,0x20c4,0x3105,0x5165,0x4944,0x28e4,0x4944,0x3103,0x20a3,0x28c3,
    0x1883,0x0842,0x0842,0x0842,0x0842,0x18a4,0x2906,0x2105,0x18e5,0x20e5,0x3104,0x20c5,0x20e5,0x20e5,0x2105,0x18e5,
    0x18c5,0x10a4,0x1082,0x1062,0x1882,0x0022,0x0842,0x0042,0x0842,0x1063,0x1883,0x1883,0x0862,0x18a4,0x18c5,0x18c5,
    0x18c5,0x18a4,0x10c5,0x10c5,0x18c5,0x10c5,0x10c5,0x10c5,0x18e5,0x18c5,0x18c5,0x10c5,0x10a5,0x10a4,0x10a4,0x10a4,
    0x0883,0x18a3,0x1063,0x0863,0x0863,0x0863,0x0884,0x0884,0x0884,0x0883,0x0063,0x18c4,0x18a3,0x0842,0x0042,0x0021,
    0x0042,0x0063,0x0063,0x0063,0x0063,0x0042,0x0042,0x0042,0x0042,0x0022,0x0022,0x0022,0x0022,0x0022,0x0042,0x0042,
    0x0042,0x0042,0x0042,0x0042,0x0043,0x0042,0x0042,0x0042,0x0022,0x0022,0x0022,0x0042,0x0022,0x0022,0x0022,0x0042,
    0x0042,0x0042,0x0042,0x0022,0x0022,0x0022,0x0022,0x0042,0x0042,0x0043,0x0043,0x10a4,0x0863,0x0042,0x0042,0x0022,
    0x0022,0x0022,0x0042,0x0043,0x0022,0x0022,0x0022,0x0022,0x0863,0x0884,0x08a5,0x0063,0x0042,0x0022,0x0042,0x0043,
    0x08a4,0x0862,0x0863,0x0884,0x0864,0x0863,0x0884,0x0884,0x10a4,0x0884,0x0863,0x0063,0x0022,0x0042,0x0043,0x0043,
    0x0042,0x0043,0x0063,0x0063,0x10c4,0x0883,0x1906,0x08a4,0x0884,0x10e5,0x08a4,0x10a4,0x0863,0x0043,0x0884,0x0884,
    0x0884,0x0883,0x0863,0x10a4,0x0884,0x08a5,0x18e6,0x18e5,0x0884,0x10c5,0x10a4,0x0884,0x0883,0x10a4,0x0864,0x0063,
    0x0884,0x10a5,0x08a4,0x08a4,0x18e5,0x0864,0x10c5,0x1906,0x10c5,0x10a5,0x18e6,0x1906,0x10c6,0x2989,0x2127,0x10a5,
    0x10e6,0x1948,0x1928,0x1928,0x10c6,0x0863,0x0863,0x0022,0x0063,0x0884,0x0063,0x0063,0x08c5,0x08e6,0x08c6,0x00a5,
    0x08e6,0x00a5,0x00a5,0x08c5,0x08c6,0x08e6,0x08c6,0x08e6,0x08c6,0x1128,0x08c5,0x00a5,0x08c5,0x08a5,0x08c5,0x08a5,
    0x08a5,0x00a4,0x08a5,0x0863,0x08a4,0x10c5,0x18e5,0x10a4,0x10e6,0x1927,0x10e6,0x10e6,0x10e6,0x10c5,0x0883,0x10a4,
    0x10a4,0x08a4,0x0883,0x10c5,0x18e5,0x0884,0x0884,0x08a5,0x0085,0x0885,0x08a4,0x0084,0x08a5,0x08a5,0x0084,0x08a5,
    0x08a5,0x0885,0x0884,0x10c5,0x08c6,0x0907,0x08c6,0x0907,0x08e7,0x08e6,0x31a8,0x1083,0x0001,0x0022,0x0042,0x00a5,
    0x0084,0x0064,0x10c5,0x2967,0x0043,0x0063,0x0063,0x0063,0x0063,0x0063,0x0064,0x0063,0x0064,0x0063,0x0063,0x0063,
    0x0085,0x0085,0x00a5,0x0064,0x0064,0x0084,0x0085,0x0085,0x0084,0x0063,0x0085,0x08a6,0x08c6,0x00a6,0x00a5,0x00a5,
    0x0021,0x0021,0x0022,0x0021,0x0022,0x0042,0x0021,0x0021,0x0021,0x0021,0x0842,0x18c5,0x1084,0x0821,0x0021,0x0821,
    0x1042,0x1862,0x0842,0x1062,0x20a3,0x1883,0x1882,0x20a3,0x28c3,0x3903,0x4923,0x5143,0x4103,0x5143,0x5963,0x5963,
    0x8224,0x8224,0x69a3,0x8204,0x69c4,0x69a4,0x69c4,0x5143,0x71a3,0x8a04,0x9224,0x9a65,0x8a25,0x71c4,0x79e4,0x9a85,
    0x8a45,0x9a85,0xc305,0xbb06,0xbae6,0xb2c6,0xaa85,0xa265,0x9a45,0x8a05,0x79e5,0x6184,0x5965,0x6185,0x5165,0x4945,
    0x4924,0x5144,0x5144,0x5144,0x4104,0x4125,0x28c3,0x1883,0x20a3,0x30e3,0x20a3,0x1883,0x1883,0x1883,0x20c3,0x28c3,
    0x1063,0x1063,0x1062,0x0842,0x0842,0x1883,0x1883,0x18a4,0x3104,0x3904,0x20a3,0x1083,0x18c4,0x20e6,0x2106,0x2106,
    0x2106,0x18c5,0x20c3,0x1062,0x0021,0x0022,0x1062,0x1062,0x0842,0x0021,0x0842,0x0022,0x0021,0x0842,0x18c4,0x20c5,
    0x18c4,0x18a5,0x18c5,0x18c5,0x18c5,0x18e5,0x20e5,0x18e5,0x18e5,0x18c5,0x10c5,0x10a5,0x10a5,0x0884,0x10a4,0x10a4,
    0x0884,0x0863,0x0042,0x0863,0x1084,0x0884,0x0884,0x0884,0x0884,0x0884,0x0884,0x0884,0x1083,0x1062,0x0863,0x0042,
    0x0863,0x0863,0x0863,0x0863,0x0863,0x0863,0x0063,0x0042,0x0042,0x0042,0x0042,0x0022,0x0022,0x0022,0x0022,0x0022,
    0x0022,0x0022,0x0042,0x0043,0x0063,0x0863,0x0043,0x0863,0x0042,0x0022,0x0022,0x0022,0x0022,0x0022,0x0042,0x0042,
    0x0022,0x0022,0x0022,0x0042,0x0883,0x0001,0x0021,0x0021,0x0022,0x0042,0x0042,0x0022,0x0022,0x0022,0x0022,0x0042,
    0x0863,0x0022,0x0022,0x0022,0x0042,0x0042,0x0022,0x0022,0x0022,0x0022,0x0863,0x0043,0x0022,0x0022,0x0022,0x0022,
    0x0063,0x0063,0x0063,0x0863,0x0063,0x0043,0x0884,0x0884,0x10a4,0x0884,0x0863,0x0863,0x0063,0x0063,0x0063,0x0043,
    0x0042,0x0863,0x10c4,0x0022,0x0863,0x0042,0x1906,0x0863,0x0883,0x10a4,0x0063,0x0863,0x0863,0x0884,0x0863,0x0863,
    0x08a4,0x0884,0x08a4,0x08a5,0x08a5,0x08a5,0x08a4,0x08a4,0x08a4,0x08a4,0x0884,0x0863,0x0863,0x0863,0x0884,0x08a5,
    0x0884,0x10a4,0x08a4,0x0884,0x08a4,0x08a4,0x1906,0x18e6,0x10a4,0x08a4,0x10e6,0x10e6,0x2147,0x2947,0x0884,0x0863,
    0x10e6,0x2127,0x2946,0x08a5,0x08a5,0x0884,0x0063,0x0042,0x0063,0x0884,0x0043,0x0063,0x0084,0x0084,0x08a5,0x10e6,
    0x08a4,0x08c6,0x08e6,0x08e7,0x1107,0x08c6,0x1107,0x1927,0x0084,0x08e6,0x1107,0x08a5,0x08c5,0x08c6,0x1106,0x1927,
    0x08a4,0x0884,0x1906,0x10c5,0x10c5,0x1927,0x18e6,0x0883,0x08c5,0x1947,0x2147,0x10c6,0x10e6,0x10e6,0x08a4,0x10c5,
    0x10c5,0x10c5,0x08a4,0x10e6,0x10a3,0x0021,0x0063,0x0084,0x1926,0x1906,0x0884,0x10e6,0x0884,0x0042,0x0063,0x0085,
    0x08a5,0x08a5,0x08a4,0x10c4,0x08a4,0x08c6,0x08c6,0x10e6,0x08c6,0x08e6,0x10e6,0x0842,0x0063,0x0063,0x0084,0x0084,
    0x0084,0x0084,0x08a5,0x0884,0x0063,0x0063,0x0063,0x0063,0x0084,0x0063,0x08a4,0x0884,0x0063,0x0063,0x0064,0x0064,
    0x0064,0x00a5,0x00a6,0x0084,0x0084,0x0064,0x0064,0x00a5,0x00a5,0x0085,0x00c6,0x00a6,0x00a6,0x00a5,0x0064,0x0043,
    0x0021,0x0021,0x0021,0x0021,0x0021,0x0021,0x0001,0x0021,0x0042,0x0022,0x0021,0x0863,0x20e6,0x10a4,0x0021,0x0841,
    0x0842,0x1062,0x1062,0x0821,0x20a3,0x28c3,0x1883,0x30c3,0x38e3,0x3903,0x5143,0x5963,0x5163,0x4103,0x30e3,0x4923,
    0x69a4,0x71c4,0x6183,0x61a4,0x71e4,0x6183,0x5963,0x4103,0x4102,0x5963,0x71a4,0x71c4,0x8204,0x71c4,0x69a4,0x5964,
    0x5144,0x5964,0x9244,0xc326,0xc326,0x71e5,0x5144,0x71a4,0x9205,0x9a45,0x81e5,0x79e5,0x8a25,0x79e6,0x69c6,0x69c6,
    0x69c6,0x69a5,0x5165,0x5166,0x4945,0x5166,0x4145,0x28c4,0x20c4,0x18a3,0x20a4,0x20c4,0x20a4,0x20a3,0x28c4,0x1883,
    0x1062,0x1062,0x1062,0x0842,0x1062,0x0842,0x0862,0x1083,0x20a3,0x20a3,0x0862,0x0842,0x0842,0x18c4,0x20e5,0x18c4,
    0x20c4,0x20c4,0x1063,0x0863,0x1063,0x0862,0x1062,0x1062,0x0842,0x0021,0x0021,0x0021,0x0842,0x0842,0x0862,0x20c5,
    0x18c4,0x18c4,0x18a4,0x18e5,0x20e5,0x2105,0x20e5,0x20e6,0x20e5,0x18e6,0x10c6,0x10a5,0x10a5,0x0884,0x0863,0x08a4,
    0x0884,0x0884,0x0884,0x0884,0x10a5,0x1084,0x0884,0x0884,0x0884,0x0884,0x0864,0x0884,0x0884,0x0863,0x0883,0x0863,
    0x0863,0x0863,0x0863,0x0863,0x1083,0x0863,0x0043,0x0043,0x0042,0x0042,0x0042,0x0022,0x0022,0x0022,0x0022,0x0021,
    0x0022,0x0883,0x1968,0x0863,0x0042,0x0063,0x0863,0x08a4,0x0022,0x0042,0x0043,0x0042,0x0042,0x0042,0x0022,0x0042,
    0x0042,0x0022,0x0042,0x0022,0x0042,0x0021,0x0021,0x0001,0x0001,0x0042,0x0022,0x0042,0x0022,0x0021,0x0001,0x0022,
    0x0043,0x0022,0x0022,0x0022,0x0042,0x0042,0x0022,0x0022,0x0022,0x0021,0x0022,0x0042,0x0022,0x0022,0x0022,0x0022,
    0x0042,0x0043,0x0063,0x0042,0x0042,0x0042,0x0063,0x0863,0x0063,0x0863,0x0863,0x0863,0x0863,0x0863,0x0863,0x0863,
    0x0043,0x0863,0x0042,0x0001,0x0022,0x0042,0x0022,0x0063,0x0883,0x0863,0x0883,0x10a4,0x0863,0x0063,0x0863,0x0883,
    0x0884,0x0884,0x10c5,0x10c5,0x08a5,0x2968,0x2968,0x08a4,0x08a4,0x0884,0x0863,0x0063,0x0063,0x0042,0x0884,0x08a4,
    0x0043,0x10a5,0x10c5,0x0043,0x0863,0x18e6,0x10c5,0x0063,0x0043,0x0884,0x10c5,0x1927,0x2967,0x10a5,0x08a5,0x10c5,
    0x1927,0x18e6,0x10c4,0x0884,0x0883,0x0884,0x0884,0x0063,0x0884,0x0884,0x0084,0x0063,0x0063,0x0063,0x0063,0x08a4,
    0x0042,0x0063,0x08a5,0x1107,0x1926,0x0022,0x10c5,0x1106,0x0042,0x0042,0x08e7,0x10e5,0x10c5,0x10e6,0x10a4,0x10c5,
    0x0063,0x0884,0x1926,0x1926,0x1906,0x1927,0x1927,0x1907,0x3a0a,0x528d,0x2147,0x10c4,0x10c5,0x10c6,0x1927,0x1927,
    0x10e6,0x10e6,0x08c5,0x08a5,0x0042,0x0064,0x08c5,0x08a5,0x10c5,0x08a5,0x08c6,0x1907,0x0884,0x0042,0x0043,0x08a5,
    0x0884,0x0084,0x08c5,0x0084,0x08a5,0x10e6,0x1107,0x08e6,0x08e6,0x08e7,0x08e6,0x0084,0x00a4,0x0084,0x0084,0x0083,
    0x0064,0x0884,0x0064,0x0064,0x0063,0x0063,0x0063,0x0084,0x0064,0x08e7,0x08c6,0x0085,0x0063,0x0063,0x0064,0x0084,
    0x0064,0x0085,0x00c6,0x00a6,0x0085,0x0064,0x00a5,0x08c7,0x08c6,0x00c7,0x08c7,0x00a5,0x0064,0x0063,0x0063,0x0063,
    0x0021,0x0021,0x0021,0x0021,0x0021,0x0021,0x0021,0x0022,0x0022,0x0022,0x0022,0x0842,0x1083,0x1083,0x0021,0x0021,
    0x0821,0x0842,0x1862,0x1062,0x1882,0x4124,0x30e4,0x4103,0x38e3,0x3903,0x5983,0x5963,0x5963,0x5963,0x4103,0x4943,
    0x5984,0x6183,0x69a3,0x5123,0x4923,0x3903,0x4103,0x30e2,0x4103,0x71c4,0x79e4,0x6184,0x5143,0x5964,0x6984,0x71c4,
    0x6184,0x4123,0x4103,0x6164,0x5144,0x38e4,0x28c3,0x20a3,0x6185,0x8a05,0x8a25,0x8a25,0x71c5,0x4924,0x5965,0x69c6,
    0x61a6,0x5965,0x4145,0x4946,0x4145,0x3105,0x3105,0x3104,0x28e4,0x28e4,0x20c4,0x28e5,0x28e5,0x20a4,0x28c4,0x20c4,
    0x1883,0x1062,0x1062,0x1062,0x0842,0x0842,0x0842,0x0842,0x0842,0x1062,0x1062,0x1062,0x1063,0x1083,0x0862,0x0862,
    0x18a4,0x10a4,0x1083,0x1084,0x18a3,0x1883,0x0862,0x1083,0x1063,0x0022,0x0021,0x0021,0x0842,0x0842,0x1883,0x18c5,
    0x18c4,0x10a4,0x18c5,0x20e5,0x18c5,0x18c5,0x18c5,0x20e6,0x2906,0x18e6,0x1907,0x18e6,0x10a5,0x10c5,0x10a5,0x08a4,
    0x0884,0x0884,0x0884,0x10a5,0x10c6,0x10c5,0x10c5,0x10c5,0x10a5,0x0864,0x0864,0x0864,0x0884,0x0864,0x0864,0x0864,
    0x0863,0x0883,0x0863,0x0863,0x0883,0x0042,0x0043,0x0043,0x0042,0x0042,0x0042,0x0022,0x0022,0x0022,0x0022,0x0042,
    0x10c4,0x0883,0x0863,0x0022,0x0042,0x0022,0x0042,0x0043,0x0042,0x0863,0x0863,0x0042,0x0042,0x0042,0x0022,0x0863,
    0x0863,0x0022,0x0042,0x0042,0x0022,0x1926,0x0863,0x0001,0x0021,0x0022,0x0022,0x0042,0x0021,0x0001,0x0021,0x0022,
    0x0022,0x0022,0x0042,0x0042,0x0042,0x0042,0x0042,0x0022,0x0021,0x0021,0x0021,0x0022,0x0022,0x0022,0x0021,0x0021,
    0x0022,0x0042,0x0042,0x0042,0x0022,0x0042,0x0063,0x0063,0x0063,0x0863,0x0863,0x0063,0x0063,0x0063,0x0863,0x0063,
    0x0043,0x0043,0x0042,0x0042,0x0043,0x0063,0x0063,0x0063,0x0884,0x0863,0x0863,0x0863,0x0063,0x0063,0x0043,0x0043,
    0x0864,0x0884,0x08a4,0x0884,0x2147,0x2126,0x10a4,0x0863,0x0863,0x0884,0x0884,0x0884,0x0884,0x0864,0x0863,0x0063,
    0x0043,0x0063,0x0063,0x0864,0x0884,0x10a5,0x0884,0x08a5,0x0884,0x0884,0x10e6,0x10e6,0x10c5,0x18c5,0x18e5,0x1907,
    0x1906,0x10c5,0x10c6,0x10c5,0x0063,0x0064,0x0064,0x0084,0x08a4,0x0884,0x0884,0x0884,0x0063,0x0884,0x0064,0x0064,
    0x0043,0x0043,0x0084,0x08c5,0x0884,0x0043,0x08c6,0x08c5,0x08a5,0x08e6,0x1127,0x1106,0x1107,0x1948,0x1107,0x1128,
    0x1927,0x1107,0x10e6,0x10e6,0x08a4,0x08a5,0x08c6,0x31a9,0x420b,0x4a2b,0x10a4,0x0021,0x0042,0x0021,0x10e6,0x1948,
    0x10e5,0x10e6,0x1106,0x08c6,0x08c5,0x08a5,0x0884,0x0063,0x0064,0x08a5,0x2127,0x0884,0x0084,0x0084,0x00a5,0x10c5,
    0x0884,0x0084,0x00a5,0x00a5,0x08a5,0x08e6,0x0907,0x0907,0x08e7,0x1107,0x08e6,0x00a5,0x00a5,0x00a5,0x0084,0x0064,
    0x0084,0x0084,0x0064,0x0063,0x0063,0x0063,0x0063,0x0084,0x1127,0x1128,0x00c6,0x0085,0x0063,0x0063,0x0064,0x0064,
    0x0064,0x08c6,0x08c7,0x0908,0x00c6,0x0085,0x00a5,0x0084,0x0084,0x08c7,0x0064,0x0043,0x0064,0x0084,0x0064,0x0043,
    0x0021,0x0021,0x0021,0x0021,0x0001,0x0021,0x0021,0x0021,0x0021,0x0021,0x0822,0x0842,0x0842,0x0842,0x0842,0x0821,
    0x0021,0x0842,0x1042,0x20a3,0x1883,0x30e3,0x3904,0x30e3,0x3903,0x28c3,0x4103,0x5963,0x71c4,0x6184,0x6184,0x4123,
    0x38e3,0x4923,0x6983,0x71e4,0x5963,0x4923,0x38e3,0x30e3,0x38e3,0x4923,0x6183,0x6983,0x6164,0x5144,0x4924,0x5964,
    0x6164,0x6984,0x4923,0x4103,0x4123,0x38e3,0x30c3,0x20a3,0x4124,0x61a5,0x8a45,0x4924,0x2083,0x1883,0x20a4,0x59a6,
    0x69c6,0x5985,0x5166,0x4125,0x3905,0x30e4,0x20c4,0x28e5,0x3105,0x3105,0x3105,0x4145,0x4966,0x20c4,0x1063,0x20c4,
    0x20a4,0x1063,0x1062,0x1062,0x0842,0x1042,0x0842,0x0842,0x1042,0x1062,0x0842,0x1062,0x1863,0x1062,0x1063,0x1883,
    0x18a4,0x18c4,0x20c4,0x20c4,0x28e4,0x18a4,0x0842,0x0842,0x0842,0x0022,0x0021,0x0021,0x0842,0x0842,0x1083,0x28e5,
    0x20e5,0x20e5,0x20c5,0x18c5,0x20e5,0x18e5,0x18c5,0x18e5,0x18e5,0x10c5,0x1906,0x18e6,0x10c6,0x10c5,0x10c5,0x10c5,
    0x10a5,0x08a4,0x10a5,0x10e6,0x10e6,0x18e6,0x18e6,0x10c5,0x10a5,0x08a4,0x0884,0x0884,0x0884,0x0884,0x0884,0x0884,
    0x0863,0x0884,0x0863,0x0863,0x0863,0x0863,0x0043,0x0843,0x0043,0x0863,0x0863,0x0022,0x0042,0x0042,0x0022,0x1082,
    0x18a2,0x0000,0x0000,0x0021,0x0042,0x0022,0x0042,0x0042,0x0042,0x0042,0x0022,0x0042,0x0042,0x0042,0x0042,0x0022,
    0x0863,0x0042,0x0021,0x2105,0x0863,0x0842,0x0021,0x0021,0x0022,0x0022,0x0021,0x0021,0x0021,0x0022,0x0042,0x0022,
    0x0022,0x0042,0x0042,0x0042,0x0042,0x0042,0x0042,0x0042,0x0022,0x0022,0x0022,0x0021,0x0022,0x0021,0x0021,0x0021,
    0x0022,0x0042,0x0021,0x0022,0x0042,0x0043,0x0043,0x0043,0x0043,0x0042,0x0043,0x0043,0x0063,0x0063,0x0063,0x0063,
    0x0063,0x0043,0x0043,0x0043,0x0043,0x0043,0x0063,0x0063,0x0063,0x0063,0x0043,0x0043,0x0063,0x0063,0x0043,0x0063,
    0x0043,0x0863,0x0884,0x0884,0x0863,0x0863,0x0883,0x0022,0x0863,0x08a4,0x0884,0x0884,0x0884,0x0884,0x0863,0x0884,
    0x0884,0x0884,0x08a4,0x0884,0x0884,0x0884,0x08a4,0x10a5,0x18e5,0x10a5,0x10c5,0x10a4,0x10e6,0x18e5,0x18e5,0x10e6,
    0x10e6,0x10c6,0x08a5,0x0884,0x0884,0x0884,0x0884,0x10a5,0x08a5,0x08a5,0x0884,0x0884,0x0884,0x0084,0x0063,0x0883,
    0x0884,0x0884,0x0084,0x08a5,0x00a4,0x08a4,0x08c5,0x1106,0x08e7,0x1149,0x29ca,0x1947,0x2169,0x29ca,0x218a,0x1969,
    0x1927,0x10e6,0x0863,0x0084,0x08a5,0x08a5,0x1927,0x3189,0x0864,0x2106,0x0022,0x0042,0x08a5,0x0042,0x08c5,0x1107,
    0x1107,0x10e6,0x08e6,0x08e7,0x10e7,0x08c6,0x0084,0x0863,0x0063,0x08a5,0x08a5,0x0084,0x0084,0x0084,0x08a5,0x0084,
    0x00a5,0x08a5,0x0084,0x08a5,0x08a5,0x08a5,0x08c6,0x0907,0x0908,0x1128,0x08e6,0x00a6,0x08a5,0x0085,0x0084,0x0084,
    0x0064,0x0064,0x0064,0x0084,0x08c6,0x0064,0x0064,0x08c6,0x2189,0x08a5,0x08c6,0x00a5,0x0063,0x0084,0x0084,0x00a5,
    0x00a5,0x08c6,0x00a5,0x08e7,0x08e8,0x0064,0x0022,0x0022,0x0063,0x0043,0x0022,0x0084,0x0085,0x0063,0x0043,0x0043,
    0x0021,0x0021,0x0021,0x0021,0x0021,0x0021,0x0021,0x0021,0x0021,0x0021,0x0021,0x0842,0x0842,0x0842,0x0842,0x0842,
    0x0821,0x1042,0x1042,0x1062,0x28a3,0x30c3,0x2082,0x20a3,0x3904,0x3904,0x28c3,0x38c3,0x5964,0x38e3,0x5164,0x5984,
    0x30c3,0x38e3,0x4923,0x6184,0x5964,0x5984,0x4103,0x30e3,0x38e3,0x28a3,0x28a2,0x4903,0x5123,0x6984,0x6164,0x5964,
    0x4124,0x4944,0x6184,0x5144,0x5964,0x3903,0x30c3,0x30c3,0x20a3,0x28c4,0x28a4,0x20a4,0x28e5,0x20a4,0x4146,0x51a6,
    0x3904,0x3904,0x4945,0x4145,0x5166,0x4125,0x3926,0x4146,0x4966,0x28c4,0x28e4,0x4945,0x4987,0x3126,0x1042,0x0842,
    0x20a4,0x20a4,0x0862,0x1063,0x1883,0x1863,0x1062,0x1062,0x1062,0x1042,0x1042,0x1062,0x1062,0x0842,0x1063,0x20a4,
    0x18a4,0x1084,0x20c4,0x18c4,0x10a5,0x0862,0x0842,0x0842,0x0842,0x0021,0x0001,0x0001,0x0021,0x0842,0x0842,0x0842,
    0x0842,0x1083,0x18a3,0x1063,0x1062,0x1083,0x18c5,0x20e5,0x18a4,0x10a4,0x0884,0x0884,0x10c5,0x10c5,0x10e6,0x10e6,
    0x10c6,0x10c5,0x10e6,0x10e6,0x10e6,0x10e6,0x10c5,0x10c5,0x10a5,0x10c5,0x10a5,0x08a4,0x0884,0x0884,0x0884,0x0884,
    0x0863,0x0863,0x0863,0x0063,0x0863,0x0863,0x0043,0x0843,0x0043,0x0863,0x0863,0x0843,0x0043,0x0042,0x0022,0x1062,
    0x20c2,0x0842,0x0021,0x0021,0x0042,0x0022,0x0042,0x0043,0x0042,0x0042,0x0042,0x0863,0x0043,0x0042,0x0022,0x0022,
    0x0022,0x0022,0x0022,0x0022,0x0022,0x0842,0x0842,0x0822,0x0022,0x0022,0x0022,0x0021,0x0021,0x0022,0x0022,0x0022,
    0x0022,0x0042,0x0022,0x0001,0x0001,0x0001,0x0042,0x0042,0x0022,0x0001,0x0022,0x0022,0x0022,0x0021,0x0021,0x0022,
    0x0022,0x0022,0x0022,0x0022,0x0042,0x0042,0x0042,0x0042,0x0043,0x0042,0x0042,0x0042,0x0043,0x0863,0x0863,0x0043,
    0x0043,0x0063,0x0043,0x0863,0x0863,0x0043,0x0043,0x0043,0x0043,0x0863,0x10c5,0x2188,0x08a4,0x0063,0x0863,0x0063,
    0x0863,0x0863,0x0043,0x0063,0x0043,0x0884,0x0863,0x0042,0x0063,0x0884,0x0884,0x0884,0x0863,0x0863,0x10a4,0x0884,
    0x0863,0x0863,0x0884,0x0884,0x18e5,0x10c5,0x0884,0x08a5,0x10c5,0x0863,0x0863,0x08a4,0x10c5,0x10c6,0x2169,0x2168,
    0x10e6,0x1107,0x1927,0x2147,0x0884,0x08a4,0x10c5,0x10e6,0x10c5,0x10a5,0x10a5,0x10c5,0x08a4,0x0884,0x10a4,0x1084,
    0x0884,0x0063,0x0043,0x0884,0x08a5,0x08a4,0x10e5,0x1905,0x0884,0x1148,0x29ea,0x2167,0x1927,0x218a,0x31ca,0x10c5,
    0x10e6,0x1127,0x08c5,0x08e6,0x1107,0x08c5,0x2968,0x3147,0x0843,0x1084,0x0043,0x10c5,0x10c6,0x08a5,0x08c6,0x08e6,
    0x00a5,0x0085,0x2168,0x1906,0x00c6,0x08c6,0x08a5,0x0084,0x0063,0x0084,0x0085,0x0084,0x0064,0x0063,0x0084,0x00a5,
    0x08a5,0x00a5,0x0084,0x0084,0x0084,0x0084,0x08e6,0x0907,0x1149,0x1149,0x00c6,0x00a5,0x08a5,0x00a5,0x0084,0x0084,
    0x0063,0x0063,0x0063,0x08a5,0x08c6,0x0064,0x0063,0x0084,0x0885,0x0084,0x0084,0x0084,0x0084,0x0084,0x00a6,0x08c7,
    0x00a5,0x08c7,0x00c6,0x08e7,0x1108,0x0863,0x0043,0x0043,0x0042,0x0022,0x0022,0x0022,0x0043,0x0063,0x0084,0x0084,
    0x0021,0x0021,0x0021,0x0021,0x0021,0x0021,0x0021,0x0021,0x0021,0x0021,0x0821,0x0842,0x0862,0x0862,0x0842,0x0842,
    0x0021,0x1042,0x1883,0x1062,0x28c4,0x4945,0x28c3,0x1883,0x20a3,0x30e4,0x20a3,0x1862,0x28a3,0x30c3,0x30e3,0x5164,
    0x3903,0x30e3,0x30c3,0x30c3,0x28c3,0x4103,0x4103,0x30c3,0x28a3,0x20a2,0x38e2,0x5963,0x30e3,0x5143,0x71c4,0x6164,
    0x4944,0x5144,0x5964,0x4124,0x3904,0x4104,0x3904,0x30e3,0x20a3,0x2083,0x28c4,0x28c4,0x28e5,0x30e5,0x28c5,0x28c4,
    0x20a3,0x1063,0x1063,0x1063,0x3105,0x59a6,0x4966,0x4987,0x4986,0x4966,0x4966,0x4967,0x4987,0x49a8,0x3105,0x20e4,
    0x3126,0x18a4,0x1063,0x18a3,0x1083,0x1063,0x1063,0x1883,0x20a3,0x1862,0x1062,0x1883,0x1063,0x1062,0x0842,0x1063,
    0x1083,0x1084,0x1063,0x1083,0x0863,0x0021,0x0021,0x0842,0x0842,0x0021,0x0021,0x0001,0x0021,0x0021,0x0862,0x0842,
    0x0021,0x0022,0x0842,0x0842,0x0022,0x0021,0x0842,0x18c5,0x20e5,0x10c5,0x10a4,0x1084,0x10a4,0x10a5,0x10c6,0x10c6,
    0x10e6,0x10e6,0x10e7,0x10e7,0x10e6,0x10e6,0x10c5,0x10e6,0x10c5,0x10a5,0x08a5,0x08a5,0x08a4,0x0884,0x0885,0x0884,
    0x0884,0x0863,0x0043,0x0863,0x0863,0x0863,0x0863,0x0043,0x0043,0x0042,0x0043,0x0863,0x0863,0x0043,0x0042,0x0042,
    0x0042,0x1883,0x0842,0x0022,0x0022,0x0022,0x0042,0x0043,0x0042,0x0042,0x0022,0x0042,0x0022,0x0042,0x10a4,0x0863,
    0x0042,0x0022,0x0042,0x0042,0x0042,0x0842,0x0022,0x0022,0x0022,0x0021,0x0022,0x0021,0x0022,0x0022,0x0042,0x0022,
    0x0001,0x0000,0x08a3,0x29e9,0x1946,0x428c,0x29c9,0x0042,0x10e5,0x10c5,0x0022,0x0022,0x0021,0x0021,0x0022,0x0021,
    0x0022,0x0022,0x0022,0x0022,0x0022,0x0022,0x0042,0x0042,0x0042,0x0042,0x0042,0x0042,0x0043,0x0863,0x0063,0x0042,
    0x0022,0x0042,0x0043,0x0063,0x0063,0x0063,0x0063,0x0043,0x0043,0x1927,0x42ae,0x10e6,0x0042,0x0842,0x0043,0x0063,
    0x0884,0x0863,0x0043,0x0043,0x0043,0x0043,0x0043,0x0043,0x0043,0x0863,0x0884,0x0884,0x10a4,0x0884,0x08a5,0x0884,
    0x0063,0x0863,0x0884,0x0884,0x10c5,0x0863,0x0884,0x10c5,0x10a5,0x08a4,0x08a4,0x10a5,0x10c5,0x10c5,0x10a5,0x320b,
    0x3a4c,0x29a9,0x322b,0x10a3,0x0000,0x0863,0x18e6,0x1907,0x1906,0x2968,0x1906,0x10c5,0x08a5,0x08a4,0x1083,0x0862,
    0x0842,0x0863,0x10c5,0x0884,0x10c5,0x10a4,0x10c5,0x10e6,0x08c6,0x1128,0x2168,0x10c4,0x0884,0x2169,0x2968,0x0022,
    0x08a4,0x1107,0x1928,0x1106,0x08e6,0x08e6,0x08c6,0x0884,0x10a4,0x0042,0x0884,0x0884,0x0063,0x0085,0x00a5,0x0085,
    0x10e6,0x2106,0x2106,0x0842,0x0084,0x08c6,0x08a5,0x0085,0x0084,0x08a4,0x0064,0x0084,0x0064,0x0884,0x0064,0x0084,
    0x0084,0x0084,0x00a5,0x0084,0x0064,0x0063,0x08c5,0x08e7,0x0928,0x0907,0x00a5,0x00a5,0x08c5,0x08c5,0x00a5,0x08a4,
    0x0884,0x0863,0x0063,0x0084,0x00a5,0x0084,0x0884,0x0884,0x0064,0x0084,0x0064,0x0043,0x0043,0x0064,0x00c6,0x08c6,
    0x08e7,0x0929,0x0929,0x08c7,0x0063,0x0063,0x0043,0x0042,0x0022,0x0022,0x0022,0x0084,0x0063,0x0084,0x00a5,0x0064,
    0x0021,0x0021,0x0021,0x0021,0x0022,0x0022,0x0021,0x0001,0x0021,0x0821,0x1041,0x0842,0x1083,0x1084,0x1063,0x0842,
    0x0021,0x0862,0x20a4,0x1883,0x20a4,0x20c4,0x20a3,0x2083,0x20a3,0x20a3,0x20a3,0x1883,0x2083,0x20a3,0x30e4,0x4945,
    0x4124,0x38e4,0x38e3,0x30e3,0x30e3,0x30e3,0x28c3,0x20a3,0x1882,0x1862,0x1062,0x28a2,0x1882,0x1042,0x30e2,0x5983,
    0x30e3,0x28c3,0x5144,0x5144,0x30e4,0x30e3,0x38e4,0x30c3,0x38e4,0x30c3,0x20a3,0x38e4,0x4125,0x30e5,0x20a4,0x28c4,
    0x28c4,0x1883,0x20a4,0x20a4,0x1083,0x30e4,0x5186,0x4986,0x59a7,0x59a7,0x61e7,0x6a08,0x4987,0x4987,0x28e5,0x18a4,
    0x3126,0x1883,0x1883,0x1063,0x1083,0x1883,0x18a3,0x18a3,0x1883,0x18a3,0x1883,0x1062,0x0842,0x1062,0x0842,0x0842,
    0x0842,0x0842,0x0863,0x0842,0x0042,0x0022,0x0842,0x1062,0x1862,0x0821,0x0021,0x0021,0x0021,0x0021,0x0021,0x0021,
    0x0822,0x0022,0x0021,0x0022,0x0021,0x0042,0x0042,0x0863,0x18e5,0x18e6,0x10c5,0x18c5,0x10a4,0x0884,0x10a5,0x10c5,
    0x10e6,0x1107,0x1928,0x2127,0x18e6,0x18e6,0x10c5,0x10e6,0x10e6,0x10c6,0x10c5,0x10a5,0x08a5,0x08a5,0x08a5,0x0884,
    0x0884,0x0864,0x0863,0x0863,0x0863,0x0843,0x0863,0x0863,0x0863,0x0063,0x0863,0x0884,0x0884,0x0884,0x0843,0x0042,
    0x0042,0x0042,0x0042,0x0042,0x0042,0x0042,0x0042,0x0022,0x0063,0x0043,0x0042,0x0022,0x08a4,0x31e9,0x428c,0x1927,
    0x0042,0x0042,0x0042,0x0042,0x0022,0x0022,0x0042,0x0022,0x0022,0x0022,0x0022,0x0022,0x0022,0x0022,0x0042,0x0001,
    0x10e5,0x29c9,0x320a,0x1947,0x2168,0x3aad,0x29ca,0x2168,0x2988,0x2126,0x0021,0x0001,0x0842,0x0022,0x0021,0x0022,
    0x0022,0x0022,0x0022,0x0022,0x0042,0x0022,0x0022,0x0042,0x0042,0x0042,0x0022,0x0022,0x0042,0x0043,0x0043,0x0042,
    0x0042,0x0042,0x0042,0x0043,0x0063,0x0063,0x0043,0x0043,0x0043,0x1926,0x1905,0x0042,0x0022,0x0021,0x0043,0x0864,
    0x0043,0x0063,0x0063,0x0063,0x0043,0x0043,0x0043,0x0042,0x0063,0x0063,0x0043,0x0884,0x10a5,0x0884,0x0884,0x0884,
    0x0884,0x0863,0x0063,0x10a4,0x0863,0x0063,0x08a4,0x10c4,0x10a4,0x10a5,0x10c5,0x10c5,0x10c5,0x1906,0x3a8d,0x5351,
    0x3a6d,0x10e5,0x0862,0x0000,0x0021,0x0001,0x0883,0x10c5,0x0884,0x1927,0x10c5,0x08a4,0x08a4,0x0884,0x0884,0x08a4,
    0x0863,0x0884,0x08a4,0x0884,0x08c5,0x08c5,0x08e6,0x1107,0x1106,0x1107,0x1907,0x1906,0x1927,0x1107,0x10e6,0x08a5,
    0x08c6,0x10e7,0x1107,0x1107,0x1107,0x08e6,0x0907,0x0907,0x08c5,0x0084,0x0084,0x0084,0x0084,0x0084,0x00a5,0x00a5,
    0x2967,0x0883,0x0022,0x0043,0x0084,0x08a5,0x08c5,0x08c6,0x08a5,0x0063,0x0064,0x0084,0x0064,0x0084,0x0064,0x0084,
    0x0064,0x0084,0x0064,0x0084,0x0084,0x0084,0x0084,0x00a5,0x08c6,0x00c6,0x0929,0x08e6,0x08c5,0x0084,0x08a4,0x08a4,
    0x0063,0x0884,0x0064,0x0084,0x00a5,0x08c5,0x00a5,0x0064,0x00a5,0x0084,0x0064,0x0043,0x0043,0x0064,0x00a5,0x08c6,
    0x08e7,0x0929,0x116a,0x08c6,0x0022,0x0042,0x0042,0x0043,0x0043,0x0043,0x0042,0x0064,0x0084,0x0084,0x0064,0x0042,
    0x0022,0x0022,0x0021,0x0022,0x0842,0x0022,0x0021,0x0021,0x0021,0x0021,0x0001,0x0842,0x10a4,0x18a4,0x20a4,0x1883,
    0x0022,0x1083,0x20c4,0x20a4,0x1883,0x1063,0x1883,0x1883,0x2083,0x20a3,0x20a3,0x20c4,0x1862,0x1062,0x28c3,0x3904,
    0x4124,0x3904,0x4124,0x4944,0x3903,0x3903,0x3903,0x30c3,0x20a3,0x1882,0x1062,0x1062,0x1062,0x1062,0x1862,0x4103,
    0x4123,0x1882,0x1882,0x5124,0x38e3,0x28c3,0x28a3,0x4104,0x6184,0x4924,0x20a3,0x3904,0x4924,0x20a3,0x1883,0x1863,
    0x1883,0x1063,0x1883,0x28c4,0x20a4,0x0842,0x59a6,0x69e7,0x61c7,0x59a6,0x61c7,0x61e7,0x4967,0x3926,0x18a4,0x18a4,
    0x20c4,0x20a4,0x1883,0x0863,0x1063,0x20a4,0x3105,0x3905,0x18a4,0x1883,0x1063,0x0842,0x1062,0x1062,0x1062,0x0842,
    0x0842,0x1042,0x1062,0x0842,0x0842,0x0842,0x1083,0x0842,0x0842,0x0021,0x0021,0x0021,0x0021,0x0021,0x0021,0x0001,
    0x0021,0x0022,0x0021,0x0021,0x0001,0x0021,0x0042,0x1083,0x18e6,0x18e6,0x18e5,0x10c5,0x10c5,0x0884,0x0843,0x0883,
    0x10e6,0x2147,0x3966,0x20e4,0x0863,0x0863,0x10c5,0x18e6,0x18e6,0x10c6,0x18c5,0x18e6,0x10c5,0x10c5,0x10c6,0x0884,
    0x0864,0x0884,0x0884,0x0063,0x0043,0x0043,0x0863,0x0863,0x0863,0x0863,0x0884,0x0884,0x0884,0x0884,0x0883,0x0863,
    0x0042,0x0042,0x0042,0x0042,0x0042,0x0042,0x0042,0x0042,0x0042,0x0042,0x0042,0x0022,0x18e5,0x10c5,0x08a4,0x0042,
    0x0022,0x0042,0x0042,0x0042,0x0042,0x0022,0x0042,0x0042,0x0022,0x0022,0x0022,0x0022,0x0022,0x0022,0x0021,0x0842,
    0x2125,0x2188,0x2189,0x2168,0x322b,0x3a6c,0x21a9,0x1906,0x08a4,0x0000,0x0041,0x10c5,0x2948,0x10a4,0x0001,0x0022,
    0x0022,0x0022,0x0022,0x0042,0x0022,0x0022,0x0022,0x0022,0x0022,0x0022,0x0042,0x0022,0x0042,0x0043,0x0042,0x0042,
    0x0042,0x0042,0x0042,0x0042,0x0043,0x0043,0x0043,0x0043,0x0042,0x0863,0x1083,0x0042,0x0042,0x0043,0x0043,0x0063,
    0x0063,0x0063,0x0063,0x0063,0x0063,0x0043,0x0043,0x0042,0x0043,0x0043,0x0884,0x0043,0x0043,0x0043,0x0063,0x0063,
    0x0063,0x10a5,0x10c5,0x0863,0x0863,0x0884,0x0884,0x0884,0x08a4,0x08a5,0x10c5,0x10c5,0x10e6,0x2168,0x31ea,0x21a9,
    0x08a3,0x0000,0x0042,0x0001,0x0022,0x0021,0x0001,0x0042,0x0022,0x0863,0x10e6,0x10e5,0x08a4,0x08a4,0x08c5,0x08a5,
    0x0884,0x08a4,0x10a4,0x0884,0x08a4,0x08a4,0x0084,0x08a5,0x08c5,0x08e6,0x10e6,0x1107,0x1107,0x08c5,0x10e6,0x10e6,
    0x08c5,0x1107,0x08e6,0x2148,0x10c5,0x08c5,0x1107,0x08e7,0x08c6,0x08c5,0x08a5,0x0084,0x0084,0x0063,0x0084,0x08a5,
    0x0863,0x0043,0x0063,0x0063,0x0063,0x0084,0x08a5,0x0064,0x0884,0x2147,0x18e6,0x0043,0x0064,0x0084,0x0064,0x0064,
    0x0063,0x0064,0x0064,0x0063,0x0884,0x0085,0x0085,0x0085,0x08c6,0x1128,0x1149,0x00a5,0x08e6,0x08c6,0x00a5,0x08e6,
    0x0063,0x0084,0x0084,0x00a5,0x08c6,0x08c6,0x08e6,0x1948,0x00a5,0x0043,0x0064,0x0085,0x0043,0x0063,0x00c6,0x08c7,
    0x00a6,0x0908,0x0929,0x00a6,0x0042,0x0063,0x0043,0x0064,0x0064,0x0043,0x0042,0x0043,0x0064,0x0063,0x0043,0x0042,
    0x0022,0x0022,0x0022,0x0022,0x0842,0x0022,0x0021,0x0021,0x0001,0x0001,0x0021,0x1083,0x1084,0x18a4,0x20e5,0x18a4,
    0x0842,0x1083,0x18a4,0x20a4,0x1862,0x0842,0x1083,0x1883,0x1883,0x1883,0x1883,0x18a3,0x1883,0x1062,0x1883,0x20a3,
    0x20a3,0x3924,0x4124,0x5984,0x5164,0x3903,0x38e3,0x28c3,0x28c3,0x20a3,0x1062,0x1062,0x1042,0x1042,0x1042,0x1042,
    0x1042,0x1042,0x1062,0x2083,0x20a3,0x1882,0x1062,0x20a2,0x6164,0x4924,0x3904,0x4124,0x30e4,0x2083,0x2083,0x1062,
    0x1062,0x1863,0x1062,0x1883,0x1883,0x0842,0x5185,0x7a27,0x7a47,0x7a48,0x69e7,0x5186,0x59a7,0x4966,0x28e5,0x3926,
    0x3126,0x3105,0x18c4,0x0863,0x20c4,0x3105,0x3925,0x4146,0x28c4,0x1883,0x1063,0x1083,0x1083,0x1063,0x1063,0x1063,
    0x1083,0x1062,0x0842,0x0842,0x1063,0x1063,0x0842,0x0042,0x0021,0x0022,0x0042,0x0021,0x0021,0x0021,0x0021,0x0021,
    0x0001,0x0021,0x0021,0x0001,0x0021,0x0021,0x0842,0x0863,0x18e6,0x2106,0x18e6,0x10c5,0x10c5,0x10c5,0x10a4,0x10a4,
    0x1083,0x1083,0x20a3,0x1083,0x0042,0x0021,0x0863,0x18c6,0x10a4,0x10c5,0x18e5,0x10e6,0x10e6,0x10e6,0x10a5,0x0884,
    0x0884,0x0884,0x0864,0x0863,0x0863,0x0863,0x0863,0x0863,0x0863,0x0863,0x0884,0x08a4,0x0884,0x0884,0x0883,0x10a4,
    0x0043,0x0042,0x0042,0x0042,0x0042,0x0042,0x0042,0x0042,0x0042,0x0042,0x0042,0x0022,0x18a3,0x0862,0x08a4,0x0042,
    0x0021,0x0021,0x0042,0x0042,0x0042,0x0042,0x0042,0x0042,0x0022,0x0022,0x0042,0x0042,0x0022,0x0022,0x0022,0x1083,
    0x1082,0x0000,0x10a3,0x1926,0x1906,0x0842,0x0021,0x0000,0x0001,0x0021,0x0863,0x2948,0x2148,0x0883,0x0022,0x0022,
    0x0022,0x0022,0x0022,0x0022,0x0021,0x0022,0x0021,0x0021,0x0021,0x0022,0x0022,0x0022,0x0042,0x0042,0x0042,0x0042,
    0x0042,0x0042,0x0042,0x0042,0x0042,0x0043,0x0043,0x0043,0x0043,0x0043,0x0863,0x0043,0x0042,0x0042,0x0063,0x0063,
    0x0063,0x0063,0x0863,0x0063,0x0063,0x0043,0x0043,0x0043,0x0043,0x0043,0x0063,0x0863,0x0042,0x0043,0x0063,0x0863,
    0x0063,0x10a4,0x10a4,0x0884,0x0884,0x0884,0x08a4,0x10a5,0x10a5,0x10a5,0x10a5,0x10c5,0x29ca,0x29a9,0x1926,0x10c4,
    0x0884,0x10c5,0x0042,0x0042,0x0042,0x0042,0x0001,0x0021,0x0021,0x0000,0x08a4,0x18e6,0x10c5,0x10e6,0x10c5,0x08a4,
    0x08a4,0x08a4,0x0884,0x08a4,0x0884,0x0063,0x3a0a,0x1926,0x10c4,0x08a4,0x08c5,0x10e6,0x08c5,0x08c5,0x08c5,0x08a4,
    0x0884,0x1106,0x08c5,0x0863,0x0884,0x08c6,0x08e6,0x08e6,0x08c6,0x08c5,0x08a5,0x0084,0x08a4,0x0064,0x0043,0x0063,
    0x0063,0x0043,0x0063,0x0063,0x0063,0x0063,0x0063,0x10c5,0x5aad,0x3148,0x1084,0x0021,0x0042,0x0884,0x0064,0x0064,
    0x0064,0x0063,0x0063,0x0863,0x0064,0x00a5,0x00c6,0x0085,0x0084,0x10e7,0x08e8,0x00c6,0x0908,0x198a,0x0907,0x08e6,
    0x08a5,0x0084,0x0084,0x08c6,0x08c6,0x08c6,0x0907,0x1128,0x08c6,0x0064,0x0064,0x0064,0x0064,0x0063,0x00a6,0x08c7,
    0x08e7,0x0909,0x118b,0x0908,0x0043,0x0084,0x0043,0x0084,0x0085,0x0064,0x0043,0x0043,0x0043,0x0042,0x0043,0x0022,
    0x0022,0x0022,0x0022,0x0042,0x0842,0x0842,0x0021,0x0021,0x0022,0x0021,0x0021,0x1063,0x1063,0x1063,0x18a4,0x18c4,
    0x1083,0x18a4,0x18a4,0x18a3,0x1063,0x0842,0x1862,0x20a3,0x1083,0x1062,0x1062,0x1882,0x1862,0x1062,0x20a2,0x1882,
    0x1062,0x28c3,0x30e4,0x28c4,0x30e4,0x28e3,0x1883,0x28c3,0x30e3,0x20a3,0x1883,0x1062,0x1042,0x1042,0x0842,0x1042,
    0x1042,0x1042,0x1062,0x1062,0x30a3,0x2083,0x1882,0x1062,0x20a3,0x1862,0x28c3,0x20a3,0x1042,0x1042,0x1062,0x0842,
    0x0021,0x1062,0x1062,0x1862,0x28a4,0x1883,0x1883,0x4965,0x59a6,0x59c6,0x4946,0x49a6,0x4946,0x4126,0x4146,0x3946,
    0x2905,0x28e5,0x20c4,0x18a4,0x28e5,0x5166,0x3105,0x18a4,0x18a4,0x18a4,0x20a4,0x20a3,0x1083,0x1063,0x1063,0x1063,
    0x1883,0x1063,0x0842,0x0842,0x0842,0x0042,0x0842,0x0021,0x0021,0x0842,0x0842,0x0842,0x0021,0x0021,0x0021,0x0021,
    0x0021,0x0001,0x0021,0x0001,0x0001,0x0021,0x0842,0x0042,0x0883,0x18c5,0x1083,0x0043,0x0884,0x18c4,0x18c4,0x18c4,
    0x1084,0x0863,0x0863,0x0863,0x0042,0x0042,0x0022,0x0042,0x0022,0x0863,0x10c6,0x10e6,0x10e6,0x10c6,0x08a5,0x0884,
    0x0884,0x10a5,0x0884,0x0884,0x0884,0x0864,0x0863,0x0863,0x0863,0x0864,0x0864,0x10a5,0x10a5,0x10a5,0x0884,0x0884,
    0x0863,0x0043,0x0043,0x0042,0x0042,0x0042,0x0042,0x0042,0x0022,0x0042,0x0042,0x0042,0x0862,0x0863,0x1083,0x0042,
    0x0884,0x0863,0x0042,0x0043,0x0042,0x0042,0x0042,0x0042,0x0042,0x0022,0x0022,0x0022,0x0022,0x0022,0x0022,0x0862,
    0x2104,0x18a3,0x1082,0x0021,0x0021,0x0862,0x0021,0x0021,0x0021,0x0863,0x18c5,0x1084,0x18c5,0x10a4,0x0863,0x0022,
    0x0021,0x0022,0x0022,0x0022,0x0021,0x0021,0x0022,0x0022,0x0021,0x0021,0x0021,0x0022,0x0042,0x0022,0x0022,0x0022,
    0x0042,0x0022,0x0042,0x0042,0x0042,0x0042,0x0863,0x0042,0x0042,0x0042,0x0043,0x0043,0x0043,0x0043,0x0043,0x0043,
    0x0863,0x0863,0x0884,0x0063,0x0863,0x0863,0x0043,0x0042,0x0022,0x0042,0x0042,0x0042,0x0042,0x0043,0x0043,0x0863,
    0x0863,0x0063,0x0864,0x0884,0x0884,0x08a5,0x08a5,0x10c5,0x10a5,0x10a5,0x10c5,0x4aad,0x3a4c,0x1947,0x0883,0x29c9,
    0x1927,0x0862,0x0021,0x0021,0x0022,0x0021,0x0021,0x0021,0x0001,0x0000,0x0063,0x0884,0x10c4,0x10e5,0x08a4,0x0884,
    0x08a4,0x08a4,0x0884,0x0884,0x0063,0x0863,0x31a8,0x0883,0x0021,0x0001,0x0863,0x0884,0x08a4,0x08a5,0x08c5,0x08c5,
    0x08c5,0x08c6,0x08c5,0x0884,0x08a5,0x08c6,0x08e6,0x08c6,0x08e6,0x08c6,0x00a5,0x0884,0x0084,0x08a4,0x0043,0x0043,
    0x0063,0x0063,0x0084,0x0084,0x0043,0x0063,0x0022,0x10a5,0x2948,0x0863,0x0022,0x0021,0x0042,0x0864,0x0043,0x0063,
    0x0063,0x0063,0x0063,0x0064,0x0085,0x00a5,0x0085,0x00a5,0x00a5,0x08a6,0x08c6,0x0908,0x0908,0x1149,0x08c6,0x00a5,
    0x0907,0x0084,0x0085,0x0907,0x1128,0x1128,0x1129,0x08e7,0x08a5,0x0085,0x0063,0x08a5,0x0084,0x0084,0x00a6,0x08e8,
    0x0908,0x0909,0x0929,0x08e8,0x0908,0x00a5,0x0042,0x0043,0x08c6,0x0085,0x0043,0x0042,0x0042,0x0022,0x0043,0x0042,
    0x0042,0x0022,0x0022,0x0022,0x0042,0x0022,0x0021,0x0842,0x0022,0x0021,0x0021,0x0021,0x0042,0x0842,0x0842,0x20a3,
    0x18a4,0x18a4,0x1084,0x1084,0x0863,0x0842,0x1062,0x1062,0x0842,0x0842,0x1062,0x1062,0x1062,0x1862,0x20a2,0x1882,
    0x0842,0x1883,0x28c4,0x20c4,0x20a3,0x20a3,0x1883,0x18a3,0x20a3,0x20a3,0x1883,0x1062,0x1062,0x0842,0x0841,0x0842,
    0x1042,0x1062,0x1062,0x0842,0x28a3,0x38e4,0x28c4,0x30c4,0x2083,0x1862,0x1882,0x1042,0x0842,0x0842,0x1863,0x1883,
    0x0842,0x0021,0x0021,0x0842,0x1863,0x20a4,0x28c4,0x30e4,0x4125,0x3105,0x4146,0x4966,0x20a4,0x3905,0x4966,0x4145,
    0x28c4,0x30e4,0x3905,0x28e5,0x20c4,0x3926,0x3926,0x18a5,0x1084,0x18a4,0x30e5,0x28c4,0x18a4,0x20a4,0x1063,0x1063,
    0x1883,0x20a4,0x1083,0x0862,0x0842,0x0842,0x0842,0x0021,0x0022,0x0842,0x0842,0x0022,0x0842,0x0042,0x0022,0x0021,
    0x0021,0x0001,0x0021,0x0001,0x0001,0x0821,0x0842,0x0042,0x0843,0x0863,0x0042,0x0021,0x0021,0x1083,0x10c5,0x10e5,
    0x10c5,0x10a4,0x0863,0x0863,0x0884,0x0863,0x0042,0x0022,0x0022,0x0042,0x0884,0x10c5,0x10c6,0x08a5,0x1906,0x18e6,
    0x0884,0x08a5,0x10a5,0x08a5,0x0884,0x0884,0x0864,0x0884,0x0863,0x0864,0x0884,0x1084,0x10a4,0x08a5,0x0884,0x0884,
    0x0863,0x0042,0x0043,0x0042,0x0042,0x0042,0x0042,0x0022,0x0022,0x0042,0x0043,0x0043,0x0042,0x0042,0x1083,0x0863,
    0x0863,0x0043,0x0042,0x0043,0x0043,0x0042,0x0042,0x0042,0x0842,0x0842,0x0022,0x0022,0x0042,0x0042,0x0022,0x0001,
    0x2924,0x3145,0x0842,0x1063,0x1083,0x1083,0x0021,0x0000,0x0000,0x0021,0x0863,0x1083,0x0863,0x0001,0x0001,0x0021,
    0x0022,0x0022,0x0022,0x0021,0x0021,0x0022,0x0001,0x0001,0x0021,0x0022,0x0021,0x0021,0x0022,0x0022,0x0022,0x0022,
    0x0022,0x0042,0x0022,0x0042,0x0042,0x0022,0x0042,0x1084,0x0043,0x0043,0x0043,0x0043,0x0043,0x0043,0x0043,0x0043,
    0x0043,0x0023,0x10e5,0x0884,0x0063,0x0884,0x0063,0x0042,0x0022,0x0042,0x18c4,0x0022,0x0042,0x0022,0x0042,0x0043,
    0x0063,0x0063,0x0043,0x0063,0x0884,0x10c5,0x10c5,0x0884,0x10a5,0x08a5,0x18e6,0x18e5,0x0022,0x0021,0x10a4,0x1906,
    0x0042,0x0000,0x0021,0x0022,0x0042,0x0043,0x0063,0x0042,0x0022,0x0042,0x0063,0x0884,0x0884,0x0884,0x0884,0x0864,
    0x0884,0x0884,0x0063,0x10c5,0x3145,0x18c4,0x10a4,0x0000,0x0000,0x0001,0x0042,0x0021,0x0042,0x00a4,0x00a5,0x08a5,
    0x08c5,0x08c5,0x08a5,0x0884,0x0042,0x08a5,0x08c5,0x08c5,0x08e6,0x08e6,0x08a5,0x10a4,0x0063,0x0863,0x0043,0x0043,
    0x0043,0x0063,0x0063,0x0064,0x0063,0x0022,0x2127,0x3168,0x3148,0x2927,0x0001,0x0042,0x0021,0x0063,0x0063,0x0063,
    0x0063,0x0063,0x0063,0x00a5,0x00a5,0x0085,0x0084,0x00a5,0x08e7,0x08e7,0x10e7,0x1129,0x0929,0x08e8,0x0908,0x0908,
    0x00c6,0x0908,0x1149,0x1149,0x21ab,0x198b,0x00c6,0x00c6,0x00a5,0x00a5,0x0084,0x08a6,0x00a5,0x00c7,0x00c7,0x08e7,
    0x0909,0x0909,0x0908,0x00c6,0x00a5,0x0064,0x0022,0x0022,0x0043,0x0043,0x0022,0x0022,0x0022,0x0022,0x0043,0x0042,
    0x0843,0x0042,0x0022,0x0042,0x0022,0x0042,0x0022,0x0022,0x0022,0x0022,0x0021,0x0021,0x0021,0x0022,0x0022,0x1883,
    0x20c4,0x10a4,0x10a4,0x1084,0x0842,0x0022,0x0862,0x0842,0x0821,0x0821,0x0841,0x1062,0x1062,0x2082,0x20a3,0x1082,
    0x1082,0x1883,0x18a3,0x20c4,0x20c4,0x20c4,0x28c4,0x20a3,0x1883,0x1883,0x1083,0x1062,0x1062,0x1042,0x0841,0x0821,
    0x0841,0x2083,0x20a3,0x20a3,0x30c3,0x30c4,0x28c4,0x28c4,0x28a3,0x2083,0x28a3,0x28a3,0x1062,0x1062,0x1862,0x1883,
    0x1042,0x0822,0x0021,0x0842,0x1063,0x0842,0x2083,0x28c3,0x28c4,0x30e4,0x4926,0x3926,0x3126,0x28e5,0x28c4,0x3904,
    0x4945,0x4145,0x3925,0x3906,0x2905,0x3106,0x28e6,0x20c5,0x18a4,0x28e5,0x3105,0x28e5,0x20c5,0x20c4,0x1083,0x0863,
    0x1083,0x20a4,0x1883,0x1883,0x1083,0x1063,0x0842,0x0842,0x0842,0x0862,0x0842,0x0842,0x0022,0x0022,0x0021,0x0021,
    0x0021,0x0021,0x0001,0x0001,0x0021,0x0001,0x0021,0x0022,0x0022,0x0022,0x0022,0x0021,0x0022,0x0863,0x10c5,0x1906,
    0x18e6,0x10a5,0x0863,0x0884,0x0884,0x0063,0x0863,0x0042,0x0022,0x0042,0x0842,0x10a5,0x10c6,0x10a5,0x10c5,0x08a5,
    0x08a5,0x10a5,0x10a5,0x10a5,0x0884,0x1084,0x1084,0x0884,0x0884,0x0884,0x0884,0x10a4,0x10a4,0x0884,0x0884,0x0884,
    0x0863,0x0042,0x0042,0x0863,0x0863,0x0022,0x0042,0x0022,0x0022,0x0022,0x0063,0x0043,0x0042,0x0042,0x0022,0x0042,
    0x0042,0x0042,0x0042,0x0043,0x0043,0x0043,0x0042,0x0042,0x0042,0x0042,0x0022,0x0022,0x0022,0x0042,0x0042,0x0022,
    0x1083,0x18a4,0x0863,0x10a4,0x18a3,0x1062,0x0841,0x0000,0x0021,0x0021,0x0001,0x0021,0x0042,0x0021,0x0022,0x0000,
    0x0021,0x0022,0x0022,0x0021,0x0021,0x0001,0x10e5,0x1906,0x0021,0x0021,0x0022,0x0022,0x0022,0x0021,0x0022,0x0022,
    0x0022,0x0022,0x0042,0x0042,0x0042,0x0042,0x0043,0x0063,0x0043,0x0063,0x0043,0x0043,0x0043,0x0043,0x0043,0x0043,
    0x0863,0x29a8,0x3209,0x0041,0x0022,0x0063,0x0063,0x0043,0x0042,0x0022,0x0021,0x0022,0x0022,0x0021,0x0022,0x0043,
    0x0043,0x0042,0x0043,0x0864,0x0884,0x0863,0x0863,0x0043,0x0884,0x10a5,0x10a5,0x0863,0x0842,0x0022,0x10a5,0x2106,
    0x0843,0x0021,0x0022,0x0063,0x0884,0x0063,0x0043,0x0042,0x0022,0x0063,0x0084,0x0884,0x0884,0x0884,0x0064,0x0064,
    0x0064,0x0064,0x0064,0x41c7,0x49c6,0x2125,0x18c4,0x0000,0x0001,0x0000,0x0021,0x0001,0x0022,0x0084,0x0084,0x0063,
    0x0063,0x08a5,0x08c5,0x08a5,0x08a4,0x08a5,0x08a5,0x08e6,0x31eb,0x1107,0x08c6,0x0084,0x0063,0x0863,0x0884,0x0063,
    0x0043,0x0043,0x0063,0x0063,0x0043,0x0063,0x4a2b,0x4a0b,0x3168,0x0042,0x0022,0x0063,0x0063,0x0043,0x0064,0x0063,
    0x0064,0x0084,0x0063,0x0084,0x0085,0x0084,0x0084,0x08a5,0x00a6,0x00a5,0x1108,0x1108,0x0908,0x0909,0x08e8,0x08e8,
    0x0929,0x0929,0x1149,0x220e,0x0929,0x1129,0x08e7,0x0908,0x08c7,0x08c6,0x00a6,0x00a6,0x08e8,0x08e8,0x08e8,0x00c7,
    0x0909,0x118c,0x094a,0x0064,0x0042,0x0043,0x0022,0x0022,0x0042,0x0022,0x0022,0x0022,0x0022,0x0022,0x0042,0x0042,
    0x0842,0x0843,0x0042,0x0843,0x0843,0x0863,0x0842,0x0022,0x0022,0x0842,0x0022,0x0022,0x0842,0x0842,0x0842,0x0842,
    0x20e5,0x18c5,0x1083,0x0863,0x0842,0x0022,0x0021,0x0021,0x0021,0x0821,0x0841,0x1042,0x0842,0x1062,0x1862,0x1062,
    0x1862,0x1883,0x18a3,0x1063,0x1883,0x20c4,0x20c4,0x28e4,0x18a3,0x1083,0x1083,0x1883,0x1062,0x1062,0x1042,0x0821,
    0x0821,0x1042,0x1883,0x28c3,0x3904,0x20a4,0x28a4,0x28c4,0x1883,0x1883,0x1883,0x28a4,0x2083,0x1863,0x1042,0x0842,
    0x0842,0x0842,0x0021,0x0021,0x1062,0x1063,0x0021,0x0842,0x1883,0x1063,0x20a4,0x28c5,0x20c4,0x20c4,0x20c4,0x1063,
    0x3905,0x28e5,0x3925,0x4146,0x3126,0x3105,0x28e5,0x3926,0x3925,0x3105,0x3926,0x3126,0x3106,0x20e5,0x2905,0x18c4,
    0x1084,0x18a4,0x18a4,0x18a4,0x1084,0x1063,0x0842,0x0842,0x0843,0x1063,0x1063,0x0843,0x0822,0x0021,0x0022,0x0021,
    0x0021,0x0021,0x0021,0x0001,0x0001,0x0001,0x0000,0x0001,0x0001,0x0001,0x0021,0x0042,0x0842,0x0022,0x0884,0x10c5,
    0x0884,0x0884,0x0884,0x0884,0x0063,0x0042,0x0042,0x0043,0x0042,0x0863,0x10a4,0x10a5,0x10c6,0x10c5,0x10c5,0x10a5,
    0x10c5,0x10a5,0x18c5,0x10a5,0x10a5,0x1084,0x1084,0x1084,0x1084,0x10a4,0x10a5,0x10a4,0x1084,0x1084,0x0884,0x0884,
    0x0884,0x0043,0x0042,0x0042,0x0022,0x0022,0x0022,0x0022,0x0042,0x0042,0x0042,0x0042,0x0042,0x0042,0x0042,0x0042,
    0x0043,0x0043,0x0043,0x0043,0x0042,0x0863,0x0042,0x0043,0x0022,0x0022,0x0042,0x0022,0x0022,0x0022,0x0022,0x0022,
    0x0022,0x0042,0x0862,0x0042,0x20c3,0x18a3,0x0021,0x0001,0x0021,0x0022,0x0043,0x0042,0x0042,0x0842,0x0863,0x0022,
    0x0022,0x0022,0x0022,0x0022,0x0001,0x0842,0x1906,0x0863,0x0022,0x0042,0x0021,0x0021,0x0022,0x0022,0x0022,0x0022,
    0x0022,0x0022,0x0022,0x0022,0x0022,0x0042,0x0042,0x0022,0x0042,0x0042,0x0043,0x0863,0x0863,0x0043,0x0043,0x0043,
    0x0863,0x10a4,0x0001,0x0022,0x0022,0x0043,0x0063,0x0043,0x0063,0x0043,0x0042,0x0042,0x0022,0x0022,0x0022,0x0022,
    0x0022,0x0022,0x0043,0x0043,0x0043,0x0043,0x0063,0x0863,0x0884,0x0884,0x0884,0x08a4,0x0884,0x10c5,0x2127,0x2127,
    0x0042,0x0021,0x0043,0x0884,0x0063,0x0042,0x0063,0x0063,0x0042,0x0064,0x0064,0x0064,0x0084,0x0084,0x0884,0x0884,
    0x0884,0x0084,0x08a4,0x10a3,0x0842,0x0862,0x0001,0x0021,0x0022,0x0021,0x0042,0x0042,0x0063,0x0084,0x0084,0x0064,
    0x0884,0x0884,0x08a5,0x08c5,0x08c5,0x08c5,0x08e6,0x08e7,0x1969,0x08c6,0x08a5,0x0084,0x0043,0x0884,0x08a4,0x0063,
    0x0063,0x0043,0x0063,0x0063,0x0043,0x0884,0x18c5,0x0863,0x0022,0x0042,0x0063,0x0884,0x0863,0x0022,0x0042,0x0063,
    0x0064,0x0063,0x0063,0x0084,0x0084,0x0084,0x0084,0x0085,0x0085,0x0085,0x00a6,0x00a6,0x08e7,0x0929,0x0908,0x0908,
    0x0908,0x08e7,0x08e7,0x08e8,0x1108,0x1129,0x08e7,0x114a,0x0908,0x08e7,0x0908,0x08e7,0x08e8,0x08e8,0x08e7,0x08c6,
    0x0909,0x094b,0x08e8,0x0043,0x0084,0x0064,0x0022,0x0022,0x0022,0x0022,0x0022,0x0022,0x0022,0x0022,0x0042,0x0022,
    0x0042,0x0863,0x0842,0x0042,0x0022,0x0842,0x0022,0x0022,0x0042,0x0842,0x0863,0x1063,0x0863,0x0863,0x0842,0x0022,
    0x2904,0x18c4,0x1084,0x0863,0x0842,0x0021,0x0021,0x0021,0x0021,0x0841,0x0842,0x0841,0x0821,0x0021,0x0841,0x1042,
    0x1062,0x1883,0x1083,0x0842,0x0862,0x1083,0x1084,0x18a4,0x10a4,0x1084,0x1083,0x1883,0x1883,0x20a3,0x1882,0x0842,
    0x1062,0x1062,0x0842,0x1042,0x2083,0x28c4,0x30e4,0x28c4,0x20a4,0x2083,0x0842,0x0842,0x1042,0x1062,0x1883,0x0842,
    0x0842,0x0842,0x0021,0x0021,0x0021,0x1042,0x0842,0x0821,0x0842,0x0842,0x1062,0x1884,0x20a4,0x1883,0x1884,0x18a4,
    0x3106,0x3126,0x3926,0x4166,0x3106,0x3106,0x3126,0x5186,0x4986,0x4146,0x2906,0x3126,0x3926,0x3926,0x3106,0x18c4,
    0x0863,0x1083,0x20c4,0x20c4,0x1083,0x1063,0x1063,0x0863,0x1063,0x1063,0x1063,0x0843,0x0022,0x0021,0x0022,0x0842,
    0x0842,0x0021,0x0021,0x0021,0x0021,0x0001,0x0001,0x0001,0x0001,0x0021,0x0001,0x0042,0x0863,0x0042,0x0042,0x10a5,
    0x0863,0x0863,0x08a5,0x08a5,0x0863,0x0042,0x0042,0x0043,0x0042,0x0042,0x0884,0x0863,0x18c5,0x18e6,0x20e5,0x18c5,
    0x18c5,0x10c5,0x18c5,0x10c5,0x10a5,0x10a5,0x10a4,0x1084,0x1084,0x10a5,0x10a5,0x1084,0x1084,0x1084,0x1084,0x1084,
    0x0884,0x0863,0x0043,0x0043,0x0843,0x0042,0x0022,0x0042,0x0043,0x0042,0x0042,0x0022,0x0042,0x0863,0x0042,0x0063,
    0x0864,0x0043,0x0863,0x0863,0x0042,0x0042,0x0042,0x0022,0x0042,0x0042,0x0042,0x0042,0x0042,0x0022,0x0022,0x0022,
    0x0022,0x0042,0x0842,0x0021,0x0042,0x1083,0x0042,0x0042,0x0863,0x0884,0x0863,0x0021,0x0042,0x0863,0x0863,0x0842,
    0x0022,0x0022,0x0022,0x0022,0x0021,0x0862,0x0862,0x0001,0x0022,0x0042,0x0021,0x0021,0x0022,0x0022,0x0022,0x0022,
    0x0022,0x0022,0x0021,0x0022,0x0022,0x0022,0x0022,0x0022,0x0042,0x0042,0x0043,0x0043,0x0043,0x0042,0x0043,0x0043,
    0x0043,0x0843,0x0042,0x0043,0x0042,0x0042,0x0043,0x0043,0x0043,0x0043,0x0043,0x0022,0x0022,0x0022,0x0042,0x0022,
    0x0022,0x0022,0x0042,0x0022,0x0043,0x0042,0x0043,0x0863,0x0863,0x18c5,0x10a4,0x0884,0x0884,0x31a9,0x10a5,0x0863,
    0x0042,0x0021,0x0042,0x0084,0x08a4,0x08a4,0x0043,0x0022,0x0063,0x0064,0x0064,0x0063,0x0084,0x0064,0x0884,0x10a5,
    0x0884,0x0084,0x0063,0x0883,0x1083,0x0883,0x0021,0x0042,0x0043,0x0042,0x0042,0x0043,0x0063,0x0084,0x0084,0x0084,
    0x0084,0x0084,0x0064,0x00a5,0x08c5,0x08c6,0x08c6,0x08c6,0x08c6,0x08c6,0x08a5,0x0084,0x0064,0x0063,0x0043,0x0063,
    0x0063,0x0042,0x0043,0x0063,0x0064,0x0043,0x0884,0x2128,0x0863,0x0042,0x0063,0x0884,0x0022,0x0022,0x0042,0x0022,
    0x0063,0x0063,0x0063,0x0084,0x0084,0x0064,0x0063,0x0063,0x08a5,0x08c6,0x00a6,0x0085,0x0085,0x08e7,0x08e8,0x0908,
    0x08c6,0x00a5,0x08c6,0x08c6,0x08e7,0x08e7,0x0908,0x116b,0x0908,0x0909,0x0908,0x0929,0x1128,0x0022,0x0043,0x00a6,
    0x0909,0x00a6,0x0064,0x0085,0x0064,0x0043,0x0042,0x0042,0x0022,0x0022,0x0042,0x0042,0x0043,0x0042,0x0022,0x0022,
    0x0842,0x0843,0x0842,0x0042,0x0042,0x0842,0x0842,0x0022,0x0842,0x0863,0x1063,0x1083,0x0863,0x1063,0x1063,0x1083,
    0x18a4,0x2925,0x1084,0x1083,0x0842,0x0842,0x1062,0x0021,0x0842,0x1062,0x0841,0x0021,0x0021,0x0021,0x0021,0x0842,
    0x1042,0x0842,0x0842,0x0862,0x0862,0x1083,0x1083,0x18a4,0x18c5,0x20c4,0x1884,0x1883,0x1883,0x1883,0x0842,0x1042,
    0x1863,0x1062,0x1063,0x0842,0x0842,0x1883,0x2083,0x1063,0x1063,0x2083,0x1883,0x0842,0x0021,0x0822,0x1062,0x0842,
    0x0842,0x0822,0x0021,0x0021,0x0021,0x0021,0x1042,0x0842,0x0842,0x0021,0x0021,0x1063,0x18a4,0x18a4,0x1063,0x1883,
    0x28e5,0x3106,0x28e5,0x30e5,0x4145,0x4966,0x4166,0x4146,0x3106,0x3105,0x3106,0x28e5,0x30e5,0x20c5,0x28e5,0x20c5,
    0x18a4,0x20c5,0x28e5,0x28e5,0x18a4,0x18a4,0x1084,0x0863,0x1083,0x1063,0x1063,0x0863,0x0842,0x0021,0x0022,0x0842,
    0x0842,0x0022,0x0021,0x0021,0x0022,0x0001,0x0001,0x0001,0x0001,0x0021,0x0001,0x0021,0x0042,0x0042,0x0042,0x0884,
    0x10a5,0x0884,0x0863,0x0863,0x0863,0x0043,0x0042,0x0042,0x0042,0x0022,0x0042,0x0863,0x1084,0x1084,0x18c5,0x10c5,
    0x10a4,0x1084,0x18c4,0x18c5,0x18a4,0x1084,0x10a4,0x10a5,0x10a5,0x18c5,0x1084,0x1084,0x1084,0x0884,0x1084,0x1084,
    0x1084,0x1084,0x0843,0x0843,0x0042,0x0883,0x0883,0x0043,0x0043,0x0842,0x0042,0x0042,0x0043,0x0863,0x0043,0x0043,
    0x0863,0x0043,0x0884,0x0043,0x0042,0x0042,0x0042,0x0022,0x0022,0x0022,0x0042,0x0042,0x0042,0x0042,0x0042,0x0022,
    0x0022,0x0022,0x0022,0x0862,0x28e4,0x18a3,0x0842,0x0022,0x10a4,0x10c5,0x10a4,0x0042,0x0021,0x0001,0x0000,0x0021,
    0x0022,0x0022,0x0022,0x0022,0x0022,0x0021,0x0022,0x0021,0x0042,0x0042,0x0021,0x0021,0x0022,0x0022,0x0022,0x0022,
    0x0022,0x0022,0x0022,0x0022,0x0022,0x0022,0x0022,0x0022,0x0022,0x0022,0x0022,0x0022,0x0042,0x0043,0x0043,0x0042,
    0x0042,0x0043,0x0043,0x0042,0x0043,0x0043,0x0043,0x0043,0x0043,0x0022,0x0042,0x0022,0x0042,0x0042,0x0022,0x0021,
    0x0022,0x0022,0x0042,0x0042,0x0043,0x0042,0x0042,0x0063,0x0043,0x0883,0x0884,0x0863,0x0863,0x10a4,0x0022,0x0001,
    0x0042,0x0022,0x0042,0x0063,0x08c5,0x0884,0x0043,0x0042,0x0043,0x0063,0x0084,0x0084,0x0084,0x10a4,0x0884,0x0064,
    0x0064,0x0063,0x0064,0x0884,0x0863,0x0001,0x0022,0x0043,0x0043,0x0863,0x0042,0x0043,0x0043,0x0063,0x0084,0x0064,
    0x0064,0x0084,0x0084,0x0084,0x08a5,0x08a5,0x08a5,0x08a4,0x08a4,0x08a5,0x0885,0x0063,0x0064,0x0063,0x0043,0x0043,
    0x0043,0x0022,0x0022,0x0042,0x0063,0x0063,0x0063,0x10a5,0x0863,0x0043,0x0064,0x0064,0x0042,0x0022,0x0042,0x0022,
    0x0042,0x0043,0x0043,0x0063,0x0084,0x0063,0x0043,0x0063,0x0064,0x00c6,0x0064,0x0064,0x08c7,0x10e7,0x08a5,0x00a5,
    0x00a5,0x0084,0x00c6,0x00a5,0x00a5,0x08c6,0x0908,0x1129,0x08e8,0x0908,0x0908,0x0929,0x08c6,0x0043,0x0063,0x0084,
    0x08c6,0x0063,0x0042,0x08a5,0x0063,0x0042,0x0043,0x0043,0x0042,0x0042,0x0042,0x0042,0x0043,0x0043,0x0022,0x0022,
    0x0042,0x0843,0x0843,0x0843,0x0842,0x0843,0x0843,0x0042,0x0843,0x0863,0x0863,0x0883,0x0863,0x0863,0x1083,0x1084,
    0x18a4,0x18c4,0x20c4,0x20a4,0x18a3,0x20a2,0x0842,0x0842,0x18a3,0x20a4,0x0862,0x0821,0x0021,0x0021,0x0021,0x0021,
    0x0821,0x0841,0x0841,0x0841,0x0842,0x0863,0x1083,0x1083,0x1083,0x20a4,0x18a4,0x18a4,0x1883,0x1083,0x1063,0x1063,
    0x18a4,0x1883,0x1063,0x1062,0x0842,0x0822,0x1063,0x0862,0x0842,0x1063,0x1063,0x1062,0x0822,0x0021,0x0842,0x0842,
    0x0021,0x0022,0x0822,0x0021,0x0021,0x0021,0x1042,0x1063,0x0842,0x0862,0x0842,0x1063,0x1083,0x1883,0x0842,0x0842,
    0x18a4,0x28e5,0x3105,0x30e4,0x3925,0x4944,0x5985,0x20a4,0x1063,0x0862,0x18a4,0x3926,0x28e5,0x18c5,0x1084,0x1084,
    0x1084,0x20c5,0x28e5,0x2906,0x2106,0x18c6,0x18a5,0x1084,0x1084,0x0863,0x0863,0x1083,0x0843,0x0842,0x0042,0x0021,
    0x0022,0x0022,0x0022,0x0022,0x0021,0x0021,0x0021,0x0001,0x0001,0x0021,0x0022,0x0042,0x0842,0x0042,0x0042,0x0884,
    0x0884,0x0863,0x0022,0x0042,0x0863,0x0863,0x0843,0x0843,0x0042,0x0042,0x0042,0x0022,0x0842,0x0863,0x0884,0x10a4,
    0x0863,0x0021,0x1882,0x1883,0x0842,0x0022,0x0042,0x1083,0x18a5,0x10a4,0x1084,0x18a4,0x1084,0x1084,0x1084,0x1084,
    0x0884,0x0884,0x10a4,0x0863,0x0843,0x0863,0x0863,0x0043,0x0843,0x0863,0x0843,0x0042,0x0042,0x0043,0x0843,0x0863,
    0x0863,0x0043,0x10a5,0x0043,0x0042,0x0042,0x0042,0x0042,0x0022,0x0022,0x0042,0x0022,0x0042,0x0022,0x0042,0x0022,
    0x0042,0x0042,0x0022,0x0842,0x2904,0x1883,0x0842,0x0022,0x0063,0x0863,0x1084,0x0842,0x0842,0x0021,0x0001,0x0001,
    0x0022,0x0022,0x0022,0x0022,0x0022,0x0022,0x0022,0x0022,0x0042,0x0022,0x0021,0x0022,0x0022,0x0022,0x0042,0x0042,
    0x0042,0x0022,0x0022,0x0022,0x0021,0x0042,0x0862,0x0022,0x0022,0x0022,0x0021,0x0022,0x0022,0x0043,0x0863,0x0043,
    0x0043,0x0022,0x0022,0x0042,0x0043,0x0043,0x0063,0x0063,0x0063,0x0043,0x0042,0x0042,0x0043,0x0043,0x0042,0x0022,
    0x0022,0x0022,0x0022,0x0022,0x0042,0x0022,0x0022,0x0043,0x0843,0x0043,0x0043,0x0884,0x0863,0x0863,0x0042,0x0022,
    0x0021,0x0022,0x0042,0x0063,0x0064,0x0043,0x0063,0x0043,0x0043,0x0043,0x0064,0x0084,0x0064,0x10a4,0x0884,0x0063,
    0x0064,0x0064,0x0063,0x0063,0x0063,0x0043,0x0043,0x0043,0x0042,0x0043,0x0043,0x0043,0x0043,0x0043,0x0043,0x0063,
    0x0063,0x0063,0x0064,0x0084,0x0884,0x0884,0x0884,0x08a4,0x0063,0x0063,0x0064,0x0063,0x0043,0x0063,0x0043,0x0043,
    0x0042,0x0042,0x0022,0x0022,0x0043,0x0043,0x0043,0x0063,0x0063,0x0043,0x0043,0x0043,0x0043,0x0042,0x0042,0x0042,
    0x0042,0x0022,0x0022,0x0022,0x0043,0x0043,0x0022,0x0063,0x0084,0x0063,0x0063,0x0063,0x08a5,0x08a5,0x08a5,0x0084,
    0x00a5,0x00a6,0x0084,0x0084,0x00a5,0x08c6,0x0908,0x0908,0x0908,0x08e7,0x0908,0x0908,0x0043,0x0064,0x0084,0x0022,
    0x0022,0x0043,0x0022,0x0042,0x0043,0x0042,0x0043,0x0042,0x0042,0x0042,0x0043,0x0084,0x0043,0x0063,0x0043,0x0042,
    0x0022,0x0042,0x0842,0x0843,0x0863,0x1083,0x0042,0x0863,0x0863,0x0863,0x0863,0x0863,0x0863,0x0842,0x0863,0x1063,
    0x1084,0x18a4,0x18a4,0x18a4,0x20e4,0x28e4,0x0863,0x1063,0x1083,0x1084,0x1063,0x0842,0x0821,0x0021,0x0021,0x0021,
    0x0021,0x0021,0x0841,0x0842,0x1083,0x1083,0x1083,0x1063,0x0842,0x0842,0x1084,0x1084,0x1084,0x1084,0x1083,0x1083,
    0x18a4,0x20a4,0x1083,0x1883,0x0842,0x0822,0x1063,0x0863,0x0842,0x1063,0x1062,0x1042,0x0842,0x0842,0x1882,0x0841,
    0x0021,0x0021,0x0822,0x0822,0x0021,0x0001,0x0021,0x1062,0x0842,0x0842,0x0021,0x1062,0x18a4,0x1083,0x0863,0x0842,
    0x1883,0x20c4,0x28e5,0x20a4,0x1884,0x1883,0x30e4,0x20a4,0x1063,0x0842,0x0842,0x20c4,0x20c5,0x18c5,0x18c5,0x18a5,
    0x10a4,0x1084,0x18a5,0x20e6,0x2926,0x18e6,0x18c5,0x10a4,0x1084,0x0863,0x0842,0x0842,0x0042,0x0842,0x0042,0x0022,
    0x0021,0x0021,0x0021,0x0022,0x0022,0x0021,0x0021,0x0021,0x0021,0x0021,0x0842,0x1063,0x0863,0x0843,0x0863,0x0863,
    0x0864,0x0863,0x0042,0x0042,0x0863,0x0863,0x0842,0x0022,0x0042,0x0863,0x0863,0x0042,0x0042,0x0863,0x0842,0x0842,
    0x0842,0x0042,0x0042,0x0842,0x0842,0x0042,0x0842,0x0863,0x18c5,0x18a4,0x1884,0x1084,0x1084,0x10a4,0x1084,0x1084,
    0x1084,0x1084,0x0864,0x0863,0x0863,0x0863,0x0863,0x0863,0x0863,0x0863,0x0843,0x0843,0x0843,0x0843,0x0863,0x0043,
    0x0043,0x0043,0x0042,0x0043,0x0043,0x0042,0x0042,0x0042,0x0042,0x0042,0x0022,0x0042,0x0022,0x0022,0x0042,0x0042,
    0x0042,0x0042,0x0042,0x0022,0x0842,0x0842,0x0021,0x0042,0x0042,0x0043,0x0863,0x0842,0x0021,0x0021,0x0021,0x0021,
    0x0022,0x0022,0x0022,0x0022,0x0022,0x0022,0x0022,0x0022,0x0022,0x0022,0x0022,0x0022,0x0022,0x0022,0x0022,0x0021,
    0x0022,0x0022,0x0022,0x0022,0x0022,0x0042,0x0042,0x0022,0x0042,0x0022,0x0021,0x0022,0x0022,0x0042,0x0863,0x0042,
    0x0043,0x0042,0x0022,0x0022,0x0042,0x0043,0x0863,0x0063,0x0063,0x0063,0x0043,0x0043,0x0043,0x0043,0x0043,0x0022,
    0x0022,0x0022,0x0021,0x0021,0x0022,0x0042,0x0042,0x0042,0x0843,0x0043,0x0043,0x0063,0x0063,0x0863,0x0042,0x0042,
    0x0042,0x0042,0x0042,0x0043,0x0043,0x0043,0x0064,0x0064,0x0043,0x0043,0x0043,0x0063,0x0063,0x0063,0x0063,0x0063,
    0x0063,0x0063,0x0063,0x0064,0x0064,0x0064,0x0064,0x0063,0x0063,0x0063,0x0063,0x0043,0x0042,0x0043,0x0063,0x0063,
    0x0043,0x0063,0x0084,0x0084,0x0063,0x0064,0x0884,0x0884,0x0063,0x0043,0x0063,0x0043,0x0042,0x0043,0x0042,0x0042,
    0x0043,0x0043,0x0022,0x0022,0x0022,0x0043,0x0043,0x0064,0x0064,0x0084,0x0063,0x0043,0x0043,0x0063,0x0042,0x0042,
    0x0042,0x0022,0x0862,0x0883,0x0042,0x0043,0x0043,0x0064,0x0084,0x0043,0x0042,0x0043,0x0063,0x0063,0x0084,0x0084,
    0x00a6,0x0085,0x0064,0x0063,0x00a5,0x08e7,0x08c6,0x08a6,0x08c6,0x08e7,0x0908,0x0084,0x0063,0x0043,0x0022,0x0042,
    0x0042,0x0022,0x0043,0x0063,0x0063,0x0064,0x0043,0x0042,0x0042,0x0022,0x0043,0x0063,0x0043,0x0064,0x0063,0x0043,
    0x0022,0x0022,0x0042,0x0843,0x0863,0x0863,0x0843,0x0843,0x0842,0x0842,0x0863,0x0863,0x0042,0x0022,0x0042,0x0863,
    0x1063,0x0862,0x0842,0x18a4,0x18a4,0x1084,0x1083,0x1083,0x1084,0x0863,0x0842,0x0021,0x0842,0x0842,0x0021,0x0021,
    0x0021,0x0021,0x0841,0x0021,0x0862,0x1883,0x1883,0x1083,0x1063,0x0842,0x0863,0x0863,0x0863,0x0863,0x1084,0x20c4,
    0x18a4,0x1083,0x1063,0x1063,0x0842,0x0022,0x0022,0x0822,0x0842,0x0842,0x0842,0x0842,0x0842,0x1062,0x1062,0x1062,
    0x0841,0x0021,0x0022,0x0842,0x0021,0x0001,0x0021,0x0842,0x1883,0x1062,0x0022,0x1062,0x28a4,0x28a4,0x1884,0x1063,
    0x1083,0x20a4,0x1884,0x20a4,0x1883,0x2083,0x1883,0x1063,0x1063,0x0842,0x0842,0x1063,0x18a4,0x20e5,0x28e6,0x18c5,
    0x18a5,0x10a4,0x18c5,0x18a5,0x18c5,0x10a5,0x18a5,0x18a5,0x10a5,0x1084,0x0842,0x0022,0x0022,0x0042,0x0842,0x0863,
    0x0842,0x0022,0x0021,0x0022,0x0842,0x0021,0x0021,0x0022,0x0022,0x0021,0x0022,0x0842,0x0022,0x0822,0x0863,0x0863,
    0x0863,0x0863,0x0043,0x0042,0x0063,0x0063,0x0043,0x0021,0x0022,0x1063,0x1063,0x0863,0x0042,0x0022,0x0022,0x0022,
    0x0042,0x0042,0x0021,0x0022,0x0842,0x0843,0x0042,0x0842,0x18a3,0x1063,0x0842,0x1084,0x1084,0x18a4,0x1084,0x1084,
    0x1084,0x1084,0x1084,0x0864,0x0863,0x0863,0x0863,0x0042,0x0043,0x0843,0x0863,0x0863,0x0863,0x0863,0x0863,0x0863,
    0x0843,0x0863,0x0043,0x0043,0x0043,0x0043,0x0043,0x0042,0x0042,0x0042,0x0042,0x0022,0x0022,0x0042,0x0042,0x0042,
    0x0042,0x0042,0x0042,0x0042,0x0022,0x0022,0x0022,0x0021,0x0022,0x0021,0x0022,0x0022,0x0021,0x0021,0x0022,0x0021,
    0x0022,0x0022,0x0022,0x0022,0x0022,0x0022,0x0022,0x0022,0x0022,0x0022,0x0022,0x0022,0x0022,0x0022,0x0021,0x08a4,
    0x0884,0x0042,0x0022,0x0022,0x0022,0x0021,0x0022,0x0022,0x0042,0x0022,0x0022,0x0022,0x0022,0x0022,0x0022,0x0042,
    0x0022,0x0042,0x0042,0x0042,0x0042,0x0042,0x0063,0x0063,0x0043,0x0063,0x0063,0x0063,0x0043,0x0022,0x0042,0x0022,
    0x0022,0x0021,0x0021,0x0021,0x0022,0x0042,0x0042,0x0843,0x0042,0x0043,0x0043,0x0863,0x0843,0x0042,0x0042,0x0042,
    0x0022,0x0022,0x0022,0x0043,0x0043,0x0043,0x0043,0x0063,0x0063,0x0043,0x0063,0x0063,0x0063,0x0043,0x0043,0x0063,
    0x0063,0x0063,0x0064,0x0064,0x0063,0x0063,0x0063,0x0063,0x0063,0x0064,0x0063,0x0063,0x0043,0x0863,0x0863,0x0043,
    0x0042,0x0063,0x0084,0x0063,0x0063,0x0064,0x0084,0x0063,0x0043,0x0043,0x0043,0x0043,0x0043,0x0043,0x0042,0x0042,
    0x0043,0x0043,0x0043,0x0042,0x0042,0x0043,0x0043,0x0063,0x0064,0x0884,0x0084,0x0063,0x0063,0x0063,0x0063,0x0043,
    0x0022,0x0022,0x0063,0x1084,0x0022,0x0042,0x0043,0x0043,0x0064,0x0063,0x0043,0x0084,0x0084,0x0063,0x0064,0x0085,
    0x00c6,0x0084,0x0064,0x0084,0x00a5,0x08e7,0x08a6,0x0085,0x08e8,0x1129,0x08e7,0x0084,0x0063,0x0084,0x0042,0x0043,
    0x0064,0x0043,0x0043,0x0063,0x0084,0x00a5,0x0064,0x0042,0x0042,0x0084,0x0063,0x0042,0x0043,0x0043,0x0043,0x0022,
    0x0022,0x0022,0x0022,0x0042,0x0042,0x0042,0x0843,0x0843,0x0863,0x0843,0x0843,0x0863,0x0042,0x0022,0x0022,0x0042,
    0x0842,0x0022,0x0022,0x1083,0x10a4,0x1083,0x1063,0x1083,0x1083,0x0863,0x0021,0x0021,0x0842,0x1062,0x0842,0x0862,
    0x0842,0x0842,0x0841,0x0821,0x0021,0x0841,0x1062,0x1883,0x1063,0x0843,0x0042,0x0042,0x0842,0x0022,0x0842,0x0863,
    0x1083,0x0863,0x0863,0x0863,0x0842,0x0842,0x0022,0x0842,0x1042,0x0842,0x0842,0x0842,0x0842,0x0822,0x1062,0x1062,
    0x0021,0x0021,0x0022,0x0022,0x0021,0x0001,0x0021,0x0021,0x1063,0x1863,0x0842,0x1063,0x20a4,0x28c4,0x28c4,0x1083,
    0x1884,0x28c4,0x20a4,0x20a4,0x20c4,0x20a4,0x18a4,0x1063,0x1063,0x1063,0x0863,0x1063,0x1063,0x1083,0x20e6,0x18a5,
    0x10a4,0x1084,0x1083,0x0843,0x0042,0x0842,0x0863,0x1084,0x18a4,0x20a4,0x1083,0x0863,0x0863,0x0842,0x0842,0x0022,
    0x0842,0x0022,0x0021,0x0022,0x0842,0x0842,0x0021,0x0842,0x0842,0x0042,0x0842,0x0842,0x0022,0x0021,0x0021,0x0842,
    0x0042,0x0042,0x0022,0x0022,0x0021,0x0022,0x0042,0x0042,0x0842,0x0842,0x0842,0x0863,0x0042,0x0042,0x0842,0x0842,
    0x0842,0x0842,0x0022,0x0021,0x0021,0x0842,0x0842,0x0021,0x0021,0x0021,0x0001,0x0863,0x1084,0x1084,0x1084,0x1083,
    0x0863,0x1083,0x1084,0x1084,0x0863,0x0863,0x0863,0x0863,0x0863,0x0843,0x0863,0x0863,0x0863,0x0842,0x0863,0x0863,
    0x0043,0x0863,0x0843,0x0843,0x0043,0x0843,0x0043,0x0042,0x0043,0x0042,0x0042,0x0022,0x0042,0x0042,0x0042,0x0042,
    0x0042,0x0042,0x0042,0x0042,0x0042,0x0022,0x0022,0x0022,0x0022,0x0022,0x0022,0x0022,0x0022,0x0022,0x0022,0x0022,
    0x0022,0x0022,0x0022,0x0022,0x0022,0x0022,0x0022,0x0022,0x0022,0x0022,0x0022,0x0022,0x0021,0x0022,0x0021,0x0884,
    0x0884,0x0022,0x0022,0x0022,0x0042,0x0022,0x0022,0x0022,0x0022,0x0042,0x0021,0x0842,0x0842,0x0022,0x0022,0x0022,
    0x0022,0x0022,0x0022,0x0042,0x0843,0x0843,0x0063,0x0063,0x0863,0x0863,0x0043,0x0063,0x0042,0x0042,0x0042,0x0022,
    0x0042,0x0022,0x0021,0x0022,0x0021,0x0021,0x0021,0x0022,0x0022,0x0022,0x0022,0x1084,0x1084,0x0022,0x0022,0x0022,
    0x0022,0x0022,0x0022,0x0042,0x0042,0x0043,0x0043,0x0043,0x0063,0x0063,0x0063,0x0042,0x0042,0x0022,0x0042,0x0043,
    0x0063,0x0063,0x0063,0x0064,0x0063,0x0064,0x0064,0x0063,0x0063,0x0063,0x0084,0x0084,0x0063,0x0043,0x0042,0x0042,
    0x0022,0x0022,0x0042,0x0063,0x0063,0x0063,0x0063,0x0043,0x0043,0x0043,0x0043,0x0043,0x0042,0x0043,0x0043,0x0063,
    0x0884,0x0043,0x0043,0x0043,0x0864,0x0063,0x0043,0x0042,0x0063,0x0884,0x08a5,0x0084,0x08a5,0x00a4,0x0084,0x0063,
    0x0042,0x0042,0x0042,0x0042,0x0022,0x0022,0x0022,0x0043,0x0064,0x0063,0x0043,0x0084,0x0084,0x0063,0x0064,0x00a5,
    0x0084,0x0063,0x0063,0x08a5,0x08e7,0x08e7,0x08c6,0x08e7,0x1129,0x1109,0x0908,0x0908,0x0085,0x00a5,0x0064,0x0043,
    0x0063,0x0043,0x0063,0x0064,0x0064,0x0064,0x0063,0x0084,0x0043,0x0884,0x0063,0x0042,0x0043,0x0043,0x0043,0x0022,
    0x0022,0x0022,0x0022,0x0042,0x0042,0x0042,0x0042,0x0843,0x0863,0x0863,0x0042,0x0042,0x0022,0x0022,0x0021,0x0021,
    0x0021,0x0021,0x0021,0x1083,0x1063,0x0863,0x1063,0x1083,0x1083,0x1083,0x0842,0x1062,0x0862,0x0842,0x0042,0x0862,
    0x1062,0x0842,0x0842,0x0821,0x0021,0x0021,0x0021,0x0842,0x0842,0x0842,0x0021,0x0022,0x0842,0x0842,0x0001,0x0842,
    0x1063,0x0863,0x0863,0x1063,0x0863,0x0842,0x0842,0x0842,0x1062,0x1063,0x0842,0x0842,0x0042,0x0021,0x0842,0x0842,
    0x0022,0x0021,0x0022,0x0021,0x0021,0x0021,0x0021,0x0001,0x0022,0x1063,0x0842,0x0021,0x1063,0x20a4,0x20c4,0x18a4,
    0x0842,0x1883,0x28c4,0x1083,0x18a4,0x18a4,0x1883,0x1883,0x1063,0x1883,0x1063,0x0842,0x0842,0x0042,0x1063,0x18a4,
    0x1083,0x0863,0x0863,0x0842,0x0842,0x0022,0x0022,0x0842,0x1063,0x18a4,0x1084,0x1063,0x1084,0x0843,0x0842,0x0842,
    0x0042,0x0022,0x0022,0x0842,0x0842,0x0843,0x0022,0x0842,0x0863,0x0843,0x0863,0x0843,0x0042,0x0021,0x0021,0x0842,
    0x0842,0x0842,0x0022,0x0022,0x0022,0x0021,0x0021,0x0021,0x0842,0x0842,0x0022,0x0842,0x0843,0x0042,0x0042,0x0843,
    0x0863,0x0863,0x0842,0x0022,0x0021,0x0001,0x0022,0x0021,0x0001,0x0001,0x0001,0x0842,0x1084,0x1084,0x1084,0x1084,
    0x0863,0x1084,0x1084,0x10a4,0x1084,0x0883,0x1083,0x1084,0x1084,0x0863,0x0863,0x0863,0x0863,0x0842,0x0863,0x0043,
    0x0042,0x0042,0x0843,0x0863,0x0863,0x0042,0x0043,0x0043,0x0863,0x0042,0x0042,0x0042,0x0043,0x0043,0x0043,0x0042,
    0x0042,0x0043,0x0042,0x0042,0x0042,0x0022,0x0022,0x0022,0x0022,0x0022,0x0022,0x0022,0x0022,0x0022,0x0022,0x0022,
    0x0022,0x0022,0x0863,0x0842,0x0022,0x0022,0x0022,0x0022,0x0022,0x0022,0x0022,0x0022,0x0022,0x0022,0x0022,0x0022,
    0x0022,0x0022,0x0022,0x0022,0x0863,0x0842,0x0022,0x0022,0x0863,0x0062,0x0022,0x0022,0x0842,0x0022,0x0022,0x0022,
    0x0022,0x0042,0x0022,0x0022,0x0042,0x0043,0x0043,0x0063,0x0863,0x0063,0x0042,0x0043,0x0043,0x0042,0x0042,0x0042,
    0x0043,0x0022,0x0021,0x0021,0x0021,0x0021,0x0021,0x0001,0x0021,0x0021,0x0021,0x0042,0x0042,0x0022,0x0022,0x0022,
    0x0022,0x0022,0x0042,0x0043,0x0863,0x0043,0x0043,0x0042,0x0043,0x0064,0x0064,0x0042,0x0022,0x0022,0x0022,0x0042,
    0x0043,0x0063,0x0063,0x0064,0x0063,0x0084,0x0064,0x0064,0x0063,0x0063,0x0084,0x0084,0x0063,0x0042,0x0042,0x0043,
    0x0042,0x0042,0x0022,0x0042,0x0043,0x0042,0x0042,0x0042,0x0043,0x0042,0x0022,0x0043,0x0042,0x0042,0x0042,0x0063,
    0x0884,0x0043,0x0043,0x0043,0x0063,0x0064,0x0043,0x0043,0x0063,0x0084,0x08a5,0x08a5,0x0084,0x0064,0x0084,0x0063,
    0x0043,0x0043,0x0042,0x0042,0x0022,0x0022,0x0022,0x0022,0x0022,0x0042,0x0043,0x0063,0x0063,0x0043,0x0063,0x08c5,
    0x0063,0x0063,0x0043,0x08a5,0x08a5,0x0085,0x08a5,0x08c6,0x08e7,0x08e7,0x08e7,0x0908,0x00a5,0x08e6,0x0084,0x0022,
    0x0064,0x0064,0x0042,0x0043,0x0043,0x0064,0x0063,0x08c5,0x0084,0x0042,0x0043,0x0043,0x0043,0x0043,0x0043,0x0042,
    0x0022,0x0022,0x0022,0x0022,0x0022,0x0042,0x0042,0x0842,0x0843,0x0843,0x0042,0x0042,0x0042,0x0022,0x0021,0x0021,
    0x0022,0x0022,0x0842,0x1083,0x0842,0x0842,0x0863,0x1063,0x1083,0x1083,0x1083,0x1083,0x0862,0x0042,0x0042,0x0022,
    0x0842,0x0842,0x0842,0x0042,0x0021,0x0021,0x0021,0x0021,0x0021,0x0021,0x0842,0x0022,0x0042,0x0022,0x0021,0x0021,
    0x0863,0x0863,0x1063,0x0863,0x0842,0x0863,0x0842,0x0042,0x0842,0x1062,0x0842,0x0842,0x0842,0x0842,0x0842,0x0022,
    0x0021,0x0021,0x0022,0x0022,0x0021,0x0021,0x0022,0x0021,0x0021,0x0022,0x0842,0x0022,0x0822,0x0842,0x1043,0x1883,
    0x1083,0x1063,0x1063,0x0863,0x0842,0x1063,0x1883,0x1884,0x20a4,0x1883,0x1042,0x0022,0x0042,0x0022,0x0021,0x1862,
    0x28a3,0x18a4,0x20c4,0x1083,0x1063,0x0842,0x0842,0x0842,0x0042,0x0042,0x0863,0x0863,0x1063,0x1083,0x0842,0x0042,
    0x0042,0x0042,0x0842,0x0842,0x0842,0x0842,0x0863,0x0843,0x0863,0x0863,0x0863,0x0863,0x0843,0x0022,0x0021,0x0022,
    0x0022,0x0842,0x0022,0x0021,0x0021,0x0021,0x0021,0x0021,0x0022,0x0842,0x0022,0x0042,0x0863,0x0842,0x0022,0x0042,
    0x0842,0x0842,0x0862,0x0842,0x0042,0x0021,0x0001,0x0021,0x0021,0x0021,0x0021,0x0863,0x1063,0x1884,0x1084,0x1084,
    0x1084,0x1084,0x1084,0x18a4,0x18a4,0x18a4,0x1084,0x1084,0x1084,0x1084,0x0863,0x0863,0x0863,0x0863,0x0863,0x0842,
    0x0042,0x0042,0x0042,0x0843,0x0863,0x0863,0x0863,0x0043,0x0043,0x0042,0x0042,0x0042,0x0042,0x0043,0x0043,0x0042,
    0x0042,0x0042,0x0042,0x0042,0x0042,0x0022,0x0022,0x0022,0x0022,0x0863,0x0022,0x0022,0x0022,0x0022,0x0022,0x0022,
    0x0042,0x0042,0x0863,0x0863,0x0022,0x0022,0x0022,0x0021,0x0042,0x0883,0x0022,0x0022,0x0022,0x0022,0x0022,0x0022,
    0x0022,0x0022,0x0022,0x0022,0x0022,0x0042,0x0022,0x0022,0x0042,0x0863,0x0042,0x0022,0x0022,0x0022,0x0022,0x0022,
    0x0022,0x0042,0x0042,0x0022,0x0022,0x0022,0x0043,0x0863,0x0863,0x0063,0x0063,0x0043,0x0043,0x0042,0x0022,0x0042,
    0x0022,0x0022,0x0022,0x0022,0x0022,0x0022,0x0021,0x0021,0x0022,0x0022,0x0021,0x0021,0x0022,0x0022,0x0042,0x0042,
    0x0043,0x0042,0x0042,0x0063,0x0063,0x0043,0x0042,0x0043,0x0043,0x0043,0x0043,0x0042,0x0042,0x0022,0x0042,0x0042,
    0x0042,0x0063,0x0063,0x0064,0x0063,0x0063,0x0884,0x0864,0x0064,0x0064,0x0884,0x0084,0x0063,0x0043,0x0043,0x0063,
    0x0042,0x0022,0x0042,0x0022,0x0022,0x0042,0x0042,0x0022,0x0042,0x0042,0x0042,0x0022,0x0043,0x0043,0x0043,0x0043,
    0x0063,0x0063,0x0063,0x0063,0x0043,0x0043,0x0043,0x0043,0x0063,0x0084,0x0885,0x0885,0x08c5,0x08e6,0x0084,0x0043,
    0x0043,0x0063,0x0063,0x0042,0x0022,0x0022,0x0022,0x0022,0x0042,0x0022,0x0022,0x0042,0x0043,0x0043,0x0043,0x0084,
    0x0063,0x0043,0x0084,0x0084,0x0084,0x08a5,0x08a5,0x00a5,0x00a5,0x08e7,0x08e7,0x08c6,0x0084,0x00a5,0x0064,0x0022,
    0x0043,0x0064,0x0042,0x0042,0x0022,0x0042,0x0043,0x0064,0x0085,0x0064,0x0063,0x0043,0x0043,0x0042,0x0042,0x0042,
    0x0022,0x0022,0x0022,0x0022,0x0022,0x0042,0x0022,0x0022,0x0843,0x0842,0x0842,0x0042,0x0042,0x0042,0x0022,0x0022,
    0x0022,0x0022,0x0842,0x0842,0x0042,0x0842,0x0863,0x0863,0x1063,0x1063,0x0863,0x0863,0x0863,0x0842,0x0842,0x0842,
    0x0042,0x0842,0x0842,0x0842,0x0022,0x0021,0x0021,0x0021,0x0021,0x0021,0x0022,0x0022,0x0022,0x0022,0x0042,0x0022,
    0x0042,0x0863,0x0863,0x0863,0x0863,0x0863,0x0843,0x0842,0x0842,0x0842,0x0842,0x0842,0x0842,0x0862,0x0842,0x0022,
    0x0022,0x0022,0x0842,0x0842,0x0022,0x0842,0x0822,0x0021,0x0021,0x0021,0x0021,0x0022,0x0022,0x0842,0x0022,0x0022,
    0x1063,0x1063,0x1063,0x0863,0x0042,0x0022,0x1063,0x1063,0x1063,0x1063,0x0843,0x0842,0x0842,0x0842,0x0842,0x0842,
    0x1062,0x0842,0x1883,0x1883,0x1884,0x1084,0x1063,0x0863,0x0843,0x0042,0x0022,0x0842,0x0863,0x1083,0x0863,0x0042,
    0x0042,0x0042,0x0042,0x0842,0x0842,0x0842,0x0843,0x0863,0x0863,0x1063,0x0863,0x0863,0x0863,0x0842,0x0021,0x0021,
    0x0001,0x0001,0x0021,0x0021,0x0001,0x0021,0x0021,0x0021,0x0022,0x0042,0x0042,0x0042,0x0022,0x0022,0x0042,0x0842,
    0x0863,0x0842,0x0022,0x0042,0x0022,0x0021,0x0001,0x0021,0x0021,0x0001,0x0021,0x0863,0x0863,0x1084,0x1084,0x1084,
    0x0863,0x0863,0x0863,0x1083,0x18a4,0x1083,0x1084,0x1084,0x1084,0x1084,0x1084,0x1083,0x0863,0x0863,0x0863,0x0863,
    0x0863,0x0863,0x0843,0x0043,0x0843,0x0863,0x0863,0x0863,0x0863,0x0863,0x0863,0x0043,0x0043,0x0043,0x0863,0x0043,
    0x0843,0x0042,0x0042,0x0043,0x0042,0x0042,0x0042,0x0042,0x0022,0x0042,0x0022,0x0022,0x0022,0x0022,0x0042,0x0042,
    0x0042,0x0042,0x0022,0x0022,0x0022,0x0022,0x0022,0x0022,0x0022,0x0042,0x0042,0x0022,0x0022,0x0022,0x0021,0x0021,
    0x0021,0x0022,0x0042,0x0022,0x0022,0x0042,0x0042,0x0042,0x0022,0x0042,0x0042,0x0022,0x0022,0x0022,0x0022,0x0042,
    0x0042,0x0042,0x0042,0x0042,0x0022,0x0042,0x0042,0x0043,0x0043,0x0043,0x0863,0x0043,0x0063,0x0063,0x0042,0x0042,
    0x0042,0x0042,0x0042,0x0022,0x0022,0x0042,0x0022,0x0022,0x0022,0x0022,0x0022,0x0022,0x0022,0x0022,0x0022,0x0042,
    0x0042,0x0042,0x0042,0x0042,0x0042,0x0043,0x0042,0x0043,0x0043,0x0043,0x0043,0x0043,0x0042,0x0042,0x0042,0x0042,
    0x0042,0x0043,0x0043,0x0043,0x0063,0x0063,0x0884,0x0864,0x0864,0x0884,0x0064,0x0084,0x0063,0x0043,0x0043,0x0043,
    0x0063,0x0042,0x0043,0x0042,0x0022,0x0022,0x0022,0x0022,0x0022,0x0022,0x0042,0x0022,0x0022,0x0022,0x0042,0x0043,
    0x0043,0x0043,0x0063,0x0063,0x0063,0x0043,0x0043,0x0063,0x0063,0x0064,0x0084,0x0885,0x08a5,0x08c5,0x0084,0x0063,
    0x0063,0x0084,0x0084,0x0063,0x0063,0x0043,0x0043,0x0022,0x0042,0x0022,0x0042,0x0063,0x0063,0x0063,0x0063,0x0063,
    0x0063,0x0084,0x00a5,0x0084,0x0084,0x08a5,0x00a5,0x0084,0x08a5,0x08c6,0x00a5,0x00a6,0x0084,0x0064,0x0064,0x0043,
    0x0042,0x0043,0x0043,0x0043,0x0043,0x0043,0x0063,0x0043,0x0064,0x0063,0x0064,0x0063,0x0043,0x0043,0x0042,0x0042,
    0x0022,0x0022,0x0022,0x0022,0x0022,0x0042,0x0022,0x0022,0x0042,0x0042,0x0042,0x0042,0x0042,0x0042,0x0022,0x0022,
    0x0022,0x0022,0x0022,0x0042,0x0042,0x0843,0x0863,0x0863,0x0863,0x1063,0x0863,0x0042,0x0862,0x0863,0x0862,0x0842,
    0x0842,0x0022,0x0842,0x0042,0x0022,0x0022,0x0021,0x0021,0x0021,0x0021,0x0021,0x0021,0x0022,0x0022,0x0842,0x0842,
    0x0042,0x0022,0x0863,0x0863,0x0863,0x0863,0x0843,0x0842,0x0842,0x0042,0x0842,0x0842,0x0842,0x0842,0x0842,0x0842,
    0x0842,0x0022,0x0042,0x0842,0x0842,0x0842,0x0042,0x0022,0x0021,0x0021,0x0021,0x0021,0x0021,0x0021,0x0021,0x0021,
    0x0022,0x1063,0x1063,0x0863,0x0042,0x0022,0x0842,0x0842,0x0842,0x0863,0x1063,0x1063,0x0842,0x0842,0x0022,0x0022,
    0x0022,0x0842,0x0843,0x0842,0x1063,0x1084,0x20a4,0x1084,0x1063,0x0842,0x0042,0x0042,0x0863,0x1084,0x1083,0x0863,
    0x0842,0x0042,0x0842,0x0842,0x0842,0x0842,0x0842,0x0842,0x0863,0x1063,0x1063,0x0863,0x0842,0x0842,0x0842,0x0021,
    0x0021,0x0022,0x0022,0x0022,0x0021,0x0021,0x0022,0x0022,0x0022,0x0022,0x0042,0x0022,0x0022,0x0022,0x0022,0x0842,
    0x0842,0x0843,0x0842,0x0022,0x0021,0x0021,0x0021,0x0021,0x0021,0x0021,0x0021,0x0022,0x0042,0x0842,0x0863,0x0863,
    0x0842,0x0842,0x0843,0x0863,0x1063,0x0863,0x1063,0x1083,0x1084,0x0863,0x1084,0x1084,0x1084,0x1084,0x0863,0x0863,
    0x0863,0x0863,0x0863,0x0863,0x0863,0x0863,0x0863,0x0863,0x0863,0x0863,0x0863,0x0863,0x0843,0x0843,0x0863,0x0863,
    0x0043,0x0043,0x0043,0x0043,0x0043,0x0042,0x0042,0x0022,0x0042,0x0022,0x0022,0x0022,0x0022,0x0022,0x0042,0x0042,
    0x0042,0x0042,0x0022,0x0042,0x0022,0x0022,0x0022,0x0022,0x0022,0x0022,0x0042,0x0042,0x0022,0x0022,0x0022,0x0021,
    0x0021,0x0021,0x0022,0x0022,0x0022,0x0022,0x0042,0x0042,0x0042,0x0042,0x0022,0x0022,0x0022,0x0042,0x0042,0x0042,
    0x0042,0x0022,0x0042,0x0042,0x0043,0x0042,0x0042,0x0042,0x0043,0x0043,0x0043,0x0063,0x0063,0x0022,0x0043,0x0042,
    0x0043,0x0042,0x0042,0x0042,0x0022,0x0042,0x0022,0x0022,0x0022,0x0022,0x0022,0x0022,0x0022,0x0022,0x0022,0x0022,
    0x0042,0x0042,0x0042,0x0042,0x0042,0x0042,0x0042,0x0043,0x0043,0x0043,0x0043,0x0043,0x0043,0x0043,0x0042,0x0042,
    0x0042,0x0042,0x0043,0x0043,0x0043,0x0043,0x0043,0x0043,0x0064,0x0884,0x0064,0x0084,0x0084,0x0063,0x0043,0x0043,
    0x0063,0x0063,0x0042,0x0042,0x0022,0x0022,0x0022,0x0022,0x0042,0x0022,0x0022,0x0022,0x0022,0x0022,0x0022,0x0042,
    0x0043,0x0043,0x0043,0x0063,0x0063,0x0043,0x0063,0x0063,0x0064,0x0064,0x0084,0x0884,0x0084,0x0064,0x0084,0x0064,
    0x0064,0x0084,0x0063,0x0064,0x0063,0x0063,0x0063,0x0042,0x0042,0x0022,0x0022,0x0063,0x0063,0x0043,0x0063,0x0063,
    0x0063,0x0084,0x0084,0x0064,0x0085,0x00a5,0x00a5,0x00a5,0x08c6,0x0084,0x0063,0x00a5,0x0084,0x0063,0x0084,0x0064,
    0x0043,0x0043,0x0043,0x0043,0x0063,0x0063,0x0063,0x0063,0x0063,0x0043,0x0043,0x0043,0x0043,0x0043,0x0043,0x0043,
    0x0022,0x0022,0x0022,0x0022,0x0022,0x0042,0x0022,0x0022,0x0042,0x0042,0x0042,0x0042,0x0042,0x0042,0x0022,0x0022,
    0x0022,0x0022,0x0022,0x0022,0x0042,0x0842,0x0863,0x0863,0x0863,0x0863,0x0863,0x0042,0x0842,0x0862,0x0842,0x0842,
    0x0842,0x0842,0x0022,0x0022,0x0022,0x0022,0x0021,0x0021,0x0021,0x0021,0x0021,0x0021,0x0022,0x0042,0x0842,0x0843,
    0x0842,0x0022,0x0842,0x0863,0x0863,0x0863,0x0843,0x0042,0x0042,0x0842,0x0842,0x0842,0x0842,0x0842,0x0842,0x0842,
    0x0842,0x0842,0x0042,0x0842,0x0842,0x0842,0x0842,0x0042,0x0021,0x0021,0x0021,0x0021,0x0021,0x0021,0x0021,0x0021,
    0x0022,0x0842,0x1063,0x0842,0x0042,0x0022,0x0842,0x0842,0x0842,0x0842,0x1063,0x1063,0x1063,0x0842,0x0842,0x0022,
    0x0822,0x0842,0x0843,0x0842,0x0022,0x1063,0x18a4,0x1884,0x1083,0x0863,0x0843,0x0842,0x0843,0x0863,0x0863,0x1083,
    0x0863,0x0843,0x0842,0x0842,0x0842,0x0843,0x0843,0x0842,0x0842,0x0863,0x1063,0x0863,0x0863,0x0842,0x0022,0x0022,
    0x0022,0x0022,0x0022,0x0022,0x0021,0x0021,0x0021,0x0022,0x0021,0x0021,0x0022,0x0022,0x0022,0x0021,0x0021,0x0022,
    0x0042,0x0842,0x0022,0x0021,0x0022,0x0022,0x0021,0x0021,0x0021,0x0021,0x0021,0x0021,0x0022,0x0021,0x0022,0x0863,
    0x0863,0x0042,0x0022,0x0863,0x0863,0x1084,0x1084,0x0863,0x0863,0x0863,0x0863,0x1084,0x1084,0x1084,0x1083,0x0863,
    0x0863,0x0863,0x0863,0x0863,0x0863,0x0863,0x0863,0x0863,0x0863,0x0863,0x0863,0x0863,0x0863,0x0843,0x0863,0x0043,
    0x0043,0x0043,0x0043,0x0043,0x0043,0x0043,0x0042,0x0042,0x0042,0x0042,0x0022,0x0022,0x0042,0x0022,0x0022,0x0042,
    0x0042,0x0022,0x0022,0x0022,0x0022,0x0022,0x0022,0x0022,0x0022,0x0022,0x0042,0x0042,0x0022,0x0022,0x0022,0x0021,
    0x0001,0x0022,0x0022,0x0022,0x0022,0x0022,0x0022,0x0042,0x0042,0x0042,0x0022,0x0022,0x0022,0x0042,0x0042,0x0042,
    0x0042,0x0042,0x0022,0x0022,0x0022,0x0042,0x0042,0x0043,0x0043,0x0042,0x0042,0x0043,0x0043,0x0022,0x0043,0x0043,
    0x0042,0x0042,0x0042,0x0042,0x0042,0x0022,0x0022,0x0022,0x0022,0x0022,0x0022,0x0022,0x0022,0x0021,0x0022,0x0022,
    0x0022,0x0042,0x0042,0x0042,0x0042,0x0042,0x0042,0x0042,0x0042,0x0043,0x0043,0x0043,0x0043,0x0043,0x0043,0x0043,
    0x0042,0x0042,0x0043,0x0043,0x0043,0x0043,0x0063,0x0063,0x0043,0x0063,0x0064,0x0084,0x0064,0x0084,0x0064,0x0063,
    0x0063,0x0063,0x0043,0x0042,0x0042,0x0022,0x0042,0x0042,0x0042,0x0042,0x0022,0x0022,0x0022,0x0022,0x0022,0x0022,
    0x0043,0x0043,0x0043,0x0043,0x0043,0x0063,0x0063,0x0063,0x0064,0x0064,0x0064,0x0064,0x0084,0x0085,0x0064,0x0064,
    0x0084,0x0084,0x0063,0x0063,0x0084,0x0063,0x0063,0x0042,0x0042,0x0022,0x0022,0x0043,0x0042,0x0043,0x0063,0x0063,
    0x0063,0x0064,0x0063,0x0063,0x0064,0x0084,0x0084,0x00a5,0x08c6,0x0085,0x0064,0x0084,0x0084,0x0084,0x0084,0x0043,
    0x0043,0x0063,0x0043,0x0043,0x0043,0x0043,0x0043,0x0063,0x0063,0x0043,0x0042,0x0043,0x0043,0x0043,0x0043,0x0043,
};
